sample_id,t_delta,t_start,t_end,psnr,clip_edited,combined_quality_score,combined_score
000000000000,0.0,0.0,0.3,18.693532943725582,22.560562133789062,0.6459914900375094,0.5010479667773401
000000000000,0.0,0.1,0.3,18.70817375183105,22.63705062866211,0.6575295874543597,0.5028799791126174
000000000000,0.0,0.2,0.3,18.67802047729492,23.197078704833984,0.71599919190701,0.5133852717992744
000000000000,0.0,0.3,0.3,18.57942008972168,22.938779830932617,0.6677264525251441,0.5061577518779163
000000000000,0.0,0.4,0.3,18.51919174194336,24.154476165771484,0.7956408994624083,0.5290730949239192
000000000000,0.0,0.5,0.3,18.31696891784668,23.59105110168457,0.6927779757359959,0.5135799231087197
000000000000,0.0,0.6,0.3,18.10823440551757,25.287109375,0.8476202767464498,0.5429093375912468
000000000000,0.0,0.7,0.3,16.521188735961914,25.625431060791016,0.5858604319207588,0.5160376715005507
000000000000,0.0,0.8,0.3,16.067777633666992,24.432262420654297,0.363262069303191,0.4826949005134655
000000000000,0.0,0.9,0.3,16.092775344848633,23.969497680664062,0.314962622793372,0.47401584525786855
000000000000,0.0,1.0,0.3,16.901941299438477,21.262454986572266,0.1579618414133068,0.43728270969956845
000000000001,0.0,0.0,0.3,20.056381225585938,26.817249298095703,0.9653296565194348,0.6146065799046572
000000000001,0.0,0.1,0.3,20.053260803222656,27.0505313873291,0.9952158865625276,0.6191824862347082
000000000001,0.0,0.2,0.3,20.070348739624023,26.265520095825195,0.8953728581230852,0.6039237088726745
000000000001,0.0,0.3,0.3,20.096651077270508,26.181241989135746,0.8873515637281126,0.602803616273986
000000000001,0.0,0.4,0.3,20.070301055908203,26.68095016479492,0.9492018562210796,0.6121891591404375
000000000001,0.0,0.5,0.3,19.12078857421875,26.139175415039062,0.7743038992622012,0.5813038390951921
000000000001,0.0,0.6,0.3,19.866886138916016,24.567428588867188,0.6528892781047748,0.5658260586437805
000000000001,0.0,0.7,0.3,19.548778533935547,24.78036499023437,0.6454092014143149,0.563327640944136
000000000001,0.0,0.8,0.3,17.230487823486328,23.763198852539062,0.257988402700097,0.49400048698685267
000000000001,0.0,0.9,0.3,16.972484588623047,23.59465789794922,0.2077008658856466,0.4851838570856669
000000000001,0.0,1.0,0.3,15.561821937561035,23.192113876342773,0.0,0.44730472863407117
000000000002,0.0,0.0,0.3,18.59620475769043,21.81477737426757,0.5,0.48414711732871596
000000000002,0.0,0.1,0.3,18.471715927124023,25.09278106689453,0.7341950216259898,0.5467387675664199
000000000002,0.0,0.2,0.3,18.22036933898925,27.222097396850582,0.8715894916436957,0.5837871338603484
000000000002,0.0,0.3,0.3,17.502002716064453,28.306379318237305,0.890531689208395,0.5901522342245076
000000000002,0.0,0.4,0.3,16.782819747924805,26.151763916015625,0.6673720825796752,0.5320506586071388
000000000002,0.0,0.5,0.3,15.837580680847168,23.560935974121094,0.3920797586117167,0.46048261626620013
000000000002,0.0,0.6,0.3,15.019200325012209,27.06595039367676,0.5832713313610418,0.5128991357741007
000000000002,0.0,0.7,0.3,14.148238182067873,28.50584983825684,0.6156000242638511,0.5231094862388174
000000000002,0.0,0.8,0.3,14.418922424316406,28.089588165283203,0.6078872130987653,0.5205578913609286
000000000002,0.0,0.9,0.3,12.81060791015625,27.525287628173828,0.4267260805079972,0.4752750011688609
000000000002,0.0,1.0,0.3,14.084293365478516,25.504467010498047,0.3857911742580585,0.4620323372312303
000000000003,0.0,0.0,0.3,19.317703247070312,30.08480453491211,0.5369155996132797,0.6639856055828822
000000000003,0.0,0.1,0.3,19.15205955505371,30.44937324523925,0.5693494193462627,0.667732692088624
000000000003,0.0,0.2,0.3,18.66317176818848,29.79509162902832,0.4446007604010294,0.6443618205090726
000000000003,0.0,0.3,0.3,18.11932373046875,30.607097625732425,0.5020365880968716,0.6490042430191967
000000000003,0.0,0.4,0.3,17.265666961669922,30.856067657470703,0.4615075656677175,0.6358832342463459
000000000003,0.0,0.5,0.3,17.60074806213379,32.12299346923828,0.6513020276848931,0.6681881714503334
000000000003,0.0,0.6,0.3,15.827764511108398,30.391788482666016,0.2806451085335816,0.5961988952397415
000000000003,0.0,0.7,0.3,15.651638984680176,31.90774345397949,0.4589029028184221,0.622634969460192
000000000003,0.0,0.8,0.3,13.515100479125977,33.71908187866211,0.5088704036234234,0.613439365607806
000000000003,0.0,0.9,0.3,13.661635398864746,30.39683151245117,0.0979475385913516,0.5504340696875439
000000000003,0.0,1.0,0.3,13.410298347473145,33.214725494384766,0.4357342459853954,0.6011843412349328
000000000004,0.0,0.0,0.3,20.49954605102539,25.19122314453125,0.5,0.5916344831980959
000000000004,0.0,0.1,0.3,20.48545265197754,25.97464370727539,0.5349840650195491,0.6069250130705475
000000000004,0.0,0.2,0.3,20.20302391052246,29.40642166137696,0.6742515518060368,0.6692323622329337
000000000004,0.0,0.3,0.3,19.347976684570312,30.913162231445312,0.6890875411697432,0.6811097340008141
000000000004,0.0,0.4,0.3,18.06063842773437,31.15580940246582,0.6186494950368697,0.6586802263223179
000000000004,0.0,0.5,0.3,16.692758560180664,32.64921188354492,0.6003878212842353,0.6594335759186095
000000000004,0.0,0.6,0.3,15.649386405944824,35.148197174072266,0.6487338142588295,0.6870676347219029
000000000004,0.0,0.7,0.3,13.280354499816896,35.28569412231445,0.5049574359703904,0.6396422290979074
000000000004,0.0,0.8,0.3,12.920557022094728,36.109413146972656,0.5198873656032532,0.6484147728869611
000000000004,0.0,0.9,0.3,12.60661792755127,33.172245025634766,0.3654919853619916,0.5833220763443434
000000000004,0.0,1.0,0.3,12.662775039672852,32.3300895690918,0.3304827935149241,0.5677534551508678
000000000005,0.0,0.0,0.3,22.538951873779297,21.71798324584961,0.5715705361065655,0.5657039742669951
000000000005,0.0,0.1,0.3,22.53268051147461,21.600971221923828,0.5660306090585007,0.5632428150136742
000000000005,0.0,0.2,0.3,22.55770492553711,20.9024658203125,0.5363974026387517,0.5498734255960063
000000000005,0.0,0.3,0.3,22.404420852661133,20.709184646606445,0.5193808136653355,0.5427818030824642
000000000005,0.0,0.4,0.3,22.35081672668457,20.082618713378903,0.4886141591956129,0.5291790408337261
000000000005,0.0,0.5,0.3,22.03689193725586,20.307641983032227,0.4813276773429718,0.5270097004814844
000000000005,0.0,0.6,0.3,21.43757057189941,20.66256523132324,0.464101697036627,0.5213822538734318
000000000005,0.0,0.7,0.3,15.541937828063965,22.12519645690918,0.2045767391182336,0.42565358689957844
000000000005,0.0,0.8,0.3,13.472376823425291,29.764158248901367,0.4298153761320101,0.5338374608087462
000000000005,0.0,0.9,0.3,14.319343566894531,31.34505844116211,0.5466117862750807,0.5832285977406718
000000000005,0.0,1.0,0.3,14.16667652130127,24.633071899414062,0.2402289214134469,0.44643719391724024
000000000006,0.0,0.0,0.3,22.67807006835937,32.71839141845703,0.6191507442769253,0.7875419101389671
000000000006,0.0,0.1,0.3,22.600378036499023,33.22072219848633,0.6738744627629091,0.7958925338298537
000000000006,0.0,0.2,0.3,22.42159652709961,33.06105041503906,0.6349638971311019,0.7889298122619544
000000000006,0.0,0.3,0.3,21.825883865356445,32.213340759277344,0.4657593499295045,0.7594481133018531
000000000006,0.0,0.4,0.3,21.52912139892578,32.11064910888672,0.4215125447201626,0.7511211096550328
000000000006,0.0,0.5,0.3,21.061079025268555,32.7939567565918,0.4576352658993916,0.75480771403929
000000000006,0.0,0.6,0.3,19.87089729309082,32.343528747558594,0.2753475420408797,0.7206441810792363
000000000006,0.0,0.7,0.3,17.949565887451172,33.61317443847656,0.2312616382886792,0.7052264232726603
000000000006,0.0,0.8,0.3,18.83446884155273,34.06296920776367,0.3811893286284877,0.7329134452944623
000000000006,0.0,0.9,0.3,18.966188430786133,35.75803756713867,0.6074993808231866,0.7694318673969336
000000000006,0.0,1.0,0.3,19.69916534423828,31.76742172241211,0.18500559477681,0.7055442640615539
000000000007,0.0,0.0,0.3,20.898176193237305,26.307111740112305,0.6785070866729416,0.6222795717871861
000000000007,0.0,0.1,0.3,20.89023780822754,27.296594619750977,0.8622861883016377,0.6418007699247384
000000000007,0.0,0.2,0.3,20.88689613342285,27.10887718200684,0.8231237266449092,0.6379947073967485
000000000007,0.0,0.3,0.3,20.851470947265625,27.48037910461425,0.8633630416855016,0.6446369748362322
000000000007,0.0,0.4,0.3,20.880783081054688,27.475265502929688,0.8883606883171855,0.6451558706521276
000000000007,0.0,0.5,0.3,20.91568183898925,26.62297439575196,0.7549372865178574,0.628935444570637
000000000007,0.0,0.6,0.3,20.93560791015625,26.78579330444336,0.803999467394855,0.6325972168537608
000000000007,0.0,0.7,0.3,20.928993225097656,27.802160263061523,0.9941364046759976,0.6526813971862924
000000000007,0.0,0.8,0.3,20.785663604736328,26.921934127807617,0.6973351382364046,0.6321313330764935
000000000007,0.0,0.9,0.3,20.37156105041504,26.45970916748047,0.241116013759457,0.6141655994874126
000000000007,0.0,1.0,0.3,20.42527961730957,25.20939445495605,0.047618886593197,0.5904235638275726
000000000008,0.0,0.0,0.3,20.20113754272461,23.506441116333008,0.5643592008204116,0.5517913072040448
000000000008,0.0,0.1,0.3,20.201322555541992,25.00247001647949,0.7062911367213643,0.5815640445939054
000000000008,0.0,0.2,0.3,20.18291664123535,22.98794174194336,0.5124977095013402,0.5410881109528816
000000000008,0.0,0.3,0.3,20.01095199584961,22.98521041870117,0.4869490721380822,0.5373926173417901
000000000008,0.0,0.4,0.3,19.18459129333496,27.67254638671875,0.8100361838397532,0.6131666582098343
000000000008,0.0,0.5,0.3,18.996139526367188,26.55396842956543,0.676220091727826,0.5869183291095128
000000000008,0.0,0.6,0.3,19.378475189208984,26.255884170532227,0.7041727857914062,0.5890823788582853
000000000008,0.0,0.7,0.3,19.6347713470459,26.188108444213867,0.7354355360018052,0.5931605019424053
000000000008,0.0,0.8,0.3,19.66360664367676,22.8276481628418,0.420922125468575,0.5269027360193204
000000000008,0.0,0.9,0.3,18.860258102416992,25.402624130249023,0.5470271010196059,0.5611311106885093
000000000008,0.0,1.0,0.3,16.801408767700195,28.098892211914062,0.5,0.5711893068059387
000000000009,0.0,0.0,0.3,22.38468742370605,25.78179168701172,0.8891570977197116,0.6433015441127503
000000000009,0.0,0.1,0.3,21.99810791015625,26.26288795471192,0.9816763294038686,0.6446893112668481
000000000009,0.0,0.2,0.3,21.37748146057129,25.213972091674805,0.7105923973193706,0.6106763791894421
000000000009,0.0,0.3,0.3,20.53575897216797,25.652145385742188,0.771648782086729,0.6015729367859
000000000009,0.0,0.4,0.3,19.59798049926757,24.092716217041016,0.3679115215845731,0.5506862133154307
000000000009,0.0,0.5,0.3,18.624042510986328,24.965856552124023,0.5229158488202221,0.5474384844841568
000000000009,0.0,0.6,0.3,17.704986572265625,24.63380622863769,0.4028498323505974,0.5213712590059146
000000000009,0.0,0.7,0.3,16.363853454589844,25.40637588500977,0.5172781652132739,0.5083474040154565
000000000009,0.0,0.8,0.3,14.250237464904783,24.09442138671875,0.1148241107216211,0.4374881270040424
000000000009,0.0,0.9,0.3,12.439096450805664,25.43100929260254,0.3369221481490029,0.42573557164264175
000000000009,0.0,1.0,0.3,11.836050033569336,24.849279403686523,0.1743095197289491,0.40139120343997337
000000000010,0.0,0.0,0.3,20.655363082885746,36.40192031860352,0.90960848235838,0.8180104450250563
000000000010,0.0,0.1,0.3,20.600322723388672,37.37829208374024,0.9940250749324382,0.8362734233020186
000000000010,0.0,0.2,0.3,20.55987930297852,35.82213592529297,0.845567350971639,0.8044518168054668
000000000010,0.0,0.3,0.3,20.27329635620117,37.000526428222656,0.9235514506157596,0.8218320415768852
000000000010,0.0,0.4,0.3,19.796117782592773,35.987239837646484,0.7779421120871385,0.7915654166677093
000000000010,0.0,0.5,0.3,18.741491317749023,35.70719146728516,0.6375301782267369,0.7636624125646674
000000000010,0.0,0.6,0.3,18.425323486328125,33.40949249267578,0.3904898071007099,0.7112470400180575
000000000010,0.0,0.7,0.3,17.1928653717041,32.66032791137695,0.1873429898509599,0.6702439281521622
000000000010,0.0,0.8,0.3,17.957223892211914,35.34566116333008,0.5189236468360825,0.739862562340461
000000000010,0.0,0.9,0.3,17.746482849121094,36.57487487792969,0.6098459522032139,0.7598599567588649
000000000010,0.0,1.0,0.3,16.04941749572754,31.97749900817871,0.0,0.6324454852982038
000000000011,0.0,0.0,0.3,22.234771728515625,20.49164581298828,0.5,0.5348609778348323
000000000011,0.0,0.1,0.3,22.172319412231445,20.59516716003418,0.5035757705787902,0.5355985509447108
000000000011,0.0,0.2,0.3,22.05823516845703,20.905685424804688,0.5205200527518696,0.5393618206545333
000000000011,0.0,0.3,0.3,21.68852424621582,22.71250915527344,0.6440849041048997,0.5674868266043135
000000000011,0.0,0.4,0.3,21.522294998168945,24.04181289672852,0.7439732703377926,0.590418352009699
000000000011,0.0,0.5,0.3,21.160823822021484,24.4202938079834,0.7457427436659102,0.5902958601943602
000000000011,0.0,0.6,0.3,20.791757583618164,25.30832862854004,0.7905668267062425,0.6001519408278113
000000000011,0.0,0.7,0.3,19.34032821655273,26.20022964477539,0.7438292022301823,0.5871672177771929
000000000011,0.0,0.8,0.3,17.814908981323242,26.32185745239257,0.6247510248868235,0.5572885211854681
000000000011,0.0,0.9,0.3,16.345531463623047,24.209903717041016,0.3188784673717822,0.4841513853969708
000000000011,0.0,1.0,0.3,17.953580856323242,23.13755798339844,0.363438253688102,0.49686175889043915
000000000012,0.0,0.0,0.3,16.72939682006836,23.306861877441406,0.6185333638994124,0.47431004020051104
000000000012,0.0,0.1,0.3,16.69392204284668,22.793710708618164,0.5097384998027604,0.4633479355014146
000000000012,0.0,0.2,0.3,16.432634353637695,22.732887268066406,0.4763897997938058,0.45660518458984944
000000000012,0.0,0.3,0.3,15.954595565795898,25.15403938293457,0.9383573908337994,0.49466072834139585
000000000012,0.0,0.4,0.3,15.287818908691406,23.99502182006836,0.645956650394196,0.4574797559969315
000000000012,0.0,0.5,0.3,14.431568145751951,24.70165252685547,0.7237625852925732,0.45341061066043026
000000000012,0.0,0.6,0.3,13.47836208343506,23.75659370422364,0.4527590508004695,0.41442231140678
000000000012,0.0,0.7,0.3,13.076261520385742,24.2620906829834,0.5251600559161705,0.41596697803371185
000000000012,0.0,0.8,0.3,11.97737979888916,24.12071228027344,0.4085373329103912,0.38988625477333516
000000000012,0.0,0.9,0.3,10.444772720336914,23.68071937561035,0.1957398921206477,0.3486799211420682
000000000012,0.0,1.0,0.3,11.047895431518556,23.766019821166992,0.2613395571292539,0.36314767399969594
000000000013,0.0,0.0,0.3,22.146583557128903,19.85194206237793,0.5,0.52026451644545
000000000013,0.0,0.1,0.3,22.0838623046875,20.75438117980957,0.6086671728192418,0.5368937078833341
000000000013,0.0,0.2,0.3,21.882299423217773,22.00554656982422,0.750281766210422,0.5575222455354831
000000000013,0.0,0.3,0.3,21.560073852539062,22.07794570922852,0.7339671816791205,0.5521401458146316
000000000013,0.0,0.4,0.3,20.86649513244629,22.914934158325195,0.7846076455532134,0.5541093163081579
000000000013,0.0,0.5,0.3,20.81993103027344,23.376583099365234,0.8390544517892344,0.5623095264222009
000000000013,0.0,0.6,0.3,19.762819290161133,23.82334899902344,0.8118763444752839,0.5488164565497797
000000000013,0.0,0.7,0.3,18.813045501708984,23.35653686523437,0.6781497685590021,0.5194172517168408
000000000013,0.0,0.8,0.3,16.285030364990234,22.027313232421875,0.3112928064233227,0.4394399410628222
000000000013,0.0,0.9,0.3,15.810952186584473,22.61314392089844,0.3476352212917254,0.4410590934869393
000000000013,0.0,1.0,0.3,16.236099243164062,20.884639739990234,0.1635686699519603,0.41566632711288165
000000000014,0.0,0.0,0.3,22.795026779174805,19.850690841674805,0.7569648629920172,0.5339696230523134
000000000014,0.0,0.1,0.3,22.793275833129883,19.679208755493164,0.7290579614837115,0.5305203023973815
000000000014,0.0,0.2,0.3,22.74863052368164,19.401247024536133,0.6798019328615423,0.5240439537301984
000000000014,0.0,0.3,0.3,22.600805282592773,20.06025695800781,0.7721850241280673,0.534027280644771
000000000014,0.0,0.4,0.3,22.367944717407227,20.619361877441406,0.8402296916136984,0.5402221211488378
000000000014,0.0,0.5,0.3,22.24380683898925,19.339534759521484,0.6212694673811334,0.5121269351572542
000000000014,0.0,0.6,0.3,21.232017517089844,20.04338264465332,0.6378160358371189,0.5047090740582323
000000000014,0.0,0.7,0.3,19.668920516967773,19.54694175720215,0.4071864077183919,0.46173391952687354
000000000014,0.0,0.8,0.3,19.22047233581543,20.42577171325684,0.5062154365398998,0.4697260196047677
000000000014,0.0,0.9,0.3,17.878238677978516,21.35315704345703,0.5271412717484019,0.4597594708872326
000000000014,0.0,1.0,0.3,17.596023559570312,18.262109756469727,0.0,0.39227651760235227
000000000015,0.0,0.0,0.3,21.33286094665528,21.59490394592285,0.5654752204367656,0.5377173510083668
000000000015,0.0,0.1,0.3,21.267475128173828,20.92974090576172,0.4951932056232803,0.5230970987875223
000000000015,0.0,0.2,0.3,20.90213966369629,23.119373321533203,0.6838719415781962,0.5589320911563505
000000000015,0.0,0.3,0.3,20.217506408691406,22.508474349975582,0.5734078439869182,0.5322797972211945
000000000015,0.0,0.4,0.3,19.362966537475582,23.50883102416992,0.6090568749859523,0.5340916015721433
000000000015,0.0,0.5,0.3,18.59599876403809,26.00924301147461,0.7988014212440654,0.5676065793860153
000000000015,0.0,0.6,0.3,17.93484878540039,22.0911808013916,0.3645235817107565,0.4756437313199564
000000000015,0.0,0.7,0.3,17.30495834350586,23.210140228271484,0.4283622076162999,0.48457224064053195
000000000015,0.0,0.8,0.3,16.10638427734375,23.864330291748047,0.4046449401441232,0.4722113184722193
000000000015,0.0,0.9,0.3,15.00598430633545,23.609310150146484,0.2986469099392842,0.44383714121321877
000000000015,0.0,1.0,0.3,14.531465530395508,23.516176223754883,0.2545953583801267,0.4319365467810373
000000000016,0.0,0.0,0.3,18.44021224975586,21.97496032714844,0.6701640972279014,0.48403157389182605
000000000016,0.0,0.1,0.3,18.46628761291504,21.185436248779297,0.5257108461565169,0.46887329650732074
000000000016,0.0,0.2,0.3,18.435312271118164,21.72089195251465,0.6225593235532867,0.4788722280969505
000000000016,0.0,0.3,0.3,18.082706451416016,21.89175033569336,0.6245874188659872,0.4748060603126857
000000000016,0.0,0.4,0.3,17.670223236083984,23.231143951416016,0.8386202891622314,0.4927242285669875
000000000016,0.0,0.5,0.3,17.37583351135254,23.73887825012207,0.9081262749481664,0.4965940618881066
000000000016,0.0,0.6,0.3,16.259960174560547,21.760513305664062,0.4466394598615411,0.43360017578430626
000000000016,0.0,0.7,0.3,16.382003784179688,21.44806671142578,0.3988865649109819,0.4299670650797011
000000000016,0.0,0.8,0.3,15.086762428283691,21.047016143798828,0.21526580791097,0.3945615610967062
000000000016,0.0,0.9,0.3,14.461852073669434,23.26138687133789,0.5739237611163159,0.42539262462380634
000000000016,0.0,1.0,0.3,12.531761169433594,22.98884010314941,0.3606841440334548,0.3791019866989495
000000000017,0.0,0.0,0.3,18.81331825256348,19.971235275268555,0.6261940206417744,0.45206040203890896
000000000017,0.0,0.1,0.3,18.824636459350582,19.607643127441406,0.5966865517030285,0.44506509147459383
000000000017,0.0,0.2,0.3,18.82804107666016,18.45126724243164,0.5,0.4221269658830139
000000000017,0.0,0.3,0.3,18.649547576904297,21.391576766967773,0.7310430168262019,0.47685550483580963
000000000017,0.0,0.4,0.3,18.33257484436035,21.50874900817871,0.7132458848778835,0.472475547861564
000000000017,0.0,0.5,0.3,18.2297477722168,21.14754104614257,0.6739906148328565,0.4631107903807014
000000000017,0.0,0.6,0.3,17.975170135498047,21.076509475708008,0.64584688299088,0.4563069896684661
000000000017,0.0,0.7,0.3,15.591246604919434,20.82008934020996,0.4165824795243554,0.4007278893374649
000000000017,0.0,0.8,0.3,13.485858917236328,22.53522300720215,0.3769433081354109,0.390277530440903
000000000017,0.0,0.9,0.3,13.090805053710938,24.41299629211425,0.5,0.41927772406275565
000000000017,0.0,1.0,0.3,14.547658920288086,22.95161247253418,0.5044010272796602,0.4210454169539918
000000000018,0.0,0.0,0.3,19.980602264404297,22.713762283325195,0.4982953658917148,0.5313485714867382
000000000018,0.0,0.1,0.3,19.974504470825195,22.85252952575684,0.5105224956869324,0.5339807262725789
000000000018,0.0,0.2,0.3,20.00560760498047,22.96803474426269,0.5231662834929452,0.5369376851246952
000000000018,0.0,0.3,0.3,19.65230941772461,23.27080726623535,0.5266666953250241,0.5354817586208929
000000000018,0.0,0.4,0.3,19.727170944213867,22.93214988708496,0.500915631631364,0.5303280672816291
000000000018,0.0,0.5,0.3,19.36961555480957,23.664356231689453,0.5432507307875032,0.5373271140880411
000000000018,0.0,0.6,0.3,18.660261154174805,28.20174789428711,0.90828665418422,0.6125949467783981
000000000018,0.0,0.7,0.3,18.376094818115234,27.139747619628903,0.7921579688242908,0.5854457913547293
000000000018,0.0,0.8,0.3,18.057758331298828,22.744888305664062,0.37004938694226,0.4912540305127876
000000000018,0.0,0.9,0.3,15.692306518554688,25.657527923583984,0.4741597334516318,0.4991257703701345
000000000018,0.0,1.0,0.3,12.67108917236328,25.10881423950196,0.2182086585096717,0.4242365206480217
000000000019,0.0,0.0,0.3,16.884719848632812,25.23758316040039,0.8644582604727586,0.5160173904004026
000000000019,0.0,0.1,0.3,16.84770965576172,24.53734970092773,0.7855641061619832,0.5013001070472713
000000000019,0.0,0.2,0.3,16.624202728271484,26.036521911621094,0.9117513025895376,0.5263989844175583
000000000019,0.0,0.3,0.3,16.112743377685547,25.41627311706543,0.7743199325940509,0.503227391290474
000000000019,0.0,0.4,0.3,15.601624488830566,24.752975463867188,0.6324074453876867,0.47920639675867344
000000000019,0.0,0.5,0.3,15.27273178100586,23.964385986328125,0.5030280674079292,0.45655069528439335
000000000019,0.0,0.6,0.3,14.831377029418944,24.43564796447754,0.4903272112594671,0.4565829745616391
000000000019,0.0,0.7,0.3,14.05580234527588,26.525882720947266,0.6007943644882231,0.48175377540816744
000000000019,0.0,0.8,0.3,13.461158752441406,23.85716819763184,0.2361056933369541,0.4160593391299419
000000000019,0.0,0.9,0.3,13.408369064331056,22.62473487854004,0.0989921581801933,0.3904179334425672
000000000019,0.0,1.0,0.3,13.34153652191162,21.773473739624023,0.0,0.3720639645087329
000000000020,0.0,0.0,0.3,19.193622589111328,29.89110946655273,1.0,0.6575040942937113
000000000020,0.0,0.1,0.3,19.184383392333984,28.744972229003903,0.5814214156600312,0.6345019855047868
000000000020,0.0,0.2,0.3,18.95509910583496,29.66606903076172,0.8925125815585973,0.6479756663826133
000000000020,0.0,0.3,0.3,18.58506774902344,29.11362266540528,0.6516796697220577,0.629147811322472
000000000020,0.0,0.4,0.3,17.968290328979492,29.39067840576172,0.6866993074332183,0.6216013025507338
000000000020,0.0,0.5,0.3,17.585800170898438,29.04868698120117,0.5212132418218743,0.606697397526927
000000000020,0.0,0.6,0.3,17.234472274780273,29.762523651123047,0.7437452043816701,0.6134627739386517
000000000020,0.0,0.7,0.3,16.6019344329834,29.718101501464844,0.659950947831754,0.5991856103244246
000000000020,0.0,0.8,0.3,14.724701881408691,29.120859146118164,0.2416986315846481,0.5475532099076424
000000000020,0.0,0.9,0.3,14.515725135803224,28.60730361938477,0.0322498822083947,0.5329093638927997
000000000020,0.0,1.0,0.3,15.806836128234863,28.51878929138184,0.1380012073072053,0.558485776238445
000000000021,0.0,0.0,0.3,18.17369842529297,27.436697006225582,0.5372938382500927,0.587069156562793
000000000021,0.0,0.1,0.3,18.16639518737793,27.332931518554688,0.5222679135187431,0.5848497355752464
000000000021,0.0,0.2,0.3,18.19438362121582,27.38526725769043,0.5354006700708716,0.5864837627612942
000000000021,0.0,0.3,0.3,18.153627395629883,27.110252380371094,0.4906863296345404,0.5801483989022277
000000000021,0.0,0.4,0.3,18.00322914123535,27.58969116210937,0.5180317839365385,0.5865040381263557
000000000021,0.0,0.5,0.3,17.859350204467773,28.65447998046875,0.6222149057429105,0.604645338534175
000000000021,0.0,0.6,0.3,17.682252883911133,27.94036293029785,0.4898212680204509,0.5866856155501601
000000000021,0.0,0.7,0.3,16.93819808959961,28.832704544067383,0.4346534756169902,0.5886874642132374
000000000021,0.0,0.8,0.3,17.276166915893555,27.924949645996094,0.3950378874802998,0.5777805322048397
000000000021,0.0,0.9,0.3,16.364118576049805,29.02357482910156,0.3280333596431504,0.5803300657725514
000000000021,0.0,1.0,0.3,16.006404876708984,30.994569778442383,0.5,0.6119758692191797
000000000022,0.0,0.0,0.3,14.872546195983888,19.70474624633789,0.6350676579265174,0.3633165531130863
000000000022,0.0,0.1,0.3,14.84090518951416,22.7442684173584,0.8706274320007257,0.42312870545060266
000000000022,0.0,0.2,0.3,14.717524528503418,22.62748908996582,0.8475207044996654,0.4181925281956784
000000000022,0.0,0.3,0.3,14.4713134765625,23.73222541809082,0.9066574751589228,0.4349619672332775
000000000022,0.0,0.4,0.3,14.187785148620604,24.34332275390625,0.9227480297102434,0.4411185530834537
000000000022,0.0,0.5,0.3,14.081868171691896,21.002161026000977,0.6479385268984159,0.37239158350651913
000000000022,0.0,0.6,0.3,13.775236129760742,22.769012451171875,0.7523496571759675,0.40105681746831773
000000000022,0.0,0.7,0.3,13.103245735168455,22.785913467407227,0.6778680797774089,0.38716453623461766
000000000022,0.0,0.8,0.3,11.62032985687256,21.90326881408692,0.441130901773099,0.3382022217857249
000000000022,0.0,0.9,0.3,11.243632316589355,23.48760032653809,0.5232780735236531,0.36175201989360034
000000000022,0.0,1.0,0.3,10.44054889678955,17.987930297851562,0.0,0.23531218502690698
000000000023,0.0,0.0,0.3,19.88605499267578,27.42342567443848,0.5,0.6230621637466596
000000000023,0.0,0.1,0.3,19.878782272338867,27.48339462280273,0.5170481126742699,0.6241014683369109
000000000023,0.0,0.2,0.3,19.842628479003903,27.82309341430664,0.614750234678132,0.6300954719030409
000000000023,0.0,0.3,0.3,19.74054908752441,27.93097877502441,0.6254480215736904,0.6300808270167628
000000000023,0.0,0.4,0.3,19.610042572021484,27.82511138916016,0.5631826371712748,0.6252109002938527
000000000023,0.0,0.5,0.3,19.46409797668457,28.3420524597168,0.6914565472353462,0.6324070819060463
000000000023,0.0,0.6,0.3,19.271371841430664,27.92026901245117,0.5168206738528844,0.6199334551660713
000000000023,0.0,0.7,0.3,18.96392250061035,28.291393280029297,0.5634284938856601,0.6208084240264237
000000000023,0.0,0.8,0.3,18.362680435180664,29.0285701751709,0.6581291006341857,0.6227466058141058
000000000023,0.0,0.9,0.3,18.249135971069336,28.293132781982425,0.4035602141166584,0.6057082938955778
000000000023,0.0,1.0,0.3,17.658058166503906,28.803560256958008,0.429909762606974,0.6033497048519086
000000000024,0.0,0.0,0.3,18.97899627685547,24.21420669555664,0.6609558976802357,0.5399974535552043
000000000024,0.0,0.1,0.3,18.96681022644043,24.387805938720703,0.6778958387637194,0.5431938034729609
000000000024,0.0,0.2,0.3,18.95581245422364,23.58153533935547,0.5929568492359241,0.526917315462919
000000000024,0.0,0.3,0.3,18.933155059814453,24.21586227416992,0.6568811449605851,0.5390597646352175
000000000024,0.0,0.4,0.3,18.94271850585937,22.66780662536621,0.4966389566133826,0.508458181768856
000000000024,0.0,0.5,0.3,18.95551490783692,23.71434783935547,0.6067529723019807,0.5295537926998222
000000000024,0.0,0.6,0.3,18.6240177154541,26.08295440673828,0.8225752465480413,0.5696665975086597
000000000024,0.0,0.7,0.3,18.44926071166992,25.987592697143555,0.7964588013897664,0.5640687678251219
000000000024,0.0,0.8,0.3,17.535673141479492,26.897573471069336,0.8065319022827162,0.5628319580587812
000000000024,0.0,0.9,0.3,15.965362548828123,26.630884170532227,0.6332884554312983,0.5242757899997499
000000000024,0.0,1.0,0.3,13.582194328308104,27.47160720825196,0.5,0.4905442510758917
000000000025,0.0,0.0,0.3,18.78144836425781,27.255815505981445,0.736547015068379,0.5963382481291268
000000000025,0.0,0.1,0.3,18.715606689453125,28.95528030395508,0.8304903095102596,0.6287610312473858
000000000025,0.0,0.2,0.3,18.58967399597168,28.513896942138672,0.7977336625462164,0.61731166511159
000000000025,0.0,0.3,0.3,18.15973281860352,27.788997650146484,0.730898952404548,0.593783726961858
000000000025,0.0,0.4,0.3,17.878915786743164,30.194557189941406,0.8529107868389315,0.6357049340365621
000000000025,0.0,0.5,0.3,17.373254776000977,29.390457153320312,0.7770942049118523,0.6089977389058341
000000000025,0.0,0.6,0.3,16.54183578491211,31.83426284790039,0.869133721770653,0.6400216561460099
000000000025,0.0,0.7,0.3,14.64128875732422,24.576696395874023,0.340465070954109,0.455364744978478
000000000025,0.0,0.8,0.3,12.545384407043455,29.962448120117188,0.5279029193287432,0.5181551958545632
000000000025,0.0,0.9,0.3,10.362237930297852,30.314626693725582,0.4206011565887172,0.47893754535475946
000000000025,0.0,1.0,0.3,10.224574089050291,23.14495658874512,0.0,0.33335657273075375
000000000026,0.0,0.0,0.3,20.00330924987793,16.110288619995117,0.5,0.4004297514705652
000000000026,0.0,0.1,0.3,19.97360038757324,16.669950485229492,0.5143528068078697,0.4109371669807725
000000000026,0.0,0.2,0.3,19.80740737915039,20.81593513488769,0.6248944803283755,0.48991735214072496
000000000026,0.0,0.3,0.3,19.346553802490234,25.32553672790528,0.723220190298368,0.5698939080777434
000000000026,0.0,0.4,0.3,18.70508003234864,28.762754440307617,0.7754610107673561,0.6247071546258389
000000000026,0.0,0.5,0.3,17.709924697875977,29.56617546081543,0.721551196887043,0.6196228601239689
000000000026,0.0,0.6,0.3,16.552413940429688,30.6908016204834,0.6645117634442451,0.6174924046660886
000000000026,0.0,0.7,0.3,15.090120315551758,31.465959548950195,0.5732158588933011,0.6019546247745899
000000000026,0.0,0.8,0.3,14.379735946655272,32.88983154296875,0.5600717941479322,0.615246092991506
000000000026,0.0,0.9,0.3,14.096796035766602,31.37551498413086,0.4928137110275358,0.5791224631852436
000000000026,0.0,1.0,0.3,13.611842155456545,30.703275680541992,0.4348445940254712,0.5554775552287503
000000000027,0.0,0.0,0.3,19.102075576782227,19.848285675048828,0.4980723888117746,0.4557279706092968
000000000027,0.0,0.1,0.3,19.09766387939453,20.253536224365234,0.5433600427264743,0.46369846036784745
000000000027,0.0,0.2,0.3,19.11135673522949,22.400440216064453,0.7909793749418289,0.5067086867471737
000000000027,0.0,0.3,0.3,19.099409103393555,23.701719284057617,0.9368609874998854,0.5323492888942866
000000000027,0.0,0.4,0.3,19.097431182861328,22.08258819580078,0.751847831353468,0.5000890326382745
000000000027,0.0,0.5,0.3,19.08571052551269,21.235475540161133,0.6528315112211384,0.48298454032268495
000000000027,0.0,0.6,0.3,18.71231460571289,21.061697006225582,0.5554675638819946,0.471620389038961
000000000027,0.0,0.7,0.3,18.20179557800293,21.00114250183105,0.4425334460521656,0.4596058162068638
000000000027,0.0,0.8,0.3,17.863677978515625,21.77873420715332,0.4609652721687672,0.46791953809665787
000000000027,0.0,0.9,0.3,17.006486892700195,24.233741760253903,0.5628379063591363,0.498620663124095
000000000027,0.0,1.0,0.3,16.70393180847168,20.2517032623291,0.0459949409414059,0.4129775940098277
000000000028,0.0,0.0,0.3,21.78769302368164,23.70208740234375,0.5261382031703643,0.5892777875579035
000000000028,0.0,0.1,0.3,21.780845642089844,23.89558792114257,0.5485711551986456,0.5929831840726905
000000000028,0.0,0.2,0.3,21.69953727722168,23.48194694519043,0.4930197836478778,0.5830307178533545
000000000028,0.0,0.3,0.3,21.588586807250977,23.832740783691406,0.5258858987509996,0.5876617673455742
000000000028,0.0,0.4,0.3,21.33023452758789,24.29181861877441,0.5599376791522948,0.5913264566217756
000000000028,0.0,0.5,0.3,21.349184036254883,24.58731269836425,0.5965233667484355,0.5976075961422753
000000000028,0.0,0.6,0.3,21.36716651916504,24.34049224853516,0.5686411977799302,0.5930769821683181
000000000028,0.0,0.7,0.3,21.06534194946289,24.35191345214844,0.5460986640989032,0.5869134759888467
000000000028,0.0,0.8,0.3,19.363147735595703,25.089847564697266,0.4989360934975153,0.5655553898026235
000000000028,0.0,0.9,0.3,16.866384506225586,27.511648178100582,0.5887917065034791,0.5608797794959155
000000000028,0.0,1.0,0.3,15.473007202148438,27.69303321838379,0.5,0.534985994580514
000000000029,0.0,0.0,0.3,20.688814163208008,26.723283767700195,0.6839020461823152,0.6261278068245565
000000000029,0.0,0.1,0.3,20.680479049682617,25.81991195678711,0.5368139105202112,0.607975523176886
000000000029,0.0,0.2,0.3,20.596559524536133,25.58560943603516,0.4882624903962962,0.6015363456915419
000000000029,0.0,0.3,0.3,20.022817611694336,26.41780471801757,0.5497877717022164,0.6059475390996383
000000000029,0.0,0.4,0.3,19.4598445892334,27.041547775268555,0.5789874226179758,0.6064388518086541
000000000029,0.0,0.5,0.3,19.46452713012696,26.69635391235352,0.5237835050694396,0.5996691383781106
000000000029,0.0,0.6,0.3,19.008752822875977,27.86584854125977,0.6548412905209515,0.6132899248256558
000000000029,0.0,0.7,0.3,18.61734771728516,28.67876243591309,0.7364484035404728,0.6211782086484441
000000000029,0.0,0.8,0.3,17.678319931030273,25.89339637756348,0.1667293325270706,0.5458706544265773
000000000029,0.0,0.9,0.3,17.217016220092773,27.58321762084961,0.3811930356045233,0.5697281124669064
000000000029,0.0,1.0,0.3,16.758907318115234,27.581729888916016,0.3226675907980679,0.5599986045943526
000000000030,0.0,0.0,0.3,17.415319442749023,19.370906829833984,0.5177282841172978,0.4105137900603054
000000000030,0.0,0.1,0.3,17.402904510498047,19.022836685180664,0.4976840205602329,0.4033248243688745
000000000030,0.0,0.2,0.3,17.272130966186523,19.29549789428711,0.4871759664081446,0.40598141737249394
000000000030,0.0,0.3,0.3,16.86440086364746,20.085092544555664,0.4513312618753976,0.4130600196803286
000000000030,0.0,0.4,0.3,16.661521911621094,21.15483283996582,0.4679697878573997,0.4300505930982146
000000000030,0.0,0.5,0.3,15.95058536529541,28.83963966369629,0.7267569456255422,0.5679139533683932
000000000030,0.0,0.6,0.3,15.686410903930664,26.80930519104004,0.5740645710038139,0.521919646229646
000000000030,0.0,0.7,0.3,15.26451015472412,25.393617630004883,0.4232545494891151,0.4848162630410943
000000000030,0.0,0.8,0.3,15.2085542678833,22.45039367675781,0.2629086391222899,0.4250655478176514
000000000030,0.0,0.9,0.3,14.735042572021484,25.71814727783203,0.3410127822318661,0.48006309726830065
000000000030,0.0,1.0,0.3,15.475245475769045,19.58423042297364,0.1666768027920071,0.3736798930638698
000000000031,0.0,0.0,0.3,22.40873146057129,21.31702995300293,0.503466822574023,0.5549683209609031
000000000031,0.0,0.1,0.3,22.41656494140625,21.29329299926757,0.5021588532860362,0.5546618542967862
000000000031,0.0,0.2,0.3,22.398176193237305,21.59542655944824,0.523060864376657,0.560284517306422
000000000031,0.0,0.3,0.3,22.298383712768555,21.870359420776367,0.5377364149171813,0.5636422996230894
000000000031,0.0,0.4,0.3,22.215574264526367,21.4692497253418,0.5043785016006943,0.5539074042015603
000000000031,0.0,0.5,0.3,22.283994674682617,21.830137252807617,0.5340730733909578,0.5625372658756037
000000000031,0.0,0.6,0.3,22.0427188873291,21.26346015930176,0.4804447884512679,0.5461524839069539
000000000031,0.0,0.7,0.3,21.514039993286133,22.537342071533203,0.54497500780103,0.5603067601119425
000000000031,0.0,0.8,0.3,19.878921508789062,21.335134506225582,0.3724471712502726,0.5017628972305053
000000000031,0.0,0.9,0.3,15.689723014831545,26.1990909576416,0.5052979474864214,0.5098473920048044
000000000031,0.0,1.0,0.3,12.857832908630373,28.17287826538086,0.5,0.48916105439864865
000000000032,0.0,0.0,0.3,19.32196998596192,16.624147415161133,0.4976926417061368,0.3962282630849973
000000000032,0.0,0.1,0.3,19.31252861022949,16.912996292114258,0.5237395458580337,0.40177602986915095
000000000032,0.0,0.2,0.3,19.343963623046875,16.732654571533203,0.5101567005229302,0.3988530879549643
000000000032,0.0,0.3,0.3,19.187366485595703,17.02703857421875,0.521283564462123,0.40139514978042057
000000000032,0.0,0.4,0.3,19.01254653930664,17.161563873291016,0.5155352595287234,0.4003704076674286
000000000032,0.0,0.5,0.3,18.72368621826172,17.480972290039062,0.5151287423166988,0.4006099056979479
000000000032,0.0,0.6,0.3,17.62659454345703,19.042856216430664,0.546231098973687,0.40845955118651184
000000000032,0.0,0.7,0.3,16.606117248535156,17.067720413208008,0.2542920046960674,0.3475498166116764
000000000032,0.0,0.8,0.3,15.111812591552734,21.965801239013672,0.5560039139648103,0.4133744679409077
000000000032,0.0,0.9,0.3,14.577985763549805,21.22429656982422,0.4305922197842221,0.38731645319727975
000000000032,0.0,1.0,0.3,14.738533973693848,20.880651473999023,0.4152688300831307,0.38387782578751395
000000000033,0.0,0.0,0.3,20.6892032623291,33.062442779541016,0.5122812855731165,0.7522761778112022
000000000033,0.0,0.1,0.3,20.657344818115234,33.016265869140625,0.4923291780560209,0.7506827596369107
000000000033,0.0,0.2,0.3,20.633922576904297,33.83794403076172,0.7052244599303104,0.7665370336188979
000000000033,0.0,0.3,0.3,20.33987617492676,33.43723678588867,0.5278517228287022,0.7523374583495982
000000000033,0.0,0.4,0.3,20.20618057250977,33.447608947753906,0.4984193202576573,0.749713006100595
000000000033,0.0,0.5,0.3,19.836782455444336,34.62501907348633,0.7226221668969117,0.7653202113084122
000000000033,0.0,0.6,0.3,19.697893142700195,34.64695739746094,0.695015386728753,0.762815938463717
000000000033,0.0,0.7,0.3,19.28169822692871,34.26216125488281,0.4924636809214122,0.7463466235723777
000000000033,0.0,0.8,0.3,18.884689331054688,34.63970947265625,0.4972858880469918,0.7454531040947661
000000000033,0.0,0.9,0.3,18.61260414123535,34.896236419677734,0.5,0.7447965446593716
000000000033,0.0,1.0,0.3,19.59678840637207,33.47365951538086,0.358619363254388,0.7373282298391237
000000000034,0.0,0.0,0.3,17.112455368041992,32.707427978515625,0.5538110536853378,0.6694785666731902
000000000034,0.0,0.1,0.3,17.074867248535156,32.266563415527344,0.4947528456366904,0.6599101138185975
000000000034,0.0,0.2,0.3,16.940763473510742,33.35315704345703,0.6086599454612858,0.6786922757998475
000000000034,0.0,0.3,0.3,16.692270278930664,33.07815170288086,0.5404046619631091,0.6679585216347768
000000000034,0.0,0.4,0.3,16.54107666015625,33.06093978881836,0.5171977724794913,0.6644146865939964
000000000034,0.0,0.5,0.3,15.931302070617676,33.15130615234375,0.4431055654412732,0.6533016046641348
000000000034,0.0,0.6,0.3,15.25440788269043,32.4720458984375,0.2657046275346713,0.6254528851127137
000000000034,0.0,0.7,0.3,14.214356422424316,33.43638610839844,0.2382229667857825,0.6226200292835745
000000000034,0.0,0.8,0.3,13.628450393676758,34.32305908203125,0.2646583220127483,0.6278576897750249
000000000034,0.0,0.9,0.3,13.53069305419922,35.28097915649414,0.3679336033896727,0.6448490253955057
000000000034,0.0,1.0,0.3,13.706938743591309,36.36297607421875,0.5246032084137653,0.6701109955201152
000000000035,0.0,0.0,0.3,19.16877555847168,23.33924102783203,0.692817596905999,0.5266052448994278
000000000035,0.0,0.1,0.3,19.162904739379883,24.015056610107425,0.7285578780577793,0.5399286938993886
000000000035,0.0,0.2,0.3,19.089025497436523,22.39995765686035,0.6354179576876584,0.5062262474546615
000000000035,0.0,0.3,0.3,18.750732421875,21.56638526916504,0.5609674192292541,0.482476409406755
000000000035,0.0,0.4,0.3,18.10848426818848,21.847637176513672,0.5196119722724702,0.4744740862110376
000000000035,0.0,0.5,0.3,17.515094757080078,21.584083557128903,0.4533226799734678,0.4566654407685647
000000000035,0.0,0.6,0.3,16.427358627319336,19.74512481689453,0.2590701225006089,0.39704130876740273
000000000035,0.0,0.7,0.3,15.227431297302246,27.685535430908203,0.5796024556427726,0.5296370254524776
000000000035,0.0,0.8,0.3,15.772300720214844,29.065114974975582,0.7015002506871477,0.5686256246544681
000000000035,0.0,0.9,0.3,14.654000282287598,28.415416717529297,0.5683631393894022,0.5320189006311681
000000000035,0.0,1.0,0.3,13.479533195495604,27.19156074523925,0.3994873278856506,0.48279800407155127
000000000036,0.0,0.0,0.3,21.016752243041992,15.177124977111816,0.5500951090457872,0.4033195738345866
000000000036,0.0,0.1,0.3,20.972627639770508,15.294419288635254,0.56316083065584,0.4047192763415718
000000000036,0.0,0.2,0.3,20.8135986328125,16.389446258544922,0.7158693713050923,0.42314148791868056
000000000036,0.0,0.3,0.3,20.408315658569336,15.488725662231444,0.5251174129281861,0.3966370668445913
000000000036,0.0,0.4,0.3,19.922718048095703,16.597780227661133,0.6403483775273446,0.4084237105777251
000000000036,0.0,0.5,0.3,19.977754592895508,17.939659118652344,0.8578492339065722,0.4362904999647763
000000000036,0.0,0.6,0.3,19.576292037963867,15.023567199707031,0.3509403649382835,0.369763985647019
000000000036,0.0,0.7,0.3,17.87898826599121,16.7710018157959,0.4192283985465592,0.3685970544328154
000000000036,0.0,0.8,0.3,18.466123580932617,17.0535945892334,0.5349674254357399,0.3866521265436681
000000000036,0.0,0.9,0.3,18.26944160461425,18.04088020324707,0.6661742497633706,0.40213318407976845
000000000036,0.0,1.0,0.3,16.901865005493164,14.858257293701172,0.0,0.30984678592650966
000000000037,0.0,0.0,0.3,18.8903865814209,23.97713661193848,0.8402418763346413,0.533403896849756
000000000037,0.0,0.1,0.3,18.898712158203125,23.790189743041992,0.6889234995979927,0.5298602075294679
000000000037,0.0,0.2,0.3,18.911767959594727,23.86870765686035,0.7552285219298778,0.5316990417703917
000000000037,0.0,0.3,0.3,18.71430397033692,24.168371200561523,0.9671804782048556,0.5334808524986636
000000000037,0.0,0.4,0.3,18.3884391784668,23.88980293273925,0.6854796748117725,0.5210379508451585
000000000037,0.0,0.5,0.3,18.010433197021484,23.611204147338867,0.3950878124677592,0.5074904150570999
000000000037,0.0,0.6,0.3,17.446731567382812,23.556241989135746,0.2565034820495653,0.4944610443272129
000000000037,0.0,0.7,0.3,17.295291900634766,24.095947265625,0.6721760457159893,0.5019938493262128
000000000037,0.0,0.8,0.3,17.11057472229004,24.14042282104492,0.6778036769304472,0.4989676850719023
000000000037,0.0,0.9,0.3,16.088220596313477,23.99135398864746,0.3861206546057649,0.4743543129875466
000000000037,0.0,1.0,0.3,15.903436660766602,23.60245513916016,0.0377478718233148,0.4627032088819561
000000000038,0.0,0.0,0.3,19.404420852661133,27.93246841430664,0.6102122234123323,0.6229933582275393
000000000038,0.0,0.1,0.3,19.412256240844727,27.930694580078125,0.6112595625630555,0.6231239663878275
000000000038,0.0,0.2,0.3,19.40846443176269,27.984413146972656,0.6209869855972562,0.6241126014936265
000000000038,0.0,0.3,0.3,19.37555313110352,27.9504508972168,0.6085698316575797,0.6227399445030548
000000000038,0.0,0.4,0.3,19.345354080200195,28.072797775268555,0.6268971457713395,0.6245350426016736
000000000038,0.0,0.5,0.3,19.311368942260746,28.286540985107425,0.6622476995248003,0.6280686302071171
000000000038,0.0,0.6,0.3,19.29622840881348,27.35603713989257,0.479405204763021,0.6092323615937865
000000000038,0.0,0.7,0.3,19.142240524291992,27.716821670532227,0.5219241257215151,0.6131509460579944
000000000038,0.0,0.8,0.3,19.057172775268555,27.52945709228516,0.4705490063453112,0.6076214537533053
000000000038,0.0,0.9,0.3,18.61945533752441,28.671688079833984,0.6140023189328585,0.6210820654733086
000000000038,0.0,1.0,0.3,16.595335006713867,29.93854522705078,0.5,0.6034323879957353
000000000039,0.0,0.0,0.3,17.35362434387207,24.67313766479492,0.9001475711001572,0.5147142259986717
000000000039,0.0,0.1,0.3,17.32016944885254,25.094139099121094,0.9508928231279916,0.5223831809548223
000000000039,0.0,0.2,0.3,17.25005531311035,25.432003021240234,0.9856026675632076,0.5276216039224481
000000000039,0.0,0.3,0.3,16.97787857055664,24.7541732788086,0.8585771851215807,0.5083707538619328
000000000039,0.0,0.4,0.3,16.41282081604004,24.429292678833008,0.7372792219937441,0.48994168066872223
000000000039,0.0,0.5,0.3,14.77242374420166,24.380245208740234,0.5027907080890766,0.4542322747365505
000000000039,0.0,0.6,0.3,14.223532676696776,21.632068634033203,0.0648798684460319,0.3879254127161807
000000000039,0.0,0.7,0.3,14.185761451721191,24.01933479309082,0.373748609033848,0.4346288100491632
000000000039,0.0,0.8,0.3,13.756811141967772,21.73002052307129,0.0128886289942075,0.37999224792688924
000000000039,0.0,0.9,0.3,13.854696273803713,23.29945945739746,0.2330045202095399,0.41329442157231494
000000000039,0.0,1.0,0.3,13.93002986907959,24.962326049804688,0.462278803627041,0.447978169403177
000000000040,0.0,0.0,0.3,19.61764907836914,27.098264694213867,0.6460921079552853,0.6109087567528406
000000000040,0.0,0.1,0.3,19.470365524291992,27.29085731506348,0.6437758518318641,0.6116225206267817
000000000040,0.0,0.2,0.3,19.47260856628418,25.9359130859375,0.5339395261819582,0.5847085760824292
000000000040,0.0,0.3,0.3,19.145782470703125,25.300546646118164,0.4424362438016826,0.5651455503537748
000000000040,0.0,0.4,0.3,18.549457550048828,29.378097534179688,0.7010530426991302,0.63365647714798
000000000040,0.0,0.5,0.3,19.347307205200195,26.53236389160156,0.5671245717829798,0.5939239825012355
000000000040,0.0,0.6,0.3,18.51732635498047,28.079116821289062,0.5915712416199833,0.6071282928951741
000000000040,0.0,0.7,0.3,16.358516693115234,28.194881439208984,0.3376222726443076,0.5637216479883298
000000000040,0.0,0.8,0.3,17.1938533782959,27.47627258300781,0.3811283514674322,0.5671096150040154
000000000040,0.0,0.9,0.3,15.51900577545166,26.777082443237305,0.1199911339272982,0.517733858032498
000000000040,0.0,1.0,0.3,16.4074764251709,31.45323371887207,0.6083859443302629,0.6295948277906225
000000000041,0.0,0.0,0.3,19.26046371459961,26.69417190551757,0.9200428514210606,0.5953049225813795
000000000041,0.0,0.1,0.3,19.24698257446289,26.20021629333496,0.7107098651747066,0.5851904705779365
000000000041,0.0,0.2,0.3,19.132999420166016,25.93046188354492,0.5881057414789133,0.57740929044007
000000000041,0.0,0.3,0.3,18.79073905944824,26.883792877197266,0.9634992822014108,0.5891322530228638
000000000041,0.0,0.4,0.3,18.728899002075195,25.69802665710449,0.4586939000310952,0.5642278247111221
000000000041,0.0,0.5,0.3,18.505046844482425,26.262771606445312,0.6794341345182255,0.5707256358644693
000000000041,0.0,0.6,0.3,18.151439666748047,26.791000366210938,0.8746938254940045,0.5737494212042449
000000000041,0.0,0.7,0.3,16.921512603759766,25.766551971435547,0.3471429535881105,0.5273221499874419
000000000041,0.0,0.8,0.3,15.880086898803713,25.9208984375,0.3313002850393329,0.5083424875382156
000000000041,0.0,0.9,0.3,14.843271255493164,26.278051376342773,0.4013329049439542,0.4934959942406499
000000000041,0.0,1.0,0.3,12.826005935668944,25.96497917175293,0.1125654071287146,0.44455314527379874
000000000042,0.0,0.0,0.3,23.89854431152344,25.726900100708008,0.5,0.674263376591702
000000000042,0.0,0.1,0.3,23.817392349243164,29.928516387939453,0.9203919669860462,0.756151192907199
000000000042,0.0,0.2,0.3,23.39769554138184,29.23404312133789,0.8215654376026422,0.7334456010153632
000000000042,0.0,0.3,0.3,22.80101776123047,29.13965034484864,0.77157542776749,0.7189333875212357
000000000042,0.0,0.4,0.3,21.84596061706543,30.1444091796875,0.8087205568493311,0.7187044563582017
000000000042,0.0,0.5,0.3,21.46617889404297,30.298852920532227,0.7986470974653415,0.7137362438220114
000000000042,0.0,0.6,0.3,21.11459732055664,29.96176719665528,0.7406610221343322,0.699584407220325
000000000042,0.0,0.7,0.3,20.995019912719727,29.12873077392578,0.6481209213337107,0.6804762748970041
000000000042,0.0,0.8,0.3,20.069053649902344,29.50357818603516,0.6233869276540266,0.6683289782272597
000000000042,0.0,0.9,0.3,17.695220947265625,29.619043350219727,0.4742751142629174,0.6203635207561072
000000000042,0.0,1.0,0.3,16.517946243286133,30.659652709960938,0.5,0.6161427742527424
000000000043,0.0,0.0,0.3,22.375911712646484,24.11135482788086,0.9126624469079524,0.6098764419006862
000000000043,0.0,0.1,0.3,22.379507064819336,24.189796447753903,0.929766662729038,0.6115134443860853
000000000043,0.0,0.2,0.3,22.373340606689453,23.824472427368164,0.8508007814711145,0.6041134553355867
000000000043,0.0,0.3,0.3,22.129350662231445,24.21674537658692,0.9191707147191428,0.6067529287675006
000000000043,0.0,0.4,0.3,21.65851402282715,24.12226867675781,0.8680027114851779,0.594903579883834
000000000043,0.0,0.5,0.3,21.010177612304688,24.51639175415039,0.9102761341913088,0.5890183188678073
000000000043,0.0,0.6,0.3,19.78061866760254,23.916200637817383,0.7006412908444282,0.5510409507774938
000000000043,0.0,0.7,0.3,19.26254844665528,22.959856033325195,0.4610362592407533,0.5210415579886771
000000000043,0.0,0.8,0.3,18.080177307128903,22.19131851196289,0.2182909594634585,0.48071348388546
000000000043,0.0,0.9,0.3,15.884370803833008,22.81532859802246,0.2086045481270076,0.4466368280772619
000000000043,0.0,1.0,0.3,14.748708724975586,23.03328895568848,0.1810632087730359,0.426927648732185
000000000044,0.0,0.0,0.3,17.632125854492188,18.291667938232425,0.5267452241329275,0.393629105443828
000000000044,0.0,0.1,0.3,17.62929344177246,18.406578063964844,0.5320251288933935,0.39585567848153624
000000000044,0.0,0.2,0.3,17.59177589416504,17.73797607421875,0.4961443751527533,0.38175707318298857
000000000044,0.0,0.3,0.3,17.517133712768555,20.440717697143555,0.6195636999279822,0.4339572796932949
000000000044,0.0,0.4,0.3,16.89928436279297,21.95723342895508,0.633778277580225,0.4510515423874636
000000000044,0.0,0.5,0.3,15.914917945861816,21.931856155395508,0.5384917157510467,0.4297037981147409
000000000044,0.0,0.6,0.3,14.43006992340088,27.222946166992188,0.6521855093220225,0.5035489989250564
000000000044,0.0,0.7,0.3,13.586222648620604,28.089204788208008,0.6133952845644327,0.5029188480494236
000000000044,0.0,0.8,0.3,13.39408016204834,27.096473693847656,0.5470828524444267,0.47909654368474297
000000000044,0.0,0.9,0.3,12.47978401184082,23.128257751464844,0.2680391396740301,0.38077564335932335
000000000044,0.0,1.0,0.3,12.399516105651855,26.608203887939453,0.4284625554516517,0.4483219821198104
000000000045,0.0,0.0,0.3,20.47311782836914,27.909204483032227,0.6892828202145848,0.6451588105909856
000000000045,0.0,0.1,0.3,20.45028686523437,27.923065185546875,0.6897184036449195,0.6449512004619552
000000000045,0.0,0.2,0.3,20.3935489654541,29.03695678710937,0.8397951113969593,0.665914682005116
000000000045,0.0,0.3,0.3,20.1933536529541,28.651687622070312,0.7736606587507746,0.6540094860491379
000000000045,0.0,0.4,0.3,19.71798515319824,29.204486846923828,0.8191974911231253,0.654944038931326
000000000045,0.0,0.5,0.3,19.59069061279297,29.386812210083008,0.8361252520434254,0.6558767424532659
000000000045,0.0,0.6,0.3,18.565710067749023,29.54043769836425,0.7909946508553498,0.6372309400356787
000000000045,0.0,0.7,0.3,15.348865509033203,27.445554733276367,0.293651641223517,0.5274329784313645
000000000045,0.0,0.8,0.3,13.056437492370604,26.537872314453125,0.02000297986321,0.46083200414588155
000000000045,0.0,0.9,0.3,12.747361183166504,30.160314559936523,0.5,0.5263690678931696
000000000045,0.0,1.0,0.3,14.173460006713867,29.33932876586914,0.4789757142897241,0.5402285579608014
000000000046,0.0,0.0,0.3,22.22257232666016,23.03262519836425,0.7097406271034546,0.5851644994857597
000000000046,0.0,0.1,0.3,22.190324783325195,22.76097297668457,0.6062428521579394,0.579076208726653
000000000046,0.0,0.2,0.3,22.14057922363281,23.12236785888672,0.7282029547673281,0.5852141439631164
000000000046,0.0,0.3,0.3,21.529993057250977,23.36101531982422,0.7106540526883312,0.5770344580992315
000000000046,0.0,0.4,0.3,20.82626342773437,23.81220245361328,0.7539844759313065,0.5711118049160755
000000000046,0.0,0.5,0.3,20.698619842529297,23.837024688720703,0.7412706071311762,0.5689030324821871
000000000046,0.0,0.6,0.3,20.65604591369629,23.717485427856445,0.6909080821062417,0.5656229217391886
000000000046,0.0,0.7,0.3,20.04212760925293,23.40237617492676,0.4729759886983557,0.5463537209897078
000000000046,0.0,0.8,0.3,19.277502059936523,22.45136833190918,0.0,0.5112400099945311
000000000046,0.0,0.9,0.3,19.457624435424805,23.030288696289062,0.2394778429327088,0.5265735655868233
000000000046,0.0,1.0,0.3,19.92884635925293,22.993776321411133,0.3063045372954909,0.5358245785173743
000000000047,0.0,0.0,0.3,14.464343070983888,20.529186248779297,0.5,0.3710785120509107
000000000047,0.0,0.1,0.3,14.456279754638672,20.65962028503418,0.5253792629745003,0.3735032304616129
000000000047,0.0,0.2,0.3,14.44316864013672,20.98342704772949,0.5892572435560517,0.3796689065146804
000000000047,0.0,0.3,0.3,14.369903564453123,21.12638092041016,0.6089273053139439,0.38096218292408457
000000000047,0.0,0.4,0.3,14.216532707214355,21.021465301513672,0.5683034971999728,0.375627070099423
000000000047,0.0,0.5,0.3,13.730175971984863,21.5241813659668,0.6085612356867807,0.3753323775888927
000000000047,0.0,0.6,0.3,12.978032112121582,22.909942626953125,0.793937285307937,0.3869812902032326
000000000047,0.0,0.7,0.3,12.223811149597168,22.999652862548828,0.716741784447376,0.37279667432840635
000000000047,0.0,0.8,0.3,11.219325065612791,22.307058334350582,0.4495752534997557,0.3377462581537804
000000000047,0.0,0.9,0.3,10.509414672851562,21.442930221557617,0.1849334793041577,0.3055198561618798
000000000047,0.0,1.0,0.3,10.579394340515137,21.675670623779297,0.2408851696468253,0.31163279004891564
000000000048,0.0,0.0,0.3,23.05365562438965,22.584510803222656,0.6766113254632138,0.5938448562525672
000000000048,0.0,0.1,0.3,23.02829933166504,22.7373046875,0.7557039164463071,0.5963483454845127
000000000048,0.0,0.2,0.3,22.93400955200196,22.379610061645508,0.5597778307482503,0.5872342652164737
000000000048,0.0,0.3,0.3,22.772947311401367,23.19551658630371,0.9803271842751148,0.6000593307548026
000000000048,0.0,0.4,0.3,22.50807380676269,22.459760665893555,0.5723486004352704,0.5798104704648959
000000000048,0.0,0.5,0.3,22.03851890563965,22.25082397460937,0.428856408308908,0.5657106719039322
000000000048,0.0,0.6,0.3,21.380746841430664,22.3767032623291,0.4493823902358596,0.5542879572991716
000000000048,0.0,0.7,0.3,20.50545120239257,22.579496383666992,0.495372109449644,0.5397899175201946
000000000048,0.0,0.8,0.3,18.95758819580078,22.631750106811523,0.4145500532569357,0.5080555567639715
000000000048,0.0,0.9,0.3,17.198972702026367,22.78492927551269,0.3723749613659424,0.47386703694480137
000000000048,0.0,1.0,0.3,15.919234275817873,23.06021881103516,0.428390582506044,0.45224798255461185
000000000049,0.0,0.0,0.3,22.32096290588379,20.637041091918945,0.5,0.5395791287850722
000000000049,0.0,0.1,0.3,22.26426696777344,20.7176513671875,0.5065772935269358,0.5399826889453296
000000000049,0.0,0.2,0.3,22.18384552001953,20.87120056152344,0.5212657965700671,0.5413352694344351
000000000049,0.0,0.3,0.3,21.928630828857425,21.95478057861328,0.6493832333394005,0.5574930871452484
000000000049,0.0,0.4,0.3,21.43389892578125,22.745820999145508,0.7187547340990376,0.5627582998766927
000000000049,0.0,0.5,0.3,20.917200088500977,23.390748977661133,0.7664344716475529,0.5646509621285332
000000000049,0.0,0.6,0.3,20.29326057434082,23.599838256835938,0.7461424256941445,0.5556003699750032
000000000049,0.0,0.7,0.3,19.18762969970703,23.81122779846192,0.6884355036854692,0.5363963154296215
000000000049,0.0,0.8,0.3,18.418672561645508,24.29512596130371,0.6943465608303565,0.5297434506830219
000000000049,0.0,0.9,0.3,19.01473617553711,23.03350067138672,0.568590829192763,0.5172598538749934
000000000049,0.0,1.0,0.3,15.9374418258667,22.59230232238769,0.2672520321811986,0.44332264143983835
000000000050,0.0,0.0,0.3,20.04462432861328,24.13506126403809,0.5,0.560985963797717
000000000050,0.0,0.1,0.3,19.960107803344727,24.36700820922852,0.5274236294663239,0.5638118382573948
000000000050,0.0,0.2,0.3,19.76396942138672,26.34173011779785,0.7940713733133712,0.5989529655317255
000000000050,0.0,0.3,0.3,19.604564666748047,26.111474990844727,0.7514279746100061,0.5909960165492336
000000000050,0.0,0.4,0.3,18.958927154541016,26.13435935974121,0.7137438995770748,0.5777807859531887
000000000050,0.0,0.5,0.3,18.19234275817871,25.468406677246094,0.571044490396204,0.5482977857816422
000000000050,0.0,0.6,0.3,17.23529052734375,25.18530464172364,0.4703804133746048,0.5224000350057822
000000000050,0.0,0.7,0.3,17.260452270507812,26.619524002075195,0.6746666534861967,0.5514717037727135
000000000050,0.0,0.8,0.3,16.063446044921875,27.4101676940918,0.7105426522940645,0.5418592093757693
000000000050,0.0,0.9,0.3,12.919907569885254,27.14708709716797,0.4741363649135711,0.47006364405901535
000000000050,0.0,1.0,0.3,12.155259132385254,27.672996520996094,0.5,0.4643379744295628
000000000051,0.0,0.0,0.3,18.92607879638672,26.091670989990234,0.6033015477857551,0.5762358244770909
000000000051,0.0,0.1,0.3,18.900814056396484,25.825742721557617,0.4952665910521918,0.5704092845909687
000000000051,0.0,0.2,0.3,18.86596298217773,26.14005279541016,0.6108329312134348,0.575925672758268
000000000051,0.0,0.3,0.3,18.62059593200684,25.865196228027344,0.4580930295326578,0.5652610713074606
000000000051,0.0,0.4,0.3,18.34847640991211,26.643558502197266,0.7094706278953978,0.5749875561931597
000000000051,0.0,0.5,0.3,17.9116153717041,26.882816314697266,0.7205649139400085,0.5704984357616832
000000000051,0.0,0.6,0.3,17.557823181152344,27.11288833618164,0.743654065921814,0.5675854141042165
000000000051,0.0,0.7,0.3,16.829885482788086,26.21630096435547,0.2589880755975722,0.5343314131376412
000000000051,0.0,0.8,0.3,16.99650001525879,25.93614387512207,0.1813748785275262,0.532284552667243
000000000051,0.0,0.9,0.3,17.14985466003418,26.70441055297852,0.5085443716079693,0.5508190526767639
000000000051,0.0,1.0,0.3,16.25731086730957,26.72458267211914,0.3491601650773893,0.532321909157125
000000000052,0.0,0.0,0.3,25.6315975189209,18.152502059936523,0.5608282168854878,0.5602390810815743
000000000052,0.0,0.1,0.3,25.59686088562012,18.042192459106445,0.5561721112883771,0.5573085725691076
000000000052,0.0,0.2,0.3,25.522274017333984,17.585723876953125,0.5398708624574814,0.5466462182761296
000000000052,0.0,0.3,0.3,25.13156509399414,18.246150970458984,0.542070287965148,0.5515149752457684
000000000052,0.0,0.4,0.3,23.98828315734864,16.033315658569336,0.4295195736014782,0.4832751225181406
000000000052,0.0,0.5,0.3,23.008628845214844,17.752397537231445,0.4368467793775231,0.49673937548760544
000000000052,0.0,0.6,0.3,20.96249008178711,20.58135223388672,0.43029064095701,0.5097069751334812
000000000052,0.0,0.7,0.3,18.25551414489746,29.351741790771484,0.5659321257243984,0.6269081383089474
000000000052,0.0,0.8,0.3,17.020328521728516,31.809654235839844,0.5835068753118724,0.6496634875147549
000000000052,0.0,0.9,0.3,16.612449645996094,28.52349281311035,0.471688712573401,0.5756372653220443
000000000052,0.0,1.0,0.3,13.97364902496338,33.45275115966797,0.5,0.6178489810494417
000000000053,0.0,0.0,0.3,19.054443359375,24.27326774597168,0.6594557559534504,0.5427701844633669
000000000053,0.0,0.1,0.3,19.055070877075195,24.17220497131348,0.6494054392605433,0.5407724677678754
000000000053,0.0,0.2,0.3,19.05174827575684,23.414913177490234,0.5733760127216346,0.5256330999283975
000000000053,0.0,0.3,0.3,19.11539077758789,22.965856552124023,0.5341757713553267,0.5180450732957561
000000000053,0.0,0.4,0.3,19.10110282897949,23.47698211669922,0.584008694415387,0.5279132056142933
000000000053,0.0,0.5,0.3,19.05410385131836,23.331275939941406,0.5652232570125184,0.524018715862087
000000000053,0.0,0.6,0.3,18.611183166503903,23.546667098999023,0.547046551781594,0.5189263776915931
000000000053,0.0,0.7,0.3,17.584436416625977,22.62410926818848,0.3627200805624457,0.47882868029054126
000000000053,0.0,0.8,0.3,17.397117614746094,25.22295188903809,0.6058154897211356,0.5265756546284432
000000000053,0.0,0.9,0.3,13.539359092712402,24.28598022460937,0.1661921674245424,0.42624787873275505
000000000053,0.0,1.0,0.3,15.482539176940918,27.62395668029785,0.6742439959137272,0.5338132990665401
000000000054,0.0,0.0,0.3,18.64459800720215,23.249845504760746,0.7990000301213143,0.5137275745604207
000000000054,0.0,0.1,0.3,18.6506290435791,24.112722396850582,0.8743648747856028,0.5310252816015341
000000000054,0.0,0.2,0.3,18.55966758728028,22.337081909179688,0.7075746185301208,0.4937665945830779
000000000054,0.0,0.3,0.3,18.418981552124023,23.411518096923828,0.7793374192893434,0.5121674695892372
000000000054,0.0,0.4,0.3,17.7183895111084,22.537538528442383,0.5995306644854309,0.47994234269402836
000000000054,0.0,0.5,0.3,16.30127716064453,21.97538948059082,0.3398793808734994,0.43875073952830346
000000000054,0.0,0.6,0.3,16.821489334106445,25.568517684936523,0.7274735642571137,0.5212636807255333
000000000054,0.0,0.7,0.3,16.636281967163086,22.466907501220703,0.4322102824678553,0.45562456329180956
000000000054,0.0,0.8,0.3,15.294734954833984,21.7193603515625,0.1678177436717924,0.41234380998775555
000000000054,0.0,0.9,0.3,16.189889907836914,20.43966293334961,0.1907504244121388,0.4058335026739467
000000000054,0.0,1.0,0.3,15.482128143310549,19.7747745513916,0.0279200093210684,0.37761717891983626
000000000055,0.0,0.0,0.3,19.392019271850582,26.245317459106445,0.5028634475952901,0.5891588961574913
000000000055,0.0,0.1,0.3,19.332237243652344,26.22539329528809,0.4950404770053807,0.5874966215676065
000000000055,0.0,0.2,0.3,18.93924903869629,28.08440971374512,0.7296110096843009,0.6161673183995988
000000000055,0.0,0.3,0.3,18.312095642089844,29.704444885253903,0.9104094284578168,0.6351244668363689
000000000055,0.0,0.4,0.3,17.331586837768555,29.284255981445312,0.7686778940105039,0.6060022201787509
000000000055,0.0,0.5,0.3,16.407058715820312,29.04683303833008,0.6578571581305873,0.5817020763638359
000000000055,0.0,0.6,0.3,15.318511009216309,29.093095779418945,0.5741998898726751,0.5595739518700632
000000000055,0.0,0.7,0.3,14.374435424804688,28.44268035888672,0.4024033190476526,0.5266419587321876
000000000055,0.0,0.8,0.3,13.365025520324709,29.694503784179688,0.4985712915119041,0.5301784027783178
000000000055,0.0,0.9,0.3,13.621895790100098,27.23103141784668,0.1658376074304747,0.48659777004316196
000000000055,0.0,1.0,0.3,14.482335090637209,27.84528160095215,0.3254981325364528,0.5170392294943523
000000000056,0.0,0.0,0.3,18.76043128967285,21.50846672058105,0.4998360330613846,0.4815292755682589
000000000056,0.0,0.1,0.3,18.76206970214844,21.82805633544922,0.5173049486884008,0.4879233399208086
000000000056,0.0,0.2,0.3,18.68758583068848,21.921646118164062,0.5149184914804561,0.48820853552035026
000000000056,0.0,0.3,0.3,18.368188858032227,22.86865997314453,0.5342326354959609,0.5002899008443162
000000000056,0.0,0.4,0.3,17.863996505737305,25.82701110839844,0.6439617616302412,0.5484811610022751
000000000056,0.0,0.5,0.3,17.15865135192871,27.59577369689941,0.6691470419134344,0.5687421545166513
000000000056,0.0,0.6,0.3,16.341236114501953,28.68632125854492,0.6463931318225745,0.5731346970001023
000000000056,0.0,0.7,0.3,15.526479721069336,30.590063095092773,0.6679376708142442,0.5937649319028486
000000000056,0.0,0.8,0.3,15.252569198608398,30.154830932617188,0.6169589127958898,0.5793047135016962
000000000056,0.0,0.9,0.3,13.765902519226074,30.4021110534668,0.4815677721472919,0.5527468556191101
000000000056,0.0,1.0,0.3,14.739179611206056,30.74251937866211,0.597402374294718,0.5801284608951536
000000000057,0.0,0.0,0.3,14.939698219299316,22.11432456970215,0.522776945229188,0.41268555376282395
000000000057,0.0,0.1,0.3,14.944340705871582,22.26447105407715,0.5909274533196269,0.4157715515648528
000000000057,0.0,0.2,0.3,14.941259384155272,22.14146614074707,0.5351724217830319,0.4132586877122706
000000000057,0.0,0.3,0.3,14.912847518920898,22.062694549560547,0.4966805857640824,0.4110896595035791
000000000057,0.0,0.4,0.3,14.917704582214355,22.09844970703125,0.5133050325704083,0.411903978093449
000000000057,0.0,0.5,0.3,14.88801097869873,22.730478286743164,0.7949891764455872,0.4238517100583268
000000000057,0.0,0.6,0.3,14.910515785217283,22.801816940307617,0.8295088643161095,0.42574775866354564
000000000057,0.0,0.7,0.3,14.684182167053224,22.40616035461425,0.6273565627134485,0.4130824208648394
000000000057,0.0,0.8,0.3,14.18708324432373,22.856395721435547,0.7778534133200801,0.41151598519397087
000000000057,0.0,0.9,0.3,10.200553894042969,23.1722412109375,0.5,0.3333908987127807
000000000057,0.0,1.0,0.3,12.489580154418944,22.777082443237305,0.5631935458568477,0.3739951821395026
000000000058,0.0,0.0,0.3,20.842397689819336,22.59871864318848,0.5,0.5473068487708475
000000000058,0.0,0.1,0.3,20.82378196716309,23.051219940185547,0.5485952938719328,0.5559168072152992
000000000058,0.0,0.2,0.3,20.79272079467773,24.57958221435547,0.7147083810816927,0.585671331835601
000000000058,0.0,0.3,0.3,20.50273704528809,23.696008682250977,0.5995274955500238,0.5619494348316121
000000000058,0.0,0.4,0.3,20.098691940307617,23.78450965881348,0.5841344710773161,0.555155308397211
000000000058,0.0,0.5,0.3,18.9184799194336,25.122180938720703,0.6578260593383045,0.5567834720173509
000000000058,0.0,0.6,0.3,17.648622512817383,25.14921188354492,0.5818376317272842,0.5304336479951255
000000000058,0.0,0.7,0.3,16.604232788085938,25.555953979492188,0.5616184242479335,0.5164135354367163
000000000058,0.0,0.8,0.3,15.825281143188477,27.146211624145508,0.6880326700544386,0.531564008938211
000000000058,0.0,0.9,0.3,14.47007179260254,26.545455932617188,0.5377114320597962,0.49091491063176573
000000000058,0.0,1.0,0.3,12.801304817199709,26.35513496398925,0.4130205738118841,0.45179366706136104
000000000059,0.0,0.0,0.3,20.54885482788086,23.052967071533203,0.6378000475055842,0.5501303216218435
000000000059,0.0,0.1,0.3,20.54890823364257,22.943910598754883,0.6140726150188794,0.5479613857206005
000000000059,0.0,0.2,0.3,20.523212432861328,22.98630142211914,0.6220249400353398,0.5482608244104966
000000000059,0.0,0.3,0.3,20.355602264404297,23.056974411010746,0.6291079924699335,0.5461181716696741
000000000059,0.0,0.4,0.3,20.314027786254883,23.28013801574707,0.6756096262090758,0.5496785164261191
000000000059,0.0,0.5,0.3,20.36455726623535,22.976953506469727,0.6121390745947974,0.5447154823220369
000000000059,0.0,0.6,0.3,19.9832763671875,22.94575881958008,0.5864817728546862,0.5360215892542074
000000000059,0.0,0.7,0.3,18.98627471923828,24.005859375,0.7678122891295858,0.5360057542663988
000000000059,0.0,0.8,0.3,15.865056037902832,23.843225479125977,0.5779555974738442,0.4666815283438672
000000000059,0.0,0.9,0.3,12.649127960205078,22.419666290283203,0.1090415005445135,0.3702613481739886
000000000059,0.0,1.0,0.3,10.445815086364746,24.71751976013184,0.5,0.36933282604701384
000000000060,0.0,0.0,0.3,24.361417770385746,20.65989112854004,0.5191897146250594,0.5832379853709306
000000000060,0.0,0.1,0.3,24.353731155395508,20.524789810180664,0.4995297213756686,0.5803869089466551
000000000060,0.0,0.2,0.3,24.192317962646484,21.2174072265625,0.5880332052914787,0.5907512678489061
000000000060,0.0,0.3,0.3,23.88017463684082,21.748863220214844,0.6444235167138954,0.5947172176101724
000000000060,0.0,0.4,0.3,23.43707656860352,21.56706428527832,0.5914914952735081,0.5817176128722799
000000000060,0.0,0.5,0.3,22.85652542114257,21.27202415466309,0.5140651732584219,0.5635542680999321
000000000060,0.0,0.6,0.3,22.34084129333496,22.444976806640625,0.6491203748530605,0.575975345943581
000000000060,0.0,0.7,0.3,21.420053482055664,22.673778533935547,0.6252840642180642,0.5610315980094863
000000000060,0.0,0.8,0.3,19.6400146484375,23.91537475585937,0.6927342438760407,0.5480473961854723
000000000060,0.0,0.9,0.3,16.18901252746582,24.04493904113769,0.5,0.47755472606438837
000000000060,0.0,1.0,0.3,16.491052627563477,22.66708946228028,0.3227702933527167,0.4565328396198963
000000000061,0.0,0.0,0.3,17.113861083984375,24.37506103515625,0.5,0.5037062322680727
000000000061,0.0,0.1,0.3,17.101472854614258,24.568340301513672,0.5472705478872048,0.507289905400941
000000000061,0.0,0.2,0.3,17.054121017456055,24.64351272583008,0.5575388386000669,0.507783110242431
000000000061,0.0,0.3,0.3,16.894317626953125,25.803895950317383,0.825032794352329,0.5274894204961178
000000000061,0.0,0.4,0.3,16.72442626953125,25.91329765319824,0.8207069675513906,0.5260691119435861
000000000061,0.0,0.5,0.3,16.499427795410156,26.15922737121582,0.840925756919497,0.5261986874002603
000000000061,0.0,0.6,0.3,16.147319793701172,25.50596046447754,0.6059722189829785,0.50574415425988
000000000061,0.0,0.7,0.3,15.547159194946287,26.32208251953125,0.7010254418630549,0.5092761297572161
000000000061,0.0,0.8,0.3,15.302986145019531,26.170040130615234,0.6153849015808208,0.5010806350513201
000000000061,0.0,0.9,0.3,14.7544584274292,26.190298080444336,0.5159113566274526,0.4898693254195887
000000000061,0.0,1.0,0.3,14.493735313415527,25.91828155517578,0.3963028996865204,0.47893609056196884
000000000062,0.0,0.0,0.3,18.31166076660156,23.62495422363281,0.5928656067117417,0.5141421526871043
000000000062,0.0,0.1,0.3,18.314287185668945,23.03570556640625,0.5643504680507186,0.5024725645269581
000000000062,0.0,0.2,0.3,18.20623207092285,21.719789505004883,0.4876536671890517,0.47399979369610284
000000000062,0.0,0.3,0.3,17.528955459594727,23.093721389770508,0.4774558587262992,0.4869985425656188
000000000062,0.0,0.4,0.3,16.658655166625977,25.97574043273925,0.518951196039297,0.5259190094281947
000000000062,0.0,0.5,0.3,16.087820053100586,25.79960823059082,0.445114656092295,0.5103274864505841
000000000062,0.0,0.6,0.3,14.853761672973633,23.542356491088867,0.1937283180331064,0.4392817289595958
000000000062,0.0,0.7,0.3,14.877663612365724,27.198863983154297,0.375268597215007,0.5125470553405576
000000000062,0.0,0.8,0.3,15.266802787780762,26.0050048828125,0.3613497976477454,0.4970305323640424
000000000062,0.0,0.9,0.3,13.938286781311035,31.944393157958984,0.5,0.5870860768119379
000000000062,0.0,1.0,0.3,15.673490524291992,27.00110626220703,0.4565287726297771,0.5254626377667851
000000000063,0.0,0.0,0.3,19.18795585632324,24.92274284362793,0.4993848381131427,0.5585207695775554
000000000063,0.0,0.1,0.3,19.19169044494629,25.87880516052246,0.6590472370789112,0.5776241078165603
000000000063,0.0,0.2,0.3,19.08415985107422,25.45171165466309,0.5702849787926181,0.5668487315202673
000000000063,0.0,0.3,0.3,18.956562042236328,26.62485885620117,0.7444277838498183,0.5874909409258895
000000000063,0.0,0.4,0.3,18.890277862548828,26.536664962768555,0.7188378131823556,0.5843325218394282
000000000063,0.0,0.5,0.3,18.589672088623047,26.61516571044922,0.6823811082216604,0.5795296084859438
000000000063,0.0,0.6,0.3,17.757293701171875,26.19747734069824,0.4757864403344158,0.553593601989586
000000000063,0.0,0.7,0.3,17.37082290649414,27.928335189819336,0.7000664802120832,0.5798521262258447
000000000063,0.0,0.8,0.3,16.349342346191406,27.031797409057617,0.3826631394639425,0.540383695557323
000000000063,0.0,0.9,0.3,16.156238555908203,27.566951751708984,0.4398814948127803,0.5469437559026827
000000000063,0.0,1.0,0.3,16.390464782714844,25.626903533935547,0.1557235215444841,0.5132990493581552
000000000064,0.0,0.0,0.3,18.18431663513184,22.04687690734864,0.5044962692374846,0.4800443288547599
000000000064,0.0,0.1,0.3,18.162736892700195,21.98351287841797,0.498736653149205,0.4783265509093686
000000000064,0.0,0.2,0.3,18.04403305053711,24.609174728393555,0.6781025660764453,0.528060028388438
000000000064,0.0,0.3,0.3,17.952392578125,24.113807678222656,0.6375867254219643,0.5162625610940126
000000000064,0.0,0.4,0.3,17.572973251342773,23.98764419555664,0.6064218330322667,0.5057183423504378
000000000064,0.0,0.5,0.3,16.823083877563477,26.727558135986328,0.7569433868373658,0.5443606785499167
000000000064,0.0,0.6,0.3,15.36462688446045,28.116714477539062,0.77013427706639,0.5411218186222451
000000000064,0.0,0.7,0.3,14.919007301330566,26.522953033447266,0.6309540381815271,0.4999728039541731
000000000064,0.0,0.8,0.3,13.482561111450195,25.41314125061035,0.4681083993078098,0.44747413055359403
000000000064,0.0,0.9,0.3,10.61382293701172,29.02980232238769,0.5567991878133592,0.4586984007068504
000000000064,0.0,1.0,0.3,9.6436128616333,27.364904403686523,0.3818599539559077,0.40502630093278486
000000000065,0.0,0.0,0.3,20.73540687561035,23.14065933227539,0.5175268417589237,0.5558252861686019
000000000065,0.0,0.1,0.3,20.6956787109375,23.081830978393555,0.4959382902481525,0.5538134906437604
000000000065,0.0,0.2,0.3,20.62384796142578,23.457103729248047,0.6004002054485348,0.5597599481841821
000000000065,0.0,0.3,0.3,20.35759925842285,23.84178924560547,0.6877896705821008,0.5617771402336978
000000000065,0.0,0.4,0.3,19.946910858154297,23.12045669555664,0.4308939406516852,0.5387278294731895
000000000065,0.0,0.5,0.3,19.46241569519043,23.3543701171875,0.4510506121683688,0.5331237681519477
000000000065,0.0,0.6,0.3,18.80455017089844,23.4370346069336,0.4084204469262245,0.5208391624171337
000000000065,0.0,0.7,0.3,17.25105094909668,24.46675682067871,0.5563815805383105,0.5084356764365326
000000000065,0.0,0.8,0.3,15.862140655517578,24.760066986083984,0.5017692588496093,0.48486362384039405
000000000065,0.0,0.9,0.3,15.84483528137207,23.61351776123047,0.1584064399764058,0.4616825255085484
000000000065,0.0,1.0,0.3,16.003324508666992,23.3877010345459,0.1073319876751389,0.4605449164221739
000000000066,0.0,0.0,0.3,18.37401008605957,25.09229850769043,0.4976926194569055,0.5446603618477109
000000000066,0.0,0.1,0.3,18.38975524902344,25.49984359741211,0.5183617608302258,0.5531033068913629
000000000066,0.0,0.2,0.3,18.349971771240234,26.97627639770508,0.579051693012897,0.5816398254823991
000000000066,0.0,0.3,0.3,18.18323135375977,28.72294807434082,0.6333121661228991,0.6128655481497498
000000000066,0.0,0.4,0.3,17.954248428344727,33.117584228515625,0.7977541379293032,0.6954640391935993
000000000066,0.0,0.5,0.3,17.665067672729492,33.85971450805664,0.7888123867399454,0.7041083085137836
000000000066,0.0,0.6,0.3,17.218725204467773,34.665225982666016,0.7596949273636864,0.7106860623657866
000000000066,0.0,0.7,0.3,17.425745010375977,34.496585845947266,0.7824347133728615,0.711713761593407
000000000066,0.0,0.8,0.3,16.21849250793457,34.75106430053711,0.6169828756088094,0.691215398790112
000000000066,0.0,0.9,0.3,16.51133155822754,35.597415924072266,0.698029071038707,0.7142570909917038
000000000066,0.0,1.0,0.3,14.977842330932615,36.18995666503906,0.5,0.6935780110260622
000000000067,0.0,0.0,0.3,19.01239013671875,24.02682304382324,0.8541442323779964,0.5369758635820604
000000000067,0.0,0.1,0.3,19.027175903320312,24.10501289367676,0.8658088076122216,0.5388447997520486
000000000067,0.0,0.2,0.3,18.987667083740234,24.27245140075684,0.8796040604156807,0.5413400331733572
000000000067,0.0,0.3,0.3,18.840192794799805,23.154447555541992,0.7228647130823519,0.5159707768083225
000000000067,0.0,0.4,0.3,18.164581298828125,25.228252410888672,0.8644545714752414,0.542931246382505
000000000067,0.0,0.5,0.3,17.608919143676758,24.61196517944336,0.7035129412084937,0.5189025415154738
000000000067,0.0,0.6,0.3,15.845236778259276,21.71152877807617,0.0798640179996814,0.42384418592054085
000000000067,0.0,0.7,0.3,17.265552520751953,21.043031692504883,0.223183990433103,0.44061553184044566
000000000067,0.0,0.8,0.3,16.41587257385254,24.58207893371582,0.5124708700853333,0.4930465243358032
000000000067,0.0,0.9,0.3,16.218124389648438,22.99789047241211,0.292137490071146,0.45733637651493275
000000000067,0.0,1.0,0.3,16.736047744750977,24.494997024536133,0.5523786962644749,0.4980930433444164
000000000068,0.0,0.0,0.3,21.33055686950684,25.983991622924805,0.5349242083663788,0.6250050868986934
000000000068,0.0,0.1,0.3,21.33395767211914,26.068384170532227,0.5437612014137493,0.6267563849206444
000000000068,0.0,0.2,0.3,21.216533660888672,25.62837028503418,0.4846761567430734,0.6155144304876454
000000000068,0.0,0.3,0.3,20.833982467651367,26.712995529174805,0.5426236621542435,0.6289968496722375
000000000068,0.0,0.4,0.3,20.11052703857422,29.62915802001953,0.7382370932971363,0.6717059850612559
000000000068,0.0,0.5,0.3,18.23810386657715,30.30923080444336,0.5615217653451201,0.6455921486726476
000000000068,0.0,0.6,0.3,18.945480346679688,29.350017547607425,0.5584367279687295,0.6414830315265914
000000000068,0.0,0.7,0.3,18.16338348388672,29.48485946655273,0.4697836088896798,0.6276062325265035
000000000068,0.0,0.8,0.3,17.50254249572754,27.86756706237793,0.2226973838960659,0.5814319316604015
000000000068,0.0,0.9,0.3,17.96382713317871,28.214731216430664,0.3174219790151315,0.598107144732301
000000000068,0.0,1.0,0.3,17.557357788085938,30.65581321716309,0.5071534002235204,0.6380746612379098
000000000069,0.0,0.0,0.3,19.166194915771484,20.896711349487305,0.5375199671426859,0.4779477809548568
000000000069,0.0,0.1,0.3,19.177433013916016,20.82766914367676,0.5342483018771165,0.47681189371044685
000000000069,0.0,0.2,0.3,18.86648941040039,20.25703430175781,0.4758700525718589,0.45887322616613246
000000000069,0.0,0.3,0.3,18.18086624145508,22.42694091796875,0.5528973255972083,0.48753399722450164
000000000069,0.0,0.4,0.3,17.10063934326172,24.774534225463867,0.6099668118328483,0.51137521885026
000000000069,0.0,0.5,0.3,16.16785430908203,24.33926773071289,0.511456743235377,0.48296344319687345
000000000069,0.0,0.6,0.3,14.626728057861328,27.18712043762207,0.5627838827996243,0.507000117618392
000000000069,0.0,0.7,0.3,13.988515853881836,27.04142951965332,0.5045130680006545,0.49058770361662074
000000000069,0.0,0.8,0.3,13.708869934082031,28.58788299560547,0.5756267756212695,0.5154387345174364
000000000069,0.0,0.9,0.3,12.73432731628418,27.00055503845215,0.4047319177501349,0.46321842886593323
000000000069,0.0,1.0,0.3,13.0145263671875,26.443239212036133,0.3930270937236648,0.4580615241455726
000000000070,0.0,0.0,0.3,24.84317779541016,26.931684494018555,0.8785339000707231,0.7182383265253458
000000000070,0.0,0.1,0.3,24.823862075805664,26.70897483825684,0.7935763044469937,0.7133977381119181
000000000070,0.0,0.2,0.3,24.726842880249023,26.602190017700195,0.7427916376291575,0.7092186094204898
000000000070,0.0,0.3,0.3,24.596025466918945,26.43038558959961,0.6639792698847827,0.7030300476575662
000000000070,0.0,0.4,0.3,24.50537109375,27.211200714111328,0.9437030936483964,0.7166476466627241
000000000070,0.0,0.5,0.3,24.673076629638672,25.91286277770996,0.4805215852164808,0.6943635547859222
000000000070,0.0,0.6,0.3,24.165714263916016,27.25860977172852,0.922423132097296,0.7103991943999807
000000000070,0.0,0.7,0.3,23.896623611450195,27.244590759277344,0.886400719380888,0.7044225658348547
000000000070,0.0,0.8,0.3,24.46691131591797,25.998985290527344,0.4889114699930399,0.6917119665584813
000000000070,0.0,0.9,0.3,21.20811462402344,26.88184928894043,0.4437642168753949,0.6402785939670316
000000000070,0.0,1.0,0.3,20.476776123046875,26.94647216796875,0.3840281252170255,0.6260792843953199
000000000071,0.0,0.0,0.3,25.54204368591309,25.137245178222656,0.5796731703781526,0.6973292125317141
000000000071,0.0,0.1,0.3,25.50128936767578,25.36350440979004,0.6003484794612596,0.700968521700759
000000000071,0.0,0.2,0.3,25.604555130004883,25.16794204711914,0.5846870460091084,0.6992636405273551
000000000071,0.0,0.3,0.3,25.504648208618164,25.586254119873047,0.622114634557692,0.7054720394538523
000000000071,0.0,0.4,0.3,25.22323226928711,24.897571563720703,0.5460209014647142,0.6858096051726219
000000000071,0.0,0.5,0.3,25.17706680297852,25.45526695251465,0.5987448359496823,0.6959294418687698
000000000071,0.0,0.6,0.3,24.815019607543945,24.296911239624023,0.4743689846038924,0.6652139186517261
000000000071,0.0,0.7,0.3,21.97340583801269,29.43955612182617,0.8821205116667545,0.7073773949326482
000000000071,0.0,0.8,0.3,17.503684997558594,29.252666473388672,0.7188475544353445,0.6090176056955126
000000000071,0.0,0.9,0.3,13.314594268798828,26.47154998779297,0.3124578993913366,0.46497844414678857
000000000071,0.0,1.0,0.3,10.20259952545166,25.54178237915039,0.1210341339953944,0.3805846682317734
000000000072,0.0,0.0,0.3,22.08311653137207,19.501123428344727,0.5,0.511939893193378
000000000072,0.0,0.1,0.3,22.063514709472656,19.79469490051269,0.5122355291317491,0.5173664976109736
000000000072,0.0,0.2,0.3,22.07269096374512,22.08177757263184,0.6162543196755481,0.56307044419503
000000000072,0.0,0.3,0.3,21.466306686401367,22.48233222961425,0.6018074911165735,0.5582014482311488
000000000072,0.0,0.4,0.3,20.388208389282227,24.072751998901367,0.6158775009915622,0.5670210777778283
000000000072,0.0,0.5,0.3,19.864824295043945,28.90969467163086,0.806704911182949,0.6521872412567593
000000000072,0.0,0.6,0.3,18.62471580505371,30.54707908630371,0.8141967680121327,0.6585110289177376
000000000072,0.0,0.7,0.3,18.716358184814453,26.21438217163086,0.6229988568351281,0.5742370189011858
000000000072,0.0,0.8,0.3,17.149890899658203,29.612106323242188,0.6926395716524306,0.6086787770723112
000000000072,0.0,0.9,0.3,15.438941955566406,27.02301788330078,0.4835222992581641,0.5209323640612833
000000000072,0.0,1.0,0.3,12.776494979858398,27.210723876953125,0.3489784264638692,0.46829333546745244
000000000073,0.0,0.0,0.3,22.075040817260746,24.50328063964844,0.9357122846931588,0.61130462218168
000000000073,0.0,0.1,0.3,22.067459106445312,24.79216384887696,0.9991942532724464,0.6168924482930755
000000000073,0.0,0.2,0.3,21.958572387695312,24.31546401977539,0.881538115647134,0.6051012633153805
000000000073,0.0,0.3,0.3,21.765031814575195,23.86850357055664,0.7615035502121011,0.5921094057652528
000000000073,0.0,0.4,0.3,21.55418586730957,24.2303409576416,0.8196187343759467,0.5948450395699958
000000000073,0.0,0.5,0.3,20.811304092407227,24.73412704467773,0.8527808718465344,0.589140030268634
000000000073,0.0,0.6,0.3,20.073162078857425,24.224550247192383,0.6609341934365163,0.563370918130764
000000000073,0.0,0.7,0.3,19.319032669067383,24.746217727661133,0.6968802912780607,0.557783567679593
000000000073,0.0,0.8,0.3,18.689258575439453,23.08403778076172,0.2600515272652661,0.5113738734450497
000000000073,0.0,0.9,0.3,18.03982734680176,23.789770126342773,0.348085999459179,0.5116660065137153
000000000073,0.0,1.0,0.3,17.370267868041992,22.54536437988281,0.0,0.47272700942779355
000000000074,0.0,0.0,0.3,21.4103946685791,22.73467254638672,0.8394868895669796,0.5620387873945539
000000000074,0.0,0.1,0.3,21.33090209960937,23.08743095397949,0.9453203722480314,0.5673750121403294
000000000074,0.0,0.2,0.3,21.222925186157227,22.96793365478516,0.8994995378401663,0.5627109069608263
000000000074,0.0,0.3,0.3,20.85261344909668,22.84555625915528,0.8333798509507236,0.5524348681362491
000000000074,0.0,0.4,0.3,20.42811584472656,23.24155044555664,0.9274085899677802,0.5513263565726341
000000000074,0.0,0.5,0.3,19.634803771972656,22.54712677001953,0.64887875287635,0.5207108983034591
000000000074,0.0,0.6,0.3,18.27287673950196,22.202699661254883,0.4391611607768594,0.48502013071102035
000000000074,0.0,0.7,0.3,16.84861946105957,22.29454040527344,0.3629903147805282,0.45669069703709453
000000000074,0.0,0.8,0.3,16.35367774963379,22.447973251342773,0.3750012213696206,0.4492639951212244
000000000074,0.0,0.9,0.3,16.19841766357422,21.6626205444336,0.1148295670623086,0.43034916232346326
000000000074,0.0,1.0,0.3,14.644588470458984,21.900917053222656,0.0754613959174394,0.40219045817976773
000000000075,0.0,0.0,0.3,19.43385124206543,15.214085578918455,0.5361320301330686,0.37053901467119754
000000000075,0.0,0.1,0.3,19.41600799560547,15.130626678466797,0.5291283941945039,0.36850049353189873
000000000075,0.0,0.2,0.3,19.409194946289062,14.64435863494873,0.4976361343930834,0.3586802018609125
000000000075,0.0,0.3,0.3,19.13994789123535,14.797470092773438,0.4815330072123914,0.35602591725337546
000000000075,0.0,0.4,0.3,17.579666137695312,21.585479736328125,0.7624395295989809,0.4580604439235988
000000000075,0.0,0.5,0.3,17.05193519592285,22.528318405151367,0.7716392814594635,0.46564750822583933
000000000075,0.0,0.6,0.3,16.05624008178711,21.00265312194824,0.579421752892161,0.41420632232689814
000000000075,0.0,0.7,0.3,16.80178451538086,17.39656639099121,0.4222014222591016,0.3582363965111395
000000000075,0.0,0.8,0.3,17.587966918945312,17.672222137451172,0.5150569126335395,0.38036801410310667
000000000075,0.0,0.9,0.3,15.38912868499756,18.117265701293945,0.3324729796410837,0.3426659890736047
000000000075,0.0,1.0,0.3,14.218602180480955,15.260612487792969,0.0390827623939282,0.26103821666873017
000000000076,0.0,0.0,0.3,19.90213966369629,23.716854095458984,0.5945445461364544,0.5496473024639842
000000000076,0.0,0.1,0.3,19.866579055786133,23.363269805908203,0.5671946362681238,0.5418585314324103
000000000076,0.0,0.2,0.3,19.823347091674805,24.094879150390625,0.614646033771701,0.555501118685368
000000000076,0.0,0.3,0.3,19.542680740356445,23.56673812866211,0.5559912948015724,0.5390491012897373
000000000076,0.0,0.4,0.3,19.05956649780273,22.35614967346192,0.4340798447585721,0.5047307728636383
000000000076,0.0,0.5,0.3,18.05887222290039,27.887859344482425,0.7401433962741089,0.5936153306462518
000000000076,0.0,0.6,0.3,18.114267349243164,28.277217864990234,0.7715307609328693,0.6025359293729623
000000000076,0.0,0.7,0.3,17.011207580566406,29.5522518157959,0.7738229753492754,0.6045513063787518
000000000076,0.0,0.8,0.3,16.404491424560547,25.711536407470703,0.4594946793711814,0.5152801188654832
000000000076,0.0,0.9,0.3,15.28701114654541,24.606449127197266,0.295282954618407,0.4696291752095674
000000000076,0.0,1.0,0.3,13.51127815246582,24.630056381225582,0.1579957220441945,0.4324999184980748
000000000077,0.0,0.0,0.3,17.68705940246582,31.09278678894043,0.7883210642738041,0.6495160812644664
000000000077,0.0,0.1,0.3,17.677101135253906,29.957687377929688,0.6148811105417542,0.6267183838725554
000000000077,0.0,0.2,0.3,17.579971313476562,31.27853775024414,0.8053074306649471,0.6509447965221926
000000000077,0.0,0.3,0.3,17.34297752380371,32.486534118652344,0.9639331388153703,0.6699641260324548
000000000077,0.0,0.4,0.3,17.062307357788086,32.020389556884766,0.8637162339785527,0.6547456681076798
000000000077,0.0,0.5,0.3,15.924826622009276,30.514657974243164,0.5157980163251552,0.6006989943939689
000000000077,0.0,0.6,0.3,15.103203773498535,32.2141227722168,0.6877855920697878,0.6171190215913521
000000000077,0.0,0.7,0.3,14.65586757659912,32.242042541503906,0.6451359399068577,0.6082027796822528
000000000077,0.0,0.8,0.3,14.19841480255127,32.37617111206055,0.6175565952664281,0.6011857335818918
000000000077,0.0,0.9,0.3,13.590014457702637,31.18212890625,0.3724355099159098,0.5645438693890665
000000000077,0.0,1.0,0.3,12.917003631591797,29.194408416748047,0.0,0.5107409015970273
000000000078,0.0,0.0,0.3,21.92497062683105,23.474937438964844,0.5,0.5876645183926996
000000000078,0.0,0.1,0.3,21.870561599731445,24.19497299194336,0.6606519173133902,0.6008401430230658
000000000078,0.0,0.2,0.3,21.611207962036133,24.11537742614746,0.6282312649411703,0.5937648050728528
000000000078,0.0,0.3,0.3,20.87966537475586,23.93735122680664,0.5473497874516446,0.5747328071149296
000000000078,0.0,0.4,0.3,19.93504905700684,24.1848087310791,0.5514048739138402,0.5596557423474836
000000000078,0.0,0.5,0.3,18.85369682312012,24.789369583129883,0.629071899556793,0.5487893014567234
000000000078,0.0,0.6,0.3,17.138566970825195,24.52173042297364,0.473479095418077,0.5071478591894621
000000000078,0.0,0.7,0.3,15.659829139709473,24.165916442871094,0.3109055239233377,0.468757181312893
000000000078,0.0,0.8,0.3,14.467238426208496,24.4276065826416,0.3044950183069075,0.4487127663745636
000000000078,0.0,0.9,0.3,13.722970962524414,25.445934295654297,0.4948316472826184,0.45321705390197686
000000000078,0.0,1.0,0.3,12.875173568725586,25.674755096435547,0.5,0.43981916966690326
000000000079,0.0,0.0,0.3,21.40024185180664,22.25178909301757,0.5230553194770852,0.5522151286390474
000000000079,0.0,0.1,0.3,21.411426544189453,23.092374801635746,0.5921352639611503,0.5691783956989722
000000000079,0.0,0.2,0.3,21.39107322692871,21.94828414916992,0.4974771570531794,0.545981682892037
000000000079,0.0,0.3,0.3,21.024194717407227,23.15108871459961,0.5488652573662941,0.5621475505217169
000000000079,0.0,0.4,0.3,20.57535171508789,24.56326675415039,0.6069548070516758,0.5807441492689714
000000000079,0.0,0.5,0.3,20.379779815673828,24.61351203918457,0.5867595216601817,0.5776029586794554
000000000079,0.0,0.6,0.3,20.19156837463379,22.83513259887696,0.4202148065809505,0.5382306191720014
000000000079,0.0,0.7,0.3,19.62049102783203,23.84272003173828,0.4305708505234818,0.5461882826925794
000000000079,0.0,0.8,0.3,19.594606399536133,28.157039642333984,0.7748007448190816,0.6314889520058236
000000000079,0.0,0.9,0.3,19.16574478149414,26.04641342163086,0.5516705471571184,0.5804099025909903
000000000079,0.0,1.0,0.3,17.377620697021484,25.33044815063477,0.272370526201963,0.52830185163109
000000000080,0.0,0.0,0.3,20.293983459472656,26.41385269165039,0.5,0.611610509641877
000000000080,0.0,0.1,0.3,20.26140213012696,26.78650665283203,0.5330497911929499,0.6183359162315913
000000000080,0.0,0.2,0.3,20.123580932617188,26.494285583496094,0.49749858718289,0.6096029400845937
000000000080,0.0,0.3,0.3,19.059005737304688,27.919864654541016,0.5684967521890629,0.6154288125926657
000000000080,0.0,0.4,0.3,17.54743766784668,30.252695083618164,0.6982733323809143,0.6298431445075048
000000000080,0.0,0.5,0.3,16.098173141479492,30.40738677978516,0.6273193397168939,0.6022348558891529
000000000080,0.0,0.6,0.3,14.912408828735352,30.55812644958496,0.5715344865639516,0.5801272272440106
000000000080,0.0,0.7,0.3,13.139599800109863,30.597496032714844,0.4706770768828778,0.5433735296209826
000000000080,0.0,0.8,0.3,13.06241512298584,31.741851806640625,0.5735158472136076,0.5645102684285812
000000000080,0.0,0.9,0.3,13.110651969909668,28.839487075805664,0.3039915235170045,0.5077787484946049
000000000080,0.0,1.0,0.3,11.815862655639648,31.155174255371094,0.4449439143468582,0.5264419834445064
000000000081,0.0,0.0,0.3,19.85478782653809,22.551088333129883,0.6036896889492231,0.525447625059704
000000000081,0.0,0.1,0.3,19.788169860839844,23.404165267944336,0.7114121096517776,0.5410120719644511
000000000081,0.0,0.2,0.3,19.54671096801757,21.772539138793945,0.4727471165051863,0.503432461291092
000000000081,0.0,0.3,0.3,19.29676055908203,23.339570999145508,0.6593385247233556,0.529321739067302
000000000081,0.0,0.4,0.3,18.81682586669922,24.391510009765625,0.7569834966574656,0.5400917710080317
000000000081,0.0,0.5,0.3,18.133909225463867,24.91156005859375,0.7658337339927066,0.5359800805867648
000000000081,0.0,0.6,0.3,17.760456085205078,23.268016815185547,0.5139051967180928,0.4953685173212167
000000000081,0.0,0.7,0.3,17.288808822631836,23.73638153076172,0.5345609816144317,0.4947017378179468
000000000081,0.0,0.8,0.3,16.61953353881836,25.52676582336425,0.7138051569249853,0.5161567081426945
000000000081,0.0,0.9,0.3,16.248872756958008,24.02270126342773,0.4806998555847326,0.47837969457362894
000000000081,0.0,1.0,0.3,14.20259952545166,24.045551300048828,0.3027270796668797,0.43550700669838993
000000000082,0.0,0.0,0.3,20.61517333984375,27.9538688659668,0.5,0.6490554218008051
000000000082,0.0,0.1,0.3,20.47829246520996,28.12956619262696,0.5360909658976525,0.6496532578652612
000000000082,0.0,0.2,0.3,20.21180725097656,28.25443649291992,0.5450372453783636,0.6464954935588273
000000000082,0.0,0.3,0.3,19.87964057922364,28.153100967407227,0.4836352257116535,0.6374458334445405
000000000082,0.0,0.4,0.3,19.37301254272461,28.738325119018555,0.5988445282029231,0.6383637126240275
000000000082,0.0,0.5,0.3,18.63042640686035,28.895450592041016,0.5698955784296893,0.6257669162960078
000000000082,0.0,0.6,0.3,18.07279586791992,29.077560424804688,0.566259624469005,0.6175834846977745
000000000082,0.0,0.7,0.3,17.723793029785156,29.55986213684082,0.6679722240651442,0.6197908792937585
000000000082,0.0,0.8,0.3,17.520973205566406,29.462900161743164,0.6205743863657606,0.613567010214473
000000000082,0.0,0.9,0.3,16.870546340942383,29.724863052368164,0.6303220700546572,0.605007689021464
000000000082,0.0,1.0,0.3,15.550457954406738,28.048641204833984,0.026756818174474,0.5437020076097798
000000000083,0.0,0.0,0.3,24.471376419067383,29.820446014404297,0.914248445370703,0.767848073031112
000000000083,0.0,0.1,0.3,24.50396156311035,30.127025604248047,0.9315137386672732,0.774638516389389
000000000083,0.0,0.2,0.3,24.303735733032227,29.685720443725582,0.8947822340773135,0.761617638674569
000000000083,0.0,0.3,0.3,24.275508880615234,29.64325904846192,0.8905536861415755,0.7601750484806035
000000000083,0.0,0.4,0.3,24.00959205627441,31.1490478515625,0.9423508476147846,0.7845076080302555
000000000083,0.0,0.5,0.3,23.992366790771484,31.55141830444336,0.9603626521111654,0.7921494761494382
000000000083,0.0,0.6,0.3,23.81990623474121,30.439376831054688,0.8935326562935768,0.766369808287918
000000000083,0.0,0.7,0.3,23.869441986083984,29.566864013671875,0.8554192772499843,0.7500569200076419
000000000083,0.0,0.8,0.3,18.795730590820312,30.395919799804688,0.5021800374191417,0.6591242089532221
000000000083,0.0,0.9,0.3,18.050518035888672,28.10531234741211,0.3343076925898685,0.5977654423001846
000000000083,0.0,1.0,0.3,18.780452728271484,21.152305603027344,0.0565538916784371,0.47486611225089004
000000000084,0.0,0.0,0.3,19.69989585876465,28.530860900878903,0.5884182675371201,0.6411568339970439
000000000084,0.0,0.1,0.3,19.65302848815918,27.630859375,0.496397247586301,0.6222557400396164
000000000084,0.0,0.2,0.3,19.53692626953125,27.66490936279297,0.4908174781812013,0.6204749611251317
000000000084,0.0,0.3,0.3,19.112667083740234,28.10000801086425,0.5009492677761129,0.6201496202419214
000000000084,0.0,0.4,0.3,18.09093475341797,28.029273986816406,0.4154583701123511,0.5971081637702569
000000000084,0.0,0.5,0.3,16.74952507019043,30.231687545776367,0.5287128483039485,0.6125302866969686
000000000084,0.0,0.6,0.3,16.473520278930664,31.76791763305664,0.6584188789886347,0.6372549834014483
000000000084,0.0,0.7,0.3,14.852023124694824,32.41104888916016,0.5969551265409605,0.6157191199709466
000000000084,0.0,0.8,0.3,15.236221313476562,31.38726043701172,0.5259095273462047,0.6034821384534865
000000000084,0.0,0.9,0.3,13.921791076660156,32.02949523925781,0.4879623167205676,0.5884302089587271
000000000084,0.0,1.0,0.3,13.195511817932127,32.720314025878906,0.5,0.5867984192240769
000000000085,0.0,0.0,0.3,21.163707733154297,25.61875534057617,0.8032244314955554,0.6142045815596299
000000000085,0.0,0.1,0.3,21.15766334533692,25.46958923339844,0.7760221729983259,0.6111084082814158
000000000085,0.0,0.2,0.3,21.173179626464844,25.52131462097168,0.7859919455979683,0.6124662075412532
000000000085,0.0,0.3,0.3,21.1304931640625,25.339269638061523,0.7513808920105921,0.6079399402111508
000000000085,0.0,0.4,0.3,21.092369079589844,25.8966121673584,0.8505898393722092,0.6182230220851608
000000000085,0.0,0.5,0.3,20.95339584350586,25.63971900939941,0.7985977291736955,0.6101686274529108
000000000085,0.0,0.6,0.3,20.87020874023437,25.750791549682617,0.8153443048098796,0.610617424293299
000000000085,0.0,0.7,0.3,19.360706329345703,25.68362045288086,0.7428005766926393,0.5773189210648435
000000000085,0.0,0.8,0.3,18.58715438842773,24.087873458862305,0.423430201271354,0.5291868241726856
000000000085,0.0,0.9,0.3,12.746188163757324,23.93898200988769,0.1627915008419965,0.40254867519018367
000000000085,0.0,1.0,0.3,8.677955627441406,26.70537567138672,0.5,0.3714560005828545
000000000086,0.0,0.0,0.3,20.038036346435547,19.16551399230957,0.4962877573835186,0.46195963952511776
000000000086,0.0,0.1,0.3,20.073511123657227,19.43231773376465,0.5306776936353688,0.46801978530231647
000000000086,0.0,0.2,0.3,19.99533462524414,20.070390701293945,0.5958640113980225,0.47906122498156545
000000000086,0.0,0.3,0.3,19.76929473876953,19.986026763916016,0.5625098108318108,0.4725963818576271
000000000086,0.0,0.4,0.3,19.311006546020508,20.389938354492188,0.5609951046175508,0.4709299402274909
000000000086,0.0,0.5,0.3,19.02933692932129,19.723464965820312,0.4548873025858392,0.45170406507239486
000000000086,0.0,0.6,0.3,18.131595611572266,22.08407211303711,0.6323714667655731,0.4796681557005096
000000000086,0.0,0.7,0.3,17.614839553833008,21.99668884277344,0.5682482293576255,0.4669876674789588
000000000086,0.0,0.8,0.3,16.94816780090332,22.283981323242188,0.5315181889246029,0.45858840269370027
000000000086,0.0,0.9,0.3,15.295432090759276,23.51401138305664,0.5,0.44806954119280185
000000000086,0.0,1.0,0.3,15.366544723510742,21.728334426879883,0.3021204020901788,0.414042866506654
000000000087,0.0,0.0,0.3,19.096071243286133,20.3824462890625,0.5000212976070733,0.4662298627992294
000000000087,0.0,0.1,0.3,19.104766845703125,20.370548248291016,0.5,0.4661772278341808
000000000087,0.0,0.2,0.3,19.02753448486328,20.694862365722656,0.5116816373963288,0.4709953093664223
000000000087,0.0,0.3,0.3,18.771503448486328,20.38037109375,0.477363533829819,0.459316237329351
000000000087,0.0,0.4,0.3,17.945432662963867,26.477596282958984,0.7404675682069628,0.5631511812865231
000000000087,0.0,0.5,0.3,17.986337661743164,21.58220100402832,0.485988550690352,0.4666059815094255
000000000087,0.0,0.6,0.3,17.162187576293945,22.57425117492676,0.480878383022144,0.46889596551628765
000000000087,0.0,0.7,0.3,15.40414810180664,23.2229232788086,0.3928388884534497,0.4445792378254193
000000000087,0.0,0.8,0.3,14.504912376403809,26.91210174560547,0.5242837387445991,0.498948341520453
000000000087,0.0,0.9,0.3,13.02509307861328,29.882789611816406,0.5776271031023171,0.5267273595454658
000000000087,0.0,1.0,0.3,11.907721519470217,27.51165008544922,0.3753637846354855,0.4558861020306767
000000000088,0.0,0.0,0.3,17.580768585205078,27.209657669067383,0.6484269919781471,0.569996825715079
000000000088,0.0,0.1,0.3,17.56954574584961,27.14206886291504,0.6431982142167352,0.5684142757355595
000000000088,0.0,0.2,0.3,17.58294677734375,26.121213912963867,0.5881841634268402,0.5483844835515785
000000000088,0.0,0.3,0.3,17.541841506958008,27.57685089111328,0.6637471516200352,0.5764792078738703
000000000088,0.0,0.4,0.3,17.449443817138672,27.44697570800781,0.6444208494714476,0.5719384690480023
000000000088,0.0,0.5,0.3,17.252342224121094,24.53544807434082,0.45669127454062,0.5098298746224281
000000000088,0.0,0.6,0.3,16.38479232788086,30.21481704711914,0.6588721983103927,0.604471811624473
000000000088,0.0,0.7,0.3,15.498861312866213,28.850072860717773,0.466923309874456,0.5585568463068566
000000000088,0.0,0.8,0.3,13.927886962890623,33.52666473388672,0.5211923716756756,0.6183507981598129
000000000088,0.0,0.9,0.3,15.138639450073242,29.494327545166016,0.4555616503914246,0.5637493224154952
000000000088,0.0,1.0,0.3,13.766111373901367,30.98667907714844,0.3587518378816066,0.5643833394205925
000000000089,0.0,0.0,0.3,22.08646583557129,20.94342803955078,0.5242451683178504,0.5407105946855907
000000000089,0.0,0.1,0.3,22.075986862182617,21.30381965637207,0.5619677518753631,0.5476599890497552
000000000089,0.0,0.2,0.3,22.063705444335938,21.17878150939941,0.5475908754009265,0.5449118658238162
000000000089,0.0,0.3,0.3,21.96221351623535,21.36594009399414,0.5594026592295362,0.5464870827227887
000000000089,0.0,0.4,0.3,21.816410064697266,20.71689224243164,0.4781303737840661,0.5304847530329266
000000000089,0.0,0.5,0.3,21.6395320892334,21.84666633605957,0.584721404655927,0.5492204519092698
000000000089,0.0,0.6,0.3,21.43919563293457,21.377614974975582,0.5182971966700869,0.5356451223968861
000000000089,0.0,0.7,0.3,20.952232360839844,21.1689567565918,0.4565301847913602,0.5211822637606993
000000000089,0.0,0.8,0.3,20.16265106201172,21.79534339904785,0.4596279136846568,0.5169280227327606
000000000089,0.0,0.9,0.3,18.006860733032227,21.94645118713379,0.3012203700154863,0.4742885867343141
000000000089,0.0,1.0,0.3,15.912245750427246,25.38866424560547,0.5,0.49843271878827344
000000000090,0.0,0.0,0.3,20.009864807128903,21.664981842041016,0.4992780542994872,0.5110989506472273
000000000090,0.0,0.1,0.3,20.015056610107425,21.586896896362305,0.494393903823384,0.5096551028895884
000000000090,0.0,0.2,0.3,20.06376075744629,22.02962112426757,0.5279079278993658,0.5194959288957425
000000000090,0.0,0.3,0.3,20.09029960632324,23.28701400756836,0.6147631299894578,0.5450781640563034
000000000090,0.0,0.4,0.3,19.94519424438477,23.764480590820312,0.6361822916307012,0.55150662999347
000000000090,0.0,0.5,0.3,19.8389892578125,28.99396705627441,0.9812757325626806,0.6533171145183446
000000000090,0.0,0.6,0.3,16.777631759643555,28.739988327026367,0.7360401975217046,0.5834427464443601
000000000090,0.0,0.7,0.3,15.230795860290527,26.02956962585449,0.4378291965614558,0.49675693204835836
000000000090,0.0,0.8,0.3,14.038443565368652,26.55757713317871,0.3846332683035005,0.48201689729956665
000000000090,0.0,0.9,0.3,13.379480361938477,23.67230033874512,0.1407711414473467,0.4106512935275727
000000000090,0.0,1.0,0.3,13.851648330688477,28.087139129638672,0.4739659350965424,0.5084978134992033
000000000091,0.0,0.0,0.3,16.73799705505371,24.8731689453125,0.6822265263611544,0.5056593940791223
000000000091,0.0,0.1,0.3,16.745885848999023,24.97796630859375,0.6903478722242412,0.5079117463483835
000000000091,0.0,0.2,0.3,16.58738136291504,22.2586727142334,0.4842147652026577,0.4504455796211555
000000000091,0.0,0.3,0.3,16.278995513916016,24.449092864990234,0.6068303123792825,0.48750208628626646
000000000091,0.0,0.4,0.3,15.790425300598145,28.481903076171875,0.840467045611307,0.5574043141869174
000000000091,0.0,0.5,0.3,14.938311576843262,25.29600524902344,0.5325965512898059,0.4759670553379287
000000000091,0.0,0.6,0.3,13.840410232543944,29.257253646850582,0.7005416133006012,0.5315434535597531
000000000091,0.0,0.7,0.3,13.839083671569824,24.037473678588867,0.3350300483807518,0.42764926336185677
000000000091,0.0,0.8,0.3,13.560333251953123,27.496761322021484,0.5494164197765712,0.4905818997460044
000000000091,0.0,0.9,0.3,13.721071243286133,28.08156394958496,0.6063596938736731,0.5056220629182021
000000000091,0.0,1.0,0.3,11.725229263305664,29.401630401611328,0.5,0.48962993396821464
000000000092,0.0,0.0,0.3,17.321653366088867,23.72576141357422,0.5081650355493326,0.4951858564273929
000000000092,0.0,0.1,0.3,17.325708389282227,24.515125274658203,0.5567276801771258,0.5109789203539492
000000000092,0.0,0.2,0.3,17.326480865478516,24.366199493408203,0.5477872999694412,0.5080318680992181
000000000092,0.0,0.3,0.3,17.275463104248047,23.57997131347656,0.4926429593632699,0.4913068203049181
000000000092,0.0,0.4,0.3,16.695695877075195,25.34819793701172,0.5165109533426993,0.5142161102108669
000000000092,0.0,0.5,0.3,15.56251335144043,26.478561401367188,0.4218038220253906,0.5127149398534621
000000000092,0.0,0.6,0.3,14.627631187438965,29.72628402709961,0.4843867247265069,0.5575449378662051
000000000092,0.0,0.7,0.3,13.859206199645996,31.80630111694336,0.5,0.5826638080737396
000000000092,0.0,0.8,0.3,14.076729774475098,26.51124382019043,0.2095321433522184,0.48190559547519163
000000000092,0.0,0.9,0.3,14.782751083374023,26.099634170532227,0.2863264652050308,0.4886643071283996
000000000092,0.0,1.0,0.3,14.58674144744873,27.09818458557129,0.3187531422541322,0.5043837539749845
000000000093,0.0,0.0,0.3,20.120332717895508,14.745222091674805,0.5,0.37574472500800876
000000000093,0.0,0.1,0.3,20.048479080200195,15.792454719543455,0.5750901817995334,0.395061731460559
000000000093,0.0,0.2,0.3,19.811548233032227,15.929490089416504,0.5718293748635301,0.39277181263473765
000000000093,0.0,0.3,0.3,18.99833106994629,19.11695671081543,0.7661870280079528,0.43897891279850165
000000000093,0.0,0.4,0.3,17.34657096862793,20.162946701049805,0.75031200155941,0.4248185763787101
000000000093,0.0,0.5,0.3,15.778148651123049,19.59866714477539,0.6174136752741327,0.38038077288410055
000000000093,0.0,0.6,0.3,13.950725555419922,19.89411163330078,0.5346564282806294,0.34756620990158393
000000000093,0.0,0.7,0.3,12.730597496032717,21.165679931640625,0.5606724679216889,0.34703384538335824
000000000093,0.0,0.8,0.3,12.670927047729492,21.35462188720703,0.571533840863551,0.349530068251121
000000000093,0.0,0.9,0.3,11.903563499450684,20.290573120117188,0.4469024132487559,0.31210903188142614
000000000093,0.0,1.0,0.3,11.427224159240724,20.8425521850586,0.4612620118324073,0.3130067083857505
000000000094,0.0,0.0,0.3,20.641395568847656,21.68658447265625,0.5321204915171162,0.5249007149982996
000000000094,0.0,0.1,0.3,20.638671875,21.97551727294922,0.560371679161581,0.5305923905576454
000000000094,0.0,0.2,0.3,20.65549087524414,22.12460327148437,0.5759148171377944,0.5339151092280521
000000000094,0.0,0.3,0.3,20.5899715423584,21.8715934753418,0.5475773243824659,0.5274932858175302
000000000094,0.0,0.4,0.3,20.537961959838867,22.36589431762696,0.5933994927310757,0.5362279202421513
000000000094,0.0,0.5,0.3,20.41152572631836,22.03759384155273,0.5544341812533209,0.5270180787741363
000000000094,0.0,0.6,0.3,19.926586151123047,22.48293685913086,0.5725006272049546,0.5256117519377315
000000000094,0.0,0.7,0.3,18.853944778442383,21.487045288085938,0.4177795975215907,0.48308305539693047
000000000094,0.0,0.8,0.3,17.270828247070312,21.35214805603028,0.3206207793210765,0.4468782093178356
000000000094,0.0,0.9,0.3,13.97827434539795,22.358793258666992,0.2450534842333662,0.39719313612164275
000000000094,0.0,1.0,0.3,11.221113204956056,26.43979263305664,0.5,0.42001957886773045
000000000095,0.0,0.0,0.3,19.86071014404297,27.9073543548584,0.6465420610249646,0.6321550007111381
000000000095,0.0,0.1,0.3,19.883947372436523,27.11273765563965,0.4980280594931375,0.6168352934232679
000000000095,0.0,0.2,0.3,19.90265655517578,28.07163047790528,0.6821727701830591,0.6363120236332446
000000000095,0.0,0.3,0.3,19.70952796936035,28.47755622863769,0.7389358459260844,0.6403000961477814
000000000095,0.0,0.4,0.3,19.460662841796875,27.43256950378418,0.5141764619383576,0.6142369464210893
000000000095,0.0,0.5,0.3,19.07266616821289,28.76374053955078,0.7261808477641564,0.6325099702039672
000000000095,0.0,0.6,0.3,18.22557258605957,29.520183563232425,0.7806083865237115,0.6296259104873143
000000000095,0.0,0.7,0.3,17.235889434814453,29.74456024169922,0.7189237937168094,0.6131353346253916
000000000095,0.0,0.8,0.3,16.705116271972656,28.371767044067383,0.4021739496059303,0.574580245267508
000000000095,0.0,0.9,0.3,15.158805847167969,29.71357727050781,0.4941137804357477,0.5685390752689757
000000000095,0.0,1.0,0.3,16.613107681274414,29.22616004943848,0.5547959233406157,0.5896332641822182
000000000096,0.0,0.0,0.3,18.18529510498047,21.876022338867188,0.5931398763316498,0.47666528699169863
000000000096,0.0,0.1,0.3,18.190542221069336,21.61264991760254,0.5710641148169023,0.47153565657947394
000000000096,0.0,0.2,0.3,18.1595458984375,21.55037498474121,0.5628771300886652,0.46964016533463665
000000000096,0.0,0.3,0.3,18.081356048583984,21.659082412719727,0.5649916056332193,0.4701477106686034
000000000096,0.0,0.4,0.3,18.04794883728028,21.113832473754883,0.5152143276204698,0.45859066490215006
000000000096,0.0,0.5,0.3,17.728614807128906,21.457178115844727,0.5152311836985224,0.45866123515256735
000000000096,0.0,0.6,0.3,17.632715225219727,20.782978057861328,0.4486570448878243,0.4432150671126285
000000000096,0.0,0.7,0.3,14.214006423950195,23.15715789794922,0.3373519514231217,0.41807078513143847
000000000096,0.0,0.8,0.3,12.758180618286133,26.620466232299805,0.5,0.4561602741067672
000000000096,0.0,0.9,0.3,16.13399887084961,25.59171295166016,0.7225976001441563,0.5071684507269774
000000000096,0.0,1.0,0.3,15.70728588104248,23.58578109741211,0.5115078697549911,0.4582181629987636
000000000097,0.0,0.0,0.3,15.703132629394531,23.19570541381836,0.5,0.4503682787292291
000000000097,0.0,0.1,0.3,15.677037239074709,23.355913162231445,0.5140717604262905,0.45300364367598117
000000000097,0.0,0.2,0.3,15.592289924621582,24.57689094543457,0.6400352770099582,0.47550492035289704
000000000097,0.0,0.3,0.3,15.25593376159668,25.40269470214844,0.6794630040134635,0.48481528890737685
000000000097,0.0,0.4,0.3,14.976346969604492,25.579795837402344,0.6538927288185514,0.4824194328475009
000000000097,0.0,0.5,0.3,14.925103187561035,25.03390884399414,0.5829561942639547,0.4704720427163033
000000000097,0.0,0.6,0.3,14.61807346343994,25.233327865600582,0.5554413060758944,0.46793920941477535
000000000097,0.0,0.7,0.3,13.793115615844728,24.777210235595703,0.3678847753066042,0.4413956369922062
000000000097,0.0,0.8,0.3,13.454181671142578,26.92948341369629,0.5588374301653078,0.47704625472761825
000000000097,0.0,0.9,0.3,12.885059356689451,27.560592651367188,0.5377849383314688,0.47755393996508333
000000000097,0.0,1.0,0.3,12.654688835144045,27.30482482910156,0.4707016689840928,0.4675867104717404
000000000098,0.0,0.0,0.3,19.691059112548828,22.650745391845703,0.5800371431203571,0.5239638986772256
000000000098,0.0,0.1,0.3,19.658966064453125,22.626026153564453,0.5772034726545537,0.5227924898120624
000000000098,0.0,0.2,0.3,19.688644409179688,23.471996307373047,0.6250015191950653,0.5402544803850385
000000000098,0.0,0.3,0.3,19.65291404724121,23.647201538085938,0.63297359271255,0.5429842647070068
000000000098,0.0,0.4,0.3,19.55367088317871,23.03379249572754,0.5947386168950778,0.5286769539794584
000000000098,0.0,0.5,0.3,19.544790267944336,21.19251251220703,0.4932687143250505,0.4918500984853862
000000000098,0.0,0.6,0.3,19.24668502807617,21.641735076904297,0.5042061308362509,0.49447696103323735
000000000098,0.0,0.7,0.3,17.749086380004883,26.68202781677246,0.7119301970107598,0.5630616782916469
000000000098,0.0,0.8,0.3,15.002041816711426,30.30223846435547,0.78421163414255,0.5769332955109119
000000000098,0.0,0.9,0.3,13.67837619781494,29.664737701416016,0.688306484168108,0.5362209237377125
000000000098,0.0,1.0,0.3,8.826207160949707,23.916534423828125,0.1495117375610328,0.3191011249349315
000000000099,0.0,0.0,0.3,20.649627685546875,30.458051681518555,0.8866878709089445,0.6996145816248823
000000000099,0.0,0.1,0.3,20.63054847717285,26.81621360778809,0.7551783564549429,0.626743271056071
000000000099,0.0,0.2,0.3,20.653717041015625,19.60375022888184,0.5,0.4837162063631669
000000000099,0.0,0.3,0.3,19.90546417236328,28.133075714111328,0.7394553642814309,0.6375941432288998
000000000099,0.0,0.4,0.3,18.74664688110352,30.564680099487305,0.7259879153491433,0.6614430073786759
000000000099,0.0,0.5,0.3,17.392131805419922,30.36983299255371,0.6019497914317892,0.628885605597332
000000000099,0.0,0.6,0.3,16.218395233154297,31.137439727783203,0.5278580260478651,0.6193074158247299
000000000099,0.0,0.7,0.3,15.617152214050291,32.36201858520508,0.5195497987749899,0.6309441743282524
000000000099,0.0,0.8,0.3,14.990899085998535,33.62589645385742,0.5104809061918746,0.6428333676127789
000000000099,0.0,0.9,0.3,14.869654655456545,28.68686866760254,0.3238847424990576,0.5419866249592282
000000000099,0.0,1.0,0.3,15.331632614135742,33.12930679321289,0.5222280889618808,0.640166570744608
000000000100,0.0,0.0,0.3,23.132349014282227,26.80158042907715,0.5561776759848787,0.6794247045235888
000000000100,0.0,0.1,0.3,23.09598159790039,26.073814392089844,0.4982837540447714,0.6641731725586024
000000000100,0.0,0.2,0.3,22.96367835998535,26.34496307373047,0.5129706125597517,0.6667672790252177
000000000100,0.0,0.3,0.3,22.284086227416992,27.898021697998047,0.6007830131260902,0.6832813635918211
000000000100,0.0,0.4,0.3,21.923185348510746,27.956422805786133,0.5882595251491198,0.676801820144563
000000000100,0.0,0.5,0.3,20.769580841064453,28.10068702697754,0.5449548207152722,0.6552462845372033
000000000100,0.0,0.6,0.3,19.384262084960938,28.404220581054688,0.5030093999299892,0.6319537091276366
000000000100,0.0,0.7,0.3,16.5460262298584,28.75303077697754,0.3959931135552582,0.5787983043141628
000000000100,0.0,0.8,0.3,14.579092025756836,31.887758255004883,0.5451455450414521,0.5995274029517423
000000000100,0.0,0.9,0.3,13.95935344696045,32.55117416381836,0.5671092943625097,0.5996062059807714
000000000100,0.0,1.0,0.3,12.537301063537598,31.735515594482425,0.4370377284819034,0.5532655292907698
000000000101,0.0,0.0,0.3,16.302698135375977,17.031511306762695,0.5,0.3404047733403476
000000000101,0.0,0.1,0.3,16.302045822143555,17.65801239013672,0.5685964752160384,0.35285743042879547
000000000101,0.0,0.2,0.3,16.21600914001465,19.14850234985352,0.7191266129876682,0.38069431035764145
000000000101,0.0,0.3,0.3,15.611712455749512,21.029590606689453,0.8347890324238557,0.4053300024751196
000000000101,0.0,0.4,0.3,15.001084327697754,21.204120635986328,0.7623824456504786,0.3958735835999466
000000000101,0.0,0.5,0.3,14.714423179626465,21.01667594909668,0.698854308460886,0.3860739998681374
000000000101,0.0,0.6,0.3,13.693017959594728,21.461200714111328,0.5944696114496248,0.3732923771946044
000000000101,0.0,0.7,0.3,13.049595832824709,21.59157943725586,0.5123055763261705,0.36226303751199596
000000000101,0.0,0.8,0.3,13.092223167419434,20.32844924926757,0.3801970786631845,0.3380311488689386
000000000101,0.0,0.9,0.3,13.54629611968994,19.134241104125977,0.3173282866668596,0.3238825749078442
000000000101,0.0,1.0,0.3,12.96751308441162,17.655902862548828,0.06846296348193,0.2822107400063508
000000000102,0.0,0.0,0.3,22.45891761779785,23.50184631347656,0.4971366016393646,0.5995056505593592
000000000102,0.0,0.1,0.3,22.52696228027344,23.61700439453125,0.5173927372013185,0.603237894237797
000000000102,0.0,0.2,0.3,22.49838256835937,24.20614051818848,0.6051694073845295,0.6143557134299649
000000000102,0.0,0.3,0.3,22.322736740112305,24.21137046813965,0.5985679251627491,0.6107406930739385
000000000102,0.0,0.4,0.3,21.918760299682617,24.325719833374023,0.5988387217037803,0.604462366226631
000000000102,0.0,0.5,0.3,20.1538314819336,26.32125663757324,0.8259615356668684,0.606800432263682
000000000102,0.0,0.6,0.3,18.77628517150879,25.78611946105957,0.6871691049808064,0.5669840896604832
000000000102,0.0,0.7,0.3,15.780884742736816,26.03403663635254,0.5985629972996374,0.5084932885575695
000000000102,0.0,0.8,0.3,14.553549766540527,26.812368392944336,0.6644695485309702,0.49799362962255234
000000000102,0.0,0.9,0.3,13.8480224609375,26.449722290039062,0.5800084017202158,0.475838803793977
000000000102,0.0,1.0,0.3,10.645160675048828,24.19912910461425,0.1053131159375616,0.36323850148833114
000000000103,0.0,0.0,0.3,20.662494659423828,26.76597213745117,0.539959923415293,0.62641996009915
000000000103,0.0,0.1,0.3,20.597888946533203,27.492305755615234,0.6506064488765386,0.6395050046154038
000000000103,0.0,0.2,0.3,20.16978454589844,26.521629333496094,0.4379333543167849,0.6111253471720204
000000000103,0.0,0.3,0.3,19.80897331237793,26.62535858154297,0.4094459220921669,0.6055496665502362
000000000103,0.0,0.4,0.3,19.40604019165039,28.067176818847656,0.5944840275930714,0.6257081489723197
000000000103,0.0,0.5,0.3,19.10251808166504,27.85965156555176,0.5223106106238884,0.6151519803392458
000000000103,0.0,0.6,0.3,18.81413078308105,28.59153175354004,0.605674479553848,0.6236090881004077
000000000103,0.0,0.7,0.3,18.083391189575195,27.88704299926757,0.3984109003205036,0.5941182461356818
000000000103,0.0,0.8,0.3,17.034067153930664,28.70425033569336,0.3998740787750839,0.5881613224659319
000000000103,0.0,0.9,0.3,16.69329261779785,28.442148208618164,0.3140824527069474,0.5757303774184078
000000000103,0.0,1.0,0.3,17.288820266723633,29.578977584838867,0.5750185607434869,0.6109612248925449
000000000104,0.0,0.0,0.3,18.676233291625977,25.79312896728516,0.560134595341012,0.5650050907050357
000000000104,0.0,0.1,0.3,18.655994415283203,27.11259651184082,0.7412037871367183,0.5908320602192217
000000000104,0.0,0.2,0.3,18.65972328186035,28.32246398925781,0.9093590538004904,0.614985634369018
000000000104,0.0,0.3,0.3,17.529157638549805,28.96323585510254,0.8903612970092039,0.6037977058270793
000000000104,0.0,0.4,0.3,16.31246566772461,25.35954666137696,0.2744714397580813,0.5063274954424257
000000000104,0.0,0.5,0.3,15.708056449890137,26.97040748596192,0.4402186207086412,0.5255836681790823
000000000104,0.0,0.6,0.3,14.209296226501465,28.406614303588867,0.4964120146351091,0.5224276725943493
000000000104,0.0,0.7,0.3,13.4357271194458,26.056671142578125,0.0966859071694236,0.4592877949853023
000000000104,0.0,0.8,0.3,13.57099151611328,26.31087875366211,0.1448482467733507,0.4672102208965935
000000000104,0.0,0.9,0.3,14.717781066894531,25.658706665039062,0.1638128119036257,0.47851482312513527
000000000104,0.0,1.0,0.3,14.50300121307373,28.964645385742188,0.6018292945912054,0.5397505365283098
000000000105,0.0,0.0,0.3,14.843134880065918,24.54866981506348,0.5647006008151005,0.45908090489514475
000000000105,0.0,0.1,0.3,14.846358299255373,24.64313125610352,0.5725367710974341,0.46102880351107833
000000000105,0.0,0.2,0.3,14.839356422424316,25.234607696533203,0.6174725003572524,0.47265007630030764
000000000105,0.0,0.3,0.3,14.728492736816406,25.959869384765625,0.6570305823818013,0.48473433410630895
000000000105,0.0,0.4,0.3,14.634860038757324,28.168109893798828,0.814539685872226,0.5266925795037944
000000000105,0.0,0.5,0.3,14.52049732208252,28.824859619140625,0.8482378332076795,0.5373394601772875
000000000105,0.0,0.6,0.3,14.273930549621582,29.84871864318848,0.8903974422860823,0.5524920254203292
000000000105,0.0,0.7,0.3,13.703326225280762,30.08564186096192,0.8221173713244159,0.5451245969435075
000000000105,0.0,0.8,0.3,13.207862854003906,30.139568328857425,0.7510234620245955,0.535706815929753
000000000105,0.0,0.9,0.3,11.555896759033203,25.97469139099121,0.1760934910603615,0.4178533726345164
000000000105,0.0,1.0,0.3,13.415969848632812,23.710433959960938,0.2826462286311996,0.41218271857993577
000000000106,0.0,0.0,0.3,19.56970596313477,21.96518516540528,0.4990006492571094,0.5077527310202723
000000000106,0.0,0.1,0.3,19.58366584777832,22.45979690551757,0.5287797865058101,0.5178903758625373
000000000106,0.0,0.2,0.3,19.527830123901367,23.6843490600586,0.5960352103180401,0.5410749454827626
000000000106,0.0,0.3,0.3,19.48130416870117,24.84738540649414,0.6603776984372709,0.5632325622769765
000000000106,0.0,0.4,0.3,19.26982879638672,26.440814971923828,0.7379550273602724,0.5904617789087716
000000000106,0.0,0.5,0.3,18.98718643188477,27.82818603515625,0.7984478537314799,0.6120838528601397
000000000106,0.0,0.6,0.3,18.65721702575684,26.19103240966797,0.679565788290567,0.5725201494751129
000000000106,0.0,0.7,0.3,18.540010452270508,27.54314613342285,0.7498502142402121,0.5969435567486173
000000000106,0.0,0.8,0.3,18.39560317993164,27.14080810546875,0.7161017936142557,0.5858799595564457
000000000106,0.0,0.9,0.3,16.458641052246094,25.67264938354492,0.492012667018651,0.5156528762454438
000000000106,0.0,1.0,0.3,12.599188804626465,30.558225631713867,0.5,0.5311495533759898
000000000107,0.0,0.0,0.3,16.306331634521484,21.798479080200195,0.7998869193863601,0.4353374998093953
000000000107,0.0,0.1,0.3,16.302833557128906,21.79940414428711,0.798991949702493,0.4352818396771788
000000000107,0.0,0.2,0.3,16.28162384033203,21.845930099487305,0.8082143290482384,0.43575854895795274
000000000107,0.0,0.3,0.3,16.25879669189453,21.69563865661621,0.746406746719632,0.4322846283813645
000000000107,0.0,0.4,0.3,16.233196258544922,21.84659004211425,0.7914756531082214,0.4347462851582287
000000000107,0.0,0.5,0.3,16.231287002563477,21.32170486450196,0.6028911559092993,0.42426140006640745
000000000107,0.0,0.6,0.3,16.23758888244629,21.20178985595703,0.5621690771724666,0.4220086988584293
000000000107,0.0,0.7,0.3,16.1202335357666,21.739089965820312,0.7133933775970476,0.43021533892505104
000000000107,0.0,0.8,0.3,16.104839324951172,20.960834503173828,0.4293724686341288,0.414403222486448
000000000107,0.0,0.9,0.3,15.991680145263672,22.18421936035156,0.8276942807178961,0.436350809447165
000000000107,0.0,1.0,0.3,14.879888534545898,22.35743522644043,0.5,0.4162567075855528
000000000108,0.0,0.0,0.3,21.86127471923828,12.819273948669434,0.5163706223133152,0.37428348113850757
000000000108,0.0,0.1,0.3,21.85655403137207,12.490965843200684,0.506658404932513,0.367650667914261
000000000108,0.0,0.2,0.3,21.570331573486328,12.250844955444336,0.4841594320997834,0.3568121924056122
000000000108,0.0,0.3,0.3,21.216279983520508,12.946228981018066,0.4849097860510865,0.36315271684108924
000000000108,0.0,0.4,0.3,20.52939224243164,19.20238494873047,0.627687617038299,0.4730971876408746
000000000108,0.0,0.5,0.3,19.4233512878418,24.31480598449707,0.7147051097571602,0.5514079165607799
000000000108,0.0,0.6,0.3,16.45638084411621,29.612096786499023,0.7057274258822738,0.5939943472978083
000000000108,0.0,0.7,0.3,15.973445892333984,26.960193634033203,0.6030595612804565,0.5309997289887363
000000000108,0.0,0.8,0.3,14.762534141540527,27.48701477050781,0.5523030961680471,0.5158431130481874
000000000108,0.0,0.9,0.3,15.250736236572266,26.935821533203125,0.5630093051228353,0.5152122529249765
000000000108,0.0,1.0,0.3,12.6777925491333,26.8174057006836,0.4195135491089282,0.4583769652940122
000000000109,0.0,0.0,0.3,16.190027236938477,21.434675216674805,0.582462971677262,0.4256357214974286
000000000109,0.0,0.1,0.3,16.199785232543945,20.623973846435547,0.5,0.40971054591059997
000000000109,0.0,0.2,0.3,16.1694278717041,24.028854370117188,0.8478798109320111,0.47681998278870386
000000000109,0.0,0.3,0.3,16.011262893676758,23.134740829467773,0.7324176041517605,0.45567945848988173
000000000109,0.0,0.4,0.3,15.759846687316896,24.23977851867676,0.810264541287611,0.47234468130435225
000000000109,0.0,0.5,0.3,15.534771919250488,25.45653533935547,0.9034931500213824,0.4917907021192548
000000000109,0.0,0.6,0.3,15.290853500366213,25.06624221801757,0.8277140667430511,0.47885975256255986
000000000109,0.0,0.7,0.3,14.917096138000488,24.903636932373047,0.7566504089460554,0.46771027971295864
000000000109,0.0,0.8,0.3,14.391077995300291,24.0684871673584,0.5939059608137135,0.43995420197024465
000000000109,0.0,0.9,0.3,13.387094497680664,22.29001808166504,0.2641987523789925,0.3833070880495065
000000000109,0.0,1.0,0.3,12.754364967346191,24.91069221496582,0.4435244512470921,0.422057442412737
000000000110,0.0,0.0,0.3,21.074684143066406,19.608577728271484,0.4988510084810335,0.4927257379253649
000000000110,0.0,0.1,0.3,21.088075637817383,19.65004539489746,0.5022865993143042,0.4938344335234383
000000000110,0.0,0.2,0.3,21.07404136657715,20.436458587646484,0.5444466497513096,0.5091857643819692
000000000110,0.0,0.3,0.3,20.88204765319824,20.461669921875,0.5293637677959391,0.5056221980137083
000000000110,0.0,0.4,0.3,19.760820388793945,27.301815032958984,0.81033986927272,0.6179905952943006
000000000110,0.0,0.5,0.3,18.284780502319336,26.999095916748047,0.6670030481389371,0.580713554449638
000000000110,0.0,0.6,0.3,16.987110137939453,27.60433578491211,0.5890367876543638,0.5652803491702352
000000000110,0.0,0.7,0.3,15.87134075164795,28.676118850708008,0.5524036522907171,0.5629822155204421
000000000110,0.0,0.8,0.3,15.70179557800293,27.012910842895508,0.4461444758738772,0.5262968573324387
000000000110,0.0,0.9,0.3,15.260576248168944,27.950439453125,0.4599847749359855,0.5356100382870274
000000000110,0.0,1.0,0.3,16.1729793548584,28.372119903564453,0.5615212419665675,0.5633199084683326
000000000111,0.0,0.0,0.3,17.46737289428711,18.33753967285156,0.5997240397296805,0.3910534414140019
000000000111,0.0,0.1,0.3,17.41863441467285,18.12651634216309,0.5855705690915605,0.385822402534631
000000000111,0.0,0.2,0.3,17.371171951293945,18.2031478881836,0.5846085963302887,0.38634229941909337
000000000111,0.0,0.3,0.3,17.191600799560547,17.65153694152832,0.5427265411669485,0.3715638333971615
000000000111,0.0,0.4,0.3,16.889362335205078,19.19083976745605,0.5843761637528542,0.3957942067481231
000000000111,0.0,0.5,0.3,16.38174057006836,17.287391662597656,0.4503434942295683,0.3471700521439812
000000000111,0.0,0.6,0.3,14.832756042480469,16.1430721282959,0.253295324124298,0.2916018604658225
000000000111,0.0,0.7,0.3,13.17677402496338,22.58276557922364,0.3908711868970064,0.38467905887262405
000000000111,0.0,0.8,0.3,12.631394386291504,22.875871658325195,0.3531217459155321,0.3789636907331988
000000000111,0.0,0.9,0.3,12.127756118774414,24.634620666503903,0.3858847335845329,0.4032963287607178
000000000111,0.0,1.0,0.3,12.626123428344728,27.14577293395996,0.5466669548136684,0.4638169688067194
000000000112,0.0,0.0,0.3,15.585321426391602,29.45682907104492,0.5,0.5724611095645575
000000000112,0.0,0.1,0.3,15.578556060791016,29.965612411499023,0.5688837918778704,0.5824419166305463
000000000112,0.0,0.2,0.3,15.459732055664062,30.03625869750977,0.5606891633337032,0.5813317207803801
000000000112,0.0,0.3,0.3,15.297195434570312,30.637985229492188,0.6188756316943597,0.5898636947766169
000000000112,0.0,0.4,0.3,15.263919830322266,31.382707595825195,0.7161818873202574,0.6039780262005003
000000000112,0.0,0.5,0.3,14.722664833068848,31.916622161865234,0.7079973891821828,0.6031417343610914
000000000112,0.0,0.6,0.3,14.388967514038086,31.034778594970703,0.5365670587917566,0.578528678993907
000000000112,0.0,0.7,0.3,12.805177688598633,32.557472229003906,0.5071749600215484,0.5752932470699356
000000000112,0.0,0.8,0.3,12.851985931396484,33.096038818359375,0.588221636872547,0.5870010545057307
000000000112,0.0,0.9,0.3,12.27633571624756,31.30681610107422,0.2556739226376753,0.5392094000834091
000000000112,0.0,1.0,0.3,12.26638126373291,31.83894729614257,0.3272850962843695,0.5495872707480578
000000000113,0.0,0.0,0.3,18.6207332611084,27.05078125,0.8223488200277396,0.5888554130950978
000000000113,0.0,0.1,0.3,18.6053409576416,27.421913146972656,0.8834245483296093,0.5959144897163736
000000000113,0.0,0.2,0.3,18.37827491760254,25.165027618408203,0.46274382341373,0.5461978690494274
000000000113,0.0,0.3,0.3,17.996540069580078,26.959211349487305,0.7107823571084968,0.5738167650761558
000000000113,0.0,0.4,0.3,17.057140350341797,25.66165351867676,0.3446308653352261,0.5281065760453625
000000000113,0.0,0.5,0.3,16.5734806060791,26.146381378173828,0.3531705445610555,0.5275110497044834
000000000113,0.0,0.6,0.3,16.97712516784668,27.625932693481445,0.6681076203359936,0.5654986768251526
000000000113,0.0,0.7,0.3,16.81111717224121,26.795738220214844,0.5006862086269965,0.5454639834375072
000000000113,0.0,0.8,0.3,16.552696228027344,28.09004783630371,0.6822251947392701,0.565747128049898
000000000113,0.0,0.9,0.3,16.205381393432617,27.60539627075196,0.5460109090063221,0.5487492868352271
000000000113,0.0,1.0,0.3,15.366798400878906,27.31904983520508,0.3682063808684805,0.5252954205823777
000000000114,0.0,0.0,0.3,21.003793716430664,17.12151527404785,0.5128295081813334,0.44173575850653773
000000000114,0.0,0.1,0.3,21.009849548339844,17.795116424560547,0.5701279595813897,0.4552676759722951
000000000114,0.0,0.2,0.3,20.949451446533203,16.96571922302246,0.4965740512239171,0.43748500942446306
000000000114,0.0,0.3,0.3,20.634265899658203,17.372243881225586,0.513068697034004,0.4389005902172361
000000000114,0.0,0.4,0.3,20.35848617553711,17.821048736572266,0.5353734653563491,0.44199185685283965
000000000114,0.0,0.5,0.3,20.156051635742188,17.133865356445312,0.4657874487278141,0.4240315900071006
000000000114,0.0,0.6,0.3,18.662078857421875,20.541446685791016,0.6691661156783795,0.460204475668713
000000000114,0.0,0.7,0.3,18.52157020568848,20.21127891540528,0.6332794222853988,0.4506595112302013
000000000114,0.0,0.8,0.3,17.230735778808594,22.879175186157227,0.7856381275879756,0.4764149396863153
000000000114,0.0,0.9,0.3,15.304969787597656,20.00855827331543,0.4336842526392599,0.3785180234294273
000000000114,0.0,1.0,0.3,12.195050239562988,19.225994110107425,0.1911128535644642,0.29709732378139997
000000000115,0.0,0.0,0.3,22.94634437561035,23.41118049621582,0.6411124917603025,0.6080222058376425
000000000115,0.0,0.1,0.3,22.827619552612305,23.5518741607666,0.6603894777551629,0.6083079519738002
000000000115,0.0,0.2,0.3,22.41641998291016,23.509971618652344,0.622047133923167,0.5987674962021559
000000000115,0.0,0.3,0.3,20.96958351135254,23.25674629211425,0.4661251459911906,0.5630936576040341
000000000115,0.0,0.4,0.3,19.983829498291016,22.700714111328125,0.2837211944766026,0.5311572644508553
000000000115,0.0,0.5,0.3,17.884418487548828,23.428430557250977,0.2749920958698813,0.5011852742412916
000000000115,0.0,0.6,0.3,17.27228546142578,25.008129119873047,0.5440622091787426,0.5196578205203377
000000000115,0.0,0.7,0.3,17.1601619720459,23.823272705078125,0.3005410070317797,0.4937068049232757
000000000115,0.0,0.8,0.3,16.833621978759766,25.218090057373047,0.5537398618287321,0.5145475698906701
000000000115,0.0,0.9,0.3,17.245859146118164,24.042329788208008,0.3503063535198675,0.49988025973678984
000000000115,0.0,1.0,0.3,16.097511291503906,24.25760841369629,0.3092295977512255,0.47984911176456335
000000000116,0.0,0.0,0.3,18.78391456604004,20.45328521728516,0.5,0.46102991381267155
000000000116,0.0,0.1,0.3,18.78026580810547,21.16890335083008,0.5520153394200159,0.47519242571246434
000000000116,0.0,0.2,0.3,18.52325820922852,21.802125930786133,0.5708445704326073,0.48235081653833106
000000000116,0.0,0.3,0.3,18.04787826538086,20.902240753173828,0.4539981332363338,0.4543788002020454
000000000116,0.0,0.4,0.3,17.599943161010742,21.807939529418945,0.4723200087024233,0.46291641487789176
000000000116,0.0,0.5,0.3,16.712522506713867,23.149036407470703,0.4754280794967721,0.47081224744994865
000000000116,0.0,0.6,0.3,16.18255615234375,23.40097427368164,0.4370823636789246,0.46460404890790263
000000000116,0.0,0.7,0.3,14.34029769897461,24.71121406555176,0.3356021471816292,0.4516683297424282
000000000116,0.0,0.8,0.3,14.118365287780762,24.501325607299805,0.2964473623192615,0.44279270032208834
000000000116,0.0,0.9,0.3,14.214085578918455,24.10957908630371,0.2780170600442379,0.4370242707536108
000000000116,0.0,1.0,0.3,14.369675636291504,27.280872344970703,0.5269325575106246,0.5034228701425243
000000000117,0.0,0.0,0.3,20.60386657714844,17.68365478515625,0.5058667133030591,0.44445354955932054
000000000117,0.0,0.1,0.3,20.57830810546875,17.80940818786621,0.5113259685267644,0.4464146912661786
000000000117,0.0,0.2,0.3,20.45799827575684,18.46257209777832,0.5404091724685971,0.45686429642374443
000000000117,0.0,0.3,0.3,20.264461517333984,18.103429794311523,0.5092259403809127,0.4456199742367951
000000000117,0.0,0.4,0.3,19.692834854125977,18.37950134277344,0.4910530901429879,0.43900989435046456
000000000117,0.0,0.5,0.3,19.06005477905273,17.57756996154785,0.4096869389270309,0.40965425928149024
000000000117,0.0,0.6,0.3,17.84688949584961,18.43355369567871,0.3860544104401335,0.40099978901572997
000000000117,0.0,0.7,0.3,16.149669647216797,20.540847778320312,0.4033047550722947,0.4069953197558551
000000000117,0.0,0.8,0.3,15.105183601379396,22.7904109954834,0.4666078387467228,0.4296426532983544
000000000117,0.0,0.9,0.3,14.272793769836426,24.58844757080078,0.5173481901347908,0.4477961389689882
000000000117,0.0,1.0,0.3,12.056864738464355,26.61881828308105,0.5,0.44127796335822234
000000000118,0.0,0.0,0.3,23.30474090576172,23.402475357055664,0.5,0.6154376009015831
000000000118,0.0,0.1,0.3,23.271339416503903,24.11857795715332,0.5627539631618165,0.6289797747429561
000000000118,0.0,0.2,0.3,23.03800392150879,24.80166244506836,0.6101561904366916,0.6376315739909368
000000000118,0.0,0.3,0.3,22.65477561950684,26.08425521850586,0.7025553178446945,0.6550389248584036
000000000118,0.0,0.4,0.3,22.23011779785156,25.519948959350582,0.6252171103407305,0.6348184254080689
000000000118,0.0,0.5,0.3,21.32109642028809,27.299257278442383,0.7300646412875365,0.6509766650845675
000000000118,0.0,0.6,0.3,20.506383895874023,27.2730712890625,0.6773161273854134,0.6332050453368907
000000000118,0.0,0.7,0.3,19.228836059570312,27.444425582885746,0.613828640615718,0.6095642124661241
000000000118,0.0,0.8,0.3,18.013015747070312,28.926307678222656,0.6727829842641713,0.613308000885793
000000000118,0.0,0.9,0.3,15.99570369720459,27.91692543029785,0.4566751578580333,0.550508595693295
000000000118,0.0,1.0,0.3,15.21878433227539,28.412363052368164,0.4534793422416999,0.5439167589994185
000000000119,0.0,0.0,0.3,21.43822860717773,25.879901885986328,0.7438323702727094,0.6252136704242135
000000000119,0.0,0.1,0.3,21.405258178710938,24.900049209594727,0.6941831664564613,0.605017904612601
000000000119,0.0,0.2,0.3,21.205411911010746,26.181894302368164,0.741271426867805,0.6262932713818347
000000000119,0.0,0.3,0.3,20.83872413635254,24.33893585205078,0.6254899214262395,0.5818568812388585
000000000119,0.0,0.4,0.3,20.008045196533203,24.38194465637207,0.5664941458056112,0.56512406859265
000000000119,0.0,0.5,0.3,19.40675926208496,23.100248336791992,0.4605165862920697,0.5268886528784514
000000000119,0.0,0.6,0.3,18.552797317504883,20.820756912231445,0.2878730685340456,0.4634484418421133
000000000119,0.0,0.7,0.3,16.05769920349121,25.25321578979492,0.3180704643312477,0.4988172912936022
000000000119,0.0,0.8,0.3,16.486021041870117,31.19498443603516,0.6359308230381411,0.6261191267323039
000000000119,0.0,0.9,0.3,16.368906021118164,21.26569366455078,0.1487652633616291,0.4260607748145763
000000000119,0.0,1.0,0.3,14.637038230895996,23.02342414855957,0.1061605421355033,0.4243668650901985
000000000120,0.0,0.0,0.3,21.25348281860352,15.929455757141112,0.4985182361765396,0.42330235733197996
000000000120,0.0,0.1,0.3,21.28597450256348,16.35367774963379,0.519907614640559,0.4324317361252189
000000000120,0.0,0.2,0.3,21.098901748657227,20.762168884277344,0.7182550874723317,0.5161933187169025
000000000120,0.0,0.3,0.3,20.70956039428711,20.72528648376465,0.6987686143742058,0.5072155779099417
000000000120,0.0,0.4,0.3,20.106090545654297,24.99070167541504,0.8714123715265776,0.5793134484693573
000000000120,0.0,0.5,0.3,19.353214263916016,24.7571029663086,0.8261157299885663,0.5587239223425811
000000000120,0.0,0.6,0.3,18.494792938232425,26.5842227935791,0.8727098333274474,0.576904937300126
000000000120,0.0,0.7,0.3,16.94481086730957,26.398578643798828,0.7933120392547515,0.5403918829486504
000000000120,0.0,0.8,0.3,14.981955528259276,24.19128799438477,0.6002148903035112,0.4549088814988629
000000000120,0.0,0.9,0.3,10.322120666503906,22.044620513916016,0.2869684872443383,0.31352690123240057
000000000120,0.0,1.0,0.3,11.598979949951172,21.20289421081543,0.3056989052985732,0.3238137175645499
000000000121,0.0,0.0,0.3,18.62184715270996,25.73812866210937,0.5588171172397959,0.5627591028875936
000000000121,0.0,0.1,0.3,18.574338912963867,26.22623062133789,0.6414415879781084,0.5714656989801641
000000000121,0.0,0.2,0.3,18.591249465942383,26.631420135498047,0.7138357370724906,0.5798864471932355
000000000121,0.0,0.3,0.3,18.267576217651367,25.587791442871094,0.5084588572629632,0.552266348510773
000000000121,0.0,0.4,0.3,17.64207649230957,25.871967315673828,0.5161951390533727,0.5446768358100276
000000000121,0.0,0.5,0.3,17.474822998046875,28.24699783325196,0.922549069861429,0.5883951304292969
000000000121,0.0,0.6,0.3,16.92910385131836,25.5908432006836,0.4186173492053808,0.5239865340941516
000000000121,0.0,0.7,0.3,16.346702575683594,27.282699584960938,0.6768034132130094,0.5453203934530276
000000000121,0.0,0.8,0.3,15.203377723693848,26.463699340820312,0.4555816543648068,0.5048149419645016
000000000121,0.0,0.9,0.3,13.763667106628418,25.403654098510746,0.1719593377175369,0.45323743071458883
000000000121,0.0,1.0,0.3,11.217002868652344,26.713455200195312,0.2303276043766441,0.42537803830164667
000000000122,0.0,0.0,0.3,19.637693405151367,18.12353515625,0.5494200228821902,0.43274898222064223
000000000122,0.0,0.1,0.3,19.600357055664062,18.409099578857425,0.5661681752045037,0.4376407506285329
000000000122,0.0,0.2,0.3,19.55297088623047,17.40131950378418,0.4936632321524739,0.4165840338653363
000000000122,0.0,0.3,0.3,19.00168800354004,19.28678703308105,0.5814497988412636,0.4424293705827348
000000000122,0.0,0.4,0.3,18.16090965270996,21.116851806640625,0.6437926139733203,0.46104255446837406
000000000122,0.0,0.5,0.3,16.714000701904297,22.058395385742188,0.6000002336104724,0.4491413612736978
000000000122,0.0,0.6,0.3,15.354650497436523,21.654037475585938,0.4706589415507428,0.4123126182974234
000000000122,0.0,0.7,0.3,14.608933448791504,21.60330390930176,0.4114118869514827,0.39551343321783927
000000000122,0.0,0.8,0.3,14.545515060424805,21.95761108398437,0.4309132023334651,0.4012208276085034
000000000122,0.0,0.9,0.3,12.952698707580566,22.96587371826172,0.3807732436561699,0.38755783402324195
000000000122,0.0,1.0,0.3,13.291522979736328,24.708232879638672,0.5253421496563703,0.4294024671370065
000000000123,0.0,0.0,0.3,19.90801048278809,19.34684562683105,0.5217010916431933,0.4628147367992761
000000000123,0.0,0.1,0.3,19.92245101928711,19.24271774291992,0.4994690375607972,0.4610485028787481
000000000123,0.0,0.2,0.3,19.92894554138184,19.34749412536621,0.5235584580666917,0.4632709156327558
000000000123,0.0,0.3,0.3,19.711050033569336,19.34321022033692,0.5047811022437286,0.45857199719826186
000000000123,0.0,0.4,0.3,18.967060089111328,19.679536819458008,0.5195772790947933,0.4495113211704619
000000000123,0.0,0.5,0.3,18.89549446105957,19.849899291992188,0.5520315707072209,0.45138597298912825
000000000123,0.0,0.6,0.3,17.570842742919922,19.401525497436523,0.342919442668191,0.4144160759709872
000000000123,0.0,0.7,0.3,15.636029243469238,20.738815307617188,0.4854210202919233,0.40005887159550524
000000000123,0.0,0.8,0.3,15.056682586669922,20.62677955627441,0.4128655941748433,0.38556255397736494
000000000123,0.0,0.9,0.3,15.60451602935791,20.96361923217773,0.533390708884363,0.40386489149940674
000000000123,0.0,1.0,0.3,13.813143730163574,21.46647071838379,0.5,0.375940761173149
000000000124,0.0,0.0,0.3,23.607999801635746,26.45208549499512,0.6603092099902061,0.6825415912518578
000000000124,0.0,0.1,0.3,23.58262634277344,26.175243377685547,0.6011062843606909,0.6764955795041863
000000000124,0.0,0.2,0.3,23.50385475158692,26.987951278686523,0.767511124408226,0.6909994024116326
000000000124,0.0,0.3,0.3,23.14608192443848,26.632789611816406,0.6758703213297514,0.6763567882460302
000000000124,0.0,0.4,0.3,22.63806915283203,25.686628341674805,0.4532090341769311,0.6467729835152449
000000000124,0.0,0.5,0.3,21.70238876342773,26.501813888549805,0.5787941503982936,0.6431820964572219
000000000124,0.0,0.6,0.3,19.98894691467285,26.74422645568848,0.5469033571752389,0.6117256902352903
000000000124,0.0,0.7,0.3,17.857236862182617,27.835712432861328,0.6726555640896007,0.5883082963583469
000000000124,0.0,0.8,0.3,16.259374618530273,28.074068069458008,0.6454908706995434,0.5592184219710032
000000000124,0.0,0.9,0.3,14.384337425231934,27.827381134033203,0.5033726651834819,0.5146080534750975
000000000124,0.0,1.0,0.3,13.243492126464844,27.97831344604492,0.4799461694679094,0.4934553641428854
000000000125,0.0,0.0,0.3,19.89585304260254,16.594846725463867,0.5597739693071131,0.4077965039808588
000000000125,0.0,0.1,0.3,19.90952682495117,16.77381706237793,0.5713767183437558,0.41164728173414833
000000000125,0.0,0.2,0.3,19.929162979125977,15.79836654663086,0.518542259728873,0.39265299359397465
000000000125,0.0,0.3,0.3,19.83739280700684,15.923154830932615,0.515438722733143,0.3931929778382545
000000000125,0.0,0.4,0.3,19.76138496398925,15.46953582763672,0.4814613467900353,0.3825572386313003
000000000125,0.0,0.5,0.3,19.72004508972168,17.101377487182617,0.5689105395987983,0.41415321482217465
000000000125,0.0,0.6,0.3,19.481428146362305,15.723884582519531,0.464869818520323,0.38169066407373015
000000000125,0.0,0.7,0.3,19.17263412475586,16.69338607788086,0.4854182855119834,0.39444400576197863
000000000125,0.0,0.8,0.3,17.93402671813965,19.45808219909668,0.5044551744158736,0.423231456034718
000000000125,0.0,0.9,0.3,16.70514678955078,21.50675773620605,0.4841916000780752,0.4379770957966424
000000000125,0.0,1.0,0.3,15.40407657623291,24.33659744262696,0.5,0.4667382348828414
000000000126,0.0,0.0,0.3,19.412738800048828,18.940582275390625,0.5,0.44424390009402037
000000000126,0.0,0.1,0.3,19.382003784179688,19.0166244506836,0.4998811643324428,0.4451062529007692
000000000126,0.0,0.2,0.3,19.34589576721192,19.34113883972168,0.5124152240038942,0.45079907799158014
000000000126,0.0,0.3,0.3,19.11198616027832,27.312397003173828,0.909891097133568,0.6044628780700656
000000000126,0.0,0.4,0.3,18.864784240722656,27.924957275390625,0.9089866359617932,0.6114177421850597
000000000126,0.0,0.5,0.3,18.348052978515625,27.723520278930664,0.8272379882694985,0.5964682741310378
000000000126,0.0,0.6,0.3,17.16185188293457,27.881282806396484,0.6729980505160176,0.5744911418860612
000000000126,0.0,0.7,0.3,17.361568450927734,28.21882438659668,0.7185882572136677,0.5854364908208385
000000000126,0.0,0.8,0.3,15.768309593200684,27.62874412536621,0.4682008588395326,0.5399594066450308
000000000126,0.0,0.9,0.3,15.802279472351074,28.14616584777832,0.5007449875259444,0.5509746248046566
000000000126,0.0,1.0,0.3,16.30925750732422,28.03013038635254,0.5640470965278856,0.559400335452945
000000000127,0.0,0.0,0.3,21.84796905517578,21.73971366882324,0.5136999611348616,0.5515056495705462
000000000127,0.0,0.1,0.3,21.72031211853028,21.754867553710938,0.5087880568382529,0.549104208194632
000000000127,0.0,0.2,0.3,21.37279891967773,21.955814361572266,0.5144682639464428,0.5457445868286187
000000000127,0.0,0.3,0.3,20.735088348388672,22.26728820800781,0.5180586187821455,0.538439714524849
000000000127,0.0,0.4,0.3,19.68072891235352,21.6248779296875,0.3859180203881261,0.5033318844774342
000000000127,0.0,0.5,0.3,18.07676124572754,22.44525718688965,0.399357959126947,0.4856941667128847
000000000127,0.0,0.6,0.3,16.65569305419922,23.192806243896484,0.4137369168203054,0.4704799089420908
000000000127,0.0,0.7,0.3,15.096309661865234,24.65289878845215,0.5058418552962769,0.4665155823397064
000000000127,0.0,0.8,0.3,14.576376914978027,25.56576156616211,0.587377951430955,0.4736712869742077
000000000127,0.0,0.9,0.3,13.123947143554688,25.815975189208984,0.5407736917612457,0.44789672684282883
000000000127,0.0,1.0,0.3,12.349360466003418,24.86240196228028,0.38623823692443,0.41252105351250057
000000000128,0.0,0.0,0.3,20.839031219482425,33.03205490112305,0.98553589314539,0.7548439293131262
000000000128,0.0,0.1,0.3,20.790342330932617,32.90119934082031,0.9672258653866896,0.7512091636075418
000000000128,0.0,0.2,0.3,20.81075859069824,32.77552032470703,0.9574169710497308,0.7491406219439508
000000000128,0.0,0.3,0.3,20.20409202575684,32.231746673583984,0.8345220016303558,0.7254748759276974
000000000128,0.0,0.4,0.3,19.94568252563477,31.631988525390625,0.7465198382582184,0.7080690428984241
000000000128,0.0,0.5,0.3,19.72905540466309,33.181396484375,0.8715066270641405,0.7343132109066279
000000000128,0.0,0.6,0.3,17.850440979003906,32.26646423339844,0.5654203840879931,0.6763299797048433
000000000128,0.0,0.7,0.3,16.51983642578125,28.01890754699707,0.0,0.5636357720469989
000000000128,0.0,0.8,0.3,16.900053024291992,30.13082695007324,0.2485594451077557,0.6137105542385226
000000000128,0.0,0.9,0.3,17.236064910888672,33.00841522216797,0.5661586004079676,0.6780850623929381
000000000128,0.0,1.0,0.3,17.180992126464844,30.3222599029541,0.2996223682725622,0.623468341289164
000000000129,0.0,0.0,0.3,19.091890335083008,25.895469665527344,0.8588917826111536,0.5758425603549153
000000000129,0.0,0.1,0.3,19.08284950256348,26.326461791992188,0.8859403848970648,0.5842272540559175
000000000129,0.0,0.2,0.3,18.9717025756836,27.15005874633789,0.9276189828048196,0.5982622447051997
000000000129,0.0,0.3,0.3,18.5647029876709,26.489097595214844,0.8412607766792852,0.5764923439694793
000000000129,0.0,0.4,0.3,18.29875946044922,26.532560348510746,0.8157279705855169,0.5717261563216839
000000000129,0.0,0.5,0.3,17.90400505065918,27.53048324584961,0.8384957889589766,0.5832249352962167
000000000129,0.0,0.6,0.3,16.54456329345703,25.335168838500977,0.5508518250154346,0.5107567995198028
000000000129,0.0,0.7,0.3,15.286124229431152,20.37369155883789,0.0941891643986228,0.38538461781592115
000000000129,0.0,0.8,0.3,16.04195213317871,27.665721893310547,0.6487340392192087,0.5464892621053453
000000000129,0.0,0.9,0.3,15.461270332336426,28.06650924682617,0.6128650851985796,0.5421691154453487
000000000129,0.0,1.0,0.3,14.402801513671877,27.213001251220703,0.4445256582033557,0.5027737336998093
000000000130,0.0,0.0,0.3,21.660783767700195,29.040557861328125,0.522880345306575,0.6928185085901937
000000000130,0.0,0.1,0.3,21.66970443725586,28.8689193725586,0.4995689091841848,0.6895920343541282
000000000130,0.0,0.2,0.3,21.67602729797364,29.37510681152344,0.5705425911513158,0.699798314145976
000000000130,0.0,0.3,0.3,21.625507354736328,29.48884963989257,0.5829494261696077,0.7009919336345849
000000000130,0.0,0.4,0.3,21.444561004638672,30.136131286621094,0.6608181225898844,0.7100405849537137
000000000130,0.0,0.5,0.3,21.18160820007324,29.939197540283203,0.6154452690308899,0.7005541782227068
000000000130,0.0,0.6,0.3,20.03694534301757,29.6686954498291,0.49970514955219,0.6709347191925925
000000000130,0.0,0.7,0.3,18.426570892333984,29.751468658447266,0.4014456100487524,0.6384840477057493
000000000130,0.0,0.8,0.3,14.342467308044434,31.365623474121094,0.3479422109377324,0.5841274296344471
000000000130,0.0,0.9,0.3,14.368215560913086,31.42061233520508,0.3573610006943387,0.5857668169917882
000000000130,0.0,1.0,0.3,15.25933074951172,32.45673370361328,0.5625114843763717,0.6252524302688616
000000000131,0.0,0.0,0.3,16.901992797851562,27.16335868835449,0.7052346491445981,0.5547032830687753
000000000131,0.0,0.1,0.3,16.90336799621582,27.07456398010254,0.6490422373718456,0.5529655144590466
000000000131,0.0,0.2,0.3,16.908790588378906,27.283864974975582,0.8069120781452643,0.557245119599441
000000000131,0.0,0.3,0.3,16.870223999023438,26.86403465270996,0.4090165178385191,0.5480744999134048
000000000131,0.0,0.4,0.3,16.883859634399414,27.09386444091797,0.604903947031908,0.5529364997642348
000000000131,0.0,0.5,0.3,16.880069732666016,27.031570434570312,0.5515339337234161,0.5516166921735057
000000000131,0.0,0.6,0.3,16.887788772583008,27.10832977294922,0.6262417363958765,0.5533075338011173
000000000131,0.0,0.7,0.3,16.924808502197266,27.22337913513184,0.8128761416854291,0.5563806985506674
000000000131,0.0,0.8,0.3,16.75436782836914,26.76209259033203,0.0,0.5435928848771459
000000000131,0.0,0.9,0.3,16.87540626525879,27.49926376342773,0.8550749776186213,0.5608243723643415
000000000131,0.0,1.0,0.3,16.87110710144043,27.48105812072754,0.8301147564091353,0.5603710766862826
000000000132,0.0,0.0,0.3,20.064603805541992,26.26555633544922,0.5619291809788042,0.6038027879302867
000000000132,0.0,0.1,0.3,20.05211067199707,26.204225540161133,0.5541039362087183,0.6023178664025775
000000000132,0.0,0.2,0.3,20.06684684753418,26.969268798828125,0.6320913640848863,0.6178531459108683
000000000132,0.0,0.3,0.3,20.040821075439453,25.63850212097168,0.4963802736720021,0.5908217417221361
000000000132,0.0,0.4,0.3,19.33467674255371,28.694625854492188,0.701517649162845,0.6366824458237765
000000000132,0.0,0.5,0.3,18.35772132873535,30.67579841613769,0.7622907548820546,0.6554190717431627
000000000132,0.0,0.6,0.3,18.919464111328125,29.00317573547364,0.6743954249731534,0.6340305166740952
000000000132,0.0,0.7,0.3,18.784046173095703,28.100378036499023,0.5659498400777838,0.6131988313008316
000000000132,0.0,0.8,0.3,18.59199333190918,28.19078063964844,0.5482119997645811,0.6109312253108778
000000000132,0.0,0.9,0.3,18.26109313964844,28.98296165466309,0.580821181700715,0.6196880733502674
000000000132,0.0,1.0,0.3,16.47185516357422,30.2185115814209,0.4546098930932826,0.6063887782026138
000000000133,0.0,0.0,0.3,22.1348934173584,18.275415420532227,0.5,0.488646382755188
000000000133,0.0,0.1,0.3,22.13267707824707,19.096160888671875,0.55058895104137,0.5049311069123271
000000000133,0.0,0.2,0.3,22.07455444335937,20.1898136138916,0.6141210111149321,0.5254625438741363
000000000133,0.0,0.3,0.3,21.89500617980957,20.083080291748047,0.5949000520026682,0.5195369863287048
000000000133,0.0,0.4,0.3,21.884950637817383,20.515213012695312,0.6209109134781677,0.5279228909660517
000000000133,0.0,0.5,0.3,21.7456169128418,20.41124725341797,0.6046880691928929,0.5229038983456668
000000000133,0.0,0.6,0.3,21.260725021362305,21.349523544311523,0.6286125318811822,0.5313072431845621
000000000133,0.0,0.7,0.3,17.105348587036133,21.9119930267334,0.3712739042075182,0.4545144852739703
000000000133,0.0,0.8,0.3,16.79174041748047,23.378293991088867,0.4398857949875033,0.4770514869331417
000000000133,0.0,0.9,0.3,15.917699813842772,22.301101684570312,0.3118422019603751,0.4371101549216579
000000000133,0.0,1.0,0.3,15.022318840026855,26.36241340637207,0.5,0.498965794025567
000000000134,0.0,0.0,0.3,24.520828247070312,25.096004486083984,0.5032578209153818,0.6748855754320098
000000000134,0.0,0.1,0.3,24.504676818847656,25.875732421875,0.6185259529539594,0.6900590510589875
000000000134,0.0,0.2,0.3,24.280664443969727,25.47575759887696,0.5355320227262703,0.6773569360890344
000000000134,0.0,0.3,0.3,23.96962547302246,25.07427978515625,0.4433719986016858,0.6627822304314579
000000000134,0.0,0.4,0.3,23.38119506835937,25.378692626953125,0.4285689403857153,0.6563803024715278
000000000134,0.0,0.5,0.3,21.70306968688965,26.566913604736328,0.4343509524162441,0.6444919047621521
000000000134,0.0,0.6,0.3,20.921199798583984,27.30080795288086,0.4640795696249003,0.6425401920326198
000000000134,0.0,0.7,0.3,20.73931884765625,28.105098724365234,0.5660048493174966,0.6546933097037366
000000000134,0.0,0.8,0.3,19.759185791015625,28.40851783752441,0.5108110692557426,0.6399777761743598
000000000134,0.0,0.9,0.3,19.653953552246094,26.352001190185547,0.1916062058199156,0.596827891574692
000000000134,0.0,1.0,0.3,19.686351776123047,27.05514144897461,0.300377068277835,0.6115053631589868
000000000135,0.0,0.0,0.3,20.747472763061523,23.090295791625977,0.731497148317887,0.555078604894214
000000000135,0.0,0.1,0.3,20.773393630981445,24.34840965270996,0.8541299202288932,0.5806621014717055
000000000135,0.0,0.2,0.3,20.23179054260254,23.081974029541016,0.6806383874906223,0.5439940640019751
000000000135,0.0,0.3,0.3,19.70315170288086,23.573768615722656,0.6762695104647425,0.5425867771785131
000000000135,0.0,0.4,0.3,19.3576602935791,23.29307746887207,0.6159294717821076,0.5296860633091026
000000000135,0.0,0.5,0.3,18.66375160217285,22.665660858154297,0.4886608261604831,0.502508695957227
000000000135,0.0,0.6,0.3,18.189565658569336,23.92951393127441,0.5632894006615032,0.5176172352932514
000000000135,0.0,0.7,0.3,18.21910858154297,20.639205932617188,0.2520209688947815,0.45277038187172836
000000000135,0.0,0.8,0.3,17.209733963012695,25.08053398132324,0.5780555552192808,0.5197741203304893
000000000135,0.0,0.9,0.3,15.62318992614746,25.87627220153809,0.5,0.5020150057984893
000000000135,0.0,1.0,0.3,16.385204315185547,23.57167625427246,0.3539516726392766,0.47229160314538965
000000000136,0.0,0.0,0.3,22.19491004943848,19.41960525512696,0.5251618370654427,0.5126848920555165
000000000136,0.0,0.1,0.3,22.17711639404297,19.36629104614257,0.5209644503418609,0.5112472568816826
000000000136,0.0,0.2,0.3,22.070199966430664,19.190147399902344,0.5046523771219222,0.5054784255096294
000000000136,0.0,0.3,0.3,21.968168258666992,19.202617645263672,0.5002406183576683,0.5035661669259328
000000000136,0.0,0.4,0.3,21.67530632019043,19.012311935424805,0.4736095440486915,0.49357835869175243
000000000136,0.0,0.5,0.3,21.24404525756836,19.780742645263672,0.4991782203040399,0.49973758933955525
000000000136,0.0,0.6,0.3,19.6048641204834,24.147613525390625,0.6857021999781328,0.5519243430547913
000000000136,0.0,0.7,0.3,18.67606544494629,25.06108283996582,0.69496136907509,0.550434873389809
000000000136,0.0,0.8,0.3,16.688596725463867,25.629838943481445,0.629155377396811,0.5196700445301661
000000000136,0.0,0.9,0.3,13.769452095031738,22.801149368286133,0.3061419700570431,0.40157382585535184
000000000136,0.0,1.0,0.3,12.350371360778809,27.105785369873047,0.5,0.4571825560335288
000000000137,0.0,0.0,0.3,16.620330810546875,25.36024475097656,0.6004434449053933,0.5128600599572415
000000000137,0.0,0.1,0.3,16.613407135009766,24.77315902709961,0.5593100580288559,0.5010312993059036
000000000137,0.0,0.2,0.3,16.56853485107422,24.85616874694824,0.5600591934295566,0.5017329565908075
000000000137,0.0,0.3,0.3,16.385478973388672,27.383106231689453,0.7135838107944212,0.5481393845897156
000000000137,0.0,0.4,0.3,15.93040370941162,28.66479110717773,0.7514245577189542,0.5640073967246628
000000000137,0.0,0.5,0.3,15.031660079956056,31.171092987060547,0.8244425680945008,0.5948493799052014
000000000137,0.0,0.6,0.3,14.259552001953123,28.025466918945312,0.5228254253653934,0.5159074942184103
000000000137,0.0,0.7,0.3,13.131511688232422,26.2847843170166,0.2784802320628514,0.4573855232511168
000000000137,0.0,0.8,0.3,12.729453086853027,30.189573287963867,0.5025454560985746,0.5265720920645183
000000000137,0.0,0.9,0.3,12.193770408630373,23.899471282958984,0.0108391176527622,0.3900656881336193
000000000137,0.0,1.0,0.3,12.095684051513672,27.18215560913086,0.2257188602317056,0.4533095168062855
000000000138,0.0,0.0,0.3,19.50223159790039,18.629615783691406,0.5187354715512948,0.43995101707005874
000000000138,0.0,0.1,0.3,19.50793838500977,18.333271026611328,0.503431420429692,0.4341750176544631
000000000138,0.0,0.2,0.3,19.491220474243164,18.37732315063477,0.5045770898612068,0.43469760984031913
000000000138,0.0,0.3,0.3,19.46750831604004,18.268543243408203,0.4971229390134191,0.4320309700067616
000000000138,0.0,0.4,0.3,19.09057807922364,26.68636703491211,0.9165549819676042,0.5915524932191316
000000000138,0.0,0.5,0.3,18.333080291748047,26.25602149963379,0.8398364154342313,0.5669501338639105
000000000138,0.0,0.6,0.3,17.571901321411133,25.029294967651367,0.7206372654694746,0.5264229953107189
000000000138,0.0,0.7,0.3,13.899704933166504,27.70017433166504,0.6009101621860504,0.5018153121398949
000000000138,0.0,0.8,0.3,13.185296058654783,27.45314598083496,0.5369760759358868,0.481773056498517
000000000138,0.0,0.9,0.3,12.481658935546877,26.65047073364257,0.4443519584152611,0.45090230693238675
000000000138,0.0,1.0,0.3,13.166269302368164,26.7300968170166,0.4972910275330038,0.46698255110310416
000000000139,0.0,0.0,0.3,15.143810272216797,22.27251434326172,0.4940504501622609,0.42015512921411663
000000000139,0.0,0.1,0.3,15.164328575134276,22.5803165435791,0.5817530251381184,0.4267143999347305
000000000139,0.0,0.2,0.3,15.16807460784912,22.4849796295166,0.5570653259741417,0.42489665041533986
000000000139,0.0,0.3,0.3,15.101801872253418,22.69699478149414,0.5977598553927704,0.4277122011727982
000000000139,0.0,0.4,0.3,15.030205726623535,23.36817169189453,0.7604737883111972,0.43955169266969574
000000000139,0.0,0.5,0.3,14.815217971801758,23.6579647064209,0.78559388559024,0.4407660494603943
000000000139,0.0,0.6,0.3,14.65018081665039,24.134111404418945,0.8730138352814412,0.44674621987144497
000000000139,0.0,0.7,0.3,13.894247055053713,23.032075881958008,0.3916689509099956,0.40881131375715196
000000000139,0.0,0.8,0.3,13.632332801818848,23.638511657714844,0.49032879535042,0.4153327932725861
000000000139,0.0,0.9,0.3,13.128900527954102,22.446516036987305,0.0467345209541266,0.38095422563064396
000000000139,0.0,1.0,0.3,13.479432106018066,22.339576721191406,0.103961455348476,0.3862483712074062
111000000000,0.0,0.0,0.3,16.337745666503906,14.872191429138184,0.5,0.29817950769724805
111000000000,0.0,0.1,0.3,16.29933738708496,14.976755142211914,0.5024051519680883,0.2994469259060614
111000000000,0.0,0.2,0.3,16.284425735473633,15.276822090148926,0.5198126510032092,0.3051020896401776
111000000000,0.0,0.3,0.3,15.82703685760498,17.41448402404785,0.6051162417574679,0.33795382414850383
111000000000,0.0,0.4,0.3,15.09800910949707,15.946771621704102,0.4315745233170202,0.29331217733466486
111000000000,0.0,0.5,0.3,14.583484649658203,16.376218795776367,0.4021264183649802,0.2909631218180416
111000000000,0.0,0.6,0.3,13.634827613830566,17.538780212402344,0.3713711260980693,0.2940097492899337
111000000000,0.0,0.7,0.3,12.46914005279541,21.78302764892578,0.5123487009305077,0.35378212921711494
111000000000,0.0,0.8,0.3,11.825339317321776,22.747493743896484,0.5026192479456607,0.35934191008256067
111000000000,0.0,0.9,0.3,11.801576614379885,20.26946258544922,0.3426707280936098,0.30952951321741273
111000000000,0.0,1.0,0.3,13.65587043762207,16.392194747924805,0.3008942923845404,0.27163990673792193
111000000001,0.0,0.0,0.3,20.29368782043457,29.06171417236328,0.5307217624911542,0.6642928788560909
111000000001,0.0,0.1,0.3,20.252120971679688,28.848743438720703,0.4975218581481265,0.6591749401076461
111000000001,0.0,0.2,0.3,19.976940155029297,30.15831756591797,0.6700266478521087,0.6794069563918782
111000000001,0.0,0.3,0.3,18.8759880065918,31.585676193237305,0.810291234483688,0.6844980013443601
111000000001,0.0,0.4,0.3,17.5137882232666,31.222427368164062,0.6766794024668912,0.6484269335407524
111000000001,0.0,0.5,0.3,15.743810653686523,32.31486511230469,0.7287443872810475,0.6326877280292648
111000000001,0.0,0.6,0.3,14.010698318481444,31.46720314025879,0.5031411399633493,0.5791239099601195
111000000001,0.0,0.7,0.3,14.23891258239746,32.19230651855469,0.621345531834381,0.5983845847460811
111000000001,0.0,0.8,0.3,13.58963394165039,29.86081314086914,0.2463107330502418,0.5382435321476216
111000000001,0.0,0.9,0.3,12.172164916992188,29.879289627075195,0.1644690388758129,0.5085979885267609
111000000001,0.0,1.0,0.3,11.906991004943848,30.45524406433105,0.2317432532524485,0.5144439139680654
111000000002,0.0,0.0,0.3,22.144325256347656,15.822145462036133,0.5158920593641259,0.4400295525370651
111000000002,0.0,0.1,0.3,22.09334945678711,15.455458641052246,0.4973758383502284,0.43165366189151044
111000000002,0.0,0.2,0.3,21.851560592651367,16.244108200073242,0.5191086463072108,0.4422270640713425
111000000002,0.0,0.3,0.3,21.220592498779297,19.946590423583984,0.6470913970407858,0.5025411372958428
111000000002,0.0,0.4,0.3,19.29399299621582,23.759014129638672,0.7131417054954807,0.5376094533136754
111000000002,0.0,0.5,0.3,17.66063690185547,24.195533752441406,0.6479774420725662,0.5117112172491296
111000000002,0.0,0.6,0.3,15.823925018310549,21.68953514099121,0.4448171549049077,0.422955293381853
111000000002,0.0,0.7,0.3,15.489794731140137,18.93221664428711,0.3081155281770218,0.36101382110092767
111000000002,0.0,0.8,0.3,13.00414752960205,24.71459579467773,0.4307639330887794,0.42344425100285776
111000000002,0.0,0.9,0.3,12.431547164916992,24.444236755371094,0.3895700287793749,0.405940372640083
111000000002,0.0,1.0,0.3,12.732067108154297,26.99225234985352,0.5154703391969001,0.4630053601390439
111000000003,0.0,0.0,0.3,22.03493309020996,25.792348861694336,0.9733855088124196,0.6361059899912802
111000000003,0.0,0.1,0.3,22.008798599243164,25.73350715637207,0.9670391505741246,0.6343817584574644
111000000003,0.0,0.2,0.3,22.00005340576172,25.870943069458008,0.9777791509843836,0.6369313662033996
111000000003,0.0,0.3,0.3,21.75794982910156,25.3232479095459,0.9187751804458048,0.620906769926913
111000000003,0.0,0.4,0.3,21.01165580749512,26.1174373626709,0.9401300018558304,0.6209081190484828
111000000003,0.0,0.5,0.3,19.14243507385254,24.90889549255371,0.7318240213413287,0.5572813795059929
111000000003,0.0,0.6,0.3,18.03744888305664,24.87300682067871,0.6642352412620542,0.5331704951392062
111000000003,0.0,0.7,0.3,16.87566566467285,22.63064384460449,0.4126827477933293,0.46395134207749894
111000000003,0.0,0.8,0.3,15.224980354309082,20.01007843017578,0.1015626804705617,0.37685459246837116
111000000003,0.0,0.9,0.3,14.011852264404297,21.910932540893555,0.1862048512327095,0.38899232500251246
111000000003,0.0,1.0,0.3,13.489106178283691,22.30094146728516,0.1875494024856226,0.38568442213837795
111000000004,0.0,0.0,0.3,19.80695915222168,27.63272476196289,0.6733792089636892,0.6255521549358506
111000000004,0.0,0.1,0.3,19.80032157897949,27.5304012298584,0.6572653885544026,0.6233755214343975
111000000004,0.0,0.2,0.3,19.78614616394043,27.29550552368164,0.6203685620828701,0.6184012879297061
111000000004,0.0,0.3,0.3,19.709457397460938,27.56407928466797,0.654302214959344,0.6221217266227805
111000000004,0.0,0.4,0.3,18.906644821166992,28.842140197753903,0.7768799848378412,0.6305547084310206
111000000004,0.0,0.5,0.3,18.616649627685547,29.72577857971192,0.8851779333468999,0.641997540395093
111000000004,0.0,0.6,0.3,18.129852294921875,29.785568237304688,0.8510003021385069,0.6328799213361271
111000000004,0.0,0.7,0.3,17.377981185913086,28.61860656738281,0.6071548445572199,0.5937391001931315
111000000004,0.0,0.8,0.3,16.42837142944336,26.83956527709961,0.2528793652188585,0.5382318986942815
111000000004,0.0,0.9,0.3,15.806429862976074,28.06373786926269,0.3833505911733591,0.5494223062979661
111000000004,0.0,1.0,0.3,14.179072380065918,26.48993682861328,0.0,0.48364859842619184
111000000005,0.0,0.0,0.3,19.699079513549805,30.779844284057617,1.0,0.6858910783593744
111000000005,0.0,0.1,0.3,19.651657104492188,30.722396850585938,0.9867142634431084,0.6837438448051973
111000000005,0.0,0.2,0.3,19.52972984313965,30.238529205322266,0.8952782366944773,0.6715339128310215
111000000005,0.0,0.3,0.3,19.17905616760254,29.82007026672364,0.7981157904624085,0.65578209012625
111000000005,0.0,0.4,0.3,18.9423828125,28.88985061645508,0.6221654486789997,0.6322607859482103
111000000005,0.0,0.5,0.3,18.748424530029297,29.78139305114746,0.75976488332465,0.6458943630775487
111000000005,0.0,0.6,0.3,17.998809814453125,30.08534240722656,0.756265743374354,0.6360703288024716
111000000005,0.0,0.7,0.3,17.112586975097656,28.85574722290039,0.4813995103677055,0.5928384549045698
111000000005,0.0,0.8,0.3,16.555269241333008,29.924314498901367,0.6223618574593495,0.6023008726882924
111000000005,0.0,0.9,0.3,14.473562240600586,28.76091957092285,0.2706030330852462,0.5350733515171509
111000000005,0.0,1.0,0.3,12.919811248779297,27.845298767089844,0.0,0.48395501097857546
111000000006,0.0,0.0,0.3,23.57288360595703,24.76948356628418,0.7592289245018091,0.6483166936484607
111000000006,0.0,0.1,0.3,23.54508209228516,25.86400604248047,0.8124656217315442,0.6695074506179455
111000000006,0.0,0.2,0.3,23.46058464050293,27.961387634277344,0.9125762750955536,0.7094531910987383
111000000006,0.0,0.3,0.3,23.146259307861328,29.56682777404785,0.9739797134504224,0.734743676843376
111000000006,0.0,0.4,0.3,22.56667709350586,29.170726776123047,0.9187506757826416,0.7145898823889564
111000000006,0.0,0.5,0.3,21.91937255859375,29.22940826416016,0.8822159887078302,0.7020516656976172
111000000006,0.0,0.6,0.3,21.693925857543945,29.559282302856445,0.8850215990505367,0.7038421215421704
111000000006,0.0,0.7,0.3,20.26717185974121,28.39495277404785,0.7395664517167875,0.6504638440256243
111000000006,0.0,0.8,0.3,19.114381790161133,26.03192710876465,0.5506600140395046,0.5790340963652488
111000000006,0.0,0.9,0.3,15.374966621398926,20.49759101867676,0.0448294320835627,0.38973116920807166
111000000006,0.0,1.0,0.3,17.13461685180664,19.604368209838867,0.1073230086204981,0.40921579598098323
111000000007,0.0,0.0,0.3,19.156158447265625,18.07331085205078,0.5,0.4215536682545845
111000000007,0.0,0.1,0.3,19.091768264770508,18.16475486755371,0.4988694569006778,0.4220098878824822
111000000007,0.0,0.2,0.3,18.85660552978516,19.322399139404297,0.5253063491069795,0.4400660535846545
111000000007,0.0,0.3,0.3,18.17138862609864,20.766826629638672,0.5307654855092669,0.45429943732294753
111000000007,0.0,0.4,0.3,17.225252151489258,21.92173385620117,0.5071490847230529,0.45724712728650285
111000000007,0.0,0.5,0.3,16.405092239379883,22.18469619750977,0.4592844029193561,0.4451138009063579
111000000007,0.0,0.6,0.3,16.10354232788086,25.340669631958008,0.5552130110391604,0.501528169703761
111000000007,0.0,0.7,0.3,15.959489822387695,23.6158390045166,0.4810854370350389,0.46415638669637227
111000000007,0.0,0.8,0.3,14.583466529846191,23.981046676635746,0.3979610234140361,0.442287857632837
111000000007,0.0,0.9,0.3,12.039549827575684,31.547138214111328,0.5,0.5389778079754582
111000000007,0.0,1.0,0.3,13.421215057373049,25.26146697998047,0.3638184376259591,0.4431571022705667
111000000008,0.0,0.0,0.3,18.283422470092773,22.923185348510746,0.6310162467637568,0.4995800511130687
111000000008,0.0,0.1,0.3,18.325145721435547,23.80690193176269,0.6711375281425008,0.5180481776432962
111000000008,0.0,0.2,0.3,18.18847846984864,19.674543380737305,0.4884600635869777,0.4329264310437916
111000000008,0.0,0.3,0.3,17.71638298034668,23.82170295715332,0.6203476692153532,0.5054528790143558
111000000008,0.0,0.4,0.3,16.582420349121094,26.228588104248047,0.6242766679408578,0.5293361334180271
111000000008,0.0,0.5,0.3,15.968953132629396,27.35438346862793,0.6191002995084074,0.5387484100612392
111000000008,0.0,0.6,0.3,15.406088829040527,31.703857421875,0.7517021991901869,0.6133787023850911
111000000008,0.0,0.7,0.3,14.175378799438477,30.68082427978516,0.6054153601111711,0.5669630142830824
111000000008,0.0,0.8,0.3,14.066434860229492,29.853694915771484,0.5619615885222293,0.5481975748074885
111000000008,0.0,0.9,0.3,13.269917488098145,31.747753143310547,0.573145638851672,0.5690213091458424
111000000008,0.0,1.0,0.3,12.40365505218506,27.226776123046875,0.3127682236467626,0.46071831570374805
111000000009,0.0,0.0,0.3,16.73594093322754,19.98897361755371,0.5516695008794884,0.40842740721912774
111000000009,0.0,0.1,0.3,16.739044189453125,19.06583404541016,0.5,0.3901239673005156
111000000009,0.0,0.2,0.3,16.658634185791016,20.61175346374512,0.5817053576102285,0.41918295174389525
111000000009,0.0,0.3,0.3,16.232484817504883,21.122941970825195,0.5831062620010605,0.420331667104195
111000000009,0.0,0.4,0.3,15.2171630859375,23.210140228271484,0.6352854812246936,0.44036569107037493
111000000009,0.0,0.5,0.3,14.002867698669434,24.725053787231445,0.6425531498410127,0.44479904648656093
111000000009,0.0,0.6,0.3,13.047124862670898,25.845516204833984,0.6442340853961173,0.4468579312418941
111000000009,0.0,0.7,0.3,12.685970306396484,26.29599571228028,0.6463908741460759,0.4481748118155616
111000000009,0.0,0.8,0.3,11.251472473144531,25.82785415649414,0.5281189958640584,0.4084857056617336
111000000009,0.0,0.9,0.3,11.548868179321287,27.96468734741211,0.6672478814336549,0.4573026037139354
111000000009,0.0,1.0,0.3,8.940181732177734,23.46221160888672,0.2470193301471504,0.31247402965434984
112000000000,0.0,0.0,0.3,19.43848419189453,25.730615615844727,0.4980432685015276,0.579900909653988
112000000000,0.0,0.1,0.3,19.457406997680664,26.282161712646484,0.6167526238547522,0.5912765500527204
112000000000,0.0,0.2,0.3,19.463138580322266,26.182567596435547,0.5960430520348547,0.5894161299712657
112000000000,0.0,0.3,0.3,19.29924964904785,26.50722885131836,0.6520286236915697,0.5924062705483634
112000000000,0.0,0.4,0.3,19.01580810546875,26.49517059326172,0.6269704054447565,0.5861647953391768
112000000000,0.0,0.5,0.3,18.836181640625,26.068418502807617,0.5220261952349461,0.5738696694982243
112000000000,0.0,0.6,0.3,18.15859603881836,27.275239944458008,0.7247068767068787,0.5835366187842401
112000000000,0.0,0.7,0.3,16.163862228393555,26.22694396972656,0.3436214710785465,0.5204409535084218
112000000000,0.0,0.8,0.3,14.595760345458984,27.697341918945312,0.5316369358279809,0.5164970860771297
112000000000,0.0,0.9,0.3,13.40609359741211,28.083477020263672,0.5192737901220029,0.49899085804711707
112000000000,0.0,1.0,0.3,13.163248062133787,26.57406044006348,0.1792381018777108,0.4638136808618335
112000000001,0.0,0.0,0.3,18.844770431518555,17.205415725708008,0.6789845481958735,0.3976905393832647
112000000001,0.0,0.1,0.3,18.836742401123047,17.43767547607422,0.6999812002551999,0.40214218995435913
112000000001,0.0,0.2,0.3,18.818830490112305,19.000030517578125,0.843715284508394,0.4328515414471737
112000000001,0.0,0.3,0.3,18.326976776123047,19.57632064819336,0.8631913464702712,0.4339044749606309
112000000001,0.0,0.4,0.3,18.22842025756836,20.36629295349121,0.9296810098932484,0.4475369702623711
112000000001,0.0,0.5,0.3,16.582773208618164,19.936647415161133,0.7760618916353517,0.4041430491124569
112000000001,0.0,0.6,0.3,16.42361831665039,19.52064323425293,0.7264592684290286,0.3924952520833589
112000000001,0.0,0.7,0.3,15.45284652709961,20.66497611999512,0.765540260911766,0.3947109047801691
112000000001,0.0,0.8,0.3,15.653091430664062,18.31038856506348,0.5608976625196038,0.35209794901759117
112000000001,0.0,0.9,0.3,12.816741943359377,15.604211807250977,0.1137324932303769,0.2381926463380873
112000000001,0.0,1.0,0.3,11.611281394958496,15.276512145996094,0.0,0.20614772017075006
112000000002,0.0,0.0,0.3,18.158950805664062,22.282609939575195,0.5042472275508222,0.4841979857215194
112000000002,0.0,0.1,0.3,18.15813064575196,22.59262466430664,0.5236788644679929,0.4903494662450727
112000000002,0.0,0.2,0.3,18.14501953125,22.90755271911621,0.5428427694199922,0.49633846880168675
112000000002,0.0,0.3,0.3,18.00461196899414,23.82452392578125,0.5938484809693806,0.5116119138531985
112000000002,0.0,0.4,0.3,17.841386795043945,22.214982986450195,0.485109817499459,0.4761282713966808
112000000002,0.0,0.5,0.3,17.64455795288086,22.729795455932617,0.5082129207456146,0.4822046842837685
112000000002,0.0,0.6,0.3,16.795345306396484,26.931888580322266,0.7323016796859583,0.5478392292083173
112000000002,0.0,0.7,0.3,16.22878646850586,22.851259231567383,0.4494575351160115,0.45464438273189567
112000000002,0.0,0.8,0.3,14.66645336151123,27.76410675048828,0.68474701523237,0.5193224495012583
112000000002,0.0,0.9,0.3,13.197372436523438,28.12691116333008,0.6386491177261345,0.49543571577261974
112000000002,0.0,1.0,0.3,7.49541425704956,30.176288604736328,0.5,0.4154832788350683
112000000003,0.0,0.0,0.3,20.49392509460449,24.91457176208496,0.7770827799176521,0.5860105022442879
112000000003,0.0,0.1,0.3,20.476518630981445,24.801631927490234,0.7551347680840926,0.5833946013355451
112000000003,0.0,0.2,0.3,20.46689987182617,25.071304321289062,0.8032273021310703,0.5885570278498531
112000000003,0.0,0.3,0.3,20.33642196655273,24.16568374633789,0.6280015582476663,0.5677737705582524
112000000003,0.0,0.4,0.3,19.77090072631836,23.941320419311523,0.5396488077349088,0.5513350325419937
112000000003,0.0,0.5,0.3,19.611736297607425,23.39395523071289,0.4269723648826453,0.5370731387666093
112000000003,0.0,0.6,0.3,19.08725357055664,23.386625289916992,0.3814361590447773,0.5258219935634494
112000000003,0.0,0.7,0.3,18.91048240661621,25.297626495361328,0.7130838537471254,0.5601052481515484
112000000003,0.0,0.8,0.3,18.23075485229492,26.14382743835449,0.8092446231571988,0.5625510157520576
112000000003,0.0,0.9,0.3,15.29220485687256,25.473896026611328,0.4400761085136487,0.4870000894425387
112000000003,0.0,1.0,0.3,14.561798095703123,24.629379272460938,0.2253650468189669,0.45472993932530914
112000000004,0.0,0.0,0.3,19.65709686279297,23.066415786743164,0.5890977623882396,0.5315160310031539
112000000004,0.0,0.1,0.3,19.66702651977539,22.973352432250977,0.5808433889218653,0.5298744528388943
112000000004,0.0,0.2,0.3,19.674434661865234,22.75180053710937,0.5601576551223157,0.525622747773127
112000000004,0.0,0.3,0.3,19.504274368286133,22.388687133789062,0.5146309090075915,0.5147943749029822
112000000004,0.0,0.4,0.3,19.29020118713379,22.12187385559082,0.4755008367700639,0.5049524332990742
112000000004,0.0,0.5,0.3,18.012920379638672,26.92523002624512,0.8527778593075354,0.5734874190297607
112000000004,0.0,0.6,0.3,16.742948532104492,24.757692337036133,0.5648043411190741,0.5034664174893857
112000000004,0.0,0.7,0.3,14.717905044555664,24.304094314575195,0.3923669016542624,0.4515626138535279
112000000004,0.0,0.8,0.3,14.279977798461914,22.75867080688477,0.2168570589306303,0.41153833045563093
112000000004,0.0,0.9,0.3,12.915884017944336,24.62778854370117,0.3083806147106386,0.4198480382260727
112000000004,0.0,1.0,0.3,11.832667350769045,27.357505798339844,0.5,0.4512296711639232
112000000005,0.0,0.0,0.3,17.364639282226562,24.8590145111084,0.606462043469252,0.5186461355209748
112000000005,0.0,0.1,0.3,17.360139846801758,28.988758087158203,0.9993481084367316,0.6007268133408867
112000000005,0.0,0.2,0.3,17.246084213256836,27.50101089477539,0.8410506671341307,0.5687077967824841
112000000005,0.0,0.3,0.3,17.15528106689453,27.87488174438477,0.8635223209617916,0.5742246408589751
112000000005,0.0,0.4,0.3,16.973093032836914,26.75690269470215,0.7305901769191219,0.5481208561534754
112000000005,0.0,0.5,0.3,16.538671493530273,23.74181365966797,0.3803313344571254,0.4789265750476871
112000000005,0.0,0.6,0.3,16.114593505859375,26.191837310791016,0.5523611259475015,0.5186991757201294
112000000005,0.0,0.7,0.3,14.722116470336914,28.64638900756836,0.5845178817655303,0.5380571946968344
112000000005,0.0,0.8,0.3,14.428861618041992,25.66583824157715,0.2580029625684976,0.4725392099345793
112000000005,0.0,0.9,0.3,14.399415969848633,26.26735496520996,0.3110574580668205,0.48388505007345306
112000000005,0.0,1.0,0.3,13.913578033447266,24.536272048950195,0.0757067661246642,0.4391519607490362
112000000006,0.0,0.0,0.3,19.95721435546875,23.1679744720459,0.6134506102687859,0.5398915289160443
112000000006,0.0,0.1,0.3,19.96059799194336,23.639339447021484,0.6486861969702334,0.5493426573062995
112000000006,0.0,0.2,0.3,19.97974967956543,23.44508552551269,0.6357660446843476,0.5458827980210449
112000000006,0.0,0.3,0.3,19.937864303588867,22.156583786010746,0.5369049596873907,0.5193565972122851
112000000006,0.0,0.4,0.3,19.924867630004883,22.01990127563477,0.5257514985522737,0.516361623250613
112000000006,0.0,0.5,0.3,19.85030174255371,22.032276153564453,0.520860144132696,0.5150290226515343
112000000006,0.0,0.6,0.3,19.62511444091797,22.720155715942383,0.5543514596143271,0.5239487651525201
112000000006,0.0,0.7,0.3,18.97689437866211,21.61518096923828,0.4218668036191354,0.48823608053897505
112000000006,0.0,0.8,0.3,16.682838439941406,24.782224655151367,0.4781075742432586,0.5026818164876796
112000000006,0.0,0.9,0.3,13.562149047851562,28.3543643951416,0.5,0.5076854127476174
112000000006,0.0,1.0,0.3,14.49898624420166,22.175880432128903,0.1145896327701098,0.40457888156873556
112000000007,0.0,0.0,0.3,16.635547637939453,16.61686897277832,0.4991998488267154,0.3392016754769479
112000000007,0.0,0.1,0.3,16.641096115112305,16.778236389160156,0.5142092481122188,0.34253013692087214
112000000007,0.0,0.2,0.3,16.59958839416504,17.35190773010254,0.5587381532369223,0.3530664941973588
112000000007,0.0,0.3,0.3,16.43956756591797,19.45757484436035,0.7210764404422756,0.3915779881198311
112000000007,0.0,0.4,0.3,16.15928077697754,20.088695526123047,0.736229504978567,0.398201645392682
112000000007,0.0,0.5,0.3,15.7899169921875,18.526670455932617,0.5454186947744866,0.3592987635167797
112000000007,0.0,0.6,0.3,15.16261863708496,21.608999252319336,0.7263706332553999,0.4073503792187963
112000000007,0.0,0.7,0.3,14.37763786315918,22.295122146606445,0.6735845314742174,0.40438221412045783
112000000007,0.0,0.8,0.3,14.638632774353027,22.21644592285156,0.7042950014791101,0.4083429234507104
112000000007,0.0,0.9,0.3,13.962563514709473,19.020751953125,0.3254007803065856,0.3304382649366483
112000000007,0.0,1.0,0.3,13.17395305633545,20.925067901611328,0.3793595316152957,0.35163353251875473
112000000008,0.0,0.0,0.3,19.73345947265625,24.513412475585938,0.5,0.5619260668748687
112000000008,0.0,0.1,0.3,19.68686294555664,24.855451583862305,0.5230376359971698,0.5677455270654657
112000000008,0.0,0.2,0.3,19.5811824798584,24.765087127685547,0.5089491426309626,0.5637097480087063
112000000008,0.0,0.3,0.3,19.11081886291504,26.131101608276367,0.581676378220173,0.5809320853444645
112000000008,0.0,0.4,0.3,18.08652877807617,26.4703311920166,0.538192007944493,0.5659941567123985
112000000008,0.0,0.5,0.3,16.832820892333984,25.93113136291504,0.4118670788081408,0.5287191026391511
112000000008,0.0,0.6,0.3,15.346092224121094,27.51972961425781,0.43271316631612,0.5288502307409324
112000000008,0.0,0.7,0.3,13.35980224609375,31.04142570495605,0.5677409181640342,0.5568696121156795
112000000008,0.0,0.8,0.3,12.3810396194458,27.808124542236328,0.2537134200252543,0.4718074572226154
112000000008,0.0,0.9,0.3,12.360962867736816,29.368915557861328,0.3718974603505741,0.5024398489595757
112000000008,0.0,1.0,0.3,12.944429397583008,27.656797409057617,0.2803317105486799,0.4807253651499765
112000000009,0.0,0.0,0.3,18.184446334838867,21.70745086669922,0.502243930255667,0.47329298585064145
112000000009,0.0,0.1,0.3,18.159852981567383,21.68826675415039,0.4980711430190456,0.47239051501736046
112000000009,0.0,0.2,0.3,18.047964096069336,22.123273849487305,0.5401776739165394,0.4786774171864816
112000000009,0.0,0.3,0.3,17.667755126953125,21.89699935913086,0.4838909703544993,0.4661244138824009
112000000009,0.0,0.4,0.3,17.039087295532227,23.707067489624023,0.646304875248429,0.4888308781127546
112000000009,0.0,0.5,0.3,16.069292068481445,23.924484252929688,0.5956746621293285,0.47262291280276597
112000000009,0.0,0.6,0.3,15.124192237854004,24.82798957824707,0.6272318226992263,0.4705900167831881
112000000009,0.0,0.7,0.3,14.021122932434082,24.71559715270996,0.5275717496594466,0.4449974056668734
112000000009,0.0,0.8,0.3,12.685123443603516,25.510534286499023,0.5157716244384816,0.4325273296616169
112000000009,0.0,0.9,0.3,11.809335708618164,25.962934494018555,0.5,0.4229856917802399
112000000009,0.0,1.0,0.3,11.90465259552002,24.806339263916016,0.3721908940603324,0.4019893331261628
113000000000,0.0,0.0,0.3,19.50809097290039,29.125791549682617,0.7193195612199363,0.6489338594587724
113000000000,0.0,0.1,0.3,19.537309646606445,28.625953674316406,0.6761663724472077,0.639606476012724
113000000000,0.0,0.2,0.3,19.159292221069336,31.88809967041016,0.946455168020943,0.6965144183418646
113000000000,0.0,0.3,0.3,18.14177131652832,32.229103088378906,0.915470102128278,0.6817551156940872
113000000000,0.0,0.4,0.3,17.548873901367188,29.7050838470459,0.6527107646119712,0.6189768802911906
113000000000,0.0,0.5,0.3,15.9356050491333,29.656700134277344,0.550644101050042,0.5838550895443897
113000000000,0.0,0.6,0.3,14.686753273010254,29.641223907470703,0.4736083044676956,0.5571042029634148
113000000000,0.0,0.7,0.3,12.788987159729004,27.64480781555176,0.1792294849028342,0.4771954873740917
113000000000,0.0,0.8,0.3,12.05694580078125,28.80426597595215,0.239095103458955,0.48476694053500596
113000000000,0.0,0.9,0.3,11.723907470703123,26.665830612182617,0.02673024185382,0.4351634719259718
113000000000,0.0,1.0,0.3,11.282607078552246,28.63606834411621,0.177075430006682,0.4650243603073337
113000000001,0.0,0.0,0.3,23.199769973754883,14.665940284729004,0.5,0.4393705055893726
113000000001,0.0,0.1,0.3,23.18585205078125,15.206000328063965,0.538222774631511,0.4498222271999247
113000000001,0.0,0.2,0.3,23.005250930786133,16.608043670654297,0.628901103024776,0.4738968588050214
113000000001,0.0,0.3,0.3,22.33517837524414,16.921436309814453,0.6118968514496742,0.4659449416797766
113000000001,0.0,0.4,0.3,21.12405776977539,18.5222110748291,0.6559454249119887,0.4721540335868522
113000000001,0.0,0.5,0.3,19.814023971557617,19.038877487182617,0.6157576129233255,0.4546965633155826
113000000001,0.0,0.6,0.3,18.86613655090332,18.93527603149414,0.5521601733198188,0.4325646693092226
113000000001,0.0,0.7,0.3,17.44170570373535,18.43656349182129,0.4317886296497252,0.3924804009193339
113000000001,0.0,0.8,0.3,16.612812042236328,21.581523895263672,0.6101071999356926,0.43750975760968636
113000000001,0.0,0.9,0.3,16.859128952026367,18.678844451904297,0.4148219892503466,0.38496608206898164
113000000001,0.0,1.0,0.3,14.752630233764648,19.714256286621094,0.3649956595276987,0.3609667131684524
113000000002,0.0,0.0,0.3,21.923498153686523,25.20251846313477,0.5033061485295872,0.6220097142130936
113000000002,0.0,0.1,0.3,21.9199333190918,25.167325973510746,0.4998340875588041,0.6212339532888512
113000000002,0.0,0.2,0.3,21.79231834411621,25.461997985839844,0.5215775854661258,0.6243954084691177
113000000002,0.0,0.3,0.3,21.210952758789062,26.62881660461425,0.6041364559547786,0.6353037021470807
113000000002,0.0,0.4,0.3,20.290956497192383,27.35347366333008,0.6293962328173945,0.6302435211009002
113000000002,0.0,0.5,0.3,19.33209228515625,26.31717872619629,0.4874149008545727,0.5893199500970563
113000000002,0.0,0.6,0.3,18.34391021728516,27.97675514221192,0.5973319497105511,0.6014195651271318
113000000002,0.0,0.7,0.3,17.23866081237793,28.29310607910156,0.5756115797545698,0.5843121683043333
113000000002,0.0,0.8,0.3,15.834226608276367,29.95748519897461,0.6666068544489109,0.5876937126652495
113000000002,0.0,0.9,0.3,13.299726486206056,30.48960494995117,0.5986374762560567,0.5446171421851186
113000000002,0.0,1.0,0.3,11.180377960205078,29.20315170288086,0.3791445118937848,0.4741439237855133
113000000003,0.0,0.0,0.3,19.44861221313477,26.553815841674805,0.893108775028074,0.5964958569130245
113000000003,0.0,0.1,0.3,19.47471046447754,26.07489776611328,0.7992685152309942,0.5875186761618763
113000000003,0.0,0.2,0.3,19.343978881835938,25.173133850097656,0.6086492742191028,0.5668067895145894
113000000003,0.0,0.3,0.3,18.860645294189453,25.82574844360352,0.7018578873918535,0.5695588732999715
113000000003,0.0,0.4,0.3,18.100160598754883,27.077747344970703,0.8935830266802913,0.5783695005073781
113000000003,0.0,0.5,0.3,17.257511138916016,24.57975959777832,0.3283455206998186,0.5108210556488029
113000000003,0.0,0.6,0.3,16.101337432861328,26.01407814025879,0.5259299134768339,0.5148813429253742
113000000003,0.0,0.7,0.3,14.9862699508667,26.506084442138672,0.5380824659132363,0.5010613488653637
113000000003,0.0,0.8,0.3,14.793502807617188,24.583789825439453,0.1383899046279312,0.4587288431624035
113000000003,0.0,0.9,0.3,14.335121154785156,26.565814971923828,0.4996265760992139,0.4884626089942115
113000000003,0.0,1.0,0.3,13.016389846801758,26.90222930908203,0.4648681151286779,0.46723422280170607
113000000004,0.0,0.0,0.3,19.266746520996094,26.68101119995117,0.6361569999056851,0.5951760743566578
113000000004,0.0,0.1,0.3,19.27614402770996,26.548660278320312,0.6247768849815609,0.5927414625622551
113000000004,0.0,0.2,0.3,19.20718765258789,26.807764053344727,0.6376935368760683,0.5964371862493097
113000000004,0.0,0.3,0.3,18.98493194580078,26.573148727416992,0.5732793130926415,0.5870626823884704
113000000004,0.0,0.4,0.3,18.57335090637207,25.51801300048828,0.392466422601773,0.5573522687187042
113000000004,0.0,0.5,0.3,18.793275833129883,26.91536521911621,0.5717142335742507,0.5898142102714736
113000000004,0.0,0.6,0.3,18.06557846069336,26.44956970214844,0.3907873800628364,0.5651374352392513
113000000004,0.0,0.7,0.3,17.34833526611328,28.86396026611328,0.4973168563760791,0.5979935687071167
113000000004,0.0,0.8,0.3,17.875728607177734,27.08684158325196,0.4188063970514607,0.5737983856827934
113000000004,0.0,0.9,0.3,17.307748794555664,30.333721160888672,0.6355025514673056,0.6263803235638874
113000000004,0.0,1.0,0.3,16.57599449157715,25.289974212646484,0.0,0.5105230093290994
113000000005,0.0,0.0,0.3,27.164831161499023,22.723716735839844,0.521425105443692,0.6836640433510516
113000000005,0.0,0.1,0.3,27.175167083740234,23.00466537475586,0.561508365287823,0.6894733672395559
113000000005,0.0,0.2,0.3,27.337617874145508,22.607072830200195,0.510733175106652,0.6850015481607085
113000000005,0.0,0.3,0.3,27.29639434814453,22.88703346252441,0.5489443081423304,0.6896995029345715
113000000005,0.0,0.4,0.3,27.06873893737793,22.840255737304688,0.5346791195207496,0.6839483645059211
113000000005,0.0,0.5,0.3,26.61983871459961,22.531185150146484,0.4758827508056643,0.6682933836005925
113000000005,0.0,0.6,0.3,24.982017517089844,23.351058959960938,0.5368111204347773,0.6499288004254855
113000000005,0.0,0.7,0.3,20.375469207763672,22.73589515686035,0.295026233955684,0.5401498156452816
113000000005,0.0,0.8,0.3,16.23802947998047,25.49258804321289,0.5459019092660907,0.5073987306766056
113000000005,0.0,0.9,0.3,15.67956829071045,26.066377639770508,0.6082916546344137,0.5069915741124427
113000000005,0.0,1.0,0.3,12.456584930419922,24.79737091064453,0.3205180152352979,0.4134973781360898
113000000006,0.0,0.0,0.3,21.791046142578125,23.718828201293945,0.5264004625403967,0.5896819035939673
113000000006,0.0,0.1,0.3,21.756492614746094,23.398849487304688,0.4978405720934352,0.58258315881211
113000000006,0.0,0.2,0.3,21.73334693908692,23.793081283569336,0.5289209362968268,0.5899377218358124
113000000006,0.0,0.3,0.3,21.596630096435547,23.665395736694336,0.5098418537507706,0.5845021489432977
113000000006,0.0,0.4,0.3,21.59073066711425,23.843441009521484,0.5241631375508141,0.5879200800751401
113000000006,0.0,0.5,0.3,21.273113250732425,24.97175407409668,0.597407240667347,0.6036467184547698
113000000006,0.0,0.6,0.3,21.102519989013672,24.345508575439453,0.535076393341597,0.5875732283709822
113000000006,0.0,0.7,0.3,15.716150283813477,24.82805633544922,0.238267946440903,0.48312534369150056
113000000006,0.0,0.8,0.3,15.124567031860352,29.458946228027344,0.5833773876810813,0.5627473186703078
113000000006,0.0,0.9,0.3,14.48178005218506,27.333223342895508,0.367819441789801,0.5068382555483676
113000000006,0.0,1.0,0.3,13.790425300598145,24.95022201538086,0.1279989903173702,0.44478135798840845
113000000007,0.0,0.0,0.3,19.704998016357425,23.21152305603028,0.5245943408366064,0.5354177058474365
113000000007,0.0,0.1,0.3,19.708959579467773,23.19732093811035,0.5234287692884062,0.5352189854867576
113000000007,0.0,0.2,0.3,19.67734718322754,23.199705123901367,0.5211011652815136,0.5345970729400658
113000000007,0.0,0.3,0.3,19.54767417907715,23.121871948242188,0.502370372073681,0.5303026352135871
113000000007,0.0,0.4,0.3,19.475698471069336,22.97379302978516,0.4809811852203891,0.525832079142171
113000000007,0.0,0.5,0.3,19.23298454284668,26.81448745727539,0.863748727078473,0.5971171903776105
113000000007,0.0,0.6,0.3,17.591976165771484,27.51828384399414,0.803717468636841,0.5763753490135579
113000000007,0.0,0.7,0.3,14.89586067199707,27.12900352478028,0.5430893113663516,0.5115422336754407
113000000007,0.0,0.8,0.3,15.19887924194336,27.744165420532227,0.632273107293884,0.5301991224071866
113000000007,0.0,0.9,0.3,13.576581954956056,26.74486541748047,0.3952597490093156,0.4759643011229776
113000000007,0.0,1.0,0.3,15.715221405029297,25.928455352783203,0.4840616330304199,0.5050020310363272
113000000008,0.0,0.0,0.3,17.88204002380371,22.363481521606445,0.6339345888341801,0.47994396146966223
113000000008,0.0,0.1,0.3,17.88016700744629,23.40107536315918,0.7181578946768853,0.5005509253164254
113000000008,0.0,0.2,0.3,17.889116287231445,22.22058486938477,0.6228362670044426,0.47725035529809373
113000000008,0.0,0.3,0.3,17.498390197753906,21.90072631835937,0.5681290160937984,0.46261247664738403
113000000008,0.0,0.4,0.3,16.839004516601562,20.70976448059082,0.4228624945480824,0.42495235426302624
113000000008,0.0,0.5,0.3,16.74118423461914,22.78435134887696,0.5843498949569593,0.46416241770305233
113000000008,0.0,0.6,0.3,16.270523071289062,23.70252990722656,0.624428695827411,0.47246716514256126
113000000008,0.0,0.7,0.3,15.937739372253418,26.8594970703125,0.8566587370717924,0.5282399698822018
113000000008,0.0,0.8,0.3,14.809186935424805,26.37858390808105,0.7346589258405148,0.4947747523786219
113000000008,0.0,0.9,0.3,12.65523624420166,25.33530235290528,0.4916139812068529,0.42840764117391317
113000000008,0.0,1.0,0.3,11.082364082336426,25.832897186279297,0.4165329655350376,0.4050053882262909
113000000009,0.0,0.0,0.3,16.75724220275879,29.227554321289062,0.5,0.592712883047975
113000000009,0.0,0.1,0.3,16.728656768798828,29.897829055786133,0.6264256999186734,0.6054451225519145
113000000009,0.0,0.2,0.3,16.649654388427734,30.00695037841797,0.6374044811317331,0.605943699438319
113000000009,0.0,0.3,0.3,16.528362274169922,31.80319595336914,0.970436132274774,0.6391181843396809
113000000009,0.0,0.4,0.3,16.248085021972656,31.64051818847656,0.9026533498865058,0.6299465979818624
113000000009,0.0,0.5,0.3,16.149076461791992,30.53449440002441,0.675156253066322,0.6058419309116915
113000000009,0.0,0.6,0.3,15.688876152038574,30.941347122192383,0.6946941385747872,0.6041935267891165
113000000009,0.0,0.7,0.3,15.218749046325684,30.02318954467773,0.4557303437856104,0.5759691385374022
113000000009,0.0,0.8,0.3,14.358675003051758,30.55538749694824,0.4479503211063462,0.5683480793145745
113000000009,0.0,0.9,0.3,13.56168270111084,29.928022384643555,0.2232166283240411,0.5389890654308802
113000000009,0.0,1.0,0.3,12.88630199432373,31.005828857421875,0.3452100078644646,0.5461354886884595
114000000000,0.0,0.0,0.3,21.641042709350582,27.83118438720703,0.5840785714448845,0.6683357255222284
114000000000,0.0,0.1,0.3,21.61188507080078,28.0792236328125,0.6125523743819447,0.6726539713175592
114000000000,0.0,0.2,0.3,21.536109924316406,28.537166595458984,0.6641999389822515,0.6801619291253587
114000000000,0.0,0.3,0.3,21.458255767822266,28.10548591613769,0.6092399081883123,0.6699236374978762
114000000000,0.0,0.4,0.3,21.29949378967285,27.12898635864257,0.4856447558466136,0.6471311093888987
114000000000,0.0,0.5,0.3,19.51269149780273,29.58046531677246,0.7040766953053219,0.658078623003655
114000000000,0.0,0.6,0.3,19.49740219116211,30.512290954589844,0.8150074127379288,0.6762968781782935
114000000000,0.0,0.7,0.3,17.439119338989258,30.2713565826416,0.6996495450368232,0.6279209713240554
114000000000,0.0,0.8,0.3,16.105043411254883,31.081438064575195,0.7405746897488311,0.6157929751193011
114000000000,0.0,0.9,0.3,11.863211631774902,31.30483055114746,0.5890393899017227,0.5304224856707997
114000000000,0.0,1.0,0.3,9.744730949401855,29.58436584472656,0.2939979765637665,0.4513314400009521
114000000001,0.0,0.0,0.3,22.771398544311523,33.43488693237305,0.7675405541817848,0.8037752567506308
114000000001,0.0,0.1,0.3,22.692779541015625,32.26421356201172,0.6001292233908219,0.778815880438524
114000000001,0.0,0.2,0.3,22.490158081054688,31.50786399841309,0.4825448376811131,0.7594753483716465
114000000001,0.0,0.3,0.3,22.10431289672852,31.63402938842773,0.4761137175575961,0.7538160509021996
114000000001,0.0,0.4,0.3,21.63209342956543,32.58476257324219,0.5788016505865532,0.7627355933043812
114000000001,0.0,0.5,0.3,20.354421615600582,33.07383728027344,0.5674043493321912,0.7454143138777309
114000000001,0.0,0.6,0.3,18.800682067871094,32.16316604614258,0.3445375140432762,0.6943947049608443
114000000001,0.0,0.7,0.3,17.070388793945312,33.020362854003906,0.3561569814277118,0.6748148108561725
114000000001,0.0,0.8,0.3,16.866741180419922,34.06300354003906,0.4882738895648119,0.6912498656053084
114000000001,0.0,0.9,0.3,16.59510612487793,32.98981857299805,0.3224179561485764,0.6641434856851205
114000000001,0.0,1.0,0.3,14.71531581878662,35.109230041503906,0.5,0.6665144254400244
114000000002,0.0,0.0,0.3,19.56839942932129,21.0498161315918,0.6899876361037734,0.4895105416284235
114000000002,0.0,0.1,0.3,19.53706741333008,20.655261993408203,0.6348951594891591,0.4809960649693459
114000000002,0.0,0.2,0.3,19.50761032104492,23.42288589477539,0.9931146970788604,0.5354440751835379
114000000002,0.0,0.3,0.3,19.210742950439453,21.21666717529297,0.6712745662057007,0.48525769193745816
114000000002,0.0,0.4,0.3,18.83553123474121,20.662328720092773,0.5563585615309876,0.4662824991560892
114000000002,0.0,0.5,0.3,17.90455436706543,20.44957160949707,0.4231169917740903,0.4423366254527876
114000000002,0.0,0.6,0.3,18.082195281982425,19.59550666809082,0.3316644864971719,0.42910329584893153
114000000002,0.0,0.7,0.3,17.744277954101562,20.30274200439453,0.3857817379068288,0.4360212678591207
114000000002,0.0,0.8,0.3,17.155168533325195,21.402238845825195,0.4626917542379896,0.4454259887630018
114000000002,0.0,0.9,0.3,16.530704498291016,21.762651443481445,0.4390450538892075,0.4393754065565249
114000000002,0.0,1.0,0.3,15.1539888381958,21.64046287536621,0.2671483652596941,0.40779373439580757
114000000003,0.0,0.0,0.3,17.986730575561523,21.550281524658203,0.5411205555843278,0.46597914932925594
114000000003,0.0,0.1,0.3,17.972408294677734,20.88043975830078,0.5064201030391788,0.4523470060934295
114000000003,0.0,0.2,0.3,17.94135093688965,20.726442337036133,0.4959873907735286,0.4486250771168724
114000000003,0.0,0.3,0.3,17.641878128051758,20.763322830200195,0.471347898874543,0.44301796982667707
114000000003,0.0,0.4,0.3,17.329357147216797,21.85137367248535,0.4980220573109725,0.4580513588670289
114000000003,0.0,0.5,0.3,16.340009689331055,29.137157440185547,0.7741985833998815,0.5820797194743721
114000000003,0.0,0.6,0.3,14.838345527648926,28.42074012756348,0.6056579810378231,0.5360281173258281
114000000003,0.0,0.7,0.3,14.740313529968262,28.078048706054688,0.5798848166415392,0.527133342252424
114000000003,0.0,0.8,0.3,13.378260612487791,29.19607734680176,0.5152523786039053,0.5205406718299875
114000000003,0.0,0.9,0.3,12.781201362609863,30.74380683898925,0.5397108668143287,0.5386962487150844
114000000003,0.0,1.0,0.3,12.332100868225098,29.167837142944336,0.4213381076560783,0.4978275601001094
114000000004,0.0,0.0,0.3,21.870481491088867,29.440645217895508,0.516838832685162,0.705219767314555
114000000004,0.0,0.1,0.3,21.85312843322754,29.42138862609864,0.512987495144989,0.7044691587821246
114000000004,0.0,0.2,0.3,21.615833282470703,29.32198715209961,0.4835847060594048,0.6974667736793618
114000000004,0.0,0.3,0.3,21.422008514404297,29.438308715820312,0.4875975095916979,0.6956773992493122
114000000004,0.0,0.4,0.3,21.44551658630371,29.44730567932129,0.49038966593389,0.6963541809662281
114000000004,0.0,0.5,0.3,21.08131599426269,29.79058074951172,0.5156266947296001,0.695473351536848
114000000004,0.0,0.6,0.3,20.49105262756348,30.311054229736328,0.5514374476923177,0.693331908266304
114000000004,0.0,0.7,0.3,17.43538475036621,32.845333099365234,0.7141019878011234,0.6790603205771308
114000000004,0.0,0.8,0.3,16.351987838745117,30.12335205078125,0.2579855129595128,0.6019571944194617
114000000004,0.0,0.9,0.3,14.114049911499023,30.44629669189453,0.1595513975383922,0.5609976878155342
114000000004,0.0,1.0,0.3,14.876776695251465,30.412256240844727,0.2038880745466366,0.5764701527243316
114000000005,0.0,0.0,0.3,20.910076141357425,18.000167846679688,0.5276392854155788,0.4572353221764769
114000000005,0.0,0.1,0.3,20.89698982238769,18.423322677612305,0.5518465941410072,0.46537840668433283
114000000005,0.0,0.2,0.3,20.881166458129883,17.53373908996582,0.498083155659218,0.4473419341279238
114000000005,0.0,0.3,0.3,20.57513427734375,19.943010330200195,0.6205586091731667,0.4888030982906556
114000000005,0.0,0.4,0.3,19.710357666015625,23.22063064575196,0.7574427273118436,0.5357124178878512
114000000005,0.0,0.5,0.3,18.29181480407715,25.54873847961425,0.8013441095548148,0.5520024736699849
114000000005,0.0,0.6,0.3,17.071184158325195,25.82343292236328,0.7366883471874435,0.5316231138393817
114000000005,0.0,0.7,0.3,15.13204288482666,25.971525192260746,0.6168899444017761,0.4935109561421718
114000000005,0.0,0.8,0.3,14.0468111038208,25.768857955932617,0.5329246062675888,0.46649969443099126
114000000005,0.0,0.9,0.3,13.369118690490724,25.39996719360352,0.46613104481863,0.4448099791890947
114000000005,0.0,1.0,0.3,13.986577987670898,25.93767547607422,0.538934536916794,0.46858355621077286
114000000006,0.0,0.0,0.3,21.808517456054688,20.142763137817383,0.5005381678154492,0.5188932944485855
114000000006,0.0,0.1,0.3,21.791894912719727,20.137813568115234,0.4991378710826925,0.5184428428105563
114000000006,0.0,0.2,0.3,21.76221466064453,21.80116844177246,0.6784554492082695,0.550912765019457
114000000006,0.0,0.3,0.3,21.45469665527344,21.22110939025879,0.5994360649881264,0.5328591021946703
114000000006,0.0,0.4,0.3,21.025415420532227,22.138734817504883,0.6769449924441941,0.5420290132626506
114000000006,0.0,0.5,0.3,20.16355323791504,22.80722045898437,0.7049290662707113,0.5370820210254528
114000000006,0.0,0.6,0.3,19.41977500915528,22.254074096679688,0.6062092496911824,0.5103265972454932
114000000006,0.0,0.7,0.3,18.87281990051269,22.19712448120117,0.5716492553426121,0.49761226638773975
114000000006,0.0,0.8,0.3,16.321863174438477,23.896446228027344,0.6241114079970116,0.47741288541353044
114000000006,0.0,0.9,0.3,17.13458824157715,23.325759887695312,0.6042125753686695,0.48326552362752795
114000000006,0.0,1.0,0.3,12.168112754821776,24.7363510131836,0.5,0.4061751192628454
114000000007,0.0,0.0,0.3,21.31396102905273,19.51968765258789,0.5,0.4960233532943795
114000000007,0.0,0.1,0.3,21.2486515045166,21.697813034057617,0.5864504439987852,0.5379820601171136
114000000007,0.0,0.2,0.3,20.969181060791016,23.740612030029297,0.6555357022289202,0.5727133673362804
114000000007,0.0,0.3,0.3,20.289525985717773,24.872783660888672,0.6649816213259658,0.5808510743229611
114000000007,0.0,0.4,0.3,18.697885513305664,25.23929214477539,0.5926504565988953,0.554442995493609
114000000007,0.0,0.5,0.3,17.645530700683594,27.12922477722168,0.6129360997507904,0.5697675868184596
114000000007,0.0,0.6,0.3,16.743066787719727,25.596553802490234,0.4999755218875797,0.5201610561265975
114000000007,0.0,0.7,0.3,14.172624588012695,31.61499786376953,0.6074876725207604,0.5854934057451382
114000000007,0.0,0.8,0.3,13.27103042602539,30.81049919128418,0.5246763305968619,0.5503948708080483
114000000007,0.0,0.9,0.3,12.336219787597656,26.259416580200195,0.2851617508096598,0.4400413938646681
114000000007,0.0,1.0,0.3,12.217002868652344,25.03675842285156,0.2280665263617361,0.41318798322102224
114000000008,0.0,0.0,0.3,19.92357635498047,26.22990226745605,0.5298154242006612,0.6001072369591455
114000000008,0.0,0.1,0.3,19.933921813964844,26.40503692626953,0.5499986994270163,0.6038112170059686
114000000008,0.0,0.2,0.3,19.919946670532227,25.935754776000977,0.4979414237132704,0.5941772714258622
114000000008,0.0,0.3,0.3,19.815330505371094,26.79153633117676,0.5737086625530746,0.6089909702795095
114000000008,0.0,0.4,0.3,19.30426025390625,27.88706398010254,0.615147372599771,0.6199690953727692
114000000008,0.0,0.5,0.3,19.21092414855957,27.059215545654297,0.5131973076609543,0.6015198245118634
114000000008,0.0,0.6,0.3,18.92560768127441,27.509939193725582,0.5191908452444827,0.6044473433102089
114000000008,0.0,0.7,0.3,19.027210235595703,28.4658432006836,0.6360019974209443,0.6256197676890678
114000000008,0.0,0.8,0.3,18.087627410888672,29.38300132751465,0.595315637626951,0.6239753587061293
114000000008,0.0,0.9,0.3,16.781097412109375,30.628698348999023,0.5355804696262365,0.621098736063323
114000000008,0.0,1.0,0.3,16.53955078125,29.444807052612305,0.373864742035413,0.5924265458176856
114000000009,0.0,0.0,0.3,20.527172088623047,25.10137939453125,0.6131543935257782,0.5904316700671766
114000000009,0.0,0.1,0.3,20.50961875915528,24.95934295654297,0.556020089094759,0.5872336789594901
114000000009,0.0,0.2,0.3,20.47200584411621,24.9497013092041,0.5469202607446797,0.5862454159004717
114000000009,0.0,0.3,0.3,20.396350860595703,24.80711555480957,0.4812451156306927,0.5818062616537303
114000000009,0.0,0.4,0.3,20.00281524658203,25.1672420501709,0.5633075987630045,0.5806396175568642
114000000009,0.0,0.5,0.3,19.59488868713379,26.04774284362793,0.8434084652124233,0.5895229614183481
114000000009,0.0,0.6,0.3,18.737091064453125,26.077281951904297,0.7317910682720057,0.571947915783231
114000000009,0.0,0.7,0.3,17.489282608032227,26.107391357421875,0.5644799640368229,0.5461262086537255
114000000009,0.0,0.8,0.3,17.2559814453125,25.136592864990234,0.1577284428673827,0.5218688460851164
114000000009,0.0,0.9,0.3,17.039514541625977,25.196922302246094,0.149893871228468,0.5184858890529622
114000000009,0.0,1.0,0.3,17.30390167236328,25.10215950012207,0.1513576232054413,0.5221983248101254
121000000000,0.0,0.0,0.3,19.1623477935791,32.312583923339844,0.7636103982100821,0.7050257415394898
121000000000,0.0,0.1,0.3,19.22662734985352,30.63535118103028,0.592637915653434,0.6730122683238191
121000000000,0.0,0.2,0.3,18.98103713989257,30.042400360107425,0.5076932613315295,0.6560133243274753
121000000000,0.0,0.3,0.3,18.21859169006348,29.918739318847656,0.4250329631477246,0.6374087838099716
121000000000,0.0,0.4,0.3,16.452346801757812,32.56253433227539,0.542503607207297,0.6526183881353718
121000000000,0.0,0.5,0.3,16.226736068725586,33.06359100341797,0.5747320364205941,0.65781165858401
121000000000,0.0,0.6,0.3,15.72120475769043,34.32421112060547,0.6614857852005056,0.6721921663583268
121000000000,0.0,0.7,0.3,15.657590866088867,33.0251350402832,0.5187064915135249,0.6449954762567454
121000000000,0.0,0.8,0.3,15.397998809814451,34.49891662597656,0.650392982723808,0.6688250576337299
121000000000,0.0,0.9,0.3,14.64565372467041,29.75674057006836,0.0816934161743387,0.5585325847117419
121000000000,0.0,1.0,0.3,13.751009941101074,32.98839569091797,0.3407354643469363,0.6038948617573343
121000000001,0.0,0.0,0.3,20.25788116455078,31.488142013549805,0.900193800409342,0.7118171346319249
121000000001,0.0,0.1,0.3,20.05480194091797,32.241153717041016,0.9870454904382744,0.7225010248329082
121000000001,0.0,0.2,0.3,19.54007148742676,29.90284538269043,0.6442849317152048,0.6650732601994223
121000000001,0.0,0.3,0.3,18.485246658325195,31.69878196716309,0.8150354824342849,0.678475165954742
121000000001,0.0,0.4,0.3,16.336044311523438,29.948102951049805,0.4458972431403747,0.5981324048118761
121000000001,0.0,0.5,0.3,15.191983222961426,30.648866653442383,0.465798211238178,0.58785247759805
121000000001,0.0,0.6,0.3,14.89398193359375,30.33326530456543,0.4049579300339672,0.5752626470810429
121000000001,0.0,0.7,0.3,14.021413803100586,28.57849502563477,0.1167144603174713,0.5218696673676597
121000000001,0.0,0.8,0.3,13.363889694213867,29.326114654541016,0.1738622388321158,0.5228239400421971
121000000001,0.0,0.9,0.3,12.656990051269531,28.46878433227539,0.0151359413177945,0.4907965532895924
121000000001,0.0,1.0,0.3,12.419713973999023,30.08028221130371,0.2135922698259891,0.5178390044858929
121000000002,0.0,0.0,0.3,18.98198890686035,25.90003967285156,0.9499024995419272,0.5736064665645282
121000000002,0.0,0.1,0.3,18.98795890808105,25.497774124145508,0.8823086945685903,0.56572836922449
121000000002,0.0,0.2,0.3,18.80614471435547,25.810102462768555,0.9201923144893824,0.5680935566953512
121000000002,0.0,0.3,0.3,18.125606536865234,25.175443649291992,0.75670321062555,0.5410551844672611
121000000002,0.0,0.4,0.3,16.94064712524414,24.90977478027344,0.6141084037733204,0.5106786685803659
121000000002,0.0,0.5,0.3,15.66424560546875,23.77933883666992,0.3176130555676078,0.4611583571870252
121000000002,0.0,0.6,0.3,14.733769416809082,24.727155685424805,0.4013743206580734,0.4603168346523133
121000000002,0.0,0.7,0.3,13.67014503479004,26.1931209564209,0.5618649903527723,0.46696646668605135
121000000002,0.0,0.8,0.3,12.919265747070312,25.30685043334961,0.3499938016769046,0.43343199562886453
121000000002,0.0,0.9,0.3,13.03554630279541,23.359394073486328,0.0299563807724996,0.397142520223824
121000000002,0.0,1.0,0.3,13.18874454498291,23.2390079498291,0.0222023746103943,0.39799079802066684
121000000003,0.0,0.0,0.3,18.9948844909668,26.130294799804688,0.5,0.5784612603495038
121000000003,0.0,0.1,0.3,18.917177200317383,27.88907241821289,0.8487632463407679,0.6118130430277524
121000000003,0.0,0.2,0.3,18.709123611450195,28.56929397583008,0.9640615964023432,0.6209431879941418
121000000003,0.0,0.3,0.3,18.14546585083008,27.905649185180664,0.7672049824053002,0.5958028386071152
121000000003,0.0,0.4,0.3,17.21126365661621,26.9625244140625,0.4727909412641438,0.557255408206995
121000000003,0.0,0.5,0.3,16.606128692626953,28.51763343811035,0.722133836194269,0.5753868336272143
121000000003,0.0,0.6,0.3,15.807826042175291,26.348915100097656,0.193682698397586,0.5153293659405191
121000000003,0.0,0.7,0.3,15.228013038635254,27.69265556335449,0.4028704202736629,0.529791023502998
121000000003,0.0,0.8,0.3,14.451451301574709,27.924644470214844,0.364541701444672,0.5179645092342258
121000000003,0.0,0.9,0.3,14.485447883605955,28.591398239135746,0.5037412877678735,0.5319517853962238
121000000003,0.0,1.0,0.3,14.459882736206056,26.801794052124023,0.1373502656851792,0.4957999289396391
121000000004,0.0,0.0,0.3,19.61906242370605,20.78815460205078,0.5,0.4853765820106718
121000000004,0.0,0.1,0.3,19.60295486450196,20.86855125427246,0.5038617584350852,0.48663530140963046
121000000004,0.0,0.2,0.3,19.52229690551757,21.75046730041504,0.5547381136710767,0.5024763251398954
121000000004,0.0,0.3,0.3,19.28546142578125,22.09510040283203,0.5564159085339039,0.5043193214214178
121000000004,0.0,0.4,0.3,18.71762466430664,23.67406272888184,0.6099621406047614,0.5237151376968571
121000000004,0.0,0.5,0.3,17.874448776245117,28.0754508972168,0.8248041318474174,0.5934431879834038
121000000004,0.0,0.6,0.3,17.399803161621094,28.387266159057617,0.8032381054811822,0.5895978133797402
121000000004,0.0,0.7,0.3,16.5245304107666,26.527568817138672,0.6032726757216311,0.5340596691904278
121000000004,0.0,0.8,0.3,15.746810913085938,26.095420837402344,0.5058851229934791,0.508993273433025
121000000004,0.0,0.9,0.3,15.002217292785645,28.275257110595703,0.5832957058140126,0.5366030020906927
121000000004,0.0,1.0,0.3,13.979608535766602,28.198219299316406,0.4875612525014915,0.5134175520546812
121000000005,0.0,0.0,0.3,20.7640323638916,23.96427345275879,0.5,0.5728201309170875
121000000005,0.0,0.1,0.3,20.72623062133789,26.68758583068848,0.7067543009550602,0.6262097177318189
121000000005,0.0,0.2,0.3,20.53083229064941,27.32612991333008,0.7379629081191013,0.6347785008329581
121000000005,0.0,0.3,0.3,20.04540634155273,27.398426055908203,0.6986028677993523,0.6259387802057781
121000000005,0.0,0.4,0.3,19.701549530029297,29.144187927246094,0.8015499439601241,0.6533961727731954
121000000005,0.0,0.5,0.3,18.468488693237305,28.290546417236328,0.6214851401678709,0.6103013586172834
121000000005,0.0,0.6,0.3,18.583993911743164,29.784404754638672,0.7475125714028948,0.6424726713733351
121000000005,0.0,0.7,0.3,18.20771789550781,29.412153244018555,0.683936424837368,0.6270982111968393
121000000005,0.0,0.8,0.3,16.20313262939453,28.78664207458496,0.4500552450439964,0.5722067617849818
121000000005,0.0,0.9,0.3,16.758174896240234,30.44051551818848,0.6291298845250745,0.6168688121617633
121000000005,0.0,1.0,0.3,15.363411903381348,30.05886459350586,0.4705345383305018,0.579742082350149
121000000006,0.0,0.0,0.3,19.26830101013184,20.440773010253903,0.5,0.4710372383675358
121000000006,0.0,0.1,0.3,19.1661434173584,20.48998260498047,0.4959139011374078,0.4698533744468647
121000000006,0.0,0.2,0.3,18.84886360168457,20.57898330688477,0.479902932186425,0.46490634230836636
121000000006,0.0,0.3,0.3,18.25505256652832,22.286396026611328,0.5300864595150802,0.4863081624191705
121000000006,0.0,0.4,0.3,17.150043487548828,26.66841125488281,0.6861376631879039,0.5501067166996191
121000000006,0.0,0.5,0.3,15.542485237121582,29.980844497680664,0.7538599089333635,0.5819812569631396
121000000006,0.0,0.6,0.3,15.022238731384276,30.053112030029297,0.7237746480271339,0.5724036836924306
121000000006,0.0,0.7,0.3,15.367013931274414,25.376564025878903,0.5029462715337687,0.48664731487595203
121000000006,0.0,0.8,0.3,15.643378257751465,22.93360137939453,0.3938507002959267,0.44388755918757283
121000000006,0.0,0.9,0.3,14.554511070251465,24.93367576599121,0.4270518380958483,0.46063070719786137
121000000006,0.0,1.0,0.3,11.58243465423584,24.69322967529297,0.221197809205986,0.3929160385006316
121000000007,0.0,0.0,0.3,17.76119041442871,23.755558013916016,0.5081574635732597,0.5050854333714594
121000000007,0.0,0.1,0.3,17.689714431762695,23.63115501403809,0.4951693530163442,0.501096575054887
121000000007,0.0,0.2,0.3,17.103485107421875,24.411705017089844,0.5067324295214891,0.5042156959154727
121000000007,0.0,0.3,0.3,16.44867706298828,24.738847732543945,0.483929444397758,0.4968605931351372
121000000007,0.0,0.4,0.3,15.692450523376465,26.279735565185547,0.5338609402705903,0.5115098552278826
121000000007,0.0,0.5,0.3,14.622564315795898,27.37792205810547,0.5335647950286105,0.5107086327788697
121000000007,0.0,0.6,0.3,12.437472343444824,31.25625801086425,0.6402007823858891,0.5416152408929215
121000000007,0.0,0.7,0.3,11.58803653717041,26.470792770385746,0.2689955837637231,0.42840559649734333
121000000007,0.0,0.8,0.3,11.434525489807127,25.50303268432617,0.195161842116339,0.405898153414039
121000000007,0.0,0.9,0.3,10.667041778564451,24.38207054138184,0.0697873494050867,0.36734207854699874
121000000007,0.0,1.0,0.3,10.363011360168455,28.75154685974121,0.3357588643612033,0.44785088484299196
121000000008,0.0,0.0,0.3,16.26067352294922,21.455469131469727,0.6747491761799305,0.42754534045063386
121000000008,0.0,0.1,0.3,16.245988845825195,19.958913803100582,0.5821926807903408,0.3974551149724578
121000000008,0.0,0.2,0.3,16.340274810791016,18.40480613708496,0.5,0.3685270029613301
121000000008,0.0,0.3,0.3,15.631329536437988,25.496381759643555,0.8396279041726671,0.4946280797093996
121000000008,0.0,0.4,0.3,14.860206604003906,26.65575408935547,0.8118661396533553,0.5013703197232984
121000000008,0.0,0.5,0.3,14.0274076461792,24.230457305908203,0.5590369225860488,0.4354768928402305
121000000008,0.0,0.6,0.3,13.521056175231934,24.80385971069336,0.5294214375374625,0.4361653922304282
121000000008,0.0,0.7,0.3,12.786344528198242,23.13971328735352,0.3351852819109835,0.38749464166454095
121000000008,0.0,0.8,0.3,12.406723976135254,22.28445053100586,0.2351029491619379,0.3624381369962876
121000000008,0.0,0.9,0.3,12.529214859008787,23.45062828063965,0.3213422823626276,0.38823699113313465
121000000008,0.0,1.0,0.3,12.765218734741213,24.001523971557617,0.3847248979210936,0.40419611954672585
121000000009,0.0,0.0,0.3,19.93417930603028,21.86237525939941,0.6060899581220726,0.5134242459788381
121000000009,0.0,0.1,0.3,19.8598690032959,19.7298583984375,0.4895669535932949,0.46941680135855046
121000000009,0.0,0.2,0.3,19.55026626586914,23.59897804260254,0.6385829321148428,0.5398512434980584
121000000009,0.0,0.3,0.3,18.92903518676757,26.551729202270508,0.6982586471647114,0.5854529181566206
121000000009,0.0,0.4,0.3,18.431293487548828,26.885826110839844,0.6449974064936468,0.5815618844552113
121000000009,0.0,0.5,0.3,17.633371353149414,28.178024291992188,0.5972556180822441,0.5903797267481046
121000000009,0.0,0.6,0.3,16.78551483154297,28.033336639404297,0.4710199089729857,0.5695483103990139
121000000009,0.0,0.7,0.3,16.551172256469727,29.78037071228028,0.5250312777161269,0.5993498499776586
121000000009,0.0,0.8,0.3,16.403013229370117,28.615459442138672,0.4462771594081609,0.5730327049247256
121000000009,0.0,0.9,0.3,16.37288475036621,27.344877243041992,0.3788373471328506,0.5471120152862843
121000000009,0.0,1.0,0.3,16.50540542602539,22.68409919738769,0.1655753508655608,0.45717521206238215
122000000000,0.0,0.0,0.3,19.644529342651367,17.571487426757812,0.5185708529173226,0.4219087704134878
122000000000,0.0,0.1,0.3,19.652294158935547,17.94015121459961,0.5363553655903568,0.429409059333662
122000000000,0.0,0.2,0.3,19.67090034484864,17.142410278320312,0.5,0.4139291274831373
122000000000,0.0,0.3,0.3,19.322290420532227,19.46315193176269,0.5880646199319267,0.4527271479734293
122000000000,0.0,0.4,0.3,18.78270530700684,21.884498596191406,0.669377554651633,0.48948339367481486
122000000000,0.0,0.5,0.3,17.367155075073242,23.63374900817871,0.6664736870464423,0.4943183859863668
122000000000,0.0,0.6,0.3,13.845829010009766,25.79454231262207,0.5563452062808969,0.46275522240024836
122000000000,0.0,0.7,0.3,12.368993759155272,25.3479118347168,0.4466074067971932,0.4225977118908074
122000000000,0.0,0.8,0.3,12.446099281311035,27.78645133972168,0.5657909488075139,0.4727537516820648
122000000000,0.0,0.9,0.3,12.17370891571045,23.553253173828125,0.3505673830310489,0.382751668570151
122000000000,0.0,1.0,0.3,11.351404190063477,25.111040115356445,0.3743235201305679,0.39633807259534726
122000000001,0.0,0.0,0.3,18.30690574645996,14.05340576171875,0.5190354265048542,0.32358144503540026
122000000001,0.0,0.1,0.3,18.28042221069336,13.992552757263184,0.5145123082474076,0.3218098009430973
122000000001,0.0,0.2,0.3,18.158466339111328,13.55280590057373,0.4876176778034643,0.31047720331495815
122000000001,0.0,0.3,0.3,17.780771255493164,13.62602996826172,0.4588959710114727,0.3039370183620074
122000000001,0.0,0.4,0.3,17.282634735107422,15.544694900512695,0.4903007591077982,0.33156824577514166
122000000001,0.0,0.5,0.3,16.688549041748047,18.571653366088867,0.5558449061275526,0.37922130976295165
122000000001,0.0,0.6,0.3,15.004258155822754,25.495630264282227,0.678632793038053,0.48133564493517794
122000000001,0.0,0.7,0.3,14.677380561828612,22.24389266967773,0.5277176695099624,0.4097095118966366
122000000001,0.0,0.8,0.3,12.31290054321289,26.70196914672852,0.5,0.44835379549809107
122000000001,0.0,0.9,0.3,12.525304794311523,24.675704956054688,0.4406688883928989,0.41253146124535967
122000000001,0.0,1.0,0.3,12.718674659729004,15.199186325073242,0.096452328410091,0.22805676611698023
122000000002,0.0,0.0,0.3,21.27556800842285,20.365571975708008,0.5007665079542221,0.5120423067992974
122000000002,0.0,0.1,0.3,21.24083137512207,20.65638732910156,0.5189859047925954,0.5170936070240241
122000000002,0.0,0.2,0.3,21.1291561126709,20.56534004211425,0.5057524886715452,0.5129173080180405
122000000002,0.0,0.3,0.3,20.745080947875977,21.485157012939453,0.5465314688700534,0.5230880117209387
122000000002,0.0,0.4,0.3,20.246326446533203,20.64684295654297,0.4572166596633202,0.49584624390143445
122000000002,0.0,0.5,0.3,19.802410125732425,21.259519577026367,0.472822937618599,0.49863823269990326
122000000002,0.0,0.6,0.3,17.744678497314453,25.733821868896484,0.6595455757171056,0.544100414287587
122000000002,0.0,0.7,0.3,16.14537811279297,27.49870491027832,0.6848069564964678,0.5453557852729116
122000000002,0.0,0.8,0.3,14.182269096374512,26.62765312194824,0.5032326207957719,0.4864566408894626
122000000002,0.0,0.9,0.3,14.42897129058838,26.17025375366211,0.4863772704059431,0.4825786741591448
122000000002,0.0,1.0,0.3,13.137396812438965,20.3546199798584,0.0,0.3395084062227317
122000000003,0.0,0.0,0.3,18.316368103027344,27.549341201782227,0.6296581031851058,0.5923314723442679
122000000003,0.0,0.1,0.3,18.3051700592041,29.527944564819336,0.8512161734033863,0.6314657238473512
122000000003,0.0,0.2,0.3,18.265958786010746,30.305252075195312,0.9333354631058416,0.6461027720565762
122000000003,0.0,0.3,0.3,18.082279205322266,30.833181381225582,0.9669075595720552,0.6527186108669428
122000000003,0.0,0.4,0.3,17.81406593322754,30.21459007263184,0.8592281397569486,0.6347304420146825
122000000003,0.0,0.5,0.3,17.340585708618164,28.39679718017578,0.5872883014747051,0.588533608737255
122000000003,0.0,0.6,0.3,16.98982810974121,28.13270378112793,0.5079190775444989,0.5758516609182907
122000000003,0.0,0.7,0.3,15.354848861694336,28.0477352142334,0.2672044929167299,0.5395421927992552
122000000003,0.0,0.8,0.3,14.88832187652588,27.46454429626465,0.1354824150496705,0.518059386742579
122000000003,0.0,0.9,0.3,14.976537704467772,26.399656295776367,0.0278582641581877,0.49873751347702233
122000000003,0.0,1.0,0.3,14.779474258422852,27.50601387023925,0.1247717733789238,0.5165798543316618
122000000004,0.0,0.0,0.3,20.33894157409668,18.777711868286133,0.8812402009209763,0.46061424163431186
122000000004,0.0,0.1,0.3,20.3507022857666,18.54948616027832,0.8598086870218076,0.4563218977243034
122000000004,0.0,0.2,0.3,20.369298934936523,19.119945526123047,0.916368562259982,0.46806697895749605
122000000004,0.0,0.3,0.3,20.11136817932129,19.331771850585938,0.9208660270819552,0.4668206446214238
122000000004,0.0,0.4,0.3,20.01031494140625,19.91754531860352,0.9714565301649902,0.47633701220082947
122000000004,0.0,0.5,0.3,19.102968215942383,19.325822830200195,0.857444450878635,0.44535061320430513
122000000004,0.0,0.6,0.3,17.053070068359375,19.98109245300293,0.7933314877310038,0.41498541081296236
122000000004,0.0,0.7,0.3,17.290180206298828,19.9469051361084,0.804788125181358,0.4193256539985034
122000000004,0.0,0.8,0.3,12.84324836730957,17.57081413269043,0.2968965568669788,0.2778864411667955
122000000004,0.0,0.9,0.3,13.324891090393066,14.83262825012207,0.0609901042353244,0.23359869113729864
122000000004,0.0,1.0,0.3,12.346236228942873,16.562702178955078,0.168018447896067,0.2473028322345195
122000000005,0.0,0.0,0.3,19.19747734069824,21.988046646118164,0.9978108775856476,0.50032614886825
122000000005,0.0,0.1,0.3,19.24223518371582,21.94562339782715,0.9946647643208452,0.5004296807507778
122000000005,0.0,0.2,0.3,19.07343482971192,21.619855880737305,0.9454394789849476,0.4903732322992388
122000000005,0.0,0.3,0.3,18.61253547668457,21.45544815063477,0.902220466576008,0.4773427667225829
122000000005,0.0,0.4,0.3,17.62459945678711,19.794523239135746,0.6450187946127158,0.423374398546325
122000000005,0.0,0.5,0.3,15.85728931427002,20.184022903442383,0.6075632969292645,0.3937042174382127
122000000005,0.0,0.6,0.3,14.075432777404783,19.93320846557617,0.4888691004731896,0.3509847057420029
122000000005,0.0,0.7,0.3,13.62993621826172,18.53141975402832,0.2907878461145235,0.313658276784549
122000000005,0.0,0.8,0.3,13.237897872924805,18.012285232543945,0.2063256737993037,0.29502730795727367
122000000005,0.0,0.9,0.3,11.984912872314451,18.335468292236328,0.1856858925379471,0.27492773726291425
122000000005,0.0,1.0,0.3,9.019453048706056,21.26702880859375,0.4093233015614715,0.2704715288962997
122000000006,0.0,0.0,0.3,17.317140579223633,25.75127220153809,0.5061813206463467,0.5353950503755689
122000000006,0.0,0.1,0.3,17.33316421508789,25.655990600585938,0.5,0.5338383649641814
122000000006,0.0,0.2,0.3,17.323972702026367,26.019081115722656,0.5276809233958959,0.5408687239383703
122000000006,0.0,0.3,0.3,16.96009063720703,25.95428466796875,0.4936675826629534,0.5318746035910362
122000000006,0.0,0.4,0.3,16.555219650268555,26.145978927612305,0.4764645288304613,0.5271163877763729
122000000006,0.0,0.5,0.3,15.509164810180664,29.42179107666016,0.6495957932155141,0.5701513793431131
122000000006,0.0,0.6,0.3,13.961508750915527,31.298828125,0.673375122214534,0.5747319598755818
122000000006,0.0,0.7,0.3,12.35853099822998,32.04572677612305,0.6043203073027643,0.5556530441398304
122000000006,0.0,0.8,0.3,12.058533668518066,30.406532287597656,0.452190903161388,0.5166833531334062
122000000006,0.0,0.9,0.3,11.31521987915039,31.338422775268555,0.4659890070609749,0.5194878573009292
122000000006,0.0,1.0,0.3,11.046977043151855,30.43291282653809,0.3737965148107709,0.49578979485863106
122000000007,0.0,0.0,0.3,19.23516082763672,22.83302497863769,0.5531542710037787,0.5179379028695186
122000000007,0.0,0.1,0.3,19.2365837097168,22.539213180541992,0.5372253359671916,0.5121215991602872
122000000007,0.0,0.2,0.3,19.097375869750977,22.977191925048828,0.5467654740689432,0.5178891869152176
122000000007,0.0,0.3,0.3,18.86317443847656,23.591856002807617,0.5561301013014234,0.5251611834084525
122000000007,0.0,0.4,0.3,18.336559295654297,24.22175025939941,0.5360285029511278,0.5265447304268311
122000000007,0.0,0.5,0.3,15.866995811462402,25.25312614440918,0.3365685532132516,0.494777592879293
122000000007,0.0,0.6,0.3,15.123629570007324,29.21999740600586,0.4765953781886848,0.5579727317110911
122000000007,0.0,0.7,0.3,14.411206245422363,30.996883392333984,0.5,0.5782454974001848
122000000007,0.0,0.8,0.3,16.18453025817871,27.493486404418945,0.4920559215851281,0.546080944038894
122000000007,0.0,0.9,0.3,15.359057426452637,23.6748161315918,0.1975768657834691,0.4526165138755223
122000000007,0.0,1.0,0.3,14.480704307556152,21.85888290405273,0.0072013083585732,0.39788398943413816
122000000008,0.0,0.0,0.3,19.0678768157959,20.698057174682617,0.7508035936591142,0.47191308172250035
122000000008,0.0,0.1,0.3,19.05694580078125,20.921676635742188,0.7811410211137741,0.47613133578110023
122000000008,0.0,0.2,0.3,19.011085510253903,20.84186744689941,0.7661427364217308,0.47357221148700784
122000000008,0.0,0.3,0.3,18.892297744750977,20.929718017578125,0.7684643525175029,0.47280512344800063
122000000008,0.0,0.4,0.3,18.858169555664062,19.28821182250977,0.5361825208751378,0.4394188915918784
122000000008,0.0,0.5,0.3,18.8437557220459,18.90356063842773,0.4812145056169913,0.4314596915851382
122000000008,0.0,0.6,0.3,17.728450775146484,20.74837303161621,0.6455671867308698,0.4445535618859278
122000000008,0.0,0.7,0.3,14.741339683532717,22.48105430603028,0.6373561379873093,0.41578294416554734
122000000008,0.0,0.8,0.3,13.102606773376465,22.23747634887696,0.4659568989095439,0.3762378983961754
122000000008,0.0,0.9,0.3,14.49507999420166,20.24225807189941,0.3038149222756232,0.3660198719961645
122000000008,0.0,1.0,0.3,13.853342056274414,19.305294036865234,0.1190728318214456,0.33378760968641963
122000000009,0.0,0.0,0.3,21.926273345947266,18.94529914855957,0.6509471511667815,0.4975588252197219
122000000009,0.0,0.1,0.3,21.910675048828125,22.173383712768555,0.7952786651161925,0.5614627825878811
122000000009,0.0,0.2,0.3,21.92568588256836,20.448429107666016,0.7186107493524627,0.5274565072003423
122000000009,0.0,0.3,0.3,21.613130569458008,22.40234375,0.7852286166504061,0.5597186115725941
122000000009,0.0,0.4,0.3,21.07852554321289,22.63556480407715,0.7591469487621361,0.5530397571430203
122000000009,0.0,0.5,0.3,20.51540184020996,21.035215377807617,0.6485261036155592,0.5092716429301185
122000000009,0.0,0.6,0.3,19.445762634277344,23.1258544921875,0.6694902877992065,0.5282240279049181
122000000009,0.0,0.7,0.3,18.45298385620117,24.361995697021484,0.6572263204196838,0.531800562422721
122000000009,0.0,0.8,0.3,17.293949127197266,22.11933135986328,0.4768924649114461,0.4626336086612989
122000000009,0.0,0.9,0.3,16.554466247558594,26.69481658935547,0.6323734673112329,0.5380215142066853
122000000009,0.0,1.0,0.3,14.62020778656006,15.594037055969238,0.0,0.2761764001761422
123000000000,0.0,0.0,0.3,19.31636047363281,24.34742546081543,0.6744402725554854,0.5497915955414663
123000000000,0.0,0.1,0.3,19.304712295532227,25.01483917236328,0.7672251613070908,0.5628255308000363
123000000000,0.0,0.2,0.3,18.931365966796875,26.2727165222168,0.9173705087681744,0.5799503192225373
123000000000,0.0,0.3,0.3,18.42582321166992,24.674480438232425,0.6576445691944179,0.5374434646845413
123000000000,0.0,0.4,0.3,17.532466888427734,26.15569877624512,0.8025215105106094,0.5480018318142368
123000000000,0.0,0.5,0.3,16.33759880065918,26.6687126159668,0.7903914159919644,0.5329101757967616
123000000000,0.0,0.6,0.3,14.967181205749512,24.505489349365234,0.3905669714510221,0.4608482073497211
123000000000,0.0,0.7,0.3,14.527613639831545,25.743242263793945,0.5332300381219567,0.476170393572459
123000000000,0.0,0.8,0.3,13.669601440429688,25.438535690307617,0.4301187074891497,0.45193979697371356
123000000000,0.0,0.9,0.3,12.376690864562988,23.10364151000977,0.0116714662208557,0.3781029424108876
123000000000,0.0,1.0,0.3,12.210826873779297,23.99473762512207,0.1249759245507516,0.3923225012069472
123000000001,0.0,0.0,0.3,24.97653007507324,18.78287506103516,0.5002809826768284,0.5589123316885178
123000000001,0.0,0.1,0.3,24.98269844055176,18.77147483825684,0.5,0.5588160913865863
123000000001,0.0,0.2,0.3,24.90148162841797,19.02073097229004,0.5088984784937383,0.5620562612197094
123000000001,0.0,0.3,0.3,24.929304122924805,19.3060359954834,0.5252865603503947,0.5683225279825959
123000000001,0.0,0.4,0.3,24.706871032714844,19.761394500732425,0.5377397137231628,0.5726737535206289
123000000001,0.0,0.5,0.3,21.41818046569824,28.30750274658203,0.8169524170157103,0.673094935155886
123000000001,0.0,0.6,0.3,18.913049697875977,26.36922073364257,0.5866777935940651,0.5814827890778709
123000000001,0.0,0.7,0.3,17.65367317199707,23.65631103515625,0.3797601541362652,0.5008340133765626
123000000001,0.0,0.8,0.3,16.018775939941406,24.043251037597656,0.3160921066617594,0.4739165825559395
123000000001,0.0,0.9,0.3,15.24610996246338,23.660701751708984,0.2563555266644997,0.4499441315580066
123000000001,0.0,1.0,0.3,15.831974983215332,23.246801376342773,0.2647393432243983,0.4541130964112643
123000000002,0.0,0.0,0.3,21.599609375,17.079681396484375,0.6000141139349564,0.4535190034441945
123000000002,0.0,0.1,0.3,21.52972984313965,15.317214965820312,0.495597092833838,0.4169688455361018
123000000002,0.0,0.2,0.3,21.345563888549805,16.02167510986328,0.5239691012824848,0.427087095334984
123000000002,0.0,0.3,0.3,20.619258880615234,17.46262550354004,0.5599758707831175,0.44038129874908527
123000000002,0.0,0.4,0.3,19.669353485107425,20.475994110107425,0.6711237356924982,0.48022989055593324
123000000002,0.0,0.5,0.3,19.002487182617188,19.378705978393555,0.5668389633731317,0.44427534683227465
123000000002,0.0,0.6,0.3,18.218164443969727,21.22830009460449,0.6223793769722155,0.46447251608329704
123000000002,0.0,0.7,0.3,14.500221252441406,22.98602104187012,0.4878673546663241,0.4207256624434557
123000000002,0.0,0.8,0.3,14.915270805358888,24.00434684753418,0.5718050323688538,0.44977705330249385
123000000002,0.0,0.9,0.3,15.40673542022705,24.12830352783203,0.6098049258673109,0.46264978386075906
123000000002,0.0,1.0,0.3,13.663996696472168,20.993263244628903,0.3220968804740202,0.3633666053655106
123000000003,0.0,0.0,0.3,20.603158950805664,22.26194953918457,0.8046426158914479,0.5355400366375713
123000000003,0.0,0.1,0.3,20.55296897888184,23.399459838867188,0.8974981528031912,0.557112140733309
123000000003,0.0,0.2,0.3,20.49301147460937,22.007373809814453,0.7761213140242791,0.5281421062372146
123000000003,0.0,0.3,0.3,20.346508026123047,21.23667335510254,0.7016979709114534,0.5097042434026193
123000000003,0.0,0.4,0.3,19.561016082763672,18.65432548522949,0.4335446736843437,0.44168739518817207
123000000003,0.0,0.5,0.3,18.51234245300293,21.21444702148437,0.5828600881655637,0.4704257248519482
123000000003,0.0,0.6,0.3,16.738479614257812,22.999664306640625,0.6204955623617381,0.46838956830930045
123000000003,0.0,0.7,0.3,15.94690990447998,24.280078887939453,0.6781422500812762,0.47710743887938273
123000000003,0.0,0.8,0.3,14.45420265197754,23.954463958740234,0.5554590873195426,0.4390218929417365
123000000003,0.0,0.9,0.3,13.491971969604492,24.575401306152344,0.546534102166567,0.43100357607363393
123000000003,0.0,1.0,0.3,12.76223087310791,24.05600547790528,0.4561400796108946,0.40521695866734053
123000000004,0.0,0.0,0.3,17.893037796020508,23.336334228515625,0.9317360073963444,0.49953519344527936
123000000004,0.0,0.1,0.3,17.873510360717773,23.3868465423584,0.94213792697185,0.5001268458045006
123000000004,0.0,0.2,0.3,17.869464874267578,22.596513748168945,0.7452323800063767,0.4843147034340177
123000000004,0.0,0.3,0.3,17.7177791595459,22.194089889526367,0.6284643079098668,0.4730952860851235
123000000004,0.0,0.4,0.3,17.4915771484375,23.235754013061523,0.8624436860225546,0.4890333464480787
123000000004,0.0,0.5,0.3,17.47804069519043,22.33928298950196,0.6381074537421013,0.4709082464246733
123000000004,0.0,0.6,0.3,16.927127838134766,22.571186065673828,0.6349751160728492,0.46385786746083035
123000000004,0.0,0.7,0.3,15.391776084899902,21.599510192871094,0.2240535327706308,0.4120136935143648
123000000004,0.0,0.8,0.3,15.27656078338623,23.610952377319336,0.7113426455883294,0.4495989501267591
123000000004,0.0,0.9,0.3,14.376908302307127,22.876819610595703,0.4296012127158701,0.4159417081009741
123000000004,0.0,1.0,0.3,13.36088752746582,23.09190368652344,0.3709759855866116,0.398708555382536
123000000005,0.0,0.0,0.3,18.33791732788086,17.392223358154297,0.5,0.39067573825597196
123000000005,0.0,0.1,0.3,18.30564308166504,18.56213760375977,0.5897469050775501,0.4132719781053057
123000000005,0.0,0.2,0.3,18.14224624633789,18.974151611328125,0.607231765696137,0.4180107321612687
123000000005,0.0,0.3,0.3,17.834033966064453,19.20077133178711,0.596568010981312,0.4159941143801831
123000000005,0.0,0.4,0.3,17.628942489624023,19.0351676940918,0.5643894201494699,0.40835627559957904
123000000005,0.0,0.5,0.3,16.972854614257812,20.45388603210449,0.6159158845712354,0.42269485632985204
123000000005,0.0,0.6,0.3,16.258468627929688,19.223695755004883,0.452035373605811,0.3830895793070458
123000000005,0.0,0.7,0.3,16.098011016845703,19.727453231811523,0.4770662001549983,0.38971613076989875
123000000005,0.0,0.8,0.3,15.024384498596191,20.496458053588867,0.4383026996977491,0.3822854707043357
123000000005,0.0,0.9,0.3,14.204545974731444,23.464488983154297,0.5974403302341156,0.4239859173766436
123000000005,0.0,1.0,0.3,12.955048561096191,23.69939422607422,0.5,0.4022035907525747
123000000006,0.0,0.0,0.3,21.734344482421875,27.680084228515625,0.5149211124882277,0.6673046026870648
123000000006,0.0,0.1,0.3,21.72921562194824,27.828752517700195,0.5248347176908909,0.6701542900313648
123000000006,0.0,0.2,0.3,21.72595977783203,27.9112548828125,0.530313917604604,0.6717270296689009
123000000006,0.0,0.3,0.3,21.62596321105957,27.462446212768555,0.4941044747703621,0.6606790768358888
123000000006,0.0,0.4,0.3,21.3747501373291,28.671186447143555,0.5633098457321422,0.679412131996268
123000000006,0.0,0.5,0.3,20.97496032714844,31.3204402923584,0.7231938336035362,0.7236633994246939
123000000006,0.0,0.6,0.3,20.270416259765625,34.59629821777344,0.9094599036740862,0.7739303810950591
123000000006,0.0,0.7,0.3,16.89376449584961,34.755401611328125,0.7366910253200581,0.7055997759216885
123000000006,0.0,0.8,0.3,14.782876968383787,34.6198844909668,0.6125758842822924,0.658207679881778
123000000006,0.0,0.9,0.3,12.73086643218994,32.027740478515625,0.3232387775964337,0.5631788970179097
123000000006,0.0,1.0,0.3,12.542519569396973,29.10771369934082,0.1127984059039509,0.5010865527067592
123000000007,0.0,0.0,0.3,20.838632583618164,24.03571128845215,0.9111906596731684,0.5758212107230721
123000000007,0.0,0.1,0.3,20.85606575012207,23.954910278320312,0.9008482117704376,0.5745825133219253
123000000007,0.0,0.2,0.3,20.847278594970703,24.621644973754883,0.998431936627419,0.5876635158525089
123000000007,0.0,0.3,0.3,20.864578247070312,23.52821159362793,0.8386581649481984,0.5662720660578805
123000000007,0.0,0.4,0.3,20.430200576782227,24.00015640258789,0.8689235317240909,0.5664656639763263
123000000007,0.0,0.5,0.3,20.052698135375977,24.533824920654297,0.9134518018416596,0.569091739246453
123000000007,0.0,0.6,0.3,18.757680892944336,23.39683532714844,0.6283009412924161,0.5190468541588062
123000000007,0.0,0.7,0.3,17.11937713623047,22.25887107849121,0.3118903210629749,0.46171389642905714
123000000007,0.0,0.8,0.3,16.454326629638672,21.233083724975582,0.1002489538320305,0.4272205624798803
123000000007,0.0,0.9,0.3,17.12445831298828,21.81668472290039,0.2471039676940398,0.45302261275375333
123000000007,0.0,1.0,0.3,15.3483304977417,23.335573196411133,0.3102333582125679,0.4456389383778621
123000000008,0.0,0.0,0.3,19.73461151123047,22.20551300048828,0.6751215458311957,0.5160265850590883
123000000008,0.0,0.1,0.3,19.739809036254883,22.582313537597656,0.7284550578328683,0.5236344242682597
123000000008,0.0,0.2,0.3,19.78069305419922,21.85224723815918,0.6320545675407845,0.5099728264571063
123000000008,0.0,0.3,0.3,19.648406982421875,21.29412078857422,0.5360981833009282,0.4960659159202794
123000000008,0.0,0.4,0.3,19.428451538085938,22.48758316040039,0.6728459712955959,0.5151568062736223
123000000008,0.0,0.5,0.3,18.70675468444824,22.10923957824707,0.5217750536861293,0.49234725252005285
123000000008,0.0,0.6,0.3,18.38167953491211,22.17319869995117,0.4864623416788056,0.4867368722058387
123000000008,0.0,0.7,0.3,16.71456527709961,24.48672103881836,0.5826728930813692,0.49747349777662153
123000000008,0.0,0.8,0.3,16.53392791748047,22.89175605773925,0.3353247684269733,0.4619112138351117
123000000008,0.0,0.9,0.3,16.107162475585938,20.906742095947266,0.0,0.4133760514231485
123000000008,0.0,1.0,0.3,16.379467010498047,22.320405960083008,0.2345033039187762,0.44727164632824234
123000000009,0.0,0.0,0.3,19.06825828552246,28.39065170288086,0.8797168237636275,0.6249927082117459
123000000009,0.0,0.1,0.3,19.062557220458984,28.24089431762696,0.8658621178609361,0.6218920387973372
123000000009,0.0,0.2,0.3,18.96303939819336,28.936323165893555,0.9193678262678786,0.6336229010533274
123000000009,0.0,0.3,0.3,18.7005615234375,27.66920280456543,0.7837229327018381,0.6028513784381077
123000000009,0.0,0.4,0.3,17.85556983947754,29.738489151000977,0.8957460208977579,0.6261355147530587
123000000009,0.0,0.5,0.3,17.839008331298828,29.026588439941406,0.8307910780281995,0.6116190461663151
123000000009,0.0,0.6,0.3,16.067794799804688,26.55552673339844,0.4579995761762902,0.5249451650811198
123000000009,0.0,0.7,0.3,15.476241111755373,24.34588623046875,0.2099522551334844,0.4684510654882046
123000000009,0.0,0.8,0.3,16.828020095825195,26.72345924377441,0.5383421807892018,0.5443836349750778
123000000009,0.0,0.9,0.3,14.162107467651367,26.69552230834961,0.3066623963396509,0.4873802417269556
123000000009,0.0,1.0,0.3,13.25222873687744,24.13572120666504,0.0,0.4171783013349175
124000000000,0.0,0.0,0.3,22.658859252929688,25.296432495117188,0.8100617284349739,0.6394488536016797
124000000000,0.0,0.1,0.3,22.628145217895508,24.806610107421875,0.7235144313752603,0.6290517610210107
124000000000,0.0,0.2,0.3,22.577783584594727,25.168561935424805,0.7790844019682428,0.6351877340600651
124000000000,0.0,0.3,0.3,22.462366104125977,23.46711158752441,0.4774514310228596,0.5988874970948674
124000000000,0.0,0.4,0.3,21.96755790710449,24.559688568115234,0.6058566435568729,0.6101512375521024
124000000000,0.0,0.5,0.3,21.838741302490234,25.55677032470703,0.7600752027548051,0.6272641917069585
124000000000,0.0,0.6,0.3,21.687292098999023,25.342065811157227,0.7063041945052597,0.6197851267414157
124000000000,0.0,0.7,0.3,19.430986404418945,24.61429214477539,0.3240274731499282,0.5575289241131647
124000000000,0.0,0.8,0.3,18.30175018310547,26.25131225585937,0.471909585655881,0.5661930493873362
124000000000,0.0,0.9,0.3,19.21560859680176,26.417041778564453,0.604869811502465,0.588840679196821
124000000000,0.0,1.0,0.3,19.59864616394043,24.268081665039062,0.2845861359178617,0.5541898277505257
124000000001,0.0,0.0,0.3,25.53675079345703,20.13763999938965,0.5790565852701774,0.5977322011732605
124000000001,0.0,0.1,0.3,25.465103149414062,20.25511932373047,0.5858605925475175,0.5985528179353731
124000000001,0.0,0.2,0.3,25.29218292236328,20.217592239379883,0.5747691802534902,0.5941447055135985
124000000001,0.0,0.3,0.3,24.753904342651367,20.00964736938477,0.5324339954634801,0.5786095016595836
124000000001,0.0,0.4,0.3,24.2331771850586,22.01864051818848,0.680874648322228,0.6075598009276306
124000000001,0.0,0.5,0.3,23.447057723999023,21.18744659423828,0.5738434368327077,0.5743751066315035
124000000001,0.0,0.6,0.3,21.186674118041992,20.227638244628903,0.388645951154597,0.5074154032100704
124000000001,0.0,0.7,0.3,16.686555862426758,22.90715408325196,0.413305711976658,0.46544932523566485
124000000001,0.0,0.8,0.3,19.80966758728028,20.27374267578125,0.3298814583671016,0.479176360459582
124000000001,0.0,0.9,0.3,16.515750885009766,25.04985618591309,0.589141405278961,0.5044694207077417
124000000001,0.0,1.0,0.3,14.558521270751951,19.215085983276367,0.0,0.3469239197623153
124000000002,0.0,0.0,0.3,19.687849044799805,13.792061805725098,0.4995520145448308,0.34762088762205096
124000000002,0.0,0.1,0.3,19.70391845703125,13.78055477142334,0.5,0.3477321646626253
124000000002,0.0,0.2,0.3,19.658557891845703,14.058589935302734,0.5152744604297818,0.3523042085670688
124000000002,0.0,0.3,0.3,19.317533493041992,14.550209045410156,0.5224319139390837,0.3548659398040444
124000000002,0.0,0.4,0.3,18.77290153503418,13.98607349395752,0.4429834782063255,0.3321085293775667
124000000002,0.0,0.5,0.3,18.006202697753906,14.520816802978516,0.4206477353622345,0.32651522659216403
124000000002,0.0,0.6,0.3,15.894294738769531,20.800092697143555,0.6828471537038369,0.40674666412230776
124000000002,0.0,0.7,0.3,15.692265510559082,20.525793075561523,0.6489956297372226,0.397010771264832
124000000002,0.0,0.8,0.3,15.35968017578125,20.26380157470703,0.6060365728825339,0.38475542399351514
124000000002,0.0,0.9,0.3,14.03514003753662,21.204002380371094,0.5685531553643997,0.37541852373934015
124000000002,0.0,1.0,0.3,13.13442039489746,19.805070877075195,0.4057761583977696,0.3285101486898162
124000000003,0.0,0.0,0.3,14.720575332641602,21.66503143310547,0.498580877893827,0.3991056044222112
124000000003,0.0,0.1,0.3,14.726632118225098,21.89971160888672,0.5085738575390576,0.40390364698369696
124000000003,0.0,0.2,0.3,14.699045181274414,22.43712615966797,0.5217441819410222,0.41401330219853116
124000000003,0.0,0.3,0.3,14.598370552062988,22.197622299194336,0.4894057425869026,0.40711585640069203
124000000003,0.0,0.4,0.3,14.421939849853516,22.550058364868164,0.460943504063583,0.4103931188093164
124000000003,0.0,0.5,0.3,14.038958549499512,22.685420989990234,0.3761552631623788,0.40497747236237736
124000000003,0.0,0.6,0.3,13.133271217346191,35.350830078125,0.6266710045489667,0.6378240294588762
124000000003,0.0,0.7,0.3,12.806532859802246,33.08547592163086,0.467352326458584,0.5858284540403773
124000000003,0.0,0.8,0.3,12.592641830444336,33.67491912841797,0.4387718980391064,0.5930286398280911
124000000003,0.0,0.9,0.3,12.70844268798828,33.702415466308594,0.4669089259530024,0.5960277210034588
124000000003,0.0,1.0,0.3,13.609539985656738,22.13674736022949,0.2554959071218082,0.38496723673605426
124000000004,0.0,0.0,0.3,18.97886085510254,29.351186752319336,0.9777123794828032,0.6422130890709106
124000000004,0.0,0.1,0.3,19.00458335876465,29.782611846923828,0.9999893700096872,0.6513424699810548
124000000004,0.0,0.2,0.3,19.00468635559082,27.49728012084961,0.8960576275115223,0.6058698416649202
124000000004,0.0,0.3,0.3,18.72243309020996,27.081457138061523,0.8480144959411111,0.5916191904476495
124000000004,0.0,0.4,0.3,18.541488647460938,27.727859497070312,0.8587396992066588,0.6006503855936479
124000000004,0.0,0.5,0.3,17.960771560668945,26.28498649597168,0.7331803209697192,0.5596433066762287
124000000004,0.0,0.6,0.3,16.454259872436523,18.78934860229492,0.2367782113545225,0.37859234042669443
124000000004,0.0,0.7,0.3,15.755138397216797,27.75869941711425,0.5725716070811286,0.5422664455314428
124000000004,0.0,0.8,0.3,15.111199378967283,25.49374008178711,0.4030968251106701,0.48356238460257256
124000000004,0.0,0.9,0.3,14.160052299499512,24.58821487426757,0.2637463573341549,0.4454043438199229
124000000004,0.0,1.0,0.3,15.85995864868164,27.408233642578125,0.5674497629279456,0.5375121240472702
124000000005,0.0,0.0,0.3,21.73353576660156,21.9243221282959,0.5810656638899505,0.5527561049346917
124000000005,0.0,0.1,0.3,21.68709182739257,20.58774185180664,0.4975220875115246,0.5251766884156852
124000000005,0.0,0.2,0.3,21.486957550048828,25.261444091796875,0.7703116503878147,0.6139390279218755
124000000005,0.0,0.3,0.3,21.325687408447266,24.889694213867188,0.7391602368497175,0.6031270399073522
124000000005,0.0,0.4,0.3,20.802202224731445,26.16030502319336,0.788295369360952,0.6173261964365132
124000000005,0.0,0.5,0.3,20.413122177124023,27.673398971557617,0.8593083652105704,0.6391962849660182
124000000005,0.0,0.6,0.3,17.994792938232422,27.8145694732666,0.7388460276799746,0.590800166127464
124000000005,0.0,0.7,0.3,15.458685874938965,28.79562759399414,0.6630404027068231,0.556622797429918
124000000005,0.0,0.8,0.3,14.84976291656494,28.8315544128418,0.6327316975379624,0.5444444792494036
124000000005,0.0,0.9,0.3,12.865416526794434,25.49785041809082,0.3246670240068632,0.4360924278035404
124000000005,0.0,1.0,0.3,12.361949920654297,26.364564895629883,0.3503732648609527,0.44267849843968143
124000000006,0.0,0.0,0.3,22.51587104797364,23.66063499450684,0.7465590946177061,0.6038712368408402
124000000006,0.0,0.1,0.3,22.54198455810547,23.001867294311523,0.6799130835224485,0.5913156307334018
124000000006,0.0,0.2,0.3,22.61751365661621,22.59477996826172,0.6437730811055248,0.5848144170629096
124000000006,0.0,0.3,0.3,22.60287094116211,22.946409225463867,0.6792868005776083,0.5915012908710265
124000000006,0.0,0.4,0.3,22.21546745300293,25.500667572021484,0.9133927228187416,0.634124550172557
124000000006,0.0,0.5,0.3,21.35020446777344,24.01517105102539,0.6846220239966059,0.5862444079831743
124000000006,0.0,0.6,0.3,19.59293365478516,26.00253295898437,0.7431271678060914,0.5885819543874119
124000000006,0.0,0.7,0.3,19.740137100219727,21.219411849975582,0.2556289253772541,0.496521590410276
124000000006,0.0,0.8,0.3,19.89875602722168,23.741025924682617,0.5326952296784186,0.5500566426177855
124000000006,0.0,0.9,0.3,18.18233871459961,25.99785614013672,0.6228386658246688,0.5586212438081479
124000000006,0.0,1.0,0.3,16.73020362854004,24.69144821166992,0.3629467331649741,0.5018783968442826
124000000007,0.0,0.0,0.3,21.47841453552246,16.75950813293457,0.5670731144263537,0.44458186200247996
124000000007,0.0,0.1,0.3,21.596036911010746,15.127544403076172,0.5,0.4145986468598344
124000000007,0.0,0.2,0.3,21.399188995361328,15.306218147277832,0.4993013134649373,0.4139859794898517
124000000007,0.0,0.3,0.3,20.85392951965332,18.739187240600582,0.6273756330557702,0.47075190642128767
124000000007,0.0,0.4,0.3,19.99710464477539,19.33237838745117,0.6161690871524762,0.4644133211318965
124000000007,0.0,0.5,0.3,18.93734169006348,19.524002075195312,0.5783217804863139,0.44578715251925993
124000000007,0.0,0.6,0.3,18.00616455078125,18.93684768676757,0.5116343389475635,0.4143870718256357
124000000007,0.0,0.7,0.3,16.880456924438477,20.265459060668945,0.5212163587605945,0.4169890212646444
124000000007,0.0,0.8,0.3,13.31949520111084,25.240129470825195,0.5856823488939216,0.44057872115458296
124000000007,0.0,0.9,0.3,11.111583709716797,26.00531959533692,0.5230251099761755,0.4090550361896841
124000000007,0.0,1.0,0.3,10.158111572265623,26.426902770996094,0.5,0.39725531012693305
124000000008,0.0,0.0,0.3,22.688575744628903,21.1427059173584,0.524544890350744,0.5574248893866807
124000000008,0.0,0.1,0.3,22.694482803344727,20.993406295776367,0.5163944302775361,0.5545791168474967
124000000008,0.0,0.2,0.3,22.624326705932617,21.072290420532227,0.5139046694553817,0.554663326440426
124000000008,0.0,0.3,0.3,22.162818908691406,21.083372116088867,0.4677654909721662,0.5451119645548684
124000000008,0.0,0.4,0.3,21.42282485961914,21.299903869628903,0.4054326983401914,0.5337521519450867
124000000008,0.0,0.5,0.3,20.83219146728516,21.50166702270508,0.3573769142609481,0.5252609974443578
124000000008,0.0,0.6,0.3,20.76243019104004,20.71364974975586,0.3041246004474601,0.5081034779247944
124000000008,0.0,0.7,0.3,18.25937461853028,27.92084503173828,0.4727193581654162,0.5985170950015916
124000000008,0.0,0.8,0.3,17.76264190673828,29.245710372924805,0.5,0.6143622899231885
124000000008,0.0,0.9,0.3,18.316835403442383,22.907835006713867,0.1847699772797536,0.49998208003832556
124000000008,0.0,1.0,0.3,20.09487533569336,21.29891014099121,0.2707442561317787,0.5056146466878473
124000000009,0.0,0.0,0.3,23.326473236083984,21.72143173217773,0.5,0.5824474103565607
124000000009,0.0,0.1,0.3,23.32512664794922,21.916318893432617,0.5168408657778744,0.5862968717337197
124000000009,0.0,0.2,0.3,23.31231689453125,22.163619995117188,0.5369562369698012,0.590946576302986
124000000009,0.0,0.3,0.3,23.239782333374023,22.64081764221192,0.5703665250428959,0.5989062900840418
124000000009,0.0,0.4,0.3,23.256486892700195,22.59862899780273,0.5685760504544057,0.5984204957573535
124000000009,0.0,0.5,0.3,22.95752716064453,23.484920501708984,0.6120638855598317,0.609726307720758
124000000009,0.0,0.6,0.3,21.31870651245117,25.42610549926757,0.5960861923562832,0.6136530396810655
124000000009,0.0,0.7,0.3,21.67522048950196,25.117477416992188,0.6094728196053785,0.6150605394453253
124000000009,0.0,0.8,0.3,21.03218078613281,24.42505645751953,0.4764139008806088,0.5876667687407418
124000000009,0.0,0.9,0.3,18.90292358398437,27.45574378967285,0.5,0.6028886244079739
124000000009,0.0,1.0,0.3,19.54777336120605,25.81316566467285,0.4296646287124915,0.5838576032136533
211000000000,0.0,0.0,0.3,19.627222061157227,25.348779678344727,0.5,0.5762992215856766
211000000000,0.0,0.1,0.3,19.61010360717773,25.3657283782959,0.5003765247114,0.576274013657067
211000000000,0.0,0.2,0.3,19.584491729736328,25.936174392700195,0.5521540523111099,0.5870827669194985
211000000000,0.0,0.3,0.3,19.34888458251953,29.13517570495605,0.8359838659132637,0.6457495870976726
211000000000,0.0,0.4,0.3,19.023557662963867,28.89776611328125,0.7905702657674142,0.6341370726055359
211000000000,0.0,0.5,0.3,18.78840446472168,29.648962020874023,0.8444468170559977,0.6441057033086711
211000000000,0.0,0.6,0.3,18.455121994018555,28.99469947814941,0.7593023924381577,0.6240299663878116
211000000000,0.0,0.7,0.3,18.129751205444336,30.14420890808105,0.8441947572916757,0.6400142135867397
211000000000,0.0,0.8,0.3,13.786205291748049,29.921918869018555,0.5147923024449016,0.5436216096539136
211000000000,0.0,0.9,0.3,12.587827682495115,30.67043113708496,0.5,0.533141723216824
211000000000,0.0,1.0,0.3,12.68998908996582,28.805763244628903,0.3320600495007878,0.4982006630939094
211000000001,0.0,0.0,0.3,16.630878448486328,24.875619888305664,0.5331941000671019,0.5034400568575208
211000000001,0.0,0.1,0.3,16.660625457763672,25.02204132080078,0.5578245447962077,0.5069834895201311
211000000001,0.0,0.2,0.3,16.680334091186523,25.505615234375,0.6292755485601779,0.5170232203454599
211000000001,0.0,0.3,0.3,16.246841430664062,24.59919166564941,0.4453876831714287,0.4898080122110561
211000000001,0.0,0.4,0.3,15.942706108093262,27.872074127197266,0.8738556967852278,0.5484939592661521
211000000001,0.0,0.5,0.3,15.472025871276855,25.767480850219727,0.5143980225781309,0.49664949786370616
211000000001,0.0,0.6,0.3,14.59031581878662,26.23838424682617,0.4704793160115391,0.48735064885086976
211000000001,0.0,0.7,0.3,12.71151638031006,27.01810073852539,0.3449885992625838,0.46308456893079336
211000000001,0.0,0.8,0.3,13.93124771118164,26.51505470275879,0.4269077036759469,0.4789010191094141
211000000001,0.0,0.9,0.3,13.822107315063477,28.10497283935547,0.6399145810740897,0.5082271832116797
211000000001,0.0,1.0,0.3,13.265719413757324,27.08393859863281,0.4241981613672014,0.4761292291291635
211000000002,0.0,0.0,0.3,15.992470741271973,27.450483322143555,0.6687404023926042,0.5411586157399723
211000000002,0.0,0.1,0.3,15.98923110961914,26.88771247863769,0.6043736841440212,0.5298916913718938
211000000002,0.0,0.2,0.3,15.991735458374023,26.4113998413086,0.5502027383282085,0.5204667826227227
211000000002,0.0,0.3,0.3,15.948235511779783,27.33493423461914,0.6529736895849596,0.5379227276580649
211000000002,0.0,0.4,0.3,15.699533462524414,27.476531982421875,0.6545608022658616,0.5354743525562573
211000000002,0.0,0.5,0.3,15.693678855895996,27.538923263549805,0.661332995809587,0.5365918849284292
211000000002,0.0,0.6,0.3,15.730204582214355,27.981311798095703,0.7139203483876144,0.5461681677256369
211000000002,0.0,0.7,0.3,15.289735794067385,29.597068786621094,0.8723900271131295,0.5689930081834124
211000000002,0.0,0.8,0.3,15.04515266418457,26.75868034362793,0.5343877234530992,0.5073344139438156
211000000002,0.0,0.9,0.3,12.702865600585938,30.35531044006348,0.8074087800778528,0.5293070646402013
211000000002,0.0,1.0,0.3,7.452088832855225,25.970792770385746,0.0,0.3308826064105732
211000000003,0.0,0.0,0.3,19.019296646118164,31.525409698486328,0.6346769601030002,0.6863331727263176
211000000003,0.0,0.1,0.3,19.03616142272949,31.821178436279297,0.6812698612768167,0.6925756358594328
211000000003,0.0,0.2,0.3,19.0537166595459,32.22064208984375,0.7431811199553133,0.700896098098865
211000000003,0.0,0.3,0.3,19.04323959350586,31.49467086791992,0.6348380221774131,0.6862284773484133
211000000003,0.0,0.4,0.3,18.992488861083984,30.9962100982666,0.5519670014761713,0.6752352404805523
211000000003,0.0,0.5,0.3,18.6562614440918,31.54438781738281,0.5667666165325788,0.679023976871003
211000000003,0.0,0.6,0.3,18.40875625610352,31.91338157653809,0.5726043205627889,0.6811257969089412
211000000003,0.0,0.7,0.3,18.554584503173828,31.105772018432617,0.4827423968237316,0.6681432675908174
211000000003,0.0,0.8,0.3,16.48589324951172,30.55989456176757,0.0,0.6134790472817473
211000000003,0.0,0.9,0.3,17.040666580200195,32.205322265625,0.3489619004058118,0.6579673452051678
211000000003,0.0,1.0,0.3,17.789710998535156,33.97452545166016,0.7538760539234438,0.7090320531729121
211000000004,0.0,0.0,0.3,18.00945472717285,26.988983154296875,0.5893854558102422,0.5746826334204707
211000000004,0.0,0.1,0.3,18.009057998657227,26.69084930419922,0.5483493369112817,0.5687417990402373
211000000004,0.0,0.2,0.3,17.968557357788086,26.339017868041992,0.4963168093626768,0.5608833080190498
211000000004,0.0,0.3,0.3,17.72657012939453,26.953033447265625,0.5589651248506723,0.5679775454506106
211000000004,0.0,0.4,0.3,17.52787971496582,26.7812728881836,0.5174500933325309,0.560352727581161
211000000004,0.0,0.5,0.3,17.60883140563965,27.552335739135746,0.6307797585620589,0.577409822072436
211000000004,0.0,0.6,0.3,17.084102630615234,27.52940368652344,0.5803693298986028,0.565843007550745
211000000004,0.0,0.7,0.3,16.067890167236328,27.758983612060547,0.5204225115717194,0.5488942425832577
211000000004,0.0,0.8,0.3,14.64095973968506,27.99713897705078,0.4246660228650576,0.5234196583767775
211000000004,0.0,0.9,0.3,13.67863941192627,29.974761962890625,0.6099695735678767,0.5423955331686039
211000000004,0.0,1.0,0.3,12.457560539245604,29.50847816467285,0.4358750525266017,0.5072622831145772
211000000005,0.0,0.0,0.3,20.72545051574707,21.4168701171875,0.5617314841268122,0.5213135501150524
211000000005,0.0,0.1,0.3,20.732675552368164,21.283037185668945,0.5448761579906198,0.5188034490216313
211000000005,0.0,0.2,0.3,20.714794158935547,21.579423904418945,0.5818717356521307,0.5243225007909411
211000000005,0.0,0.3,0.3,20.61104965209961,20.951799392700195,0.4785134097861079,0.509637012190816
211000000005,0.0,0.4,0.3,20.562047958374023,21.96683120727539,0.6073734062588987,0.528797131232168
211000000005,0.0,0.5,0.3,20.369348526000977,21.73801040649414,0.5423301883602423,0.5201637485807893
211000000005,0.0,0.6,0.3,20.05788803100586,23.003293991088867,0.6587280270903704,0.5387462683856516
211000000005,0.0,0.7,0.3,19.274459838867188,24.43598747253418,0.7144281607758497,0.5506666565275274
211000000005,0.0,0.8,0.3,17.902400970458984,24.64237594604492,0.5,0.5257217961085383
211000000005,0.0,0.9,0.3,18.162391662597656,21.558738708496094,0.1281585465966014,0.4698668470167756
211000000005,0.0,1.0,0.3,17.966392517089844,22.557626724243164,0.2288626165883232,0.4855932337530627
211000000006,0.0,0.0,0.3,19.674022674560547,26.93392372131348,0.537234943529525,0.6088322511284932
211000000006,0.0,0.1,0.3,19.677196502685547,26.661884307861328,0.5107043111824603,0.6034862606821151
211000000006,0.0,0.2,0.3,19.684246063232425,26.74978446960449,0.5206132373618149,0.6053846132262573
211000000006,0.0,0.3,0.3,19.65400505065918,26.98092460632324,0.5385964369538577,0.6093436519593421
211000000006,0.0,0.4,0.3,19.593656539916992,26.79745483398437,0.5103612988848788,0.6044150607746648
211000000006,0.0,0.5,0.3,19.43878936767578,26.542524337768555,0.4593756431900453,0.5960631853318283
211000000006,0.0,0.6,0.3,19.64195442199707,26.909374237060547,0.5294858909359302,0.607664745139475
211000000006,0.0,0.7,0.3,19.26286697387696,28.757930755615234,0.6505947536050853,0.6364216368125264
211000000006,0.0,0.8,0.3,19.034564971923828,28.96421241760254,0.6333255103924117,0.6356923248479889
211000000006,0.0,0.9,0.3,17.340078353881836,28.713882446289062,0.3279823964241143,0.5948324061214235
211000000006,0.0,1.0,0.3,16.663192749023438,31.56987953186035,0.5,0.637330396547162
211000000007,0.0,0.0,0.3,19.72352600097656,32.297306060791016,0.699761926751991,0.7166040066164723
211000000007,0.0,0.1,0.3,19.7189998626709,32.292808532714844,0.6978068143258791,0.716418676760471
211000000007,0.0,0.2,0.3,19.723875045776367,32.45587158203125,0.7372493736873991,0.7197666226662909
211000000007,0.0,0.3,0.3,19.63482093811035,32.54234313964844,0.7400694886578758,0.719601668640746
211000000007,0.0,0.4,0.3,19.41067314147949,32.71946334838867,0.737603971374071,0.7183800460593875
211000000007,0.0,0.5,0.3,18.491804122924805,33.56930923461914,0.7567022144482636,0.7158348103499649
211000000007,0.0,0.6,0.3,17.73565673828125,32.96031188964844,0.4636732624513983,0.6877061304970046
211000000007,0.0,0.7,0.3,17.821208953857422,32.756038665771484,0.432362619303534,0.6854528527199522
211000000007,0.0,0.8,0.3,18.0935115814209,33.20010757446289,0.5909264056168796,0.7000548644032312
211000000007,0.0,0.9,0.3,17.191852569580078,31.491613388061523,0.009702331602253,0.646966747897897
211000000007,0.0,1.0,0.3,17.213071823120117,31.450498580932617,0.0041901787483173,0.6465979145976082
211000000008,0.0,0.0,0.3,23.242664337158203,22.38064384460449,0.709751763355371,0.5937902292707482
211000000008,0.0,0.1,0.3,23.269954681396484,22.534217834472656,0.7314404726093053,0.5974239705984202
211000000008,0.0,0.2,0.3,23.269641876220703,21.42472648620605,0.6038549179022367,0.5753400678041585
211000000008,0.0,0.3,0.3,23.261754989624023,22.017276763916016,0.6708042314887329,0.5869639693926361
211000000008,0.0,0.4,0.3,23.264375686645508,22.26514434814453,0.6996848167440434,0.5919516673486246
211000000008,0.0,0.5,0.3,23.26486587524414,22.013628005981445,0.6708447459421181,0.5869572336216168
211000000008,0.0,0.6,0.3,23.12824249267578,21.460174560546875,0.5870236293551262,0.5730514718043849
211000000008,0.0,0.7,0.3,22.87711334228516,20.5208683013916,0.4419177121057365,0.5490432731480469
211000000008,0.0,0.8,0.3,20.367090225219727,22.918636322021484,0.3464368604447086,0.5436086867172106
211000000008,0.0,0.9,0.3,19.8881893157959,24.870473861694336,0.5,0.5723072921207404
211000000008,0.0,1.0,0.3,20.06657218933105,24.13577461242676,0.4419183761801821,0.5614648779147904
211000000009,0.0,0.0,0.3,22.337730407714844,30.470409393310547,0.705194489925572,0.7356040238996784
211000000009,0.0,0.1,0.3,22.30174827575684,31.807411193847656,0.8827603550206311,0.7614465553754841
211000000009,0.0,0.2,0.3,22.27752685546875,32.54804229736328,0.980710102781856,0.7756711880015479
211000000009,0.0,0.3,0.3,22.0467472076416,32.64772415161133,0.9720000425801828,0.7727682322616063
211000000009,0.0,0.4,0.3,21.71250915527344,32.13003158569336,0.8697429903301425,0.7553898078488301
211000000009,0.0,0.5,0.3,21.55823135375977,31.45647048950196,0.7636982836329507,0.7387202657517731
211000000009,0.0,0.6,0.3,20.018774032592773,32.18498611450195,0.7142035217387739,0.7206205228975107
211000000009,0.0,0.7,0.3,19.69669532775879,30.84200096130371,0.501372992852296,0.6870774244329418
211000000009,0.0,0.8,0.3,19.134063720703125,29.572343826293945,0.2753236948330313,0.6499000299669027
211000000009,0.0,0.9,0.3,18.308427810668945,31.547325134277344,0.4632864296623911,0.67171746706688
211000000009,0.0,1.0,0.3,17.14159393310547,28.95492553710937,0.0,0.5954261478765428
212000000000,0.0,0.0,0.3,20.60123443603516,23.968795776367188,0.565412703060401,0.5694630686301099
212000000000,0.0,0.1,0.3,20.61902618408203,24.03424453735352,0.5724348692789114,0.5711421235222017
212000000000,0.0,0.2,0.3,20.6146183013916,23.991724014282227,0.5686098300471318,0.5702026947610934
212000000000,0.0,0.3,0.3,20.50436782836914,23.999771118164062,0.5578835483190004,0.5680283995800054
212000000000,0.0,0.4,0.3,20.42968940734864,23.332639694213867,0.497301067516918,0.5531722196926995
212000000000,0.0,0.5,0.3,20.35310935974121,23.629533767700195,0.5129429127924497,0.5574584937980503
212000000000,0.0,0.6,0.3,20.22519874572754,23.120494842529297,0.4594057897359928,0.5446209993300097
212000000000,0.0,0.7,0.3,19.538318634033203,25.29186248779297,0.5607337443627152,0.5732842285132348
212000000000,0.0,0.8,0.3,17.760032653808594,24.99765396118164,0.3541123666818954,0.5297768391992608
212000000000,0.0,0.9,0.3,17.757726669311523,27.34736442565918,0.5401411887278016,0.5764838660568568
212000000000,0.0,1.0,0.3,15.768242835998535,29.42788314819336,0.5,0.5757582678955323
212000000001,0.0,0.0,0.3,19.998477935791016,21.750411987304688,0.4968615020563379,0.5125577841854931
212000000001,0.0,0.1,0.3,19.9981632232666,21.795154571533203,0.5013034545207473,0.5134414334978559
212000000001,0.0,0.2,0.3,20.02165031433105,22.07868194580078,0.532902705811101,0.5195805306626012
212000000001,0.0,0.3,0.3,19.815996170043945,22.61973571777344,0.5592787956136639,0.525992242525294
212000000001,0.0,0.4,0.3,19.366182327270508,24.37970733642578,0.6747584769080663,0.5514888760957104
212000000001,0.0,0.5,0.3,18.87357711791992,24.97527313232422,0.6677333053240606,0.552909455571194
212000000001,0.0,0.6,0.3,18.90348243713379,24.454933166503903,0.6196297174881474,0.5431886489514512
212000000001,0.0,0.7,0.3,18.948715209960938,22.535053253173828,0.4333253252984795,0.5059435538894144
212000000001,0.0,0.8,0.3,18.498104095458984,25.46695709228516,0.6661605316051529,0.55474306911854
212000000001,0.0,0.9,0.3,17.051620483398438,26.73890686035156,0.597735187137041,0.5494254891438719
212000000001,0.0,1.0,0.3,16.330015182495117,22.763994216918945,0.1015919887069245,0.45505133072862397
212000000002,0.0,0.0,0.3,18.266590118408203,27.323848724365234,0.5811595182315132,0.5867905080226711
212000000002,0.0,0.1,0.3,18.256731033325195,27.38248443603516,0.5885416590949696,0.5877485199654363
212000000002,0.0,0.2,0.3,18.178667068481445,27.334774017333984,0.5750078643283472,0.5851462409460519
212000000002,0.0,0.3,0.3,17.883602142333984,27.68871688842773,0.5989726264907369,0.585941549829641
212000000002,0.0,0.4,0.3,17.69489097595215,27.8712100982666,0.6081308163539865,0.5855771701876152
212000000002,0.0,0.5,0.3,17.188446044921875,28.66596031188965,0.6755906839861802,0.5906681932001898
212000000002,0.0,0.6,0.3,16.180015563964844,28.885438919067383,0.6182750017906398,0.5736832006525081
212000000002,0.0,0.7,0.3,15.357556343078612,30.30279541015625,0.7456420032750952,0.5844719697644194
212000000002,0.0,0.8,0.3,13.15241527557373,26.746612548828125,0.0528304693619799,0.4670178480454754
212000000002,0.0,0.9,0.3,12.548205375671388,29.60922622680664,0.4024840383080607,0.5111863196339249
212000000002,0.0,1.0,0.3,12.781203269958496,27.929473876953125,0.186683233942582,0.48269511742303395
212000000003,0.0,0.0,0.3,20.57096290588379,21.267934799194336,0.5505206886216194,0.5150788628006282
212000000003,0.0,0.1,0.3,20.57700538635254,21.38823509216309,0.5679496239871394,0.5176006075737364
212000000003,0.0,0.2,0.3,20.552967071533203,20.907752990722656,0.4983446361640847,0.5075307235679416
212000000003,0.0,0.3,0.3,20.33848762512207,21.002519607543945,0.4969766832397921,0.5048750988133571
212000000003,0.0,0.4,0.3,20.24913215637207,21.6751708984375,0.5859494767717907,0.5163678960843515
212000000003,0.0,0.5,0.3,19.48016166687012,22.22553825378418,0.6108282085743196,0.5110373898138632
212000000003,0.0,0.6,0.3,18.883026123046875,22.864967346191406,0.660135187923172,0.5111174817886838
212000000003,0.0,0.7,0.3,17.607513427734375,23.22005653381348,0.6225154466621536,0.4911758002789435
212000000003,0.0,0.8,0.3,15.976863861083984,23.871002197265625,0.6022796451101308,0.4696016409897549
212000000003,0.0,0.9,0.3,14.377304077148438,22.773889541625977,0.3369749522394917,0.4139019280627928
212000000003,0.0,1.0,0.3,13.31627082824707,24.443328857421875,0.5,0.42465526459020253
212000000004,0.0,0.0,0.3,21.803186416625977,24.38079071044922,0.5,0.6031110595959044
212000000004,0.0,0.1,0.3,21.79228973388672,25.88412857055664,0.5952610869558119,0.6327945932057272
212000000004,0.0,0.2,0.3,21.66923141479492,26.87949562072754,0.6542946102695816,0.6499953519323434
212000000004,0.0,0.3,0.3,21.49939727783203,27.97930908203125,0.7183419211221966,0.6682840221811472
212000000004,0.0,0.4,0.3,21.17679977416992,25.07125473022461,0.5220855663566436,0.6035873163285824
212000000004,0.0,0.5,0.3,20.87262725830078,27.922815322875977,0.6928933201540171,0.6538887776164415
212000000004,0.0,0.6,0.3,20.90649604797364,30.697614669799805,0.8706045770330715,0.7098204181269867
212000000004,0.0,0.7,0.3,17.36255645751953,30.53548049926757,0.7367179586129167,0.6315555299881452
212000000004,0.0,0.8,0.3,16.4587345123291,31.091005325317383,0.7405450645416962,0.6234723328260432
212000000004,0.0,0.9,0.3,10.841710090637209,30.90404319763184,0.532793597552439,0.5008183300933203
212000000004,0.0,1.0,0.3,7.463587760925293,32.24006271362305,0.5,0.4558755228575011
212000000005,0.0,0.0,0.3,20.20332717895508,16.0617618560791,0.6224007775334751,0.40369927747698925
212000000005,0.0,0.1,0.3,20.17005157470703,16.005298614501953,0.6098002289402124,0.40187116947396606
212000000005,0.0,0.2,0.3,20.05609703063965,16.21289825439453,0.6381879619920708,0.4035892530461002
212000000005,0.0,0.3,0.3,19.722925186157227,16.772912979125977,0.7128091963173635,0.4076782268632396
212000000005,0.0,0.4,0.3,19.435880661010746,17.35265350341797,0.7944520882414318,0.4131364060959272
212000000005,0.0,0.5,0.3,19.33139991760254,16.24656105041504,0.5891716369741212,0.388914505812194
212000000005,0.0,0.6,0.3,18.342449188232425,15.394944190979004,0.3621413281987667,0.3510287167497284
212000000005,0.0,0.7,0.3,17.82674789428711,16.308359146118164,0.4859573460791843,0.3582850048383496
212000000005,0.0,0.8,0.3,15.169544219970703,15.375731468200684,0.1178115897933911,0.2834639706992808
212000000005,0.0,0.9,0.3,14.721216201782228,18.178125381469727,0.5837724240370067,0.329734766787483
212000000005,0.0,1.0,0.3,13.617854118347168,15.858845710754396,0.086196704943266,0.26022207946395165
212000000006,0.0,0.0,0.3,21.14940452575684,32.09143829345703,0.7031232180276343,0.7426987947294751
212000000006,0.0,0.1,0.3,21.174854278564453,32.95561981201172,0.8138432539271343,0.7604336298859846
212000000006,0.0,0.2,0.3,21.10368537902832,33.19858169555664,0.8402424600746421,0.7637613056470469
212000000006,0.0,0.3,0.3,20.44081687927246,33.394004821777344,0.8249073277137062,0.7536145023617042
212000000006,0.0,0.4,0.3,19.887561798095703,32.62030792236328,0.6937493259579637,0.7265045387548206
212000000006,0.0,0.5,0.3,19.14299392700196,32.52043914794922,0.6361729252324166,0.7087519662668816
212000000006,0.0,0.6,0.3,18.93193817138672,34.42904281616211,0.8645677014075384,0.7422615783892521
212000000006,0.0,0.7,0.3,18.41756629943848,33.23564529418945,0.6827313010896365,0.707623482120768
212000000006,0.0,0.8,0.3,17.341907501220703,32.37630081176758,0.5092084164670796,0.6677479855859247
212000000006,0.0,0.9,0.3,14.021072387695312,30.4715633392334,0.0680386252481625,0.5595317706354356
212000000006,0.0,1.0,0.3,12.89427375793457,31.91742897033692,0.1826750637031243,0.5644438101957162
212000000007,0.0,0.0,0.3,21.18427085876465,27.615196228027344,0.585516341067987,0.6543662786046853
212000000007,0.0,0.1,0.3,21.169713973999023,28.101842880249023,0.6160926459805075,0.6637416214320124
212000000007,0.0,0.2,0.3,21.182880401611328,27.44976806640625,0.5741276091535508,0.6510450552453825
212000000007,0.0,0.3,0.3,20.977039337158203,29.97248077392578,0.7121701369623901,0.6968849673814868
212000000007,0.0,0.4,0.3,20.432186126708984,30.64155006408692,0.6718430798216661,0.698661872021215
212000000007,0.0,0.5,0.3,20.16444969177246,29.61355972290039,0.5604112171232566,0.6725373486440872
212000000007,0.0,0.6,0.3,20.13273048400879,26.3487548828125,0.3349777390115366,0.6069008195182877
212000000007,0.0,0.7,0.3,19.676002502441406,27.0362491607666,0.3097246574641525,0.6109103004362433
212000000007,0.0,0.8,0.3,18.441823959350582,32.02229309082031,0.4527224690458959,0.6839931479297047
212000000007,0.0,0.9,0.3,17.998214721679688,33.7534294128418,0.5,0.7090473756754947
212000000007,0.0,1.0,0.3,19.474340438842773,31.57681465148925,0.5846783445898288,0.6969910613923658
212000000008,0.0,0.0,0.3,22.728424072265625,18.288555145263672,0.5123185669939447,0.5014751409847674
212000000008,0.0,0.1,0.3,22.75720977783203,18.09513282775879,0.5,0.4982358181457995
212000000008,0.0,0.2,0.3,22.749210357666016,19.866952896118164,0.6231641425330304,0.5333231069751004
212000000008,0.0,0.3,0.3,22.087575912475582,20.76811981201172,0.6592624502186988,0.5372457180439937
212000000008,0.0,0.4,0.3,21.44528579711914,21.724721908569336,0.7000051975800734,0.5426810022309754
212000000008,0.0,0.5,0.3,19.892480850219727,24.95645904541016,0.8625583199428744,0.5741091414800437
212000000008,0.0,0.6,0.3,17.9884033203125,25.26924514770508,0.8074950436418986,0.540016586325111
212000000008,0.0,0.7,0.3,17.798664093017578,22.21851348876953,0.58721489313201,0.4752939215562666
212000000008,0.0,0.8,0.3,16.51327133178711,23.66440200805664,0.6360980063594452,0.47684837687089787
212000000008,0.0,0.9,0.3,13.373492240905762,24.77382469177246,0.5866741187991491,0.4324432500714363
212000000008,0.0,1.0,0.3,10.371018409729004,23.69268798828125,0.3901217956233758,0.3473564206116074
212000000009,0.0,0.0,0.3,20.944808959960938,25.90247917175293,0.804125080733894,0.6152153592420939
212000000009,0.0,0.1,0.3,20.96906089782715,25.91358757019043,0.80779443825658,0.6159499059383275
212000000009,0.0,0.2,0.3,21.030731201171875,25.86129379272461,0.8097180448101928,0.6162151294838125
212000000009,0.0,0.3,0.3,21.057205200195312,25.31951141357422,0.762781851880568,0.6059949956566933
212000000009,0.0,0.4,0.3,21.002370834350582,25.54878807067871,0.7778812950446637,0.6093962192001693
212000000009,0.0,0.5,0.3,20.888978958129883,24.78502655029297,0.6952600974506944,0.5917975288183083
212000000009,0.0,0.6,0.3,20.63580894470215,25.657432556152344,0.7478531316443067,0.603796581506265
212000000009,0.0,0.7,0.3,20.463409423828125,25.370746612548828,0.7026652740977486,0.594441592044211
212000000009,0.0,0.8,0.3,19.428470611572266,24.37664031982422,0.4982484723491156,0.5527467262697268
212000000009,0.0,0.9,0.3,16.946163177490234,22.46218681335449,0.0511706708003241,0.46209198974204024
212000000009,0.0,1.0,0.3,16.477466583251953,27.89887237548828,0.5,0.560350114678206
213000000000,0.0,0.0,0.3,25.548633575439453,26.00128936767578,0.8246463783825484,0.7146619801510045
213000000000,0.0,0.1,0.3,25.53210830688477,26.52474975585937,0.8575806317112036,0.7247281851353384
213000000000,0.0,0.2,0.3,25.528928756713867,27.05082321166992,0.8914872723343787,0.7351289659113208
213000000000,0.0,0.3,0.3,25.4707260131836,28.70669746398925,0.9953122615015776,0.7668461051343418
213000000000,0.0,0.4,0.3,23.78783798217773,26.36710929870605,0.7424093625368647,0.6846585441960978
213000000000,0.0,0.5,0.3,22.33634376525879,27.931543350219727,0.7564724955020838,0.685054886593573
213000000000,0.0,0.6,0.3,22.42193603515625,23.32399559020996,0.4629799978178912,0.5951836369107016
213000000000,0.0,0.7,0.3,23.820018768310547,20.9925479888916,0.3959883489396181,0.5783939059871511
213000000000,0.0,0.8,0.3,22.910076141357425,24.115142822265625,0.543630608581137,0.6212621058425564
213000000000,0.0,0.9,0.3,17.238916397094727,26.69757652282715,0.3697768984352826,0.5525688403180328
213000000000,0.0,1.0,0.3,17.64493179321289,27.730411529541016,0.4611512477395987,0.5817176559888626
213000000001,0.0,0.0,0.3,24.76431655883789,26.1942081451416,0.6181178605976664,0.7018938178887739
213000000001,0.0,0.1,0.3,24.761049270629883,26.20295524597168,0.619832488387958,0.7019986917024599
213000000001,0.0,0.2,0.3,24.7628173828125,26.212013244628903,0.62233671372631,0.7022163704725395
213000000001,0.0,0.3,0.3,24.600372314453125,26.712013244628903,0.7237877030033506,0.7087260715462124
213000000001,0.0,0.4,0.3,23.65179443359375,26.432662963867188,0.5200987954052668,0.6830824094377203
213000000001,0.0,0.5,0.3,24.373760223388672,26.516082763671875,0.642976263567089,0.7000290991824799
213000000001,0.0,0.6,0.3,23.63028907775879,27.49052619934082,0.7803124336768794,0.7036770138850186
213000000001,0.0,0.7,0.3,22.249042510986328,26.88460922241211,0.4341569651245928,0.6623739067466539
213000000001,0.0,0.8,0.3,21.765214920043945,27.312135696411133,0.4721147600801049,0.6606366012861813
213000000001,0.0,0.9,0.3,21.22935676574707,27.728759765625,0.5,0.657580669174499
213000000001,0.0,1.0,0.3,21.701154708862305,25.71956443786621,0.0667331413552958,0.6275903296612582
213000000002,0.0,0.0,0.3,16.783140182495117,26.33953094482422,0.8129198501283657,0.5357937368033683
213000000002,0.0,0.1,0.3,16.79526138305664,26.90932846069336,0.8813492169484584,0.547388538351693
213000000002,0.0,0.2,0.3,16.782638549804688,26.986825942993164,0.8883779802943657,0.5486633533199383
213000000002,0.0,0.3,0.3,16.588890075683594,26.82450485229492,0.8385061510571611,0.5413310069058662
213000000002,0.0,0.4,0.3,16.364036560058594,27.204853057861328,0.8469974063581267,0.5441383859459561
213000000002,0.0,0.5,0.3,16.253267288208008,27.314529418945312,0.8421136810075694,0.5439753816380725
213000000002,0.0,0.6,0.3,15.807833671569824,26.76726531982422,0.7071416490426555,0.523654094190118
213000000002,0.0,0.7,0.3,15.098363876342772,27.92605972290039,0.7291140103846483,0.531690265208007
213000000002,0.0,0.8,0.3,13.702279090881348,23.64150619506836,0.006248570839617,0.4168734086639564
213000000002,0.0,0.9,0.3,13.796991348266602,27.278297424316406,0.4457753180943043,0.49124573300134744
213000000002,0.0,1.0,0.3,13.66313648223877,27.238637924194336,0.4197790628310941,0.4876223505382106
213000000003,0.0,0.0,0.3,22.794612884521484,25.88162422180176,0.5762056151760724,0.6539677455651056
213000000003,0.0,0.1,0.3,22.767168045043945,25.590330123901367,0.5462465016631608,0.6475903012335924
213000000003,0.0,0.2,0.3,22.799415588378903,25.3090763092041,0.5221621854933012,0.6426765583731697
213000000003,0.0,0.3,0.3,22.64293098449707,25.07599258422852,0.4871017634282023,0.6347251550394393
213000000003,0.0,0.4,0.3,21.35384559631348,28.60659980773925,0.716547952029194,0.6776843224403377
213000000003,0.0,0.5,0.3,20.06252098083496,29.548145294189453,0.6996350852199793,0.6690774780790365
213000000003,0.0,0.6,0.3,19.249755859375,28.98192977905273,0.5788057638433235,0.6406012826352147
213000000003,0.0,0.7,0.3,19.374610900878903,26.577312469482425,0.3604598869605065,0.5953965173144261
213000000003,0.0,0.8,0.3,19.41779899597168,28.36004447937012,0.5335262970518955,0.6317847720345172
213000000003,0.0,0.9,0.3,17.657182693481445,30.334583282470703,0.5761516804825563,0.6337963204146118
213000000003,0.0,1.0,0.3,16.733291625976562,27.33381080627441,0.2146790225374094,0.5545229905728539
213000000004,0.0,0.0,0.3,17.102069854736328,28.52588653564453,0.5,0.5860520150638144
213000000004,0.0,0.1,0.3,17.0903263092041,28.747943878173828,0.5180799987191808,0.5902219808591
213000000004,0.0,0.2,0.3,17.091032028198242,29.57264709472656,0.5900480739786655,0.6066473295686146
213000000004,0.0,0.3,0.3,16.81159782409668,30.28273200988769,0.6215557701374957,0.6148603137888613
213000000004,0.0,0.4,0.3,16.481706619262695,32.493621826171875,0.7784043096060388,0.6518687873058815
213000000004,0.0,0.5,0.3,16.279340744018555,29.273418426513672,0.4756817041630491,0.5835065249739902
213000000004,0.0,0.6,0.3,15.15558624267578,31.177038192749023,0.5194019113970063,0.5975916681449944
213000000004,0.0,0.7,0.3,14.635310173034668,30.60493469238281,0.4129435662550196,0.5751914136100603
213000000004,0.0,0.8,0.3,14.155020713806152,30.528181076049805,0.3540150955965641,0.5634945764837973
213000000004,0.0,0.9,0.3,13.149648666381836,34.26165008544922,0.5701231851602762,0.6164976894082177
213000000004,0.0,1.0,0.3,12.50491428375244,31.492033004760746,0.2585659645277059,0.547734825462965
213000000005,0.0,0.0,0.3,20.86077690124512,26.359027862548828,0.5815861368786013,0.6225207428786004
213000000005,0.0,0.1,0.3,20.84479141235352,26.23846244812012,0.5627909338099434,0.6197831913446028
213000000005,0.0,0.2,0.3,20.81450843811035,26.356578826904297,0.5780810786112943,0.6214923316265367
213000000005,0.0,0.3,0.3,20.761947631835938,26.26328086853028,0.5608044835570696,0.6185229249010595
213000000005,0.0,0.4,0.3,20.572683334350582,25.80356216430664,0.4804152952182502,0.6053677414408588
213000000005,0.0,0.5,0.3,20.357669830322266,26.146469116210938,0.516164362162294,0.6076384438621686
213000000005,0.0,0.6,0.3,17.67691421508789,28.76713180541992,0.7188454256524718,0.603024085258645
213000000005,0.0,0.7,0.3,14.784201622009276,25.96195411682129,0.1101766371062537,0.48595538580668063
213000000005,0.0,0.8,0.3,13.505711555480955,27.8073787689209,0.2943181843649917,0.4956061908464096
213000000005,0.0,0.9,0.3,13.851202964782717,29.20772933959961,0.5234866308496315,0.5307865142930639
213000000005,0.0,1.0,0.3,14.033479690551758,28.683773040771484,0.4589197945254845,0.5242200288395865
213000000006,0.0,0.0,0.3,18.145845413208008,26.74329376220703,0.6373732396759207,0.5726816769299232
213000000006,0.0,0.1,0.3,18.14061737060547,26.98208999633789,0.6557818180662605,0.577322680480201
213000000006,0.0,0.2,0.3,18.067663192749023,28.544235229492188,0.7718776752379439,0.6068624033938969
213000000006,0.0,0.3,0.3,17.960390090942383,28.907411575317383,0.788781163068049,0.6118177107849256
213000000006,0.0,0.4,0.3,17.26291275024414,28.66373634338379,0.6914981927516892,0.5922006822115216
213000000006,0.0,0.5,0.3,14.294319152832031,31.30266571044922,0.5698165662384309,0.5818551816467715
213000000006,0.0,0.6,0.3,13.81610107421875,26.37193298339844,0.1242408815573743,0.4736150117429143
213000000006,0.0,0.7,0.3,14.129327774047852,25.016075134277344,0.051388402163157,0.45326759181303267
213000000006,0.0,0.8,0.3,14.36209487915039,29.27079200744629,0.4157827627640761,0.542858891390442
213000000006,0.0,0.9,0.3,13.817893981933594,26.74335289001465,0.1539817814718602,0.48104369548624515
213000000006,0.0,1.0,0.3,13.669236183166504,29.663387298583984,0.3696210297137364,0.5360005238668188
213000000007,0.0,0.0,0.3,23.283966064453125,21.67413711547852,0.81756828195953,0.5806062774617267
213000000007,0.0,0.1,0.3,23.288312911987305,21.892671585083008,0.8783887159093334,0.5850468378510855
213000000007,0.0,0.2,0.3,23.356714248657227,20.563003540039062,0.5144121532364597,0.5600366751515593
213000000007,0.0,0.3,0.3,22.67906188964844,21.75474548339844,0.8010988756551006,0.5694021506414422
213000000007,0.0,0.4,0.3,22.690349578857425,21.284812927246094,0.6716353257905398,0.5602901729701731
213000000007,0.0,0.5,0.3,22.72194480895996,20.9306869506836,0.5755568047715836,0.5539125671197747
213000000007,0.0,0.6,0.3,20.81310272216797,22.31580924987793,0.836843672556151,0.5410570737464782
213000000007,0.0,0.7,0.3,20.966949462890625,21.2493839263916,0.5512752280369599,0.5230942654854362
213000000007,0.0,0.8,0.3,20.2211971282959,21.66338348388672,0.6181322160277846,0.5155418529471832
213000000007,0.0,0.9,0.3,18.40159797668457,21.608129501342773,0.4861093624906255,0.47591455819018313
213000000007,0.0,1.0,0.3,15.561700820922852,20.5109806060791,0.0,0.3939514744389998
213000000008,0.0,0.0,0.3,18.61054992675781,21.735557556152344,0.5171722510087144,0.4828744987450273
213000000008,0.0,0.1,0.3,18.61307907104492,21.55251121520996,0.5,0.47928569183644965
213000000008,0.0,0.2,0.3,18.58608627319336,21.652612686157227,0.5064310416037957,0.4807060269259782
213000000008,0.0,0.3,0.3,18.287437438964844,22.76470375061035,0.5780198986716931,0.49651150774931996
213000000008,0.0,0.4,0.3,17.73906898498535,23.17633056640625,0.5539156644435442,0.49309124696798556
213000000008,0.0,0.5,0.3,17.734079360961914,23.75969886779785,0.6089984949929141,0.5045937864999579
213000000008,0.0,0.6,0.3,17.210866928100586,22.769737243652344,0.4540753083489834,0.4738165833051381
213000000008,0.0,0.7,0.3,16.181299209594727,25.367525100708008,0.5829392690978161,0.5037089631469475
213000000008,0.0,0.8,0.3,16.109682083129883,26.38043975830078,0.6713048800114383,0.522348099269125
213000000008,0.0,0.9,0.3,14.286890983581545,26.79302024841309,0.5,0.49196245091338253
213000000008,0.0,1.0,0.3,15.112615585327148,26.55659866333008,0.5728761555199056,0.5047417257080693
213000000009,0.0,0.0,0.3,20.224523544311523,26.50751495361328,0.565937151906729,0.6120035236966906
213000000009,0.0,0.1,0.3,20.20493507385254,26.39385414123535,0.5480423965261529,0.6093270750024342
213000000009,0.0,0.2,0.3,20.21735191345215,26.025634765625,0.4991424871612539,0.6022629514974818
213000000009,0.0,0.3,0.3,19.90586853027344,29.582109451293945,0.9485417752843,0.666436388944097
213000000009,0.0,0.4,0.3,19.64696502685547,28.00146675109864,0.7013004352843061,0.6295019064461662
213000000009,0.0,0.5,0.3,19.011608123779297,29.67972183227539,0.854971544713593,0.6494438478476439
213000000009,0.0,0.6,0.3,18.107236862182617,28.09415435791016,0.5298776685110168,0.5987443672049511
213000000009,0.0,0.7,0.3,18.026290893554688,29.303342819213867,0.685655933926291,0.6210915422781635
213000000009,0.0,0.8,0.3,17.267839431762695,28.660058975219727,0.5069452817419682,0.5922318244289484
213000000009,0.0,0.9,0.3,16.45599937438965,28.64959526062012,0.408441677692858,0.574833876329583
213000000009,0.0,1.0,0.3,16.042877197265625,29.137784957885746,0.4258451065198038,0.5758007835861458
214000000000,0.0,0.0,0.3,18.846996307373047,27.937969207763672,0.8594071540480884,0.6113000228336759
214000000000,0.0,0.1,0.3,18.84756088256836,28.28809928894043,0.9496694877243612,0.6182790612589977
214000000000,0.0,0.2,0.3,18.87367248535156,27.617544174194336,0.829217321352061,0.6054888621968815
214000000000,0.0,0.3,0.3,18.845348358154297,27.616500854492188,0.7743564130184217,0.6048683723643216
214000000000,0.0,0.4,0.3,18.814321517944336,27.254318237304688,0.6223079569570475,0.5970045040689052
214000000000,0.0,0.5,0.3,18.79013061523437,26.32491683959961,0.3389717722663782,0.5779985419060141
214000000000,0.0,0.6,0.3,18.61427116394043,27.847034454345703,0.3876658573575718,0.604562877673452
214000000000,0.0,0.7,0.3,18.704736709594727,27.703184127807617,0.5254025508127114,0.6036159623552231
214000000000,0.0,0.8,0.3,18.62393379211425,26.605411529541016,0.0900636358561877,0.5800609646364773
214000000000,0.0,0.9,0.3,18.72107696533203,26.506710052490234,0.252170451107264,0.5801538371022227
214000000000,0.0,1.0,0.3,18.75463104248047,28.181303024291992,0.7433460239940941,0.6141862920225428
214000000001,0.0,0.0,0.3,17.864473342895508,30.902612686157227,0.80172191779247,0.6494884170512025
214000000001,0.0,0.1,0.3,17.88475799560547,32.3076171875,0.9676759267497064,0.6778754856948435
214000000001,0.0,0.2,0.3,17.776142120361328,31.044322967529297,0.7396812530318185,0.6504379402745413
214000000001,0.0,0.3,0.3,17.651315689086914,32.613914489746094,0.7965155716936336,0.6790275011340695
214000000001,0.0,0.4,0.3,17.311145782470703,29.578125,0.1796279917601672,0.6114169755845524
214000000001,0.0,0.5,0.3,17.331214904785156,27.876001358032227,0.017493632331132,0.5779721066408302
214000000001,0.0,0.6,0.3,17.369836807250977,30.59990692138672,0.3386175175730277,0.6329916756124956
214000000001,0.0,0.7,0.3,17.41329574584961,29.764812469482425,0.2883703959501976,0.6172946897115801
214000000001,0.0,0.8,0.3,17.55161476135254,30.068662643432617,0.441004621337117,0.6262696089840887
214000000001,0.0,0.9,0.3,17.482372283935547,30.429357528686523,0.4187128407318062,0.6319807915433242
214000000001,0.0,1.0,0.3,17.43245506286621,31.184799194335938,0.4549245840686869,0.6459560553923203
214000000002,0.0,0.0,0.3,24.093236923217773,29.74225234985352,0.7722608501583128,0.7582854834420399
214000000002,0.0,0.1,0.3,24.093826293945312,29.98033142089844,0.789684836752389,0.7630353931995042
214000000002,0.0,0.2,0.3,24.07674026489257,30.07270050048828,0.7955638866906067,0.7645116287355149
214000000002,0.0,0.3,0.3,24.07535552978516,29.883813858032227,0.7816934149034624,0.7607237365588013
214000000002,0.0,0.4,0.3,23.37626838684082,30.641233444213867,0.8014576948152662,0.7609929670871842
214000000002,0.0,0.5,0.3,22.61048698425293,30.449127197265625,0.7484561621046888,0.7409558307960518
214000000002,0.0,0.6,0.3,19.582368850708008,32.859004974365234,0.7704373622254688,0.7247921732097937
214000000002,0.0,0.7,0.3,18.864612579345703,31.966215133666992,0.668687791211847,0.691829317093996
214000000002,0.0,0.8,0.3,18.62589263916016,29.484668731689453,0.4752395253491377,0.6373955113906511
214000000002,0.0,0.9,0.3,16.67530632019043,30.8560848236084,0.4761804967503658,0.6233834004071895
214000000002,0.0,1.0,0.3,14.267624855041504,26.01529121398925,0.0,0.47607882644443655
214000000003,0.0,0.0,0.3,21.745454788208008,21.5399112701416,0.5883575125335991,0.5453592535558898
214000000003,0.0,0.1,0.3,21.71558380126953,23.24905014038086,0.7160484006933283,0.5787361727603801
214000000003,0.0,0.2,0.3,21.591182708740234,21.64931297302246,0.5889611447295471,0.5442696643986749
214000000003,0.0,0.3,0.3,21.29888153076172,20.37083625793457,0.4778124994965635,0.5126406941834865
214000000003,0.0,0.4,0.3,20.619707107543945,21.857643127441406,0.5564398326786478,0.5278453087634993
214000000003,0.0,0.5,0.3,19.402307510375977,23.550376892089844,0.623889788249799,0.5357513022037539
214000000003,0.0,0.6,0.3,18.32379531860352,22.1364688873291,0.4634433540813805,0.48478037329522405
214000000003,0.0,0.7,0.3,18.571815490722656,22.18398666381836,0.4793573089103703,0.4909774369677905
214000000003,0.0,0.8,0.3,19.162986755371094,26.47003555297852,0.8326642625080567,0.5887809748632391
214000000003,0.0,0.9,0.3,15.689173698425291,24.647226333618164,0.5223056005347763,0.4789558904558725
214000000003,0.0,1.0,0.3,11.681832313537598,26.98643112182617,0.5,0.4406520694495554
214000000004,0.0,0.0,0.3,20.152177810668945,30.61092185974121,0.924224806645081,0.6921235760897257
214000000004,0.0,0.1,0.3,20.16645812988281,30.63318634033203,0.9338175463427068,0.6928689757366925
214000000004,0.0,0.2,0.3,20.126527786254883,30.18595314025879,0.8650333481579062,0.6831242024043647
214000000004,0.0,0.3,0.3,19.99461936950684,29.426618576049805,0.7160758135970028,0.6652215366328524
214000000004,0.0,0.4,0.3,19.942371368408203,30.67531013488769,0.8259601409141201,0.6889624113318591
214000000004,0.0,0.5,0.3,19.8831729888916,29.61991500854492,0.681219629408415,0.6667081143223702
214000000004,0.0,0.6,0.3,19.72702407836914,28.667604446411133,0.4990643151599601,0.6444522409341804
214000000004,0.0,0.7,0.3,19.50300407409668,26.653076171875,0.1670728065574529,0.5996226766258548
214000000004,0.0,0.8,0.3,19.36806297302246,31.240385055541992,0.5993581522134468,0.688046299771821
214000000004,0.0,0.9,0.3,19.519262313842773,30.94384002685547,0.6429090064176081,0.6853469448007306
214000000004,0.0,1.0,0.3,19.170063018798828,30.07746124267578,0.3732455299656434,0.6607133806633204
214000000005,0.0,0.0,0.3,22.416040420532227,27.0005111694336,0.9478218678478558,0.6682161680914638
214000000005,0.0,0.1,0.3,22.40360450744629,26.285743713378903,0.8844314048225205,0.653730009915385
214000000005,0.0,0.2,0.3,22.27924919128418,25.04730796813965,0.7642698877243297,0.626453848630337
214000000005,0.0,0.3,0.3,21.92073440551757,25.023239135742188,0.7261594204043981,0.6183837948256691
214000000005,0.0,0.4,0.3,21.58021354675293,26.011394500732425,0.7778583605461153,0.6308365440892687
214000000005,0.0,0.5,0.3,19.52608299255371,26.486202239990234,0.6127707639401677,0.5967907940731954
214000000005,0.0,0.6,0.3,19.097530364990234,27.60068130493164,0.6666080946635987,0.6098932363275479
214000000005,0.0,0.7,0.3,17.770166397094727,25.27528381347656,0.3310878536487638,0.5355158431191527
214000000005,0.0,0.8,0.3,19.247180938720703,26.581836700439453,0.5930654095353258,0.5927883670494887
214000000005,0.0,0.9,0.3,18.981595993041992,27.21799087524414,0.6216901396210094,0.5998234774036046
214000000005,0.0,1.0,0.3,17.439149856567383,21.849515914916992,0.0,0.4603391205291991
214000000006,0.0,0.0,0.3,19.784156799316406,21.565162658691406,0.5858121337120556,0.5043335975238239
214000000006,0.0,0.1,0.3,19.77176094055176,21.212100982666016,0.5536535230423218,0.4970457114068766
214000000006,0.0,0.2,0.3,19.7168025970459,21.54950714111328,0.5741104471338856,0.5025959311804454
214000000006,0.0,0.3,0.3,19.657564163208008,20.56367301940918,0.4805278438542611,0.4817249498531977
214000000006,0.0,0.4,0.3,19.492345809936523,20.662633895874023,0.4635937911877495,0.48019582912948444
214000000006,0.0,0.5,0.3,19.333065032958984,24.00805854797364,0.7257446496017755,0.5433923817814986
214000000006,0.0,0.6,0.3,18.96306800842285,25.682655334472656,0.8123196312579595,0.5688802041580823
214000000006,0.0,0.7,0.3,18.13897705078125,26.39903450012207,0.746942650567345,0.5656859842462236
214000000006,0.0,0.8,0.3,17.02680015563965,26.008848190307617,0.5424375226959949,0.5343728327754652
214000000006,0.0,0.9,0.3,16.533550262451172,24.21449089050293,0.3128184846097777,0.48822373511385675
214000000006,0.0,1.0,0.3,17.557819366455078,22.195003509521484,0.2973301877990546,0.4697265098796374
214000000007,0.0,0.0,0.3,21.195297241210938,25.12749481201172,0.8507881561746771,0.605098074520007
214000000007,0.0,0.1,0.3,21.168418884277344,26.03878402709961,0.940215884088548,0.6226623002871486
214000000007,0.0,0.2,0.3,21.15471076965332,25.49490547180176,0.8851113201637602,0.6115496477222653
214000000007,0.0,0.3,0.3,21.048320770263672,25.98227310180664,0.9275811737457068,0.6189948813910888
214000000007,0.0,0.4,0.3,20.923593521118164,26.6218490600586,0.984181498512938,0.6290805723499486
214000000007,0.0,0.5,0.3,20.7187557220459,25.35001564025879,0.8452628550949475,0.599435725828637
214000000007,0.0,0.6,0.3,20.351118087768555,23.26271247863769,0.615441092708802,0.5501171157951653
214000000007,0.0,0.7,0.3,19.54350852966309,23.828691482543945,0.6249355493080903,0.5442791231090929
214000000007,0.0,0.8,0.3,15.136474609375,25.526512145996094,0.5378875229245822,0.48474967402633795
214000000007,0.0,0.9,0.3,14.30329418182373,23.25275039672852,0.2623440504065302,0.42186349886344987
214000000007,0.0,1.0,0.3,12.607134819030762,21.614356994628903,0.0,0.3533476991230594
214000000008,0.0,0.0,0.3,22.475244522094727,18.25412940979004,0.571239970821643,0.4954293464531694
214000000008,0.0,0.1,0.3,22.41779518127441,19.486553192138672,0.6241469010934451,0.5187363837320972
214000000008,0.0,0.2,0.3,22.09153938293457,18.460424423217773,0.5535755606666296,0.49140982593509575
214000000008,0.0,0.3,0.3,21.56057548522949,19.651729583740234,0.5710122811780186,0.503872561539368
214000000008,0.0,0.4,0.3,21.09376716613769,16.713268280029297,0.4020621400476833,0.43551731085062495
214000000008,0.0,0.5,0.3,20.062236785888672,22.81039810180664,0.6108271683818176,0.5349999977165725
214000000008,0.0,0.6,0.3,18.36630821228028,27.527851104736328,0.7087028411082315,0.5929612720255824
214000000008,0.0,0.7,0.3,16.029142379760742,23.197593688964844,0.3428082625587395,0.4573087164291808
214000000008,0.0,0.8,0.3,15.831826210021973,26.585447311401367,0.4854533939223597,0.520544190845289
214000000008,0.0,0.9,0.3,15.422418594360352,21.049203872680664,0.2004670759349808,0.4017122087269671
214000000008,0.0,1.0,0.3,15.541934967041016,24.977611541748047,0.3905655016353855,0.48241247738222337
214000000009,0.0,0.0,0.3,23.3494873046875,24.44006729125977,0.5235176716442351,0.6370316367545987
214000000009,0.0,0.1,0.3,23.30233764648437,24.098175048828125,0.4977182723555772,0.6292301364378853
214000000009,0.0,0.2,0.3,23.25904655456543,31.22511482238769,0.9858626197394328,0.7701293342959032
214000000009,0.0,0.3,0.3,23.00725746154785,27.16265296936035,0.6942339828457621,0.6839608649811721
214000000009,0.0,0.4,0.3,22.796363830566406,26.590686798095703,0.6446844238338691,0.6681141435465479
214000000009,0.0,0.5,0.3,22.74598693847656,30.134258270263672,0.8859974446484469,0.73755944104617
214000000009,0.0,0.6,0.3,22.21657943725586,31.36701202392578,0.9451748475340728,0.7508798987646661
214000000009,0.0,0.7,0.3,20.57056999206543,27.717124938964844,0.6144549802631947,0.6434001365426715
214000000009,0.0,0.8,0.3,18.66367530822754,28.65566062927246,0.5867329123879308,0.6216994469071184
214000000009,0.0,0.9,0.3,18.033432006835938,27.228790283203125,0.4580835198226564,0.5799621398380402
214000000009,0.0,1.0,0.3,13.017478942871094,30.15668487548828,0.4167454743734131,0.5320162605728275
221000000000,0.0,0.0,0.3,21.624401092529297,21.78022003173828,0.7715326400369016,0.5475778855463289
221000000000,0.0,0.1,0.3,21.62167358398437,22.08035659790039,0.7954455803748784,0.5534924191349506
221000000000,0.0,0.2,0.3,21.57951545715332,21.83928680419922,0.7721793071013707,0.5478028299692378
221000000000,0.0,0.3,0.3,21.43124771118164,22.782207489013672,0.8345180475195788,0.5634262023320565
221000000000,0.0,0.4,0.3,21.334136962890625,22.41343116760254,0.795940729346914,0.554031881674
221000000000,0.0,0.5,0.3,21.143627166748047,22.684961318969727,0.800362395116836,0.5554011250852018
221000000000,0.0,0.6,0.3,20.92547416687012,23.148418426513672,0.8177049370473506,0.5600041268991142
221000000000,0.0,0.7,0.3,20.422964096069336,21.780372619628903,0.6615736051063601,0.5221419407056712
221000000000,0.0,0.8,0.3,19.0749740600586,20.70816802978516,0.4518696235214854,0.47226454877131363
221000000000,0.0,0.9,0.3,18.369525909423828,18.407367706298828,0.2020710046774984,0.4115449220269574
221000000000,0.0,1.0,0.3,16.16189956665039,24.618135452270508,0.5,0.48838642462735227
221000000001,0.0,0.0,0.3,19.29348564147949,24.6333122253418,0.8754133443648155,0.5549959832980375
221000000001,0.0,0.1,0.3,19.31018447875977,24.45326042175293,0.8600478446454216,0.5517667895489037
221000000001,0.0,0.2,0.3,19.32413673400879,24.86017417907715,0.9041720777385356,0.560159209326248
221000000001,0.0,0.3,0.3,19.22687530517578,25.55924415588379,0.9579344808428556,0.572010301207684
221000000001,0.0,0.4,0.3,19.226667404174805,24.66470527648925,0.8664729255365153,0.5542058641076713
221000000001,0.0,0.5,0.3,18.75442314147949,24.03176498413086,0.7159219077134293,0.5316120607040445
221000000001,0.0,0.6,0.3,18.314430236816406,22.38620376586914,0.4677428254752946,0.4895514432901166
221000000001,0.0,0.7,0.3,17.219518661499023,25.361862182617188,0.5727851614200397,0.5255793254645331
221000000001,0.0,0.8,0.3,16.574155807495117,25.79780578613281,0.5,0.5205891941498795
221000000001,0.0,0.9,0.3,16.656352996826172,22.733562469482425,0.2017729355135608,0.46135559289795497
221000000001,0.0,1.0,0.3,16.901121139526367,20.90553855895996,0.0594486545122633,0.43016322105794724
221000000002,0.0,0.0,0.3,22.42733764648437,29.7004337310791,0.5217685498038005,0.722179942769301
221000000002,0.0,0.1,0.3,22.37014389038086,30.900466918945312,0.6506916522184244,0.7448478655777071
221000000002,0.0,0.2,0.3,22.317062377929688,31.047927856445312,0.6637868383599062,0.7466581887220729
221000000002,0.0,0.3,0.3,22.08753967285156,30.639028549194336,0.6050046987817534,0.733661814767792
221000000002,0.0,0.4,0.3,21.699567794799805,30.57552528381348,0.5748602696160702,0.7241833541107288
221000000002,0.0,0.5,0.3,20.3890380859375,34.0371208190918,0.8784204958240666,0.765315230674512
221000000002,0.0,0.6,0.3,19.95088005065918,33.82372283935547,0.8287528340278504,0.7517914497130206
221000000002,0.0,0.7,0.3,18.006362915039062,33.542877197265625,0.6817967527784112,0.7050302180813297
221000000002,0.0,0.8,0.3,18.24185562133789,30.44359016418457,0.3540670847753238,0.6483451452639395
221000000002,0.0,0.9,0.3,16.293777465820312,29.50303268432617,0.1341483754241151,0.5883811981204957
221000000002,0.0,1.0,0.3,14.044758796691896,32.91232681274414,0.3759624898198193,0.6086009788249741
221000000003,0.0,0.0,0.3,19.281980514526367,28.07123565673828,0.5848239830052863,0.6231620997814675
221000000003,0.0,0.1,0.3,19.261972427368164,28.308624267578125,0.6112363516582586,0.6274621440169799
221000000003,0.0,0.2,0.3,19.27857780456543,28.46813201904297,0.6307392429375397,0.6309877173466554
221000000003,0.0,0.3,0.3,19.18514442443848,28.24912643432617,0.5998346101102201,0.6246514824333878
221000000003,0.0,0.4,0.3,18.577396392822266,30.5823917388916,0.8354196347380348,0.6582117682817117
221000000003,0.0,0.5,0.3,18.130420684814453,30.1037826538086,0.7536958573687038,0.6392239647830888
221000000003,0.0,0.6,0.3,17.791677474975586,31.644588470458984,0.9129249814504716,0.6627113014731474
221000000003,0.0,0.7,0.3,17.1284122467041,30.4718074798584,0.7379103667509838,0.6253308070196492
221000000003,0.0,0.8,0.3,16.744958877563477,29.560714721679688,0.609649211029333,0.5990822104579259
221000000003,0.0,0.9,0.3,15.236099243164062,28.73643112182617,0.4257191940393801,0.5507318691163484
221000000003,0.0,1.0,0.3,10.72439956665039,27.341169357299805,0.0,0.42743836423871273
221000000004,0.0,0.0,0.3,19.08938217163086,23.471887588500977,0.5835434246909639,0.5275636610418457
221000000004,0.0,0.1,0.3,19.077619552612305,23.672780990600582,0.6055983912655913,0.5313120910527946
221000000004,0.0,0.2,0.3,19.05146217346192,23.51945877075196,0.5824863997817364,0.5277073487567562
221000000004,0.0,0.3,0.3,19.006818771362305,23.74110221862793,0.6011597750572908,0.5311724638138396
221000000004,0.0,0.4,0.3,19.01644515991211,23.48784446716309,0.5724262233634507,0.526336826578641
221000000004,0.0,0.5,0.3,18.937679290771484,23.637121200561523,0.5762988544636575,0.5276394461326902
221000000004,0.0,0.6,0.3,18.446271896362305,26.935163497924805,0.8850571382014267,0.5828607771471093
221000000004,0.0,0.7,0.3,18.444849014282227,23.11271858215332,0.425156422694642,0.5067695020399926
221000000004,0.0,0.8,0.3,18.18526840209961,22.777135848999023,0.3384080801414325,0.4945955823175257
221000000004,0.0,0.9,0.3,16.71637725830078,25.367515563964844,0.3873651098607593,0.51503840649284
221000000004,0.0,1.0,0.3,16.291860580444336,24.652294158935547,0.2254865128687837,0.4918179015945936
221000000005,0.0,0.0,0.3,20.11159324645996,27.9351863861084,0.8674759803072807,0.6380209655125999
221000000005,0.0,0.1,0.3,20.08587074279785,27.447731018066406,0.6510461919824024,0.6277766628770389
221000000005,0.0,0.2,0.3,20.014938354492188,28.162277221679688,0.935768718488353,0.6404931950937776
221000000005,0.0,0.3,0.3,19.943086624145508,28.04609489440918,0.8645015004104135,0.636659960315068
221000000005,0.0,0.4,0.3,19.77866172790528,27.441749572753903,0.5564807903990714,0.6211528599131471
221000000005,0.0,0.5,0.3,19.752859115600582,28.042694091796875,0.8060752037492422,0.6325644509014412
221000000005,0.0,0.6,0.3,19.56684303283692,27.76666259765625,0.6321708613862409,0.6231331553399593
221000000005,0.0,0.7,0.3,19.38509178161621,27.96699905395508,0.6635224937756576,0.6232711984173493
221000000005,0.0,0.8,0.3,18.97465133666992,28.11755752563477,0.6050706600571218,0.6175765131173123
221000000005,0.0,0.9,0.3,18.822465896606445,28.24468040466309,0.6139270368859802,0.6168837319124618
221000000005,0.0,1.0,0.3,18.44205474853516,27.07699012756348,0.0,0.5855936297394095
221000000006,0.0,0.0,0.3,15.771992683410645,25.66560173034668,0.8818023097888494,0.5009736860426984
221000000006,0.0,0.1,0.3,15.77719020843506,25.684680938720703,0.8875858350381399,0.5014633861355774
221000000006,0.0,0.2,0.3,15.763983726501465,26.198450088500977,0.9959118171158112,0.5114070207454825
221000000006,0.0,0.3,0.3,15.74195384979248,26.173105239868164,0.9835467489658084,0.5104362386673371
221000000006,0.0,0.4,0.3,15.629476547241213,25.09218978881836,0.7122210046774857,0.4865460069460263
221000000006,0.0,0.5,0.3,15.681971549987791,25.18743896484375,0.7493120886345851,0.4895528467814509
221000000006,0.0,0.6,0.3,15.455982208251951,25.32719039916992,0.7099331110808187,0.48754864692266564
221000000006,0.0,0.7,0.3,15.507862091064451,24.56877517700196,0.5600495581140885,0.4735557705807327
221000000006,0.0,0.8,0.3,15.159310340881348,25.52456283569336,0.6612813754285983,0.4851944046656178
221000000006,0.0,0.9,0.3,14.466031074523926,24.514970779418945,0.2257690276088041,0.4504256238179615
221000000006,0.0,1.0,0.3,14.161988258361816,23.91328811645508,0.0,0.4320152652210216
221000000007,0.0,0.0,0.3,22.03458595275879,22.949308395385746,0.5172597414150586,0.5795262301164441
221000000007,0.0,0.1,0.3,22.047239303588867,22.837451934814453,0.5023900286937993,0.5775683671503451
221000000007,0.0,0.2,0.3,22.057430267333984,22.812368392944336,0.5,0.5772850221829535
221000000007,0.0,0.3,0.3,22.016357421875,22.867172241210938,0.50280631032083,0.5775058717889836
221000000007,0.0,0.4,0.3,21.32915496826172,23.075597763061523,0.4452786122475415,0.5671025552860488
221000000007,0.0,0.5,0.3,20.44935607910156,24.95819091796875,0.6098949057185615,0.5859347653952146
221000000007,0.0,0.6,0.3,20.88456916809082,25.112903594970703,0.6886076085780684,0.5982284376829416
221000000007,0.0,0.7,0.3,18.16451072692871,26.2030086517334,0.5,0.5623259970877854
221000000007,0.0,0.8,0.3,18.89053535461425,25.08052635192871,0.4277227761094933,0.5553629132495306
221000000007,0.0,0.9,0.3,19.115421295166016,25.166030883789062,0.4692156523475541,0.5618260191457087
221000000007,0.0,1.0,0.3,19.3792724609375,25.55242729187012,0.5600841087658653,0.5751014816259785
221000000008,0.0,0.0,0.3,19.63437271118164,27.258338928222656,0.6527238851560301,0.6144481061892773
221000000008,0.0,0.1,0.3,19.62948989868164,27.23526382446289,0.6503812379501164,0.6138855571932158
221000000008,0.0,0.2,0.3,19.6368408203125,26.09528923034668,0.5587078809732705,0.5913573519032651
221000000008,0.0,0.3,0.3,19.388952255249023,25.370868682861328,0.4760065294584397,0.5716936848401054
221000000008,0.0,0.4,0.3,18.935596466064453,31.08281707763672,0.8950285271720699,0.6757539666753145
221000000008,0.0,0.5,0.3,17.61421012878418,29.698699951171875,0.6549592942567218,0.6202332658697478
221000000008,0.0,0.6,0.3,18.42154693603516,31.003093719482425,0.8388121023444751,0.6632832071339475
221000000008,0.0,0.7,0.3,18.47061347961425,29.928516387939453,0.7564763269872876,0.6429395912024375
221000000008,0.0,0.8,0.3,18.840049743652344,25.790000915527344,0.4568444726498396,0.5684114630156414
221000000008,0.0,0.9,0.3,14.612272262573242,29.92893409729004,0.383056097338085,0.5612521755974272
221000000008,0.0,1.0,0.3,14.47109031677246,31.540573120117188,0.5,0.5903321128285436
221000000009,0.0,0.0,0.3,19.74549865722656,25.740009307861328,0.5728244609785226,0.5865884920590979
221000000009,0.0,0.1,0.3,19.74930763244629,25.141996383666992,0.507847389985633,0.5747695468138949
221000000009,0.0,0.2,0.3,19.71049690246582,25.071674346923828,0.4821025226049327,0.5725484691321089
221000000009,0.0,0.3,0.3,19.472394943237305,26.75634384155273,0.5602983167052119,0.6010294430138448
221000000009,0.0,0.4,0.3,19.46741104125977,26.81943702697754,0.5650407086062048,0.6021793783924871
221000000009,0.0,0.5,0.3,19.40730094909668,27.15350914001465,0.5746009183739438,0.6075541733934516
221000000009,0.0,0.6,0.3,19.36980438232422,26.407020568847656,0.4740071708627535,0.5919061815702442
221000000009,0.0,0.7,0.3,19.128326416015625,27.91002082824707,0.5303732596337373,0.6167007164965491
221000000009,0.0,0.8,0.3,18.93363380432129,27.397247314453125,0.3833696982712878,0.6023748807412044
221000000009,0.0,0.9,0.3,18.71821975708008,27.65445709228516,0.3127346160341805,0.6029318518319264
221000000009,0.0,1.0,0.3,18.66505622863769,29.55227470397949,0.5,0.6395700146773102
222000000000,0.0,0.0,0.3,24.51488304138184,25.934410095214844,0.9333158991870496,0.6914427566961723
222000000000,0.0,0.1,0.3,24.50005149841309,25.894874572753903,0.9267907295496384,0.6903420166972841
222000000000,0.0,0.2,0.3,24.46539688110352,25.763282775878903,0.9063744537895676,0.686989759732006
222000000000,0.0,0.3,0.3,24.381607055664062,26.12499046325684,0.946642066113005,0.6924130730242022
222000000000,0.0,0.4,0.3,24.229921340942383,25.818246841430664,0.8927740512436702,0.6830975545530928
222000000000,0.0,0.5,0.3,24.320512771606445,25.76895332336425,0.8942954955796201,0.6840348489704127
222000000000,0.0,0.6,0.3,24.328744888305664,26.084623336791992,0.9366404268699392,0.6904905326447894
222000000000,0.0,0.7,0.3,24.14623641967773,25.574466705322266,0.853226867932313,0.6764747536299895
222000000000,0.0,0.8,0.3,24.202289581298828,25.68490600585937,0.8727489228567542,0.6798591947885587
222000000000,0.0,0.9,0.3,22.44839096069336,26.44022750854492,0.8170542999551852,0.657752314089862
222000000000,0.0,1.0,0.3,18.867053985595703,22.6475887298584,0.0,0.5064537697044447
222000000001,0.0,0.0,0.3,21.58399200439453,20.87339973449707,0.6718162273726875,0.528677854213278
222000000001,0.0,0.1,0.3,21.59607696533203,21.069923400878903,0.6942953165099889,0.5328442765565848
222000000001,0.0,0.2,0.3,21.6318588256836,20.79412841796875,0.664836068745027,0.5281139914901544
222000000001,0.0,0.3,0.3,21.66006088256836,19.311752319335938,0.5,0.49921398718767734
222000000001,0.0,0.4,0.3,21.046348571777344,20.4587345123291,0.60411782606244,0.5090426616224693
222000000001,0.0,0.5,0.3,20.97435760498047,22.27841567993164,0.8049823325953216,0.5437273734649161
222000000001,0.0,0.6,0.3,18.42464065551757,22.933408737182617,0.7774068706882135,0.5027736067815638
222000000001,0.0,0.7,0.3,18.3322811126709,21.445934295654297,0.6072289612792232,0.4712194061571445
222000000001,0.0,0.8,0.3,17.207666397094727,20.844545364379883,0.4953981400611986,0.4354402709084197
222000000001,0.0,0.9,0.3,15.35629940032959,21.76952171325684,0.5256836927597295,0.41464550179545345
222000000001,0.0,1.0,0.3,9.025439262390137,23.77802848815918,0.5,0.3205635560919233
222000000002,0.0,0.0,0.3,20.792388916015625,18.269216537475582,0.5395011354875716,0.46009711830991773
222000000002,0.0,0.1,0.3,20.753942489624023,17.469602584838867,0.4986491288197781,0.4433718957935168
222000000002,0.0,0.2,0.3,20.549734115600582,18.47488021850586,0.5411349445857783,0.4590516061968838
222000000002,0.0,0.3,0.3,20.39763641357422,18.04307174682617,0.5144593204593876,0.44723875404449664
222000000002,0.0,0.4,0.3,19.29682350158692,22.6683406829834,0.7042701340422324,0.5159665554671428
222000000002,0.0,0.5,0.3,17.358083724975586,22.446367263793945,0.625184144476578,0.4704991248785939
222000000002,0.0,0.6,0.3,15.39614486694336,27.591007232666016,0.8103951068667308,0.5313283570834068
222000000002,0.0,0.7,0.3,12.913500785827637,25.77298927307129,0.6333532355530105,0.4425854209201828
222000000002,0.0,0.8,0.3,12.70180320739746,23.453920364379883,0.5113523306456847,0.391956849230077
222000000002,0.0,0.9,0.3,11.534202575683594,24.98715591430664,0.546069213692186,0.3977434910714659
222000000002,0.0,1.0,0.3,6.562154769897461,26.542707443237305,0.4482137200366868,0.32341960276556686
222000000003,0.0,0.0,0.3,19.93538475036621,20.47221946716309,0.5949328223609075,0.48578767217314345
222000000003,0.0,0.1,0.3,19.96870231628418,21.21649742126465,0.6558410406466101,0.5013031905923475
222000000003,0.0,0.2,0.3,19.902711868286133,22.689319610595703,0.765255880181211,0.5292129622018622
222000000003,0.0,0.3,0.3,19.762056350708008,21.667882919311523,0.6736686041612776,0.5059096323570521
222000000003,0.0,0.4,0.3,19.24094009399414,20.40450668334961,0.5311417359833333,0.46973625626702764
222000000003,0.0,0.5,0.3,18.672327041625977,21.73684883117676,0.587245496519532,0.48420824924695166
222000000003,0.0,0.6,0.3,18.24632835388184,25.62517547607422,0.854894471408979,0.5525603389972655
222000000003,0.0,0.7,0.3,16.83481216430664,22.02236557006836,0.4547282184285676,0.45098245702950396
222000000003,0.0,0.8,0.3,16.709840774536133,21.90826797485352,0.4352927912440475,0.4460659606164144
222000000003,0.0,0.9,0.3,15.046537399291992,24.853240966796875,0.5250601213719488,0.469448235377083
222000000003,0.0,1.0,0.3,14.033801078796388,19.22017288208008,0.0,0.33591482374645665
222000000004,0.0,0.0,0.3,17.81104850769043,19.357187271118164,0.5676926347717246,0.418619876851253
222000000004,0.0,0.1,0.3,17.767284393310547,17.97511100769043,0.5034455834419641,0.39019189779527114
222000000004,0.0,0.2,0.3,17.722501754760742,19.72418212890625,0.5736312102461207,0.4240476750087334
222000000004,0.0,0.3,0.3,17.597457885742188,17.781845092773438,0.4762852989734211,0.38275031278245697
222000000004,0.0,0.4,0.3,17.28995704650879,18.879505157470703,0.4893104427085011,0.39808120695700233
222000000004,0.0,0.5,0.3,16.931005477905273,21.62511444091797,0.5674356436286743,0.4451145093693704
222000000004,0.0,0.6,0.3,15.802393913269045,23.858503341674805,0.5380962839083572,0.4656587407948296
222000000004,0.0,0.7,0.3,14.747598648071287,24.008174896240234,0.4274150818167108,0.44630297000852726
222000000004,0.0,0.8,0.3,14.206565856933594,22.87361526489257,0.3185927261359844,0.4122711501554528
222000000004,0.0,0.9,0.3,13.57204818725586,29.41783905029297,0.5293490681672445,0.5290566287188878
222000000004,0.0,1.0,0.3,13.307710647583008,29.147838592529297,0.4883980492448954,0.518086979591004
222000000005,0.0,0.0,0.3,23.737245559692383,24.06954002380371,0.6732302436328524,0.6378689918524408
222000000005,0.0,0.1,0.3,23.732351303100582,24.15032196044922,0.6789961071051998,0.6393728060314
222000000005,0.0,0.2,0.3,23.73854255676269,24.68462371826172,0.7211924397524605,0.6501357336465752
222000000005,0.0,0.3,0.3,23.3274154663086,25.28986358642578,0.7249656038486609,0.6534740142410005
222000000005,0.0,0.4,0.3,22.494537353515625,28.270357131958008,0.8690202115704235,0.6951463514299252
222000000005,0.0,0.5,0.3,21.687788009643555,27.17251205444336,0.6987159639533717,0.6562188703924023
222000000005,0.0,0.6,0.3,21.00143814086914,26.49192237854004,0.573531990954595,0.6281434846069798
222000000005,0.0,0.7,0.3,21.18609046936035,27.878910064697266,0.7008185951489427,0.6596523321164345
222000000005,0.0,0.8,0.3,22.59126663208008,21.83987617492676,0.3792047191659289,0.5692371699467277
222000000005,0.0,0.9,0.3,22.51768493652344,23.935077667236328,0.5343691174475432,0.6093706575770187
222000000005,0.0,1.0,0.3,18.98969841003418,25.730318069458008,0.3025000711865371,0.5703924905968862
222000000006,0.0,0.0,0.3,21.30385398864746,21.342504501342773,0.8330930219764386,0.5320807782690263
222000000006,0.0,0.1,0.3,21.303369522094727,22.195730209350582,0.8916349075341987,0.5490484827243894
222000000006,0.0,0.2,0.3,21.201704025268555,21.796537399291992,0.8533463206755381,0.538952476446107
222000000006,0.0,0.3,0.3,21.039663314819336,23.772958755493164,0.9717405727781444,0.5748493973994399
222000000006,0.0,0.4,0.3,20.758752822875977,22.58236312866211,0.8599307269981082,0.5452103182962817
222000000006,0.0,0.5,0.3,20.506410598754883,21.930309295654297,0.7881600830710461,0.526892343735756
222000000006,0.0,0.6,0.3,19.801074981689453,21.259632110595703,0.66665561036719,0.4986122018890566
222000000006,0.0,0.7,0.3,18.15119743347168,19.64777565002441,0.3794834816803199,0.4316044107279732
222000000006,0.0,0.8,0.3,19.362096786499023,20.952260971069336,0.5985917081341303,0.48320112452527264
222000000006,0.0,0.9,0.3,18.019132614135746,16.492094039916992,0.1486463988979578,0.366014579231958
222000000006,0.0,1.0,0.3,16.629472732543945,17.08236312866211,0.0405356445836946,0.34833570979453965
222000000007,0.0,0.0,0.3,22.15341186523437,18.35093307495117,0.573016992137212,0.49054118111504164
222000000007,0.0,0.1,0.3,22.15551948547364,18.66508674621582,0.608839355776106,0.4968370129299599
222000000007,0.0,0.2,0.3,22.173439025878903,18.64198112487793,0.6080611158718121,0.4967566690325579
222000000007,0.0,0.3,0.3,22.08318901062012,19.50066375732422,0.6961137666062219,0.5119322810630291
222000000007,0.0,0.4,0.3,21.98845291137696,18.54513359069824,0.578084437198699,0.4909126844830125
222000000007,0.0,0.5,0.3,21.80689811706543,19.43089485168457,0.6598281696936585,0.5046938535040606
222000000007,0.0,0.6,0.3,21.26614761352539,17.688549041748047,0.406811391029263,0.4585739413604053
222000000007,0.0,0.7,0.3,20.279756546020508,20.80503845214844,0.6587184397343865,0.49970194845693827
222000000007,0.0,0.8,0.3,18.985334396362305,22.10009002685547,0.6725472856541709,0.4980637794439004
222000000007,0.0,0.9,0.3,18.55559539794922,20.016420364379883,0.3922472536203324,0.44750254923232136
222000000007,0.0,1.0,0.3,17.305400848388672,19.12469482421875,0.1627714428267669,0.40328713201123223
222000000008,0.0,0.0,0.3,22.7565860748291,18.00469970703125,0.5,0.49642312315954273
222000000008,0.0,0.1,0.3,22.75230026245117,18.179363250732425,0.5119845255266241,0.499807929148397
222000000008,0.0,0.2,0.3,22.65142822265625,18.41258430480957,0.5224997131816934,0.502312848221621
222000000008,0.0,0.3,0.3,22.32113647460937,19.026899337768555,0.546472295253716,0.5075433025212377
222000000008,0.0,0.4,0.3,20.940746307373047,20.646345138549805,0.5802750898143367,0.510539842078777
222000000008,0.0,0.5,0.3,19.55558013916016,23.790063858032227,0.720547285546287,0.5437660908167693
222000000008,0.0,0.6,0.3,16.526779174804688,25.14449691772461,0.6407275134399406,0.5065861456848795
222000000008,0.0,0.7,0.3,14.218613624572754,22.59553337097168,0.3291118653674845,0.40699281803186177
222000000008,0.0,0.8,0.3,14.086555480957031,22.132850646972656,0.289094411096062,0.39498992624430096
222000000008,0.0,0.9,0.3,16.5814266204834,18.617305755615234,0.1867798291417179,0.3778615383206805
222000000008,0.0,1.0,0.3,15.54732608795166,23.263750076293945,0.4525338273154779,0.4484232536621267
222000000009,0.0,0.0,0.3,17.599626541137695,25.355375289916992,0.9155096435762956,0.5334985721088445
222000000009,0.0,0.1,0.3,17.596120834350586,25.05270195007324,0.8846667730948952,0.5274015795524056
222000000009,0.0,0.2,0.3,17.61760139465332,24.64672088623047,0.8458354269255891,0.5197779662178028
222000000009,0.0,0.3,0.3,17.565580368041992,25.219837188720703,0.8985491409613278,0.5300806724458147
222000000009,0.0,0.4,0.3,17.075756072998047,25.35856437683105,0.8650355422526466,0.5224697042485322
222000000009,0.0,0.5,0.3,16.625242233276367,25.081085205078125,0.7933889289431613,0.5074091806048914
222000000009,0.0,0.6,0.3,17.041696548461914,24.89540672302246,0.8150567539932839,0.5125323647494291
222000000009,0.0,0.7,0.3,16.844152450561523,25.087276458740234,0.8152388314394041,0.5121675377802333
222000000009,0.0,0.8,0.3,14.827651023864746,23.489896774291992,0.4587335073651645,0.4376849946263025
222000000009,0.0,0.9,0.3,14.260319709777832,26.17645835876465,0.6744714824973512,0.4791311428005919
222000000009,0.0,1.0,0.3,12.460938453674316,21.21508026123047,0.0,0.342307135393049
223000000000,0.0,0.0,0.3,22.80805397033692,24.64400291442871,0.6790250009025083,0.6296254632393171
223000000000,0.0,0.1,0.3,22.779970169067383,24.26685333251953,0.656033299382441,0.6215260892113293
223000000000,0.0,0.2,0.3,22.80868911743164,24.261653900146484,0.6579935791571634,0.6220307171333653
223000000000,0.0,0.3,0.3,22.52840805053711,23.83383750915528,0.6124765488667036,0.6075831732974846
223000000000,0.0,0.4,0.3,22.2398738861084,23.818227767944336,0.5890411404521065,0.6011631985779207
223000000000,0.0,0.5,0.3,21.40474510192871,24.73528289794922,0.5742636874789175,0.6017284285868099
223000000000,0.0,0.6,0.3,19.802698135375977,21.3961181640625,0.2648129328599761,0.5013624460582371
223000000000,0.0,0.7,0.3,17.919830322265625,21.443336486816406,0.1201018190792736,0.4624345648650209
223000000000,0.0,0.8,0.3,19.05154800415039,26.173513412475582,0.4694488286805027,0.5805210301152831
223000000000,0.0,0.9,0.3,19.6645565032959,30.464637756347656,0.7540048081873492,0.6788879393827222
223000000000,0.0,1.0,0.3,16.41805076599121,26.668289184570312,0.290685318968324,0.5346052235734727
223000000001,0.0,0.0,0.3,25.239686965942383,26.63045310974121,0.6239739599564146,0.7206398599670332
223000000001,0.0,0.1,0.3,25.16083335876465,26.01116371154785,0.5933701979779509,0.7066472629347611
223000000001,0.0,0.2,0.3,25.315135955810547,25.101709365844727,0.5596245430250195,0.6918176032111483
223000000001,0.0,0.3,0.3,25.071054458618164,23.750873565673828,0.489881384258325,0.6597697850957754
223000000001,0.0,0.4,0.3,22.993972778320312,24.729700088500977,0.4469785393130365,0.6352673203466147
223000000001,0.0,0.5,0.3,21.359939575195312,24.93502426147461,0.3883010422202081,0.6047542909231606
223000000001,0.0,0.6,0.3,19.009620666503903,35.0787239074707,0.7385992506615064,0.7568341294457752
223000000001,0.0,0.7,0.3,16.659442901611328,34.37078094482422,0.609922644056922,0.6929849012458864
223000000001,0.0,0.8,0.3,15.62993049621582,29.36661148071289,0.3463642487871892,0.5716104527988016
223000000001,0.0,0.9,0.3,14.40634536743164,31.52248764038086,0.3907976584979462,0.5886013415263841
223000000001,0.0,1.0,0.3,13.25412368774414,32.3378791809082,0.3790218512841098,0.5804295524744413
223000000002,0.0,0.0,0.3,19.45314216613769,21.15827178955078,0.543333171536744,0.48922821927673743
223000000002,0.0,0.1,0.3,19.45276260375977,21.52185821533203,0.5778176655481054,0.49645502859899
223000000002,0.0,0.2,0.3,19.38730430603028,21.652708053588867,0.5832611019772549,0.49767275127911176
223000000002,0.0,0.3,0.3,19.27634620666504,22.64303207397461,0.6654644870547085,0.5150293685543734
223000000002,0.0,0.4,0.3,19.2089786529541,22.547758102416992,0.6492323094266086,0.5117071269727431
223000000002,0.0,0.5,0.3,19.055322647094727,20.70192527770996,0.457569457300315,0.4717242320012487
223000000002,0.0,0.6,0.3,18.95814323425293,21.172882080078125,0.4919250347706806,0.47903793691603647
223000000002,0.0,0.7,0.3,18.245630264282227,21.719253540039062,0.4678116364483888,0.474823338049747
223000000002,0.0,0.8,0.3,16.591285705566406,21.440093994140625,0.2648548582392664,0.4342397120703296
223000000002,0.0,0.9,0.3,16.185842514038086,24.695024490356445,0.5306887409810601,0.4904233687892706
223000000002,0.0,1.0,0.3,14.765251159667969,25.96748161315918,0.5,0.4856641218091239
223000000003,0.0,0.0,0.3,25.43056297302246,32.28297805786133,0.5508055406903632,0.837158533046565
223000000003,0.0,0.1,0.3,25.42430877685547,32.452117919921875,0.5715597239656941,0.8403917475724956
223000000003,0.0,0.2,0.3,25.394092559814453,31.874101638793945,0.4984690429368562,0.8282502642590377
223000000003,0.0,0.3,0.3,24.898637771606445,33.39670944213867,0.6668646854347335,0.8480573078065797
223000000003,0.0,0.4,0.3,24.189966201782227,33.939353942871094,0.7045431206757214,0.8438498848412769
223000000003,0.0,0.5,0.3,24.61590003967285,32.692962646484375,0.5675508120425931,0.82806712949438
223000000003,0.0,0.6,0.3,24.89037704467773,32.92630386352539,0.6080669792873695,0.8385220035065448
223000000003,0.0,0.7,0.3,20.504478454589844,35.87561798095703,0.7904268433693964,0.8043429864406759
223000000003,0.0,0.8,0.3,16.558996200561523,33.41236877441406,0.3187285144384354,0.6717870418281903
223000000003,0.0,0.9,0.3,17.44960594177246,35.89803695678711,0.6649749354921901,0.7401058462780914
223000000003,0.0,1.0,0.3,13.519577980041504,31.875362396240234,0.0001566572703904,0.5768468096178487
223000000004,0.0,0.0,0.3,22.985082626342773,30.3557186126709,0.9523829254512974,0.7470287459992335
223000000004,0.0,0.1,0.3,22.96240425109864,30.48670196533203,0.9687352890885578,0.749154938748557
223000000004,0.0,0.2,0.3,22.881607055664062,30.70423889160156,0.9929577656758868,0.751772826919307
223000000004,0.0,0.3,0.3,22.760040283203125,29.161510467529297,0.7739068525828696,0.7185007237366008
223000000004,0.0,0.4,0.3,22.67771339416504,30.00695037841797,0.883813353514922,0.7335805873385843
223000000004,0.0,0.5,0.3,22.70464134216309,30.56581115722656,0.962001130138376,0.74527127861503
223000000004,0.0,0.6,0.3,22.747163772583008,28.832313537597656,0.7280535214775061,0.711677534463852
223000000004,0.0,0.7,0.3,22.622800827026367,29.157400131225582,0.7640051698550089,0.7155130538028556
223000000004,0.0,0.8,0.3,17.665666580200195,27.353635787963867,0.1801957616339479,0.5746593956432182
223000000004,0.0,0.9,0.3,15.638297080993652,27.04462432861328,0.0,0.5255834058301264
223000000004,0.0,1.0,0.3,16.2294921875,28.58818817138672,0.2511265371283314,0.5688159468892192
223000000005,0.0,0.0,0.3,20.966943740844727,21.227989196777344,0.5328866855472335,0.5226684200294642
223000000005,0.0,0.1,0.3,20.91750907897949,21.14096641540528,0.5245799177063111,0.5198900726284776
223000000005,0.0,0.2,0.3,20.671924591064453,21.593849182128903,0.5362947393990135,0.5237018315786808
223000000005,0.0,0.3,0.3,20.64238739013672,21.53373336791992,0.5308454593132328,0.5218801988290369
223000000005,0.0,0.4,0.3,20.58634185791016,21.70022201538086,0.5372977375850232,0.524006386442508
223000000005,0.0,0.5,0.3,20.49026870727539,21.40996551513672,0.513903896338384,0.5161964669921891
223000000005,0.0,0.6,0.3,19.191177368164062,21.80949592590332,0.4563991577694408,0.49663985242293507
223000000005,0.0,0.7,0.3,16.994600296020508,20.678529739379883,0.2510419315201902,0.42762538110375814
223000000005,0.0,0.8,0.3,15.68984317779541,23.32914924621582,0.3279160818994346,0.4527422306288499
223000000005,0.0,0.9,0.3,14.199872970581056,26.27593040466309,0.4109085042106303,0.4798306063298297
223000000005,0.0,1.0,0.3,12.989006996154783,29.032358169555664,0.5,0.5090409196315695
223000000006,0.0,0.0,0.3,23.94711875915528,23.415428161621094,0.6533388289311993,0.6292969202745589
223000000006,0.0,0.1,0.3,23.98771476745605,23.71326065063477,0.6825197281450299,0.6360829293277774
223000000006,0.0,0.2,0.3,23.962656021118164,23.898473739624023,0.6976919010809985,0.6392378142173983
223000000006,0.0,0.3,0.3,23.9717025756836,22.89863014221192,0.6083232280703588,0.619533916876992
223000000006,0.0,0.4,0.3,22.567625045776367,22.42460823059082,0.4826753281682507,0.5803719133914491
223000000006,0.0,0.5,0.3,20.411544799804688,21.683406829833984,0.2885363598252886,0.5199706713331109
223000000006,0.0,0.6,0.3,19.67943382263184,22.785717010498047,0.3443628377434078,0.5264034879413526
223000000006,0.0,0.7,0.3,18.593849182128903,23.64121055603028,0.3570947753987751,0.5204406300510717
223000000006,0.0,0.8,0.3,16.689668655395508,27.244049072265625,0.5684569215168596,0.5518131975221101
223000000006,0.0,0.9,0.3,16.886737823486328,25.13011741638184,0.3900300697127266,0.5139217050938611
223000000006,0.0,1.0,0.3,15.53195858001709,27.041847229003903,0.4818184811712234,0.52327655588829
223000000007,0.0,0.0,0.3,21.32226753234864,24.63954162597656,0.5225154175048283,0.5980769520159661
223000000007,0.0,0.1,0.3,21.29050636291504,25.00925064086914,0.5433321339578675,0.6047611243151075
223000000007,0.0,0.2,0.3,21.054519653320312,25.14910125732422,0.5268367713183855,0.602547215816468
223000000007,0.0,0.3,0.3,20.997501373291016,24.29659652709961,0.4646631867570842,0.5843763063906958
223000000007,0.0,0.4,0.3,21.04201889038086,24.339740753173828,0.4723395550158272,0.5861774191344377
223000000007,0.0,0.5,0.3,21.10445785522461,30.02393913269043,0.8523187356912603,0.7006068482197303
223000000007,0.0,0.6,0.3,20.2723445892334,24.813491821289062,0.4196968847014068,0.57930745675603
223000000007,0.0,0.7,0.3,19.65895271301269,31.91238021850586,0.8190197977966653,0.7075772752846828
223000000007,0.0,0.8,0.3,19.150659561157227,30.3624324798584,0.661955060447196,0.6659730529182233
223000000007,0.0,0.9,0.3,18.01591110229492,29.75281524658203,0.4984632720397929,0.629815616506441
223000000007,0.0,1.0,0.3,16.726972579956055,30.47344398498535,0.405529339341385,0.6168633697547404
223000000008,0.0,0.0,0.3,19.156326293945312,30.060880661010746,0.9648857322535924,0.6600925923726295
223000000008,0.0,0.1,0.3,19.15385055541992,29.77733039855957,0.8945507503106358,0.6543979298452318
223000000008,0.0,0.2,0.3,19.115909576416016,29.60742378234864,0.8486856393209844,0.6502136784206152
223000000008,0.0,0.3,0.3,19.07864761352539,29.795307159423828,0.8913213210755476,0.653163309786174
223000000008,0.0,0.4,0.3,19.08080101013184,29.992019653320312,0.9401605589092435,0.6571232006140952
223000000008,0.0,0.5,0.3,18.99227333068848,30.20295143127441,0.9832625129796236,0.6594459721620435
223000000008,0.0,0.6,0.3,18.605005264282227,29.916051864624023,0.8728413172670736,0.6455371492933186
223000000008,0.0,0.7,0.3,18.951454162597656,29.5717716217041,0.8230952902026072,0.6460221065028938
223000000008,0.0,0.8,0.3,18.874113082885746,29.35527801513672,0.7616959289596169,0.6400765914122114
223000000008,0.0,0.9,0.3,18.278722763061523,28.17997360229492,0.4104625883276018,0.6040830539139083
223000000008,0.0,1.0,0.3,14.25556182861328,28.86290168762207,0.1687927755668139,0.5324867526110106
223000000009,0.0,0.0,0.3,22.38253593444824,22.24947738647461,0.6411221486753734,0.5729680229136731
223000000009,0.0,0.1,0.3,22.36303901672364,22.29984474182129,0.6492857457363151,0.5735574369806009
223000000009,0.0,0.2,0.3,22.34812355041504,22.19327163696289,0.6284516203956936,0.5711209686892565
223000000009,0.0,0.3,0.3,22.254762649536133,22.257827758789062,0.6345807939930513,0.5704287379041537
223000000009,0.0,0.4,0.3,22.20274353027344,22.18394660949707,0.6174955805556674,0.5678571672779211
223000000009,0.0,0.5,0.3,21.91868019104004,22.16188240051269,0.5953708648951054,0.5614034222856774
223000000009,0.0,0.6,0.3,18.908706665039062,21.493274688720703,0.2797899326294816,0.4843665284768103
223000000009,0.0,0.7,0.3,16.565134048461914,22.97739028930664,0.408193016431459,0.4642759639123663
223000000009,0.0,0.8,0.3,16.456558227539062,23.36223793029785,0.4731303329989863,0.46963491535000523
223000000009,0.0,0.9,0.3,15.48932647705078,22.622934341430664,0.273847944365247,0.4344438717904262
223000000009,0.0,1.0,0.3,14.495000839233398,24.17252349853516,0.5,0.44422481612049625
224000000000,0.0,0.0,0.3,22.39824485778809,19.653152465820312,0.5598812613079975,0.5216375147300547
224000000000,0.0,0.1,0.3,22.4426326751709,19.136106491088867,0.5227908906663966,0.5122889032404871
224000000000,0.0,0.2,0.3,22.49741554260254,19.060977935791016,0.5198417811144852,0.5119539144437104
224000000000,0.0,0.3,0.3,22.131696701049805,18.897510528564453,0.4889424563415184,0.500957492611398
224000000000,0.0,0.4,0.3,21.91571998596192,19.218135833740234,0.5024280120546744,0.5027644275273854
224000000000,0.0,0.5,0.3,21.509296417236328,20.139347076416016,0.5519845410907989,0.5124896746997506
224000000000,0.0,0.6,0.3,20.497358322143555,23.060726165771484,0.7231215633689876,0.549194339944557
224000000000,0.0,0.7,0.3,18.70283317565918,23.39115524291992,0.6576550097136105,0.5177724943226427
224000000000,0.0,0.8,0.3,17.326705932617188,25.373077392578125,0.7389408065489054,0.5280720533319072
224000000000,0.0,0.9,0.3,15.654770851135254,22.12038993835449,0.4070977242048059,0.4279470474466416
224000000000,0.0,1.0,0.3,12.594087600708008,18.80014038085937,0.0,0.2970725834771074
224000000001,0.0,0.0,0.3,20.17133903503418,28.16657066345215,0.788042036417476,0.643890224406431
224000000001,0.0,0.1,0.3,20.15727424621582,28.22566604614257,0.7898038316999727,0.6447683324300089
224000000001,0.0,0.2,0.3,20.087427139282227,27.39970016479492,0.6820063945412218,0.6268538729098192
224000000001,0.0,0.3,0.3,19.980863571166992,27.724266052246094,0.6825306448021935,0.6310559113217828
224000000001,0.0,0.4,0.3,19.948013305664062,28.51945686340332,0.7550641377303322,0.6461834981294824
224000000001,0.0,0.5,0.3,19.796539306640625,28.337282180786133,0.6888107195674171,0.6393512049222085
224000000001,0.0,0.6,0.3,19.74774742126465,29.813203811645508,0.8272395994204156,0.6676868097988653
224000000001,0.0,0.7,0.3,19.52078056335449,30.202442169189453,0.7969097025812011,0.6706263425792443
224000000001,0.0,0.8,0.3,19.78549575805664,27.47672462463379,0.5957690859697335,0.6219935154172764
224000000001,0.0,0.9,0.3,19.708126068115234,28.18600845336914,0.6454606579637542,0.6344690318471998
224000000001,0.0,1.0,0.3,18.569690704345703,25.399906158447266,0.0,0.5549246123354876
224000000002,0.0,0.0,0.3,19.47119331359864,24.185203552246094,0.5538439392321655,0.5498420121251569
224000000002,0.0,0.1,0.3,19.436443328857425,24.05248641967773,0.5277917577816672,0.546465343310232
224000000002,0.0,0.2,0.3,19.1994857788086,23.862016677856445,0.4691848799046818,0.5376579791570761
224000000002,0.0,0.3,0.3,19.112659454345703,24.93056297302246,0.6373607995993754,0.5570820682789983
224000000002,0.0,0.4,0.3,18.57008934020996,24.28727149963379,0.4686520264055011,0.5327932260965313
224000000002,0.0,0.5,0.3,16.62026023864746,25.498985290527344,0.4493916817176459,0.5156193025527505
224000000002,0.0,0.6,0.3,17.343822479248047,26.26976585388184,0.659867363157207,0.5462772842179195
224000000002,0.0,0.7,0.3,15.71910572052002,26.863161087036133,0.5744651325984874,0.5236835743326496
224000000002,0.0,0.8,0.3,15.06252098083496,26.2939453125,0.4051668802082538,0.4984546094942917
224000000002,0.0,0.9,0.3,16.41724395751953,24.31210327148437,0.2286287923173516,0.4877034349755922
224000000002,0.0,1.0,0.3,17.135848999023438,25.81665802001953,0.5607913269984022,0.5328575031474658
224000000003,0.0,0.0,0.3,19.34366607666016,23.512006759643555,0.6293814161706077,0.5337461301252105
224000000003,0.0,0.1,0.3,19.295385360717773,22.28349876403809,0.4939573022158146,0.5082783047745179
224000000003,0.0,0.2,0.3,19.242748260498047,22.372692108154297,0.496762846551425,0.508938596643221
224000000003,0.0,0.3,0.3,18.91441345214844,25.94245147705078,0.8316216494782034,0.5730195715200814
224000000003,0.0,0.4,0.3,18.39383888244629,23.99940299987793,0.561833908980801,0.523333166520904
224000000003,0.0,0.5,0.3,18.420074462890625,23.66156959533692,0.5295382642942666,0.517166275257861
224000000003,0.0,0.6,0.3,17.683809280395508,23.61870765686035,0.4328750492075415,0.5007238561117298
224000000003,0.0,0.7,0.3,17.34499740600586,23.068002700805664,0.3324721893894017,0.48259168752059367
224000000003,0.0,0.8,0.3,17.158918380737305,25.448715209960938,0.5599098510819978,0.5260244376455376
224000000003,0.0,0.9,0.3,16.615848541259766,25.9765739440918,0.5475324555424654,0.5250292163771428
224000000003,0.0,1.0,0.3,15.348702430725098,27.03112030029297,0.5,0.5191828772534703
224000000004,0.0,0.0,0.3,18.55448532104492,23.00436019897461,0.5136138693881411,0.506934743038602
224000000004,0.0,0.1,0.3,18.522327423095703,23.261192321777344,0.523196450206716,0.511364427544734
224000000004,0.0,0.2,0.3,18.601219177246094,22.63737297058105,0.5,0.5006217589756862
224000000004,0.0,0.3,0.3,18.257986068725582,25.401046752929688,0.6033963088907119,0.5483473383502875
224000000004,0.0,0.4,0.3,18.10292053222656,23.461669921875,0.4910812170604545,0.5064732072965896
224000000004,0.0,0.5,0.3,18.078271865844727,24.198692321777344,0.5253716450758028,0.5206169854980047
224000000004,0.0,0.6,0.3,17.026288986206055,26.75592803955078,0.5472990324829603,0.5492278221514848
224000000004,0.0,0.7,0.3,16.055387496948242,27.98401641845703,0.5110653014767943,0.5531073422708668
224000000004,0.0,0.8,0.3,14.853286743164062,32.66063690185547,0.6236414914553038,0.6207123174714386
224000000004,0.0,0.9,0.3,13.653602600097656,31.90060234069824,0.4652585216111511,0.5801868580328278
224000000004,0.0,1.0,0.3,13.622014045715332,31.57368850708008,0.4457787202737469,0.5730128941020559
224000000005,0.0,0.0,0.3,22.1027946472168,26.989879608154297,0.5602209219899822,0.6613720134311101
224000000005,0.0,0.1,0.3,22.074596405029297,27.14461135864257,0.5712840649426121,0.6638538885526097
224000000005,0.0,0.2,0.3,21.963537216186523,27.944015502929688,0.6311109402503563,0.6774093348806047
224000000005,0.0,0.3,0.3,21.604358673095703,27.81315422058105,0.5922132461447016,0.6672002109030196
224000000005,0.0,0.4,0.3,21.581388473510746,26.285987854003903,0.459786096225218,0.6363254339049292
224000000005,0.0,0.5,0.3,21.300525665283203,26.413908004760746,0.4490684192272902,0.6329239289959514
224000000005,0.0,0.6,0.3,21.15947532653809,32.13023376464844,0.9272456785061924,0.7436840057932866
224000000005,0.0,0.7,0.3,19.99188232421875,27.336009979248047,0.4270278964337062,0.6235634836047628
224000000005,0.0,0.8,0.3,18.3652458190918,31.87167930603028,0.6896178726583743,0.6793747007112223
224000000005,0.0,0.9,0.3,17.593534469604492,27.12814712524414,0.224269688279086,0.5686451855393708
224000000005,0.0,1.0,0.3,15.619885444641112,27.50908088684082,0.1046407912618129,0.5344355780322098
224000000006,0.0,0.0,0.3,21.0449161529541,23.724010467529297,0.5678507139690008,0.5739866195026018
224000000006,0.0,0.1,0.3,21.051908493041992,23.36421012878418,0.5,0.5669751654603099
224000000006,0.0,0.2,0.3,21.03976249694824,24.062877655029297,0.6324184161862385,0.5806204659114703
224000000006,0.0,0.3,0.3,20.84296417236328,25.09981155395508,0.7459797752641919,0.5970869892606967
224000000006,0.0,0.4,0.3,20.84475326538086,25.12590789794922,0.751966690036521,0.5976441508018185
224000000006,0.0,0.5,0.3,20.66526985168457,24.308982849121094,0.5072448421781146,0.5775881740995982
224000000006,0.0,0.6,0.3,20.6083984375,24.95094108581543,0.6077003645153591,0.5891580345321146
224000000006,0.0,0.7,0.3,20.3156852722168,25.36917304992676,0.5544929024007356,0.5912823994566014
224000000006,0.0,0.8,0.3,20.1586856842041,25.489192962646484,0.5053444909621589,0.5903463456710027
224000000006,0.0,0.9,0.3,20.070592880249023,25.89459800720215,0.5445675670412292,0.5965480630349803
224000000006,0.0,1.0,0.3,19.97456359863281,25.1863956451416,0.3600605132318045,0.5804225518918265
224000000007,0.0,0.0,0.3,22.91887855529785,20.12485694885254,0.5659062939393388,0.5420475457919877
224000000007,0.0,0.1,0.3,22.956205368041992,20.02845764160156,0.560441392474884,0.5409196887435042
224000000007,0.0,0.2,0.3,22.913623809814453,20.054431915283203,0.559852386990636,0.5405349261711077
224000000007,0.0,0.3,0.3,22.67271423339844,19.539426803588867,0.5027472055030436,0.5251860962784325
224000000007,0.0,0.4,0.3,22.028642654418945,19.284408569335938,0.4412076685481518,0.5064741609698726
224000000007,0.0,0.5,0.3,21.28751373291016,24.346961975097656,0.805478965061835,0.5915191686094978
224000000007,0.0,0.6,0.3,20.034746170043945,25.094539642333984,0.7868019869712286,0.5798690432139526
224000000007,0.0,0.7,0.3,19.4006290435791,25.439537048339844,0.7746345139794844,0.5733073283177256
224000000007,0.0,0.8,0.3,17.30369758605957,25.294422149658203,0.6299351676622906,0.5260197532848827
224000000007,0.0,0.9,0.3,16.192188262939453,24.74958038330078,0.5152244536330485,0.49164331605557715
224000000007,0.0,1.0,0.3,15.06773853302002,24.363773345947266,0.4126124088179334,0.46015744330584124
224000000008,0.0,0.0,0.3,22.78939819335937,25.45531463623047,0.6025734206764525,0.64537438414091
224000000008,0.0,0.1,0.3,22.75775909423828,25.39340782165528,0.596379755769024,0.6434726079018078
224000000008,0.0,0.2,0.3,23.16251373291016,25.35358047485352,0.6214165074859476,0.6512502929714727
224000000008,0.0,0.3,0.3,22.28122329711914,25.150070190429688,0.5479921779383267,0.628540468129893
224000000008,0.0,0.4,0.3,20.96273231506348,29.84729385375977,0.7640430395652104,0.6940909940534592
224000000008,0.0,0.5,0.3,20.98222541809082,24.90435218811035,0.4433015926540003,0.5961463185756875
224000000008,0.0,0.6,0.3,19.967565536499023,25.69333839416504,0.4254414755576198,0.5903618067710823
224000000008,0.0,0.7,0.3,18.2681827545166,23.490163803100582,0.1658734210773373,0.5105394229634217
224000000008,0.0,0.8,0.3,16.975671768188477,30.292600631713867,0.5208693710605659,0.6185307532653684
224000000008,0.0,0.9,0.3,16.59052085876465,29.288684844970703,0.4291627109716014,0.5903991687834436
224000000008,0.0,1.0,0.3,15.838446617126465,31.163818359375,0.5,0.6117873583438631
224000000009,0.0,0.0,0.3,19.904335021972656,25.270044326782227,0.8463899257540806,0.5806000346422788
224000000009,0.0,0.1,0.3,19.95684051513672,24.41655921936035,0.7172472426233608,0.5647286510849643
224000000009,0.0,0.2,0.3,20.039770126342773,26.12217903137207,1.0,0.6004239628835767
224000000009,0.0,0.3,0.3,19.63918876647949,25.41691017150879,0.8349768894300168,0.5779083008221546
224000000009,0.0,0.4,0.3,19.54693603515625,24.265480041503903,0.6393328762447817,0.5530431595042896
224000000009,0.0,0.5,0.3,19.26257705688477,24.95081329345703,0.7112237635724051,0.5606593451228575
224000000009,0.0,0.6,0.3,19.071643829345703,23.65643310546875,0.4798347976346467,0.5308602629474088
224000000009,0.0,0.7,0.3,18.416316986083984,25.219640731811523,0.6429314788040703,0.5480900863053892
224000000009,0.0,0.8,0.3,17.758085250854492,23.64316368103028,0.30520735227494,0.5027831999617283
224000000009,0.0,0.9,0.3,16.848819732666016,23.263427734375,0.1252648867668629,0.47597439963828403
224000000009,0.0,1.0,0.3,16.232627868652344,22.98525047302246,0.0,0.45739195243265085
311000000000,0.0,0.0,0.3,26.04424095153809,20.092348098754883,0.5338049464538307,0.6075764503595542
311000000000,0.0,0.1,0.3,26.06021308898925,20.1175479888916,0.5406329945483472,0.6084160826409668
311000000000,0.0,0.2,0.3,26.10260009765625,20.379928588867188,0.6052483082776684,0.6145345724488176
311000000000,0.0,0.3,0.3,25.64326286315918,20.666717529296875,0.6494386884355008,0.6105153466097868
311000000000,0.0,0.4,0.3,25.69048309326172,20.14144325256348,0.5269865903006271,0.60106297669124
311000000000,0.0,0.5,0.3,25.198326110839844,19.937374114990234,0.452725309618809,0.5865814635925454
311000000000,0.0,0.6,0.3,22.613433837890625,22.039804458618164,0.8175892959172257,0.5736848186597474
311000000000,0.0,0.7,0.3,21.621524810791016,21.05165100097656,0.5307304560024885,0.5330195095938504
311000000000,0.0,0.8,0.3,17.49458122253418,21.68991470336914,0.4667691631920196,0.45833697873779766
311000000000,0.0,0.9,0.3,18.08798789978028,21.687952041625977,0.4973252094847938,0.47086259615507287
311000000000,0.0,1.0,0.3,16.53856086730957,21.9722900390625,0.4839437202377982,0.44371326175779624
311000000001,0.0,0.0,0.3,23.08583641052246,19.80061912536621,0.6176250552024598,0.5391308116574391
311000000001,0.0,0.1,0.3,23.0657901763916,19.560924530029297,0.599169674975954,0.5339367796494979
311000000001,0.0,0.2,0.3,22.903060913085938,20.07158660888672,0.6276465796090548,0.5406526232472357
311000000001,0.0,0.3,0.3,22.0510311126709,21.420522689819336,0.6805898169797968,0.5494538033619032
311000000001,0.0,0.4,0.3,20.79359436035156,18.18003273010254,0.3790294006686123,0.45834801285114707
311000000001,0.0,0.5,0.3,18.647445678710938,23.401615142822266,0.6447604992501068,0.5168078677356402
311000000001,0.0,0.6,0.3,16.14858055114746,25.06881332397461,0.6338938119727772,0.49707225092869023
311000000001,0.0,0.7,0.3,15.517773628234863,21.68796157836914,0.355215399225653,0.41644159486505816
311000000001,0.0,0.8,0.3,15.265727043151855,19.854782104492188,0.2088584722507229,0.37462718135556117
311000000001,0.0,0.9,0.3,17.44383430480957,18.47784423828125,0.2238651215788953,0.3933468988693265
311000000001,0.0,1.0,0.3,13.611459732055664,21.056455612182617,0.208775910546404,0.3635116355120669
311000000002,0.0,0.0,0.3,18.378801345825195,31.38389587402344,0.5699962764696229,0.6699555350537183
311000000002,0.0,0.1,0.3,18.380516052246094,31.296348571777344,0.555162333724818,0.6682497767006399
311000000002,0.0,0.2,0.3,18.388168334960938,31.49502944946289,0.5900510865042121,0.6723652678196064
311000000002,0.0,0.3,0.3,18.30153083801269,30.97800636291504,0.4921834297285238,0.6602428085772345
311000000002,0.0,0.4,0.3,17.901002883911133,31.501787185668945,0.539536813955841,0.6621845954604091
311000000002,0.0,0.5,0.3,17.13014030456543,30.970001220703125,0.3665617480342424,0.6352807343189795
311000000002,0.0,0.6,0.3,16.27956771850586,32.081756591796875,0.4670266064156265,0.6393932147437903
311000000002,0.0,0.7,0.3,16.24513053894043,31.73211479187012,0.4034044835753493,0.6317066808181605
311000000002,0.0,0.8,0.3,15.398409843444824,31.49062728881836,0.2721742160321584,0.6089731366422446
311000000002,0.0,0.9,0.3,15.279622077941896,32.152130126953125,0.3730332267483934,0.6196209023346728
311000000002,0.0,1.0,0.3,13.674272537231444,33.88516998291016,0.5,0.6201145562073009
311000000003,0.0,0.0,0.3,19.980249404907227,27.18191719055176,0.5403823618566694,0.6202509460392913
311000000003,0.0,0.1,0.3,19.954381942749023,27.411806106567383,0.5885743285507613,0.6242776919444187
311000000003,0.0,0.2,0.3,20.00556755065918,27.1692123413086,0.5410317501913886,0.6205342190791256
311000000003,0.0,0.3,0.3,19.494115829467773,27.47532081604004,0.5390531247030862,0.6157959626640235
311000000003,0.0,0.4,0.3,19.61210060119629,27.446985244750977,0.5490323773154057,0.6177303110290079
311000000003,0.0,0.5,0.3,18.28299903869629,28.87263298034668,0.6858267695209437,0.6179565226924122
311000000003,0.0,0.6,0.3,17.504722595214844,29.206939697265625,0.6531977225514068,0.6081296786041157
311000000003,0.0,0.7,0.3,16.695484161376953,28.405004501342773,0.360353197628534,0.5750376744473427
311000000003,0.0,0.8,0.3,16.39999008178711,27.758480072021484,0.1737556782690805,0.5559160384968624
311000000003,0.0,0.9,0.3,16.84950065612793,26.98703956604004,0.0623354480969507,0.5500833286685086
311000000003,0.0,1.0,0.3,17.762378692626953,28.083663940429688,0.4359265181002759,0.5912336666935383
311000000004,0.0,0.0,0.3,18.412899017333984,30.07133102416992,0.6383543993235692,0.6445593625132326
311000000004,0.0,0.1,0.3,18.41771507263184,30.353090286254883,0.6686509620668242,0.6502679401018732
311000000004,0.0,0.2,0.3,18.342529296875,30.616641998291016,0.6920420259098322,0.653920271273506
311000000004,0.0,0.3,0.3,18.08699607849121,31.73412704467773,0.7951501268825638,0.6707460057942681
311000000004,0.0,0.4,0.3,17.665428161621094,31.3934326171875,0.7327043821569182,0.6550404846753934
311000000004,0.0,0.5,0.3,17.56287956237793,33.46536636352539,0.9469263075249704,0.6940976383885286
311000000004,0.0,0.6,0.3,15.019705772399902,29.89389038085937,0.4087918647241174,0.5691817698899525
311000000004,0.0,0.7,0.3,14.084797859191896,30.30657196044922,0.394682981251923,0.5575979899743009
311000000004,0.0,0.8,0.3,14.509228706359863,32.236351013183594,0.6264886584187845,0.6049846250351969
311000000004,0.0,0.9,0.3,14.442582130432127,30.17698860168457,0.4031004166325614,0.5625951187577364
311000000004,0.0,1.0,0.3,10.364426612854004,28.76899528503418,0.0,0.44822804964127
311000000005,0.0,0.0,0.3,18.651954650878903,31.80311584472656,0.5323539963781001,0.6840811007389772
311000000005,0.0,0.1,0.3,18.665599822998047,31.86374282836914,0.547793071481111,0.6855764104578721
311000000005,0.0,0.2,0.3,18.64933204650879,31.65999984741211,0.498548517697737,0.6811777680739185
311000000005,0.0,0.3,0.3,18.430662155151367,32.679073333740234,0.7180873035792239,0.6968257908623854
311000000005,0.0,0.4,0.3,17.968585968017578,32.26023864746094,0.5786105679698018,0.6787076773351728
311000000005,0.0,0.5,0.3,17.363454818725586,32.12440490722656,0.492754874435501,0.6631918584530465
311000000005,0.0,0.6,0.3,16.72150421142578,32.31339263916016,0.4798090827554444,0.653359911266635
311000000005,0.0,0.7,0.3,15.251293182373049,33.74089050292969,0.6834861562631256,0.6506351148450792
311000000005,0.0,0.8,0.3,13.14162540435791,33.79151153564453,0.5071267968241315,0.6069727266301008
311000000005,0.0,0.9,0.3,13.061750411987305,33.45600891113281,0.4212993702159949,0.5986054509759855
311000000005,0.0,1.0,0.3,13.579024314880373,32.56648635864258,0.2587927922508253,0.5918578853812697
311000000006,0.0,0.0,0.3,23.131629943847656,29.1018123626709,0.53853753661894,0.7251807808879276
311000000006,0.0,0.1,0.3,23.123645782470703,29.36432647705078,0.5782915768994459,0.7302353785927396
311000000006,0.0,0.2,0.3,23.11785697937012,29.52838516235352,0.6030631091406108,0.7333773391585796
311000000006,0.0,0.3,0.3,22.97356414794922,28.917285919189453,0.4956758824315515,0.7181621176691608
311000000006,0.0,0.4,0.3,22.9217586517334,29.39259147644043,0.5642501118987084,0.7265230945674287
311000000006,0.0,0.5,0.3,22.06159782409668,29.37788391113281,0.4835863717984191,0.7080175658506124
311000000006,0.0,0.6,0.3,20.27677154541016,32.09428405761719,0.739806011569215,0.7242784691727486
311000000006,0.0,0.7,0.3,18.521635055541992,29.668432235717773,0.2057562612037906,0.6388446116532218
311000000006,0.0,0.8,0.3,18.62226295471192,28.851905822753903,0.0890128271008057,0.6247275868514883
311000000006,0.0,0.9,0.3,18.86124038696289,31.18510627746582,0.4705911126758486,0.6762149739924866
311000000006,0.0,1.0,0.3,17.645610809326172,31.217294692993164,0.3647614033436476,0.6511159851619954
311000000007,0.0,0.0,0.3,20.56106185913086,23.123085021972656,0.8807122289764477,0.5517840370070317
311000000007,0.0,0.1,0.3,20.5288028717041,22.91984939575196,0.8613165153833151,0.5470568956232463
311000000007,0.0,0.2,0.3,20.53443145751953,24.509828567504883,0.9984204756673836,0.5788143691761372
311000000007,0.0,0.3,0.3,20.1334285736084,23.72036933898925,0.9067265272808906,0.5546145147974063
311000000007,0.0,0.4,0.3,19.71079444885254,23.99433326721192,0.9052252988136767,0.5511172338262018
311000000007,0.0,0.5,0.3,18.651561737060547,20.1569766998291,0.5123095506600199,0.45233138945267126
311000000007,0.0,0.6,0.3,17.599740982055664,22.536914825439453,0.6546455251378156,0.47741769222696995
311000000007,0.0,0.7,0.3,15.780518531799316,18.69723129272461,0.2164524734228797,0.3624936773856141
311000000007,0.0,0.8,0.3,14.403120040893556,20.94634246826172,0.3282237699926597,0.3780829959610487
311000000007,0.0,0.9,0.3,13.849120140075684,20.04144859313965,0.2175254405235442,0.34834663087840356
311000000007,0.0,1.0,0.3,12.131181716918944,19.903640747070312,0.1037754206351159,0.30922917662458715
311000000008,0.0,0.0,0.3,19.052202224731445,27.42294692993164,0.9844469400358306,0.6053968095387088
311000000008,0.0,0.1,0.3,19.03093147277832,27.328807830810547,0.927514464975969,0.603073194531588
311000000008,0.0,0.2,0.3,19.003448486328125,26.747692108154297,0.6084590374442539,0.5909279096619491
311000000008,0.0,0.3,0.3,18.91847801208496,27.026874542236328,0.7311167376207728,0.5946840904814555
311000000008,0.0,0.4,0.3,18.678024291992188,26.93822479248047,0.6087450721708858,0.5878287703016335
311000000008,0.0,0.5,0.3,18.590370178222656,26.97937774658203,0.6033896649794275,0.5867916845354104
311000000008,0.0,0.6,0.3,18.35584831237793,26.542442321777344,0.2967840028225683,0.5731315810229076
311000000008,0.0,0.7,0.3,18.1146183013916,26.652494430541992,0.2803339290780837,0.5702137045575495
311000000008,0.0,0.8,0.3,17.918251037597656,26.843786239624023,0.3212836561541962,0.569862295725412
311000000008,0.0,0.9,0.3,17.44933319091797,26.5162296295166,0.0,0.5534156205215596
311000000008,0.0,1.0,0.3,17.568456649780273,27.452056884765625,0.5371594485729415,0.5745595305110889
311000000009,0.0,0.0,0.3,20.85097885131836,24.95343780517578,0.7329533067386795,0.5943440636950142
311000000009,0.0,0.1,0.3,20.84954833984375,24.71966552734375,0.6595687146890357,0.5896620427761535
311000000009,0.0,0.2,0.3,20.938289642333984,24.25259590148925,0.5225011084142662,0.5822470202522643
311000000009,0.0,0.3,0.3,20.85741424560547,24.35975646972656,0.5476378884827974,0.5826669220857503
311000000009,0.0,0.4,0.3,20.711181640625,24.903057098388672,0.7025913839986517,0.5903815226739797
311000000009,0.0,0.5,0.3,20.72504234313965,24.63406181335449,0.6197668958209999,0.5853223876893467
311000000009,0.0,0.6,0.3,20.72494888305664,24.68082618713379,0.6344073385275558,0.5862509524551449
311000000009,0.0,0.7,0.3,19.62775039672852,25.77680397033692,0.8633297728660572,0.5848274752631415
311000000009,0.0,0.8,0.3,19.54086685180664,25.342267990112305,0.7181390768762743,0.5743411808380303
311000000009,0.0,0.9,0.3,18.255504608154297,24.18077087402344,0.2202244486745713,0.5240130643244897
311000000009,0.0,1.0,0.3,16.14375877380371,24.55023956298828,0.1157459359139357,0.48665128480428366
312000000000,0.0,0.0,0.3,19.071992874145508,26.188322067260746,0.7907920522718658,0.5812485965062428
312000000000,0.0,0.1,0.3,19.017377853393555,26.52213859558105,0.8241511440610471,0.586734657257167
312000000000,0.0,0.2,0.3,18.88286018371582,26.2723445892334,0.7866727660599455,0.5789158667664686
312000000000,0.0,0.3,0.3,18.430105209350582,26.04549026489257,0.7290446421503973,0.5648152513309257
312000000000,0.0,0.4,0.3,17.845888137817383,26.996322631835938,0.7934741316550675,0.5713653529570892
312000000000,0.0,0.5,0.3,16.929628372192383,26.30238914489746,0.650639798384435,0.5381563794441023
312000000000,0.0,0.6,0.3,16.10846519470215,27.299272537231445,0.7033000352747482,0.540605781772828
312000000000,0.0,0.7,0.3,15.853042602539062,28.06281471252441,0.7702898556642546,0.5503909054181623
312000000000,0.0,0.8,0.3,15.830714225769045,26.017147064208984,0.5403840536615281,0.5092122896800644
312000000000,0.0,0.9,0.3,13.55449676513672,23.582839965820312,0.1062614453065771,0.4125769224897449
312000000000,0.0,1.0,0.3,12.065444946289062,25.29575729370117,0.1911748865483051,0.41513263120711746
312000000001,0.0,0.0,0.3,18.29315185546875,23.36111068725586,0.6355319970279436,0.5085001425034911
312000000001,0.0,0.1,0.3,18.259008407592773,21.88385772705078,0.4976455346573721,0.4783819903150446
312000000001,0.0,0.2,0.3,18.236736297607425,22.30457878112793,0.5347091522581942,0.4862821481101937
312000000001,0.0,0.3,0.3,18.021957397460938,23.39809226989746,0.6202238689171715,0.5034938067623104
312000000001,0.0,0.4,0.3,17.60489845275879,23.57512283325196,0.6077061400328765,0.49818573919195985
312000000001,0.0,0.5,0.3,16.24698829650879,24.458892822265625,0.5951496429233335,0.48701937704651527
312000000001,0.0,0.6,0.3,14.389910697937012,24.128637313842773,0.436789596239742,0.4411263871187824
312000000001,0.0,0.7,0.3,13.5368070602417,24.248130798339844,0.3889242839491091,0.4254406934617222
312000000001,0.0,0.8,0.3,12.904637336730955,24.871490478515625,0.4025218318771721,0.42445922073052234
312000000001,0.0,0.9,0.3,12.27786922454834,23.6782455444336,0.2498257226587606,0.3874443057495237
312000000001,0.0,1.0,0.3,11.042366027832031,27.33368873596192,0.5,0.43402206743591154
312000000002,0.0,0.0,0.3,19.4979190826416,21.913551330566406,0.9313407559735424,0.5052052913713307
312000000002,0.0,0.1,0.3,19.487138748168945,21.86711311340332,0.9240648463487132,0.5040529771514619
312000000002,0.0,0.2,0.3,19.427165985107425,21.34329414367676,0.8464445953583026,0.49235988324290053
312000000002,0.0,0.3,0.3,19.14610481262207,21.87050437927246,0.899906770526749,0.4968994756894271
312000000002,0.0,0.4,0.3,18.300029754638672,21.77276992797852,0.8251213736794216,0.47704008075255244
312000000002,0.0,0.5,0.3,16.440385818481445,20.12942886352539,0.4608782038743306,0.40496424075531934
312000000002,0.0,0.6,0.3,15.480443954467772,20.11485481262207,0.389503441466874,0.3843486255361875
312000000002,0.0,0.7,0.3,14.66500186920166,18.830604553222656,0.1509230250594908,0.3415278915828642
312000000002,0.0,0.8,0.3,14.666666984558104,21.9079647064209,0.5816024158550671,0.40279818226545216
312000000002,0.0,0.9,0.3,13.242364883422852,22.40428352355957,0.5481673200676651,0.382516330497803
312000000002,0.0,1.0,0.3,12.575495719909668,21.19572830200196,0.3309088153148133,0.3443476713964815
312000000003,0.0,0.0,0.3,18.1393985748291,28.088945388793945,0.5710685326628061,0.5993217017459751
312000000003,0.0,0.1,0.3,18.12820243835449,28.51744842529297,0.6657082869249246,0.6076112301774688
312000000003,0.0,0.2,0.3,18.12494468688965,28.422494888305664,0.6419256527239846,0.6056528126165135
312000000003,0.0,0.3,0.3,18.039640426635746,28.44528007507324,0.6054641643672054,0.6042999900580518
312000000003,0.0,0.4,0.3,18.003175735473633,27.784791946411133,0.4332725417723979,0.5903851318733573
312000000003,0.0,0.5,0.3,18.022998809814453,28.68208885192871,0.6526451965467814,0.6086597773866235
312000000003,0.0,0.6,0.3,17.263017654418945,29.073375701904297,0.3718038141019738,0.6003541365480891
312000000003,0.0,0.7,0.3,17.1186580657959,29.92465209960937,0.5,0.6142366701421877
312000000003,0.0,0.8,0.3,17.543113708496094,29.004955291748047,0.4930190720607935,0.6049233654855067
312000000003,0.0,0.9,0.3,17.523860931396484,28.83415603637696,0.4436793067912501,0.6011170519905812
312000000003,0.0,1.0,0.3,17.5801944732666,29.51539802551269,0.6304528460680525,0.6158655810803844
312000000004,0.0,0.0,0.3,20.40874290466309,23.60538482666016,0.5328891533809275,0.558155937955993
312000000004,0.0,0.1,0.3,20.39908027648925,23.686229705810547,0.5415863491726917,0.5595600400759723
312000000004,0.0,0.2,0.3,20.22673988342285,23.324357986450195,0.4856048035682199,0.5487102139474449
312000000004,0.0,0.3,0.3,19.83794212341309,24.00419044494629,0.5344157562938534,0.5540055763067246
312000000004,0.0,0.4,0.3,18.979936599731445,25.847864151000977,0.6823223308424438,0.5725247937114243
312000000004,0.0,0.5,0.3,18.43288993835449,23.486228942871094,0.3626676130789638,0.5139486011208236
312000000004,0.0,0.6,0.3,17.72075653076172,24.277801513671875,0.3989821003795667,0.5146211879049996
312000000004,0.0,0.7,0.3,16.800901412963867,26.166582107543945,0.5472757468254968,0.5327283767473785
312000000004,0.0,0.8,0.3,16.275175094604492,25.359798431396484,0.4112748189883424,0.5055429223384311
312000000004,0.0,0.9,0.3,15.23695468902588,24.05024528503418,0.1758989548797055,0.457501634816889
312000000004,0.0,1.0,0.3,14.087084770202637,27.5966911315918,0.5,0.503723687861017
312000000005,0.0,0.0,0.3,17.196271896362305,28.45441627502441,0.5384554021136921,0.5866244745893359
312000000005,0.0,0.1,0.3,17.20463752746582,28.896982192993164,0.5787744664215808,0.5956080309672835
312000000005,0.0,0.2,0.3,17.215089797973633,29.72952651977539,0.6538757370299926,0.6123957779620023
312000000005,0.0,0.3,0.3,16.95854377746582,30.998722076416016,0.7299049073355055,0.6322188882210361
312000000005,0.0,0.4,0.3,16.824127197265625,27.98953628540039,0.4448149437439643,0.5694943167829545
312000000005,0.0,0.5,0.3,16.575462341308594,30.402082443237305,0.6230685679530311,0.6122353310853861
312000000005,0.0,0.6,0.3,16.270410537719727,31.19408798217773,0.6500508448499449,0.6215359958962161
312000000005,0.0,0.7,0.3,15.341543197631836,30.69334602355957,0.4746565629836566,0.5919043052874415
312000000005,0.0,0.8,0.3,14.528697967529297,31.531286239624023,0.4340251330836917,0.5913670898944084
312000000005,0.0,0.9,0.3,14.132094383239746,31.886314392089844,0.409440695693705,0.5900340355436431
312000000005,0.0,1.0,0.3,13.672802925109863,33.64341735839844,0.5,0.6152729099767297
312000000006,0.0,0.0,0.3,20.52864456176757,19.14164161682129,0.7814697745760704,0.4718726516040131
312000000006,0.0,0.1,0.3,20.525774002075195,19.300758361816406,0.8119997256215035,0.4749780649657647
312000000006,0.0,0.2,0.3,20.55694961547852,19.322513580322266,0.8256821729581476,0.4760710685328528
312000000006,0.0,0.3,0.3,20.55514335632324,18.956201553344727,0.7528628718179334,0.4687437415353638
312000000006,0.0,0.4,0.3,20.48980140686035,18.36578750610352,0.616690263604224,0.4556118154654799
312000000006,0.0,0.5,0.3,20.39013862609864,18.96604347229004,0.7051056509603372,0.4654458051505198
312000000006,0.0,0.6,0.3,20.29389190673828,20.20600700378418,0.9207675638659912,0.48808138482152386
312000000006,0.0,0.7,0.3,19.90691375732422,19.474233627319336,0.6598278718996111,0.4653263526560637
312000000006,0.0,0.8,0.3,19.784099578857425,19.170867919921875,0.5629808712848452,0.45668936981677966
312000000006,0.0,0.9,0.3,18.89691162109375,17.67186164855957,0.0,0.4080761681749038
312000000006,0.0,1.0,0.3,19.878604888916016,18.41741371154785,0.4427852580321327,0.44369775257692934
312000000007,0.0,0.0,0.3,21.54588508605957,30.95999336242676,0.8122675034104265,0.7285796687911552
312000000007,0.0,0.1,0.3,21.54971694946289,30.57899475097656,0.7795746940628405,0.7210794803731924
312000000007,0.0,0.2,0.3,21.511274337768555,31.9176025390625,0.8930698457563999,0.7469018709932062
312000000007,0.0,0.3,0.3,21.470924377441406,31.275861740112305,0.8354392770992998,0.7332777917685044
312000000007,0.0,0.4,0.3,21.05426979064941,29.942079544067383,0.6974306003961664,0.69791528852165
312000000007,0.0,0.5,0.3,19.73427963256836,28.744274139404297,0.5216799736898124,0.6461314849960093
312000000007,0.0,0.6,0.3,19.847131729125977,32.41444778442383,0.844815124180007,0.7215521605600572
312000000007,0.0,0.7,0.3,18.015172958374023,29.49071502685547,0.491969185812013,0.6245845704014015
312000000007,0.0,0.8,0.3,16.2792911529541,27.341646194458008,0.2112856748651285,0.5450659903939592
312000000007,0.0,0.9,0.3,13.498577117919922,33.13142013549805,0.5589579489820004,0.6013958812224299
312000000007,0.0,1.0,0.3,12.422310829162598,32.82614517211914,0.4736367113390209,0.5725327070557048
312000000008,0.0,0.0,0.3,17.37908172607422,20.902862548828125,0.6162949416534514,0.44023021196855017
312000000008,0.0,0.1,0.3,17.37961196899414,20.893695831298828,0.6151589405322506,0.44005903475017627
312000000008,0.0,0.2,0.3,17.399690628051758,20.91633415222168,0.6198213908004703,0.44093464614257477
312000000008,0.0,0.3,0.3,17.343032836914062,19.987117767333984,0.495080870456574,0.421244918216169
312000000008,0.0,0.4,0.3,17.05743408203125,21.266307830810547,0.6352347785503911,0.44065174811060803
312000000008,0.0,0.5,0.3,16.17322540283203,21.748384475708008,0.6206294509649097,0.43152232523216894
312000000008,0.0,0.6,0.3,15.883782386779783,20.75968742370605,0.468008142009979,0.40572007099790824
312000000008,0.0,0.7,0.3,15.209198951721191,23.8646240234375,0.8098176419642074,0.4532203448108626
312000000008,0.0,0.8,0.3,14.18795680999756,20.054821014404297,0.2298818509687513,0.355787181112269
312000000008,0.0,0.9,0.3,11.640766143798828,23.5529899597168,0.4598151436596444,0.37146200978908894
312000000008,0.0,1.0,0.3,13.396004676818848,23.80988502502441,0.6453343797393627,0.41373891304503446
312000000009,0.0,0.0,0.3,20.81441307067871,25.48851585388184,0.7684286925319062,0.6042171096854853
312000000009,0.0,0.1,0.3,20.805513381958008,25.35715103149414,0.7409095586466663,0.6014146987733872
312000000009,0.0,0.2,0.3,20.78712272644043,25.138378143310547,0.6947350436982875,0.5966720334812283
312000000009,0.0,0.3,0.3,20.682109832763672,25.13957405090332,0.6848394893604537,0.5944723087970019
312000000009,0.0,0.4,0.3,20.54537773132324,25.321186065673828,0.7084963485908282,0.5951909887274369
312000000009,0.0,0.5,0.3,20.172088623046875,24.80848693847656,0.5684077974233123,0.5770850674847574
312000000009,0.0,0.6,0.3,19.953575134277344,25.397953033447266,0.6669414859024212,0.5841878337046382
312000000009,0.0,0.7,0.3,18.978071212768555,25.662166595458984,0.6263844383981256,0.5687901825461367
312000000009,0.0,0.8,0.3,17.69260025024414,26.62956619262696,0.6986108576612934,0.560821741793102
312000000009,0.0,0.9,0.3,16.20311737060547,24.16585350036621,0.0548117276545188,0.4802594026787498
312000000009,0.0,1.0,0.3,15.63537311553955,25.00253295898437,0.1698005334076533,0.48488681792057076
313000000000,0.0,0.0,0.3,17.88264274597168,32.6435546875,1.0,0.6845153701376964
313000000000,0.0,0.1,0.3,17.864431381225586,32.60520553588867,0.9955702008578312,0.6833666735549355
313000000000,0.0,0.2,0.3,17.83477020263672,32.48812484741211,0.984070042002914,0.6804088967920937
313000000000,0.0,0.3,0.3,17.74066162109375,31.883174896240234,0.9292650027898356,0.6663786283927833
313000000000,0.0,0.4,0.3,17.386751174926758,31.55382537841797,0.87580859350529,0.6523314200733787
313000000000,0.0,0.5,0.3,17.109264373779297,30.058897018432617,0.7368704956275836,0.6167090505238872
313000000000,0.0,0.6,0.3,15.413422584533691,26.27046775817871,0.3073149709033635,0.5054173587382804
313000000000,0.0,0.7,0.3,14.331483840942385,26.98759651184082,0.2791484053031461,0.49677843829025203
313000000000,0.0,0.8,0.3,13.63930320739746,27.63179588317871,0.2756748558798391,0.4949409866625991
313000000000,0.0,0.9,0.3,12.45773696899414,26.28561782836914,0.0778573191291082,0.4431357408918075
313000000000,0.0,1.0,0.3,11.475242614746094,28.830886840820312,0.2008774641737294,0.47297979316593086
313000000001,0.0,0.0,0.3,23.751127243041992,16.231691360473633,0.4985125148329357,0.48220102240865687
313000000001,0.0,0.1,0.3,23.77210998535156,16.711326599121094,0.5216826158995216,0.49218935699776606
313000000001,0.0,0.2,0.3,23.76213836669922,16.467975616455078,0.5099746801979902,0.48713588599591884
313000000001,0.0,0.3,0.3,23.53766822814941,16.315372467041016,0.4871631438181028,0.4793464183777326
313000000001,0.0,0.4,0.3,23.16246223449707,16.765127182006836,0.4808962818700307,0.4803513543653839
313000000001,0.0,0.5,0.3,21.207969665527344,19.79266357421875,0.4792048066791069,0.49921094144879663
313000000001,0.0,0.6,0.3,18.19778060913086,21.2495231628418,0.3316693200699206,0.46446322141987983
313000000001,0.0,0.7,0.3,17.76340675354004,22.38921165466309,0.3523974664417706,0.4779440374619054
313000000001,0.0,0.8,0.3,17.452354431152344,23.269834518432617,0.3701565429388579,0.48888100561945536
313000000001,0.0,0.9,0.3,16.719017028808594,27.292055130004883,0.5,0.553389865367901
313000000001,0.0,1.0,0.3,17.176380157470703,23.450410842895508,0.3587557006525373,0.48663079154205513
313000000002,0.0,0.0,0.3,21.010133743286133,22.734695434570312,0.6471840628338441,0.5535641999073844
313000000002,0.0,0.1,0.3,20.99977302551269,22.628522872924805,0.5942668054488927,0.5512321431624341
313000000002,0.0,0.2,0.3,20.91086196899414,23.08682441711425,0.8153382613963793,0.5584690991552361
313000000002,0.0,0.3,0.3,20.70930862426757,23.171815872192383,0.8461573241291511,0.5558926573959222
313000000002,0.0,0.4,0.3,20.493974685668945,22.567970275878903,0.5365935389675754,0.5393175631627389
313000000002,0.0,0.5,0.3,19.88285255432129,22.85786437988281,0.6459121829649845,0.5321462632585647
313000000002,0.0,0.6,0.3,19.55576705932617,23.03063201904297,0.7131043760512805,0.5286584490511668
313000000002,0.0,0.7,0.3,18.8691349029541,22.43617248535156,0.3822474220315336,0.502290951918728
313000000002,0.0,0.8,0.3,17.401336669921875,23.4124755859375,0.7828776238031069,0.4906391177403715
313000000002,0.0,0.9,0.3,14.418652534484863,23.45028686523437,0.6374757938464444,0.42823676417411716
313000000002,0.0,1.0,0.3,11.919042587280272,22.770153045654297,0.1646661199801404,0.3617768514091827
313000000003,0.0,0.0,0.3,16.537742614746094,23.506811141967773,0.5218552246857503,0.47423069559564757
313000000003,0.0,0.1,0.3,16.53072738647461,23.55415916442871,0.5241456575721791,0.4750243140261578
313000000003,0.0,0.2,0.3,16.508106231689453,23.251203536987305,0.502109865882819,0.468516957768757
313000000003,0.0,0.3,0.3,16.508657455444336,24.57624053955078,0.587731394716895,0.49489495679936757
313000000003,0.0,0.4,0.3,16.28504180908203,24.289175033569336,0.5447474145955897,0.4844479748317557
313000000003,0.0,0.5,0.3,16.00173568725586,24.392868041992188,0.5204699610530031,0.48051265046924807
313000000003,0.0,0.6,0.3,15.739819526672363,23.168352127075195,0.4127649374442975,0.45060078858351915
313000000003,0.0,0.7,0.3,14.061297416687012,25.97551918029785,0.4105225037243998,0.4709186853085866
313000000003,0.0,0.8,0.3,11.96433448791504,30.91155815124512,0.5,0.5247380861161015
313000000003,0.0,0.9,0.3,12.216853141784668,27.78446578979492,0.3256823628990187,0.46786023124985643
313000000003,0.0,1.0,0.3,12.123114585876465,25.863000869750977,0.1913598986945603,0.42764104635980504
313000000004,0.0,0.0,0.3,20.75409698486328,16.076425552368164,0.4963979181583587,0.4156529510783675
313000000004,0.0,0.1,0.3,20.80620002746582,17.053884506225586,0.5731018093222031,0.43620619531660726
313000000004,0.0,0.2,0.3,20.626768112182617,16.695785522460938,0.5339156338220642,0.4252812867511928
313000000004,0.0,0.3,0.3,19.971174240112305,18.26665496826172,0.6060734875782415,0.44265791526558507
313000000004,0.0,0.4,0.3,18.42668533325196,16.838829040527344,0.3925134106764891,0.3815435441246138
313000000004,0.0,0.5,0.3,16.790061950683594,20.742807388305664,0.5713365722356466,0.4245735606497498
313000000004,0.0,0.6,0.3,15.047529220581056,22.762025833129883,0.6018811472545615,0.4278570673970269
313000000004,0.0,0.7,0.3,13.888297080993652,19.74142074584961,0.2958352076799518,0.34320603346134615
313000000004,0.0,0.8,0.3,14.460785865783691,20.83510398864746,0.4172074834495796,0.37709051484084755
313000000004,0.0,0.9,0.3,13.75588607788086,19.99477767944336,0.3056290875878596,0.34544382797398676
313000000004,0.0,1.0,0.3,13.573848724365234,20.94664192199707,0.3642317940876075,0.3605301334918687
313000000005,0.0,0.0,0.3,19.972734451293945,22.901954650878903,0.498383685113358,0.5349267370303854
313000000005,0.0,0.1,0.3,19.97793769836425,23.312047958374023,0.5616137112702164,0.5431971755668235
313000000005,0.0,0.2,0.3,19.996789932250977,23.521240234375,0.5949562776006788,0.5477589738441072
313000000005,0.0,0.3,0.3,19.866811752319336,23.60067749023437,0.5984031679639868,0.5465875294149497
313000000005,0.0,0.4,0.3,19.83375740051269,24.869665145874023,0.7907585840807525,0.5711386696048193
313000000005,0.0,0.5,0.3,19.51353454589844,23.722824096679688,0.5933950537810189,0.5415378516418123
313000000005,0.0,0.6,0.3,18.666059494018555,26.1628532409668,0.9105867215349096,0.5721466532258451
313000000005,0.0,0.7,0.3,17.60030746459961,24.67634963989257,0.611049117723579,0.5200013575969433
313000000005,0.0,0.8,0.3,14.863235473632812,25.04205703735352,0.4832167999221742,0.4693242057109654
313000000005,0.0,0.9,0.3,12.555331230163574,23.43531036376953,0.0817804813850791,0.38848516935286403
313000000005,0.0,1.0,0.3,12.771830558776855,24.08887481689453,0.1965396395247728,0.40607427294239956
313000000006,0.0,0.0,0.3,22.99027442932129,20.6980209350586,0.5706239021313644,0.5549644050571989
313000000006,0.0,0.1,0.3,22.98469352722168,20.658802032470703,0.5634218126187691,0.5540658365145259
313000000006,0.0,0.2,0.3,22.96794319152832,20.86513900756836,0.5971532990761703,0.5578169768939791
313000000006,0.0,0.3,0.3,22.93401336669922,20.284534454345703,0.4949246011535232,0.545545359523034
313000000006,0.0,0.4,0.3,22.89270782470703,20.65830993652344,0.5550395874062074,0.5521083580715408
313000000006,0.0,0.5,0.3,22.83178901672364,20.59140014648437,0.5381157473506564,0.5494870672637737
313000000006,0.0,0.6,0.3,22.56515884399414,21.1086540222168,0.6024100969877029,0.5541341015278336
313000000006,0.0,0.7,0.3,22.31136703491211,21.3057804107666,0.6131845223908591,0.5526828968504629
313000000006,0.0,0.8,0.3,19.36205291748047,23.211917877197266,0.6726924374027833,0.5281641128711609
313000000006,0.0,0.9,0.3,18.63240432739257,22.42562294006348,0.4725697345392697,0.4970685463988229
313000000006,0.0,1.0,0.3,17.4477481842041,22.999900817871094,0.4637872754093062,0.4834121821085482
313000000007,0.0,0.0,0.3,19.781723022460938,22.400115966796875,0.5,0.5208964332464772
313000000007,0.0,0.1,0.3,19.778165817260746,22.633071899414062,0.5254449086535126,0.5254566011793071
313000000007,0.0,0.2,0.3,19.646461486816406,22.56168556213379,0.5048412215494457,0.5212474353621046
313000000007,0.0,0.3,0.3,19.5482234954834,22.667139053344727,0.5070409298386646,0.5212657367965966
313000000007,0.0,0.4,0.3,19.11773109436035,23.53911781311035,0.5620521728348075,0.529501699950174
313000000007,0.0,0.5,0.3,19.0625057220459,24.062713623046875,0.6146878133658955,0.5387511715542771
313000000007,0.0,0.6,0.3,18.956615447998047,24.056020736694336,0.6037350737260823,0.5363758937625192
313000000007,0.0,0.7,0.3,18.727069854736328,24.73794746398925,0.6570866768986465,0.5450849018458012
313000000007,0.0,0.8,0.3,17.05768394470215,22.97618103027344,0.3010689107905993,0.47468105211496214
313000000007,0.0,0.9,0.3,14.946231842041016,26.91687393188477,0.533674972822738,0.5083877092134292
313000000007,0.0,1.0,0.3,14.597043991088867,24.688535690307617,0.2533254760603727,0.45665335619774516
313000000008,0.0,0.0,0.3,20.82626724243164,25.96403312683105,0.5490133488465356,0.6139302162044118
313000000008,0.0,0.1,0.3,20.847862243652344,26.0307674407959,0.5649604063420398,0.6157153810533014
313000000008,0.0,0.2,0.3,20.83687400817871,26.15291404724121,0.5857143107499718,0.6179132599103679
313000000008,0.0,0.3,0.3,20.668567657470703,26.21055793762207,0.5682714591020941,0.6154966060580902
313000000008,0.0,0.4,0.3,20.34317398071289,25.67949867248535,0.4157295927661759,0.5980394725860356
313000000008,0.0,0.5,0.3,19.81515121459961,25.684005737304688,0.3283963979567277,0.5869489106797554
313000000008,0.0,0.6,0.3,19.69235038757324,26.094985961914062,0.3838946016614802,0.5925266655169117
313000000008,0.0,0.7,0.3,19.21185111999512,26.37249183654785,0.3549825330627916,0.5878746394833323
313000000008,0.0,0.8,0.3,19.13814353942871,26.35960578918457,0.3402921706981608,0.5860575564756089
313000000008,0.0,0.9,0.3,18.52787208557129,26.568811416625977,0.2770805517615012,0.5772986841970087
313000000008,0.0,1.0,0.3,17.853404998779297,28.38321304321289,0.5,0.5991216346953001
313000000009,0.0,0.0,0.3,21.140735626220703,23.08309364318848,0.719437543581804,0.5632621599089691
313000000009,0.0,0.1,0.3,21.08587455749512,23.339502334594727,0.7321894506350528,0.5672027064478982
313000000009,0.0,0.2,0.3,21.0119571685791,23.27708625793457,0.724096109464218,0.5643956047699837
313000000009,0.0,0.3,0.3,20.868253707885746,23.578414916992188,0.7345524592089796,0.5673488633262345
313000000009,0.0,0.4,0.3,20.45998764038086,23.95683479309082,0.7346610363933019,0.566234331544981
313000000009,0.0,0.5,0.3,20.525285720825195,24.0280876159668,0.742809187885084,0.5690347682687069
313000000009,0.0,0.6,0.3,19.38469696044922,24.597314834594727,0.712875134833656,0.5562109768830412
313000000009,0.0,0.7,0.3,16.343334197998047,27.610885620117188,0.7257389326256745,0.5517795014351335
313000000009,0.0,0.8,0.3,18.29776954650879,24.089168548583984,0.6192498976270735,0.5230852191648414
313000000009,0.0,0.9,0.3,14.204583168029783,23.280160903930664,0.3351180988932304,0.42031884166239075
313000000009,0.0,1.0,0.3,12.394686698913574,19.541751861572266,0.0,0.30760750970164624
314000000000,0.0,0.0,0.3,22.080665588378903,24.168148040771484,0.4995083709434591,0.6047550640014293
314000000000,0.0,0.1,0.3,22.089052200317383,24.31963157653809,0.5238693029361704,0.6079469445443894
314000000000,0.0,0.2,0.3,22.07817840576172,24.754365921020508,0.5917330852784862,0.616367292229899
314000000000,0.0,0.3,0.3,21.541955947875977,25.568506240844727,0.6885836668456432,0.6212136471624803
314000000000,0.0,0.4,0.3,20.745092391967773,26.06681632995605,0.7203898275338348,0.6142566742059826
314000000000,0.0,0.5,0.3,19.443378448486328,26.283994674682617,0.6783032981737163,0.591015985726655
314000000000,0.0,0.6,0.3,17.987255096435547,27.34133529663086,0.7595497854084452,0.5812238830234605
314000000000,0.0,0.7,0.3,15.923452377319336,27.19731903076172,0.6158755436711043,0.5346596303289277
314000000000,0.0,0.8,0.3,14.878478050231934,26.400535583496094,0.429069028092361,0.49667871498255844
314000000000,0.0,0.9,0.3,14.116307258605955,25.440168380737305,0.2330647155954005,0.46143074274845525
314000000000,0.0,1.0,0.3,13.55964183807373,24.991775512695312,0.1297792102251416,0.44072165091231175
314000000001,0.0,0.0,0.3,22.24521446228028,19.217809677124023,0.6564575817799252,0.5097345860995729
314000000001,0.0,0.1,0.3,22.22788619995117,18.91809463500977,0.6275262606986998,0.5034037834436759
314000000001,0.0,0.2,0.3,22.17047691345215,19.04557609558105,0.6362118186710619,0.5047249083770373
314000000001,0.0,0.3,0.3,22.02686882019043,17.540851593017578,0.4877979587727564,0.4717423300682895
314000000001,0.0,0.4,0.3,20.21393585205078,20.944412231445312,0.704030817253367,0.5010816119805175
314000000001,0.0,0.5,0.3,20.05831527709961,21.187231063842773,0.7179887270261698,0.5026182787354467
314000000001,0.0,0.6,0.3,19.6008529663086,22.09654235839844,0.7772612051620105,0.5110260502022997
314000000001,0.0,0.7,0.3,18.36071014404297,22.89999771118164,0.7829181229134264,0.5007551239271109
314000000001,0.0,0.8,0.3,18.075759887695312,22.73328971862793,0.7514403488517301,0.49140439661102364
314000000001,0.0,0.9,0.3,17.365785598754883,21.75379943847656,0.6203791820827625,0.4568811007522883
314000000001,0.0,1.0,0.3,13.29811954498291,21.19552421569824,0.3409752731217449,0.3596442993787627
314000000002,0.0,0.0,0.3,20.700889587402344,24.17186737060547,0.6071989276369203,0.5756139785981293
314000000002,0.0,0.1,0.3,20.61319160461425,24.30656623840332,0.6195181501055532,0.5764373928806379
314000000002,0.0,0.2,0.3,20.403148651123047,23.31309700012207,0.4847390812262504,0.5522213796916138
314000000002,0.0,0.3,0.3,19.64925765991211,23.948257446289062,0.5253839336435825,0.5488974239885556
314000000002,0.0,0.4,0.3,19.11238670349121,25.029909133911133,0.6328870842584614,0.5590531385939894
314000000002,0.0,0.5,0.3,18.49256706237793,26.87954330444336,0.8320046636275669,0.5827342597941656
314000000002,0.0,0.6,0.3,17.61819839477539,25.24877548217773,0.5836221583880935,0.5317706261288628
314000000002,0.0,0.7,0.3,16.58420753479004,24.982267379760746,0.4973564588279457,0.5045739879268245
314000000002,0.0,0.8,0.3,15.253281593322754,24.742712020874023,0.3992356128772357,0.47162642783833225
314000000002,0.0,0.9,0.3,14.901288032531738,25.21849822998047,0.4405855672874891,0.47364084836255793
314000000002,0.0,1.0,0.3,10.945876121520996,27.31859588623047,0.5,0.4316786839366331
314000000003,0.0,0.0,0.3,16.852251052856445,25.06955337524414,0.7910714239026311,0.5119863520979705
314000000003,0.0,0.1,0.3,16.853418350219727,24.93302345275879,0.7588584598673394,0.509294319438052
314000000003,0.0,0.2,0.3,16.8403263092041,24.62641716003418,0.6743785270227578,0.5029160877056524
314000000003,0.0,0.3,0.3,16.77579689025879,24.346485137939453,0.556631660218376,0.49597951101746807
314000000003,0.0,0.4,0.3,16.67138671875,23.8825740814209,0.3634526116168026,0.4845375896862235
314000000003,0.0,0.5,0.3,16.594966888427734,24.110286712646484,0.359647076040825,0.4874506451598736
314000000003,0.0,0.6,0.3,16.760021209716797,24.65962791442871,0.6203959516295979,0.5018765701312442
314000000003,0.0,0.7,0.3,16.20619010925293,24.74766731262207,0.2139011457222084,0.49190172093372253
314000000003,0.0,0.8,0.3,16.27455711364746,24.78790664672852,0.2764762391078549,0.49415001467603514
314000000003,0.0,0.9,0.3,16.535972595214844,25.927234649658203,0.7547652165712837,0.5223561585580277
314000000003,0.0,1.0,0.3,16.296833038330078,23.865766525268555,0.0700239292260722,0.4762724205449552
314000000004,0.0,0.0,0.3,20.096513748168945,25.220956802368164,0.9883669481809229,0.583692416644903
314000000004,0.0,0.1,0.3,20.095590591430664,25.0275993347168,0.906414945409972,0.5798253348533138
314000000004,0.0,0.2,0.3,20.038726806640625,24.79330444335937,0.8009771070244823,0.5739591818919758
314000000004,0.0,0.3,0.3,19.73402214050293,24.78232765197754,0.7627961532432823,0.567289005305576
314000000004,0.0,0.4,0.3,19.21875762939453,24.06727409362793,0.4033983149382402,0.542150364262392
314000000004,0.0,0.5,0.3,18.12196922302246,24.564193725585938,0.4930426771476754,0.5288151757997895
314000000004,0.0,0.6,0.3,18.010950088500977,25.248437881469727,0.7704727320969272,0.5400799523575278
314000000004,0.0,0.7,0.3,17.294811248779297,24.823631286621094,0.5118324403957737,0.5164635358342773
314000000004,0.0,0.8,0.3,16.795839309692383,24.70295143127441,0.4058328011748897,0.5034970508251907
314000000004,0.0,0.9,0.3,16.640886306762695,24.827579498291016,0.4415358782089472,0.5026960266454601
314000000004,0.0,1.0,0.3,15.55334186553955,24.45911979675293,0.16587272110711,0.472336765919395
314000000005,0.0,0.0,0.3,20.170616149902344,26.086181640625,0.7718145618167148,0.6024781735933431
314000000005,0.0,0.1,0.3,20.160564422607425,25.946748733520508,0.7441028887034906,0.5994908263890522
314000000005,0.0,0.2,0.3,20.16375541687012,26.1213607788086,0.777670748539341,0.6030329200075462
314000000005,0.0,0.3,0.3,19.99187660217285,25.981708526611328,0.7303621719780816,0.596614714516986
314000000005,0.0,0.4,0.3,19.797306060791016,25.361055374145508,0.5889049035458296,0.5801448140529428
314000000005,0.0,0.5,0.3,19.237268447875977,26.752531051635746,0.7856577964947266,0.595975053686927
314000000005,0.0,0.6,0.3,17.3319149017334,24.65583610534668,0.1569707247905357,0.5139102786043354
314000000005,0.0,0.7,0.3,16.599205017089844,25.76777076721192,0.2797355111646573,0.520521927379429
314000000005,0.0,0.8,0.3,17.005338668823242,25.86605834960937,0.3474907913873388,0.5310770995151897
314000000005,0.0,0.9,0.3,16.032920837402344,27.286941528320312,0.5,0.5387608516960224
314000000005,0.0,1.0,0.3,16.5849666595459,27.21597480773925,0.5532232334261307,0.5490376214656587
314000000006,0.0,0.0,0.3,20.02749252319336,25.94049835205078,0.922964535643977,0.5965488156335155
314000000006,0.0,0.1,0.3,20.0249137878418,25.95473861694336,0.9253082028240208,0.5967775747760009
314000000006,0.0,0.2,0.3,20.00163459777832,25.63946914672852,0.8628732434767623,0.5900112576821288
314000000006,0.0,0.3,0.3,20.025821685791016,23.71428298950196,0.5034460644164904,0.552214958986808
314000000006,0.0,0.4,0.3,20.02387428283692,24.009960174560547,0.558880160304685,0.5580572751117083
314000000006,0.0,0.5,0.3,19.990922927856445,26.34950828552246,0.9952006163877436,0.6039132069701793
314000000006,0.0,0.6,0.3,19.940229415893555,23.694822311401367,0.4885476138505009,0.5500154063186818
314000000006,0.0,0.7,0.3,19.811397552490234,24.992891311645508,0.7161261116019761,0.5731172499400863
314000000006,0.0,0.8,0.3,19.28394889831543,23.83251190185547,0.4283508499574833,0.538859281427826
314000000006,0.0,0.9,0.3,16.74165153503418,25.8433780670166,0.4734394339767289,0.5250425371502534
314000000006,0.0,1.0,0.3,16.217670440673828,25.96428108215332,0.4274439223462804,0.5163536645084951
314000000007,0.0,0.0,0.3,17.492650985717773,23.279342651367188,0.9009506802206834,0.48992343476835953
314000000007,0.0,0.1,0.3,17.4559326171875,22.97053337097168,0.8652288151587288,0.4830011077306099
314000000007,0.0,0.2,0.3,17.41286849975586,22.4072265625,0.8052164402629975,0.4708802829189873
314000000007,0.0,0.3,0.3,16.966026306152344,21.73915672302246,0.6488351563352406,0.44812531034761827
314000000007,0.0,0.4,0.3,15.948036193847656,23.158422470092773,0.5575076782439078,0.4548119398186008
314000000007,0.0,0.5,0.3,16.031694412231445,22.618541717529297,0.5268883818313155,0.4458404525805759
314000000007,0.0,0.6,0.3,15.17027759552002,24.23959350585937,0.4874468770874621,0.4598575845062538
314000000007,0.0,0.7,0.3,15.474462509155272,23.147279739379883,0.454544989453123,0.4445628632343854
314000000007,0.0,0.8,0.3,16.09534454345703,21.374923706054688,0.4285710974557092,0.42244196053541233
314000000007,0.0,0.9,0.3,16.592830657958984,18.82812690734864,0.3062713921118929,0.3822980422917891
314000000007,0.0,1.0,0.3,16.206233978271484,24.37895393371582,0.7230382907253453,0.484565784727559
314000000008,0.0,0.0,0.3,19.56643295288086,22.4434814453125,0.5714745177598044,0.5172008359178621
314000000008,0.0,0.1,0.3,19.56604766845703,22.54873847961425,0.596762974862876,0.5192871413359285
314000000008,0.0,0.2,0.3,19.570533752441406,22.48419761657715,0.5821635289520263,0.5180978585619727
314000000008,0.0,0.3,0.3,19.380359649658203,23.4492130279541,0.7741894565124612,0.5332735675301349
314000000008,0.0,0.4,0.3,18.924903869628903,22.404783248901367,0.4252657369545854,0.502847192020706
314000000008,0.0,0.5,0.3,18.037982940673828,22.143320083618164,0.1730042015096784,0.47886496942556045
314000000008,0.0,0.6,0.3,17.322551727294922,24.21770477294922,0.5203547760632782,0.5049938423124362
314000000008,0.0,0.7,0.3,17.227153778076172,23.20643424987793,0.2562480748454129,0.4828510790615466
314000000008,0.0,0.8,0.3,17.23878288269043,22.913434982299805,0.1881061668198151,0.47726704800659897
314000000008,0.0,0.9,0.3,17.9591121673584,22.398651123046875,0.2177195812817063,0.4822756956705616
314000000008,0.0,1.0,0.3,17.26853370666504,22.38800430297852,0.0678066537967394,0.4674416722711751
314000000009,0.0,0.0,0.3,15.516640663146973,25.45220184326172,0.7747855236954531,0.49132056428308846
314000000009,0.0,0.1,0.3,15.513578414916992,26.484893798828125,0.91308081889731,0.5118048071079498
314000000009,0.0,0.2,0.3,15.515424728393556,25.63923072814941,0.7997220476576075,0.4950164237089637
314000000009,0.0,0.3,0.3,15.396780967712402,26.399311065673828,0.8821728105434647,0.5076287887592806
314000000009,0.0,0.4,0.3,15.034852027893066,23.59406280517578,0.4449883530998959,0.4441449802425186
314000000009,0.0,0.5,0.3,14.941404342651367,24.806718826293945,0.5924558846823134,0.4662964459713224
314000000009,0.0,0.6,0.3,14.130218505859377,25.46081924438477,0.5456022960819112,0.46213621908862124
314000000009,0.0,0.7,0.3,13.50859260559082,27.12778091430664,0.6663809914940733,0.4821441753189205
314000000009,0.0,0.8,0.3,12.536842346191406,23.590267181396484,0.0294564861792619,0.39117710695027774
314000000009,0.0,0.9,0.3,12.507147789001465,23.40781784057617,0.0,0.38691788142278044
314000000009,0.0,1.0,0.3,13.74551773071289,24.403959274291992,0.3396352631678138,0.43296065267935446
321000000000,0.0,0.0,0.3,20.85575294494629,22.000873565673828,0.9600920638057449,0.5356933744101288
321000000000,0.0,0.1,0.3,20.852907180786133,21.584274291992188,0.8786769718187473,0.5273433933796732
321000000000,0.0,0.2,0.3,20.690053939819336,19.980207443237305,0.5502245890485354,0.4919765526726498
321000000000,0.0,0.3,0.3,20.131214141845703,20.24966812133789,0.5476158658892962,0.485505672457574
321000000000,0.0,0.4,0.3,19.73634910583496,21.548757553100582,0.7616956904794099,0.5029948892362422
321000000000,0.0,0.5,0.3,18.88936996459961,22.03646278381348,0.7731878568775138,0.494765757725892
321000000000,0.0,0.6,0.3,18.047607421875,21.93151092529297,0.6697716281775898,0.4748540590980922
321000000000,0.0,0.7,0.3,17.728466033935547,21.87897491455078,0.6280807784476609,0.46705123372239926
321000000000,0.0,0.8,0.3,18.30586051940918,20.951465606689453,0.5043606079472527,0.4608207673321198
321000000000,0.0,0.9,0.3,16.115123748779297,19.638452529907227,0.0326944922945369,0.388307486498754
321000000000,0.0,1.0,0.3,15.783451080322266,22.205787658691406,0.5,0.4323709879009605
321000000001,0.0,0.0,0.3,19.15058135986328,19.32611656188965,0.5379211926284785,0.4463646090083577
321000000001,0.0,0.1,0.3,19.169822692871094,19.440401077270508,0.5530543407629116,0.44904611827652113
321000000001,0.0,0.2,0.3,19.156339645385746,19.33700180053711,0.539714638771087,0.4467031343357726
321000000001,0.0,0.3,0.3,19.05498504638672,19.7817497253418,0.5828013354953859,0.45340691580563564
321000000001,0.0,0.4,0.3,18.75259780883789,19.605154037475582,0.5349645628808871,0.44349023052490366
321000000001,0.0,0.5,0.3,18.75265884399414,19.524778366088867,0.5255406004053446,0.44189216279765564
321000000001,0.0,0.6,0.3,18.418119430541992,19.628154754638672,0.5076658111193191,0.4368657349224769
321000000001,0.0,0.7,0.3,17.276758193969727,20.50132751464844,0.5077428065600855,0.4300736657000819
321000000001,0.0,0.8,0.3,13.594649314880373,23.25012588500977,0.5,0.406806573454346
321000000001,0.0,0.9,0.3,13.71607494354248,19.259855270385746,0.0427630923379586,0.3299769779347711
321000000001,0.0,1.0,0.3,14.650131225585938,18.988170623779297,0.0946591109500129,0.34434836143567343
321000000002,0.0,0.0,0.3,15.530577659606934,26.75861930847168,0.7430171346561326,0.5176114889554666
321000000002,0.0,0.1,0.3,15.535454750061035,26.571496963500977,0.5972902514623605,0.5139912903702208
321000000002,0.0,0.2,0.3,15.544105529785156,26.575157165527344,0.6278158454661774,0.5142472929574574
321000000002,0.0,0.3,0.3,15.531078338623049,26.980125427246094,0.9353736775081384,0.5220297428972319
321000000002,0.0,0.4,0.3,15.551502227783203,26.70373916625977,0.7619621783583479,0.5169625057094747
321000000002,0.0,0.5,0.3,15.486580848693848,26.696094512939453,0.5499506434041213,0.5154357561247734
321000000002,0.0,0.6,0.3,15.493096351623535,26.57653045654297,0.4675927231576325,0.5131945615696574
321000000002,0.0,0.7,0.3,15.405567169189451,26.515758514404297,0.13828850474756,0.510131962469568
321000000002,0.0,0.8,0.3,15.48784637451172,26.5693359375,0.4447841915132209,0.5129402390638766
321000000002,0.0,0.9,0.3,15.423473358154297,26.39957427978516,0.0948844535913236,0.5081992055542212
321000000002,0.0,1.0,0.3,15.393486976623535,26.88764381408692,0.4203501590138538,0.5172761606779137
321000000003,0.0,0.0,0.3,20.70583724975586,23.289390563964844,0.7159612159114391,0.5581587222130752
321000000003,0.0,0.1,0.3,20.706029891967773,23.130603790283203,0.6598993935050352,0.5550031731283479
321000000003,0.0,0.2,0.3,20.68173789978028,23.116090774536133,0.6530037503944147,0.5542000313502684
321000000003,0.0,0.3,0.3,20.525882720947266,22.67782592773437,0.4868712995646702,0.5421791465888322
321000000003,0.0,0.4,0.3,20.16899871826172,23.4384765625,0.7294877052700464,0.5497584095982277
321000000003,0.0,0.5,0.3,19.39034843444824,23.42699241638184,0.668685862433946,0.5330429098555715
321000000003,0.0,0.6,0.3,18.114267349243164,23.80226325988769,0.7082157233533917,0.5134907792533863
321000000003,0.0,0.7,0.3,17.45342445373535,24.093647003173828,0.7629577961675743,0.5052963437387348
321000000003,0.0,0.8,0.3,15.864704132080078,23.527040481567383,0.4470774020973181,0.46038245119977733
321000000003,0.0,0.9,0.3,14.677007675170898,22.722787857055664,0.0764974912612263,0.4192309408137109
321000000003,0.0,1.0,0.3,13.84521484375,22.74067687988281,0.0221959374806344,0.4019746953899358
321000000004,0.0,0.0,0.3,17.58561134338379,23.68722343444824,0.7984576763097138,0.5000079983587902
321000000004,0.0,0.1,0.3,17.581560134887695,23.66574478149414,0.7966164553878488,0.4994948246469617
321000000004,0.0,0.2,0.3,17.565902709960938,22.534990310668945,0.72076986323507,0.47666291250624904
321000000004,0.0,0.3,0.3,17.409812927246094,22.92314720153809,0.7295782137550902,0.48108166234475214
321000000004,0.0,0.4,0.3,17.04128074645996,26.45493507385254,0.9219377514488204,0.5435559282019269
321000000004,0.0,0.5,0.3,16.44718360900879,25.72549629211425,0.8106994625660678,0.5164618560372343
321000000004,0.0,0.6,0.3,15.782707214355469,26.75957679748535,0.8076364918830068,0.5229690812079184
321000000004,0.0,0.7,0.3,15.20745086669922,24.63179588317871,0.606679051342955,0.468448946054116
321000000004,0.0,0.8,0.3,14.536667823791504,26.137107849121094,0.6338553451176976,0.4841994627647631
321000000004,0.0,0.9,0.3,13.27165699005127,19.13747215270996,0.0397162944482984,0.3181317153869516
321000000004,0.0,1.0,0.3,12.899420738220217,21.957534790039062,0.1849923852240816,0.3663652451213999
321000000005,0.0,0.0,0.3,20.723058700561523,14.58112621307373,0.5200577934431347,0.3852414500413914
321000000005,0.0,0.1,0.3,20.684764862060547,14.749932289123535,0.5232205485357547,0.3877896218758619
321000000005,0.0,0.2,0.3,20.629457473754883,14.162635803222656,0.4925077098426024,0.37493220053018794
321000000005,0.0,0.3,0.3,20.5061092376709,14.10862922668457,0.4773204949597001,0.37124579714697714
321000000005,0.0,0.4,0.3,19.591142654418945,15.526694297790527,0.441869292515619,0.38008993401898405
321000000005,0.0,0.5,0.3,17.321468353271484,16.41460418701172,0.242293971834426,0.3497004424888395
321000000005,0.0,0.6,0.3,17.380409240722656,23.40691375732422,0.5452834729056639,0.49008533225961204
321000000005,0.0,0.7,0.3,16.584138870239258,25.88701820373535,0.5673247958188551,0.5225757720704752
321000000005,0.0,0.8,0.3,16.30029296875,22.86661720275879,0.4094341408823277,0.45646404823845
321000000005,0.0,0.9,0.3,15.95776653289795,15.808733940124512,0.0740154743664153,0.3087697540811522
321000000005,0.0,1.0,0.3,15.940117835998535,15.173891067504885,0.0452210333219546,0.2957636055600159
321000000006,0.0,0.0,0.3,20.82440185546875,18.504541397094727,0.5720781802644384,0.4654575794418364
321000000006,0.0,0.1,0.3,20.77500915527344,18.64854621887207,0.5953217443418105,0.4672772370180115
321000000006,0.0,0.2,0.3,20.49195098876953,18.763811111450195,0.5904601851181703,0.4635774266352458
321000000006,0.0,0.3,0.3,20.021787643432617,18.43264961242676,0.4807569776577879,0.4470326474013801
321000000006,0.0,0.4,0.3,19.72469711303711,18.805648803710938,0.5246621492862622,0.44816425987477937
321000000006,0.0,0.5,0.3,19.14242553710937,18.98527717590332,0.5034840175719206,0.4394097065109005
321000000006,0.0,0.6,0.3,17.868831634521484,19.574216842651367,0.4952835056995263,0.4241619407803886
321000000006,0.0,0.7,0.3,16.803571701049805,20.552440643310547,0.5828584201654594,0.42107158935235756
321000000006,0.0,0.8,0.3,17.082000732421875,20.70511054992676,0.6393764053431436,0.4300048998980168
321000000006,0.0,0.9,0.3,15.909879684448242,20.01241111755371,0.3917269359474091,0.39140292785610964
321000000006,0.0,1.0,0.3,15.635610580444336,18.133882522583008,0.0,0.3482155970974372
321000000007,0.0,0.0,0.3,17.797006607055664,19.225845336914062,0.74832620977678,0.4157090412381893
321000000007,0.0,0.1,0.3,17.79962730407715,18.955642700195312,0.7334147716090726,0.4103878881179837
321000000007,0.0,0.2,0.3,17.63562774658203,18.16351127624512,0.6712272687461784,0.3911531208365099
321000000007,0.0,0.3,0.3,17.056734085083008,19.04606437683105,0.6585647001396996,0.3964572802185464
321000000007,0.0,0.4,0.3,16.04643440246582,14.804551124572754,0.3113584548098075,0.2906653979821573
321000000007,0.0,0.5,0.3,15.28371524810791,23.696643829345703,0.7292907486880253,0.4514555737488874
321000000007,0.0,0.6,0.3,14.66274070739746,22.86024475097656,0.6154441034149003,0.42166404912906763
321000000007,0.0,0.7,0.3,14.024664878845217,16.053504943847656,0.1640467131495046,0.2727092455800915
321000000007,0.0,0.8,0.3,13.152737617492676,19.596830368041992,0.2694685830758893,0.3247543076698718
321000000007,0.0,0.9,0.3,14.123311042785645,21.41153717041016,0.4759416495843142,0.38141508191424195
321000000007,0.0,1.0,0.3,14.186101913452148,20.452260971069336,0.4287580305297755,0.3636563885066778
321000000008,0.0,0.0,0.3,15.51101779937744,24.01889610290528,0.8485616825428304,0.46268078747208974
321000000008,0.0,0.1,0.3,15.491995811462402,25.093101501464844,0.9470502529121906,0.48365315974681367
321000000008,0.0,0.2,0.3,15.478062629699709,24.83428955078125,0.915851358019234,0.47820815642748316
321000000008,0.0,0.3,0.3,15.276904106140137,25.55122756958008,0.905555136631616,0.4882149007803801
321000000008,0.0,0.4,0.3,14.998690605163574,24.37803077697754,0.6773742637688434,0.45897913894884956
321000000008,0.0,0.5,0.3,14.633296966552734,20.592248916625977,0.1558252875389743,0.3759107635070623
321000000008,0.0,0.6,0.3,14.57115077972412,23.556228637695312,0.4236808579084883,0.43357381946853685
321000000008,0.0,0.7,0.3,14.915047645568848,25.01945877075196,0.7070229701550896,0.46997159308670955
321000000008,0.0,0.8,0.3,14.804155349731444,25.20096206665039,0.6802251414404898,0.4712352364245952
321000000008,0.0,0.9,0.3,14.36041259765625,20.491968154907227,0.0358291539258217,0.36813732302288904
321000000008,0.0,1.0,0.3,14.271597862243652,24.48269462585449,0.394398284793755,0.44566648580728435
321000000009,0.0,0.0,0.3,21.55042839050293,25.48748779296875,0.958958459052246,0.6197808905296722
321000000009,0.0,0.1,0.3,21.57541275024414,25.730335235595703,1.0,0.6251422185179752
321000000009,0.0,0.2,0.3,21.513614654541016,24.98215675354004,0.8768081595805327,0.6089460443016368
321000000009,0.0,0.3,0.3,21.38550567626953,23.93347549438477,0.6952475041391533,0.5853662446600743
321000000009,0.0,0.4,0.3,20.87193489074707,25.260704040527344,0.780261616449091,0.6009019380282251
321000000009,0.0,0.5,0.3,20.42399024963379,24.735815048217773,0.6071512561136312,0.58097271505431
321000000009,0.0,0.6,0.3,20.293848037719727,25.72982406616211,0.7253463651971432,0.5979964579988872
321000000009,0.0,0.7,0.3,19.3609619140625,24.89842796325684,0.403292124357785,0.5617001333509885
321000000009,0.0,0.8,0.3,20.253570556640625,24.86680793762207,0.5898889643293066,0.5799708531405265
321000000009,0.0,0.9,0.3,19.74334526062012,23.002647399902344,0.2066170241436798,0.5320733378954444
321000000009,0.0,1.0,0.3,19.241718292236328,22.328022003173828,0.0,0.5080279175676712
322000000000,0.0,0.0,0.3,20.38732147216797,23.07687759399414,0.5359163555837406,0.5471858323536206
322000000000,0.0,0.1,0.3,20.37890243530273,24.173803329467773,0.682097690870896,0.5688348113184201
322000000000,0.0,0.2,0.3,20.337242126464844,22.80854606628418,0.4961757327697141,0.5407860516862684
322000000000,0.0,0.3,0.3,20.192262649536133,23.50687026977539,0.5785756612587998,0.551611931566965
322000000000,0.0,0.4,0.3,19.79265785217285,25.26460838317871,0.78333460559854,0.5781272376539898
322000000000,0.0,0.5,0.3,17.84734535217285,24.69254875183105,0.5582118814988852,0.5255544262699585
322000000000,0.0,0.6,0.3,18.929908752441406,24.19349479675293,0.5740822197802086,0.5385459474086758
322000000000,0.0,0.7,0.3,18.867706298828125,24.35533142089844,0.5909941226482395,0.5404492010661863
322000000000,0.0,0.8,0.3,18.100317001342773,23.6633415222168,0.4397697689175197,0.5104310549894966
322000000000,0.0,0.9,0.3,16.541481018066406,25.29960250854492,0.5397452008378479,0.5099838173213433
322000000000,0.0,1.0,0.3,13.839747428894045,26.54405212402344,0.5,0.4775406177655498
322000000001,0.0,0.0,0.3,19.41347885131836,18.24799537658692,0.5,0.43047808822755
322000000001,0.0,0.1,0.3,19.39333152770996,18.27372932434082,0.5002571720348693,0.4305635614086363
322000000001,0.0,0.2,0.3,19.39948081970215,18.40673065185547,0.5102990560220748,0.43334030007771546
322000000001,0.0,0.3,0.3,19.18994903564453,19.905229568481445,0.6014104398389706,0.4587216866933829
322000000001,0.0,0.4,0.3,18.75703811645508,19.35820960998535,0.5279042109341652,0.43867041032549386
322000000001,0.0,0.5,0.3,18.541404724121094,20.6264591217041,0.6019902786425031,0.45934097127066964
322000000001,0.0,0.6,0.3,17.727842330932617,21.01363945007324,0.5655312501545376,0.44981909840292617
322000000001,0.0,0.7,0.3,17.538070678710938,20.05247688293457,0.4814790510153365,0.4266751618144345
322000000001,0.0,0.8,0.3,13.952143669128418,25.207012176513672,0.5685128473597315,0.45331530391240393
322000000001,0.0,0.9,0.3,13.577630996704102,21.84952545166016,0.2976906519069209,0.37857630011840987
322000000001,0.0,1.0,0.3,13.084976196289062,23.68258476257324,0.3904710638177739,0.40462016780547694
322000000002,0.0,0.0,0.3,20.69607353210449,22.36917304992676,0.6816749926328362,0.5396409843693333
322000000002,0.0,0.1,0.3,20.659893035888672,21.818239212036133,0.648876919866769,0.5279121162351099
322000000002,0.0,0.2,0.3,20.65424156188965,22.836315155029297,0.7037359430469684,0.5480506977286573
322000000002,0.0,0.3,0.3,20.459259033203125,21.490158081054688,0.6151468431845288,0.5171355910368219
322000000002,0.0,0.4,0.3,20.162635803222656,22.164291381835938,0.6282517886043382,0.5242692330053523
322000000002,0.0,0.5,0.3,20.243986129760746,25.9213924407959,0.8388065043664077,0.6007526268487124
322000000002,0.0,0.6,0.3,19.658376693725582,26.168819427490234,0.8058186479474504,0.5932764930773102
322000000002,0.0,0.7,0.3,19.936243057250977,19.02495574951172,0.4397577334499357,0.4570073827027623
322000000002,0.0,0.8,0.3,17.160703659057617,25.348308563232425,0.5632192278142353,0.5240642911371078
322000000002,0.0,0.9,0.3,14.733494758605955,24.7877254486084,0.3403270789205909,0.46151627012759633
322000000002,0.0,1.0,0.3,14.38961696624756,28.22880172729492,0.5,0.5227075329244003
322000000003,0.0,0.0,0.3,21.903589248657227,25.387340545654297,0.8691755248094146,0.6252658603233276
322000000003,0.0,0.1,0.3,21.95718765258789,24.937355041503903,0.8353345770162133,0.617446678667327
322000000003,0.0,0.2,0.3,21.89188003540039,25.65751075744629,0.8913918383539137,0.6303939298511652
322000000003,0.0,0.3,0.3,21.28873443603516,25.865863800048828,0.8534325026098186,0.6217689737473815
322000000003,0.0,0.4,0.3,21.007280349731445,26.846525192260746,0.911915033757134,0.6353232715019383
322000000003,0.0,0.5,0.3,21.0358943939209,22.0363712310791,0.4996939028885424,0.540214004993806
322000000003,0.0,0.6,0.3,20.443225860595703,21.454967498779297,0.3945897922018793,0.5160958660283135
322000000003,0.0,0.7,0.3,20.23516273498535,23.492565155029297,0.5510383465018626,0.5522356380220566
322000000003,0.0,0.8,0.3,18.56409072875977,23.91530036926269,0.4325405311664024,0.525264523084256
322000000003,0.0,0.9,0.3,19.711820602416992,25.37556266784668,0.6649168362140108,0.578623436695494
322000000003,0.0,1.0,0.3,16.56519317626953,21.049406051635746,0.0,0.4259131069548409
322000000004,0.0,0.0,0.3,20.96034812927246,16.540666580200195,0.7350978396720179,0.4292577982844582
322000000004,0.0,0.1,0.3,20.9678897857666,16.648832321166992,0.7464613821391399,0.43156982619989204
322000000004,0.0,0.2,0.3,20.974044799804688,16.89780044555664,0.7718081356805252,0.43665425822497544
322000000004,0.0,0.3,0.3,20.816349029541016,16.582740783691406,0.7289079748520892,0.4270460068507518
322000000004,0.0,0.4,0.3,20.785085678100582,16.056528091430664,0.6740175759715404,0.41591316851912696
322000000004,0.0,0.5,0.3,20.05069351196289,16.428808212280273,0.6582231427497369,0.4077711371740816
322000000004,0.0,0.6,0.3,19.71605110168457,15.329262733459473,0.5240797516174031,0.37880611620750143
322000000004,0.0,0.7,0.3,19.467622756958008,17.57062530517578,0.73032632153697,0.41814583158986995
322000000004,0.0,0.8,0.3,19.16835594177246,16.618486404418945,0.6134813171532099,0.3928630247878515
322000000004,0.0,0.9,0.3,15.713934898376465,19.17921638488769,0.6201661025469745,0.3706746581529846
322000000004,0.0,1.0,0.3,14.04982089996338,14.180317878723145,0.0,0.2359681699001518
322000000005,0.0,0.0,0.3,19.62357521057129,22.594371795654297,0.5,0.5214132549919615
322000000005,0.0,0.1,0.3,19.603715896606445,22.70116233825684,0.5116699284463782,0.5231177358994327
322000000005,0.0,0.2,0.3,19.50355529785156,23.16457939147949,0.5608088173802129,0.530218287647322
322000000005,0.0,0.3,0.3,19.416513442993164,22.692188262939453,0.490389217598777,0.5189753782818329
322000000005,0.0,0.4,0.3,18.937519073486328,22.74286842346192,0.4454577701711715,0.5098417117014354
322000000005,0.0,0.5,0.3,18.641197204589844,22.96946907043457,0.4429007027865774,0.5080764795228774
322000000005,0.0,0.6,0.3,18.55146598815918,24.338552474975582,0.61023272711539,0.5334193165860456
322000000005,0.0,0.7,0.3,16.93880844116211,24.363842010498047,0.4401721286163366,0.4997764610001584
322000000005,0.0,0.8,0.3,15.743714332580566,23.48597717285156,0.19824410936775,0.4570035372540866
322000000005,0.0,0.9,0.3,16.646034240722656,26.46235466003418,0.6799715865411227,0.5353346986429963
322000000005,0.0,1.0,0.3,14.971580505371094,25.78619384765625,0.4125951644454438,0.4864255317807398
322000000006,0.0,0.0,0.3,23.28999137878418,14.083112716674805,0.5428454096431408,0.4296834061623723
322000000006,0.0,0.1,0.3,23.28949737548828,14.130313873291016,0.5491069938896296,0.43061218125737627
322000000006,0.0,0.2,0.3,23.3083438873291,13.781671524047852,0.5036330740058775,0.4240737529392622
322000000006,0.0,0.3,0.3,23.29769325256348,13.75439453125,0.4994561176344314,0.4233054657160768
322000000006,0.0,0.4,0.3,22.72031784057617,14.363913536071776,0.5511550080958304,0.4232087870238579
322000000006,0.0,0.5,0.3,21.953184127807617,15.091094017028809,0.6088353071620072,0.4214354987745886
322000000006,0.0,0.6,0.3,20.762598037719727,16.423439025878906,0.7254947067763546,0.4227380188548534
322000000006,0.0,0.7,0.3,18.22097969055176,14.428054809570312,0.3299361490136515,0.3292170406511594
322000000006,0.0,0.8,0.3,13.517040252685549,17.508377075195312,0.5,0.29091076517487885
322000000006,0.0,0.9,0.3,14.026081085205078,14.273205757141112,0.0950959817658665,0.23731384288846857
322000000006,0.0,1.0,0.3,14.378095626831056,15.136530876159668,0.2280597562433258,0.2619462529432757
322000000007,0.0,0.0,0.3,16.99335479736328,22.38947486877441,0.4963961397010326,0.4616443524947783
322000000007,0.0,0.1,0.3,17.014198303222656,22.73296356201172,0.5381156997646015,0.468920618795863
322000000007,0.0,0.2,0.3,16.986705780029297,23.552209854125977,0.6242710208765825,0.484640318760145
322000000007,0.0,0.3,0.3,16.68355941772461,23.613988876342773,0.5787121460450693,0.47945087326041363
322000000007,0.0,0.4,0.3,16.447847366333008,24.49306869506836,0.6355056399170393,0.49195237652608903
322000000007,0.0,0.5,0.3,16.083309173583984,22.74067687988281,0.3780200783129915,0.4493636467614063
322000000007,0.0,0.6,0.3,16.22417640686035,23.66525077819824,0.5049727718730239,0.4707440293894368
322000000007,0.0,0.7,0.3,15.57083797454834,26.01876640319824,0.6531711175432027,0.503741945626809
322000000007,0.0,0.8,0.3,14.12236785888672,24.065061569213867,0.1859338046955332,0.4341964240582069
322000000007,0.0,0.9,0.3,14.590010643005373,26.89534378051757,0.5808558442689125,0.5004167354402129
322000000007,0.0,1.0,0.3,14.296737670898438,24.636863708496094,0.2795333152196289,0.4492665336234769
322000000008,0.0,0.0,0.3,18.704355239868164,23.21092414855957,0.5449617261568476,0.5142183830579636
322000000008,0.0,0.1,0.3,18.69626808166504,23.476036071777344,0.5907828396138208,0.5193224925825811
322000000008,0.0,0.2,0.3,18.65645980834961,24.61772346496582,0.7869464981368763,0.541197534783642
322000000008,0.0,0.3,0.3,18.400171279907227,23.707719802856445,0.5634051515310761,0.5176631719807014
322000000008,0.0,0.4,0.3,18.08698844909668,24.91448783874512,0.7075108224737867,0.5350448482764121
322000000008,0.0,0.5,0.3,17.793434143066406,23.19821548461914,0.3301864146302432,0.4946778420462635
322000000008,0.0,0.6,0.3,18.035249710083008,25.12812232971192,0.7338859387688288,0.5382003614165916
322000000008,0.0,0.7,0.3,17.662757873535156,25.424480438232425,0.7003260899526618,0.5362103949229333
322000000008,0.0,0.8,0.3,16.560894012451172,25.739580154418945,0.5,0.5191497854227729
322000000008,0.0,0.9,0.3,16.76382064819336,22.961071014404297,0.0473362039738705,0.4681581832576128
322000000008,0.0,1.0,0.3,16.870527267456055,25.05870246887207,0.4497016746039677,0.5121574115209202
322000000009,0.0,0.0,0.3,20.34360313415528,25.397375106811523,0.4981007938874258,0.5924347068573534
322000000009,0.0,0.1,0.3,20.36390495300293,25.633180618286133,0.5452967647052358,0.5975567633974586
322000000009,0.0,0.2,0.3,20.33831787109375,26.19915008544922,0.6516223264913333,0.6082769648341317
322000000009,0.0,0.3,0.3,20.21496963500977,26.57032966613769,0.7113845526098617,0.6130511534658285
322000000009,0.0,0.4,0.3,19.770771026611328,25.814979553222656,0.5247323732903952,0.5886154039193014
322000000009,0.0,0.5,0.3,18.69670295715332,26.92751884460449,0.6379666850428205,0.5880112355956699
322000000009,0.0,0.6,0.3,18.766338348388672,26.711650848388672,0.6030140836274667,0.5851902189706262
322000000009,0.0,0.7,0.3,18.35311889648437,26.161380767822266,0.4586545523179208,0.5654912129545363
322000000009,0.0,0.8,0.3,15.37186050415039,26.51492691040039,0.2476760981687051,0.5094017167195457
322000000009,0.0,0.9,0.3,15.542512893676758,28.00027084350586,0.5489656695834574,0.5425712800104929
322000000009,0.0,1.0,0.3,15.019087791442873,27.01647186279297,0.3110183656525731,0.5119122015244353
323000000000,0.0,0.0,0.3,21.326866149902344,23.32558250427246,0.5335223453577168,0.5720284285419891
323000000000,0.0,0.1,0.3,21.29910659790039,23.51832771301269,0.626934953774264,0.5752760054575664
323000000000,0.0,0.2,0.3,21.239233016967773,23.33056831359864,0.5254580564381837,0.5702721129402418
323000000000,0.0,0.3,0.3,20.72810173034668,23.61356544494629,0.6058907848322947,0.5650807589015224
323000000000,0.0,0.4,0.3,20.851093292236328,23.518245697021484,0.5728702356849988,0.5657882313977598
323000000000,0.0,0.5,0.3,19.782772064208984,23.71128463745117,0.5409544939096502,0.5470090131468329
323000000000,0.0,0.6,0.3,18.58360290527344,24.254802703857425,0.6692044540307216,0.5324332772958711
323000000000,0.0,0.7,0.3,17.378450393676758,23.25880622863769,0.0238815128837443,0.4870967295727022
323000000000,0.0,0.8,0.3,17.412569046020508,23.694711685180664,0.2468245148296903,0.4964930415652397
323000000000,0.0,0.9,0.3,17.489322662353516,23.50065040588379,0.158659160108723,0.49425666703425847
323000000000,0.0,1.0,0.3,17.180402755737305,23.429737091064453,0.0858089695493405,0.48630458733534865
323000000001,0.0,0.0,0.3,20.80695533752441,29.71609306335449,0.6726009006232361,0.6881818974827292
323000000001,0.0,0.1,0.3,20.798656463623047,29.541105270385746,0.6322897358902431,0.6845241738284112
323000000001,0.0,0.2,0.3,20.81570625305176,29.336162567138672,0.5874558402960803,0.6808071180223438
323000000001,0.0,0.3,0.3,20.765825271606445,29.779088973999023,0.6831941265988124,0.688564545754484
323000000001,0.0,0.4,0.3,20.690242767333984,29.764148712158203,0.6731015367364863,0.6866668875870172
323000000001,0.0,0.5,0.3,20.325035095214844,31.16034507751465,0.956414898222138,0.7067163514084955
323000000001,0.0,0.6,0.3,19.94970893859864,29.72349739074707,0.5981283396078821,0.6701780730938995
323000000001,0.0,0.7,0.3,17.790828704833984,30.107563018798828,0.4932179183127041,0.6321087375051401
323000000001,0.0,0.8,0.3,17.64357566833496,29.249441146850582,0.2860710488872008,0.611915442781731
323000000001,0.0,0.9,0.3,16.91607093811035,29.11534309387207,0.1911219451831275,0.5938430484135415
323000000001,0.0,1.0,0.3,15.186820030212402,28.949451446533203,0.0,0.5539272387342714
323000000002,0.0,0.0,0.3,18.59379196166992,23.602394104003903,0.5084092487521132,0.5196670269995907
323000000002,0.0,0.1,0.3,18.591306686401367,23.60479736328125,0.5105581544172373,0.5196622256871384
323000000002,0.0,0.2,0.3,18.55982780456543,23.59449577331543,0.4943994338732511,0.5187907114844136
323000000002,0.0,0.3,0.3,18.535120010375977,23.697423934936523,0.5999114676414505,0.5203156758462566
323000000002,0.0,0.4,0.3,18.55308532714844,23.90800666809082,0.8270785481062206,0.5248863628163366
323000000002,0.0,0.5,0.3,18.239591598510746,24.064117431640625,0.9415936467998124,0.521354890059471
323000000002,0.0,0.6,0.3,18.558712005615234,23.731931686401367,0.6405416508618804,0.5215018624689942
323000000002,0.0,0.7,0.3,18.454090118408203,23.67279624938965,0.5603291600759339,0.5181099100301376
323000000002,0.0,0.8,0.3,18.27685165405273,23.681415557861328,0.5402800454591794,0.5145286108749663
323000000002,0.0,0.9,0.3,15.56158447265625,23.72298622131348,0.1368020892139898,0.45786329550256843
323000000002,0.0,1.0,0.3,17.578399658203125,24.013011932373047,0.7781541451324159,0.5063380213973626
323000000003,0.0,0.0,0.3,23.009811401367188,14.718050956726074,0.5,0.4363852889510157
323000000003,0.0,0.1,0.3,22.96884727478028,15.282598495483398,0.526918908143196,0.44675160566332367
323000000003,0.0,0.2,0.3,22.6186752319336,15.192731857299805,0.5089121497585576,0.4375489178418538
323000000003,0.0,0.3,0.3,22.232505798339844,16.24981117248535,0.5474111329700825,0.4504066008413763
323000000003,0.0,0.4,0.3,21.99341011047364,15.536178588867188,0.5021936641352928,0.4311437773008073
323000000003,0.0,0.5,0.3,20.45478057861328,19.24836158752441,0.6303710929938369,0.47243224441759923
323000000003,0.0,0.6,0.3,17.701627731323242,24.37613868713379,0.7832768829702075,0.5161729267094115
323000000003,0.0,0.7,0.3,16.577842712402344,24.62421226501465,0.7525668716915984,0.4973144395029232
323000000003,0.0,0.8,0.3,14.242773056030272,24.5984115600586,0.6614361954600712,0.44735875555014865
323000000003,0.0,0.9,0.3,10.377514839172363,24.129959106445312,0.4890980410273142,0.35619504000754676
323000000003,0.0,1.0,0.3,10.012423515319824,20.17521476745605,0.2754429107753333,0.26977095579536076
323000000004,0.0,0.0,0.3,18.15566635131836,16.25745391845703,0.6441933419000654,0.3642365162453315
323000000004,0.0,0.1,0.3,18.155323028564453,17.24496078491211,0.7016915668791943,0.3838792108612032
323000000004,0.0,0.2,0.3,18.16189765930176,16.27656364440918,0.6457272407704747,0.36474871270288867
323000000004,0.0,0.3,0.3,18.000885009765625,16.479631423950195,0.6466832513643992,0.36538022008656124
323000000004,0.0,0.4,0.3,17.822824478149414,13.774770736694336,0.4771038093644711,0.30778717171252395
323000000004,0.0,0.5,0.3,15.341307640075684,20.22561264038086,0.6852932572873268,0.383606502903007
323000000004,0.0,0.6,0.3,14.152471542358398,21.194307327270508,0.6614417540134124,0.3777099594233425
323000000004,0.0,0.7,0.3,14.103031158447266,22.35859107971192,0.7259217586837947,0.399830688282925
323000000004,0.0,0.8,0.3,14.339561462402344,20.427249908447266,0.6293947307778994,0.36640802547881185
323000000004,0.0,0.9,0.3,14.473306655883787,18.00958251953125,0.4975989799292541,0.32113182063753476
323000000004,0.0,1.0,0.3,10.75732135772705,19.325334548950195,0.3233154697122072,0.26863187825694146
323000000005,0.0,0.0,0.3,17.905479431152344,28.881221771240234,0.987116399210011,0.6101339043379106
323000000005,0.0,0.1,0.3,17.909006118774414,28.4428653717041,0.9191228234497886,0.6014859168358699
323000000005,0.0,0.2,0.3,17.902414321899414,28.61993408203125,0.9444692834375336,0.60486975573187
323000000005,0.0,0.3,0.3,17.891496658325195,28.173398971557617,0.8692575286742776,0.5957531819276803
323000000005,0.0,0.4,0.3,17.89813804626465,27.659135818481445,0.7905167528197905,0.5856607094069829
323000000005,0.0,0.5,0.3,17.878721237182617,28.95342445373535,0.9875823321565824,0.6110040611822154
323000000005,0.0,0.6,0.3,17.196144104003906,26.98886108398437,0.3965015733164991,0.5574593316852228
323000000005,0.0,0.7,0.3,17.450420379638672,26.984384536743164,0.5000529950969697,0.5627542486731305
323000000005,0.0,0.8,0.3,16.689579010009766,25.797039031982425,0.0,0.523017884118512
323000000005,0.0,0.9,0.3,17.257322311401367,28.94961929321289,0.7321882237435163,0.5977709702682635
323000000005,0.0,1.0,0.3,17.328685760498047,28.520458221435547,0.693466283951769,0.5907423182484495
323000000006,0.0,0.0,0.3,20.33157157897949,23.028697967529297,0.5808199011879431,0.5450466903628975
323000000006,0.0,0.1,0.3,20.32494735717773,23.03589630126953,0.5822046792130706,0.5450496669176119
323000000006,0.0,0.2,0.3,20.287899017333984,23.303098678588867,0.6463434903639396,0.5495821553334903
323000000006,0.0,0.3,0.3,19.926315307617188,22.703458786010746,0.4752863826829859,0.5299940858185931
323000000006,0.0,0.4,0.3,19.73817253112793,23.658531188964844,0.7011424452624284,0.5450149541301109
323000000006,0.0,0.5,0.3,18.74043655395508,24.47698211669922,0.8436777555735618,0.5401750911298215
323000000006,0.0,0.6,0.3,18.395038604736328,22.845441818237305,0.4171869060985071,0.5003964040518324
323000000006,0.0,0.7,0.3,16.71612548828125,24.7155818939209,0.7795203740698416,0.5020605346935106
323000000006,0.0,0.8,0.3,14.041571617126465,23.22833633422852,0.2468476720382421,0.4158360341599563
323000000006,0.0,0.9,0.3,12.515424728393556,24.64436912536621,0.505654417118098,0.4116987248623273
323000000006,0.0,1.0,0.3,12.132523536682127,24.540245056152344,0.4564298931115938,0.4015193344014153
323000000007,0.0,0.0,0.3,21.2531795501709,21.4566707611084,0.757249959479885,0.5332795521818571
323000000007,0.0,0.1,0.3,21.24478912353516,21.59868621826172,0.7799225223050215,0.5359277980181391
323000000007,0.0,0.2,0.3,21.130598068237305,21.109189987182617,0.6895783818542789,0.5237696701386404
323000000007,0.0,0.3,0.3,20.72138214111328,21.45430374145508,0.7115372077800937,0.5219722823799073
323000000007,0.0,0.4,0.3,20.170284271240234,21.736785888671875,0.7110895987124641,0.5159244366432151
323000000007,0.0,0.5,0.3,19.929367065429688,21.997970581054688,0.7335700871166704,0.5160205041463406
323000000007,0.0,0.6,0.3,18.113374710083008,22.080808639526367,0.5924424909818395,0.4792174116392398
323000000007,0.0,0.7,0.3,17.493083953857422,21.536380767822266,0.4499191690868684,0.45525017173746823
323000000007,0.0,0.8,0.3,15.386422157287598,19.89458656311035,0.0,0.37797480639018777
323000000007,0.0,0.9,0.3,16.896360397338867,22.466703414916992,0.552271901729827,0.46112734973054925
323000000007,0.0,1.0,0.3,16.115629196166992,22.930707931518555,0.5621473660870964,0.45382932847908225
323000000008,0.0,0.0,0.3,18.648223876953125,23.69500160217285,0.9890450067272916,0.5226623130409268
323000000008,0.0,0.1,0.3,18.64012336730957,23.544193267822266,0.918640582193614,0.5194899259049144
323000000008,0.0,0.2,0.3,18.63622093200684,23.6871280670166,0.984380208014883,0.5222514931335617
323000000008,0.0,0.3,0.3,18.616844177246094,23.49964714050293,0.8960604216975538,0.5181106133365221
323000000008,0.0,0.4,0.3,18.40958404541016,23.599512100219727,0.9245216217267894,0.5157092985505649
323000000008,0.0,0.5,0.3,18.09916305541992,23.29339027404785,0.7565005872785626,0.5030451246797853
323000000008,0.0,0.6,0.3,18.27807807922364,23.38863945007324,0.815811721272045,0.5087287561724685
323000000008,0.0,0.7,0.3,17.890344619750977,23.307191848754883,0.7450450928475072,0.49889827730667524
323000000008,0.0,0.8,0.3,16.371366500854492,23.50563621520996,0.7070403368347558,0.4706845024547922
323000000008,0.0,0.9,0.3,12.794179916381836,22.637056350708008,0.0,0.3776583976479994
323000000008,0.0,1.0,0.3,14.63035488128662,23.718700408935547,0.6568296187449192,0.43806034919481673
323000000009,0.0,0.0,0.3,19.08177375793457,28.40948486328125,0.7270656085062199,0.6256536348203341
323000000009,0.0,0.1,0.3,19.08634185791016,29.22726249694824,0.8124713993715484,0.6420229556718302
323000000009,0.0,0.2,0.3,19.040502548217773,27.82444953918457,0.6620532754258128,0.613138406510481
323000000009,0.0,0.3,0.3,18.95877456665039,28.92449760437012,0.7678898155753435,0.6332972867442543
323000000009,0.0,0.4,0.3,18.16550064086914,30.92532730102539,0.8940122938558561,0.656314295574701
323000000009,0.0,0.5,0.3,17.839494705200195,28.922054290771484,0.6523799145606157,0.6095492655689118
323000000009,0.0,0.6,0.3,16.825340270996094,29.32982063293457,0.5903000268074603,0.5961897298894421
323000000009,0.0,0.7,0.3,16.093721389770508,31.0328311920166,0.6918394747623777,0.6145860382112355
323000000009,0.0,0.8,0.3,14.276342391967772,26.21871566772461,0.0046976462274469,0.48031126336799784
323000000009,0.0,0.9,0.3,14.493955612182615,27.30974006652832,0.1404211805977483,0.5066287749941292
323000000009,0.0,1.0,0.3,14.230722427368164,27.58098220825196,0.1414866898865804,0.5064524572775575
324000000000,0.0,0.0,0.3,22.11438369750977,17.821365356445312,0.5740057851621142,0.47917717196318554
324000000000,0.0,0.1,0.3,22.08405303955078,17.646595001220703,0.5623399140149221,0.47505727851934154
324000000000,0.0,0.2,0.3,21.881410598754883,17.75042152404785,0.5576613769792592,0.4728325671775291
324000000000,0.0,0.3,0.3,21.105669021606445,16.536977767944336,0.4469317611789269,0.43226139107268624
324000000000,0.0,0.4,0.3,20.794118881225582,18.577272415161133,0.5481019629748267,0.46626361642664704
324000000000,0.0,0.5,0.3,18.71426582336425,23.83409309387207,0.7415768274966263,0.5268283920130968
324000000000,0.0,0.6,0.3,17.921274185180664,24.22335433959961,0.7222867690489541,0.517783487360259
324000000000,0.0,0.7,0.3,16.272844314575195,24.38273811340332,0.6447468813710994,0.4860514780827364
324000000000,0.0,0.8,0.3,14.09145736694336,22.10018539428711,0.398465061488325,0.39444372630353847
324000000000,0.0,0.9,0.3,12.989327430725098,25.2145938873291,0.519932963414256,0.43307969501920873
324000000000,0.0,1.0,0.3,12.610444068908691,24.280723571777344,0.4461908488054915,0.4064746222785625
324000000001,0.0,0.0,0.3,21.593595504760746,25.829065322875977,1.0,0.6274918029499448
324000000001,0.0,0.1,0.3,21.587703704833984,25.111352920532227,0.8735113355366789,0.6130856082980871
324000000001,0.0,0.2,0.3,21.57832717895508,25.14762306213379,0.8786151889637427,0.6136087952256886
324000000001,0.0,0.3,0.3,21.449682235717773,24.47474479675293,0.7436316714503859,0.5974955853741287
324000000001,0.0,0.4,0.3,21.24495506286621,24.76978874206543,0.7680432308834164,0.5990316835861682
324000000001,0.0,0.5,0.3,21.148197174072266,24.080934524536133,0.6345080782811852,0.5832757452673808
324000000001,0.0,0.6,0.3,20.84029769897461,24.508224487304688,0.6683422051430061,0.5852587994998675
324000000001,0.0,0.7,0.3,20.63231086730957,22.974294662475582,0.3719832924721631,0.5503319351170846
324000000001,0.0,0.8,0.3,20.180265426635746,24.65511131286621,0.6061705917725675,0.5742062474507095
324000000001,0.0,0.9,0.3,18.84399032592773,24.48797607421875,0.3989424842069389,0.542586481424938
324000000001,0.0,1.0,0.3,17.839067459106445,25.574237823486328,0.4553681311559528,0.5429234942399294
324000000002,0.0,0.0,0.3,21.326738357543945,21.58904266357422,0.9180236370237508,0.5374710814842515
324000000002,0.0,0.1,0.3,21.28790283203125,21.93529510498047,0.996794468620318,0.5435387107940093
324000000002,0.0,0.2,0.3,20.960437774658203,21.78649139404297,0.9345353553911486,0.533644053192216
324000000002,0.0,0.3,0.3,20.48874282836914,21.695804595947266,0.8741306955147203,0.5218519442790469
324000000002,0.0,0.4,0.3,20.145023345947266,21.87864112854004,0.8890468011415664,0.5182122818998733
324000000002,0.0,0.5,0.3,19.52963638305664,21.54780006408692,0.7599243441826113,0.4985989436905415
324000000002,0.0,0.6,0.3,19.17954635620117,19.82339096069336,0.3227681678658741,0.45687295208741974
324000000002,0.0,0.7,0.3,17.91168975830078,21.74966621398925,0.6741695181765847,0.46835771850820473
324000000002,0.0,0.8,0.3,17.14592742919922,21.64707565307617,0.5866739262696584,0.4501022192729246
324000000002,0.0,0.9,0.3,15.915519714355469,21.74492073059082,0.5082797133458223,0.42599679417917
324000000002,0.0,1.0,0.3,15.269158363342283,21.591453552246094,0.4185944225583113,0.4092570954264496
324000000003,0.0,0.0,0.3,20.454252243041992,25.23949813842773,0.6802313838321803,0.5916360442107051
324000000003,0.0,0.1,0.3,20.42667579650879,25.025909423828125,0.65144450423407,0.5868020384453314
324000000003,0.0,0.2,0.3,20.294586181640625,25.61121940612793,0.7049300924092785,0.5956520254318314
324000000003,0.0,0.3,0.3,20.20503807067871,26.544862747192383,0.8050655991822827,0.612334109554998
324000000003,0.0,0.4,0.3,19.815174102783203,26.324153900146484,0.7311165650659834,0.5996874215665471
324000000003,0.0,0.5,0.3,18.5340576171875,27.92698097229004,0.7651220053921839,0.6044552729860274
324000000003,0.0,0.6,0.3,17.497142791748047,27.9149112701416,0.6368505917958438,0.5822596809647147
324000000003,0.0,0.7,0.3,16.366609573364258,25.913583755493164,0.2604370775139015,0.5184984674604454
324000000003,0.0,0.8,0.3,16.804014205932617,23.724750518798828,0.0535032863578121,0.48420535542202614
324000000003,0.0,0.9,0.3,16.93349266052246,26.38263702392578,0.3855881904559179,0.5398350182837961
324000000003,0.0,1.0,0.3,16.38522720336914,26.771169662475582,0.3647537552506548,0.535957397477954
324000000004,0.0,0.0,0.3,22.36729049682617,18.101049423217773,0.5779581307033498,0.4900974788030478
324000000004,0.0,0.1,0.3,22.334455490112305,18.130277633666992,0.580513294792309,0.48998383637214515
324000000004,0.0,0.2,0.3,22.192466735839844,18.11654663085937,0.5689249432269388,0.4867041683682377
324000000004,0.0,0.3,0.3,21.906248092651367,17.61850357055664,0.4695751976670028,0.4707334939545893
324000000004,0.0,0.4,0.3,21.59635734558105,17.965087890625,0.5051178371174369,0.47106845937484365
324000000004,0.0,0.5,0.3,21.12324905395508,17.793325424194336,0.4461475505281069,0.4576331355726887
324000000004,0.0,0.6,0.3,19.08491325378418,19.74448013305664,0.6268556159534848,0.45329899834831844
324000000004,0.0,0.7,0.3,18.46780204772949,19.74131202697754,0.5856197992732354,0.4401693712001812
324000000004,0.0,0.8,0.3,18.944971084594727,20.693754196166992,0.7709814737583114,0.4692250778458592
324000000004,0.0,0.9,0.3,17.057462692260742,20.59624481201172,0.63066906434228,0.42731906510182105
324000000004,0.0,1.0,0.3,14.79053783416748,20.71340751647949,0.5,0.3816510310612876
324000000005,0.0,0.0,0.3,22.69832801818848,29.20139503479004,0.8157094386546182,0.7179876862966598
324000000005,0.0,0.1,0.3,22.68099594116211,29.02771759033203,0.6691479958364933,0.7141647694954898
324000000005,0.0,0.2,0.3,22.653953552246094,28.818279266357425,0.4919654886224124,0.7094246585512964
324000000005,0.0,0.3,0.3,22.685291290283203,29.24285316467285,0.8494546489205499,0.7185366063486152
324000000005,0.0,0.4,0.3,22.71700096130371,28.91182327270508,0.5747831263193744,0.7126210024585158
324000000005,0.0,0.5,0.3,22.765220642089844,29.283710479736328,0.8894101876675596,0.7210420157998896
324000000005,0.0,0.6,0.3,22.65747833251953,29.0925407409668,0.7216850939281583,0.714956699777181
324000000005,0.0,0.7,0.3,22.66021728515625,29.041927337646484,0.6795363887722029,0.7140075599863449
324000000005,0.0,0.8,0.3,22.56311798095703,29.10750770568848,0.7273937465552097,0.713256554038494
324000000005,0.0,0.9,0.3,22.001110076904297,29.415889739990234,0.9448241610494228,0.7074930719127174
324000000005,0.0,1.0,0.3,15.840898513793944,29.02799224853516,0.1754595940252787,0.5693394115209633
324000000006,0.0,0.0,0.3,19.544771194458008,25.45646476745605,0.5475152217444758,0.5766962019501618
324000000006,0.0,0.1,0.3,19.52996635437012,25.6933650970459,0.6252376529698713,0.5810967025809628
324000000006,0.0,0.2,0.3,19.40308380126953,25.629467010498047,0.5938060055146035,0.5771386374927485
324000000006,0.0,0.3,0.3,19.11562156677246,25.440204620361328,0.5077743738072974,0.5672859220448085
324000000006,0.0,0.4,0.3,18.919321060180664,25.313810348510746,0.4499742484451431,0.5606144313570867
324000000006,0.0,0.5,0.3,19.08231544494629,25.811676025390625,0.6288398340106167,0.5739724508629844
324000000006,0.0,0.6,0.3,17.989925384521484,26.306718826293945,0.706355014577295,0.5606930458431945
324000000006,0.0,0.7,0.3,17.479156494140625,25.866641998291016,0.5189214374335774,0.5411212349618031
324000000006,0.0,0.8,0.3,16.375078201293945,25.61517143249512,0.3468536656618577,0.512739805113962
324000000006,0.0,0.9,0.3,14.327631950378418,26.62501335144043,0.519448902303377,0.48948199658506275
324000000006,0.0,1.0,0.3,13.293489456176758,26.81495475769043,0.5,0.4713648353824267
324000000007,0.0,0.0,0.3,16.64386558532715,25.01373291015625,0.573116182989781,0.5064632940077258
324000000007,0.0,0.1,0.3,16.649688720703125,24.994930267333984,0.5709026445291813,0.5062124463791358
324000000007,0.0,0.2,0.3,16.648962020874023,25.05080795288086,0.5812484477426774,0.5073089448318631
324000000007,0.0,0.3,0.3,16.581863403320312,25.058835983276367,0.5675098102179185,0.5060479586736522
324000000007,0.0,0.4,0.3,16.506248474121094,24.770063400268555,0.4960056591398314,0.49870074523306485
324000000007,0.0,0.5,0.3,16.36952018737793,25.028902053833008,0.5136221480904989,0.5009562047961079
324000000007,0.0,0.6,0.3,15.597406387329102,26.12541580200196,0.5444136654933465,0.5064266691618837
324000000007,0.0,0.7,0.3,14.964226722717283,26.604267120361328,0.4905929312600663,0.5025483039199146
324000000007,0.0,0.8,0.3,15.047725677490234,24.86322975158692,0.1820684827958102,0.4696721581641986
324000000007,0.0,0.9,0.3,14.449555397033691,24.61800193786621,0.0,0.4521269428227686
324000000007,0.0,1.0,0.3,14.67002010345459,27.27607154846192,0.5501025787958164,0.5096867734978638
324000000008,0.0,0.0,0.3,17.686939239501953,21.81426239013672,0.6651554029614495,0.4648842678620635
324000000008,0.0,0.1,0.3,17.66991424560547,21.843191146850582,0.6713233941653111,0.46509942470949656
324000000008,0.0,0.2,0.3,17.67634391784668,21.782814025878903,0.6542950126267939,0.46403414754449157
324000000008,0.0,0.3,0.3,17.421947479248047,21.57979202270508,0.5576278409628669,0.4546077640152004
324000000008,0.0,0.4,0.3,16.95113754272461,21.258628845214844,0.3949462997199726,0.4382482461870064
324000000008,0.0,0.5,0.3,16.506750106811523,22.94078254699707,0.8314991172724577,0.4623113129429872
324000000008,0.0,0.6,0.3,16.164426803588867,21.86894989013672,0.4640346937127141,0.4337351035554271
324000000008,0.0,0.7,0.3,15.722722053527832,21.577587127685547,0.3143664458895779,0.41858483831920995
324000000008,0.0,0.8,0.3,14.264078140258787,22.621212005615234,0.4163142985304023,0.4084664422211801
324000000008,0.0,0.9,0.3,14.585481643676758,22.43046760559082,0.4055060309498963,0.4114762354573277
324000000008,0.0,1.0,0.3,14.18491268157959,22.038454055786133,0.231793685007818,0.3951941653050697
324000000009,0.0,0.0,0.3,18.08180427551269,18.109249114990234,0.5580999698282956,0.3995206325214513
324000000009,0.0,0.1,0.3,18.0623836517334,18.17813301086425,0.5627093134714454,0.4004801145027352
324000000009,0.0,0.2,0.3,18.1287841796875,17.438705444335938,0.5,0.3871725223237805
324000000009,0.0,0.3,0.3,17.99565315246582,18.033445358276367,0.5430140465977604,0.39618810071330013
324000000009,0.0,0.4,0.3,17.560272216796875,18.29410171508789,0.5267528136044481,0.39215611987564414
324000000009,0.0,0.5,0.3,16.814056396484375,19.739044189453125,0.5918847231459958,0.405108172477487
324000000009,0.0,0.6,0.3,16.2790470123291,20.77346420288086,0.6384374281840737,0.41436346135760244
324000000009,0.0,0.7,0.3,15.876994132995604,17.60401725769043,0.3056940568284182,0.3427830475871999
324000000009,0.0,0.8,0.3,15.547340393066406,19.180709838867188,0.4218954887339335,0.3671769377695844
324000000009,0.0,0.9,0.3,15.795703887939451,18.34064483642578,0.3667558200904379,0.3557196522195547
324000000009,0.0,1.0,0.3,12.75991916656494,22.805185317993164,0.5,0.38027849178801043
411000000000,0.0,0.0,0.3,18.5921630859375,29.520814895629883,0.4953165277681015,0.6374005853236393
411000000000,0.0,0.1,0.3,18.592647552490234,29.524921417236328,0.49709678533977,0.6374925571834962
411000000000,0.0,0.2,0.3,18.60304832458496,29.73896789550781,0.5867724645731874,0.6419719975704956
411000000000,0.0,0.3,0.3,18.573894500732425,29.62599754333496,0.5344753038408577,0.639106753204207
411000000000,0.0,0.4,0.3,18.590681076049805,29.721399307250977,0.5769950482467993,0.6413605463832655
411000000000,0.0,0.5,0.3,18.614473342895508,30.142194747924805,0.7539913460413987,0.6502375420536597
411000000000,0.0,0.6,0.3,18.525041580200195,29.91209602355957,0.6411637002557555,0.6437652990705925
411000000000,0.0,0.7,0.3,17.802169799804688,30.74404525756836,0.8294774867407726,0.6450139511784743
411000000000,0.0,0.8,0.3,16.232666015625,29.745746612548828,0.0919416832339297,0.5919168943021882
411000000000,0.0,0.9,0.3,17.885639190673828,29.619962692260746,0.3875268008427086,0.6244136912600693
411000000000,0.0,1.0,0.3,17.243873596191406,30.096757888793945,0.4476962272948829,0.6203126154335732
411000000001,0.0,0.0,0.3,18.072242736816406,22.493188858032227,0.6713525779108532,0.48655226393621465
411000000001,0.0,0.1,0.3,18.091440200805664,22.015411376953125,0.6449850788466911,0.47745166351279644
411000000001,0.0,0.2,0.3,18.075973510742188,21.84046745300293,0.6335550292014209,0.4736430429160435
411000000001,0.0,0.3,0.3,17.93731117248535,19.53103256225586,0.4878369219139959,0.424752607535121
411000000001,0.0,0.4,0.3,17.624160766601562,20.613359451293945,0.5262878596428107,0.43965877083447014
411000000001,0.0,0.5,0.3,17.418846130371094,22.608022689819336,0.6264913961752038,0.4750024057176009
411000000001,0.0,0.6,0.3,16.818368911743164,24.564672470092773,0.6932922984749479,0.5012225358830502
411000000001,0.0,0.7,0.3,15.6271390914917,26.18861198425293,0.6940574802097146,0.5083137363435425
411000000001,0.0,0.8,0.3,13.68384838104248,28.098737716674805,0.6521752971568759,0.50517564687469
411000000001,0.0,0.9,0.3,12.035649299621582,27.11698341369629,0.464813928928529,0.45074152045078486
411000000001,0.0,1.0,0.3,11.755501747131348,26.24452209472656,0.3917904159556715,0.4274490101005892
411000000002,0.0,0.0,0.3,21.95688819885254,23.73703384399414,0.5319738129640798,0.5935556754212932
411000000002,0.0,0.1,0.3,21.960264205932617,23.47251892089844,0.5000917226860473,0.5883636923892159
411000000002,0.0,0.2,0.3,21.90764236450196,23.8893985748291,0.5481116112259632,0.5955447928519562
411000000002,0.0,0.3,0.3,21.75045585632324,23.78756332397461,0.5283763596606784,0.5901901831015915
411000000002,0.0,0.4,0.3,21.572221755981445,23.54569625854492,0.4906880292457105,0.5816034845583447
411000000002,0.0,0.5,0.3,21.27942657470703,23.47176170349121,0.4679484157652256,0.5739327081659805
411000000002,0.0,0.6,0.3,19.48712730407715,24.79698944091797,0.5440993766064874,0.5623530530382354
411000000002,0.0,0.7,0.3,17.342809677124023,25.3328800201416,0.5080650858921707,0.5276131609188487
411000000002,0.0,0.8,0.3,15.237271308898926,27.599515914916992,0.6835037264888378,0.5281337113941332
411000000002,0.0,0.9,0.3,11.456950187683104,25.961917877197266,0.3071744226756203,0.4155041236563658
411000000002,0.0,1.0,0.3,11.3392972946167,26.46494483947754,0.3625679949282206,0.4230224772729271
411000000003,0.0,0.0,0.3,18.959941864013672,24.473773956298828,0.841922983162549,0.5447590138785248
411000000003,0.0,0.1,0.3,18.931583404541016,24.657115936279297,0.8747018888596226,0.5478067989436354
411000000003,0.0,0.2,0.3,18.871217727661133,25.262863159179688,0.9876426815091564,0.5585821255631491
411000000003,0.0,0.3,0.3,18.78179168701172,25.15377616882324,0.953334375524483,0.5545179629174222
411000000003,0.0,0.4,0.3,18.54964637756348,23.74985122680664,0.6397555383567199,0.52166648175524
411000000003,0.0,0.5,0.3,18.460729598999023,25.185970306396484,0.915066898118314,0.5483604769224744
411000000003,0.0,0.6,0.3,18.43586540222168,23.952037811279297,0.6644120790013892,0.5232805284311263
411000000003,0.0,0.7,0.3,18.320283889770508,24.141563415527344,0.6862814899320271,0.5246045156353546
411000000003,0.0,0.8,0.3,17.911209106445312,22.868309020996094,0.3742373012593151,0.4906069216511863
411000000003,0.0,0.9,0.3,16.778186798095703,22.7669620513916,0.196129561504736,0.4645998804411662
411000000003,0.0,1.0,0.3,15.369998931884766,23.2800350189209,0.1027831122652114,0.44499261164355075
411000000004,0.0,0.0,0.3,18.3164005279541,23.94981002807617,0.4996521376394652,0.5207066739523518
411000000004,0.0,0.1,0.3,18.318239212036133,24.768199920654297,0.5521925970473437,0.5370303857805474
411000000004,0.0,0.2,0.3,18.27875328063965,26.221508026123047,0.637406553443624,0.5651130564438196
411000000004,0.0,0.3,0.3,17.911104202270508,29.5081729888916,0.777456861674588,0.6227284281496194
411000000004,0.0,0.4,0.3,17.5355224609375,27.10586166381836,0.5531934370821938,0.5669734025600977
411000000004,0.0,0.5,0.3,16.920034408569336,28.38508987426757,0.5183311148264631,0.579395983042743
411000000004,0.0,0.6,0.3,16.457366943359375,31.789905548095703,0.6479398356891626,0.6373504838133931
411000000004,0.0,0.7,0.3,16.377735137939453,28.26480865478516,0.4080621061192245,0.5655200262608224
411000000004,0.0,0.8,0.3,16.378305435180664,28.51473426818848,0.4241089405004747,0.5705052612872517
411000000004,0.0,0.9,0.3,15.675406455993652,27.70472717285156,0.2394688390713659,0.5395042478134846
411000000004,0.0,1.0,0.3,16.487483978271484,27.128562927246094,0.3563618237140419,0.5452341726215115
412000000000,0.0,0.0,0.3,22.543041229248047,22.539600372314453,0.8120866246590086,0.5821395586558541
412000000000,0.0,0.1,0.3,22.55191802978516,22.72568702697754,0.825061767337677,0.586030370569439
412000000000,0.0,0.2,0.3,22.55973243713379,22.90209007263184,0.8373188872395567,0.5897059977177633
412000000000,0.0,0.3,0.3,21.769590377807617,25.35489273071289,0.9436533395429612,0.6217829308776603
412000000000,0.0,0.4,0.3,21.193553924560547,23.99640464782715,0.8124738363839915,0.5825540970465146
412000000000,0.0,0.5,0.3,21.29904556274414,22.974672317504883,0.7522306923041375,0.5644567539191525
412000000000,0.0,0.6,0.3,20.422075271606445,17.81620979309082,0.3475592571515001,0.4432419913567346
412000000000,0.0,0.7,0.3,20.47230529785156,23.449928283691406,0.724795291935866,0.5564084338051827
412000000000,0.0,0.8,0.3,21.225128173828125,21.9516658782959,0.6791090156081873,0.5425352878320335
412000000000,0.0,0.9,0.3,15.548295974731444,21.073938369750977,0.216067488420447,0.4048696914810991
412000000000,0.0,1.0,0.3,16.10220718383789,20.75008773803711,0.2340887815532948,0.4101539330400862
412000000001,0.0,0.0,0.3,18.95078086853028,23.73510932922364,0.7325272651614945,0.5298666788600701
412000000001,0.0,0.1,0.3,18.93793296813965,24.034618377685547,0.7837351802273151,0.5355544386443829
412000000001,0.0,0.2,0.3,18.826190948486328,23.642427444458008,0.6992301661646574,0.5253844013958466
412000000001,0.0,0.3,0.3,18.475399017333984,25.248003005981445,0.935473473359963,0.549905445543367
412000000001,0.0,0.4,0.3,18.101377487182617,25.072509765625,0.8536788033499326,0.5384939275264669
412000000001,0.0,0.5,0.3,17.475669860839844,24.61198616027832,0.6873291439852032,0.5160815659551143
412000000001,0.0,0.6,0.3,15.267165184020996,24.99300765991211,0.4549179802704834,0.47690091879327867
412000000001,0.0,0.7,0.3,17.642446517944336,24.774789810180664,0.7387497201999143,0.5228524188677628
412000000001,0.0,0.8,0.3,17.860576629638672,24.192577362060547,0.6654253548536017,0.5158858722230213
412000000001,0.0,0.9,0.3,18.308183670043945,22.41987609863281,0.4127762973226757,0.49008921067784483
412000000001,0.0,1.0,0.3,17.146575927734375,23.01996421813965,0.3611969306555238,0.4774344551396611
412000000002,0.0,0.0,0.3,18.36338996887207,19.80024528503418,0.6010847978475554,0.4391312581450619
412000000002,0.0,0.1,0.3,18.35238075256348,19.32291412353516,0.575438079627715,0.4293999487707225
412000000002,0.0,0.2,0.3,18.221729278564453,17.844226837158203,0.4874054638218468,0.3972098143604702
412000000002,0.0,0.3,0.3,17.71010398864746,20.60239219665528,0.5844575556253145,0.4412602824638786
412000000002,0.0,0.4,0.3,17.123321533203125,20.3327693939209,0.5183550657375736,0.42347076546054846
412000000002,0.0,0.5,0.3,16.883344650268555,21.97321891784668,0.581796151371889,0.45103212637672013
412000000002,0.0,0.6,0.3,15.33745288848877,25.166120529174805,0.6093620496365058,0.4818338729808139
412000000002,0.0,0.7,0.3,15.078054428100586,24.30687713623047,0.5418951604966475,0.4592437173474686
412000000002,0.0,0.8,0.3,14.90439224243164,24.818811416625977,0.5529116664055327,0.46575338446212977
412000000002,0.0,0.9,0.3,13.309728622436523,27.519363403320312,0.5506973704448016,0.48572539745819265
412000000002,0.0,1.0,0.3,12.739495277404783,24.715133666992188,0.3550806121881701,0.41785126125331923
412000000003,0.0,0.0,0.3,22.35963630676269,29.1829833984375,0.7462522309823076,0.7104499322634629
412000000003,0.0,0.1,0.3,22.279815673828125,28.769058227539062,0.6547080744200097,0.7005233119056364
412000000003,0.0,0.2,0.3,22.055137634277344,28.702651977539062,0.6284815041814065,0.6944446363591644
412000000003,0.0,0.3,0.3,21.69997978210449,28.787946701049805,0.6271050556239934,0.6886218387953214
412000000003,0.0,0.4,0.3,21.118539810180664,30.008548736572266,0.8525649627954854,0.7005987699407772
412000000003,0.0,0.5,0.3,19.84492874145508,29.816192626953125,0.7426736584672728,0.6698039803059196
412000000003,0.0,0.6,0.3,17.784143447875977,30.38753318786621,0.7507858339719842,0.6375381882878011
412000000003,0.0,0.7,0.3,16.760602951049805,29.56647300720215,0.5220737712333928,0.5995280364554046
412000000003,0.0,0.8,0.3,15.8682222366333,29.164600372314453,0.3888107235899655,0.5726362633057923
412000000003,0.0,0.9,0.3,15.270679473876951,28.859359741210938,0.29196294813264,0.5539101662829784
412000000003,0.0,1.0,0.3,13.179795265197754,28.014015197753903,0.0,0.49281707326418445
412000000004,0.0,0.0,0.3,19.73285865783692,24.56586456298828,0.5124711727906203,0.5629570663227995
412000000004,0.0,0.1,0.3,19.72652816772461,24.58788299560547,0.5128605695367734,0.5632611609103418
412000000004,0.0,0.2,0.3,19.689104080200195,25.562557220458984,0.5642867240781286,0.58186336391914
412000000004,0.0,0.3,0.3,19.579877853393555,25.25146102905273,0.5308104751911601,0.5733602640924749
412000000004,0.0,0.4,0.3,19.45076560974121,26.4770565032959,0.5839219000544064,0.59501405223622
412000000004,0.0,0.5,0.3,19.38577461242676,25.34735870361328,0.5090571581639778,0.5711585873621368
412000000004,0.0,0.6,0.3,18.99524307250977,25.84042930603028,0.4827480134168254,0.5727009471295152
412000000004,0.0,0.7,0.3,16.899839401245117,32.947113037109375,0.6010838527533018,0.6697460670795715
412000000004,0.0,0.8,0.3,18.363588333129883,25.703054428100582,0.3858140391144375,0.5565928567582307
412000000004,0.0,0.9,0.3,18.361448287963867,24.351469039916992,0.3068923323514305,0.5296529417193571
412000000004,0.0,1.0,0.3,16.181962966918945,29.835599899291992,0.3190063979596116,0.5926312692894655
413000000000,0.0,0.0,0.3,17.27054214477539,25.1977653503418,0.5319216170284362,0.5233943956908196
413000000000,0.0,0.1,0.3,17.265832901000977,25.085464477539062,0.5090797398606213,0.5210600575361782
413000000000,0.0,0.2,0.3,17.26980209350586,25.034183502197266,0.4998542745445046,0.5201236828710358
413000000000,0.0,0.3,0.3,17.23311996459961,25.66047096252441,0.6148458113826926,0.5318092012240889
413000000000,0.0,0.4,0.3,17.042268753051758,26.28346061706543,0.698835966878436,0.5401647533836289
413000000000,0.0,0.5,0.3,16.704362869262695,27.0350399017334,0.7789623784095604,0.5479653484002004
413000000000,0.0,0.6,0.3,16.948894500732422,26.74083137512207,0.7697014387625765,0.5472886852786507
413000000000,0.0,0.7,0.3,16.767627716064453,27.56884765625,0.8955881048853849,0.5599269106439337
413000000000,0.0,0.8,0.3,16.04023551940918,27.57826232910156,0.7541925749041656,0.5447125955412311
413000000000,0.0,0.9,0.3,15.191466331481934,27.59642601013184,0.5906036752110111,0.5271023615211412
413000000000,0.0,1.0,0.3,14.731345176696776,25.9735050201416,0.1833006663177881,0.4850660605854406
413000000001,0.0,0.0,0.3,21.34518241882324,26.53523063659668,0.5854504603123858,0.636283627556351
413000000001,0.0,0.1,0.3,21.3467025756836,27.3140811920166,0.669334211121599,0.6518138191043915
413000000001,0.0,0.2,0.3,21.362075805664062,27.25597381591797,0.6640247533427642,0.6509830756541171
413000000001,0.0,0.3,0.3,21.16314697265625,27.307844161987305,0.6574172943337555,0.6478031424131694
413000000001,0.0,0.4,0.3,20.631675720214844,28.26301956176757,0.7276156502307312,0.6555564933166833
413000000001,0.0,0.5,0.3,20.29137420654297,27.93055725097656,0.6709992638444913,0.641735497653356
413000000001,0.0,0.6,0.3,20.575424194335938,26.544403076171875,0.53927638832478,0.6201674427562073
413000000001,0.0,0.7,0.3,20.840057373046875,25.73133087158203,0.4680174370455183,0.6095917659545993
413000000001,0.0,0.8,0.3,16.917470932006836,27.20624542236328,0.3863667385986074,0.5558843981392588
413000000001,0.0,0.9,0.3,14.95473575592041,30.378931045532227,0.6074407651003874,0.5774577185434498
413000000001,0.0,1.0,0.3,13.201090812683104,27.66384696960449,0.2079047277834066,0.486300137533589
413000000002,0.0,0.0,0.3,21.853487014770508,30.31732177734375,0.6218466816182149,0.7223045303623693
413000000002,0.0,0.1,0.3,21.81187629699707,29.817550659179688,0.5662891289009095,0.7114787482467011
413000000002,0.0,0.2,0.3,21.894718170166016,30.25548553466797,0.6191496665087464,0.7219470982605123
413000000002,0.0,0.3,0.3,21.333892822265625,30.062950134277344,0.5486805857057879,0.7062411199970743
413000000002,0.0,0.4,0.3,20.72718811035156,29.44607162475586,0.4300889331932582,0.6811198848957625
413000000002,0.0,0.5,0.3,20.142467498779297,29.10614013671875,0.3421876095103419,0.6619749834003101
413000000002,0.0,0.6,0.3,18.40315628051757,31.8304386138916,0.4679615620384674,0.6793567787009324
413000000002,0.0,0.7,0.3,17.950397491455078,31.44799423217773,0.3875378718750082,0.6621600644916887
413000000002,0.0,0.8,0.3,17.544841766357422,33.929256439208984,0.6082384759046328,0.7029464540227435
413000000002,0.0,0.9,0.3,16.343029022216797,31.955028533935547,0.2953368961625371,0.6382152256130769
413000000002,0.0,1.0,0.3,16.816686630249023,31.495281219482425,0.2903349537650107,0.6390960456280383
413000000003,0.0,0.0,0.3,16.32816505432129,24.2404899597168,0.8928271885824335,0.48439229476737855
413000000003,0.0,0.1,0.3,16.341754913330078,24.09722900390625,0.8818969713296236,0.48182935701919277
413000000003,0.0,0.2,0.3,16.28101348876953,24.68795394897461,0.9264691523896847,0.4922978059461114
413000000003,0.0,0.3,0.3,15.951322555541992,23.859281539916992,0.8200535112106428,0.4688276104158654
413000000003,0.0,0.4,0.3,15.18425750732422,25.465261459350582,0.877555821617785,0.48454261890213085
413000000003,0.0,0.5,0.3,14.122814178466797,22.5775089263916,0.5159712469884414,0.4046057196813847
413000000003,0.0,0.6,0.3,13.003803253173828,23.857872009277344,0.5081327862686141,0.4063893922123385
413000000003,0.0,0.7,0.3,13.071181297302246,24.33247375488281,0.5562329162536842,0.4172599321681595
413000000003,0.0,0.8,0.3,13.157642364501951,23.31140899658203,0.4772299665795978,0.3987729233464392
413000000003,0.0,0.9,0.3,12.593196868896484,21.16912078857422,0.2325759482807586,0.34419302071603475
413000000003,0.0,1.0,0.3,11.615121841430664,19.67357063293457,0.0,0.2937241665820626
413000000004,0.0,0.0,0.3,18.16083526611328,28.56389236450196,0.623907279809841,0.6092263584790981
413000000004,0.0,0.1,0.3,18.130550384521484,28.671613693237305,0.6310935177360802,0.610728611854133
413000000004,0.0,0.2,0.3,18.08745002746582,27.90020179748535,0.5565099459243703,0.5944660282668974
413000000004,0.0,0.3,0.3,17.99250030517578,28.87770271301269,0.6377172095560814,0.6119064423286498
413000000004,0.0,0.4,0.3,17.51059913635254,28.480121612548828,0.5583937875324279,0.5937914744360924
413000000004,0.0,0.5,0.3,16.229389190673828,27.212894439697266,0.3282218642170473,0.5414474020130196
413000000004,0.0,0.6,0.3,15.217019081115724,29.805139541625977,0.4759328475008927,0.5715936276653861
413000000004,0.0,0.7,0.3,13.397818565368652,30.64663314819336,0.3913154606860655,0.54981875873091
413000000004,0.0,0.8,0.3,13.421015739440918,30.09766960144043,0.3430301642148383,0.5393863471925355
413000000004,0.0,0.9,0.3,13.518674850463867,32.056968688964844,0.531413577400225,0.580441390544131
413000000004,0.0,1.0,0.3,12.538914680480955,32.66454315185547,0.5,0.5717860057406383
414000000000,0.0,0.0,0.3,20.098011016845703,26.06220245361328,0.524077721240012,0.6004636960851351
414000000000,0.0,0.1,0.3,20.08593368530273,27.042282104492188,0.6544384219091568,0.619710146309489
414000000000,0.0,0.2,0.3,20.033222198486328,26.312726974487305,0.5456065633592118,0.6040769479677932
414000000000,0.0,0.3,0.3,19.78099632263184,26.65817070007324,0.5441579470623584,0.6056102013844542
414000000000,0.0,0.4,0.3,19.38300514221192,25.88433074951172,0.3633355304507354,0.5817849173296744
414000000000,0.0,0.5,0.3,19.001325607299805,29.103317260742188,0.7261224849229193,0.6377565073300979
414000000000,0.0,0.6,0.3,18.55451774597168,27.770666122436523,0.4603255204411533,0.6017780512379416
414000000000,0.0,0.7,0.3,18.10340881347656,28.14677619934082,0.4250140553892093,0.5997104117235543
414000000000,0.0,0.8,0.3,17.98601531982422,29.080528259277344,0.5289737180023699,0.6158050667604114
414000000000,0.0,0.9,0.3,17.482093811035156,29.03419685363769,0.4263837150579218,0.6042132076196691
414000000000,0.0,1.0,0.3,17.487478256225586,29.57802963256836,0.5010291696500313,0.6151487056274281
414000000001,0.0,0.0,0.3,19.56675148010254,31.031116485595703,0.5869665548568463,0.6880891464900469
414000000001,0.0,0.1,0.3,19.57909774780273,31.29864883422852,0.6742468139772306,0.6936740721725136
414000000001,0.0,0.2,0.3,19.60499382019043,31.005290985107425,0.5857274839110183,0.6883849917176926
414000000001,0.0,0.3,0.3,19.34445571899414,30.75544166564941,0.4588381787583747,0.6778967697456466
414000000001,0.0,0.4,0.3,19.074302673339844,30.90943145751953,0.4585496755046014,0.6752407794607154
414000000001,0.0,0.5,0.3,18.500465393066406,30.735565185546875,0.2987160869048372,0.6596307779649462
414000000001,0.0,0.6,0.3,17.730316162109375,31.46560859680176,0.3903989597789904,0.6578506079392545
414000000001,0.0,0.7,0.3,17.558589935302734,31.558523178100582,0.3886356285946734,0.6560633782693338
414000000001,0.0,0.8,0.3,17.44341278076172,31.580406188964844,0.3746014221583583,0.6540600811591352
414000000001,0.0,0.9,0.3,17.1777400970459,32.30872344970703,0.5576690328002987,0.6629272464080322
414000000001,0.0,1.0,0.3,16.861286163330078,31.951696395874023,0.3865253859173508,0.6491223915237977
414000000002,0.0,0.0,0.3,20.25762939453125,26.57426071166992,0.9070754736153273,0.6140326446278268
414000000002,0.0,0.1,0.3,20.254375457763672,27.01032829284668,0.9981886404610578,0.6226408631125193
414000000002,0.0,0.2,0.3,20.232372283935547,26.83407020568848,0.948380195415964,0.6186676903913726
414000000002,0.0,0.3,0.3,19.95645904541016,26.02704811096192,0.6228146951748457,0.5967669828307456
414000000002,0.0,0.4,0.3,19.80908393859864,25.83858871459961,0.5006157622531862,0.5898964219785275
414000000002,0.0,0.5,0.3,20.06015586853028,26.44956970214844,0.7705772265616382,0.6073702091338301
414000000002,0.0,0.6,0.3,19.984262466430664,25.87164688110352,0.6051764685020826,0.5942634261716176
414000000002,0.0,0.7,0.3,19.85417938232422,26.197343826293945,0.6021684127418854,0.5979899735842815
414000000002,0.0,0.8,0.3,19.68152236938477,26.01858329772949,0.4679626704103705,0.5907770923222024
414000000002,0.0,0.9,0.3,19.44467735290528,24.66397476196289,0.0474563458104083,0.5588074259652509
414000000002,0.0,1.0,0.3,19.35942649841309,26.76380920410156,0.4474676161327944,0.5987860222395065
414000000003,0.0,0.0,0.3,22.01077079772949,19.62894630432129,0.6240422123268001,0.5129515505260109
414000000003,0.0,0.1,0.3,21.95045661926269,19.93652534484864,0.6742305479583243,0.5177948502677396
414000000003,0.0,0.2,0.3,21.63615608215332,19.604616165161133,0.6039854614747548,0.5045354004738469
414000000003,0.0,0.3,0.3,20.802696228027344,20.276243209838867,0.6838202700875653,0.5002523027265243
414000000003,0.0,0.4,0.3,19.397851943969727,19.861486434936523,0.5531265608021134,0.4622533549901381
414000000003,0.0,0.5,0.3,17.70402717590332,18.90561294555664,0.3173850319187628,0.4073681505206016
414000000003,0.0,0.6,0.3,15.646454811096191,20.082914352416992,0.4320314416878158,0.38722813629923514
414000000003,0.0,0.7,0.3,13.35519790649414,20.28175544738769,0.3689759879297601,0.3426701827917531
414000000003,0.0,0.8,0.3,11.524534225463867,21.821287155151367,0.5553615619857577,0.3345425477765607
414000000003,0.0,0.9,0.3,10.263653755187988,20.306501388549805,0.2421316330423149,0.27770286811764694
414000000003,0.0,1.0,0.3,10.218901634216309,20.894332885742188,0.3410394641556978,0.2884522958424625
414000000004,0.0,0.0,0.3,18.30706787109375,29.120391845703125,0.976324151555744,0.6233961957291063
414000000004,0.0,0.1,0.3,18.29863739013672,29.199281692504883,0.9907698558224324,0.6247874847547663
414000000004,0.0,0.2,0.3,18.364501953125,28.71109771728516,0.903296581230812,0.6164679296943021
414000000004,0.0,0.3,0.3,18.166654586791992,27.99871253967285,0.7344555977884866,0.5981033112559995
414000000004,0.0,0.4,0.3,17.922645568847656,28.86017799377441,0.8709066270060788,0.6100786357684993
414000000004,0.0,0.5,0.3,17.862394332885742,28.42533302307129,0.7763255260168005,0.600150099938292
414000000004,0.0,0.6,0.3,17.415653228759766,29.081153869628903,0.8436302944580272,0.6037407852988985
414000000004,0.0,0.7,0.3,17.520185470581055,27.958818435668945,0.6359580054059326,0.5836212712735227
414000000004,0.0,0.8,0.3,17.536426544189453,28.00674057006836,0.6477268037864944,0.5849187378817562
414000000004,0.0,0.9,0.3,14.79659652709961,26.67515182495117,0.0,0.5004094399654925
414000000004,0.0,1.0,0.3,16.318603515625,27.143882751464844,0.306141388234761,0.5419631746950261
421000000000,0.0,0.0,0.3,18.63507652282715,28.70243453979492,0.7857350328354454,0.6220246355149783
421000000000,0.0,0.1,0.3,18.584875106811523,28.442569732666016,0.7674914659654986,0.6157907456983979
421000000000,0.0,0.2,0.3,18.3264274597168,29.487228393554688,0.8053117414419866,0.6311056305426883
421000000000,0.0,0.3,0.3,17.84653663635254,32.57732391357422,0.9391467963464704,0.682432969770292
421000000000,0.0,0.4,0.3,17.282989501953125,28.57961654663086,0.6746004524722884,0.5909519204697773
421000000000,0.0,0.5,0.3,16.409202575683594,27.41812515258789,0.5429430102204875,0.5493385293686689
421000000000,0.0,0.6,0.3,15.15933609008789,29.38497734069824,0.5552469020124544,0.5620116372947402
421000000000,0.0,0.7,0.3,14.218310356140137,30.460769653320312,0.5421128173600424,0.5634932682190876
421000000000,0.0,0.8,0.3,13.18096923828125,30.04874038696289,0.4392756510141589,0.5333300308145782
421000000000,0.0,0.9,0.3,12.699946403503418,27.399227142333984,0.2556472963654739,0.4704234550027972
421000000000,0.0,1.0,0.3,12.15604305267334,23.5350399017334,0.0,0.38201519732402506
421000000001,0.0,0.0,0.3,20.06500625610352,23.926267623901367,0.6573050892905931,0.5572628339045997
421000000001,0.0,0.1,0.3,20.069543838500977,23.61236000061035,0.574202711996358,0.5511126022507657
421000000001,0.0,0.2,0.3,20.08733367919922,23.50020408630371,0.5472327592708467,0.5492575395721377
421000000001,0.0,0.3,0.3,20.05414390563965,23.99193572998047,0.6730210730235273,0.5583395374295116
421000000001,0.0,0.4,0.3,19.93474578857422,23.32341384887696,0.4743149145585633,0.5425088037545972
421000000001,0.0,0.5,0.3,19.655004501342773,24.72135162353516,0.800710880644372,0.564402566857659
421000000001,0.0,0.6,0.3,19.84113502502441,23.5584716796875,0.5213574528258047,0.5452040208161758
421000000001,0.0,0.7,0.3,19.759645462036133,24.57734680175781,0.7798515368463594,0.5637527246441342
421000000001,0.0,0.8,0.3,19.50743103027344,24.69563865661621,0.7690001799064701,0.5607662253782038
421000000001,0.0,0.9,0.3,19.30609893798828,23.60650062561035,0.4441267632854373,0.5348309830250585
421000000001,0.0,1.0,0.3,17.116973876953125,25.19489288330078,0.5,0.5200856146556436
421000000002,0.0,0.0,0.3,20.662805557250977,24.942779541015625,0.6000360504018952,0.5901476367685314
421000000002,0.0,0.1,0.3,20.66139411926269,25.204879760742188,0.7303758011857867,0.5953331680660827
421000000002,0.0,0.2,0.3,20.650279998779297,25.079763412475582,0.6621781007511158,0.5926082048625623
421000000002,0.0,0.3,0.3,20.56618309020996,25.24172019958496,0.7005073081882239,0.5940502608808471
421000000002,0.0,0.4,0.3,20.58108329772949,25.518030166625977,0.8462252320782389,0.5998639251239279
421000000002,0.0,0.5,0.3,20.49054718017578,24.74271583557129,0.4126333528098412,0.5825192936096537
421000000002,0.0,0.6,0.3,20.002954483032227,24.76187896728516,0.1749162351061419,0.5725764243287559
421000000002,0.0,0.7,0.3,20.37078094482422,24.893686294555664,0.4273782632652189,0.5829874824984389
421000000002,0.0,0.8,0.3,19.7929916381836,25.09402084350586,0.2345044021148382,0.5747398588758785
421000000002,0.0,0.9,0.3,19.67696952819824,25.298473358154297,0.2778904220376679,0.5763515409716611
421000000002,0.0,1.0,0.3,19.765769958496094,25.742673873901367,0.5450381339699975,0.5870707334698598
421000000003,0.0,0.0,0.3,20.34003448486328,25.97383499145508,0.8036221585399356,0.6038298662763517
421000000003,0.0,0.1,0.3,20.31427955627441,25.85953521728516,0.7782054119888506,0.601010135840274
421000000003,0.0,0.2,0.3,20.22225952148437,25.56608390808105,0.7107666004009908,0.5932224641395542
421000000003,0.0,0.3,0.3,19.930788040161133,26.185396194458008,0.8121285129306122,0.5993743289672916
421000000003,0.0,0.4,0.3,19.50927925109864,25.8117790222168,0.7005963592178057,0.58301494461576
421000000003,0.0,0.5,0.3,19.245492935180664,24.480836868286133,0.4076816974386298,0.5509457556026036
421000000003,0.0,0.6,0.3,18.88858222961425,26.927719116210938,0.87518623234436,0.5920780331640616
421000000003,0.0,0.7,0.3,18.14557838439941,26.571706771850582,0.7401180036644952,0.5692616889929516
421000000003,0.0,0.8,0.3,17.880611419677734,25.333053588867188,0.4658720206706896,0.539003918735988
421000000003,0.0,0.9,0.3,16.66840362548828,26.93948173522949,0.6903189936757246,0.5453024848762371
421000000003,0.0,1.0,0.3,14.411949157714844,25.122201919555664,0.1304306001840134,0.4613635293027086
421000000004,0.0,0.0,0.3,17.321290969848633,25.88893699645996,0.5522590301204013,0.5382222609994374
421000000004,0.0,0.1,0.3,17.305479049682617,26.223806381225582,0.5827350370204265,0.5445508809886517
421000000004,0.0,0.2,0.3,17.22412872314453,26.83194923400879,0.6313004333341391,0.5549295525138472
421000000004,0.0,0.3,0.3,17.045093536376953,28.43998908996582,0.7643629421718332,0.5831363747305907
421000000004,0.0,0.4,0.3,16.863290786743164,27.77314186096192,0.6761963366222977,0.5660176212994915
421000000004,0.0,0.5,0.3,16.67704963684082,27.321094512939453,0.6083132185909734,0.5530790982848192
421000000004,0.0,0.6,0.3,16.38896369934082,26.986391067504883,0.5387027477370998,0.5403191091959034
421000000004,0.0,0.7,0.3,15.715291976928713,27.59822654724121,0.511319043541138,0.5382295666450493
421000000004,0.0,0.8,0.3,15.86343002319336,29.111677169799805,0.6773468232520796,0.5714816984689876
421000000004,0.0,0.9,0.3,14.65654182434082,30.500465393066406,0.6567055035393516,0.5735621796901023
421000000004,0.0,1.0,0.3,13.440149307250977,25.35069274902344,0.0,0.44533347647033383
422000000000,0.0,0.0,0.3,23.36028861999512,17.628013610839844,0.5,0.5017102866502534
422000000000,0.0,0.1,0.3,23.35955619812012,17.704599380493164,0.50440283542677,0.5032187249876559
422000000000,0.0,0.2,0.3,23.35051345825196,17.77225685119629,0.5077748024063303,0.5043735420651676
422000000000,0.0,0.3,0.3,23.08220100402832,18.741607666015625,0.5475319735534485,0.5179810338519495
422000000000,0.0,0.4,0.3,22.840717315673828,18.66133117675781,0.5279823125868282,0.511270521156485
422000000000,0.0,0.5,0.3,22.55498695373535,19.54630279541016,0.5617650609278547,0.5228301852805457
422000000000,0.0,0.6,0.3,21.430843353271484,19.728052139282227,0.5030180348910688,0.5026443488303104
422000000000,0.0,0.7,0.3,20.577699661254883,22.20143699645996,0.5940728040913322,0.5337968544230409
422000000000,0.0,0.8,0.3,17.970802307128906,21.869260787963867,0.414066882902696,0.47198911525799
422000000000,0.0,0.9,0.3,17.249797821044922,26.02992057800293,0.6112623975487369,0.5395138498707353
422000000000,0.0,1.0,0.3,15.249907493591309,26.23704719543457,0.5,0.5012901026081489
422000000001,0.0,0.0,0.3,19.927759170532227,19.99070167541504,0.835290173747963,0.47604469931435567
422000000001,0.0,0.1,0.3,19.927471160888672,19.979232788085938,0.8345172665505355,0.47581038672107656
422000000001,0.0,0.2,0.3,19.923730850219727,20.0127182006836,0.8365381266193874,0.4763975016206694
422000000001,0.0,0.3,0.3,19.6809139251709,18.310550689697266,0.7115293366931331,0.43738546437267173
422000000001,0.0,0.4,0.3,19.01397132873535,21.27068901062012,0.8728671836639884,0.48216624658407947
422000000001,0.0,0.5,0.3,18.759916305541992,21.75823211669922,0.8920181646346066,0.4864883429758219
422000000001,0.0,0.6,0.3,19.05023193359375,20.59247779846192,0.8299041489756322,0.4694385951058772
422000000001,0.0,0.7,0.3,16.382904052734375,21.11167526245117,0.7269455797658892,0.4232924219454481
422000000001,0.0,0.8,0.3,13.666522026062012,22.48255920410156,0.677758189716271,0.39305492032374395
422000000001,0.0,0.9,0.3,13.655890464782717,19.66939926147461,0.4912633605662121,0.33685197953924806
422000000001,0.0,1.0,0.3,10.212636947631836,14.918172836303713,0.0,0.16940267279257687
422000000002,0.0,0.0,0.3,21.202543258666992,22.05388832092285,0.8619093216531908,0.5440911588086896
422000000002,0.0,0.1,0.3,21.2171688079834,22.10635566711425,0.8830854539144142,0.5454448618030674
422000000002,0.0,0.2,0.3,21.20845413208008,22.43660545349121,0.9984497581161224,0.5518318340369899
422000000002,0.0,0.3,0.3,21.0304012298584,21.65242576599121,0.6891620232868623,0.532457732210192
422000000002,0.0,0.4,0.3,20.741193771362305,22.027978897094727,0.7706680703985019,0.5338070789581764
422000000002,0.0,0.5,0.3,20.64767837524414,22.1810245513916,0.808213741908381,0.5348723911425683
422000000002,0.0,0.6,0.3,20.235559463500977,21.02425003051757,0.3253828442612547,0.5031281230935947
422000000002,0.0,0.7,0.3,19.09244537353516,21.48442268371582,0.2849454775333386,0.48808083214551434
422000000002,0.0,0.8,0.3,18.40642166137696,21.88924026489257,0.3062225769466055,0.4816103931354254
422000000002,0.0,0.9,0.3,18.88967514038086,21.88484573364257,0.3906321377643129,0.49175525857325103
422000000002,0.0,1.0,0.3,19.279857635498047,22.23789596557617,0.5850274993917512,0.5070420939030691
422000000003,0.0,0.0,0.3,21.3612060546875,23.79489517211914,0.4986520168934049,0.5820941806676914
422000000003,0.0,0.1,0.3,21.366809844970703,23.69020652770996,0.4935994950762479,0.5801296809649107
422000000003,0.0,0.2,0.3,21.44050407409668,24.748653411865234,0.5560039116784189,0.6027516357119987
422000000003,0.0,0.3,0.3,21.20112419128418,25.941688537597656,0.5983384101054648,0.6214227353979664
422000000003,0.0,0.4,0.3,20.56110572814941,25.355091094970703,0.5117137124392703,0.5961986713540666
422000000003,0.0,0.5,0.3,18.814760208129883,27.40119743347168,0.4683021468317264,0.5999364772178852
422000000003,0.0,0.6,0.3,19.13435935974121,29.20966529846192,0.5917486074139546,0.6426895095303168
422000000003,0.0,0.7,0.3,18.16919136047364,25.970422744750977,0.3365287820385895,0.557796979373927
422000000003,0.0,0.8,0.3,16.98101043701172,26.33814811706543,0.2527895370871616,0.5399558848031165
422000000003,0.0,0.9,0.3,17.44629669189453,26.363176345825195,0.2945249443663555,0.5503057864523407
422000000003,0.0,1.0,0.3,15.68359661102295,33.13996505737305,0.5,0.6478310684970436
422000000004,0.0,0.0,0.3,23.949068069458008,19.349306106567383,0.6034697483743356,0.5484282232431771
422000000004,0.0,0.1,0.3,23.954214096069336,19.33585929870605,0.6024633001705394,0.5482696120523809
422000000004,0.0,0.2,0.3,23.94829559326172,18.97219467163086,0.5653863579487588,0.5409078926935323
422000000004,0.0,0.3,0.3,23.838912963867188,18.82143783569336,0.5427511020216317,0.5355920034229262
422000000004,0.0,0.4,0.3,23.657989501953125,19.377553939819336,0.5865418455460363,0.5428270764050718
422000000004,0.0,0.5,0.3,23.26629066467285,19.657150268554688,0.5881255134099148,0.5400968895370536
422000000004,0.0,0.6,0.3,22.608089447021484,20.081871032714844,0.5862378118157581,0.5346116030017732
422000000004,0.0,0.7,0.3,21.654277801513672,20.489171981811523,0.5625088133095374,0.5225204925309729
422000000004,0.0,0.8,0.3,16.595062255859375,23.277801513671875,0.5,0.4708874082507754
422000000004,0.0,0.9,0.3,17.17386817932129,18.82068252563477,0.0898343771141201,0.3944526794028397
422000000004,0.0,1.0,0.3,18.18102264404297,18.31984138488769,0.1077542917050577,0.4058119447505548
423000000000,0.0,0.0,0.3,25.88103675842285,22.20388412475586,0.5691040996769025,0.6461373232547644
423000000000,0.0,0.1,0.3,25.832279205322266,22.95267868041992,0.6195294042394871,0.6600048737630075
423000000000,0.0,0.2,0.3,25.918210983276367,24.55035400390625,0.7350948092934331,0.6936158130068466
423000000000,0.0,0.3,0.3,25.385128021240234,22.373151779174805,0.5601470964543246,0.6390052356082738
423000000000,0.0,0.4,0.3,24.67095184326172,23.342926025390625,0.5981230270520996,0.6431805258176162
423000000000,0.0,0.5,0.3,23.41015815734864,26.579137802124023,0.7719734579413214,0.6808806906420096
423000000000,0.0,0.6,0.3,21.8365421295166,24.34232711791992,0.5491664964747212,0.603051956553741
423000000000,0.0,0.7,0.3,17.403087615966797,27.65936851501465,0.5954910470300725,0.5751832432209858
423000000000,0.0,0.8,0.3,14.484892845153809,23.9724063873291,0.2146177975933828,0.4400287492935395
423000000000,0.0,0.9,0.3,14.0079345703125,21.195476531982425,0.0,0.37467282864245244
423000000000,0.0,1.0,0.3,15.302764892578123,28.33063507080078,0.5543576940353899,0.5440686771011632
423000000001,0.0,0.0,0.3,20.89818000793457,27.712553024291992,0.7370485381565378,0.6502459094659327
423000000001,0.0,0.1,0.3,20.908403396606445,27.7889461517334,0.7490873143463128,0.6519824905915289
423000000001,0.0,0.2,0.3,20.74008560180664,26.901371002197266,0.6056169823452128,0.6307570971919703
423000000001,0.0,0.3,0.3,20.57646369934082,26.104454040527344,0.4758933874699692,0.6114351009941279
423000000001,0.0,0.4,0.3,20.13104057312012,27.82703971862793,0.6982654578138502,0.6362807763387752
423000000001,0.0,0.5,0.3,19.47941017150879,26.857641220092773,0.5075959975604651,0.6031936539279327
423000000001,0.0,0.6,0.3,17.16596221923828,27.071683883666992,0.371236055336517,0.5584683210341079
423000000001,0.0,0.7,0.3,16.191682815551758,27.66817283630371,0.3886838451293617,0.5497083991701686
423000000001,0.0,0.8,0.3,15.625470161437988,27.258878707885746,0.2870408386867288,0.529575164757492
423000000001,0.0,0.9,0.3,14.605009078979492,27.276832580566406,0.2155862690126375,0.508325386811015
423000000001,0.0,1.0,0.3,14.023576736450195,29.485782623291016,0.5,0.5399691810504581
423000000002,0.0,0.0,0.3,20.043025970458984,24.245967864990234,0.7457076243494031,0.5631590020785391
423000000002,0.0,0.1,0.3,20.05145835876465,24.13261985778809,0.7393756552684644,0.5610820856863952
423000000002,0.0,0.2,0.3,19.982608795166016,25.291622161865234,0.8054727022302672,0.5826867553327544
423000000002,0.0,0.3,0.3,19.87092018127441,27.59046173095703,0.9385088506053008,0.6260654792432175
423000000002,0.0,0.4,0.3,19.559232711791992,25.855758666992188,0.8073139062118586,0.5849477805457037
423000000002,0.0,0.5,0.3,19.121313095092773,25.088611602783203,0.7259488648004186,0.560410238748263
423000000002,0.0,0.6,0.3,19.023595809936523,20.24985694885254,0.4200331800216501,0.46205694593885016
423000000002,0.0,0.7,0.3,17.91402244567871,21.53354263305664,0.4128496497616465,0.46410656243577664
423000000002,0.0,0.8,0.3,15.726273536682127,28.04718589782715,0.6442163512050528,0.54739573225979
423000000002,0.0,0.9,0.3,15.104660987854004,28.36004447937012,0.6151434301405476,0.5404592704233806
423000000002,0.0,1.0,0.3,13.624651908874512,26.98194694519043,0.4150391079741319,0.4816997053579197
423000000003,0.0,0.0,0.3,21.36762428283692,22.017309188842773,0.5373490697100134,0.5468586786015843
423000000003,0.0,0.1,0.3,21.351451873779297,22.202178955078125,0.5632025033742143,0.5501948893501977
423000000003,0.0,0.2,0.3,21.29838180541992,21.821521759033203,0.5031134570182073,0.5414966647473377
423000000003,0.0,0.3,0.3,21.157997131347656,21.76287078857422,0.48336141880825,0.5373571185638186
423000000003,0.0,0.4,0.3,20.882299423217773,21.82697868347168,0.4708890803210317,0.5327952064623456
423000000003,0.0,0.5,0.3,20.622941970825195,22.225156784057617,0.5087519451399253,0.5352267954311927
423000000003,0.0,0.6,0.3,20.32779884338379,22.411396026611328,0.5126638675875501,0.5326833878788271
423000000003,0.0,0.7,0.3,16.67744255065918,22.85354804992676,0.2878304259440915,0.4641896789976135
423000000003,0.0,0.8,0.3,17.947086334228516,22.816425323486328,0.3831556716679077,0.4903341678929943
423000000003,0.0,0.9,0.3,16.9139347076416,24.04693984985352,0.4817795927420853,0.4929438931818769
423000000003,0.0,1.0,0.3,15.068194389343262,25.169092178344727,0.5,0.4761917801543212
423000000004,0.0,0.0,0.3,22.5473690032959,24.00751686096192,0.8252599684649553,0.6114406175335954
423000000004,0.0,0.1,0.3,22.535457611083984,23.63623809814453,0.7530621776996823,0.603800495628279
423000000004,0.0,0.2,0.3,22.573354721069336,24.262779235839844,0.8757506468809881,0.6170701873390845
423000000004,0.0,0.3,0.3,22.32749366760254,24.38429450988769,0.8874075294211172,0.6142823546034185
423000000004,0.0,0.4,0.3,21.575428009033203,22.779205322265625,0.541703540274272,0.5664193076625461
423000000004,0.0,0.5,0.3,19.911357879638672,22.80186080932617,0.4663043341690807,0.531635438807398
423000000004,0.0,0.6,0.3,18.675613403320312,22.89471435546875,0.4249801616119292,0.507317689934598
423000000004,0.0,0.7,0.3,17.006385803222656,24.906827926635746,0.7331383701910285,0.5120119677539364
423000000004,0.0,0.8,0.3,15.714937210083008,23.786083221435547,0.4550175367750332,0.462365894391417
423000000004,0.0,0.9,0.3,14.053346633911133,23.88612365722656,0.3946662338428534,0.4291743760894964
423000000004,0.0,1.0,0.3,12.142913818359377,22.3150691986084,0.0,0.35746154207421
424000000000,0.0,0.0,0.3,19.922407150268555,21.327852249145508,0.546419069537889,0.5025387468797412
424000000000,0.0,0.1,0.3,19.90546607971192,21.22147560119629,0.5092743224601931,0.500063298068018
424000000000,0.0,0.2,0.3,19.898223876953125,21.454404830932617,0.5859898329065761,0.5045449092677206
424000000000,0.0,0.3,0.3,19.848827362060547,21.77346420288086,0.6869597869390688,0.5098478194409117
424000000000,0.0,0.4,0.3,19.81889915466309,21.45042991638184,0.5764038251077319,0.50278620875633
424000000000,0.0,0.5,0.3,19.833759307861328,21.43585777282715,0.5731053913806328,0.5028108899349751
424000000000,0.0,0.6,0.3,19.736083984375,21.58521270751953,0.6126036492152495,0.5037146806651364
424000000000,0.0,0.7,0.3,19.54965209960937,22.373611450195312,0.8553950741722809,0.5154552093148201
424000000000,0.0,0.8,0.3,18.188495635986328,21.18828392028809,0.3193624036449065,0.4630480505915462
424000000000,0.0,0.9,0.3,17.58269691467285,21.83591079711914,0.4716451530078164,0.4631078343193699
424000000000,0.0,1.0,0.3,15.122986793518066,22.691635131835938,0.5,0.42805411705350277
424000000001,0.0,0.0,0.3,18.479881286621094,15.371549606323242,0.5944577777218103,0.3534731573461448
424000000001,0.0,0.1,0.3,18.4749813079834,15.575986862182615,0.606164377069323,0.3574374130848762
424000000001,0.0,0.2,0.3,18.534366607666016,16.267892837524414,0.6545600460566301,0.37246275743333246
424000000001,0.0,0.3,0.3,18.320093154907227,13.693229675292969,0.4752487441614523,0.31669368726533703
424000000001,0.0,0.4,0.3,17.903390884399414,14.23337745666504,0.4595401396765654,0.3186186813812014
424000000001,0.0,0.5,0.3,16.7618408203125,16.177757263183594,0.4444002696373008,0.3331380910316764
424000000001,0.0,0.6,0.3,15.454910278320312,17.603437423706055,0.3790187446149207,0.33383439255591607
424000000001,0.0,0.7,0.3,14.572257041931152,18.38597869873047,0.3240381584503946,0.3307167176019918
424000000001,0.0,0.8,0.3,14.26966953277588,20.99556350708008,0.4457419611857816,0.3762367699751097
424000000001,0.0,0.9,0.3,14.205829620361328,21.6801872253418,0.4794664191015936,0.38850806247225744
424000000001,0.0,1.0,0.3,15.189937591552734,22.022235870361328,0.6136767427513881,0.41615163856995585
424000000002,0.0,0.0,0.3,19.92958068847656,21.079938888549805,0.5683318019391737,0.497757519172601
424000000002,0.0,0.1,0.3,19.88256072998047,20.48566436767578,0.5160287673776693,0.48493672132634497
424000000002,0.0,0.2,0.3,19.73507499694824,20.180072784423828,0.4703132887311191,0.47573305631613527
424000000002,0.0,0.3,0.3,19.438709259033203,21.792116165161133,0.5474913960706452,0.5015352098272986
424000000002,0.0,0.4,0.3,18.896148681640625,23.06489562988281,0.5613314790955107,0.5153736209922894
424000000002,0.0,0.5,0.3,18.48913955688477,23.611473083496094,0.5407157693190199,0.5176317970080075
424000000002,0.0,0.6,0.3,18.13834571838379,23.104713439941406,0.4486942967222848,0.5001203731726706
424000000002,0.0,0.7,0.3,16.653608322143555,24.6390323638916,0.3385934212233848,0.49921358363824075
424000000002,0.0,0.8,0.3,17.12751007080078,23.852357864379883,0.3511868196498789,0.4935941930183424
424000000002,0.0,0.9,0.3,17.618398666381836,26.76460647583008,0.6472525156428944,0.5619377197395036
424000000002,0.0,1.0,0.3,18.12030601501465,21.69205665588379,0.3386701313531934,0.4716285692246872
424000000003,0.0,0.0,0.3,18.834022521972656,21.794084548950195,0.9979299919096524,0.48877086459215663
424000000003,0.0,0.1,0.3,18.83951759338379,21.69319534301757,0.9637443743634092,0.4868796662505205
424000000003,0.0,0.2,0.3,18.83426094055176,21.55710792541504,0.9128596960897246,0.48406041939336797
424000000003,0.0,0.3,0.3,18.82364082336425,21.207836151123047,0.7833444857388319,0.47688554605006006
424000000003,0.0,0.4,0.3,18.721792221069336,21.667490005493164,0.910159421274822,0.4838754741204161
424000000003,0.0,0.5,0.3,18.715526580810547,21.68505859375,0.9141125997498022,0.4840923963330648
424000000003,0.0,0.6,0.3,18.590362548828125,20.992765426635746,0.618179948751525,0.46766656200832624
424000000003,0.0,0.7,0.3,18.334613800048828,21.732723236083984,0.7877505409014005,0.47697548477502105
424000000003,0.0,0.8,0.3,18.10732078552246,20.436317443847656,0.2362512336180547,0.4463662213035035
424000000003,0.0,0.9,0.3,17.6968936920166,20.677684783935547,0.1683802104584647,0.442478784368183
424000000003,0.0,1.0,0.3,17.512210845947266,20.40272521972656,0.0,0.4330970483490948
424000000004,0.0,0.0,0.3,21.879196166992188,21.067842483520508,0.6193704528731825,0.538797577341767
424000000004,0.0,0.1,0.3,21.838991165161133,21.207273483276367,0.6395276877485279,0.5407207608938014
424000000004,0.0,0.2,0.3,21.6809196472168,21.363265991210938,0.6539546022902752,0.5404778131066128
424000000004,0.0,0.3,0.3,21.129545211791992,20.34562492370605,0.4461442522243434,0.5085535323836938
424000000004,0.0,0.4,0.3,20.24687767028809,20.713891983032227,0.4436008168280729,0.49719209443819823
424000000004,0.0,0.5,0.3,20.31283569335937,21.2949275970459,0.5443747581276237,0.510150447813741
424000000004,0.0,0.6,0.3,19.489442825317383,22.54150009155273,0.6912588418312253,0.5175210925675399
424000000004,0.0,0.7,0.3,19.23226356506348,23.07924461364746,0.7616629542639249,0.5227759728627036
424000000004,0.0,0.8,0.3,18.23984718322754,23.37073516845703,0.7385451728199571,0.5075629935919714
424000000004,0.0,0.9,0.3,16.744749069213867,22.573963165283203,0.4994426303462466,0.4600514770084204
424000000004,0.0,1.0,0.3,14.919391632080078,22.84746742248535,0.4135126154692002,0.4268440728610531
511000000000,0.0,0.0,0.3,26.640174865722656,21.48097419738769,0.4998671119076401,0.6478262920542857
511000000000,0.0,0.1,0.3,26.644472122192383,22.486013412475582,0.5672892494017229,0.6679161138261374
511000000000,0.0,0.2,0.3,26.52326393127441,25.437583923339844,0.7611541638985393,0.7240816775919002
511000000000,0.0,0.3,0.3,26.12687110900879,24.28973197937012,0.6720453089823364,0.6928479369703106
511000000000,0.0,0.4,0.3,25.33705711364746,24.203031539916992,0.6418163939305364,0.6743993632012917
511000000000,0.0,0.5,0.3,24.38913345336914,25.260761260986328,0.6833198385146946,0.6753755192936748
511000000000,0.0,0.6,0.3,22.182899475097656,22.422542572021484,0.4250703626579039,0.5721847092523027
511000000000,0.0,0.7,0.3,19.850248336791992,27.8531494140625,0.7165248573768661,0.6308548843097621
511000000000,0.0,0.8,0.3,13.989383697509766,24.74803352355957,0.3273905444965751,0.44497080265398303
511000000000,0.0,0.9,0.3,10.475768089294434,28.94902610778809,0.5,0.45416792530457817
511000000000,0.0,1.0,0.3,11.190147399902344,26.38579368591309,0.350478231529035,0.418289413989427
511000000001,0.0,0.0,0.3,16.21068572998047,30.56040382385254,0.7048376088456414,0.6076619931591913
511000000001,0.0,0.1,0.3,16.206621170043945,30.334985733032227,0.6603316723376838,0.603090435723862
511000000001,0.0,0.2,0.3,16.204797744750977,29.952451705932617,0.5855194508284659,0.5954399508207164
511000000001,0.0,0.3,0.3,16.158056259155273,30.509435653686523,0.6874955672294387,0.6055334343505363
511000000001,0.0,0.4,0.3,16.15909194946289,31.23437118530273,0.8289306566370642,0.6199805365980355
511000000001,0.0,0.5,0.3,16.0435733795166,30.31395149230957,0.6332806875246891,0.5992195440818597
511000000001,0.0,0.6,0.3,15.929019927978516,29.788911819458008,0.5148257931104456,0.5863464796103602
511000000001,0.0,0.7,0.3,15.605392456054688,30.609193801879883,0.6291425973791624,0.5958164875117518
511000000001,0.0,0.8,0.3,14.045920372009276,30.82654571533203,0.4519851355751043,0.5671215346752958
511000000001,0.0,0.9,0.3,13.017773628234863,32.0748405456543,0.5505495815479999,0.570191034763518
511000000001,0.0,1.0,0.3,12.65866756439209,29.509410858154297,0.0,0.5115390413703121
511000000002,0.0,0.0,0.3,21.825836181640625,22.25543212890625,0.9999007390247884,0.5612990670581268
511000000002,0.0,0.1,0.3,21.81703758239746,21.7019157409668,0.901713360184048,0.5500985885817953
511000000002,0.0,0.2,0.3,21.81389808654785,21.84671211242676,0.9268600969852632,0.5529133527406526
511000000002,0.0,0.3,0.3,21.765499114990234,21.127683639526367,0.7956542935865164,0.5375809320265077
511000000002,0.0,0.4,0.3,21.29065704345703,21.92638397216797,0.8890875709311374,0.5434197091973749
511000000002,0.0,0.5,0.3,20.9388484954834,22.25599670410156,0.9122234835029142,0.5425294055237198
511000000002,0.0,0.6,0.3,19.81918907165528,20.98636245727539,0.578200549232412,0.49355807348863634
511000000002,0.0,0.7,0.3,18.729143142700195,21.917484283447266,0.634034832477447,0.4890056470258354
511000000002,0.0,0.8,0.3,17.808263778686523,20.21075439453125,0.2428351058437328,0.43554566969489394
511000000002,0.0,0.9,0.3,16.77330207824707,20.179969787597656,0.1350026391347127,0.41301903309773336
511000000002,0.0,1.0,0.3,17.84391212463379,19.4121036529541,0.1059478297897721,0.4204084812389115
511000000003,0.0,0.0,0.3,21.17763328552246,27.11540985107422,0.7356037307717191,0.6442807070670463
511000000003,0.0,0.1,0.3,21.18924140930176,27.131366729736328,0.7405060717547212,0.6448440140028902
511000000003,0.0,0.2,0.3,21.24212646484375,26.85462760925293,0.6887707617555945,0.640457081514089
511000000003,0.0,0.3,0.3,21.186155319213867,26.852840423583984,0.6810630273174593,0.6392363975093458
511000000003,0.0,0.4,0.3,21.03134536743164,27.729204177856445,0.8465540586711247,0.6533968595077024
511000000003,0.0,0.5,0.3,21.00602912902832,27.3176498413086,0.7560023590892446,0.6446714802349629
511000000003,0.0,0.6,0.3,20.967554092407227,27.09603309631348,0.7039885219250503,0.6394469637133189
511000000003,0.0,0.7,0.3,21.04744529724121,26.7789306640625,0.6472336468362823,0.6348286821458441
511000000003,0.0,0.8,0.3,20.449159622192383,25.96406936645508,0.3961682893740472,0.605946137735152
511000000003,0.0,0.9,0.3,17.423606872558594,28.322904586791992,0.5,0.5888211257141043
511000000003,0.0,1.0,0.3,18.999868392944336,28.121562957763672,0.6637187516216373,0.618190156236072
511000000004,0.0,0.0,0.3,18.64463996887207,26.118389129638672,0.8837140215855247,0.5708083488219471
511000000004,0.0,0.1,0.3,18.64191246032715,26.087665557861328,0.8585176720785194,0.5701392422954694
511000000004,0.0,0.2,0.3,18.660812377929688,26.15228080749512,0.9154474609271048,0.5718251756677972
511000000004,0.0,0.3,0.3,18.66606712341309,26.04205703735352,0.8295535038595457,0.5697431443335548
511000000004,0.0,0.4,0.3,18.55821228027344,25.884559631347656,0.672300757026256,0.5643254764624451
511000000004,0.0,0.5,0.3,18.35831069946289,26.05731773376465,0.7495740746147279,0.5635304386616242
511000000004,0.0,0.6,0.3,17.763647079467773,26.256851196289062,0.7299707328654849,0.5549095813151443
511000000004,0.0,0.7,0.3,16.995100021362305,25.852901458740234,0.1794520962615408,0.5305985053141618
511000000004,0.0,0.8,0.3,18.24900245666504,26.17572593688965,0.8108269476665912,0.5635721209616563
511000000004,0.0,0.9,0.3,18.30953025817871,25.7440185546875,0.4863640132890674,0.5562633692478618
511000000004,0.0,1.0,0.3,17.752641677856445,25.626758575439453,0.2266776095006319,0.5421386197361728
512000000000,0.0,0.0,0.3,22.360578536987305,26.942432403564453,0.8948652860944701,0.6658861457443384
512000000000,0.0,0.1,0.3,22.34547996520996,27.206727981567383,0.92418929427663,0.6708255529388745
512000000000,0.0,0.2,0.3,22.269132614135746,27.05330848693848,0.9004706777132822,0.6661561628194119
512000000000,0.0,0.3,0.3,22.20178985595703,27.82870483398437,0.9846888707436684,0.6801595313248532
512000000000,0.0,0.4,0.3,22.06795120239257,27.85311317443848,0.9769764802066848,0.6778113498738312
512000000000,0.0,0.5,0.3,22.130016326904297,27.64541244506836,0.957881401526092,0.6749925588148846
512000000000,0.0,0.6,0.3,20.631786346435547,25.27352523803711,0.5661771370360547,0.5960722052517021
512000000000,0.0,0.7,0.3,19.202890396118164,25.17047882080078,0.4418572251644421,0.5637665795299001
512000000000,0.0,0.8,0.3,17.440366744995117,23.5220947265625,0.1128844431531961,0.4936467955469668
512000000000,0.0,0.9,0.3,16.7153263092041,26.24349021911621,0.3700142558664308,0.5324467876392536
512000000000,0.0,1.0,0.3,16.005613327026367,27.74866485595703,0.487941829417435,0.5473702771305203
512000000001,0.0,0.0,0.3,20.619558334350582,25.90847587585449,0.5458011940447607,0.6084478948224943
512000000001,0.0,0.1,0.3,20.619457244873047,25.67952919006348,0.5151774072446004,0.6038900451429414
512000000001,0.0,0.2,0.3,20.59258079528809,25.663101196289062,0.5043230244096316,0.602994075288702
512000000001,0.0,0.3,0.3,20.572673797607425,26.40755844116211,0.5973814891985204,0.6173861953173767
512000000001,0.0,0.4,0.3,20.482011795043945,27.06062126159668,0.6554315393825073,0.6284615459653424
512000000001,0.0,0.5,0.3,20.191347122192383,26.119548797607425,0.4360388474704721,0.603581085314504
512000000001,0.0,0.6,0.3,20.163482666015625,25.5656967163086,0.3530570331550386,0.5919702304705388
512000000001,0.0,0.7,0.3,19.42139434814453,27.153215408325195,0.3260834981099346,0.6078467393035627
512000000001,0.0,0.8,0.3,19.43906021118164,27.314620971679688,0.3533418211093267,0.6114325308660675
512000000001,0.0,0.9,0.3,19.16830062866211,29.307729721069336,0.5324194476126789,0.6453595157536602
512000000001,0.0,1.0,0.3,19.06767845153809,27.817285537719727,0.3008510104729947,0.6135712702176896
512000000002,0.0,0.0,0.3,17.794145584106445,18.80663681030273,0.7679869191293072,0.4073068167467885
512000000002,0.0,0.1,0.3,17.787012100219727,19.144695281982425,0.7869165385638581,0.4138826504054228
512000000002,0.0,0.2,0.3,17.718278884887695,18.879478454589844,0.7641918462296812,0.40714987456892926
512000000002,0.0,0.3,0.3,17.45280647277832,19.74521827697754,0.7864823391921921,0.4187557913366424
512000000002,0.0,0.4,0.3,16.637344360351562,21.909948348999023,0.8261523360979803,0.4445643734017819
512000000002,0.0,0.5,0.3,16.47214126586914,19.816064834594727,0.6867244559141129,0.3994011313500335
512000000002,0.0,0.6,0.3,15.620529174804688,14.20445442199707,0.2697456192404884,0.2697063079471699
512000000002,0.0,0.7,0.3,14.049333572387695,22.791034698486328,0.6033065599205383,0.4072987116282984
512000000002,0.0,0.8,0.3,13.968350410461426,17.596233367919922,0.2922325376587511,0.3022149277679719
512000000002,0.0,0.9,0.3,13.464146614074709,18.7158145904541,0.3040151503707802,0.31381707323976615
512000000002,0.0,1.0,0.3,13.07411289215088,19.804054260253903,0.3260669357269612,0.3272129807568116
512000000003,0.0,0.0,0.3,19.413917541503903,27.471755981445312,0.8429273976676235,0.6140269254521811
512000000003,0.0,0.1,0.3,19.41276741027832,27.359060287475582,0.8186702104793053,0.6117600908459155
512000000003,0.0,0.2,0.3,19.39968490600586,27.94680976867676,0.938790587953375,0.6231784525542734
512000000003,0.0,0.3,0.3,19.34772109985352,28.213268280029297,0.9778322259878944,0.627380322077458
512000000003,0.0,0.4,0.3,19.272729873657227,28.04535675048828,0.917151008316889,0.6224512756508227
512000000003,0.0,0.5,0.3,19.21390724182129,25.9517765045166,0.4539749617852753,0.5795465463520528
512000000003,0.0,0.6,0.3,19.055095672607425,27.45423889160156,0.7190550209296277,0.6060807397706793
512000000003,0.0,0.7,0.3,18.80562973022461,25.852855682373047,0.2962974081601636,0.5689333800075167
512000000003,0.0,0.8,0.3,17.920839309692383,27.18797874450684,0.2828156110206094,0.576766034280078
512000000003,0.0,0.9,0.3,18.415958404541016,26.303878784179688,0.2613438454376257,0.5696572690856183
512000000003,0.0,1.0,0.3,18.34259986877441,27.20053100585937,0.4267131238302712,0.5859460779740329
512000000004,0.0,0.0,0.3,19.7876205444336,22.0244197845459,0.7956149675200065,0.5135454933628785
512000000004,0.0,0.1,0.3,19.78314781188965,22.079233169555664,0.8066289241986204,0.5145414960379504
512000000004,0.0,0.2,0.3,19.82235145568848,22.754812240600582,0.948917477350246,0.5288146362590542
512000000004,0.0,0.3,0.3,19.773530960083008,21.95234680175781,0.7797482102112283,0.5118130148561935
512000000004,0.0,0.4,0.3,19.795732498168945,23.002073287963867,0.9981542858828129,0.5331711505430801
512000000004,0.0,0.5,0.3,19.709747314453125,21.52328872680664,0.6866849536045218,0.5019248353954816
512000000004,0.0,0.6,0.3,19.542360305786133,21.36306381225586,0.6419771933657602,0.4951923721423677
512000000004,0.0,0.7,0.3,18.10594367980957,22.479507446289062,0.7730284467354165,0.48699360042257506
512000000004,0.0,0.8,0.3,16.811080932617188,21.40911293029785,0.4621082850708971,0.43827713269263674
512000000004,0.0,0.9,0.3,12.611332893371582,20.58186149597168,0.0,0.33289141525733246
512000000004,0.0,1.0,0.3,13.448028564453123,22.30820083618164,0.4146655510820141,0.3849591041319581
513000000000,0.0,0.0,0.3,19.821063995361328,24.95866203308105,0.4941356338583872,0.5726408118899691
513000000000,0.0,0.1,0.3,19.82008934020996,25.07266616821289,0.5243733233452498,0.5748886927984862
513000000000,0.0,0.2,0.3,19.835805892944336,25.07917594909668,0.532374159698312,0.5753510071318346
513000000000,0.0,0.3,0.3,19.7484130859375,25.26230812072754,0.546804633039955,0.5771446361182053
513000000000,0.0,0.4,0.3,19.75858688354492,25.357440948486328,0.5764077281387644,0.5792530602530628
513000000000,0.0,0.5,0.3,19.76845932006836,25.51255226135254,0.6220032134990127,0.5825485888799347
513000000000,0.0,0.6,0.3,19.460981369018555,25.64692497253418,0.5357847713104058,0.5787119370399783
513000000000,0.0,0.7,0.3,19.33940696716309,25.91147804260254,0.5584901532413458,0.5814019705171447
513000000000,0.0,0.8,0.3,19.451313018798828,25.948530197143555,0.6129601547604833,0.5845087308546257
513000000000,0.0,0.9,0.3,19.344402313232425,26.264629364013672,0.6553458387473947,0.5885349435066412
513000000000,0.0,1.0,0.3,18.578901290893555,26.819929122924805,0.5,0.5833760467493463
513000000001,0.0,0.0,0.3,22.038272857666016,24.72202110290528,0.8926597149766907,0.6148787250349108
513000000001,0.0,0.1,0.3,22.026172637939453,24.698081970214844,0.889084522680766,0.6141461632040718
513000000001,0.0,0.2,0.3,22.0173454284668,24.73146247863769,0.8918353147882468,0.6146234817073417
513000000001,0.0,0.3,0.3,21.990203857421875,25.324365615844727,0.9519667549185572,0.625846709942958
513000000001,0.0,0.4,0.3,21.963043212890625,24.934654235839844,0.9085302272958996,0.6175169209609943
513000000001,0.0,0.5,0.3,21.887136459350582,25.336977005004883,0.9443349135324066,0.6239153304228833
513000000001,0.0,0.6,0.3,21.750423431396484,25.740442276000977,0.974973292750918,0.6290489744133438
513000000001,0.0,0.7,0.3,21.665019989013672,25.70723342895508,0.9640478277226492,0.6265798511836751
513000000001,0.0,0.8,0.3,20.57303237915039,21.78739356994629,0.4559602428860626,0.5254591626211037
513000000001,0.0,0.9,0.3,16.28742790222168,21.109939575195312,0.0119509562091779,0.4212362917952322
513000000001,0.0,1.0,0.3,18.759565353393555,20.996551513671875,0.2149368893028056,0.4713245652470576
513000000002,0.0,0.0,0.3,22.69002914428711,26.12735366821289,0.6149253013063707,0.6566429728408578
513000000002,0.0,0.1,0.3,22.702306747436523,25.41087532043457,0.5,0.6426460493199341
513000000002,0.0,0.2,0.3,22.65133476257324,26.03077507019043,0.5954643392004081,0.6539018909486323
513000000002,0.0,0.3,0.3,22.32572364807129,26.97689437866211,0.7167869621624304,0.6658338791178611
513000000002,0.0,0.4,0.3,21.915128707885746,27.311559677124023,0.7306392366536001,0.6637993831999304
513000000002,0.0,0.5,0.3,21.94288825988769,26.77508544921875,0.6464136657921281,0.6537120939714938
513000000002,0.0,0.6,0.3,19.6737060546875,26.146608352661133,0.3213084646918932,0.5931591054372491
513000000002,0.0,0.7,0.3,19.858423233032227,28.495603561401367,0.7202263387072139,0.6438118899165872
513000000002,0.0,0.8,0.3,19.84975814819336,27.345298767089844,0.5329223293708059,0.6207390088804845
513000000002,0.0,0.9,0.3,18.160924911499023,27.48771095275879,0.3898628530534965,0.5878137968419235
513000000002,0.0,1.0,0.3,17.619834899902344,28.297679901123047,0.4679187849273412,0.5924740829053825
513000000003,0.0,0.0,0.3,20.644824981689453,31.823699951171875,0.7664532019324305,0.7266873233991562
513000000003,0.0,0.1,0.3,20.64569854736328,31.45798110961914,0.6412626731358642,0.7194285419996651
513000000003,0.0,0.2,0.3,20.6406478881836,31.739652633666992,0.734121113627928,0.7249264579343826
513000000003,0.0,0.3,0.3,20.72465133666992,31.765100479125977,0.811221729321136,0.7272115052285099
513000000003,0.0,0.4,0.3,20.66363525390625,32.3134651184082,0.9503610808529416,0.7368312295370256
513000000003,0.0,0.5,0.3,20.662899017333984,31.574222564697266,0.6952728283999621,0.7221057787323419
513000000003,0.0,0.6,0.3,20.552562713623047,31.74057960510254,0.6627795682896176,0.7230798058687952
513000000003,0.0,0.7,0.3,20.576086044311523,31.725215911865234,0.6766276420426256,0.7232721686965273
513000000003,0.0,0.8,0.3,20.309619903564453,30.861061096191406,0.1623560409276699,0.7004346332084534
513000000003,0.0,0.9,0.3,20.34293937683105,31.28284454345703,0.3346645391424294,0.7095330159059821
513000000003,0.0,1.0,0.3,20.11005210876465,30.92190933227539,0.020947420674005,0.6974198177992081
513000000004,0.0,0.0,0.3,21.56023597717285,23.77728271484375,0.6164039307644631,0.5859579369923836
513000000004,0.0,0.1,0.3,21.58236312866211,23.48712921142578,0.5786577628735482,0.5806528160410533
513000000004,0.0,0.2,0.3,21.511886596679688,24.06152534484864,0.6521394346418916,0.5905902159666448
513000000004,0.0,0.3,0.3,20.992481231689453,24.26923942565918,0.6557184029597845,0.5837256440310461
513000000004,0.0,0.4,0.3,21.026775360107425,25.12711906433105,0.7719623756109713,0.6015223498556379
513000000004,0.0,0.5,0.3,20.575401306152344,25.921255111694336,0.8570781545368744,0.6077672113267494
513000000004,0.0,0.6,0.3,19.021211624145508,26.63993263244629,0.8807698851084202,0.5891597643766853
513000000004,0.0,0.7,0.3,16.13968849182129,22.89855194091797,0.2466254061410948,0.4536988971924172
513000000004,0.0,0.8,0.3,14.38504123687744,24.075008392333984,0.3221629773016992,0.43995614386534626
513000000004,0.0,0.9,0.3,13.012199401855469,24.58279037475586,0.326112866924011,0.42099200171790996
513000000004,0.0,1.0,0.3,10.841991424560549,25.723201751708984,0.3774876233775039,0.39773300563352615
514000000000,0.0,0.0,0.3,18.791534423828125,24.445619583129883,0.6801911185502749,0.5406329577328004
514000000000,0.0,0.1,0.3,18.7916259765625,24.32280158996582,0.631328554095936,0.5381909951166205
514000000000,0.0,0.2,0.3,18.73291015625,25.008544921875,0.8868676676465541,0.550593062790117
514000000000,0.0,0.3,0.3,18.72921371459961,24.64478302001953,0.7409687343300397,0.5432764572715283
514000000000,0.0,0.4,0.3,18.695199966430664,24.76604080200196,0.779138901854207,0.544969112307973
514000000000,0.0,0.5,0.3,18.5185661315918,24.988988876342773,0.8154453973518306,0.5456654491379165
514000000000,0.0,0.6,0.3,18.02385902404785,24.531471252441406,0.4864468459600763,0.5260866804461344
514000000000,0.0,0.7,0.3,18.238582611083984,25.24895668029785,0.8358042113274561,0.5449101201608695
514000000000,0.0,0.8,0.3,18.27006721496582,24.72752571105957,0.6375875571166322,0.5352010435951844
514000000000,0.0,0.9,0.3,17.592941284179688,23.99288558959961,0.144116554467287,0.5062454375825995
514000000000,0.0,1.0,0.3,17.107528686523438,25.243776321411133,0.4979378719385067,0.5208583341241824
514000000001,0.0,0.0,0.3,19.412267684936523,27.920753479003903,0.7261712872349614,0.6229263951122418
514000000001,0.0,0.1,0.3,19.41963768005371,27.548677444458008,0.5549917082461311,0.6156786687979269
514000000001,0.0,0.2,0.3,19.39873504638672,27.644161224365234,0.5849783034345959,0.6171360703781521
514000000001,0.0,0.3,0.3,19.37771224975586,27.51218605041504,0.5069264677390469,0.6140648221430121
514000000001,0.0,0.4,0.3,19.40192031860352,27.79083633422852,0.6569251779902092,0.6201221380696031
514000000001,0.0,0.5,0.3,19.234298706054688,28.04152107238769,0.6529702185270847,0.6215612175033489
514000000001,0.0,0.6,0.3,19.3664493560791,27.92103576660156,0.6927036384511364,0.6219618643090932
514000000001,0.0,0.7,0.3,19.29989624023437,28.48634147644043,0.9121856579746124,0.6318014515113024
514000000001,0.0,0.8,0.3,19.329126358032227,27.43280601501465,0.4336220426181904,0.611456526062188
514000000001,0.0,0.9,0.3,18.737850189208984,27.5273380279541,0.0448641817957983,0.6008180163297232
514000000001,0.0,1.0,0.3,18.87983131408692,28.46468162536621,0.5938445762778557,0.6224760828868701
514000000002,0.0,0.0,0.3,15.68628215789795,29.8804874420166,0.8040726449469953,0.5830290227037873
514000000002,0.0,0.1,0.3,15.68088722229004,30.24796867370605,0.930429710434128,0.590227138566336
514000000002,0.0,0.2,0.3,15.681509971618652,30.24081039428711,0.9285731934527393,0.5900978850848146
514000000002,0.0,0.3,0.3,15.652751922607422,29.907230377197266,0.774550270999244,0.5828512062476521
514000000002,0.0,0.4,0.3,15.571742057800291,30.321985244750977,0.8296249902678046,0.5893889443243172
514000000002,0.0,0.5,0.3,15.586782455444336,30.4232234954834,0.8837450554348427,0.5917219019743618
514000000002,0.0,0.6,0.3,15.60016918182373,30.19795799255371,0.818065341184853,0.5875228907837375
514000000002,0.0,0.7,0.3,15.43290901184082,29.970043182373047,0.5403623169701023,0.5794461817765182
514000000002,0.0,0.8,0.3,15.258344650268556,29.731565475463867,0.2503119138704586,0.571004628882982
514000000002,0.0,0.9,0.3,15.44169807434082,29.61392402648925,0.4220726338463857,0.572546021402836
514000000002,0.0,1.0,0.3,15.514531135559082,29.038179397583008,0.2993269820045676,0.5626316850275748
514000000003,0.0,0.0,0.3,18.278711318969727,23.52448272705078,0.7834445623706028,0.5114452497802682
514000000003,0.0,0.1,0.3,18.272123336791992,23.30039405822754,0.7485072520227011,0.5068467155013623
514000000003,0.0,0.2,0.3,18.2041130065918,22.34049415588379,0.5940580431364391,0.4863060534404826
514000000003,0.0,0.3,0.3,18.006744384765625,23.65093231201172,0.7699529445784745,0.5082028421466773
514000000003,0.0,0.4,0.3,17.430526733398438,21.66421127319336,0.3978362164941396,0.45646924085924356
514000000003,0.0,0.5,0.3,16.5248966217041,23.548837661743164,0.5759085810627382,0.47479496436862134
514000000003,0.0,0.6,0.3,15.469297409057615,22.832422256469727,0.3396034278110202,0.43818828812873034
514000000003,0.0,0.7,0.3,14.127609252929688,23.84092712402344,0.3316603447654551,0.42984745168705807
514000000003,0.0,0.8,0.3,14.921493530273438,24.94575500488281,0.5956233145696992,0.4686414781657009
514000000003,0.0,0.9,0.3,14.702871322631836,22.88564682006836,0.2553971344510661,0.4230192311456026
514000000003,0.0,1.0,0.3,14.2562255859375,22.431888580322266,0.1324607580855016,0.40453291041467
514000000004,0.0,0.0,0.3,20.612998962402344,27.878883361816406,0.6631972637618105,0.6475172784676795
514000000004,0.0,0.1,0.3,20.61495018005371,27.941688537597656,0.6768002560305927,0.648808325673244
514000000004,0.0,0.2,0.3,20.59248161315918,28.38360595703125,0.770159087906941,0.6571261008655698
514000000004,0.0,0.3,0.3,20.523712158203125,27.56996154785156,0.5911006589745903,0.6394796388739373
514000000004,0.0,0.4,0.3,20.305444717407227,27.230104446411133,0.503970723640075,0.6280954220174026
514000000004,0.0,0.5,0.3,20.2543888092041,27.117706298828125,0.4765303424018911,0.6247778134458052
514000000004,0.0,0.6,0.3,20.193096160888672,27.250730514526367,0.5010834274417301,0.6261270057129504
514000000004,0.0,0.7,0.3,18.66753196716309,29.01439094543457,0.7802065825865319,0.6289193235268133
514000000004,0.0,0.8,0.3,17.367158889770508,29.447969436645508,0.7885947977359438,0.6100130774453874
514000000004,0.0,0.9,0.3,14.8881196975708,28.38030433654785,0.3981423897398669,0.5362774114244576
514000000004,0.0,1.0,0.3,12.933513641357422,27.63870429992676,0.1117895212440737,0.48013421035411885
521000000000,0.0,0.0,0.3,21.04771423339844,23.651262283325195,0.9611843310841982,0.5725982814191604
521000000000,0.0,0.1,0.3,21.047739028930664,23.42700958251953,0.9127867294910352,0.5681365007422009
521000000000,0.0,0.2,0.3,21.013397216796875,23.14858627319336,0.8496989071212168,0.5618691314742021
521000000000,0.0,0.3,0.3,20.881223678588867,23.664140701293945,0.9494362807851916,0.569329306444842
521000000000,0.0,0.4,0.3,20.74638938903809,23.260610580444336,0.8505783149124395,0.5584446847000432
521000000000,0.0,0.5,0.3,20.73865509033203,22.621322631835938,0.7119279028513947,0.5455600110088292
521000000000,0.0,0.6,0.3,20.26773262023925,22.65228843688965,0.6775196115797307,0.5362049699011604
521000000000,0.0,0.7,0.3,19.655073165893555,23.831098556518555,0.8784793770037203,0.5466892671923201
521000000000,0.0,0.8,0.3,18.28466796875,21.5144271850586,0.2589011653635984,0.4715741650203523
521000000000,0.0,0.9,0.3,17.506460189819336,22.801776885986328,0.4688413495120545,0.48071295727005003
521000000000,0.0,1.0,0.3,15.31757640838623,22.07184791564941,0.1203063881778641,0.4198414449907905
521000000001,0.0,0.0,0.3,18.645544052124023,26.305543899536133,0.8135645455691698,0.5745516020056081
521000000001,0.0,0.1,0.3,18.65492248535156,26.39482307434082,0.823129242752773,0.5765267059966949
521000000001,0.0,0.2,0.3,18.684297561645508,26.54034423828125,0.8420065122515239,0.5800443493790901
521000000001,0.0,0.3,0.3,18.586027145385746,24.817216873168945,0.6767083578663053,0.5436758394276691
521000000001,0.0,0.4,0.3,18.478565216064453,26.09490966796875,0.7572010862754993,0.5668247085256937
521000000001,0.0,0.5,0.3,18.44753837585449,27.192068099975582,0.8406118084113959,0.5879996248143704
521000000001,0.0,0.6,0.3,18.36262321472168,26.811527252197266,0.7893577237403232,0.5786294338963016
521000000001,0.0,0.7,0.3,18.39723396301269,26.660228729248047,0.7849325986558859,0.5763516521490776
521000000001,0.0,0.8,0.3,17.76582908630371,28.45257568359375,0.7856984552943218,0.5986475368659725
521000000001,0.0,0.9,0.3,18.1560173034668,22.40096092224121,0.3767390733546067,0.48649088640747074
521000000001,0.0,1.0,0.3,16.541362762451172,26.524385452270508,0.3406879562429143,0.5343527295856986
521000000002,0.0,0.0,0.3,21.310447692871094,26.194551467895508,0.9642546803770852,0.6287691368944324
521000000002,0.0,0.1,0.3,21.287073135375977,25.73727035522461,0.8715331569840241,0.6191749734040752
521000000002,0.0,0.2,0.3,21.187652587890625,25.386016845703125,0.7853342651386057,0.6100804242441422
521000000002,0.0,0.3,0.3,20.4190616607666,24.99455451965332,0.5683431379532251,0.5860169008692755
521000000002,0.0,0.4,0.3,19.69570541381836,24.746978759765625,0.3874910842780258,0.5657743027431152
521000000002,0.0,0.5,0.3,19.44286346435547,25.49113273620605,0.4849069081284932,0.5752282711619718
521000000002,0.0,0.6,0.3,18.962764739990234,25.176212310791016,0.3357517051150434,0.5587962962138512
521000000002,0.0,0.7,0.3,18.590620040893555,23.793689727783203,0.0,0.5234063727350303
521000000002,0.0,0.8,0.3,20.25624084472656,26.37595558166504,0.8055324939372555,0.6100572573453397
521000000002,0.0,0.9,0.3,20.81190490722656,26.3794059753418,0.908350298357682,0.6218914323659632
521000000002,0.0,1.0,0.3,19.92947006225586,26.12183952331543,0.696322102001077,0.598081736175432
521000000003,0.0,0.0,0.3,18.92897605895996,28.63145446777344,0.7914152983213028,0.62683520297319
521000000003,0.0,0.1,0.3,18.93666648864746,28.437721252441406,0.7325660524812884,0.6231430266604798
521000000003,0.0,0.2,0.3,18.93086814880371,28.470867156982425,0.7413453866404747,0.6236798095502087
521000000003,0.0,0.3,0.3,18.857702255249023,28.67460250854492,0.7845160804537873,0.6261846498909913
521000000003,0.0,0.4,0.3,18.815114974975582,28.658920288085938,0.7673250486400818,0.6249708619372039
521000000003,0.0,0.5,0.3,18.771041870117188,28.4621810913086,0.6926409501565468,0.6201228404356847
521000000003,0.0,0.6,0.3,18.72307014465332,28.69889068603516,0.7534504576385963,0.6238172768732736
521000000003,0.0,0.7,0.3,18.45573616027832,29.28623008728028,0.8616822860553346,0.6298440097675924
521000000003,0.0,0.8,0.3,17.19816780090332,28.065040588378903,0.1151041510114507,0.5789166028460119
521000000003,0.0,0.9,0.3,18.42830467224121,28.590229034423828,0.634426490269638,0.6154137627451302
521000000003,0.0,1.0,0.3,18.050382614135746,27.699840545654297,0.2451007927818028,0.5896942701665487
521000000004,0.0,0.0,0.3,19.79051399230957,30.8787784576416,0.6098988441560886,0.689795740834829
521000000004,0.0,0.1,0.3,19.788799285888672,31.17755699157715,0.6988830687576634,0.6957046964034239
521000000004,0.0,0.2,0.3,19.803237915039062,30.956918716430664,0.6457842296668876,0.6916200331538302
521000000004,0.0,0.3,0.3,19.79437065124512,31.18696594238281,0.7070718399787164,0.6960098879201482
521000000004,0.0,0.4,0.3,19.764339447021484,30.476293563842773,0.4627529979873396,0.6812326567932059
521000000004,0.0,0.5,0.3,19.55578994750977,30.72150039672852,0.337434287614741,0.6816961350996484
521000000004,0.0,0.6,0.3,19.665189743041992,31.66914367675781,0.7296305740263069,0.7028692801027441
521000000004,0.0,0.7,0.3,19.40353775024414,31.156888961791992,0.3237090538845498,0.687135983462738
521000000004,0.0,0.8,0.3,19.281068801879883,32.12470626831055,0.5,0.7038010211934176
521000000004,0.0,0.9,0.3,19.368427276611328,32.0772819519043,0.5692647566904491,0.7047070560836676
521000000004,0.0,1.0,0.3,19.487504959106445,31.103206634521484,0.3878283306634502,0.6878456869823653
522000000000,0.0,0.0,0.3,23.086780548095703,23.068714141845703,0.9477555972459852,0.6041811855147896
522000000000,0.0,0.1,0.3,23.056978225708008,22.54811286926269,0.884158648903264,0.5931909418812635
522000000000,0.0,0.2,0.3,23.031145095825195,22.699951171875,0.9015517597228008,0.5956653199622495
522000000000,0.0,0.3,0.3,22.90306854248047,23.38081169128418,0.9791348881072012,0.6065015967327346
522000000000,0.0,0.4,0.3,22.84869956970215,22.33035659790039,0.851003657941509,0.5844478561326883
522000000000,0.0,0.5,0.3,22.68906021118164,22.201881408691406,0.8302121653803345,0.578511213834759
522000000000,0.0,0.6,0.3,21.53220558166504,22.903854370117188,0.8759012738043495,0.5679844613153581
522000000000,0.0,0.7,0.3,21.3874568939209,23.503198623657227,0.9431245054551154,0.5768456694633515
522000000000,0.0,0.8,0.3,19.5922966003418,21.57578086853028,0.651279874770192,0.5004824760094222
522000000000,0.0,0.9,0.3,14.025270462036133,20.36477279663086,0.3193372006155022,0.35851008762664405
522000000000,0.0,1.0,0.3,8.147801399230957,19.345006942749023,0.0,0.21376988892385568
522000000001,0.0,0.0,0.3,18.91752052307129,30.203235626220703,0.9872111314691572,0.6578688265798225
522000000001,0.0,0.1,0.3,18.92357444763184,30.211898803710938,0.988606141759387,0.6581693958917588
522000000001,0.0,0.2,0.3,18.922992706298828,27.686681747436523,0.7381596419679951,0.6079088965725444
522000000001,0.0,0.3,0.3,18.62702178955078,29.248422622680664,0.8668144495397606,0.6327184625516855
522000000001,0.0,0.4,0.3,18.223783493041992,28.202510833740234,0.7274031329860564,0.6033682394915412
522000000001,0.0,0.5,0.3,17.77601432800293,30.326805114746094,0.8983999373160175,0.6361576627954713
522000000001,0.0,0.6,0.3,16.593225479125977,26.778858184814453,0.4418742235481864,0.5405145009259584
522000000001,0.0,0.7,0.3,16.034637451171875,25.284337997436523,0.2442258798385886,0.4989482735670817
522000000001,0.0,0.8,0.3,14.679497718811035,28.134387969970703,0.4068523221884572,0.5269667109021867
522000000001,0.0,0.9,0.3,14.662871360778809,29.496788024902344,0.5404729023682263,0.5537244662487157
522000000001,0.0,1.0,0.3,13.27613639831543,26.92974281311035,0.163154739276886,0.4732815222278162
522000000002,0.0,0.0,0.3,21.120311737060547,24.225271224975582,0.6872988867158898,0.5855573971405759
522000000002,0.0,0.1,0.3,21.119665145874023,23.689085006713867,0.6509146778247998,0.5748743730258594
522000000002,0.0,0.2,0.3,21.13566017150879,23.358060836791992,0.630348103840883,0.5686261443104306
522000000002,0.0,0.3,0.3,21.00708770751953,23.22163200378418,0.6062409659667187,0.5631890400265142
522000000002,0.0,0.4,0.3,20.52836799621582,23.034513473510746,0.5382092819096167,0.5493293376234748
522000000002,0.0,0.5,0.3,19.818283081054688,24.55809783935547,0.5592672261325995,0.5646112789683813
522000000002,0.0,0.6,0.3,18.90331077575684,23.82655906677246,0.4039191244761346,0.5306812748659436
522000000002,0.0,0.7,0.3,18.976049423217773,21.43319320678711,0.2502569649636543,0.4845968953201165
522000000002,0.0,0.8,0.3,19.072492599487305,23.691059112548828,0.4143079729346465,0.5315672422921314
522000000002,0.0,0.9,0.3,16.811994552612305,28.81675910949707,0.5,0.5856979651680716
522000000002,0.0,1.0,0.3,17.072668075561523,25.708324432373047,0.319648121426445,0.5293640408712716
522000000003,0.0,0.0,0.3,20.79044914245605,23.52585792541504,0.5804436197591414,0.5646556369585991
522000000003,0.0,0.1,0.3,20.7924919128418,23.63222312927246,0.5909398972026815,0.5668154044901174
522000000003,0.0,0.2,0.3,20.84673500061035,24.92828750610352,0.7209927131130573,0.5937537505479518
522000000003,0.0,0.3,0.3,20.72649383544922,24.863731384277344,0.7058842002339321,0.5899232148948912
522000000003,0.0,0.4,0.3,20.721755981445312,23.37681579589844,0.5609021047948752,0.5602354183531056
522000000003,0.0,0.5,0.3,20.664737701416016,25.42195701599121,0.7556489075703849,0.5997234890531173
522000000003,0.0,0.6,0.3,20.2653923034668,25.2501220703125,0.7096112090609623,0.5878485634353712
522000000003,0.0,0.7,0.3,19.067800521850582,25.83889579772949,0.6789453517680453,0.5742067491087948
522000000003,0.0,0.8,0.3,19.866914749145508,22.6563663482666,0.4280538642260169,0.5277992788775399
522000000003,0.0,0.9,0.3,17.125713348388672,27.796628952026367,0.7267732233453662,0.572041462198938
522000000003,0.0,1.0,0.3,14.037333488464355,25.030696868896484,0.2309542044499064,0.451610675089521
522000000004,0.0,0.0,0.3,18.1090087890625,24.122159957885746,0.5708838373790103,0.5197449190301079
522000000004,0.0,0.1,0.3,18.101638793945312,24.145183563232425,0.5718542797597573,0.5200470048406719
522000000004,0.0,0.2,0.3,18.106189727783203,24.12187385559082,0.5704430262994948,0.5196795357799121
522000000004,0.0,0.3,0.3,18.08481216430664,24.90178871154785,0.6369427803940865,0.5347460737304484
522000000004,0.0,0.4,0.3,18.063844680786133,23.303695678710938,0.4911395943757103,0.5025023633493408
522000000004,0.0,0.5,0.3,18.123994827270508,24.75014305114746,0.6291721556167161,0.5325581892337831
522000000004,0.0,0.6,0.3,17.915599822998047,23.345457077026367,0.4730318345005453,0.5001944487309505
522000000004,0.0,0.7,0.3,16.697751998901367,24.964200973510746,0.4381957576877044,0.5066186597176596
522000000004,0.0,0.8,0.3,16.685842514038086,24.023202896118164,0.3524074391495926,0.4876419845633203
522000000004,0.0,0.9,0.3,14.7296724319458,25.28478240966797,0.1769170786147099,0.47132605444070774
522000000004,0.0,1.0,0.3,15.161861419677734,28.90260887145996,0.5636635147455682,0.552466670458382
523000000000,0.0,0.0,0.3,19.117631912231445,26.417858123779297,0.877813201236864,0.5867823850199037
523000000000,0.0,0.1,0.3,19.13162422180176,26.19602394104004,0.8589039658523032,0.5826644746525516
523000000000,0.0,0.2,0.3,19.13323783874512,25.9160099029541,0.8338038231146274,0.5771267650717284
523000000000,0.0,0.3,0.3,19.076547622680664,26.472150802612305,0.8795509403644781,0.5869928207757269
523000000000,0.0,0.4,0.3,18.969953536987305,26.460731506347656,0.8703417332957049,0.5845085918717159
523000000000,0.0,0.5,0.3,18.792625427246094,26.881397247314453,0.8946267623356636,0.5891245250050432
523000000000,0.0,0.6,0.3,18.63354110717773,25.81802558898925,0.78662814973009,0.5645965420337673
523000000000,0.0,0.7,0.3,16.997188568115234,25.96853446960449,0.6746045763944665,0.5329436581135472
523000000000,0.0,0.8,0.3,14.225103378295898,22.210418701171875,0.1233260997646954,0.3994670036080088
523000000000,0.0,0.9,0.3,12.61814022064209,27.66992950439453,0.4917988734361297,0.474077894663511
523000000000,0.0,1.0,0.3,13.63276195526123,27.760971069335938,0.5778669633283686,0.4973728836459397
523000000001,0.0,0.0,0.3,18.283466339111328,27.53739356994629,0.7172043725951229,0.5913970764655724
523000000001,0.0,0.1,0.3,18.276744842529297,27.889936447143555,0.7772591465373409,0.5982698522629747
523000000001,0.0,0.2,0.3,18.258319854736328,27.444808959960938,0.6957675168244639,0.5890223295876579
523000000001,0.0,0.3,0.3,18.222421646118164,28.035186767578125,0.7911493123578579,0.6000098961502157
523000000001,0.0,0.4,0.3,18.057064056396484,27.964067459106445,0.7439386655248204,0.5950934765959638
523000000001,0.0,0.5,0.3,17.727018356323242,28.63984489440918,0.792288449037384,0.6015521539302717
523000000001,0.0,0.6,0.3,16.459970474243164,29.159290313720703,0.6161272513004391,0.5850601568864272
523000000001,0.0,0.7,0.3,15.90833568572998,27.985095977783203,0.295266236767978,0.550015178985903
523000000001,0.0,0.8,0.3,17.307430267333984,27.49214744567871,0.5038452356665957,0.5698303557100891
523000000001,0.0,0.9,0.3,16.165664672851562,26.291677474975582,0.0541715435222976,0.5217672215993321
523000000001,0.0,1.0,0.3,16.38593101501465,27.431196212768555,0.2992285435196334,0.549105877372702
523000000002,0.0,0.0,0.3,20.596599578857425,26.59309196472168,0.9744794538927344,0.6215846447570581
523000000002,0.0,0.1,0.3,20.60361099243164,26.566463470458984,0.967621842482127,0.6212032343179733
523000000002,0.0,0.2,0.3,20.623714447021484,26.642942428588867,1.0,0.6231507218446701
523000000002,0.0,0.3,0.3,20.47322654724121,26.407245635986328,0.872312841935898,0.6152742952150665
523000000002,0.0,0.4,0.3,20.54780387878418,26.449954986572266,0.9103603959398684,0.6177032349233262
523000000002,0.0,0.5,0.3,20.466976165771484,26.23789596557617,0.8126769165956713,0.6117721364370843
523000000002,0.0,0.6,0.3,20.35375213623047,26.20365333557129,0.7653321921336947,0.6086933749960566
523000000002,0.0,0.7,0.3,19.946895599365234,25.174575805664062,0.2866882113689181,0.5796015175586791
523000000002,0.0,0.8,0.3,19.69896125793457,25.23355484008789,0.2286303986857307,0.5755254043677356
523000000002,0.0,0.9,0.3,19.037260055541992,25.92005729675293,0.2538471930136767,0.5751750884355794
523000000002,0.0,1.0,0.3,19.435035705566406,25.214031219482425,0.1388013790158664,0.5695486068027205
523000000003,0.0,0.0,0.3,19.210468292236328,27.60029983520508,0.7716494398813178,0.6122769701911934
523000000003,0.0,0.1,0.3,19.21017837524414,27.41573143005371,0.7279474661314275,0.60859818617083
523000000003,0.0,0.2,0.3,19.178911209106445,27.18023681640625,0.6678410742180915,0.6032501380298694
523000000003,0.0,0.3,0.3,19.137868881225582,26.45195960998535,0.4897878393645881,0.5878894489100539
523000000003,0.0,0.4,0.3,18.98183250427246,27.07515335083008,0.6152607260382273,0.5969862242767839
523000000003,0.0,0.5,0.3,19.02002716064453,27.56980323791504,0.7376469073021128,0.6076377702864084
523000000003,0.0,0.6,0.3,18.67635726928711,27.83966445922852,0.7531426685714463,0.6057308238779604
523000000003,0.0,0.7,0.3,18.28785514831543,27.42632102966309,0.6007143785435608,0.5892798206706455
523000000003,0.0,0.8,0.3,16.467674255371094,28.565603256225582,0.6141862185332082,0.5734097579801177
523000000003,0.0,0.9,0.3,17.004384994506836,27.53038024902344,0.4447917518132354,0.5641745148228848
523000000003,0.0,1.0,0.3,15.655911445617676,28.143617630004883,0.40017578720724,0.5478247522942709
523000000004,0.0,0.0,0.3,20.80520820617676,26.49225234985352,0.7697008369145149,0.6239951180770007
523000000004,0.0,0.1,0.3,20.81943702697754,26.32308006286621,0.7387361062056944,0.6209301114119322
523000000004,0.0,0.2,0.3,20.833860397338867,26.0828914642334,0.6942527515434601,0.6164561018022527
523000000004,0.0,0.3,0.3,20.748369216918945,25.49419403076172,0.5743497750040103,0.6029316981802038
523000000004,0.0,0.4,0.3,20.43676948547364,25.92004776000977,0.6274777712164845,0.6048078249638962
523000000004,0.0,0.5,0.3,20.53122901916504,26.39997100830078,0.7274548421340177,0.6163576730755953
523000000004,0.0,0.6,0.3,19.431760787963867,26.112342834472656,0.5736850997401206,0.5873543714177254
523000000004,0.0,0.7,0.3,19.12934684753418,25.33919143676757,0.3991022419076849,0.565566521495004
523000000004,0.0,0.8,0.3,18.616729736328125,27.68697166442871,0.8004704264391811,0.60142991604572
523000000004,0.0,0.9,0.3,17.75498390197754,25.46092796325684,0.298620838314808,0.5388884232199644
523000000004,0.0,1.0,0.3,15.277965545654297,25.063758850097656,0.0,0.4785374502025575
524000000000,0.0,0.0,0.3,20.7386531829834,21.606822967529297,0.5361086843492132,0.5253728887693984
524000000000,0.0,0.1,0.3,20.72358512878418,21.4121036529541,0.4965264953657292,0.5211792070214234
524000000000,0.0,0.2,0.3,20.64798355102539,22.174474716186523,0.6204725695911091,0.5347485205870828
524000000000,0.0,0.3,0.3,20.43193817138672,22.80901908874512,0.688339243583076,0.5428005388298813
524000000000,0.0,0.4,0.3,20.21772193908692,23.663774490356445,0.7974634339837906,0.5552731693110908
524000000000,0.0,0.5,0.3,20.10702896118164,22.958717346191406,0.641200805241107,0.5388997573684489
524000000000,0.0,0.6,0.3,19.83946418762207,24.1083984375,0.7927179514236973,0.5561113931148929
524000000000,0.0,0.7,0.3,19.71673583984375,22.60013008117676,0.4847336981809357,0.5235004006798867
524000000000,0.0,0.8,0.3,18.86923217773437,22.333585739135746,0.2399383168455078,0.5002516831295541
524000000000,0.0,0.9,0.3,18.580211639404297,21.91225814819336,0.0951821334155911,0.4857482092871529
524000000000,0.0,1.0,0.3,18.56965446472168,22.09992790222168,0.1275498979581009,0.48925903158288814
524000000001,0.0,0.0,0.3,19.622472763061523,26.48710060119629,0.5497366222790034,0.5988496074440817
524000000001,0.0,0.1,0.3,19.595001220703125,26.50350379943848,0.5501800289766865,0.5985943306424595
524000000001,0.0,0.2,0.3,19.51110076904297,26.695465087890625,0.5698079918421006,0.6006375927520305
524000000001,0.0,0.3,0.3,19.39444160461425,26.99577522277832,0.6014016914122101,0.6041432145397514
524000000001,0.0,0.4,0.3,19.236072540283203,27.345462799072266,0.6368209556341393,0.607748219393718
524000000001,0.0,0.5,0.3,18.67342758178711,26.100980758666992,0.4423242457407923,0.5710714903429486
524000000001,0.0,0.6,0.3,17.684240341186523,27.42307472229004,0.5525096844811965,0.5764344074185774
524000000001,0.0,0.7,0.3,16.563140869140625,27.37338638305664,0.4779773552974573,0.5517077502308394
524000000001,0.0,0.8,0.3,15.528512001037598,29.58258438110352,0.6996702749188708,0.5737605879265097
524000000001,0.0,0.9,0.3,13.960393905639648,29.2718448638916,0.5643451933054542,0.5343743075016365
524000000001,0.0,1.0,0.3,11.39505386352539,29.98262596130371,0.5,0.4941998422835216
524000000002,0.0,0.0,0.3,17.816240310668945,25.16102409362793,0.6659338753865156,0.5342177989124036
524000000002,0.0,0.1,0.3,17.860828399658203,22.873262405395508,0.5,0.48963873608860264
524000000002,0.0,0.2,0.3,17.853763580322266,24.490312576293945,0.6195533110707283,0.5216661159633024
524000000002,0.0,0.3,0.3,17.71083641052246,23.58702850341797,0.5391541412353391,0.5006657535174246
524000000002,0.0,0.4,0.3,17.542373657226562,23.710527420043945,0.5327165632853491,0.49955620818171875
524000000002,0.0,0.5,0.3,17.466951370239258,25.32069969177246,0.6454211398887377,0.5299993407386359
524000000002,0.0,0.6,0.3,17.3162784576416,27.77084350585937,0.8135910177855283,0.5755633555952399
524000000002,0.0,0.7,0.3,16.725418090820312,28.66912269592285,0.8255884312296398,0.580927060933403
524000000002,0.0,0.8,0.3,16.294992446899414,29.59929656982422,0.8548307922133543,0.5903224365270082
524000000002,0.0,0.9,0.3,15.331801414489746,26.846742630004883,0.5609136248539637,0.5151561685657772
524000000002,0.0,1.0,0.3,12.467687606811523,23.959531784057617,0.0807511047451224,0.39706067228781367
524000000003,0.0,0.0,0.3,22.41509056091309,26.462411880493164,0.6849662955689811,0.6574886552824326
524000000003,0.0,0.1,0.3,22.43909072875977,26.304399490356445,0.6204195044876037,0.6548526109908821
524000000003,0.0,0.2,0.3,22.43094825744629,26.435970306396484,0.6791809993298528,0.6572982736705877
524000000003,0.0,0.3,0.3,22.334714889526367,26.521114349365234,0.678676771786676,0.6569548918283622
524000000003,0.0,0.4,0.3,22.27655792236328,26.23394203186035,0.518259057917768,0.650009172681806
524000000003,0.0,0.5,0.3,22.13444709777832,26.636213302612305,0.6482688969511,0.6550047659461172
524000000003,0.0,0.6,0.3,22.202741622924805,26.313709259033203,0.5247080017283055,0.6500334543719153
524000000003,0.0,0.7,0.3,21.7309684753418,26.04972076416016,0.2000515453089738,0.6347912355293243
524000000003,0.0,0.8,0.3,21.258684158325195,27.10718536376953,0.5,0.6458332062134489
524000000003,0.0,0.9,0.3,21.296968460083008,26.65702438354492,0.3033673780499931,0.6376862751705874
524000000003,0.0,1.0,0.3,21.415620803833008,26.834339141845703,0.4374660497887368,0.6437269038724135
524000000004,0.0,0.0,0.3,16.370466232299805,27.49015998840332,0.8768196693034835,0.549951723421171
524000000004,0.0,0.1,0.3,16.390705108642578,28.43183898925781,0.9767773127876894,0.5691183128022698
524000000004,0.0,0.2,0.3,16.397314071655273,28.64806365966797,1.0,0.5735608090853662
524000000004,0.0,0.3,0.3,16.117847442626953,26.925212860107425,0.7836565366498023,0.5333611908579934
524000000004,0.0,0.4,0.3,15.93959617614746,26.050508499145508,0.6687977178347956,0.5121815783129681
524000000004,0.0,0.5,0.3,15.192328453063965,27.28340530395508,0.6928585496932138,0.5208919547849901
524000000004,0.0,0.6,0.3,15.286420822143556,23.80223655700684,0.3466544554296432,0.45361400418576914
524000000004,0.0,0.7,0.3,14.872093200683594,26.868633270263672,0.6058570725109587,0.5058579931200778
524000000004,0.0,0.8,0.3,14.013381958007812,26.84943389892578,0.4853412208329454,0.48729377714939953
524000000004,0.0,0.9,0.3,13.103718757629396,27.17418670654297,0.3932815823590295,0.474494867723535
524000000004,0.0,1.0,0.3,12.775124549865724,24.36343002319336,0.0579048173095502,0.41160727232279176
611000000000,0.0,0.0,0.3,21.0466251373291,20.19820785522461,0.5336171523846187,0.5038644123975085
611000000000,0.0,0.1,0.3,21.016849517822266,20.537914276123047,0.5604942498168444,0.5099936179251064
611000000000,0.0,0.2,0.3,21.00634956359864,20.365705490112305,0.5448289546349933,0.5063445872815269
611000000000,0.0,0.3,0.3,20.978057861328125,20.12833976745605,0.5221348847281234,0.5010223086298415
611000000000,0.0,0.4,0.3,20.88145446777344,19.80779266357422,0.486832565865301,0.4925984225480296
611000000000,0.0,0.5,0.3,20.892751693725582,20.744009017944336,0.5683471764852088,0.5114669844577662
611000000000,0.0,0.6,0.3,20.581377029418945,21.032196044921875,0.5683390126186858,0.5106085077114629
611000000000,0.0,0.7,0.3,20.671594619750977,21.7465763092041,0.6370437146958922,0.526733894647039
611000000000,0.0,0.8,0.3,14.904351234436035,25.511180877685547,0.5014337196305773,0.4795296710299688
611000000000,0.0,0.9,0.3,14.774686813354492,25.614578247070312,0.5,0.4788416418092392
611000000000,0.0,1.0,0.3,15.02281379699707,24.646175384521484,0.4363952753330987,0.46482560988339494
611000000001,0.0,0.0,0.3,15.211684226989746,33.10258102416992,0.5,0.6370950038361354
611000000001,0.0,0.1,0.3,15.210460662841797,33.102806091308594,0.4998648655027665,0.6370735748510704
611000000001,0.0,0.2,0.3,15.201199531555176,33.18785858154297,0.5086907578282364,0.6385699035831622
611000000001,0.0,0.3,0.3,14.938149452209473,35.76689910888672,0.7786670676535387,0.684319326214158
611000000001,0.0,0.4,0.3,14.695321083068848,35.281246185302734,0.6891843857645554,0.6695139344562377
611000000001,0.0,0.5,0.3,14.504561424255373,35.83610534667969,0.7295335922058899,0.6765157264679785
611000000001,0.0,0.6,0.3,13.894083976745604,34.78832244873047,0.52503288168655,0.6427402316569047
611000000001,0.0,0.7,0.3,11.42892360687256,37.33404159545898,0.5,0.6411995741293115
611000000001,0.0,0.8,0.3,11.56063175201416,34.90556335449219,0.2304539148870782,0.5956651168613833
611000000001,0.0,0.9,0.3,12.488430976867676,37.10011672973633,0.612403050871966,0.6589785985398351
611000000001,0.0,1.0,0.3,13.138764381408691,36.23089218139648,0.5956534553581528,0.6554523086475394
611000000002,0.0,0.0,0.3,18.96209144592285,19.34514808654785,0.6214236717841124,0.4427522620644946
611000000002,0.0,0.1,0.3,18.96350479125977,19.68412399291992,0.6355650817716653,0.4495273201649632
611000000002,0.0,0.2,0.3,18.933652877807617,21.00957679748535,0.6885364110073835,0.47526984325041566
611000000002,0.0,0.3,0.3,18.813905715942383,26.17442321777344,0.8947230361646721,0.5755073447469299
611000000002,0.0,0.4,0.3,18.52644729614257,16.52599334716797,0.4759692279180021,0.37743090387956246
611000000002,0.0,0.5,0.3,18.156503677368164,16.41309356689453,0.4469890184459235,0.36735125040859745
611000000002,0.0,0.6,0.3,17.53300666809082,25.85811233520508,0.7974730042756126,0.5420917195182081
611000000002,0.0,0.7,0.3,16.692821502685547,28.477521896362305,0.8508414079563142,0.5764242875509671
611000000002,0.0,0.8,0.3,13.62055206298828,23.25650978088379,0.4326471180113482,0.4074820632738436
611000000002,0.0,0.9,0.3,12.957260131835938,25.54887008666992,0.4840811572222098,0.4390523234101606
611000000002,0.0,1.0,0.3,11.351863861083984,27.758174896240234,0.4701872736744168,0.4490219743104559
611000000003,0.0,0.0,0.3,16.768898010253906,30.578834533691406,0.7743775378675297,0.6198482103328318
611000000003,0.0,0.1,0.3,16.766340255737305,29.62768745422364,0.6291506132997808,0.6008675962823968
611000000003,0.0,0.2,0.3,16.77712631225586,30.40119361877441,0.7491883390016159,0.6164876364144887
611000000003,0.0,0.3,0.3,16.592178344726562,28.762752532958984,0.4589125551749985,0.5799689686896194
611000000003,0.0,0.4,0.3,16.51969337463379,29.60336875915528,0.5706577383541718,0.5951612386929719
611000000003,0.0,0.5,0.3,16.27202796936035,29.406726837158203,0.4857301795575876,0.5860043311103871
611000000003,0.0,0.6,0.3,15.950685501098633,31.973249435424805,0.8046808011850677,0.6302703938709333
611000000003,0.0,0.7,0.3,15.614133834838867,32.05030822753906,0.7416333367373014,0.6246776767100497
611000000003,0.0,0.8,0.3,14.98029613494873,30.38509559631348,0.3475620067045262,0.5781215944587511
611000000003,0.0,0.9,0.3,14.655227661132812,30.69939613342285,0.3231473947105743,0.5774927890250547
611000000003,0.0,1.0,0.3,14.526463508605955,30.787771224975582,0.3079824161389994,0.5765249002183934
611000000004,0.0,0.0,0.3,21.0378646850586,30.49376678466797,0.5572693057466537,0.7085457115121032
611000000004,0.0,0.1,0.3,21.021467208862305,30.76572036743164,0.5915891773196259,0.7136099992330442
611000000004,0.0,0.2,0.3,20.929283142089844,30.81570816040039,0.5911932127906908,0.7126527977350563
611000000004,0.0,0.3,0.3,20.72023582458496,31.20240020751953,0.6260284541484293,0.7159210872879093
611000000004,0.0,0.4,0.3,20.32130241394043,32.37164688110352,0.7488910390146961,0.7307404772954582
611000000004,0.0,0.5,0.3,19.72563934326172,33.11042022705078,0.8006862449059966,0.7328285546476201
611000000004,0.0,0.6,0.3,19.33394241333008,31.211441040039062,0.5229811099367042,0.6867478938103982
611000000004,0.0,0.7,0.3,18.082035064697266,30.688344955444336,0.360470942757729,0.6498314052584542
611000000004,0.0,0.8,0.3,16.802078247070312,31.773406982421875,0.4060877497169938,0.6443210327324316
611000000004,0.0,0.9,0.3,15.794251441955566,30.05569648742676,0.1057559506302151,0.5888015498326209
611000000004,0.0,1.0,0.3,14.387652397155762,33.880348205566406,0.5,0.6351235689635069
612000000000,0.0,0.0,0.3,15.357677459716797,27.69153213500977,0.5,0.5325141568168166
612000000000,0.0,0.1,0.3,15.350460052490234,27.896303176879883,0.5292327465506933,0.5364359856575784
612000000000,0.0,0.2,0.3,15.339109420776367,28.01572036743164,0.5455796211057119,0.5385718797664647
612000000000,0.0,0.3,0.3,15.324630737304688,28.25777244567871,0.5795508522954138,0.5430817987474996
612000000000,0.0,0.4,0.3,15.24332332611084,28.168174743652344,0.5584702549481528,0.5395773470625211
612000000000,0.0,0.5,0.3,15.189903259277344,28.067964553833008,0.5385749087134982,0.5364522030816394
612000000000,0.0,0.6,0.3,14.642993927001951,30.304798126220703,0.8119629513757072,0.5693818225478435
612000000000,0.0,0.7,0.3,13.62125015258789,29.910892486572266,0.6540888381453408,0.5399094741648474
612000000000,0.0,0.8,0.3,13.178791046142578,31.11109733581543,0.7861548898393415,0.5544232830938697
612000000000,0.0,0.9,0.3,12.151982307434082,28.614765167236328,0.3203722975607505,0.48300843097738205
612000000000,0.0,1.0,0.3,10.263134002685549,29.488832473754883,0.262796617874352,0.46040702371428444
612000000001,0.0,0.0,0.3,18.09720230102539,23.69258689880371,0.5052485451916745,0.5109470458261478
612000000001,0.0,0.1,0.3,18.10294342041016,23.608503341674805,0.4991323725046024,0.509395465455301
612000000001,0.0,0.2,0.3,18.11191368103028,24.17768859863281,0.5451610511150389,0.5209113665757406
612000000001,0.0,0.3,0.3,17.98802375793457,24.400440216064453,0.5508519419170909,0.5227205829907678
612000000001,0.0,0.4,0.3,17.724679946899414,28.64281463623047,0.8619847217471281,0.6015617345117252
612000000001,0.0,0.5,0.3,17.43096351623535,28.710174560546875,0.8389202467938079,0.596683008367016
612000000001,0.0,0.6,0.3,17.526485443115234,29.91023063659668,0.9433758218063216,0.6225849572394575
612000000001,0.0,0.7,0.3,16.72197151184082,28.60661125183105,0.7621275947364587,0.5796101960905405
612000000001,0.0,0.8,0.3,12.94249439239502,26.753307342529297,0.2495192074868641,0.462706242970238
612000000001,0.0,0.9,0.3,15.64846897125244,27.64228630065918,0.5817828217310226,0.5376913956179672
612000000001,0.0,1.0,0.3,13.542880058288574,25.147018432617188,0.1801418041139257,0.44345585088389006
612000000002,0.0,0.0,0.3,25.60810279846192,24.32635498046875,0.6346137272077896,0.6825923878789482
612000000002,0.0,0.1,0.3,25.58904457092285,23.27174949645996,0.4994017041611498,0.6612037229786867
612000000002,0.0,0.2,0.3,25.56118965148925,24.436647415161133,0.6472191130440574,0.6837937190700211
612000000002,0.0,0.3,0.3,25.537227630615234,24.714982986450195,0.6819946493852027,0.6888248290477472
612000000002,0.0,0.4,0.3,25.26567840576172,23.572799682617188,0.5276774091154348,0.660347298984332
612000000002,0.0,0.5,0.3,24.70514488220215,24.522329330444336,0.6312820142606321,0.6673729489753162
612000000002,0.0,0.6,0.3,23.298831939697266,24.28660011291504,0.557044220199878,0.6329052946540215
612000000002,0.0,0.7,0.3,20.237159729003903,24.91934967041016,0.5416954830358358,0.5806688784262095
612000000002,0.0,0.8,0.3,16.258760452270508,25.81031990051269,0.5305281271759238,0.5141600902844997
612000000002,0.0,0.9,0.3,12.808191299438477,27.18890380859375,0.5981717726993153,0.46853027892556737
612000000002,0.0,1.0,0.3,9.68100929260254,24.673906326293945,0.1789764607294968,0.35227114016291267
612000000003,0.0,0.0,0.3,20.51123237609864,25.391843795776367,0.6260664033089076,0.595873989003936
612000000003,0.0,0.1,0.3,20.4582633972168,24.96560859680176,0.5924620817498538,0.5862709682493639
612000000003,0.0,0.2,0.3,20.23298072814941,25.027074813842773,0.5803045855076343,0.5827239682850593
612000000003,0.0,0.3,0.3,19.60301399230957,27.65331649780273,0.7175437215224099,0.62164360773121
612000000003,0.0,0.4,0.3,18.631511688232425,26.80479621887207,0.5874235893175955,0.5841888855467169
612000000003,0.0,0.5,0.3,17.275562286376953,30.568038940429688,0.7509914173749235,0.6303613992856378
612000000003,0.0,0.6,0.3,16.364398956298828,30.751523971557617,0.697276928601474,0.6147197011756148
612000000003,0.0,0.7,0.3,15.554469108581545,30.51702880859375,0.6217909896029731,0.592904296376993
612000000003,0.0,0.8,0.3,14.224616050720217,28.49814987182617,0.3838574282691466,0.5245734773613291
612000000003,0.0,0.9,0.3,14.249947547912598,26.505395889282227,0.2466764054193563,0.48545690776472394
612000000003,0.0,1.0,0.3,13.662013053894045,23.584903717041016,0.0,0.4148945160637466
612000000004,0.0,0.0,0.3,20.21559333801269,28.10089492797852,0.6419112209255284,0.6435204034372994
612000000004,0.0,0.1,0.3,20.220029830932617,29.0252628326416,0.8264576071866439,0.6620079305091326
612000000004,0.0,0.2,0.3,20.19570541381836,29.395973205566406,0.8956545181181548,0.6688694926624505
612000000004,0.0,0.3,0.3,20.10924530029297,27.670574188232425,0.5367679241834957,0.6327058490377336
612000000004,0.0,0.4,0.3,20.0289249420166,28.171241760253903,0.6214686658542685,0.6409677256395323
612000000004,0.0,0.5,0.3,19.91314697265625,28.85848617553711,0.7367146209688837,0.6521914404421058
612000000004,0.0,0.6,0.3,19.58007431030273,28.61161231994629,0.6262216057487593,0.6402265939590176
612000000004,0.0,0.7,0.3,19.121931076049805,29.89838409423828,0.7974923266433436,0.656130867477243
612000000004,0.0,0.8,0.3,18.47612190246582,27.91913795471192,0.2849975735051897,0.6030724892662398
612000000004,0.0,0.9,0.3,17.508777618408203,27.38279914855957,0.0,0.5719177697332785
612000000004,0.0,1.0,0.3,17.5598087310791,29.17105293273925,0.3648459687728272,0.6085819662565599
613000000000,0.0,0.0,0.3,15.810243606567385,27.7456283569336,0.5314338486378519,0.5431731366906576
613000000000,0.0,0.1,0.3,15.813288688659668,27.451494216918945,0.5,0.5373847669727145
613000000000,0.0,0.2,0.3,15.751574516296388,28.98203659057617,0.657140114762696,0.5665336320851428
613000000000,0.0,0.3,0.3,15.628332138061523,27.850231170654297,0.5172733614469249,0.541402825784528
613000000000,0.0,0.4,0.3,15.548669815063477,28.83576393127441,0.6128630880459314,0.5593267542575614
613000000000,0.0,0.5,0.3,15.234102249145508,28.25805282592773,0.5062055453481278,0.5411705462265893
613000000000,0.0,0.6,0.3,14.90077304840088,28.148496627807617,0.4476294043853255,0.5319326914189477
613000000000,0.0,0.7,0.3,14.05711555480957,31.089693069458008,0.6479984792373554,0.5725948324478733
613000000000,0.0,0.8,0.3,13.391908645629885,32.06745529174805,0.6606948176265434,0.5779659371510338
613000000000,0.0,0.9,0.3,12.743799209594728,29.905113220214844,0.3356515227382169,0.5212155083706473
613000000000,0.0,1.0,0.3,12.24514389038086,30.50180053710937,0.3304085834717918,0.5225303007100688
613000000001,0.0,0.0,0.3,19.97874641418457,19.688207626342773,0.5061902381975968,0.4711050969680114
613000000001,0.0,0.1,0.3,19.917205810546875,19.579395294189453,0.4956718928577177,0.46763684016210877
613000000001,0.0,0.2,0.3,19.87151527404785,19.67633056640625,0.4979730723992482,0.4685982703659476
613000000001,0.0,0.3,0.3,19.51779556274414,19.940889358520508,0.488146732983025,0.4663730204238933
613000000001,0.0,0.4,0.3,19.038726806640625,21.82326316833496,0.5615407621463533,0.49368584371992436
613000000001,0.0,0.5,0.3,18.142147064208984,24.006479263305664,0.6226861927390033,0.5181447029121049
613000000001,0.0,0.6,0.3,16.265541076660156,23.62778282165528,0.4691621118447284,0.47087431808387803
613000000001,0.0,0.7,0.3,15.067017555236816,25.30255889892578,0.4801473430088636,0.4788226575800776
613000000001,0.0,0.8,0.3,13.70490837097168,28.36842155456543,0.5587654062639172,0.5109878866654365
613000000001,0.0,0.9,0.3,12.869333267211914,23.159330368041992,0.2036593683871526,0.3896421798886679
613000000001,0.0,1.0,0.3,12.918685913085938,25.43481636047364,0.3365807086271086,0.4359660559475732
613000000002,0.0,0.0,0.3,20.429895401000977,29.531658172607425,0.5952952370230147,0.6765281189094118
613000000002,0.0,0.1,0.3,20.358299255371094,29.86009788513184,0.7104892758215899,0.6815476339083064
613000000002,0.0,0.2,0.3,20.14911651611328,29.911455154418945,0.7201594401238525,0.6781403770657801
613000000002,0.0,0.3,0.3,19.62454032897949,29.96418190002441,0.7170330330646661,0.6680822945009819
613000000002,0.0,0.4,0.3,19.039522171020508,30.346235275268555,0.8298898748590092,0.6632975515228782
613000000002,0.0,0.5,0.3,17.752456665039062,30.656099319458008,0.8871830172044515,0.6422113379600648
613000000002,0.0,0.6,0.3,16.281387329101562,30.28908348083496,0.6931028024201807,0.6037601303838342
613000000002,0.0,0.7,0.3,14.490769386291504,29.973052978515625,0.5039084934888308,0.5595574007371675
613000000002,0.0,0.8,0.3,12.812360763549805,29.77522659301757,0.3619858495382827,0.5200826599153492
613000000002,0.0,0.9,0.3,10.538663864135742,29.26688766479492,0.0832215007823858,0.4618246546510779
613000000002,0.0,1.0,0.3,8.563602447509766,30.233842849731445,0.3480229890423112,0.43924612356664966
613000000003,0.0,0.0,0.3,20.499170303344727,22.223499298095703,0.7195578904673153,0.5325730978877452
613000000003,0.0,0.1,0.3,20.489707946777344,21.00931930541992,0.4997001870280578,0.5082123111529723
613000000003,0.0,0.2,0.3,20.45664596557617,23.774375915527344,0.9986526244286532,0.562532906789219
613000000003,0.0,0.3,0.3,20.234317779541016,22.88992691040039,0.8316749435389449,0.5402261141877676
613000000003,0.0,0.4,0.3,20.09336280822754,22.529346466064453,0.7620057266674438,0.5300665310700206
613000000003,0.0,0.5,0.3,19.05154037475586,22.837326049804688,0.7846871510013032,0.5141355460936157
613000000003,0.0,0.6,0.3,18.55439567565918,22.62823486328125,0.7311256485280652,0.49944849256320195
613000000003,0.0,0.7,0.3,17.379117965698242,22.5981674194336,0.688450157878984,0.4739651040047762
613000000003,0.0,0.8,0.3,15.406821250915527,22.16628837585449,0.5478624334863982,0.42361032613405913
613000000003,0.0,0.9,0.3,11.485989570617676,21.877592086791992,0.3714272174422639,0.33484679817001195
613000000003,0.0,1.0,0.3,4.718738079071045,21.31739044189453,0.0557079257163281,0.1804111941127552
613000000004,0.0,0.0,0.3,17.449281692504883,27.4349365234375,0.5692028965704917,0.5716954738246186
613000000004,0.0,0.1,0.3,17.4455623626709,26.551258087158203,0.4961836326899143,0.5540327936216951
613000000004,0.0,0.2,0.3,17.46379852294922,27.09359741210937,0.5443363564297397,0.5652106936321973
613000000004,0.0,0.3,0.3,17.293317794799805,27.48866081237793,0.5409555679436086,0.5694621621244872
613000000004,0.0,0.4,0.3,17.107934951782227,27.841033935546875,0.5309662042300598,0.5725486212702925
613000000004,0.0,0.5,0.3,16.711957931518555,28.400409698486328,0.4938273136517565,0.5752950567277171
613000000004,0.0,0.6,0.3,16.759185791015625,28.83872985839844,0.5395436779781501,0.585016989508534
613000000004,0.0,0.7,0.3,16.28874969482422,29.576313018798828,0.5013908783008867,0.5897329142161835
613000000004,0.0,0.8,0.3,15.90506076812744,32.667449951171875,0.6737955950315772,0.6431179353241798
613000000004,0.0,0.9,0.3,15.611424446105955,30.42863655090332,0.4293214595114285,0.5923513784472083
613000000004,0.0,1.0,0.3,15.074594497680664,31.46966361999512,0.4020807098756772,0.6016995899617368
614000000000,0.0,0.0,0.3,22.998659133911133,25.04613494873047,0.6928742559460118,0.6416631461503641
614000000000,0.0,0.1,0.3,23.010948181152344,24.21077537536621,0.5995238195934816,0.625300899812838
614000000000,0.0,0.2,0.3,22.989551544189453,23.33104705810547,0.4979908594672643,0.6073425256039873
614000000000,0.0,0.3,0.3,22.85480308532715,24.49018096923828,0.6164710260198727,0.6275544843173647
614000000000,0.0,0.4,0.3,22.35771751403809,24.823486328125,0.6075016703243734,0.623661592636084
614000000000,0.0,0.5,0.3,21.593896865844727,25.174205780029297,0.5754559961717968,0.6144674223815912
614000000000,0.0,0.6,0.3,19.508913040161133,27.75073432922364,0.6711595022604174,0.621589607933032
614000000000,0.0,0.7,0.3,17.686124801635742,26.293949127197266,0.3351936333203719,0.5540063358498724
614000000000,0.0,0.8,0.3,18.99764060974121,25.912548065185547,0.4151967728805286,0.5741867715067384
614000000000,0.0,0.9,0.3,19.07327461242676,25.813888549804688,0.4111374243663649,0.5738250481737152
614000000000,0.0,1.0,0.3,21.35818290710449,25.799196243286133,0.6240277772349707,0.6219128731232102
614000000001,0.0,0.0,0.3,19.615249633789062,24.43191909790039,0.5,0.5578015151169371
614000000001,0.0,0.1,0.3,19.603212356567383,24.65163803100586,0.5327350003872617,0.5619187305186624
614000000001,0.0,0.2,0.3,19.53970527648925,24.69011878967285,0.5330096188431142,0.5613397562631102
614000000001,0.0,0.3,0.3,19.40492820739746,25.54733657836914,0.6529160370427646,0.5755434132866344
614000000001,0.0,0.4,0.3,19.262975692749023,26.233783721923828,0.7459104119818828,0.58619704906436
614000000001,0.0,0.5,0.3,18.98723793029785,26.52810478210449,0.7666799955581782,0.5862151992099569
614000000001,0.0,0.6,0.3,18.65288352966309,25.52410888671875,0.5824842603531917,0.5591575755643483
614000000001,0.0,0.7,0.3,17.881023406982422,26.93328857421875,0.730675708866628,0.5708550130157668
614000000001,0.0,0.8,0.3,15.758773803710938,27.351486206054688,0.6063464365120923,0.5342404646070388
614000000001,0.0,0.9,0.3,15.005910873413086,27.49547576904297,0.5615693383288057,0.521164683850189
614000000001,0.0,1.0,0.3,13.991060256958008,27.68170547485352,0.5,0.5033821474276221
614000000002,0.0,0.0,0.3,25.151840209960938,21.5768985748291,0.520046606305339,0.6182213555271089
614000000002,0.0,0.1,0.3,25.03882026672364,21.993013381958008,0.6115697262620765,0.6241083795915798
614000000002,0.0,0.2,0.3,24.81463050842285,21.49128150939941,0.4823753918421077,0.6093776900440584
614000000002,0.0,0.3,0.3,24.26880645751953,21.58603477478028,0.4760331227949353,0.5997059767606759
614000000002,0.0,0.4,0.3,23.18114471435547,22.194862365722656,0.5617378786532846,0.5887908415689279
614000000002,0.0,0.5,0.3,22.035520553588867,21.78324508666992,0.4054835070723578,0.5563430391250932
614000000002,0.0,0.6,0.3,20.62196159362793,22.29760360717773,0.4520356751120511,0.5366476245398043
614000000002,0.0,0.7,0.3,19.221466064453125,23.6267318725586,0.6900429611973509,0.5334415565483429
614000000002,0.0,0.8,0.3,17.613800048828125,22.052959442138672,0.2375294188928457,0.4680853610778638
614000000002,0.0,0.9,0.3,15.771825790405272,23.33621025085449,0.4417205008654551,0.4546186175129985
614000000002,0.0,1.0,0.3,15.585394859313965,23.35261917114257,0.4358185265869396,0.45099768100176596
614000000003,0.0,0.0,0.3,22.5236873626709,28.04150009155273,0.5437569799074101,0.6912096423413734
614000000003,0.0,0.1,0.3,22.50479888916016,27.86662673950196,0.4989729938768534,0.6873299738812222
614000000003,0.0,0.2,0.3,22.45061111450196,28.30799865722656,0.6064672000488649,0.694965278360709
614000000003,0.0,0.3,0.3,22.231651306152344,28.44261741638184,0.6282463302808247,0.6930077875615496
614000000003,0.0,0.4,0.3,21.602510452270508,29.86486053466797,0.9499136694691293,0.7079870770604378
614000000003,0.0,0.5,0.3,21.25886917114257,29.581165313720703,0.8602426750108481,0.6950657606794783
614000000003,0.0,0.6,0.3,20.51811408996582,29.778783798217773,0.8694145487059055,0.6833134873237297
614000000003,0.0,0.7,0.3,19.53095245361328,28.90181541442871,0.5963046092205575,0.6449611213369539
614000000003,0.0,0.8,0.3,18.05978202819824,29.34765815734864,0.6278731757819485,0.6226824880991796
614000000003,0.0,0.9,0.3,14.939485549926758,29.75871658325196,0.5610715167932955,0.5647934394703472
614000000003,0.0,1.0,0.3,13.32779598236084,29.19063949584961,0.3312957571708105,0.5193639386776695
614000000004,0.0,0.0,0.3,21.584659576416016,19.89017105102539,0.5,0.5091271548633612
614000000004,0.0,0.1,0.3,21.574426651000977,20.40493965148925,0.5675719361742124,0.5191536385793449
614000000004,0.0,0.2,0.3,21.49430084228516,20.083351135253903,0.5209429873614635,0.5110579229015981
614000000004,0.0,0.3,0.3,21.219877243041992,21.005512237548828,0.6289233744920548,0.5235970112554598
614000000004,0.0,0.4,0.3,21.018159866333008,20.356285095214844,0.5327491319024006,0.5064072039273055
614000000004,0.0,0.5,0.3,20.36896324157715,20.221698760986328,0.4818168995885875,0.4899831732671041
614000000004,0.0,0.6,0.3,18.654584884643555,21.787458419799805,0.6014511626922752,0.4848396383520114
614000000004,0.0,0.7,0.3,15.678409576416016,22.776079177856445,0.580350402653683,0.4414948402731564
614000000004,0.0,0.8,0.3,13.195295333862305,23.67000198364257,0.5718841894981836,0.4067056634762355
614000000004,0.0,0.9,0.3,11.786651611328123,23.477325439453125,0.4745125446581761,0.3730453438742557
614000000004,0.0,1.0,0.3,16.368759155273438,22.324806213378903,0.5558846198873938,0.44713247909448306
621000000000,0.0,0.0,0.3,19.0664176940918,25.91171646118164,0.5337205593299537,0.5756264956956294
621000000000,0.0,0.1,0.3,19.06426429748535,26.045095443725582,0.5526058131755008,0.5782349497262941
621000000000,0.0,0.2,0.3,19.09579467773437,25.647705078125,0.5,0.570995071742244
621000000000,0.0,0.3,0.3,19.028627395629883,25.91448211669922,0.5286098002569947,0.5748813642094661
621000000000,0.0,0.4,0.3,18.95467185974121,26.0718994140625,0.5404883189743397,0.5764478222712628
621000000000,0.0,0.5,0.3,18.839820861816406,26.4646110534668,0.5802746385898182,0.581830386634832
621000000000,0.0,0.6,0.3,18.746198654174805,26.658523559570312,0.5945395418075505,0.5837066286929398
621000000000,0.0,0.7,0.3,18.43894386291504,27.311662673950195,0.6437653941818253,0.5901974060927975
621000000000,0.0,0.8,0.3,18.1397705078125,27.24217796325684,0.5901516256825629,0.5824801250453482
621000000000,0.0,0.9,0.3,17.237600326538086,26.2816104888916,0.3203699120683271,0.5442638492656415
621000000000,0.0,1.0,0.3,15.665838241577148,29.121267318725582,0.5,0.5674887606653851
621000000001,0.0,0.0,0.3,20.34259796142578,25.581785202026367,0.5197299689793111,0.5960829187732777
621000000001,0.0,0.1,0.3,20.27827262878418,25.412845611572266,0.4966500711506015,0.5913592528631003
621000000001,0.0,0.2,0.3,20.101720809936523,25.88483619689941,0.5425780447535341,0.5970129134862798
621000000001,0.0,0.3,0.3,19.83035469055176,26.21536636352539,0.567047532270128,0.5978441369638337
621000000001,0.0,0.4,0.3,19.409278869628903,26.414268493652344,0.5683479916213318,0.5928862295494061
621000000001,0.0,0.5,0.3,18.974916458129883,26.20566177368164,0.5213647263099732,0.5795381555162924
621000000001,0.0,0.6,0.3,18.092369079589844,28.727209091186523,0.7698877642766835,0.6110264370460046
621000000001,0.0,0.7,0.3,16.433147430419922,29.68596267700196,0.7954490438230082,0.5949722325617418
621000000001,0.0,0.8,0.3,15.684633255004885,29.412830352783203,0.724569651618005,0.5736884067921894
621000000001,0.0,0.9,0.3,15.080591201782228,29.61381149291992,0.7165844136897617,0.5648977791185967
621000000001,0.0,1.0,0.3,10.74159812927246,29.69413948059082,0.5,0.47462323890050034
621000000002,0.0,0.0,0.3,21.52378273010254,25.65109062194824,0.5,0.6224721613827293
621000000002,0.0,0.1,0.3,21.45171356201172,26.127084732055664,0.5995421355761499,0.6304177806490843
621000000002,0.0,0.2,0.3,21.385719299316406,26.86969947814941,0.7593561804425152,0.6437973952874676
621000000002,0.0,0.3,0.3,21.01386070251465,27.23634910583496,0.8052785011838144,0.6432195368535725
621000000002,0.0,0.4,0.3,20.502063751220703,27.272600173950195,0.7636392200007069,0.6331041969659511
621000000002,0.0,0.5,0.3,20.04391288757324,27.27724266052246,0.7201397110977314,0.6234957831227922
621000000002,0.0,0.6,0.3,19.709442138671875,27.57714462280273,0.7547556131279718,0.622381384943544
621000000002,0.0,0.7,0.3,19.19218063354492,27.2126579284668,0.6228824868550888,0.6041762355325415
621000000002,0.0,0.8,0.3,17.92021942138672,27.88479232788086,0.6496830226603104,0.5906184953866367
621000000002,0.0,0.9,0.3,16.3804931640625,27.30361557006836,0.3699072583709548,0.5464520664295138
621000000002,0.0,1.0,0.3,16.558597564697266,27.18143081665039,0.3598712238619024,0.5477919119877424
621000000003,0.0,0.0,0.3,17.452096939086914,19.89949607849121,0.5287804707409778,0.42181067381633586
621000000003,0.0,0.1,0.3,17.407201766967773,19.708045959472656,0.4955045527432962,0.4170504910589222
621000000003,0.0,0.2,0.3,17.299686431884766,20.39813041687012,0.5884784010322373,0.42850566993571965
621000000003,0.0,0.3,0.3,17.2710018157959,20.303285598754883,0.5713482408544659,0.4260110324951051
621000000003,0.0,0.4,0.3,17.131561279296875,19.73446273803711,0.471875298782975,0.411739791613712
621000000003,0.0,0.5,0.3,16.76144790649414,20.5959529876709,0.5643218883730861,0.421045501715824
621000000003,0.0,0.6,0.3,16.507776260375977,19.717086791992188,0.4068022978409927,0.39818613896975424
621000000003,0.0,0.7,0.3,15.82883071899414,20.28274726867676,0.4238531369321622,0.3950661136131584
621000000003,0.0,0.8,0.3,12.887128829956056,23.034088134765625,0.542900218565292,0.3875268394718371
621000000003,0.0,0.9,0.3,12.45869255065918,22.420988082885746,0.4078333918261461,0.3662554095486168
621000000003,0.0,1.0,0.3,13.755691528320312,20.572036743164062,0.2597539299590365,0.3569263324026314
621000000004,0.0,0.0,0.3,20.591779708862305,25.46179962158203,0.5789476356505898,0.5989715019026305
621000000004,0.0,0.1,0.3,20.52762985229492,25.33732986450196,0.5567590298540003,0.5951364371088136
621000000004,0.0,0.2,0.3,20.34483337402344,24.86865425109864,0.47835919974286,0.581939972339627
621000000004,0.0,0.3,0.3,20.03032112121582,25.50295639038086,0.535222954446504,0.587902253065415
621000000004,0.0,0.4,0.3,19.51420211791992,25.13648223876953,0.4412158785007732,0.5696817472177069
621000000004,0.0,0.5,0.3,18.954853057861328,25.39573860168457,0.4267051139647311,0.562997032819373
621000000004,0.0,0.6,0.3,18.234350204467773,25.47598457336425,0.3742455806999358,0.5493380320698231
621000000004,0.0,0.7,0.3,16.835290908813477,26.391834259033203,0.3735405285937502,0.537938726216874
621000000004,0.0,0.8,0.3,15.544567108154297,26.868087768554688,0.3238190663537247,0.5200859633342044
621000000004,0.0,0.9,0.3,14.999103546142578,26.64430427551269,0.2462325441100524,0.504083460353337
621000000004,0.0,1.0,0.3,14.88620662689209,28.625228881835938,0.5,0.5411105500756443
622000000000,0.0,0.0,0.3,28.33283233642578,14.578755378723145,0.5,0.5463220636745475
622000000000,0.0,0.1,0.3,28.295793533325195,14.68185329437256,0.5032428381792606,0.5475893116375496
622000000000,0.0,0.2,0.3,28.241369247436523,15.04200553894043,0.5167167492054408,0.5536034537841084
622000000000,0.0,0.3,0.3,28.091550827026367,14.653155326843262,0.4961989866781358,0.5426936701552272
622000000000,0.0,0.4,0.3,28.086366653442383,19.27686882019043,0.689030972079332,0.6345891392214031
622000000000,0.0,0.5,0.3,28.226055145263672,18.78425025939941,0.6724688369123658,0.6277444750593794
622000000000,0.0,0.6,0.3,28.320947647094727,18.11191177368164,0.6471235090327634,0.6163751421662096
622000000000,0.0,0.7,0.3,27.383808135986328,20.6023178100586,0.7242418842454796,0.6460878344187994
622000000000,0.0,0.8,0.3,23.184858322143555,25.342145919799805,0.8018811258603606,0.6514958815584568
622000000000,0.0,0.9,0.3,18.53314971923828,26.55850601196289,0.7195016357585712,0.5772053690252873
622000000000,0.0,1.0,0.3,10.864490509033203,24.618955612182617,0.4190487991294794,0.3762364892206115
622000000001,0.0,0.0,0.3,16.14663314819336,17.404382705688477,0.5,0.34451988892464946
622000000001,0.0,0.1,0.3,16.145034790039062,18.281885147094727,0.5722152561899302,0.3619470800892669
622000000001,0.0,0.2,0.3,16.12567138671875,17.592477798461914,0.513639353603223,0.3478188702569762
622000000001,0.0,0.3,0.3,16.032068252563477,18.774093627929688,0.6027203634547464,0.36934938944427276
622000000001,0.0,0.4,0.3,15.924467086791992,20.15707778930664,0.7071567126865502,0.39459045689263206
622000000001,0.0,0.5,0.3,15.320686340332031,23.46800804138184,0.9262871039966444,0.44768886927770457
622000000001,0.0,0.6,0.3,14.059478759765623,21.102413177490234,0.6186642903982138,0.3739123880733837
622000000001,0.0,0.7,0.3,12.37717628479004,23.108116149902344,0.6339127149893579,0.37820225948724007
622000000001,0.0,0.8,0.3,11.590388298034668,20.19857215881348,0.323776751442564,0.30364723765452634
622000000001,0.0,0.9,0.3,11.427536010742188,21.80623435974121,0.4418088377887432,0.3321891984822999
622000000001,0.0,1.0,0.3,10.544175148010254,20.22886276245117,0.2329035766883936,0.2820976738729262
622000000002,0.0,0.0,0.3,20.69847297668457,21.98954200744629,0.7284222098896687,0.5321376788607224
622000000002,0.0,0.1,0.3,20.670425415039062,21.99574279785156,0.7258790190064811,0.531667192325994
622000000002,0.0,0.2,0.3,20.59131622314453,22.1400146484375,0.7327106981457344,0.5328629524762606
622000000002,0.0,0.3,0.3,20.49159240722656,22.029390335083008,0.709012943984231,0.5285501563311449
622000000002,0.0,0.4,0.3,20.382923126220703,23.00680351257324,0.8044742766211295,0.5456983294034583
622000000002,0.0,0.5,0.3,19.84630584716797,23.387380599975582,0.7847519059070871,0.5419090407299769
622000000002,0.0,0.6,0.3,19.3996524810791,24.44806671142578,0.8505113675778818,0.5535578193691235
622000000002,0.0,0.7,0.3,19.284597396850582,22.8020076751709,0.6554392158101834,0.5183674630139921
622000000002,0.0,0.8,0.3,19.002065658569336,22.846559524536133,0.627842395454744,0.5132717114224238
622000000002,0.0,0.9,0.3,17.37535285949707,19.921693801879883,0.1175232194336363,0.4206274130966809
622000000002,0.0,1.0,0.3,16.35426139831543,23.23229217529297,0.3657010192897713,0.464883169892861
622000000003,0.0,0.0,0.3,25.504281997680664,21.28850173950196,0.5129261653348413,0.6199452042573186
622000000003,0.0,0.1,0.3,25.48162651062012,21.172697067260746,0.4992674481539793,0.6171611554582452
622000000003,0.0,0.2,0.3,25.488330841064453,21.59736442565918,0.5468857746373043,0.625753380244803
622000000003,0.0,0.3,0.3,25.23741149902344,21.50644302368164,0.5286237608937452,0.6186312605206504
622000000003,0.0,0.4,0.3,24.7355899810791,21.836090087890625,0.5491929987578126,0.614565296079953
622000000003,0.0,0.5,0.3,23.00861930847168,22.486955642700195,0.5660023000152083,0.5909500593562824
622000000003,0.0,0.6,0.3,21.50620079040528,23.127132415771484,0.5888792768557027,0.5718767526454751
622000000003,0.0,0.7,0.3,20.133907318115234,24.15081787109375,0.6587711679748942,0.5631899573297476
622000000003,0.0,0.8,0.3,15.557679176330566,24.470836639404297,0.5465221502411364,0.4726617515402992
622000000003,0.0,0.9,0.3,12.234758377075195,25.197166442871094,0.5201506936375018,0.4167558232412547
622000000003,0.0,1.0,0.3,10.04088020324707,25.65216445922852,0.5,0.37935690077465145
622000000004,0.0,0.0,0.3,21.817821502685547,18.21230125427246,0.499934901054922,0.48067688592683794
622000000004,0.0,0.1,0.3,21.818988800048828,19.174022674560547,0.558008868280653,0.49983847287118943
622000000004,0.0,0.2,0.3,21.741718292236328,20.214468002319336,0.6164568903362544,0.5189057261297516
622000000004,0.0,0.3,0.3,21.52964401245117,20.854143142700195,0.6432134936065732,0.5271439225166559
622000000004,0.0,0.4,0.3,21.25002670288086,19.60810661315918,0.5524614158154094,0.49642903089547485
622000000004,0.0,0.5,0.3,21.10051155090332,18.78586769104004,0.4945275147967312,0.4769018576112121
622000000004,0.0,0.6,0.3,20.1238021850586,21.310565948486328,0.5923415697270745,0.5064590716552222
622000000004,0.0,0.7,0.3,14.856571197509766,25.122934341430664,0.5285471107309544,0.47079243953306427
622000000004,0.0,0.8,0.3,13.64969539642334,26.374483108520508,0.5367315183902656,0.4701423157881904
622000000004,0.0,0.9,0.3,13.023594856262209,26.50173568725586,0.5094901391053832,0.45941753406573416
622000000004,0.0,1.0,0.3,12.853425979614258,22.259620666503903,0.2441251839888669,0.3714024352776495
623000000000,0.0,0.0,0.3,20.93600082397461,23.28257369995117,0.7723003650323347,0.5628965128628813
623000000000,0.0,0.1,0.3,20.80514907836914,23.057750701904297,0.7362253459637856,0.5556522309908478
623000000000,0.0,0.2,0.3,20.7896785736084,23.4599838256836,0.7778488779780215,0.5633285214036312
623000000000,0.0,0.3,0.3,20.44744110107422,23.8485107421875,0.7879988646009106,0.5638131811253169
623000000000,0.0,0.4,0.3,19.634769439697266,24.392696380615234,0.7716066877063801,0.5574343479224273
623000000000,0.0,0.5,0.3,19.45833206176757,24.34189224243164,0.7499678515773032,0.5526875698229943
623000000000,0.0,0.6,0.3,18.34371757507324,24.891414642333984,0.7064195599750374,0.5400216548869896
623000000000,0.0,0.7,0.3,16.634817123413086,25.41034889221192,0.605025036028481,0.5141637904132703
623000000000,0.0,0.8,0.3,16.8609561920166,21.95946311950684,0.256501557767911,0.45028435717225546
623000000000,0.0,0.9,0.3,16.868864059448242,20.738019943237305,0.1265174173271597,0.4261468371157366
623000000000,0.0,1.0,0.3,15.491119384765623,23.11067008972168,0.2539044417030051,0.4441870732210221
623000000001,0.0,0.0,0.3,19.123090744018555,28.12694358825684,0.9163998883391662,0.6209063078790281
623000000001,0.0,0.1,0.3,19.104812622070312,27.82080841064453,0.7873695444771518,0.6144276416422159
623000000001,0.0,0.2,0.3,19.08937263488769,28.34171867370605,0.9817948142304844,0.6244660823359724
623000000001,0.0,0.3,0.3,18.836196899414062,28.06707000732422,0.7381937890018173,0.6136402783108333
623000000001,0.0,0.4,0.3,18.761632919311523,27.241628646850582,0.3766361152039857,0.5956363818931308
623000000001,0.0,0.5,0.3,18.66488647460937,27.05718040466309,0.2526049336691896,0.5899176381622608
623000000001,0.0,0.6,0.3,18.68831825256348,28.011978149414062,0.6369064666104145,0.6094128774936967
623000000001,0.0,0.7,0.3,18.98836898803711,28.141939163208008,0.8494974525869832,0.6183521273244491
623000000001,0.0,0.8,0.3,18.912078857421875,28.006261825561523,0.7554949344208133,0.6140369921442622
623000000001,0.0,0.9,0.3,18.1970329284668,28.16975784301757,0.4330651196493371,0.6021500911789037
623000000001,0.0,1.0,0.3,18.831825256347656,27.18027877807617,0.3906544539510569,0.5959018460651493
623000000002,0.0,0.0,0.3,23.414287567138672,23.587446212768555,0.4992800217452432,0.62143777305738
623000000002,0.0,0.1,0.3,23.41274070739746,23.544662475585938,0.4970375444360481,0.6205536854291289
623000000002,0.0,0.2,0.3,23.466705322265625,23.71394157409668,0.508536652461837,0.6250647313424651
623000000002,0.0,0.3,0.3,23.22548484802246,24.3080997467041,0.5252576224923358,0.6317800700839937
623000000002,0.0,0.4,0.3,23.060720443725582,24.043088912963867,0.502848321235539,0.6230180484796028
623000000002,0.0,0.5,0.3,22.8967227935791,26.59010505676269,0.622290096199867,0.6702275478790154
623000000002,0.0,0.6,0.3,22.927202224731445,29.497203826904297,0.7705667058463002,0.7287199907401636
623000000002,0.0,0.7,0.3,22.22197151184082,30.24435043334961,0.7695303720112665,0.7286547210779049
623000000002,0.0,0.8,0.3,20.096078872680664,30.015480041503903,0.6412850067369025,0.6790873142535354
623000000002,0.0,0.9,0.3,15.938485145568848,31.539525985717773,0.4899054621860093,0.6213815942028029
623000000002,0.0,1.0,0.3,14.358616828918455,33.459503173828125,0.5,0.6261345659116108
623000000003,0.0,0.0,0.3,25.69286346435547,28.206199645996094,0.8269584483002183,0.7615904124989119
623000000003,0.0,0.1,0.3,25.677387237548828,28.47222328186035,0.858760275727024,0.7665562091651732
623000000003,0.0,0.2,0.3,25.65632057189941,28.24018096923828,0.8279656643295693,0.761492840151377
623000000003,0.0,0.3,0.3,25.60429000854492,28.13362693786621,0.8100810887059828,0.7582708839247339
623000000003,0.0,0.4,0.3,25.16476058959961,29.037982940673828,0.8839950665688298,0.7669597596067217
623000000003,0.0,0.5,0.3,25.31587028503418,28.348987579345703,0.8114420248364662,0.7564493102383957
623000000003,0.0,0.6,0.3,24.731813430786133,29.59400749206543,0.9150584194942484,0.7688567126333608
623000000003,0.0,0.7,0.3,23.707595825195312,27.51468086242676,0.5652688957303313,0.7057945341351319
623000000003,0.0,0.8,0.3,24.69192123413086,29.25284194946289,0.8689936851106161,0.76122334060214
623000000003,0.0,0.9,0.3,20.03573989868164,26.53729248046875,0.118867474911019,0.6085987873014089
623000000003,0.0,1.0,0.3,20.86105728149414,25.583965301513672,0.0729449669280995,0.6071040511662351
623000000004,0.0,0.0,0.3,22.34532356262207,23.925975799560547,0.5054920605459222,0.6055399990605566
623000000004,0.0,0.1,0.3,22.265945434570312,23.86434555053711,0.4956902934726125,0.6026329096475063
623000000004,0.0,0.2,0.3,22.09920310974121,24.214242935180664,0.5178177190705249,0.6060647956809714
623000000004,0.0,0.3,0.3,21.68311882019043,24.32477188110352,0.5050766718489105,0.5994540788732471
623000000004,0.0,0.4,0.3,20.70655632019043,25.14924049377441,0.525526724352585,0.5951822820072992
623000000004,0.0,0.5,0.3,19.189617156982425,24.79232406616211,0.4113610587424976,0.5559607998246459
623000000004,0.0,0.6,0.3,17.632036209106445,26.364925384521484,0.4669340587339289,0.5542734003334004
623000000004,0.0,0.7,0.3,16.313026428222656,26.28733253479004,0.3884060283083592,0.5248009712033006
623000000004,0.0,0.8,0.3,15.750266075134276,26.19403076171875,0.3495374618295896,0.5110286277658176
623000000004,0.0,0.9,0.3,14.154422760009766,27.5029296875,0.3795337396118037,0.5032837710114694
623000000004,0.0,1.0,0.3,13.136096954345703,29.47519493103028,0.5,0.5209671859204962
624000000000,0.0,0.0,0.3,18.78462791442871,22.9097957611084,0.6655613545244763,0.5099260391320768
624000000000,0.0,0.1,0.3,18.79291725158692,22.72449493408203,0.6128803811520871,0.5064143363433687
624000000000,0.0,0.2,0.3,18.81093978881836,22.97613906860352,0.6919574445996675,0.5118032976227866
624000000000,0.0,0.3,0.3,18.80020332336425,23.0228271484375,0.7030054420479018,0.51250499143107
624000000000,0.0,0.4,0.3,18.73800277709961,23.155261993408203,0.7261747863769201,0.5138232324243732
624000000000,0.0,0.5,0.3,18.72495460510254,24.017486572265625,0.9778729657617756,0.5307039801178274
624000000000,0.0,0.6,0.3,18.48645401000977,22.50754165649414,0.4698392590150457,0.49560828869019236
624000000000,0.0,0.7,0.3,18.355558395385746,22.516212463378903,0.4387201040142837,0.49300926829659536
624000000000,0.0,0.8,0.3,18.21829605102539,22.327220916748047,0.3474917688080527,0.4863422439834616
624000000000,0.0,0.9,0.3,17.899839401245117,22.41999053955078,0.2929839100872804,0.4814452898968558
624000000000,0.0,1.0,0.3,16.867950439453125,23.21445083618164,0.2624528033618225,0.4754048995901903
624000000001,0.0,0.0,0.3,18.92457771301269,27.662372589111328,0.5,0.6074587399489446
624000000001,0.0,0.1,0.3,18.91413688659668,28.13282012939453,0.577778953278598,0.6165988963620326
624000000001,0.0,0.2,0.3,18.72109031677246,28.136062622070312,0.537350904490735,0.6125758887277731
624000000001,0.0,0.3,0.3,18.49871253967285,30.09221649169922,0.82277123373573,0.6467919511923901
624000000001,0.0,0.4,0.3,18.45845603942871,30.602842330932617,0.9010529486692592,0.65610028689798
624000000001,0.0,0.5,0.3,18.144216537475582,29.870349884033203,0.7097933902815445,0.6348710995039937
624000000001,0.0,0.6,0.3,17.56838607788086,28.470867156982425,0.3495884091366226,0.5948308929773971
624000000001,0.0,0.7,0.3,17.1722469329834,28.530696868896484,0.2756705557834615,0.5876336488607368
624000000001,0.0,0.8,0.3,16.629222869873047,29.8906478881836,0.3916461118417555,0.6031968346323926
624000000001,0.0,0.9,0.3,16.682504653930664,28.12998962402344,0.1035727820274508,0.5692904491343742
624000000001,0.0,1.0,0.3,16.569168090820312,28.806377410888672,0.1945275622983901,0.5803498265076186
624000000002,0.0,0.0,0.3,19.4493408203125,24.551916122436523,0.6078124218854223,0.5566763637725292
624000000002,0.0,0.1,0.3,19.47010040283203,24.67295265197754,0.6306380074289377,0.5595243755001658
624000000002,0.0,0.2,0.3,19.50336647033692,23.84858512878418,0.5,0.5438250182607883
624000000002,0.0,0.3,0.3,19.49921226501465,24.88712882995605,0.6699448405036637,0.5644025815172702
624000000002,0.0,0.4,0.3,19.49900245666504,25.4489860534668,0.762175447889921,0.5755782884268146
624000000002,0.0,0.5,0.3,19.392894744873047,25.86656188964844,0.8156624829948158,0.5816407430389209
624000000002,0.0,0.6,0.3,19.056804656982425,25.48674392700196,0.7055242477808175,0.5669666099909209
624000000002,0.0,0.7,0.3,18.2058334350586,25.48414802551269,0.5841461676473151,0.5488966647672395
624000000002,0.0,0.8,0.3,17.556514739990234,25.58470726013184,0.5083684485932994,0.5371491074897123
624000000002,0.0,0.9,0.3,16.854602813720703,26.893537521362305,0.6235210204592845,0.5483308047172712
624000000002,0.0,1.0,0.3,15.985555648803713,26.61850357055664,0.4548377256281508,0.5244569984623426
624000000003,0.0,0.0,0.3,17.272165298461914,26.55593681335449,0.5703914083707167,0.5504544195766183
624000000003,0.0,0.1,0.3,17.27064323425293,26.100605010986328,0.4996673781772574,0.5413617447744417
624000000003,0.0,0.2,0.3,17.24909782409668,26.922372817993164,0.6219990773614964,0.5572575422071707
624000000003,0.0,0.3,0.3,17.09745979309082,26.469820022583008,0.5188993157237125,0.5450416408764958
624000000003,0.0,0.4,0.3,17.117996215820312,28.14575958251953,0.7824768345069959,0.5788252578098937
624000000003,0.0,0.5,0.3,16.555850982666016,28.159683227539062,0.6617818488118279,0.5671995701494361
624000000003,0.0,0.6,0.3,16.305095672607422,27.767333984375,0.5463287413325371,0.5540829437956736
624000000003,0.0,0.7,0.3,16.308835983276367,28.0008487701416,0.5832460286732667,0.5588087482088696
624000000003,0.0,0.8,0.3,16.637784957885742,28.39656448364257,0.7163074962315821,0.573648019125549
624000000003,0.0,0.9,0.3,16.70237159729004,29.334890365600582,0.8754810616054797,0.5936868967314735
624000000003,0.0,1.0,0.3,14.984185218811035,28.99382781982422,0.4472738938619345,0.5505197166025168
624000000004,0.0,0.0,0.3,17.077714920043945,19.8309383392334,0.5,0.41251938530432286
624000000004,0.0,0.1,0.3,17.06606674194336,20.38192176818848,0.529294356473446,0.4232365256662214
624000000004,0.0,0.2,0.3,17.040794372558594,19.89082145690918,0.4989380397127883,0.4129292249621437
624000000004,0.0,0.3,0.3,16.70838165283203,20.194704055786133,0.4762755920128046,0.4119376120053758
624000000004,0.0,0.4,0.3,16.07114028930664,21.567211151123047,0.4768199878406894,0.4257557077625725
624000000004,0.0,0.5,0.3,15.320773124694824,22.123435974121094,0.4184386619491438,0.420935659654738
624000000004,0.0,0.6,0.3,14.503110885620115,24.63431739807129,0.4608885382268078,0.4535855699337295
624000000004,0.0,0.7,0.3,13.69424057006836,23.21408462524414,0.2854818202606378,0.40819812916382425
624000000004,0.0,0.8,0.3,12.99627685546875,28.810039520263672,0.5139774283367068,0.5047710292915785
624000000004,0.0,0.9,0.3,13.15971851348877,21.42908096313477,0.1224326079351311,0.3613612670753493
624000000004,0.0,1.0,0.3,12.878899574279783,21.809301376342773,0.1101648704710539,0.36298110280451884
711000000000,0.0,0.0,0.3,20.69677925109864,24.141036987304688,0.5,0.5749134669642012
711000000000,0.0,0.1,0.3,20.694805145263672,24.22252082824707,0.5112646595543608,0.5764930787021116
711000000000,0.0,0.2,0.3,20.632009506225582,24.289201736450195,0.5156449298281317,0.5764903107048122
711000000000,0.0,0.3,0.3,20.31400489807129,24.899150848388672,0.5759883414938822,0.5818940548514098
711000000000,0.0,0.4,0.3,19.83495712280273,27.708391189575195,0.9318493038596798,0.6276506311419495
711000000000,0.0,0.5,0.3,19.752403259277344,26.40611457824707,0.7427941982531961,0.5999892239940297
711000000000,0.0,0.6,0.3,18.40174674987793,27.65694808959961,0.8113044228237267,0.5962804843935695
711000000000,0.0,0.7,0.3,17.742572784423828,27.35038948059082,0.7162114033467266,0.5762231950344089
711000000000,0.0,0.8,0.3,17.525041580200195,26.40634727478028,0.566692731473619,0.5528321538993168
711000000000,0.0,0.9,0.3,15.520731925964355,26.183950424194336,0.377025915458955,0.5059679344643315
711000000000,0.0,1.0,0.3,14.37386417388916,24.561843872070312,0.0589802499143195,0.449406807742914
711000000001,0.0,0.0,0.3,21.619291305541992,24.035873413085938,0.6201871248141801,0.5923539448060198
711000000001,0.0,0.1,0.3,21.61478614807129,24.00465583801269,0.6103595362244278,0.5916373687509997
711000000001,0.0,0.2,0.3,21.601470947265625,24.46309280395508,0.7451337731969653,0.600477670621717
711000000001,0.0,0.3,0.3,21.50872230529785,24.21481704711914,0.6601374154982952,0.593573499954918
711000000001,0.0,0.4,0.3,21.24079132080078,23.67411994934082,0.46711096855203,0.5771412907850141
711000000001,0.0,0.5,0.3,21.085351943969727,24.409910202026367,0.6673196715569117,0.5884912152917221
711000000001,0.0,0.6,0.3,20.82571792602539,23.63184928894043,0.4046799847693617,0.5675114864103565
711000000001,0.0,0.7,0.3,20.46106338500977,24.15044593811035,0.5151491285699663,0.5701096920155276
711000000001,0.0,0.8,0.3,17.45661163330078,24.536285400390625,0.2690472407884434,0.5141716948760762
711000000001,0.0,0.9,0.3,18.620399475097656,24.63512420654297,0.438237627968041,0.5407802503564414
711000000001,0.0,1.0,0.3,18.09871864318848,25.31266212463379,0.5771266420245573,0.5432163156938254
711000000002,0.0,0.0,0.3,17.4141845703125,24.43560218811035,0.4997834684675395,0.5112699020436307
711000000002,0.0,0.1,0.3,17.41510581970215,24.64689826965332,0.520727812278394,0.5154938960238775
711000000002,0.0,0.2,0.3,17.380741119384766,24.542091369628903,0.502369301422809,0.5126807585632566
711000000002,0.0,0.3,0.3,17.266334533691406,25.82944679260254,0.6017665800891813,0.5358748553091923
711000000002,0.0,0.4,0.3,17.03512954711914,29.53252410888672,0.9106899331217928,0.6046652722553356
711000000002,0.0,0.5,0.3,17.01580047607422,28.40635108947754,0.7956710090305482,0.5818467817142646
711000000002,0.0,0.6,0.3,16.787418365478516,28.696008682250977,0.7704067639453653,0.5827748344588188
711000000002,0.0,0.7,0.3,16.445171356201172,28.97994804382324,0.7178186306321432,0.5811781505748663
711000000002,0.0,0.8,0.3,15.802434921264648,27.57744789123535,0.4291660558039609,0.5396612481956182
711000000002,0.0,0.9,0.3,15.287818908691406,27.64738845825196,0.3150711664867316,0.5301565905770977
711000000002,0.0,1.0,0.3,15.870485305786133,26.31585693359375,0.3214006148806884,0.5159982904760543
711000000003,0.0,0.0,0.3,20.064498901367188,28.47880172729492,0.5,0.6478409616554643
711000000003,0.0,0.1,0.3,20.020000457763672,28.70967674255371,0.5311931879772567,0.6514928409262057
711000000003,0.0,0.2,0.3,19.828643798828125,29.58237266540528,0.6475353824487646,0.6648064858641638
711000000003,0.0,0.3,0.3,19.339204788208008,30.04937171936035,0.6836083915971239,0.6637358128294555
711000000003,0.0,0.4,0.3,18.61480140686035,30.00902557373047,0.6286233404923355,0.6475946136870608
711000000003,0.0,0.5,0.3,17.68475914001465,30.60993003845215,0.6547261354754066,0.6398592222361972
711000000003,0.0,0.6,0.3,16.858333587646484,30.500701904296875,0.582634291207049,0.6201871741790619
711000000003,0.0,0.7,0.3,15.857691764831545,31.853809356689453,0.7153980620659186,0.625924678023928
711000000003,0.0,0.8,0.3,14.221049308776855,30.494461059570312,0.4032902734482438,0.5642216726910316
711000000003,0.0,0.9,0.3,12.673812866210938,30.19879722595215,0.2548135719275087,0.5255775204961455
711000000003,0.0,1.0,0.3,13.654475212097168,29.65869903564453,0.2411436794758655,0.5355946884071638
711000000004,0.0,0.0,0.3,21.312414169311523,21.10270881652832,0.5436990066189905,0.5274904410994101
711000000004,0.0,0.1,0.3,21.31547164916992,20.694774627685547,0.5,0.5194378768554176
711000000004,0.0,0.2,0.3,21.2426700592041,20.9674015045166,0.5254264594067588,0.5233212729950619
711000000004,0.0,0.3,0.3,20.978002548217773,21.283178329467773,0.5452480399151408,0.5240007611901598
711000000004,0.0,0.4,0.3,20.364822387695312,21.94007873535156,0.5831397312705391,0.5240887817034998
711000000004,0.0,0.5,0.3,19.01579093933105,22.936443328857425,0.6182415585844891,0.515350885930093
711000000004,0.0,0.6,0.3,16.828907012939453,23.741188049316406,0.588003586007227,0.48505951380166823
711000000004,0.0,0.7,0.3,15.429235458374023,25.344947814941406,0.6857104128489045,0.4873356637066917
711000000004,0.0,0.8,0.3,13.953207969665527,24.064653396606445,0.469238488838891,0.43060654513117425
711000000004,0.0,0.9,0.3,11.951120376586914,22.48598861694336,0.1925964815855424,0.3568015971857953
711000000004,0.0,1.0,0.3,12.625517845153809,22.945465087890625,0.2780094797515423,0.3802240710472081
712000000000,0.0,0.0,0.3,19.169584274291992,21.57044982910156,0.5310113874830743,0.49142597170999525
712000000000,0.0,0.1,0.3,19.159273147583008,21.632381439208984,0.5363033647657243,0.49243999584677767
712000000000,0.0,0.2,0.3,19.119659423828125,21.26535987854004,0.4951428250665484,0.4842980226318615
712000000000,0.0,0.3,0.3,18.82943153381348,22.262020111083984,0.5682138599756711,0.4979848995370034
712000000000,0.0,0.4,0.3,18.43153953552246,22.30284881591797,0.5336531604112406,0.49037244819280684
712000000000,0.0,0.5,0.3,17.705711364746094,22.49640464782715,0.4827118499341311,0.47885539324953724
712000000000,0.0,0.6,0.3,15.690692901611328,26.18435859680176,0.6615396177537863,0.5095747754314219
712000000000,0.0,0.7,0.3,15.34101104736328,24.75699234008789,0.4824320931345003,0.47376815112704995
712000000000,0.0,0.8,0.3,15.092089653015137,24.772178649902344,0.4597582376433303,0.46879972614672377
712000000000,0.0,0.9,0.3,14.425678253173828,26.119857788085938,0.5319103969470236,0.48150614094312705
712000000000,0.0,1.0,0.3,14.030295372009276,22.50008201599121,0.1255054339481001,0.40110606142759697
712000000001,0.0,0.0,0.3,20.2174129486084,20.05050468444824,0.4994455427125719,0.4833677628699963
712000000001,0.0,0.1,0.3,20.22760009765625,20.132524490356445,0.5055773147179011,0.485215539461028
712000000001,0.0,0.2,0.3,20.02831268310547,20.16035461425781,0.4966231102011014,0.48154964789854077
712000000001,0.0,0.3,0.3,19.45343017578125,21.25423622131348,0.5397174265185,0.4911438714818076
712000000001,0.0,0.4,0.3,18.317834854125977,22.770055770874023,0.5809853685346364,0.4972616338911361
712000000001,0.0,0.5,0.3,17.36018180847168,24.03036880493164,0.6145638548646719,0.502062898059803
712000000001,0.0,0.6,0.3,15.861026763916016,25.476459503173828,0.6313027498992948,0.4990952175982106
712000000001,0.0,0.7,0.3,14.242231369018556,26.131498336791992,0.587738746653602,0.4778535043058394
712000000001,0.0,0.8,0.3,12.45540714263916,23.23684310913086,0.2936516086963975,0.3824201847108033
712000000001,0.0,0.9,0.3,13.07065200805664,25.362682342529297,0.4716938573834869,0.43774839190413045
712000000001,0.0,1.0,0.3,11.04100513458252,27.403488159179688,0.5,0.4353821601312256
712000000002,0.0,0.0,0.3,21.118139266967773,27.170652389526367,0.531739711925104,0.6441202398260921
712000000002,0.0,0.1,0.3,21.098955154418945,26.812877655029297,0.4982943664405659,0.6365948375385029
712000000002,0.0,0.2,0.3,21.087841033935547,27.44104766845703,0.5530338472681707,0.648859187764803
712000000002,0.0,0.3,0.3,20.68437957763672,26.95249938964844,0.4738214467386965,0.6305949704908402
712000000002,0.0,0.4,0.3,20.17867851257324,27.491539001464844,0.4766807343184026,0.630613471364344
712000000002,0.0,0.5,0.3,18.878774642944336,28.33654022216797,0.4360716723675404,0.619903879822382
712000000002,0.0,0.6,0.3,18.32680892944336,29.419857025146484,0.483102767205568,0.6297731145270207
712000000002,0.0,0.7,0.3,16.534683227539062,28.81402587890625,0.2700214426004648,0.5797718445642752
712000000002,0.0,0.8,0.3,15.78688907623291,28.95968246459961,0.2164578862842624,0.566836560446955
712000000002,0.0,0.9,0.3,15.494389533996582,32.448951721191406,0.5,0.6300746666331689
712000000002,0.0,1.0,0.3,15.62780475616455,28.18171119689941,0.1332967880785729,0.5479876341075411
712000000003,0.0,0.0,0.3,21.366161346435547,31.49524307250977,0.7725720755631093,0.7354249332657946
712000000003,0.0,0.1,0.3,21.29951477050781,31.72694396972656,0.7906628552237815,0.7386242863759652
712000000003,0.0,0.2,0.3,21.101282119750977,32.018287658691406,0.8044996771140742,0.7402242684990918
712000000003,0.0,0.3,0.3,20.864835739135746,32.08318328857422,0.7926079785987855,0.7365091307660543
712000000003,0.0,0.4,0.3,19.83624267578125,32.788814544677734,0.7834105048461741,0.7287709571971669
712000000003,0.0,0.5,0.3,19.45488166809082,29.2358455657959,0.3967224474519327,0.64999713290589
712000000003,0.0,0.6,0.3,18.455322265625,33.75872802734375,0.7733313628846181,0.7188315120712123
712000000003,0.0,0.7,0.3,17.74532699584961,29.49563789367676,0.2897016113196373,0.6189688651659137
712000000003,0.0,0.8,0.3,17.697792053222656,33.134769439697266,0.6516486522355935,0.6903758453298394
712000000003,0.0,0.9,0.3,15.412558555603027,30.51261329650879,0.2102301760265452,0.5898116490369698
712000000003,0.0,1.0,0.3,14.9452486038208,28.782459259033203,0.0,0.5454893508172858
712000000004,0.0,0.0,0.3,19.65359687805176,19.085935592651367,0.5,0.45223610137291576
712000000004,0.0,0.1,0.3,19.63123321533203,20.220983505249023,0.569727601658796,0.47434839609007273
712000000004,0.0,0.2,0.3,19.55366516113281,20.35013961791992,0.5731832152768345,0.4752760065654384
712000000004,0.0,0.3,0.3,19.15621566772461,21.824939727783203,0.6417905767057318,0.4962068899412484
712000000004,0.0,0.4,0.3,18.14126205444336,24.35482406616211,0.7395914007661384,0.5250575236553429
712000000004,0.0,0.5,0.3,17.996841430664062,22.316865921020508,0.6033783110711834,0.4814471596691253
712000000004,0.0,0.6,0.3,15.66386604309082,27.072185516357425,0.7618270212391423,0.5266732257336042
712000000004,0.0,0.7,0.3,13.601247787475586,26.438840866088867,0.5990437311266552,0.4703971226931166
712000000004,0.0,0.8,0.3,13.081032752990724,26.44285011291504,0.5682397221109213,0.45946197423776686
712000000004,0.0,0.9,0.3,13.101421356201172,26.560937881469727,0.5768500430787028,0.4622434548297172
712000000004,0.0,1.0,0.3,11.277896881103516,23.07052993774414,0.2494659184948035,0.3541784308567638
713000000000,0.0,0.0,0.3,18.681596755981445,25.254377365112305,0.6157131238782805,0.5543982748323665
713000000000,0.0,0.1,0.3,18.676755905151367,25.027061462402344,0.5855978893349789,0.5497725166498474
713000000000,0.0,0.2,0.3,18.610780715942383,24.35938262939453,0.4893831060762902,0.535089724560365
713000000000,0.0,0.3,0.3,18.64241409301757,24.74609375,0.5441232090667852,0.5434545174260442
713000000000,0.0,0.4,0.3,18.317672729492188,24.772380828857425,0.4988359158416104,0.5371015852453951
713000000000,0.0,0.5,0.3,18.216703414916992,24.686023712158203,0.472533338081597,0.5332452994212165
713000000000,0.0,0.6,0.3,16.988405227661133,26.77227783203125,0.5581142739628072,0.5487510165171983
713000000000,0.0,0.7,0.3,16.091583251953125,26.50867462158203,0.3895797437042467,0.5245165673681994
713000000000,0.0,0.8,0.3,15.875045776367188,26.94096946716309,0.4130070174115335,0.5285336918415079
713000000000,0.0,0.9,0.3,15.353995323181152,27.503198623657227,0.4075801455705462,0.528688626444497
713000000000,0.0,1.0,0.3,15.346532821655272,28.226682662963867,0.5,0.5429269071110778
713000000001,0.0,0.0,0.3,20.47488212585449,25.1790828704834,0.5,0.5908706803288266
713000000001,0.0,0.1,0.3,20.4688720703125,25.266700744628903,0.5124964387465384,0.5924868941176817
713000000001,0.0,0.2,0.3,20.46019554138184,25.96563148498535,0.6156175670106906,0.6062108939382511
713000000001,0.0,0.3,0.3,20.3505973815918,26.35751342773437,0.6642698937596612,0.6116881710534303
713000000001,0.0,0.4,0.3,19.964374542236328,26.080411911010746,0.5892820626480622,0.5979964466870857
713000000001,0.0,0.5,0.3,19.31142807006836,26.8550033569336,0.6472609163862499,0.5995843456084297
713000000001,0.0,0.6,0.3,18.82769775390625,26.58349227905273,0.5645699663356323,0.5839392595600847
713000000001,0.0,0.7,0.3,17.512697219848633,28.54319190979004,0.7407447471630358,0.5950909068841258
713000000001,0.0,0.8,0.3,16.071365356445312,26.50907325744629,0.3122705280065953,0.5240964100652218
713000000001,0.0,0.9,0.3,14.762008666992188,26.170488357543945,0.1473503794729674,0.4896350076988699
713000000001,0.0,1.0,0.3,16.66761016845703,26.032602310180664,0.2936380352503069,0.5272400902516587
713000000002,0.0,0.0,0.3,25.281227111816406,26.95753288269043,0.8587544060045015,0.7280278388133525
713000000002,0.0,0.1,0.3,25.30317687988281,26.60921287536621,0.8141155301268628,0.7215615323473856
713000000002,0.0,0.2,0.3,25.282455444335938,26.658100128173828,0.8186116262875948,0.7220955668161868
713000000002,0.0,0.3,0.3,25.40134048461914,27.29708480834961,0.916460492222996,0.7373276889604878
713000000002,0.0,0.4,0.3,25.00326538085937,27.39766502380371,0.8900664007938643,0.7309003295631817
713000000002,0.0,0.5,0.3,24.906110763549805,27.132856369018555,0.8447136868801386,0.7235738868238079
713000000002,0.0,0.6,0.3,24.68419647216797,27.55289077758789,0.8789435722443262,0.7272331986652659
713000000002,0.0,0.7,0.3,23.341007232666016,27.60634422302246,0.751434781980155,0.6998564311174594
713000000002,0.0,0.8,0.3,20.41537094116211,27.9165267944336,0.4997594132761817,0.6440817932662042
713000000002,0.0,0.9,0.3,22.419261932373047,27.91831588745117,0.7009529915641579,0.6865473714430803
713000000002,0.0,1.0,0.3,21.930084228515625,24.20012855529785,0.1518975671784074,0.6022030512689295
713000000003,0.0,0.0,0.3,19.62544631958008,24.55696678161621,0.774016993384997,0.5605056864203668
713000000003,0.0,0.1,0.3,19.625431060791016,23.64909172058105,0.6829191260034824,0.5424399574842936
713000000003,0.0,0.2,0.3,19.60424995422364,24.0720329284668,0.7235671592846533,0.5504073938250551
713000000003,0.0,0.3,0.3,19.59911155700684,24.95157623291016,0.8113866568520082,0.5678002391613568
713000000003,0.0,0.4,0.3,19.366424560546875,26.164840698242188,0.9134611485717962,0.5870155873695129
713000000003,0.0,0.5,0.3,19.157564163208008,21.82609367370605,0.4604580454389532,0.4962584045701943
713000000003,0.0,0.6,0.3,18.10217666625977,25.623056411743164,0.7522533554098223,0.5494659343329804
713000000003,0.0,0.7,0.3,17.60747718811035,22.57603073120117,0.4047051184886795,0.47835984724609404
713000000003,0.0,0.8,0.3,17.995878219604492,23.51953887939453,0.5322019309002564,0.5053582241624669
713000000003,0.0,0.9,0.3,17.61214256286621,26.80912971496582,0.8298503916395212,0.5626912026034088
713000000003,0.0,1.0,0.3,13.709171295166016,26.65292930603028,0.4843267831456368,0.47694232450488283
713000000004,0.0,0.0,0.3,17.540054321289062,28.037220001220703,1.0,0.5856020484636602
713000000004,0.0,0.1,0.3,17.538440704345703,27.921205520629883,0.9789882343988112,0.5832593610328588
713000000004,0.0,0.2,0.3,17.513275146484375,27.429031372070312,0.887927043480221,0.5729329541191913
713000000004,0.0,0.3,0.3,17.46929359436035,27.40040397644043,0.8781700235839749,0.5714320538011775
713000000004,0.0,0.4,0.3,17.40690803527832,27.457380294799805,0.8818613519978904,0.5712448613952849
713000000004,0.0,0.5,0.3,17.339092254638672,25.25409507751465,0.4789175985087325,0.5259667421134118
713000000004,0.0,0.6,0.3,16.8453369140625,25.713733673095703,0.5096950159561139,0.5246582134731126
713000000004,0.0,0.7,0.3,16.36683464050293,25.32246780395508,0.3892040566020583,0.5067408770991197
713000000004,0.0,0.8,0.3,15.429811477661133,27.57062530517578,0.6947942941668767,0.5316356360144433
713000000004,0.0,0.9,0.3,15.34573459625244,27.61458206176757,0.6938710244742033,0.5307300854646989
713000000004,0.0,1.0,0.3,12.773944854736328,27.631610870361328,0.4271306279850242,0.4766143844881392
714000000000,0.0,0.0,0.3,19.36760139465332,29.47657012939453,0.5968291611435785,0.6529391502888462
714000000000,0.0,0.1,0.3,19.34705924987793,30.1447696685791,0.6355306523896509,0.6658004033548899
714000000000,0.0,0.2,0.3,19.28204917907715,30.201690673828125,0.6297765196990825,0.6655565394236902
714000000000,0.0,0.3,0.3,18.942197799682617,30.81783103942871,0.6195486702375759,0.6706209015353178
714000000000,0.0,0.4,0.3,18.006465911865234,33.986026763916016,0.683103101557422,0.7138504368997975
714000000000,0.0,0.5,0.3,17.17757225036621,33.889381408691406,0.5584865122758974,0.6943765087792039
714000000000,0.0,0.6,0.3,16.5714168548584,35.946189880371094,0.5999361428653297,0.7224694240618503
714000000000,0.0,0.7,0.3,15.872928619384766,34.36520767211914,0.4014770654764055,0.6762205086758416
714000000000,0.0,0.8,0.3,16.284324645996094,30.760160446166992,0.2356798125480916,0.6131960775176223
714000000000,0.0,0.9,0.3,16.393646240234375,27.92276763916016,0.0745016278111466,0.5590508012109039
714000000000,0.0,1.0,0.3,16.162487030029297,29.666519165039062,0.1500948634139344,0.5888544267493969
714000000001,0.0,0.0,0.3,20.2383975982666,28.40006256103516,0.697102312036427,0.6499562611010731
714000000001,0.0,0.1,0.3,20.22848129272461,28.41031837463379,0.6948475643594463,0.6499503711929553
714000000001,0.0,0.2,0.3,20.22798156738281,28.17776107788086,0.6401205152190997,0.6453122349224081
714000000001,0.0,0.3,0.3,19.993581771850582,28.56449508666992,0.6206373737321591,0.6480445512700248
714000000001,0.0,0.4,0.3,19.93195533752441,28.64138412475586,0.6097067978511619,0.6482696668531067
714000000001,0.0,0.5,0.3,19.8388614654541,29.69274139404297,0.8123306718653689,0.6672190113516272
714000000001,0.0,0.6,0.3,19.681190490722656,28.89079093933105,0.550358487629838,0.6479228596195329
714000000001,0.0,0.7,0.3,19.552358627319336,28.728988647460938,0.4519306770765359,0.641975367586594
714000000001,0.0,0.8,0.3,19.38035774230957,29.617589950561523,0.5793538804215836,0.6560153418750068
714000000001,0.0,0.9,0.3,19.17392921447754,27.558887481689453,0.0,0.610679253058283
714000000001,0.0,1.0,0.3,19.800537109375,28.97295379638672,0.6256699687694977,0.6520848029950508
714000000002,0.0,0.0,0.3,19.288536071777344,25.77657699584961,0.7288409982526683,0.5776405040927883
714000000002,0.0,0.1,0.3,19.282941818237305,25.634986877441406,0.6935136941797319,0.5747046131283636
714000000002,0.0,0.2,0.3,19.298959732055664,26.338041305541992,0.8673902608387665,0.589033543472232
714000000002,0.0,0.3,0.3,19.020448684692383,26.64381217956543,0.9056682805290082,0.5892208074517007
714000000002,0.0,0.4,0.3,18.9112491607666,26.67006492614746,0.8977981125679333,0.5874310309148183
714000000002,0.0,0.5,0.3,18.70624351501465,25.896278381347656,0.6819172386063119,0.5676930457792955
714000000002,0.0,0.6,0.3,18.5710506439209,26.88077735900879,0.9047804869285684,0.5844206109982102
714000000002,0.0,0.7,0.3,17.507352828979492,26.56868362426757,0.6893800447601524,0.5556878753971117
714000000002,0.0,0.8,0.3,15.476691246032717,26.736949920654297,0.4648578365808078,0.5160393194597959
714000000002,0.0,0.9,0.3,16.210285186767578,24.83441162109375,0.095963162113994,0.49371451604369376
714000000002,0.0,1.0,0.3,15.565041542053224,25.47014617919922,0.1668898961991207,0.49270246102399196
714000000003,0.0,0.0,0.3,26.618677139282227,25.69229316711425,0.6462372008989248,0.7311702843569307
714000000003,0.0,0.1,0.3,26.570188522338867,25.739049911499023,0.6527245679331667,0.7310739881602314
714000000003,0.0,0.2,0.3,26.42918586730957,25.96822929382324,0.6924533560748867,0.7326487663526415
714000000003,0.0,0.3,0.3,26.30756950378418,25.9809799194336,0.6853294772074768,0.7303274054383886
714000000003,0.0,0.4,0.3,26.278514862060547,25.632211685180664,0.6048810315827988,0.7227722229660924
714000000003,0.0,0.5,0.3,26.347110748291016,25.53951644897461,0.5897609379875226,0.7223801565589871
714000000003,0.0,0.6,0.3,26.089187622070312,26.3187198638916,0.743008873326793,0.7324239705151333
714000000003,0.0,0.7,0.3,25.627695083618164,25.101985931396484,0.4328051310637945,0.6984411694822268
714000000003,0.0,0.8,0.3,25.033191680908203,26.328414916992188,0.6585411746354699,0.7102574461295925
714000000003,0.0,0.9,0.3,24.63091468811035,25.038951873779297,0.3369167539335836,0.6760812584121183
714000000003,0.0,1.0,0.3,20.52435874938965,27.27279281616211,0.5,0.6335800999975834
714000000004,0.0,0.0,0.3,16.808975219726562,24.9211368560791,0.7875503948840517,0.5081167635367794
714000000004,0.0,0.1,0.3,16.80603790283203,24.859825134277344,0.7511037287580866,0.5068345544503745
714000000004,0.0,0.2,0.3,16.776416778564453,24.64200210571289,0.615218581741856,0.5018729983490036
714000000004,0.0,0.3,0.3,16.691818237304688,24.42404556274414,0.4609151196840833,0.4957447049256467
714000000004,0.0,0.4,0.3,16.38727378845215,25.07133102416992,0.7337482930358645,0.5021763912998912
714000000004,0.0,0.5,0.3,16.195709228515625,24.70096969604492,0.4555987890289748,0.4907505856113157
714000000004,0.0,0.6,0.3,16.32857894897461,25.03609085083008,0.6937817969028339,0.500232370095945
714000000004,0.0,0.7,0.3,15.933051109313965,25.28840065002441,0.7077819152253116,0.49687814608554437
714000000004,0.0,0.8,0.3,15.661388397216797,24.951250076293945,0.4221220624658941,0.48441720468290894
714000000004,0.0,0.9,0.3,15.481797218322754,25.13201904296875,0.4667771303911451,0.48421161983472105
714000000004,0.0,1.0,0.3,15.310224533081056,25.20312690734864,0.4506720421209693,0.4819937189700719
721000000000,0.0,0.0,0.3,19.420143127441406,23.70469284057617,0.6000086874624834,0.5391996149805866
721000000000,0.0,0.1,0.3,19.426633834838867,23.44658660888672,0.568029678171513,0.5342011057024497
721000000000,0.0,0.2,0.3,19.371553421020508,23.363964080810547,0.5506895637017529,0.531390775006545
721000000000,0.0,0.3,0.3,18.98483085632324,25.1218376159668,0.725921648066217,0.5581815415498201
721000000000,0.0,0.4,0.3,18.387170791625977,25.813627243041992,0.7395215549938898,0.5592924266374328
721000000000,0.0,0.5,0.3,17.709789276123047,22.911020278930664,0.2866401598751111,0.4871919918833215
721000000000,0.0,0.6,0.3,16.92821502685547,26.8472900390625,0.6895104832116673,0.5489691963806886
721000000000,0.0,0.7,0.3,16.228206634521484,22.917383193969727,0.1033255968222369,0.45594787704082784
721000000000,0.0,0.8,0.3,15.921412467956545,25.467208862304688,0.3890875163900631,0.5001897377121592
721000000000,0.0,0.9,0.3,15.872974395751951,23.58793830871582,0.1443557893973083,0.4617693431026417
721000000000,0.0,1.0,0.3,15.403279304504396,23.96225547790528,0.1335319049550359,0.45927248778530805
721000000001,0.0,0.0,0.3,20.865583419799805,24.0061092376709,0.9154224029704208,0.5758028240471084
721000000001,0.0,0.1,0.3,20.851356506347656,23.9465274810791,0.9056910441009942,0.5743159951688462
721000000001,0.0,0.2,0.3,20.835474014282227,24.31565284729004,0.9588607325970118,0.5813247655654454
721000000001,0.0,0.3,0.3,20.75742530822754,24.12126922607422,0.924947615534564,0.5758042241967121
721000000001,0.0,0.4,0.3,20.727333068847656,24.023860931396484,0.9085705059567448,0.5732287725378622
721000000001,0.0,0.5,0.3,20.69705390930176,24.50284576416016,0.9769028648772574,0.5821187559663867
721000000001,0.0,0.6,0.3,20.67798042297364,24.24180603027344,0.937228139704543,0.5765205832135727
721000000001,0.0,0.7,0.3,20.56338691711425,24.581518173217773,0.979319179418956,0.5808539860318105
721000000001,0.0,0.8,0.3,20.06085205078125,24.541967391967773,0.9391147527892888,0.5694264120320268
721000000001,0.0,0.9,0.3,18.916147232055664,24.57217025756836,0.8652162941668939,0.5457896599505898
721000000001,0.0,1.0,0.3,13.559381484985352,21.179855346679688,0.0,0.3648644183146004
721000000002,0.0,0.0,0.3,19.528867721557617,27.91279029846192,0.8651470758887474,0.6252368046072574
721000000002,0.0,0.1,0.3,19.564098358154297,28.11576461791992,0.951409333751112,0.6300216674543502
721000000002,0.0,0.2,0.3,19.65377616882324,28.17292594909668,1.0,0.6330579152122482
721000000002,0.0,0.3,0.3,19.51757049560547,27.89822769165039,0.856286463187656,0.6247078245596573
721000000002,0.0,0.4,0.3,19.25993156433105,27.524066925048828,0.6385672086594687,0.6118073703004984
721000000002,0.0,0.5,0.3,19.48075294494629,28.00382423400879,0.8843638494409738,0.6260294763486218
721000000002,0.0,0.6,0.3,19.345537185668945,27.19798469543457,0.5433075434135932,0.60713139958734
721000000002,0.0,0.7,0.3,18.730823516845703,28.024566650390625,0.6636174366752141,0.6105633682967132
721000000002,0.0,0.8,0.3,18.68020820617676,27.88323211669922,0.5956051987390539,0.6066792964487169
721000000002,0.0,0.9,0.3,18.390499114990234,27.918472290039062,0.5204590502338153,0.6012462841166848
721000000002,0.0,1.0,0.3,18.012540817260742,26.829246520996094,0.0,0.5715694487709259
721000000003,0.0,0.0,0.3,17.47659683227539,23.470378875732425,0.5713541933683977,0.4933848530706917
721000000003,0.0,0.1,0.3,17.488332748413086,23.192018508911133,0.5378588410282185,0.4880943766576651
721000000003,0.0,0.2,0.3,17.492206573486328,22.88570785522461,0.5,0.4820812594931697
721000000003,0.0,0.3,0.3,17.412670135498047,22.97954559326172,0.5029296851743725,0.4822644070366324
721000000003,0.0,0.4,0.3,17.279226303100586,24.49043273925781,0.6770199389956064,0.5095033722895623
721000000003,0.0,0.5,0.3,17.04266357421875,22.96544647216797,0.4602312762925543,0.47414941162155033
721000000003,0.0,0.6,0.3,15.794078826904297,23.228355407714844,0.3549551378697018,0.45294364274917215
721000000003,0.0,0.7,0.3,14.732391357421877,25.71478843688965,0.5482868927242611,0.47994012489679094
721000000003,0.0,0.8,0.3,14.26754665374756,24.755050659179688,0.3768954693257027,0.45100019906057615
721000000003,0.0,0.9,0.3,14.042635917663574,26.885854721069336,0.6183529509579432,0.48863791639869536
721000000003,0.0,1.0,0.3,12.972886085510254,25.65298652648925,0.345897133789395,0.4414549513203444
721000000004,0.0,0.0,0.3,21.452327728271484,30.81156539916992,0.6881088056131547,0.7236452017947311
721000000004,0.0,0.1,0.3,21.49949836730957,30.97437286376953,0.7295470495957115,0.7278836172621167
721000000004,0.0,0.2,0.3,21.405494689941406,31.034751892089844,0.7323714756510035,0.7270946583158212
721000000004,0.0,0.3,0.3,21.26495933532715,30.46859741210937,0.590915666724097,0.7128533329123437
721000000004,0.0,0.4,0.3,20.72603225708008,30.777572631835938,0.5988568616832325,0.7075903630047028
721000000004,0.0,0.5,0.3,20.776824951171875,30.64951515197754,0.5761514596950293,0.7061176777436133
721000000004,0.0,0.6,0.3,20.06366920471192,30.672422409057617,0.5010054487886935,0.6914732853132483
721000000004,0.0,0.7,0.3,19.08784866333008,29.94004249572754,0.2286902362739986,0.6562381556218567
721000000004,0.0,0.8,0.3,17.05504035949707,30.10484313964844,0.0365739059321331,0.6164751839642404
721000000004,0.0,0.9,0.3,18.97284889221192,32.193023681640625,0.7157528015051228,0.698634254004078
721000000004,0.0,1.0,0.3,19.989877700805664,30.641695022583008,0.4858846571701737,0.6892994083834281
722000000000,0.0,0.0,0.3,24.346454620361328,20.331111907958984,0.5320185962557162,0.5763789258367458
722000000000,0.0,0.1,0.3,24.335323333740234,20.15582656860352,0.5163607176374443,0.5726553085106239
722000000000,0.0,0.2,0.3,24.21087455749512,19.965166091918945,0.4960876601240388,0.5662263867629502
722000000000,0.0,0.3,0.3,23.91670608520508,20.01959609985352,0.4923614228628308,0.5610808024719083
722000000000,0.0,0.4,0.3,23.55402374267578,21.433624267578125,0.6056167900968589,0.5815385642843991
722000000000,0.0,0.5,0.3,22.73740196228028,21.61484146118164,0.5979077826403192,0.567853542902121
722000000000,0.0,0.6,0.3,21.20190048217773,21.474084854125977,0.5412833173978454,0.5325402950537993
722000000000,0.0,0.7,0.3,19.37727737426757,22.1796932220459,0.5503689597044532,0.5079466887666814
722000000000,0.0,0.8,0.3,17.774904251098633,24.084238052368164,0.6707694089149245,0.5119160666188303
722000000000,0.0,0.9,0.3,16.778804779052734,24.589433670043945,0.6862279782772718,0.500877525241829
722000000000,0.0,1.0,0.3,7.019219875335693,25.67974853515625,0.5,0.31592576667046013
722000000001,0.0,0.0,0.3,21.2955379486084,14.012655258178713,0.5500496020072521,0.38605125542082686
722000000001,0.0,0.1,0.3,21.25699043273925,13.868562698364258,0.539219560721416,0.38236782384386114
722000000001,0.0,0.2,0.3,21.252338409423828,13.953105926513672,0.5439591749309477,0.3839516113031408
722000000001,0.0,0.3,0.3,21.289520263671875,14.11003303527832,0.5554696921055304,0.38786151567532656
722000000001,0.0,0.4,0.3,21.162437438964844,13.168928146362305,0.4921186982790633,0.36644405839495114
722000000001,0.0,0.5,0.3,20.955127716064453,14.594968795776367,0.5644354752948608,0.3904306793431558
722000000001,0.0,0.6,0.3,20.57828521728516,14.182535171508787,0.5176560195660974,0.37424465840508225
722000000001,0.0,0.7,0.3,18.61319160461425,17.58216094970703,0.6029612494381154,0.4002838239156742
722000000001,0.0,0.8,0.3,16.800689697265625,21.59783744812012,0.733845833096159,0.4418124568338424
722000000001,0.0,0.9,0.3,13.600366592407228,19.27469253540039,0.4065364333070854,0.3278222331841222
722000000001,0.0,1.0,0.3,12.851469039916992,17.866724014282227,0.2786716347119914,0.28394868436879367
722000000002,0.0,0.0,0.3,18.135234832763672,22.42303276062012,0.5976622705216914,0.48649004041293226
722000000002,0.0,0.1,0.3,18.14235496520996,22.3023738861084,0.5882445824176187,0.48423986285615667
722000000002,0.0,0.2,0.3,18.16469955444336,21.844497680664062,0.552158066909494,0.47560190573446803
722000000002,0.0,0.3,0.3,18.00740623474121,22.511280059814453,0.5954148678545721,0.4855394179620726
722000000002,0.0,0.4,0.3,17.782638549804688,22.959657669067383,0.6156376755500514,0.48970230149528426
722000000002,0.0,0.5,0.3,16.987884521484375,22.1074161529541,0.4861623255406839,0.45591596387547717
722000000002,0.0,0.6,0.3,16.747560501098633,21.211883544921875,0.3944228431994018,0.4330075834288525
722000000002,0.0,0.7,0.3,15.462930679321287,22.36603736877441,0.393875867627543,0.4287730928948371
722000000002,0.0,0.8,0.3,13.346394538879396,27.27627754211425,0.6410352654239072,0.48166469561640446
722000000002,0.0,0.9,0.3,12.538846015930176,25.119707107543945,0.4030668005846156,0.4216531834958749
722000000002,0.0,1.0,0.3,11.453309059143066,25.459686279296875,0.3502248317261046,0.40543334185138624
722000000003,0.0,0.0,0.3,23.757274627685547,24.726959228515625,0.7123808779827919,0.6513747783496997
722000000003,0.0,0.1,0.3,23.78717613220215,24.795873641967773,0.7220754481136948,0.6533792042388578
722000000003,0.0,0.2,0.3,23.79707336425781,25.373046875,0.7919125670533219,0.6650736820793656
722000000003,0.0,0.3,0.3,23.651451110839844,25.293052673339844,0.7754224838607154,0.6603985369082064
722000000003,0.0,0.4,0.3,23.508115768432617,25.016338348388672,0.7353968046146772,0.6518573672600572
722000000003,0.0,0.5,0.3,22.919273376464844,25.03246116638184,0.7095319347916219,0.6397101597958645
722000000003,0.0,0.6,0.3,21.56288146972656,25.293441772460938,0.6768558021658474,0.6161833332113087
722000000003,0.0,0.7,0.3,16.156373977661133,27.10438346862793,0.6392384099399825,0.5377421808276315
722000000003,0.0,0.8,0.3,16.586772918701172,24.74783134460449,0.3763286351452177,0.49996336746464654
722000000003,0.0,0.9,0.3,16.32777214050293,24.729841232299805,0.361937499356458,0.49412136066622403
722000000003,0.0,1.0,0.3,13.207393646240234,22.944265365600582,0.0,0.3925207174482188
722000000004,0.0,0.0,0.3,23.414213180541992,24.50067710876465,0.5589709929508118,0.6396081772606226
722000000004,0.0,0.1,0.3,23.42894172668457,24.171566009521484,0.5028862701596595,0.6333711997181571
722000000004,0.0,0.2,0.3,23.434303283691406,24.60484504699707,0.5793915215170784,0.6421063529025517
722000000004,0.0,0.3,0.3,23.390241622924805,24.151796340942383,0.495248848769793,0.6321583837151576
722000000004,0.0,0.4,0.3,23.19250869750977,25.59170150756836,0.7262540360412391,0.656623665733268
722000000004,0.0,0.5,0.3,22.97417640686035,25.92545509338379,0.7611977904501878,0.658641958046738
722000000004,0.0,0.6,0.3,22.00337028503418,26.056900024414062,0.6795503520529753,0.6407018726444942
722000000004,0.0,0.7,0.3,21.186203002929688,27.00505256652832,0.7575882472712914,0.6422662095256876
722000000004,0.0,0.8,0.3,21.203622817993164,25.29362678527832,0.4595591367732557,0.6085801455210882
722000000004,0.0,0.9,0.3,20.41170883178711,25.792085647583008,0.4615164926208207,0.6017309341128904
722000000004,0.0,1.0,0.3,18.7973575592041,26.354145050048828,0.3859360209849672,0.5787331630212382
723000000000,0.0,0.0,0.3,22.376882553100582,21.58200454711914,0.684595936924155,0.5595665714174718
723000000000,0.0,0.1,0.3,22.368528366088867,22.268909454345703,0.7504475588598724,0.5730580996847421
723000000000,0.0,0.2,0.3,22.307680130004883,22.73600006103516,0.792553067184103,0.5810641417775099
723000000000,0.0,0.3,0.3,21.9522762298584,22.45742988586425,0.7484620585857018,0.5679957471362894
723000000000,0.0,0.4,0.3,21.21149635314941,22.63103675842285,0.7293130426391935,0.5557651522780436
723000000000,0.0,0.5,0.3,20.63351249694824,21.469837188720703,0.5893015940613486,0.5204208417380598
723000000000,0.0,0.6,0.3,18.61575126647949,22.67208480834961,0.6074954468786544,0.501620174025974
723000000000,0.0,0.7,0.3,14.76907730102539,19.66823005676269,0.1313634515643168,0.36039910433536243
723000000000,0.0,0.8,0.3,13.881916999816896,24.510234832763672,0.555418760538096,0.4379634734080966
723000000000,0.0,0.9,0.3,12.592097282409668,24.85191535949707,0.5258777860555887,0.4174520449046262
723000000000,0.0,1.0,0.3,12.058039665222168,21.509641647338867,0.1776160668554509,0.33963758613408795
723000000001,0.0,0.0,0.3,17.090042114257812,24.29797744750977,0.6609593703145147,0.5016680419277914
723000000001,0.0,0.1,0.3,17.107341766357422,24.70764541625977,0.7044803338257423,0.5101861436408075
723000000001,0.0,0.2,0.3,17.040956497192383,24.347368240356445,0.6611246227892493,0.5016115187425072
723000000001,0.0,0.3,0.3,16.773540496826172,24.26040267944336,0.6256937872942993,0.49421881768907794
723000000001,0.0,0.4,0.3,16.572460174560547,24.25578498840332,0.6052535362915941,0.48986929869178936
723000000001,0.0,0.5,0.3,16.02524757385254,24.262868881225582,0.5516333265128167,0.47842369031964244
723000000001,0.0,0.6,0.3,16.01721954345703,23.01520347595215,0.4235229682815987,0.45342696224139645
723000000001,0.0,0.7,0.3,15.777246475219728,22.70374298095703,0.3679097573800502,0.4421482064316459
723000000001,0.0,0.8,0.3,15.590839385986328,22.813758850097656,0.3606240186627248,0.44039041817707153
723000000001,0.0,0.9,0.3,13.708001136779783,25.384780883789062,0.4359913251078287,0.4516832210750025
723000000001,0.0,1.0,0.3,12.07254409790039,27.603731155395508,0.5,0.46120830222160714
723000000002,0.0,0.0,0.3,19.157649993896484,29.629697799682617,0.5,0.6515407023367267
723000000002,0.0,0.1,0.3,19.132232666015625,29.78982353210449,0.5348303050662162,0.6541887924387386
723000000002,0.0,0.2,0.3,19.07932472229004,30.538761138916016,0.7039518296911952,0.667971309936917
723000000002,0.0,0.3,0.3,18.72532844543457,31.29829788208008,0.8471791538880269,0.6755895522239167
723000000002,0.0,0.4,0.3,18.24787330627441,31.238693237304688,0.7883535545651202,0.6642939682403726
723000000002,0.0,0.5,0.3,17.49476432800293,31.010644912719727,0.6644074332375407,0.6438099597010324
723000000002,0.0,0.6,0.3,16.663663864135742,31.579309463500977,0.718326592664887,0.637528013897243
723000000002,0.0,0.7,0.3,14.425409317016602,30.71813201904297,0.3073184024906378,0.5729994795664829
723000000002,0.0,0.8,0.3,13.848979949951172,31.7805233001709,0.5,0.5819343381364288
723000000002,0.0,0.9,0.3,13.87948513031006,30.356765747070312,0.1718938201893203,0.5542495243106116
723000000002,0.0,1.0,0.3,14.815343856811523,29.90056800842285,0.1539864092964388,0.5649875276755622
723000000003,0.0,0.0,0.3,18.262475967407227,26.083385467529297,0.6888769136630322,0.5620199640044984
723000000003,0.0,0.1,0.3,18.269268035888672,26.173479080200195,0.6995673675738238,0.5639565109779606
723000000003,0.0,0.2,0.3,18.12059593200684,25.150659561157227,0.5730686313122055,0.5404559232948155
723000000003,0.0,0.3,0.3,17.81328582763672,25.56574249267578,0.5980417568189325,0.5422085544057954
723000000003,0.0,0.4,0.3,17.36341667175293,25.2131404876709,0.5258493669774957,0.5256668450044206
723000000003,0.0,0.5,0.3,15.81363296508789,27.97163200378418,0.7271268796460661,0.5477420492708298
723000000003,0.0,0.6,0.3,15.142171859741213,24.411348342895508,0.275763699793161,0.46268015323873757
723000000003,0.0,0.7,0.3,13.973677635192873,27.52572250366211,0.5446874679499251,0.49991025493022934
723000000003,0.0,0.8,0.3,13.803348541259766,28.82622528076172,0.6797600047815223,0.5221818733371149
723000000003,0.0,0.9,0.3,12.661930084228516,28.76650619506836,0.5911483302184911,0.4968253887145758
723000000003,0.0,1.0,0.3,11.29649829864502,26.664325714111328,0.2551574373333183,0.4260836522714111
723000000004,0.0,0.0,0.3,20.62450790405273,23.73567771911621,0.6103688834912696,0.5653171427650898
723000000004,0.0,0.1,0.3,20.65082550048828,23.309017181396484,0.5658363918479399,0.5573844561040358
723000000004,0.0,0.2,0.3,20.613187789916992,23.221281051635746,0.5537012617054682,0.5548417003305041
723000000004,0.0,0.3,0.3,20.115493774414062,22.70301818847656,0.4629713771864484,0.5339909447078279
723000000004,0.0,0.4,0.3,20.00731086730957,24.06502151489257,0.603457948186247,0.558802206093051
723000000004,0.0,0.5,0.3,19.207181930541992,23.761823654174805,0.5151736907539567,0.5358272390636787
723000000004,0.0,0.6,0.3,17.19686508178711,25.64780044555664,0.5810156748753568,0.530789422719258
723000000004,0.0,0.7,0.3,15.00721549987793,27.305328369140625,0.6096343709126334,0.5174086484081362
723000000004,0.0,0.8,0.3,14.363921165466309,27.242300033569336,0.5582905623206583,0.502533492724319
723000000004,0.0,0.9,0.3,13.966182708740234,25.748550415039062,0.3684966073482116,0.46438839448290103
723000000004,0.0,1.0,0.3,13.422204971313477,26.915111541748047,0.4576064180732518,0.4760832070806811
724000000000,0.0,0.0,0.3,20.99204444885254,23.49750328063965,0.7499525766293063,0.5683599581409968
724000000000,0.0,0.1,0.3,21.00694465637207,23.587804794311523,0.7616422997615879,0.5704723221217511
724000000000,0.0,0.2,0.3,20.756486892700195,21.20825958251953,0.4704053354777174,0.5178196588897537
724000000000,0.0,0.3,0.3,20.2807674407959,21.2957706451416,0.423815489614318,0.5094882166385328
724000000000,0.0,0.4,0.3,19.96745491027832,22.594161987304688,0.5295580574107134,0.5286903185035113
724000000000,0.0,0.5,0.3,18.938940048217773,23.008686065673828,0.4536052709243078,0.5151611872785546
724000000000,0.0,0.6,0.3,19.04145050048828,23.27147483825684,0.4946130152659223,0.5225608406254332
724000000000,0.0,0.7,0.3,19.32334899902344,24.37352752685547,0.6490987174938185,0.5504589626601954
724000000000,0.0,0.8,0.3,18.34189224243164,25.755584716796875,0.6850912865763837,0.5571787452444015
724000000000,0.0,0.9,0.3,16.775476455688477,24.890411376953125,0.4048700813889304,0.5067960747895452
724000000000,0.0,1.0,0.3,17.18375587463379,23.73748207092285,0.3263432610886289,0.49249926735721217
724000000001,0.0,0.0,0.3,15.321525573730469,26.78840446472168,0.4885069373529425,0.513777744567779
724000000001,0.0,0.1,0.3,15.33672332763672,27.210474014282227,0.562673535256965,0.5224981147112315
724000000001,0.0,0.2,0.3,15.36650562286377,26.823938369750977,0.5097639065097695,0.5154372164448322
724000000001,0.0,0.3,0.3,15.270532608032228,28.07065200805664,0.6804454319532893,0.5382129088810155
724000000001,0.0,0.4,0.3,15.235140800476074,28.25923538208008,0.6990922312707276,0.5412160674638171
724000000001,0.0,0.5,0.3,15.267401695251465,26.7641658782959,0.4659537969192704,0.5121494236876298
724000000001,0.0,0.6,0.3,14.891838073730469,28.10273170471192,0.5555888156326854,0.5308328480519344
724000000001,0.0,0.7,0.3,14.316191673278809,28.59361267089844,0.4380170010597908,0.5284120530347021
724000000001,0.0,0.8,0.3,14.07464599609375,28.944154739379883,0.4122977597306949,0.5302728964716206
724000000001,0.0,0.9,0.3,13.911072731018066,29.825056076049805,0.5,0.5443380972204555
724000000001,0.0,1.0,0.3,14.02852725982666,28.2951889038086,0.2904447809762635,0.5163829025450686
724000000002,0.0,0.0,0.3,19.363990783691406,27.36930274963379,0.973628936702574,0.610931114777327
724000000002,0.0,0.1,0.3,19.336376190185547,27.197010040283203,0.9511572781814868,0.6069180323100913
724000000002,0.0,0.2,0.3,19.310590744018555,26.439252853393555,0.8629526774049815,0.5912937801386455
724000000002,0.0,0.3,0.3,19.262882232666016,27.463281631469727,0.972980817399445,0.610660307371788
724000000002,0.0,0.4,0.3,19.06918907165528,26.5564022064209,0.8493288236155843,0.5885134938871106
724000000002,0.0,0.5,0.3,19.118501663208008,26.42550468444824,0.8400650533563417,0.5869529564909527
724000000002,0.0,0.6,0.3,19.00588035583496,24.21293830871582,0.5783703822723705,0.5405414524714589
724000000002,0.0,0.7,0.3,19.020713806152344,23.16382598876953,0.4618651771196148,0.5199797090745815
724000000002,0.0,0.8,0.3,17.110950469970703,27.603458404541016,0.7497085475348271,0.5678850604144767
724000000002,0.0,0.9,0.3,17.189279556274414,25.28820037841797,0.4976613251982937,0.5234732850501858
724000000002,0.0,1.0,0.3,14.863157272338867,25.04986572265625,0.2124094471410171,0.4694779314812719
724000000003,0.0,0.0,0.3,21.81941032409668,22.830223083496094,0.7273326644292634,0.572600519230408
724000000003,0.0,0.1,0.3,21.825618743896484,23.21267890930176,0.8004798817434283,0.5803422950168706
724000000003,0.0,0.2,0.3,21.80107879638672,23.16658973693848,0.7857188342261778,0.5789055830547947
724000000003,0.0,0.3,0.3,21.638813018798828,23.437368392944336,0.7958540307879891,0.5808579058603589
724000000003,0.0,0.4,0.3,21.477127075195312,23.91575050354004,0.8449974231234266,0.5869535156293912
724000000003,0.0,0.5,0.3,21.17877769470215,24.278493881225582,0.8383375314381163,0.5878543975521024
724000000003,0.0,0.6,0.3,20.705867767333984,23.65531539916992,0.6034862399743534,0.5654407454632773
724000000003,0.0,0.7,0.3,20.38055229187012,24.24273109436035,0.632145381154464,0.5702413082693055
724000000003,0.0,0.8,0.3,19.825027465820312,23.18842315673828,0.295939214979166,0.5374995301307244
724000000003,0.0,0.9,0.3,20.50776481628418,21.60754776000977,0.1706338915763963,0.5204985280645154
724000000003,0.0,1.0,0.3,21.109508514404297,22.58196449279785,0.5034357605260759,0.5526292152561401
724000000004,0.0,0.0,0.3,17.0528507232666,20.71571922302246,0.5939014856972681,0.42959878088094394
724000000004,0.0,0.1,0.3,17.03723907470703,21.47872543334961,0.6951707291218561,0.4444509474442777
724000000004,0.0,0.2,0.3,16.982202529907227,22.192365646362305,0.7843374133701351,0.45748602709093267
724000000004,0.0,0.3,0.3,16.651546478271484,23.37785720825196,0.8996210774803415,0.47407435780217944
724000000004,0.0,0.4,0.3,16.41997718811035,23.646141052246094,0.9041947861838164,0.47450961904863753
724000000004,0.0,0.5,0.3,15.71827220916748,20.87857818603516,0.4327766269412804,0.40458134726345696
724000000004,0.0,0.6,0.3,15.132184028625488,21.817541122436523,0.4795844498131414,0.41085564584139933
724000000004,0.0,0.7,0.3,14.334543228149414,20.02288627624512,0.1268579850253694,0.35825551665019584
724000000004,0.0,0.8,0.3,13.410393714904783,22.19463539123535,0.2943429139850766,0.38190244277409635
724000000004,0.0,0.9,0.3,13.416362762451172,23.712034225463867,0.5008193710361832,0.41222288103492677
724000000004,0.0,1.0,0.3,13.947267532348633,20.070859909057617,0.0801986516953505,0.35101002649651947
811000000000,0.0,0.0,0.3,23.463119506835938,17.362060546875,0.5099974069501735,0.4985955239598056
811000000000,0.0,0.1,0.3,23.45096969604492,17.574874877929688,0.5189533396810465,0.5025729649645693
811000000000,0.0,0.2,0.3,23.43959045410156,17.13321304321289,0.4993395286254991,0.4935435889616679
811000000000,0.0,0.3,0.3,23.02610206604004,18.074460983276367,0.5288519729443647,0.5035179485086336
811000000000,0.0,0.4,0.3,22.266246795654297,21.98774147033692,0.6784776268887156,0.5652975728043411
811000000000,0.0,0.5,0.3,19.38052749633789,26.55988311767578,0.7972122323487083,0.5951749751033875
811000000000,0.0,0.6,0.3,18.68239974975586,23.52082252502441,0.6448513963551076,0.5199200332617628
811000000000,0.0,0.7,0.3,15.87646198272705,27.25341415405273,0.7291490162274525,0.5347808774732867
811000000000,0.0,0.8,0.3,12.823509216308594,22.67115592956543,0.4432711920945001,0.37895794273931527
811000000000,0.0,0.9,0.3,9.596428871154783,28.578556060791016,0.6107555910848036,0.42817715638966564
811000000000,0.0,1.0,0.3,5.650801181793213,25.57357215881348,0.3687246027767632,0.2848383923312276
811000000001,0.0,0.0,0.3,16.44846534729004,31.49138069152832,0.880481610365117,0.6312217886424075
811000000001,0.0,0.1,0.3,16.448102951049805,31.41667938232422,0.8482218880829837,0.6297276668984864
811000000001,0.0,0.2,0.3,16.48221206665039,31.125980377197266,0.7323718635060911,0.6246653949052776
811000000001,0.0,0.3,0.3,16.485172271728516,31.01586151123047,0.6857702186923142,0.6225368668839684
811000000001,0.0,0.4,0.3,16.43379783630371,31.24260330200196,0.769375728962935,0.6259609100978165
811000000001,0.0,0.5,0.3,16.31568145751953,31.23310852050781,0.7330707927617638,0.6232710055891604
811000000001,0.0,0.6,0.3,16.196582794189453,30.58436584472656,0.4212849207641559,0.607840190178784
811000000001,0.0,0.7,0.3,15.84799098968506,31.00159072875977,0.5058300007832404,0.6087613527877505
811000000001,0.0,0.8,0.3,15.78552532196045,31.0767765045166,0.5211614436346652,0.6089348061479145
811000000001,0.0,0.9,0.3,15.383256912231444,31.092256546020508,0.4181040944339813,0.6007252876799127
811000000001,0.0,1.0,0.3,14.652045249938965,31.74573516845703,0.5,0.5982460447656314
811000000002,0.0,0.0,0.3,17.70009422302246,22.10223960876465,0.4991169057053377,0.4708931405882958
811000000002,0.0,0.1,0.3,17.709243774414062,22.34067153930664,0.5256616222163831,0.47583132325519006
811000000002,0.0,0.2,0.3,17.61836051940918,22.637407302856445,0.5488264396915646,0.47981159403421175
811000000002,0.0,0.3,0.3,17.464096069335938,23.126161575317383,0.5865401482079169,0.48627073606784443
811000000002,0.0,0.4,0.3,17.196578979492188,22.72433853149414,0.517473140234636,0.47261068423341096
811000000002,0.0,0.5,0.3,16.954601287841797,25.12102127075196,0.7520648498337481,0.5151776320072858
811000000002,0.0,0.6,0.3,16.85196876525879,25.24521255493164,0.7555252755026454,0.5154757396231403
811000000002,0.0,0.7,0.3,15.555899620056152,24.473602294921875,0.5473857697429617,0.472679104140542
811000000002,0.0,0.8,0.3,14.481971740722656,26.7479305267334,0.6885109008850456,0.49519583044067295
811000000002,0.0,0.9,0.3,12.528850555419922,26.400909423828125,0.4626512924522105,0.44693562208229776
811000000002,0.0,1.0,0.3,13.207769393920898,25.67043685913086,0.4495607331942008,0.44677555891080367
811000000003,0.0,0.0,0.3,23.8071231842041,24.3563175201416,0.4971777904721394,0.6450550254269136
811000000003,0.0,0.1,0.3,23.867563247680664,25.44536590576172,0.5682367217595758,0.6680052649779601
811000000003,0.0,0.2,0.3,23.78422164916992,25.422550201416016,0.5629155717857368,0.6657866073761343
811000000003,0.0,0.3,0.3,23.22514915466309,28.30209732055664,0.7172344023665173,0.7112477602353995
811000000003,0.0,0.4,0.3,22.23788070678711,29.612010955810547,0.7532100628301828,0.7164089344477169
811000000003,0.0,0.5,0.3,20.751617431640625,31.653059005737305,0.8116963185143484,0.7255530158895692
811000000003,0.0,0.6,0.3,18.3011474609375,31.085412979125977,0.6617061037874185,0.6623719279644626
811000000003,0.0,0.7,0.3,15.429862022399902,30.392742156982425,0.4842324804400729,0.587792766109391
811000000003,0.0,0.8,0.3,13.694515228271484,32.33624649047852,0.5249761268220164,0.5897218246512342
811000000003,0.0,0.9,0.3,13.52677059173584,31.025177001953125,0.4349954576585468,0.5600816399182968
811000000003,0.0,1.0,0.3,13.159629821777344,31.78388977050781,0.4653908749047805,0.5674051674902886
811000000004,0.0,0.0,0.3,20.0918025970459,24.934425354003903,0.5768054123529324,0.5778911006435433
811000000004,0.0,0.1,0.3,20.074539184570312,24.68809127807617,0.5395739391971447,0.5726238754328317
811000000004,0.0,0.2,0.3,20.01744270324707,25.11821746826172,0.6007994160159352,0.5799738177749074
811000000004,0.0,0.3,0.3,19.90048217773437,25.9278507232666,0.7156335178694713,0.5936078549752599
811000000004,0.0,0.4,0.3,19.59627151489257,25.411176681518555,0.625915576616383,0.5768854915276997
811000000004,0.0,0.5,0.3,19.04432678222656,25.9494743347168,0.6816934763218875,0.5759100745383126
811000000004,0.0,0.6,0.3,17.763010025024414,26.681697845458984,0.7345498535747281,0.5633499287483859
811000000004,0.0,0.7,0.3,15.33584690093994,26.060585021972656,0.5372644136083503,0.49959842298972446
811000000004,0.0,0.8,0.3,11.50582790374756,24.41582679748535,0.1275151696892683,0.3857740651935553
811000000004,0.0,0.9,0.3,8.566534996032715,27.3828239440918,0.4394178048332656,0.3825770476424038
811000000004,0.0,1.0,0.3,8.821664810180664,27.791881561279297,0.5110682815783609,0.39611877142397184
811000000005,0.0,0.0,0.3,15.065712928771973,23.84113883972168,0.5062749416467206,0.449714879797958
811000000005,0.0,0.1,0.3,15.066950798034668,23.99950408935547,0.5186079213367515,0.4528923305186174
811000000005,0.0,0.2,0.3,15.07436752319336,23.75314712524414,0.5,0.44814722205013724
811000000005,0.0,0.3,0.3,14.99454402923584,24.260967254638672,0.5343671023414933,0.45656194474325845
811000000005,0.0,0.4,0.3,14.846857070922852,24.373310089111328,0.533931301173006,0.4556703118756461
811000000005,0.0,0.5,0.3,14.4725341796875,24.65378761291504,0.532496786807424,0.45332557424607256
811000000005,0.0,0.6,0.3,13.97087287902832,24.00120735168457,0.4509771938898868,0.4297180934123954
811000000005,0.0,0.7,0.3,13.522333145141602,24.10144805908203,0.4310052206317438,0.4222154505418304
811000000005,0.0,0.8,0.3,11.704581260681152,26.12297439575196,0.4750799334708009,0.42395220602942907
811000000005,0.0,0.9,0.3,8.846467971801758,27.210384368896484,0.3825420500443743,0.3850729920565575
811000000005,0.0,1.0,0.3,6.986729621887207,30.213632583618164,0.5,0.4054555858421938
811000000006,0.0,0.0,0.3,19.73067092895508,16.680931091308594,0.4903277682182914,0.4060119265758091
811000000006,0.0,0.1,0.3,19.74361038208008,17.365877151489258,0.5372953741883411,0.4199153437877974
811000000006,0.0,0.2,0.3,19.87029266357422,19.091278076171875,0.660749430858417,0.4569306813201427
811000000006,0.0,0.3,0.3,19.90768051147461,18.261375427246094,0.6067416092192118,0.4412084567871495
811000000006,0.0,0.4,0.3,19.86751174926757,18.76192283630371,0.6383531557597204,0.45031810399825223
811000000006,0.0,0.5,0.3,19.81795310974121,19.855789184570312,0.709523776721064,0.4710351240363331
811000000006,0.0,0.6,0.3,19.781606674194336,18.082904815673828,0.5877989054850894,0.4349876870849257
811000000006,0.0,0.7,0.3,19.130046844482425,20.561010360717773,0.7195648380570829,0.4705024230171613
811000000006,0.0,0.8,0.3,17.423816680908203,18.853565216064453,0.5110131793156285,0.4003993559993739
811000000006,0.0,0.9,0.3,13.54753875732422,22.0056209564209,0.5120906279015853,0.3810452088763434
811000000006,0.0,1.0,0.3,10.757280349731444,24.084062576293945,0.5,0.3633228423864094
811000000007,0.0,0.0,0.3,16.907211303710938,27.020782470703125,0.7072735726099648,0.5519767173049348
811000000007,0.0,0.1,0.3,16.8903865814209,27.07630920410156,0.7242869852769851,0.5527253760819405
811000000007,0.0,0.2,0.3,16.848716735839844,27.02156639099121,0.7023984884370893,0.5507537641786755
811000000007,0.0,0.3,0.3,16.728796005249023,26.578229904174805,0.544235281584354,0.5393928297410615
811000000007,0.0,0.4,0.3,16.56203842163086,26.39834976196289,0.4696919860365753,0.5322825830895714
811000000007,0.0,0.5,0.3,16.17887306213379,26.86071014404297,0.5900166233094369,0.5333698237096305
811000000007,0.0,0.6,0.3,14.868264198303224,27.636104583740234,0.7331488823226491,0.5210484921429377
811000000007,0.0,0.7,0.3,14.29570770263672,27.44994735717773,0.6208839809064086,0.5052210374280992
811000000007,0.0,0.8,0.3,12.740429878234863,27.899826049804688,0.6341344405017025,0.48124184091966254
811000000007,0.0,0.9,0.3,11.893171310424805,27.638328552246094,0.4726605053136092,0.45809873788069766
811000000007,0.0,1.0,0.3,11.21279525756836,26.477331161499023,0.0263012477039046,0.4205904189906157
811000000008,0.0,0.0,0.3,19.352596282958984,23.405336380004883,0.5,0.5318126295982567
811000000008,0.0,0.1,0.3,19.32436180114746,24.230825424194336,0.547829244278863,0.5476408412557046
811000000008,0.0,0.2,0.3,19.2326774597168,25.322078704833984,0.6075393885708859,0.5674139040201569
811000000008,0.0,0.3,0.3,19.007089614868164,26.646141052246094,0.6725890167542465,0.5889842864522546
811000000008,0.0,0.4,0.3,18.26673698425293,25.84128761291504,0.5762659996193661,0.5572927873573451
811000000008,0.0,0.5,0.3,17.212974548339844,24.163299560546875,0.4071399592843779,0.5015910921955476
811000000008,0.0,0.6,0.3,15.746018409729004,29.261314392089844,0.6188784781923894,0.5719732141502141
811000000008,0.0,0.7,0.3,14.126385688781738,31.47794532775879,0.6474111851799798,0.5817872047227025
811000000008,0.0,0.8,0.3,12.854650497436523,31.115358352661133,0.543306535403934,0.5476447855394948
811000000008,0.0,0.9,0.3,11.953588485717772,30.881044387817383,0.4709041628190833,0.5239033725297193
811000000008,0.0,1.0,0.3,11.62578582763672,31.71736526489257,0.5,0.5336041267920816
811000000009,0.0,0.0,0.3,16.550678253173828,25.07464599609375,0.7391913950911764,0.5057022471651956
811000000009,0.0,0.1,0.3,16.545270919799805,25.169164657592773,0.7633470404358532,0.5074685385971148
811000000009,0.0,0.2,0.3,16.559701919555664,25.15689468383789,0.7621840714768001,0.5075299428311468
811000000009,0.0,0.3,0.3,16.531604766845703,25.39474105834961,0.8208870650715558,0.5116678196855113
811000000009,0.0,0.4,0.3,16.456287384033203,25.11490058898925,0.736246412168208,0.5045046426254076
811000000009,0.0,0.5,0.3,16.4304256439209,25.737592697143555,0.8967873636134502,0.5163477273478158
811000000009,0.0,0.6,0.3,16.295419692993164,25.715970993041992,0.8716840956857779,0.5130588982045012
811000000009,0.0,0.7,0.3,15.637493133544922,26.026121139526367,0.8589559989563824,0.505299636981996
811000000009,0.0,0.8,0.3,14.15513038635254,24.24882125854492,0.1771208369704436,0.4385466842082486
811000000009,0.0,0.9,0.3,14.196632385253906,24.162965774536133,0.1604370609102288,0.43771703859043176
811000000009,0.0,1.0,0.3,13.080126762390137,26.05844497680664,0.5,0.4517936825352723
812000000000,0.0,0.0,0.3,18.830495834350582,21.87117385864257,0.5,0.4902301574397935
812000000000,0.0,0.1,0.3,18.8142147064209,22.4466495513916,0.59311593657532,0.5013365614365035
812000000000,0.0,0.2,0.3,18.712915420532227,22.27145767211914,0.5560201929272622,0.49570560506546674
812000000000,0.0,0.3,0.3,18.401594161987305,23.33660697937012,0.7052174143436564,0.5103086892243671
812000000000,0.0,0.4,0.3,17.909786224365234,23.962099075317383,0.7673907038230978,0.5123416402280858
812000000000,0.0,0.5,0.3,17.529279708862305,24.16658401489257,0.7696253720561479,0.5083538288507015
812000000000,0.0,0.6,0.3,17.0892333984375,23.466657638549805,0.6185111784500396,0.48510885172736984
812000000000,0.0,0.7,0.3,16.14653205871582,24.917423248291016,0.7790178017581589,0.4940164321522503
812000000000,0.0,0.8,0.3,14.945034980773926,24.84477996826172,0.6681700201769117,0.4671306822551208
812000000000,0.0,0.9,0.3,15.013142585754396,22.70518112182617,0.3225918448097874,0.42599784396185436
812000000000,0.0,1.0,0.3,12.7576904296875,22.054399490356445,0.0300739710176874,0.36529174456513225
812000000001,0.0,0.0,0.3,16.705307006835938,22.2113094329834,0.9737365350580112,0.4520000520087215
812000000001,0.0,0.1,0.3,16.70420265197754,22.242706298828125,0.984089843458314,0.4526014210255978
812000000001,0.0,0.2,0.3,16.676179885864258,21.19087219238281,0.6239816385137621,0.4310780892410553
812000000001,0.0,0.3,0.3,16.585548400878906,21.329164505004883,0.6520939440005125,0.4319108945236687
812000000001,0.0,0.4,0.3,16.241596221923828,21.82915496826172,0.7504134151149464,0.43457721141089883
812000000001,0.0,0.5,0.3,15.851446151733398,21.07783889770508,0.4177101727616608,0.4113661461843239
812000000001,0.0,0.6,0.3,15.549280166625977,21.13884735107422,0.3766452424631247,0.40618212578075463
812000000001,0.0,0.7,0.3,14.44094944000244,21.489351272583008,0.2687192695648923,0.38968908087632487
812000000001,0.0,0.8,0.3,14.63755702972412,22.28925895690918,0.5783254866328628,0.40976902033893986
812000000001,0.0,0.9,0.3,14.253475189208984,20.80526733398437,0.0,0.37210725455009025
812000000001,0.0,1.0,0.3,14.491432189941406,21.1697998046875,0.1713479776103929,0.384399378421288
812000000002,0.0,0.0,0.3,21.925172805786133,24.5626163482666,0.5079849476402409,0.6093120426971242
812000000002,0.0,0.1,0.3,21.91402816772461,25.23719024658203,0.5994740074010129,0.6224991172113108
812000000002,0.0,0.2,0.3,21.88702774047852,25.28652572631836,0.6053783635070437,0.6229091206648822
812000000002,0.0,0.3,0.3,21.72236061096192,25.210899353027344,0.5901364024854303,0.6179176366766022
812000000002,0.0,0.4,0.3,21.625688552856445,24.503955841064453,0.4910016813106543,0.6018035648190638
812000000002,0.0,0.5,0.3,21.62620735168457,25.4685287475586,0.6223162387948268,0.6210081610558422
812000000002,0.0,0.6,0.3,21.03153419494629,25.02330207824707,0.5438438028255657,0.5995573039841566
812000000002,0.0,0.7,0.3,19.160053253173828,26.296127319335938,0.6608718884509736,0.5852583381668994
812000000002,0.0,0.8,0.3,12.953911781311035,28.177148818969727,0.730449047140769,0.4912803866530713
812000000002,0.0,0.9,0.3,5.585226535797119,26.50393486022949,0.2812890166297391,0.3019628056930414
812000000002,0.0,1.0,0.3,5.284049987792969,26.756885528564453,0.3066718385137482,0.30061910899828714
812000000003,0.0,0.0,0.3,25.210277557373047,15.52305793762207,0.5157297426719175,0.49899598831382547
812000000003,0.0,0.1,0.3,25.2419376373291,15.401263236999512,0.5,0.49724281328079334
812000000003,0.0,0.2,0.3,25.236778259277344,15.735825538635254,0.547180989478241,0.5037908775050588
812000000003,0.0,0.3,0.3,25.213960647583008,15.699851989746094,0.5409730002274742,0.5025919202638955
812000000003,0.0,0.4,0.3,25.236242294311523,15.408452033996582,0.5007426206361252,0.49726526795736214
812000000003,0.0,0.5,0.3,25.074085235595703,15.915977478027344,0.5648215885266253,0.5039308127835156
812000000003,0.0,0.6,0.3,23.90577888488769,15.894296646118164,0.5050184941030345,0.4787619158554073
812000000003,0.0,0.7,0.3,21.0363712310791,16.361324310302734,0.431900255110554,0.4272988430715412
812000000003,0.0,0.8,0.3,16.4890193939209,18.928056716918945,0.57498521170257,0.3820884230830974
812000000003,0.0,0.9,0.3,15.619433403015137,17.5629825592041,0.3392317158861549,0.33651297800758506
812000000003,0.0,1.0,0.3,14.944745063781738,18.73182487487793,0.4721798507400129,0.34548554344344307
812000000004,0.0,0.0,0.3,18.731124877929688,21.085309982299805,0.550992832090695,0.4724885381013799
812000000004,0.0,0.1,0.3,18.73554420471192,20.80273628234864,0.512697246101924,0.4669593024628439
812000000004,0.0,0.2,0.3,18.718372344970703,20.968324661254883,0.534277398079897,0.4698906792156913
812000000004,0.0,0.3,0.3,18.543289184570312,20.709680557250977,0.4886471774500101,0.46103685913101367
812000000004,0.0,0.4,0.3,18.20772171020508,21.72119903564453,0.60685107241092,0.47405938264263836
812000000004,0.0,0.5,0.3,17.957582473754883,21.50439453125,0.5624976466483412,0.46444888832098963
812000000004,0.0,0.6,0.3,17.597612380981445,21.63405036926269,0.558932356194579,0.4594069196323062
812000000004,0.0,0.7,0.3,16.47933578491211,22.96479034423828,0.6744736725198008,0.462208568280716
812000000004,0.0,0.8,0.3,16.37327766418457,23.057559967041016,0.6808690583165082,0.46180889718637735
812000000004,0.0,0.9,0.3,14.609241485595703,23.595468521118164,0.6500976430048638,0.4351611614323735
812000000004,0.0,1.0,0.3,10.268265724182127,24.374086380004883,0.5,0.3587396026611765
812000000005,0.0,0.0,0.3,20.386518478393555,28.8705997467041,0.9977109570991528,0.6624555544569621
812000000005,0.0,0.1,0.3,20.391036987304688,28.88164520263672,1.0,0.6627710171012662
812000000005,0.0,0.2,0.3,20.380271911621094,28.34775161743164,0.9064897661470532,0.6519193663614062
812000000005,0.0,0.3,0.3,20.21176147460937,28.521114349365234,0.9226612102631964,0.651801029472356
812000000005,0.0,0.4,0.3,19.496103286743164,27.88726043701172,0.7536469931528258,0.6240350497037972
812000000005,0.0,0.5,0.3,18.563270568847656,27.89769172668457,0.6784863274875805,0.6044910082526997
812000000005,0.0,0.6,0.3,17.95098304748535,27.54692649841309,0.567112828852045,0.5845468348263978
812000000005,0.0,0.7,0.3,17.291032791137695,27.40740394592285,0.4884537793491699,0.5677968853389257
812000000005,0.0,0.8,0.3,16.24312400817871,28.19541931152344,0.5386962795656045,0.5612890497738392
812000000005,0.0,0.9,0.3,15.48625946044922,26.95052719116211,0.2602766874522362,0.5204917948823116
812000000005,0.0,1.0,0.3,14.33134651184082,25.9995346069336,0.0,0.47711452198472426
812000000006,0.0,0.0,0.3,21.03548240661621,30.154356002807617,0.7215807686829162,0.7017414840245818
812000000006,0.0,0.1,0.3,21.01993560791016,30.458202362060547,0.7500869648419302,0.7074584041247302
812000000006,0.0,0.2,0.3,20.96082305908203,31.91710662841797,0.8874686962033926,0.7352368603465645
812000000006,0.0,0.3,0.3,20.920934677124023,32.0992431640625,0.9035516943115932,0.738016526586524
812000000006,0.0,0.4,0.3,20.73768615722656,33.069759368896484,0.9902129446627462,0.7534483342950384
812000000006,0.0,0.5,0.3,20.478382110595703,32.16640853881836,0.895421483602796,0.7299825033005205
812000000006,0.0,0.6,0.3,19.06636619567871,32.07838439941406,0.8406094165348663,0.6983332136823132
812000000006,0.0,0.7,0.3,16.548412322998047,31.57829666137696,0.7100989461637848,0.6350675480452094
812000000006,0.0,0.8,0.3,13.848072052001951,31.383007049560547,0.6027023919795217,0.574005113757121
812000000006,0.0,0.9,0.3,9.383132934570312,30.240100860595703,0.3468156044775949,0.45672321980488106
812000000006,0.0,1.0,0.3,5.821700572967529,27.834123611450195,0.0,0.3334386984761594
812000000007,0.0,0.0,0.3,26.03699493408203,27.52400588989257,0.7752928772652019,0.755302308828229
812000000007,0.0,0.1,0.3,25.999351501464844,27.20915031433105,0.6816273964187043,0.7482400821091509
812000000007,0.0,0.2,0.3,25.598291397094727,27.220197677612305,0.6711656687832016,0.7399679441405584
812000000007,0.0,0.3,0.3,25.24880599975586,27.766395568847656,0.8194804340664519,0.743436563045321
812000000007,0.0,0.4,0.3,24.093521118164062,27.714187622070312,0.7646898100901882,0.7179359344305899
812000000007,0.0,0.5,0.3,23.2158145904541,28.02043533325196,0.8245548995548495,0.7054454442916671
812000000007,0.0,0.6,0.3,21.80060386657715,28.289873123168945,0.855254934657488,0.6808414858839145
812000000007,0.0,0.7,0.3,19.907129287719727,26.62081718444824,0.3008557923256999,0.6075376338270804
812000000007,0.0,0.8,0.3,17.294458389282227,27.56928443908692,0.4898708545330896,0.5710906068655361
812000000007,0.0,0.9,0.3,13.91193962097168,26.58572769165039,0.0857224001250192,0.4798984842271894
812000000007,0.0,1.0,0.3,11.403020858764648,27.22837257385254,0.1885534151945855,0.43956285911753323
812000000008,0.0,0.0,0.3,17.0316162109375,24.86612129211425,0.5,0.5117361878582483
812000000008,0.0,0.1,0.3,17.023990631103516,24.914501190185547,0.5056049701944678,0.5125374156678155
812000000008,0.0,0.2,0.3,16.929912567138672,25.2252140045166,0.5386920939475929,0.5167281633911669
812000000008,0.0,0.3,0.3,16.766334533691406,25.374361038208008,0.5469343654654277,0.516232406695488
812000000008,0.0,0.4,0.3,16.254989624023438,27.988683700561523,0.8434070607767055,0.5574265490564106
812000000008,0.0,0.5,0.3,15.74860954284668,28.833669662475582,0.9172240011449204,0.5635185642089819
812000000008,0.0,0.6,0.3,16.00615119934082,27.21504592895508,0.7298570071632519,0.5367634180012891
812000000008,0.0,0.7,0.3,15.30616569519043,27.326393127441406,0.6987281439144508,0.5241577170159697
812000000008,0.0,0.8,0.3,14.338101387023926,27.113828659057617,0.6094834583521451,0.49943039473920925
812000000008,0.0,0.9,0.3,13.892395973205566,26.822450637817383,0.5440076327510255,0.4841951166393066
812000000008,0.0,1.0,0.3,9.281744956970217,27.310571670532227,0.308055523239324,0.3962830408471865
812000000009,0.0,0.0,0.3,18.742162704467773,26.55876350402832,0.5770443619715556,0.5816360909265701
812000000009,0.0,0.1,0.3,18.73577308654785,26.28851318359375,0.5592965163629696,0.5761232064042717
812000000009,0.0,0.2,0.3,18.706523895263672,25.334941864013672,0.4959030753356145,0.5565291944475084
812000000009,0.0,0.3,0.3,18.51634979248047,26.19515037536621,0.5281947550514048,0.5696193970877184
812000000009,0.0,0.4,0.3,18.147592544555664,27.02784538269043,0.538224999082721,0.5783808376603368
812000000009,0.0,0.5,0.3,17.95876121520996,28.238052368164062,0.5927048135339654,0.5984639373453928
812000000009,0.0,0.6,0.3,17.95001220703125,28.45180320739746,0.6051555071525809,0.6025320214124258
812000000009,0.0,0.7,0.3,16.280664443969727,30.124855041503903,0.5185777347637941,0.6004769148031909
812000000009,0.0,0.8,0.3,15.759685516357422,31.895479202270508,0.5701553675015252,0.6246786836715872
812000000009,0.0,0.9,0.3,14.586475372314451,33.27725982666016,0.5222753422801307,0.6273328160112349
812000000009,0.0,1.0,0.3,14.392704010009766,27.914819717407227,0.1624134078695272,0.5165251076762047
813000000000,0.0,0.0,0.3,18.925508499145508,26.937055587768555,0.6427821206858104,0.5930456847731846
813000000000,0.0,0.1,0.3,18.92557716369629,27.34259414672852,0.7646598578236552,0.6011167717756362
813000000000,0.0,0.2,0.3,18.856353759765625,27.4077091217041,0.779507764908038,0.6009467437843992
813000000000,0.0,0.3,0.3,18.79898834228516,26.63239288330078,0.5425966560210238,0.5843044239324551
813000000000,0.0,0.4,0.3,18.13008117675781,27.829402923583984,0.8567092048526701,0.5939598958993136
813000000000,0.0,0.5,0.3,17.101835250854492,27.460289001464844,0.6756634947770244,0.5648431917556076
813000000000,0.0,0.6,0.3,16.059467315673828,26.4619255065918,0.3045517409480444,0.5229063110625711
813000000000,0.0,0.7,0.3,14.50697135925293,27.29454040527344,0.4489012600303555,0.5066019163965865
813000000000,0.0,0.8,0.3,13.366111755371094,28.12569999694824,0.6208840927480691,0.49898446711552
813000000000,0.0,0.9,0.3,12.355716705322266,28.01104164123535,0.5175250528043047,0.47530903297278193
813000000000,0.0,1.0,0.3,11.593432426452637,27.13629531860352,0.2026626252297104,0.44176238995395867
813000000001,0.0,0.0,0.3,20.20492553710937,25.854412078857425,0.5733618339096047,0.59859275314053
813000000001,0.0,0.1,0.3,20.192352294921875,26.026111602783203,0.5990929206594997,0.6017431030627778
813000000001,0.0,0.2,0.3,20.07498550415039,25.381977081298828,0.4903764942701255,0.5864406535996751
813000000001,0.0,0.3,0.3,19.50301742553711,27.829221725463867,0.8280350606731872,0.6230265615133188
813000000001,0.0,0.4,0.3,18.9379825592041,27.514324188232425,0.7372892320957954,0.6047966215170504
813000000001,0.0,0.5,0.3,18.593259811401367,26.686817169189453,0.5832596593257864,0.5810313350033194
813000000001,0.0,0.6,0.3,17.58924674987793,28.60187339782715,0.8062798721593418,0.5978794280457411
813000000001,0.0,0.7,0.3,17.761547088623047,28.158336639404297,0.7501662448204983,0.5927019376182598
813000000001,0.0,0.8,0.3,16.481212615966797,27.84561538696289,0.6067824621006859,0.5593696950575813
813000000001,0.0,0.9,0.3,16.003936767578125,26.873291015625,0.4204479662466331,0.5299160996256751
813000000001,0.0,1.0,0.3,13.45374584197998,27.27666282653809,0.2942153347475027,0.4839453967465755
813000000002,0.0,0.0,0.3,19.429855346679688,23.01875305175781,0.5325510987960882,0.5257560458757898
813000000002,0.0,0.1,0.3,19.435009002685547,22.51059532165528,0.5,0.5157535615453929
813000000002,0.0,0.2,0.3,19.348546981811523,23.247915267944336,0.5389768967795006,0.5285944371717601
813000000002,0.0,0.3,0.3,18.973220825195312,23.604352951049805,0.5229663201773971,0.5277399543498615
813000000002,0.0,0.4,0.3,18.811786651611328,24.4642391204834,0.562089935961148,0.5414322762302202
813000000002,0.0,0.5,0.3,18.11492919921875,25.4025936126709,0.5503727130300259,0.545349061748736
813000000002,0.0,0.6,0.3,17.494136810302734,25.30462074279785,0.4791217075778988,0.5302550117621272
813000000002,0.0,0.7,0.3,16.694368362426758,27.92609405517578,0.5662499702295214,0.5654844207779071
813000000002,0.0,0.8,0.3,16.098377227783203,28.439647674560547,0.5374113305708287,0.5630840036588376
813000000002,0.0,0.9,0.3,15.75026035308838,25.406997680664062,0.3035572593680761,0.4953676820780846
813000000002,0.0,1.0,0.3,14.6502103805542,30.189096450805664,0.5,0.5672323255952471
813000000003,0.0,0.0,0.3,24.76780128479004,24.24264907836914,0.6063420523664692,0.6631343887076635
813000000003,0.0,0.1,0.3,24.81673812866211,24.05450820922852,0.5680651155786748,0.6604268351618771
813000000003,0.0,0.2,0.3,24.886354446411133,24.08697509765625,0.5801092877699972,0.6625469211373269
813000000003,0.0,0.3,0.3,24.73809051513672,24.210241317749023,0.5970913621819691,0.6618604312001413
813000000003,0.0,0.4,0.3,24.629663467407227,24.25979804992676,0.6005171468673849,0.6605507266583133
813000000003,0.0,0.5,0.3,23.86083984375,24.71162986755371,0.6470629319833702,0.6532626148426917
813000000003,0.0,0.6,0.3,23.06580924987793,25.03271675109864,0.6628134827484714,0.6428179661623905
813000000003,0.0,0.7,0.3,21.092618942260746,25.98203659057617,0.7356750975565288,0.6199281355877
813000000003,0.0,0.8,0.3,20.449296951293945,25.272348403930664,0.5336059144944376,0.5921847948373377
813000000003,0.0,0.9,0.3,19.784088134765625,25.7534236907959,0.5938504678334782,0.5876725046560968
813000000003,0.0,1.0,0.3,17.710081100463867,23.72542381286621,0.0,0.5034036280255557
813000000004,0.0,0.0,0.3,21.884525299072266,29.319339752197266,0.6690858341107484,0.7031033240137036
813000000004,0.0,0.1,0.3,21.836559295654297,27.79589080810547,0.5324978971461708,0.671773262332222
813000000004,0.0,0.2,0.3,21.93807601928711,28.39144515991211,0.5901277045095927,0.6857734303239844
813000000004,0.0,0.3,0.3,21.58739471435547,29.98177146911621,0.7122097633551898,0.7099933786950505
813000000004,0.0,0.4,0.3,21.47109031677246,27.36780548095703,0.4761097288783306,0.6555166156373315
813000000004,0.0,0.5,0.3,20.27979850769043,31.636289596557617,0.7909893791437752,0.7152291314544232
813000000004,0.0,0.6,0.3,18.78939437866211,33.046634674072266,0.8389182845100179,0.7117354547294403
813000000004,0.0,0.7,0.3,16.036670684814453,30.765209197998047,0.4972220567203306,0.6080527661078913
813000000004,0.0,0.8,0.3,14.266268730163574,27.9915771484375,0.1624429235867411,0.5153753552348912
813000000004,0.0,0.9,0.3,12.965187072753906,30.194259643554688,0.2898196678427536,0.5316567269702827
813000000004,0.0,1.0,0.3,12.164522171020508,28.08753776550293,0.0633697774726585,0.47278288170079713
813000000005,0.0,0.0,0.3,19.99256706237793,23.84732437133789,0.5,0.5541581642373857
813000000005,0.0,0.1,0.3,19.987943649291992,24.41235542297364,0.5742496061891689,0.5653035729909135
813000000005,0.0,0.2,0.3,19.987911224365234,24.060609817504883,0.5278144193821319,0.5583036556003655
813000000005,0.0,0.3,0.3,19.57147979736328,25.96511459350586,0.7487478333007584,0.5873831232313995
813000000005,0.0,0.4,0.3,17.936254501342773,26.291906356811523,0.6722218546285113,0.5592618827409543
813000000005,0.0,0.5,0.3,17.580263137817383,26.934539794921875,0.7310026276395447,0.5645116741088299
813000000005,0.0,0.6,0.3,17.47406005859375,26.010438919067383,0.6012431506679307,0.5438746756511312
813000000005,0.0,0.7,0.3,15.321700096130373,25.28240966796875,0.3476300427494463,0.48381431291722443
813000000005,0.0,0.8,0.3,15.568402290344238,25.838058471679688,0.4390329716095377,0.5000945454345556
813000000005,0.0,0.9,0.3,13.271283149719238,26.933094024658203,0.4154834441688479,0.47324544481725295
813000000005,0.0,1.0,0.3,13.160037994384766,27.635007858276367,0.5,0.4848570367889082
813000000006,0.0,0.0,0.3,19.911890029907227,21.99496078491211,0.5981778468293623,0.5155905583650231
813000000006,0.0,0.1,0.3,19.910669326782227,21.90263557434082,0.5772769584150753,0.5137275727581551
813000000006,0.0,0.2,0.3,19.82898330688477,21.559614181518555,0.4945646485703366,0.5051723381197601
813000000006,0.0,0.3,0.3,19.66062355041504,22.154386520385746,0.6176579923767735,0.5134426358141666
813000000006,0.0,0.4,0.3,19.17108726501465,22.68084144592285,0.7042883499363073,0.5135529892968167
813000000006,0.0,0.5,0.3,18.563426971435547,23.282554626464844,0.8001464955649253,0.5126597400605277
813000000006,0.0,0.6,0.3,15.2452974319458,23.23552322387696,0.5720040987299942,0.44146648700214375
813000000006,0.0,0.7,0.3,14.416658401489258,22.860427856445312,0.4330884587957809,0.4164571962732318
813000000006,0.0,0.8,0.3,14.491415977478027,22.9282341003418,0.4532809809659284,0.4193893444633477
813000000006,0.0,0.9,0.3,13.33830738067627,23.77674674987793,0.569036978571333,0.41185783836564016
813000000006,0.0,1.0,0.3,12.285269737243652,23.37744903564453,0.4099517728592862,0.3816155854869947
813000000007,0.0,0.0,0.3,19.25478172302246,25.133583068847656,0.499191280057123,0.5641311435548946
813000000007,0.0,0.1,0.3,19.259897232055664,25.24056434631348,0.5145730303973532,0.566368231603082
813000000007,0.0,0.2,0.3,19.17681884765625,25.559606552124023,0.5448990713908122,0.5709576271820525
813000000007,0.0,0.3,0.3,18.90761375427246,26.78153610229492,0.6687916673651497,0.5895721713839941
813000000007,0.0,0.4,0.3,18.72284507751465,28.18669891357422,0.8309930716514744,0.6136206329280526
813000000007,0.0,0.5,0.3,18.485673904418945,28.804105758666992,0.8776016538654521,0.6208843258344205
813000000007,0.0,0.6,0.3,18.219560623168945,28.464094161987305,0.7892148215005264,0.6084839567098324
813000000007,0.0,0.7,0.3,17.25204086303711,28.68976593017578,0.6669989920362328,0.5924884343759578
813000000007,0.0,0.8,0.3,16.99738121032715,28.52560806274414,0.6043777462595913,0.5838298179193768
813000000007,0.0,0.9,0.3,16.90216827392578,27.72833633422852,0.4807207046242399,0.5659492398216881
813000000007,0.0,1.0,0.3,16.097177505493164,27.57833671569824,0.3330252737071234,0.5459197536889748
813000000008,0.0,0.0,0.3,21.358673095703125,24.512422561645508,0.7736929642467629,0.5963183097097343
813000000008,0.0,0.1,0.3,21.37344741821289,24.647157669067383,0.7936360906360906,0.5993121727326104
813000000008,0.0,0.2,0.3,21.273399353027344,24.623441696166992,0.7857831702836808,0.59672186177663
813000000008,0.0,0.3,0.3,20.816326141357425,24.389493942260746,0.7319295271139017,0.5823886638383021
813000000008,0.0,0.4,0.3,20.479700088500977,25.32412338256836,0.8507027125494119,0.5938587921323251
813000000008,0.0,0.5,0.3,19.06586265563965,25.20614242553711,0.770811268652506,0.5615748365502524
813000000008,0.0,0.6,0.3,17.822668075561523,24.45859909057617,0.6084144242047369,0.5203766534283654
813000000008,0.0,0.7,0.3,15.55109977722168,25.337940216064453,0.633047454260159,0.48977655273491644
813000000008,0.0,0.8,0.3,14.500051498413086,24.60126495361328,0.480768767603453,0.4528630950649487
813000000008,0.0,0.9,0.3,13.385114669799805,26.088943481445312,0.6440164843267575,0.4588583103856637
813000000008,0.0,1.0,0.3,10.153359413146973,22.59563446044922,0.0,0.32091796874381234
813000000009,0.0,0.0,0.3,21.99396133422852,23.32684898376465,0.5539146011661634,0.5861785665884734
813000000009,0.0,0.1,0.3,21.95772171020508,23.24009323120117,0.5483120722487037,0.5836849217073391
813000000009,0.0,0.2,0.3,21.663270950317383,22.21339988708496,0.4872092795928852,0.5570205630533682
813000000009,0.0,0.3,0.3,20.748533248901367,22.47629737854004,0.4645581126379122,0.5428833754966925
813000000009,0.0,0.4,0.3,19.253480911254883,25.36727523803711,0.5467159949748519,0.5687537379477356
813000000009,0.0,0.5,0.3,15.996870994567873,31.04128837585449,0.6954969309856611,0.6127036335362964
813000000009,0.0,0.6,0.3,14.410852432250977,32.53944396972656,0.7066941450345834,0.6089327391434944
813000000009,0.0,0.7,0.3,13.351786613464355,30.24320602416992,0.5545439877505529,0.5408164690007894
813000000009,0.0,0.8,0.3,11.604567527770996,30.275117874145508,0.4885087922934704,0.50445620944676
813000000009,0.0,0.9,0.3,10.060038566589355,27.33962631225586,0.2866280223400346,0.4133406159943123
813000000009,0.0,1.0,0.3,9.066996574401855,27.954435348510746,0.2779881344433074,0.40454796219322314
814000000000,0.0,0.0,0.3,20.525924682617188,24.30949592590332,0.5983652891949567,0.5746479174920089
814000000000,0.0,0.1,0.3,20.52070617675781,23.56006622314453,0.497608491951385,0.5596248504439535
814000000000,0.0,0.2,0.3,20.42009162902832,24.134265899658203,0.5268651434177626,0.568920204981605
814000000000,0.0,0.3,0.3,20.38336753845215,26.42763328552246,0.8110479803363098,0.6137773238060675
814000000000,0.0,0.4,0.3,20.275026321411133,26.957988739013672,0.8310089876950975,0.622036638551665
814000000000,0.0,0.5,0.3,20.295818328857425,27.36948776245117,0.8945481308476584,0.6306651220326749
814000000000,0.0,0.6,0.3,20.067716598510746,27.19659805297852,0.76732254587705,0.6223950865121034
814000000000,0.0,0.7,0.3,20.136381149291992,25.070846557617188,0.5197773829296138,0.5815495832134432
814000000000,0.0,0.8,0.3,19.64473533630371,25.739192962646484,0.3821914752854819,0.584438706026733
814000000000,0.0,0.9,0.3,19.43487548828125,27.04438591003418,0.4573292363338501,0.6059666359676583
814000000000,0.0,1.0,0.3,19.58803939819336,26.873947143554688,0.5051496585339112,0.6058182113325093
814000000001,0.0,0.0,0.3,19.89975357055664,25.36819076538086,0.8251979263684531,0.5824560006679671
814000000001,0.0,0.1,0.3,19.882884979248047,23.80479049682617,0.6616980877830302,0.5509894154233989
814000000001,0.0,0.2,0.3,19.631196975708008,23.22273635864257,0.5892861640224263,0.5340781862825558
814000000001,0.0,0.3,0.3,19.177583694458008,24.63608932495117,0.7150446695209334,0.5525971594697541
814000000001,0.0,0.4,0.3,18.246803283691406,24.10706901550293,0.616216091412249,0.5223622634495457
814000000001,0.0,0.5,0.3,17.46248435974121,26.795005798339844,0.8590711238782693,0.5592413248398909
814000000001,0.0,0.6,0.3,15.4587984085083,24.45951461791992,0.5217830534781613,0.47034277847855416
814000000001,0.0,0.7,0.3,13.103072166442873,26.296762466430664,0.6022056692482289,0.4570216985540406
814000000001,0.0,0.8,0.3,12.17250919342041,25.67416381835937,0.493648410370872,0.42492933238444774
814000000001,0.0,0.9,0.3,11.076796531677246,27.047813415527344,0.58507858334172,0.4290625848281141
814000000001,0.0,1.0,0.3,9.267671585083008,22.243457794189453,0.0,0.29515678758506936
814000000002,0.0,0.0,0.3,26.21940040588379,25.709346771240234,0.8590941412226076,0.7230554226607222
814000000002,0.0,0.1,0.3,26.11201286315918,25.92679786682129,0.9753999227270034,0.7251085843519289
814000000002,0.0,0.2,0.3,25.946889877319336,25.7883243560791,0.8871526957482887,0.7188568806560762
814000000002,0.0,0.3,0.3,25.70294570922852,25.61873245239257,0.7765404273281522,0.7103170221848545
814000000002,0.0,0.4,0.3,25.403898239135746,25.53254127502441,0.709690557964721,0.7022699719809857
814000000002,0.0,0.5,0.3,24.89508628845215,25.95880126953125,0.919560601398394,0.6999784516823274
814000000002,0.0,0.6,0.3,24.014493942260746,25.67296028137207,0.7046140662669409,0.675645145646566
814000000002,0.0,0.7,0.3,22.77738571166992,25.919692993164062,0.7688400315153724,0.6543604946413127
814000000002,0.0,0.8,0.3,21.20642471313477,25.79917907714844,0.6053461941430232,0.6186992345960953
814000000002,0.0,0.9,0.3,19.202301025390625,25.40177726745605,0.25914009663458,0.5683566061996591
814000000002,0.0,1.0,0.3,17.98764991760254,25.073619842529297,0.0,0.5361079721708428
814000000003,0.0,0.0,0.3,18.20722007751465,22.63909339904785,0.5497319983758406,0.4923135367078311
814000000003,0.0,0.1,0.3,18.21457862854004,22.08771324157715,0.4990399337763464,0.48149767433406176
814000000003,0.0,0.2,0.3,18.22701072692871,23.95532417297364,0.6736267547692276,0.5189236761366665
814000000003,0.0,0.3,0.3,17.821706771850586,25.20332908630371,0.7583508939788421,0.5351753530534917
814000000003,0.0,0.4,0.3,17.342933654785156,24.58572006225586,0.663960292750266,0.5127483791768833
814000000003,0.0,0.5,0.3,16.700132369995117,25.19584274291992,0.6710415578812654,0.5112783987212806
814000000003,0.0,0.6,0.3,15.846196174621582,25.733930587768555,0.6551210887239348,0.5039045014113973
814000000003,0.0,0.7,0.3,15.464746475219728,26.839879989624023,0.728480849849946,0.5178345634204777
814000000003,0.0,0.8,0.3,14.110971450805664,27.02019119262696,0.6406989005007652,0.4927579412561438
814000000003,0.0,0.9,0.3,12.91757583618164,27.4659481048584,0.5899799900281555,0.4763591471155335
814000000003,0.0,1.0,0.3,11.752406120300291,25.60488510131836,0.3269819884358296,0.41465560920978206
814000000004,0.0,0.0,0.3,20.17171859741211,30.4567985534668,0.6794827425268748,0.6894704969415175
814000000004,0.0,0.1,0.3,20.137115478515625,30.878686904907227,0.707056409046732,0.6971327880131521
814000000004,0.0,0.2,0.3,19.86346435546875,32.89879608154297,0.8309371896441212,0.7315358176192693
814000000004,0.0,0.3,0.3,19.14919853210449,31.069522857666016,0.6461428064345562,0.680012197287424
814000000004,0.0,0.4,0.3,18.22966194152832,34.93651580810547,0.8534142192081494,0.7374897066861494
814000000004,0.0,0.5,0.3,17.837373733520508,32.930294036865234,0.6802621863768993,0.689262553313112
814000000004,0.0,0.6,0.3,16.10426139831543,32.66203308105469,0.5302537709536093,0.6472279807945883
814000000004,0.0,0.7,0.3,14.92544937133789,30.29423141479492,0.271864669913618,0.5751522139937724
814000000004,0.0,0.8,0.3,14.833314895629885,31.23065757751465,0.3319103214639311,0.5918349091011061
814000000004,0.0,0.9,0.3,13.803622245788574,27.9482536315918,0.0193382371042787,0.5047172976691211
814000000004,0.0,1.0,0.3,13.547417640686035,29.386165618896484,0.1028805124210462,0.5279048509090903
814000000005,0.0,0.0,0.3,19.46849632263184,25.89686584472656,0.6780006384249078,0.5838445204273054
814000000005,0.0,0.1,0.3,19.45765686035156,25.850210189819336,0.6557643287994827,0.5826866275494647
814000000005,0.0,0.2,0.3,19.451623916625977,25.873624801635746,0.664798865251105,0.5830248042780736
814000000005,0.0,0.3,0.3,19.402433395385746,25.79507827758789,0.6216322085696568,0.5804202915707641
814000000005,0.0,0.4,0.3,19.35528564453125,25.80086898803711,0.6154102760756672,0.5795372215377138
814000000005,0.0,0.5,0.3,19.291961669921875,25.608686447143555,0.5203563114992437,0.5743722569471508
814000000005,0.0,0.6,0.3,19.17611122131348,26.22710418701172,0.7670280459920708,0.5842248853984048
814000000005,0.0,0.7,0.3,18.889543533325195,25.4863224029541,0.3927673098173981,0.5634166694629752
814000000005,0.0,0.8,0.3,18.41864013671875,25.867795944213867,0.4709440600094284,0.5610366312301066
814000000005,0.0,0.9,0.3,18.106130599975582,26.099803924560547,0.5136539990389839,0.5590362428294094
814000000005,0.0,1.0,0.3,16.768980026245117,26.63953018188477,0.5,0.5414634651975923
814000000006,0.0,0.0,0.3,12.184322357177734,25.685077667236328,0.5835074346355237,0.4253966317669841
814000000006,0.0,0.1,0.3,12.181361198425291,25.414270401000977,0.5033942992524778,0.4199452583184403
814000000006,0.0,0.2,0.3,12.166326522827148,25.393543243408203,0.4845465936171781,0.4192144765967797
814000000006,0.0,0.3,0.3,12.140938758850098,25.697460174560547,0.5497998731507144,0.4247244303911143
814000000006,0.0,0.4,0.3,12.11695671081543,26.264015197753903,0.6914906091228531,0.43549026820808057
814000000006,0.0,0.5,0.3,12.10813331604004,25.71529960632324,0.5267390865097092,0.42438479365082554
814000000006,0.0,0.6,0.3,12.02762508392334,26.31083106994629,0.6281896266758908,0.43453034703439153
814000000006,0.0,0.7,0.3,11.839542388916016,25.99692916870117,0.3767646101338986,0.42430172690204393
814000000006,0.0,0.8,0.3,11.624412536621094,26.107328414916992,0.2236509014276786,0.4219433973912914
814000000006,0.0,0.9,0.3,11.683652877807615,26.42100524902344,0.3643717751065705,0.42943945737627803
814000000006,0.0,1.0,0.3,11.60206127166748,27.139102935791016,0.5,0.4420009628943057
814000000007,0.0,0.0,0.3,21.95303535461425,21.79130744934082,0.5273986948849455,0.5547569438031661
814000000007,0.0,0.1,0.3,21.9343204498291,21.76263236999512,0.5234282002928085,0.5537900854684834
814000000007,0.0,0.2,0.3,21.90207290649414,22.10126686096192,0.5529455593664718,0.5598456211253195
814000000007,0.0,0.3,0.3,21.71171188354492,22.207426071166992,0.5498350916763577,0.5579273711303184
814000000007,0.0,0.4,0.3,21.320446014404297,21.498891830444336,0.4566090766403033,0.5355439769882173
814000000007,0.0,0.5,0.3,21.095935821533203,22.73642349243164,0.5571633191450375,0.5554153414170376
814000000007,0.0,0.6,0.3,20.52186584472656,22.9111385345459,0.5341568007427313,0.546736678844184
814000000007,0.0,0.7,0.3,19.543790817260746,23.426332473754883,0.5153406584124139,0.5362787355636294
814000000007,0.0,0.8,0.3,18.48168182373047,22.23851776123047,0.3311922778462659,0.4901540554286262
814000000007,0.0,0.9,0.3,16.32785987854004,25.734107971191406,0.5109851622657251,0.5141066797926594
814000000007,0.0,1.0,0.3,14.663615226745604,26.83519744873047,0.5,0.5007783984779738
814000000008,0.0,0.0,0.3,22.4384765625,19.04326438903809,0.5032926317712239,0.5103534784767312
814000000008,0.0,0.1,0.3,22.429935455322266,18.961849212646484,0.4995341604083992,0.5085525860958015
814000000008,0.0,0.2,0.3,22.404279708862305,20.888896942138672,0.5760694654452676,0.5463548303240287
814000000008,0.0,0.3,0.3,22.11025047302246,19.166404724121094,0.4903709892882203,0.5058540016960319
814000000008,0.0,0.4,0.3,21.035329818725582,24.214468002319336,0.6359000656748854,0.5835430388231424
814000000008,0.0,0.5,0.3,18.726518630981445,29.58865547180176,0.7273209251461341,0.6415953318781602
814000000008,0.0,0.6,0.3,17.56065559387207,29.759014129638672,0.6706234437450149,0.6202994783702764
814000000008,0.0,0.7,0.3,16.11858558654785,29.764328002929688,0.5921865675590895,0.5898711215411676
814000000008,0.0,0.8,0.3,16.0478572845459,27.274375915527344,0.4876291415622235,0.5388270753786478
814000000008,0.0,0.9,0.3,15.804712295532228,30.677536010742188,0.6120000367839737,0.6013967565112361
814000000008,0.0,1.0,0.3,13.271042823791504,31.32508659362793,0.5,0.5606346813190678
814000000009,0.0,0.0,0.3,23.37087821960449,28.938156127929688,0.5557344532923054,0.7269900516110481
814000000009,0.0,0.1,0.3,23.366287231445312,29.264354705810547,0.5908966329968568,0.7333837247524686
814000000009,0.0,0.2,0.3,23.18416976928711,30.32180976867676,0.6904752259947964,0.7505694392787317
814000000009,0.0,0.3,0.3,22.619245529174805,31.324052810668945,0.7510537375065793,0.7585510417419943
814000000009,0.0,0.4,0.3,21.84183692932129,31.43243789672852,0.6958889363417844,0.7442470582007641
814000000009,0.0,0.5,0.3,21.006153106689453,28.42686080932617,0.2962615430982323,0.6667458056710219
814000000009,0.0,0.6,0.3,20.17368507385254,30.633275985717773,0.4650516383507365,0.6930237813835345
814000000009,0.0,0.7,0.3,18.765840530395508,30.61972618103028,0.3422784634950936,0.6629447475058191
814000000009,0.0,0.8,0.3,18.977039337158203,31.688690185546875,0.4769986933156658,0.6886874715874685
814000000009,0.0,0.9,0.3,18.301925659179688,33.01374816894531,0.5632724636242659,0.7007594977346093
814000000009,0.0,1.0,0.3,17.567543029785156,29.56832695007324,0.1244270952450255,0.6166509113554017
821000000000,0.0,0.0,0.3,20.638517379760746,26.609451293945312,0.8425103678161969,0.6227977307806429
821000000000,0.0,0.1,0.3,20.660932540893555,26.15159797668457,0.6588941743943016,0.614161723375793
821000000000,0.0,0.2,0.3,20.687524795532227,25.90442276000977,0.5605162807954212,0.6098063515974868
821000000000,0.0,0.3,0.3,20.57406616210937,26.610389709472656,0.8395598260672025,0.6214517270035097
821000000000,0.0,0.4,0.3,20.28559684753418,26.28208923339844,0.6921678952717207,0.6088110302331453
821000000000,0.0,0.5,0.3,19.921628952026367,25.92734336853028,0.5302035926586628,0.5940455168186067
821000000000,0.0,0.6,0.3,18.93291473388672,26.03749656677246,0.5235852411479818,0.5753025742393754
821000000000,0.0,0.7,0.3,16.05663299560547,25.75446891784668,0.2607893616769723,0.5087689307799121
821000000000,0.0,0.8,0.3,12.602655410766602,26.743114471435547,0.4813565034120757,0.4553077384614058
821000000000,0.0,0.9,0.3,11.55795669555664,26.51866340637207,0.3368113263079393,0.4287212487808134
821000000000,0.0,1.0,0.3,11.007997512817385,26.993423461914062,0.5,0.42652356675680103
821000000001,0.0,0.0,0.3,20.460662841796875,24.494949340820312,0.5,0.5769563324253417
821000000001,0.0,0.1,0.3,20.446178436279297,25.14916038513184,0.5807853789275335,0.5896674999264169
821000000001,0.0,0.2,0.3,20.18533706665039,25.190168380737305,0.5726599938654039,0.5849604981776961
821000000001,0.0,0.3,0.3,20.007436752319336,25.83857536315918,0.6444302609590777,0.5940960381940177
821000000001,0.0,0.4,0.3,19.79928970336914,25.884252548217773,0.6395604561317316,0.5905976853525955
821000000001,0.0,0.5,0.3,19.69940757751465,25.42102432250977,0.5767701168967925,0.5792652272829457
821000000001,0.0,0.6,0.3,19.42449760437012,25.702852249145508,0.5979391154759741,0.5790523095097273
821000000001,0.0,0.7,0.3,18.21249389648437,26.564926147460938,0.6438627493984499,0.5705436196959659
821000000001,0.0,0.8,0.3,16.250410079956055,26.110538482666016,0.4876841684270096,0.5199571985063145
821000000001,0.0,0.9,0.3,12.785032272338867,28.50751304626465,0.6105313412520551,0.4942783386946134
821000000001,0.0,1.0,0.3,10.606685638427734,27.54766273498535,0.3803943835238116,0.4290548343557417
821000000002,0.0,0.0,0.3,22.388259887695312,23.38677406311035,0.5031423792709468,0.5957197862287407
821000000002,0.0,0.1,0.3,22.37662506103516,23.34827995300293,0.4979243595798638,0.594707455452444
821000000002,0.0,0.2,0.3,22.36191177368164,23.778039932250977,0.5303820051807072,0.6029475238009033
821000000002,0.0,0.3,0.3,22.157638549804688,23.875661849975582,0.5019090278293387,0.6005648198885085
821000000002,0.0,0.4,0.3,22.01469612121582,24.92464065551757,0.5620392569566728,0.618411353249365
821000000002,0.0,0.5,0.3,21.738969802856445,27.60837745666504,0.7319307415521361,0.6659756768148779
821000000002,0.0,0.6,0.3,19.58555221557617,28.65536117553711,0.4332315249367772,0.6412131212069755
821000000002,0.0,0.7,0.3,20.189138412475582,29.47327423095703,0.6076791209628792,0.6702686233668894
821000000002,0.0,0.8,0.3,21.149288177490234,28.445226669311523,0.6950464662863065,0.6701419725274986
821000000002,0.0,0.9,0.3,20.969083786010746,27.822927474975582,0.6120982171781645,0.6539435041198614
821000000002,0.0,1.0,0.3,20.853439331054688,24.27162170410156,0.3015645894701488,0.580829003187499
821000000003,0.0,0.0,0.3,19.926820755004883,26.475399017333984,0.7549900382260193,0.6050609648866889
821000000003,0.0,0.1,0.3,19.84458923339844,26.978927612304688,0.8872106845108276,0.6133393051423695
821000000003,0.0,0.2,0.3,19.68447494506836,27.2580795288086,0.9523942773694656,0.6155037989628066
821000000003,0.0,0.3,0.3,19.426742553710938,27.36905860900879,0.9645509503106228,0.6122549498684511
821000000003,0.0,0.4,0.3,18.9121150970459,26.0092830657959,0.5552680205874002,0.5743007589593387
821000000003,0.0,0.5,0.3,18.36506462097168,26.7911376953125,0.730846228540186,0.578275404923412
821000000003,0.0,0.6,0.3,17.95920181274414,27.014827728271484,0.763403749367676,0.5741328582842888
821000000003,0.0,0.7,0.3,17.00091552734375,26.38629150390625,0.5231512184120053,0.541335335156562
821000000003,0.0,0.8,0.3,14.930591583251951,25.78657913208008,0.2119721445112229,0.4855653073361196
821000000003,0.0,0.9,0.3,13.677502632141112,25.54533767700196,0.0570045083170769,0.45423230086884125
821000000003,0.0,1.0,0.3,12.873342514038086,26.8278923034668,0.3516312731722374,0.46272616852525034
821000000004,0.0,0.0,0.3,17.789838790893555,28.57385635375977,0.9451761034595564,0.6015692240600061
821000000004,0.0,0.1,0.3,17.716487884521484,28.57237243652344,0.933619936340574,0.5999865791625559
821000000004,0.0,0.2,0.3,17.624431610107422,28.39332771301269,0.8794498236833221,0.5944746663751193
821000000004,0.0,0.3,0.3,17.433584213256836,28.15311050415039,0.796467881317911,0.5856537262415256
821000000004,0.0,0.4,0.3,17.233854293823242,28.81874084472656,0.9149247898555102,0.5946697706819497
821000000004,0.0,0.5,0.3,16.971771240234375,28.684574127197266,0.8447847830995912,0.5864507533326273
821000000004,0.0,0.6,0.3,16.75078010559082,27.402359008789062,0.523911425630849,0.5562572985426355
821000000004,0.0,0.7,0.3,16.634164810180664,27.41458511352539,0.5088044138573257,0.5540313920115345
821000000004,0.0,0.8,0.3,16.330066680908203,27.92117691040039,0.5756861860695446,0.5576729274209026
821000000004,0.0,0.9,0.3,14.747572898864746,26.58536720275879,0.0344808867089098,0.49758483905281137
821000000004,0.0,1.0,0.3,14.52223300933838,28.163360595703125,0.3532757267507656,0.5242133336387329
821000000005,0.0,0.0,0.3,19.38262176513672,23.425573348999023,0.5685887342165085,0.532851069543993
821000000005,0.0,0.1,0.3,19.38706588745117,23.12655067443848,0.5361346172143623,0.5269950480222896
821000000005,0.0,0.2,0.3,19.374048233032227,22.93345832824707,0.5137414614587009,0.5228771553467627
821000000005,0.0,0.3,0.3,19.223756790161133,23.071510314941406,0.5153252814674052,0.5224419507492255
821000000005,0.0,0.4,0.3,19.12555503845215,22.79768753051757,0.4763618157474339,0.5149139680060962
821000000005,0.0,0.5,0.3,18.76152229309082,22.91645050048828,0.4565059543258599,0.5095692251608268
821000000005,0.0,0.6,0.3,16.05909538269043,27.11186790466309,0.6732127555545973,0.5358313532584684
821000000005,0.0,0.7,0.3,14.934006690979004,27.136594772338867,0.5742319713650474,0.5125009845663928
821000000005,0.0,0.8,0.3,13.960101127624512,27.34821510314941,0.5094521186559023,0.4960906471801453
821000000005,0.0,0.9,0.3,13.855531692504885,26.67775535583496,0.4263316465384382,0.48053533223649303
821000000005,0.0,1.0,0.3,13.886115074157717,26.82063865661621,0.4447957452228522,0.4840260703524891
821000000006,0.0,0.0,0.3,21.298603057861328,23.69029235839844,0.4988107521383125,0.5786871923184762
821000000006,0.0,0.1,0.3,21.31162643432617,23.89200592041016,0.5839479909190496,0.5829767559267207
821000000006,0.0,0.2,0.3,21.296051025390625,24.02359199523925,0.637288436988857,0.5852653387340969
821000000006,0.0,0.3,0.3,21.30175018310547,24.68431663513184,0.91278544677045,0.5985334800417277
821000000006,0.0,0.4,0.3,21.301483154296875,24.200353622436523,0.7113481175434042,0.5888976592622948
821000000006,0.0,0.5,0.3,21.298412322998047,24.77329063415528,0.9495093329485432,0.6002332592813853
821000000006,0.0,0.6,0.3,20.983129501342773,24.37418937683105,0.7546231730243964,0.585615985245987
821000000006,0.0,0.7,0.3,18.76160049438477,24.091773986816406,0.4342271265313807,0.5329581252115827
821000000006,0.0,0.8,0.3,18.66092300415039,24.75094223022461,0.6993624715766953,0.5439428990948529
821000000006,0.0,0.9,0.3,16.470111846923828,24.891712188720703,0.5578903147013191,0.5003562313288286
821000000006,0.0,1.0,0.3,15.836158752441406,24.760242462158203,0.4452856848021081,0.48431698006227725
821000000007,0.0,0.0,0.3,18.95154571533203,25.737173080444336,0.6336911872180641,0.5697210580896792
821000000007,0.0,0.1,0.3,18.945541381835938,25.770851135253903,0.65329813824046,0.5702640683357048
821000000007,0.0,0.2,0.3,18.917377471923828,25.837841033935547,0.690626289403769,0.5710007339498238
821000000007,0.0,0.3,0.3,18.854808807373047,26.197614669799805,0.9002443957283063,0.5768348949213422
821000000007,0.0,0.4,0.3,18.794723510742188,26.34710693359375,0.9838295967547483,0.5785373418395968
821000000007,0.0,0.5,0.3,18.566267013549805,26.10788917541504,0.8166054309309212,0.5689399619399175
821000000007,0.0,0.6,0.3,18.525434494018555,25.664047241210938,0.5458363079160593,0.5592435674250322
821000000007,0.0,0.7,0.3,18.50160789489746,25.91925811767578,0.6966518234876012,0.5638173966811729
821000000007,0.0,0.8,0.3,18.128158569335938,25.95396423339844,0.6789878540974303,0.5566006587845393
821000000007,0.0,0.9,0.3,15.110360145568848,26.0681095123291,0.4363660834817519,0.49497373909003783
821000000007,0.0,1.0,0.3,14.102495193481444,25.51456642150879,0.0,0.46261870274295097
821000000008,0.0,0.0,0.3,20.136375427246094,22.58578491210937,0.5063631707423992,0.5321003152359932
821000000008,0.0,0.1,0.3,20.04746627807617,22.6525936126709,0.503759912574184,0.5315471680024577
821000000008,0.0,0.2,0.3,19.62003898620605,22.49829864501953,0.4566619370461518,0.5194266624041021
821000000008,0.0,0.3,0.3,19.3552474975586,23.972900390625,0.5416897391680814,0.5431624720646966
821000000008,0.0,0.4,0.3,18.452682495117188,26.636812210083008,0.6596893329480873,0.5770597530236847
821000000008,0.0,0.5,0.3,17.15350914001465,26.931804656982425,0.5721006120203443,0.555421246978768
821000000008,0.0,0.6,0.3,16.207813262939453,26.46615600585937,0.4588565997762905,0.526131538635851
821000000008,0.0,0.7,0.3,16.10554313659668,28.20990753173828,0.5771016018424256,0.5586642352622091
821000000008,0.0,0.8,0.3,15.82237720489502,28.20348358154297,0.5528671827544189,0.552540710412298
821000000008,0.0,0.9,0.3,14.837065696716309,29.372722625732425,0.5552089675269901,0.554944098755892
821000000008,0.0,1.0,0.3,14.17929744720459,29.0380859375,0.4756607470552229,0.5343578604105698
821000000009,0.0,0.0,0.3,18.637969970703125,26.35704231262207,0.914675243375648,0.5754159741883629
821000000009,0.0,0.1,0.3,18.647106170654297,26.229232788085938,0.8963425557702327,0.573066196797984
821000000009,0.0,0.2,0.3,18.634849548339844,26.9068603515625,0.9983653571717476,0.5862904899228012
821000000009,0.0,0.3,0.3,18.448516845703125,26.331148147583008,0.8854471745980312,0.5708892759046134
821000000009,0.0,0.4,0.3,18.064441680908203,23.63826942443848,0.4222911251562526,0.5091725396681049
821000000009,0.0,0.5,0.3,17.80384063720703,25.55208778381348,0.6802941798028674,0.5417368548406682
821000000009,0.0,0.6,0.3,17.30091094970703,26.356983184814453,0.736345133920126,0.5471041835143339
821000000009,0.0,0.7,0.3,16.42868423461914,25.550153732299805,0.4965962845424641,0.5125810897236874
821000000009,0.0,0.8,0.3,15.577596664428713,26.082807540893555,0.4645689719903026,0.5051593791272151
821000000009,0.0,0.9,0.3,15.830658912658691,26.477802276611328,0.5587421967418676,0.5183774936085429
821000000009,0.0,1.0,0.3,14.89808464050293,26.59398651123047,0.4521393396561673,0.5009432556937007
822000000000,0.0,0.0,0.3,22.273178100585938,16.703134536743164,0.5290154750046,0.4602882697475777
822000000000,0.0,0.1,0.3,22.23237419128418,17.186933517456055,0.5671541650964578,0.4690511988874237
822000000000,0.0,0.2,0.3,22.068931579589844,16.35423469543457,0.4895114936336713,0.44902099148126073
822000000000,0.0,0.3,0.3,21.589168548583984,17.406536102294922,0.5523869038891674,0.45980186930798067
822000000000,0.0,0.4,0.3,21.001680374145508,17.45591163635254,0.5263243047830036,0.44834501691519296
822000000000,0.0,0.5,0.3,20.237154006958008,18.339305877685547,0.5605297071282089,0.44973536486107774
822000000000,0.0,0.6,0.3,19.46951484680176,19.153812408447266,0.5888463683486145,0.4496890369633594
822000000000,0.0,0.7,0.3,18.43369102478028,20.23282623291016,0.6253883171004913,0.44922753601361654
822000000000,0.0,0.8,0.3,16.474796295166016,22.36654090881348,0.7022403897801806,0.4502081481138519
822000000000,0.0,0.9,0.3,15.727014541625977,18.418533325195312,0.3355129371517094,0.3558151067782772
822000000000,0.0,1.0,0.3,12.536495208740234,19.083786010742188,0.2269970306264234,0.3014972733753458
822000000001,0.0,0.0,0.3,19.48548698425293,26.20518112182617,0.7604603014107558,0.5903393070817897
822000000001,0.0,0.1,0.3,19.45905876159668,26.266300201416016,0.7644169112617324,0.5909959029401477
822000000001,0.0,0.2,0.3,19.449190139770508,26.42083740234375,0.7802261408749007,0.5938620144365021
822000000001,0.0,0.3,0.3,19.184646606445312,26.115577697753903,0.7200471922480582,0.5821863954230357
822000000001,0.0,0.4,0.3,18.854307174682617,26.83667182922364,0.7648388670398418,0.5895405903141353
822000000001,0.0,0.5,0.3,18.59427261352539,26.59472846984864,0.7120089117406382,0.5792203474123384
822000000001,0.0,0.6,0.3,17.96429443359375,26.41920661926269,0.6286994162582564,0.5623886863655834
822000000001,0.0,0.7,0.3,15.61796760559082,23.81145095825196,0.1057997397652366,0.4608174612466731
822000000001,0.0,0.8,0.3,16.66914176940918,25.41723823547364,0.3876662986216819,0.5150276614502064
822000000001,0.0,0.9,0.3,15.30994987487793,27.774667739868164,0.5056399374057513,0.5331578614750047
822000000001,0.0,1.0,0.3,14.579960823059082,28.40664291381836,0.5,0.5302766182172368
822000000002,0.0,0.0,0.3,22.28800392150879,22.78546905517578,0.5,0.5816318834844884
822000000002,0.0,0.1,0.3,22.2868881225586,23.41512680053711,0.5552156487979977,0.5941375398473175
822000000002,0.0,0.2,0.3,22.13326644897461,24.56245994567871,0.6491838560183747,0.6137150627307968
822000000002,0.0,0.3,0.3,21.90903091430664,25.421424865722656,0.7147476500384171,0.626059309906524
822000000002,0.0,0.4,0.3,21.57686233520508,26.06488990783692,0.7566671572275565,0.631830067758757
822000000002,0.0,0.5,0.3,21.02970123291016,27.118736267089844,0.8251837050952862,0.6412146149422714
822000000002,0.0,0.6,0.3,20.23911094665528,26.291114807128903,0.7178973589210835,0.6080063431952709
822000000002,0.0,0.7,0.3,18.99933815002441,27.146488189697266,0.7386412064478938,0.5987763457679002
822000000002,0.0,0.8,0.3,18.185022354125977,27.965408325195312,0.7748307323567911,0.5978295207122599
822000000002,0.0,0.9,0.3,15.27852725982666,28.214353561401367,0.6693067408100248,0.5412416399004487
822000000002,0.0,1.0,0.3,10.87868309020996,28.48222923278809,0.5,0.45341057973266574
822000000003,0.0,0.0,0.3,18.43390464782715,19.23442840576172,0.4959277486843279,0.4293653807341702
822000000003,0.0,0.1,0.3,18.48202514648437,19.011972427368164,0.4891343659453045,0.4259577208213129
822000000003,0.0,0.2,0.3,18.58150291442871,19.273101806640625,0.5141441910535592,0.4332601411944358
822000000003,0.0,0.3,0.3,17.8680477142334,20.989721298217773,0.5291972647336762,0.45231184173355565
822000000003,0.0,0.4,0.3,16.739234924316406,26.335752487182617,0.6954709033974071,0.5347889099868697
822000000003,0.0,0.5,0.3,15.773812294006348,28.24294853210449,0.6933250569375474,0.5522977025905287
822000000003,0.0,0.6,0.3,15.290834426879885,25.77960586547852,0.5071428796696046,0.4930542576328306
822000000003,0.0,0.7,0.3,15.053394317626951,24.913047790527344,0.4342705559302122,0.47078349199864655
822000000003,0.0,0.8,0.3,14.858755111694336,25.2133731842041,0.4292780074666422,0.47263828397209434
822000000003,0.0,0.9,0.3,14.760254859924316,26.05303192138672,0.4639996399858373,0.4872606590725367
822000000003,0.0,1.0,0.3,14.003870010375977,27.13911819458008,0.4402105300132863,0.4928566732872634
822000000004,0.0,0.0,0.3,19.238719940185547,23.00793838500977,0.6640384201072203,0.5214937876007143
822000000004,0.0,0.1,0.3,19.255823135375977,24.30713081359864,0.7831219841536392,0.5477079848966006
822000000004,0.0,0.2,0.3,18.93703842163086,25.34868621826172,0.8465582592800068,0.5616835547096583
822000000004,0.0,0.3,0.3,18.394515991210938,22.243305206298828,0.5135923579534314,0.48840368718727456
822000000004,0.0,0.4,0.3,17.45010757446289,22.94685745239257,0.4862040733899426,0.4824066527951917
822000000004,0.0,0.5,0.3,17.125856399536133,24.264404296875,0.5740609754320707,0.5017583089429186
822000000004,0.0,0.6,0.3,15.79905891418457,26.007843017578125,0.6038305281109745,0.5083568894652725
822000000004,0.0,0.7,0.3,15.120597839355469,26.706451416015625,0.6016164671272108,0.5078925942253385
822000000004,0.0,0.8,0.3,15.017690658569336,25.2221794128418,0.4575370245351674,0.47617878398338354
822000000004,0.0,0.9,0.3,14.065817832946776,24.107948303222656,0.265117592577906,0.4338524296055443
822000000004,0.0,1.0,0.3,14.611613273620604,21.17495346069336,0.0525813952847376,0.3870466184254162
822000000005,0.0,0.0,0.3,20.478214263916016,21.8477783203125,0.4986017610656325,0.5246530727945531
822000000005,0.0,0.1,0.3,20.515342712402344,21.91097640991211,0.5083743279610657,0.5266967739066639
822000000005,0.0,0.2,0.3,20.21271514892578,22.59748649597168,0.5879464228611804,0.5339495615436921
822000000005,0.0,0.3,0.3,19.697410583496094,22.043163299560547,0.4950873884202116,0.5120083750564285
822000000005,0.0,0.4,0.3,18.833415985107425,24.59159469604492,0.8002403730122905,0.5444244437997907
822000000005,0.0,0.5,0.3,17.42591094970703,24.062274932861328,0.6770946966846357,0.5040895194290713
822000000005,0.0,0.6,0.3,16.586408615112305,23.87825965881348,0.6210957398259337,0.48265242991375745
822000000005,0.0,0.7,0.3,14.997272491455078,23.706621170043945,0.5385059845421558,0.44558902813941803
822000000005,0.0,0.8,0.3,14.012636184692385,24.96272850036621,0.6678708409677048,0.44973526681311743
822000000005,0.0,0.9,0.3,11.56398868560791,25.62110137939453,0.6628964520243721,0.4109887775752864
822000000005,0.0,1.0,0.3,7.238481521606445,24.75783920288086,0.3856098241527608,0.30222370027252976
822000000006,0.0,0.0,0.3,19.736417770385746,20.80564308166504,0.6167475433624248,0.48820943565831626
822000000006,0.0,0.1,0.3,19.709318161010746,21.12963485717773,0.6416062156705868,0.49408260367186796
822000000006,0.0,0.2,0.3,19.53662872314453,22.791156768798828,0.7664496190726005,0.5234880053399871
822000000006,0.0,0.3,0.3,19.361547470092773,21.494203567504883,0.644744308782347,0.49397337037047784
822000000006,0.0,0.4,0.3,18.507963180541992,21.86899757385254,0.6091428824522718,0.4833576120938483
822000000006,0.0,0.5,0.3,17.37299156188965,22.454872131347656,0.5690940633639439,0.47098401497929915
822000000006,0.0,0.6,0.3,16.012550354003906,25.407997131347656,0.7085256710371365,0.5009412445153848
822000000006,0.0,0.7,0.3,14.974976539611816,19.40365982055664,0.1273127551398206,0.35949420611481775
822000000006,0.0,0.8,0.3,15.351988792419434,22.73622703552246,0.4343355600957339,0.4337902731641102
822000000006,0.0,0.9,0.3,14.423884391784668,21.93039894104004,0.2945871947982517,0.3981039622759319
822000000006,0.0,1.0,0.3,13.348432540893556,24.3758544921875,0.4140502452031479,0.4239936074466463
822000000007,0.0,0.0,0.3,23.7003116607666,23.319551467895508,0.552521625120696,0.622163269188735
822000000007,0.0,0.1,0.3,23.69680404663086,23.263328552246094,0.548865954984299,0.62097024465685
822000000007,0.0,0.2,0.3,23.612274169921875,22.922468185424805,0.5241603043384353,0.6123977960805425
822000000007,0.0,0.3,0.3,23.34721946716309,23.095474243164062,0.5243231140067062,0.6102281533612142
822000000007,0.0,0.4,0.3,22.83566665649414,23.768688201904297,0.5458491020239327,0.6127926267858246
822000000007,0.0,0.5,0.3,22.429670333862305,22.56968688964844,0.4545783168218234,0.5803377448683598
822000000007,0.0,0.6,0.3,21.67786407470703,23.7634220123291,0.4989883099024376,0.588172762247392
822000000007,0.0,0.7,0.3,12.879595756530762,30.47764015197754,0.5651201237894561,0.5354832978404724
822000000007,0.0,0.8,0.3,11.259271621704102,23.894081115722656,0.0884375804093445,0.37017154547733555
822000000007,0.0,0.9,0.3,13.463743209838867,22.479389190673828,0.0885967564292512,0.3886982444619441
822000000007,0.0,1.0,0.3,13.793374061584473,27.0986442565918,0.3906110519165364,0.4875943020800386
822000000008,0.0,0.0,0.3,20.47812271118164,16.177732467651367,0.5573120804635229,0.41182538995207274
822000000008,0.0,0.1,0.3,20.39588737487793,15.058109283447266,0.4968079751831268,0.3878052673075925
822000000008,0.0,0.2,0.3,19.76742553710937,15.451481819152832,0.4925500061585525,0.3823258917298792
822000000008,0.0,0.3,0.3,18.63714027404785,17.850975036621094,0.5715041481396425,0.4061399212236636
822000000008,0.0,0.4,0.3,17.178707122802734,19.569190979003903,0.6028472760997245,0.4094493781390501
822000000008,0.0,0.5,0.3,16.4700984954834,24.328521728515625,0.81896617411616,0.48914926978996853
822000000008,0.0,0.6,0.3,15.12851905822754,24.08503532409668,0.7544280275535242,0.4558979126185001
822000000008,0.0,0.7,0.3,13.649354934692385,23.072237014770508,0.6451693370063569,0.4044251667992114
822000000008,0.0,0.8,0.3,12.37027359008789,24.82588577270508,0.6852878972803971,0.41223724415441176
822000000008,0.0,0.9,0.3,10.98277187347412,23.23733329772949,0.5501150299967881,0.35124866090538787
822000000008,0.0,1.0,0.3,7.596747875213623,23.477859497070312,0.4309962570746131,0.2843398064990208
822000000009,0.0,0.0,0.3,17.809898376464844,23.81089973449707,0.4991748484218249,0.5072179863082689
822000000009,0.0,0.1,0.3,17.823171615600586,24.6660385131836,0.5951811894342152,0.5245150609592978
822000000009,0.0,0.2,0.3,17.747913360595703,24.92845726013184,0.6197111515384608,0.5281433130970392
822000000009,0.0,0.3,0.3,17.399606704711914,24.3875675201416,0.5378544138772672,0.5100054126055056
822000000009,0.0,0.4,0.3,17.0445613861084,24.50498962402344,0.5288521316510606,0.5048242863918142
822000000009,0.0,0.5,0.3,16.421165466308594,23.929256439208984,0.4260157932576036,0.4801683677587689
822000000009,0.0,0.6,0.3,15.722028732299805,25.02663993835449,0.5046970984734508,0.48720134037948626
822000000009,0.0,0.7,0.3,12.691259384155272,25.638341903686523,0.3843700669665405,0.43520043827646393
822000000009,0.0,0.8,0.3,10.966100692749023,27.94171524047852,0.5334997729057229,0.44450609236676747
822000000009,0.0,0.9,0.3,10.326610565185549,27.545005798339844,0.4495891439376546,0.42307171285335043
822000000009,0.0,1.0,0.3,9.780261993408203,28.303062438964844,0.5,0.4265876750992996
823000000000,0.0,0.0,0.3,20.41452980041504,31.44845962524414,0.919863955828664,0.7143443584319009
823000000000,0.0,0.1,0.3,20.41803741455078,32.14603805541992,0.9846854090951204,0.7282994337801002
823000000000,0.0,0.2,0.3,20.375959396362305,32.31125259399414,0.9980890402765448,0.730696013746329
823000000000,0.0,0.3,0.3,19.6881103515625,31.459835052490234,0.8879282963872324,0.6991896562799569
823000000000,0.0,0.4,0.3,18.390369415283203,30.03218078613281,0.6966551422872826,0.6433032919915531
823000000000,0.0,0.5,0.3,17.0994873046875,32.247215270996094,0.8433531583033484,0.6600464136460491
823000000000,0.0,0.6,0.3,15.650415420532228,29.06131172180176,0.4822261290828636,0.5659691710004042
823000000000,0.0,0.7,0.3,13.885384559631348,30.02482986450196,0.4913813024955277,0.5477693917363737
823000000000,0.0,0.8,0.3,12.04012680053711,30.988893508911133,0.4969435623913513,0.5278817592445388
823000000000,0.0,0.9,0.3,10.465527534484863,27.874231338500977,0.1367194795333802,0.43256422630958646
823000000000,0.0,1.0,0.3,9.408381462097168,26.91722869873047,0.0,0.39113745779628906
823000000001,0.0,0.0,0.3,17.5897274017334,25.10524177551269,0.4997372741205415,0.5283116731569397
823000000001,0.0,0.1,0.3,17.59270477294922,25.30570602416992,0.5169276713737279,0.5323636651696773
823000000001,0.0,0.2,0.3,17.556934356689453,25.198230743408203,0.5046957932792998,0.5294676664346749
823000000001,0.0,0.3,0.3,17.500221252441406,25.433513641357425,0.5195592184013198,0.532948625495985
823000000001,0.0,0.4,0.3,16.998281478881836,26.07466506958008,0.5294079376594901,0.5350786452325708
823000000001,0.0,0.5,0.3,16.32417106628418,25.590377807617188,0.4290294839979997,0.5111685504361851
823000000001,0.0,0.6,0.3,13.990283012390137,28.2822380065918,0.4503921193845615,0.5153154224777148
823000000001,0.0,0.7,0.3,13.569531440734863,27.9700870513916,0.386905868298258,0.5001951604648434
823000000001,0.0,0.8,0.3,12.342784881591797,29.868633270263672,0.438974358816321,0.5119986145949719
823000000001,0.0,0.9,0.3,12.165811538696287,31.02644157409668,0.5211261228964676,0.5312901345784415
823000000001,0.0,1.0,0.3,11.926397323608398,29.80648231506348,0.3969837785810788,0.5019453951700606
823000000002,0.0,0.0,0.3,22.142961502075195,25.37944984436035,0.541041140653404,0.630177265847248
823000000002,0.0,0.1,0.3,22.11102294921875,25.537582397460938,0.5594188480239558,0.6326476154688649
823000000002,0.0,0.2,0.3,22.027063369750977,25.550439834594727,0.5565925202585035,0.6311257169902016
823000000002,0.0,0.3,0.3,21.771629333496094,25.06202507019043,0.4810277180245773,0.615998458762553
823000000002,0.0,0.4,0.3,21.00041580200196,25.05614471435547,0.4393277140867031,0.5995519306457042
823000000002,0.0,0.5,0.3,19.903339385986328,25.090932846069336,0.3854860610642721,0.5770148928075403
823000000002,0.0,0.6,0.3,17.04416275024414,28.427827835083008,0.6572495782901162,0.5828746750025464
823000000002,0.0,0.7,0.3,14.884414672851562,28.99493789672852,0.6145514104954568,0.5484292844090898
823000000002,0.0,0.8,0.3,13.952370643615724,28.47047996520996,0.4984813689366419,0.5182584175383195
823000000002,0.0,0.9,0.3,12.727248191833496,28.19759178161621,0.3987829421102123,0.48688784369732613
823000000002,0.0,1.0,0.3,13.840673446655272,27.100414276123047,0.318630468272377,0.4886310304197455
823000000003,0.0,0.0,0.3,22.737154006958008,20.19997787475586,0.5135922427734944,0.5396945455986034
823000000003,0.0,0.1,0.3,22.7593994140625,22.049259185791016,0.6328517892903702,0.5769635993519762
823000000003,0.0,0.2,0.3,22.5676498413086,22.06995391845703,0.6231034523020772,0.5733153285027762
823000000003,0.0,0.3,0.3,22.002798080444336,23.55984115600586,0.6855457155431369,0.5910018826287948
823000000003,0.0,0.4,0.3,21.422119140625,25.183183670043945,0.7555881888369238,0.6110088830556206
823000000003,0.0,0.5,0.3,19.019641876220703,23.839204788208008,0.5311679173847126,0.5333960774224151
823000000003,0.0,0.6,0.3,18.24650764465332,19.96678924560547,0.2394975700951043,0.43997040062478804
823000000003,0.0,0.7,0.3,17.6686954498291,25.78568458557129,0.577362064094308,0.543523558137639
823000000003,0.0,0.8,0.3,15.51506805419922,27.804357528686523,0.5818277905371335,0.5380917758588178
823000000003,0.0,0.9,0.3,14.343199729919434,26.729286193847656,0.4455982988684959,0.4918865049142408
823000000003,0.0,1.0,0.3,14.09749984741211,26.78951835632324,0.4352580331227215,0.48788263914231655
823000000004,0.0,0.0,0.3,19.94150733947754,19.153579711914062,0.5077243988415409,0.4596782790963605
823000000004,0.0,0.1,0.3,19.839290618896484,19.163070678710938,0.5044821086477984,0.457702819737578
823000000004,0.0,0.2,0.3,19.413768768310547,19.05827713012696,0.479288640281011,0.4466076664918508
823000000004,0.0,0.3,0.3,18.40790748596192,21.47243309020996,0.6354836162208277,0.4733479913482892
823000000004,0.0,0.4,0.3,16.899560928344727,20.460346221923828,0.4942568501391071,0.42127149929299224
823000000004,0.0,0.5,0.3,15.098993301391602,21.66486549377441,0.5212205498991559,0.40711484710538093
823000000004,0.0,0.6,0.3,13.342758178710938,20.74516487121582,0.3777533011840343,0.35162796649781686
823000000004,0.0,0.7,0.3,11.297719955444336,20.69692039489746,0.2935844926743488,0.30736675004404257
823000000004,0.0,0.8,0.3,9.648969650268556,24.37406349182129,0.5269157313252051,0.3456262988732607
823000000004,0.0,0.9,0.3,8.510740280151367,24.344623565673828,0.4798592155172574,0.3209398509799422
823000000004,0.0,1.0,0.3,7.20119047164917,25.227209091186523,0.5,0.31077389182465137
823000000005,0.0,0.0,0.3,15.439294815063477,21.099891662597656,0.5133022821537685,0.4030781563704746
823000000005,0.0,0.1,0.3,15.428464889526367,21.138652801513672,0.5141615222032366,0.4036201365691952
823000000005,0.0,0.2,0.3,15.4004487991333,20.86010932922364,0.4953689639522055,0.3974843157690616
823000000005,0.0,0.3,0.3,15.31028175354004,21.88223648071289,0.5413237068599532,0.41591399505660004
823000000005,0.0,0.4,0.3,15.164618492126465,22.659496307373047,0.5670780769701841,0.42829610181265854
823000000005,0.0,0.5,0.3,13.516643524169922,25.99685859680176,0.5557595355647048,0.4598109188851688
823000000005,0.0,0.6,0.3,12.461502075195312,29.872936248779297,0.6450018054366836,0.5145979312335968
823000000005,0.0,0.7,0.3,12.496203422546388,29.373920440673828,0.6214550885874617,0.5054029947516566
823000000005,0.0,0.8,0.3,12.434371948242188,23.018281936645508,0.2614953220654807,0.37762573733095106
823000000005,0.0,0.9,0.3,12.124761581420898,24.84063720703125,0.3256829297952688,0.4073323554131105
823000000005,0.0,1.0,0.3,11.245199203491213,27.999738693237305,0.3960815750562342,0.45157025024547137
823000000006,0.0,0.0,0.3,23.135013580322266,26.980388641357425,0.4982217543171352,0.683039149336854
823000000006,0.0,0.1,0.3,23.08108329772949,27.18024635314941,0.511458352660241,0.6858741211226813
823000000006,0.0,0.2,0.3,23.18176651000977,27.16493034362793,0.5141162577480165,0.6877012003317061
823000000006,0.0,0.3,0.3,22.79770278930664,29.09653091430664,0.6472634772100225,0.7180051824331692
823000000006,0.0,0.4,0.3,19.414140701293945,29.19178009033203,0.5258557894195395,0.6482576525295554
823000000006,0.0,0.5,0.3,16.790292739868164,30.298995971679688,0.5107527646153791,0.6147328337050965
823000000006,0.0,0.6,0.3,14.6588773727417,31.945810317993164,0.5556552175136968,0.6023719139877123
823000000006,0.0,0.7,0.3,13.444121360778809,28.65915298461914,0.2580437982004331,0.5112511725116804
823000000006,0.0,0.8,0.3,11.98327350616455,32.1873893737793,0.472367988597143,0.5505263004069422
823000000006,0.0,0.9,0.3,10.87537670135498,33.516883850097656,0.5319269894921582,0.5535229450024883
823000000006,0.0,1.0,0.3,10.035964965820312,31.3718204498291,0.3359163946605286,0.4930657411444836
823000000007,0.0,0.0,0.3,22.84686279296875,22.91929054260254,0.5,0.5961279016921666
823000000007,0.0,0.1,0.3,22.699800491333008,23.300451278686523,0.5273392111532862,0.6005985841660799
823000000007,0.0,0.2,0.3,22.418212890625,23.492321014404297,0.532397444379167,0.5984542372657766
823000000007,0.0,0.3,0.3,21.810327529907227,23.405670166015625,0.4992890604408495,0.583858769970428
823000000007,0.0,0.4,0.3,20.297794342041016,25.99583625793457,0.6635521290807578,0.6033732756439891
823000000007,0.0,0.5,0.3,17.950349807739258,28.54893112182617,0.7895449511727785,0.6044718752775129
823000000007,0.0,0.6,0.3,16.001720428466797,26.14707946777344,0.4966941290801616,0.5154186076771131
823000000007,0.0,0.7,0.3,14.539374351501465,28.607208251953125,0.6516307506303096,0.5334082098722851
823000000007,0.0,0.8,0.3,13.381397247314451,25.27845001220703,0.3104551202710384,0.4426519459839995
823000000007,0.0,0.9,0.3,12.553990364074709,23.221088409423828,0.0949046667594127,0.38419406984066595
823000000007,0.0,1.0,0.3,10.923467636108398,23.06192779541016,0.0125386178296087,0.34650264830767763
823000000008,0.0,0.0,0.3,24.84302520751953,21.92904663085937,0.4997353846497935,0.6186898088746576
823000000008,0.0,0.1,0.3,24.85024642944336,23.84692573547364,0.6473232129063872,0.6570057408770678
823000000008,0.0,0.2,0.3,23.984054565429688,25.768207550048828,0.7631669654326426,0.6768959119457111
823000000008,0.0,0.3,0.3,23.291810989379883,26.964252471923828,0.8296753259074827,0.6860380590653685
823000000008,0.0,0.4,0.3,20.627410888671875,27.07438468933105,0.7405006013732076,0.6318140690062561
823000000008,0.0,0.5,0.3,17.458688735961914,25.72002410888672,0.520349407665071,0.5377703700537142
823000000008,0.0,0.6,0.3,13.707437515258787,28.438133239746094,0.5916815306034012,0.51242860035901
823000000008,0.0,0.7,0.3,12.329148292541504,28.3134822845459,0.5316001801533423,0.48076461194959247
823000000008,0.0,0.8,0.3,11.381220817565918,25.90321350097656,0.3117177409785086,0.4127325129510236
823000000008,0.0,0.9,0.3,11.205493927001951,24.739709854125977,0.2159030438640395,0.3858596612738505
823000000008,0.0,1.0,0.3,11.263195991516112,26.820045471191406,0.3778199079861155,0.4284771148741333
823000000009,0.0,0.0,0.3,22.59019660949707,26.022705078125,0.7167777860347546,0.6524467829891003
823000000009,0.0,0.1,0.3,22.54094886779785,25.63810920715332,0.6555298723796315,0.6437511175917283
823000000009,0.0,0.2,0.3,22.406349182128903,25.61157989501953,0.6405000485310727,0.6403732362958232
823000000009,0.0,0.3,0.3,22.137779235839844,25.94940948486328,0.668620155010945,0.6414089133769845
823000000009,0.0,0.4,0.3,21.687788009643555,26.26526641845703,0.678532134791271,0.6381659891945424
823000000009,0.0,0.5,0.3,20.966398239135746,25.426101684570312,0.494333442645433,0.6061932604857304
823000000009,0.0,0.6,0.3,18.38182258605957,24.564956665039062,0.153426699527043,0.534332439132474
823000000009,0.0,0.7,0.3,18.4245662689209,27.92726707458496,0.6569467809554327,0.6021426186059347
823000000009,0.0,0.8,0.3,19.317459106445312,25.128576278686523,0.3142937465318214,0.5653586337346418
823000000009,0.0,0.9,0.3,16.51879119873047,24.700719833374023,0.0201889700530797,0.4975864852310261
823000000009,0.0,1.0,0.3,16.58299446105957,26.459300994873047,0.2869901203168452,0.5339391437102163
824000000000,0.0,0.0,0.3,21.362558364868164,21.54082298278809,0.5899086730734001,0.5372700248062674
824000000000,0.0,0.1,0.3,21.3845329284668,20.742645263671875,0.5520742200999532,0.5218527229463698
824000000000,0.0,0.2,0.3,21.01710319519043,19.694766998291016,0.4693857653558658,0.49322157302850567
824000000000,0.0,0.3,0.3,20.29010009765625,23.623401641845703,0.604045048576454,0.5560023281051905
824000000000,0.0,0.4,0.3,19.28262710571289,24.956859588623047,0.5863685060734296,0.5612041933176602
824000000000,0.0,0.5,0.3,18.28890991210937,26.76240539550781,0.593298461813391,0.5760911893260745
824000000000,0.0,0.6,0.3,16.241077423095703,29.75615882873535,0.571447437530443,0.5923021838252951
824000000000,0.0,0.7,0.3,15.383570671081545,27.29928207397461,0.3779057213870458,0.5252572032281538
824000000000,0.0,0.8,0.3,16.649110794067383,22.06535530090332,0.2232509475004543,0.4479058879286141
824000000000,0.0,0.9,0.3,16.463823318481445,22.63899612426757,0.2363198317318957,0.45539727484536796
824000000000,0.0,1.0,0.3,15.892783164978027,27.060562133789062,0.4084701246481798,0.5312889814617243
824000000001,0.0,0.0,0.3,21.47162818908692,19.27849197387696,0.5563377904661289,0.4945623189332994
824000000001,0.0,0.1,0.3,21.524208068847656,18.36387062072754,0.5,0.47747598720412493
824000000001,0.0,0.2,0.3,21.355552673339844,19.921085357666016,0.5911262133917832,0.5048912423461336
824000000001,0.0,0.3,0.3,20.872426986694336,22.592016220092773,0.7356838931179173,0.5478093143939154
824000000001,0.0,0.4,0.3,20.34457397460937,23.526987075805664,0.7645577834362649,0.5552372358576414
824000000001,0.0,0.5,0.3,19.28326988220215,23.617919921875,0.7061903331904219,0.5345748328144995
824000000001,0.0,0.6,0.3,18.010805130004883,25.0705623626709,0.7236511870041947,0.5365374164554881
824000000001,0.0,0.7,0.3,16.773839950561523,26.046838760375977,0.7122608866237459,0.5297726627709142
824000000001,0.0,0.8,0.3,16.564023971557617,23.987808227539062,0.5655522420307786,0.4843583207559332
824000000001,0.0,0.9,0.3,15.28787612915039,25.642486572265625,0.595938301501109,0.4902631428381712
824000000001,0.0,1.0,0.3,13.269563674926758,25.355478286743164,0.4550069412584829,0.4418167565041438
824000000002,0.0,0.0,0.3,18.17012405395508,21.79572105407715,0.9810324840684636,0.4747461783746094
824000000002,0.0,0.1,0.3,18.180110931396484,21.869691848754883,1.0,0.47642955072737014
824000000002,0.0,0.2,0.3,18.17308807373047,21.25981712341309,0.8560453217474553,0.4641452217141178
824000000002,0.0,0.3,0.3,18.098276138305664,21.47835350036621,0.8948678877120533,0.466909728184402
824000000002,0.0,0.4,0.3,17.908071517944336,21.419227600097656,0.8496366917289612,0.46170585423349175
824000000002,0.0,0.5,0.3,17.650062561035156,21.0152587890625,0.7124751024845106,0.4482044279838484
824000000002,0.0,0.6,0.3,17.41383171081543,20.24567985534668,0.4933035523726029,0.4278890121575384
824000000002,0.0,0.7,0.3,17.326343536376953,21.46501350402832,0.7643604732952364,0.4502995385174977
824000000002,0.0,0.8,0.3,16.256595611572266,21.50920867919922,0.5981789560571561,0.4285283351733749
824000000002,0.0,0.9,0.3,15.298877716064451,21.3616943359375,0.4055978145988331,0.4053144895012606
824000000002,0.0,1.0,0.3,15.15016746520996,19.73421287536621,0.0,0.3697811925283083
824000000003,0.0,0.0,0.3,15.60825252532959,21.76196479797364,0.5569336882865441,0.41982993398066903
824000000003,0.0,0.1,0.3,15.572614669799805,20.97116470336914,0.5041843261881483,0.40333956264678394
824000000003,0.0,0.2,0.3,15.442020416259766,23.03706359863281,0.6108029445216072,0.44168279857195647
824000000003,0.0,0.3,0.3,14.82262897491455,21.24250602722168,0.4160258989109793,0.3928588204648391
824000000003,0.0,0.4,0.3,13.81440544128418,24.77237319946289,0.4887517962772997,0.44175017334873173
824000000003,0.0,0.5,0.3,13.42812156677246,25.331098556518555,0.4686600638497828,0.4446889073507284
824000000003,0.0,0.6,0.3,13.233190536499023,23.39271545410156,0.3243656268875,0.40199044625764513
824000000003,0.0,0.7,0.3,13.011452674865724,25.5034294128418,0.4209859770511184,0.43929558127882706
824000000003,0.0,0.8,0.3,12.467649459838867,20.81968688964844,0.062178047752566,0.334581474364924
824000000003,0.0,0.9,0.3,12.021631240844728,27.0080509185791,0.3739092103443506,0.44827710521562253
824000000003,0.0,1.0,0.3,12.053349494934082,29.09490966796875,0.5044217456449279,0.49047418386705877
824000000004,0.0,0.0,0.3,18.13546562194824,22.66948509216309,0.5347673783843668,0.4913989734597548
824000000004,0.0,0.1,0.3,18.10538101196289,22.0757064819336,0.4972289163188248,0.47894662912491
824000000004,0.0,0.2,0.3,17.943225860595703,22.81087303161621,0.5253388907781448,0.49014194440453496
824000000004,0.0,0.3,0.3,17.643346786499023,25.18230056762696,0.6365707614629568,0.5309803579919986
824000000004,0.0,0.4,0.3,17.106037139892578,29.72450256347656,0.8530378220229722,0.6099867498016704
824000000004,0.0,0.5,0.3,16.529399871826172,29.944446563720703,0.8128022790107713,0.6021537190399472
824000000004,0.0,0.6,0.3,15.733685493469238,29.107484817504883,0.6905028623858893,0.568651092574232
824000000004,0.0,0.7,0.3,14.68421745300293,30.6150131225586,0.6821066490372361,0.5764275125902232
824000000004,0.0,0.8,0.3,14.18983268737793,26.431411743164062,0.3916076073328294,0.482711870080918
824000000004,0.0,0.9,0.3,13.424323081970217,30.20319366455078,0.5419450193841445,0.5415561530267214
824000000004,0.0,1.0,0.3,12.707154273986816,26.74579620361328,0.2734466578036993,0.4575737386153184
824000000005,0.0,0.0,0.3,23.21582794189453,23.81315040588379,0.5336894552000085,0.6217268178605752
824000000005,0.0,0.1,0.3,23.20747947692871,23.937744140625,0.5444917892325674,0.6240292850060218
824000000005,0.0,0.2,0.3,23.20793533325196,23.897918701171875,0.5409361990199377,0.623246468341073
824000000005,0.0,0.3,0.3,23.072668075561523,24.07233047485352,0.5503214807419946,0.6238528901481696
824000000005,0.0,0.4,0.3,22.90599822998047,23.438034057617188,0.4856185005365617,0.6077022719931089
824000000005,0.0,0.5,0.3,22.54815673828125,23.98198509216309,0.5178610311482796,0.6109492514543978
824000000005,0.0,0.6,0.3,22.59134864807129,23.66094207763672,0.4910327964674166,0.6054754946126658
824000000005,0.0,0.7,0.3,22.158370971679688,25.47360610961914,0.6337316783760711,0.6323771168426906
824000000005,0.0,0.8,0.3,20.631221771240234,27.90525245666504,0.7812331524788854,0.648427831493929
824000000005,0.0,0.9,0.3,17.733491897583008,29.005300521850582,0.7455240416015239,0.6089612638869433
824000000005,0.0,1.0,0.3,12.444012641906738,26.9833984375,0.3184115941512604,0.4567299737125729
824000000006,0.0,0.0,0.3,21.227930068969727,21.8679256439209,0.7484652433120238,0.540928304556718
824000000006,0.0,0.1,0.3,21.248130798339844,20.61552047729492,0.492620308404043,0.5164349720385409
824000000006,0.0,0.2,0.3,21.26615524291992,21.81429481506348,0.7428624728834393,0.5406705003332801
824000000006,0.0,0.3,0.3,21.29963493347168,21.443479537963867,0.6710513561118625,0.5340007026243806
824000000006,0.0,0.4,0.3,21.25872039794922,21.509326934814453,0.678792654843053,0.5344446549603388
824000000006,0.0,0.5,0.3,20.968135833740234,21.58496284484864,0.6527826114736862,0.5297969225086727
824000000006,0.0,0.6,0.3,20.59352302551269,21.127296447753903,0.5045556638779257,0.5127580455641784
824000000006,0.0,0.7,0.3,20.26861572265625,20.78106117248535,0.3864716927018415,0.4989889416185569
824000000006,0.0,0.8,0.3,19.40255546569824,21.955453872680664,0.5050020270912989,0.504019881884069
824000000006,0.0,0.9,0.3,18.885507583618164,22.97606086730957,0.641768867602506,0.5133806247584021
824000000006,0.0,1.0,0.3,17.810049057006836,23.03572654724121,0.5,0.4917963470584204
824000000007,0.0,0.0,0.3,20.714656829833984,19.85217666625977,0.7746016632730186,0.48994986120796225
824000000007,0.0,0.1,0.3,20.73795318603516,19.40190887451172,0.7474934164798658,0.48148345307733603
824000000007,0.0,0.2,0.3,20.312456130981445,20.65361595153809,0.7986567827241786,0.49738123315157673
824000000007,0.0,0.3,0.3,19.420860290527344,20.62537384033203,0.7370571453602955,0.47794078793992456
824000000007,0.0,0.4,0.3,18.03309440612793,19.27836799621582,0.5582060432658841,0.42175304124355817
824000000007,0.0,0.5,0.3,15.97746753692627,21.13851356506348,0.5387752654361055,0.4152418356811931
824000000007,0.0,0.6,0.3,15.309438705444336,19.475811004638672,0.3880965560342314,0.3680117441988875
824000000007,0.0,0.7,0.3,14.80965805053711,15.515084266662598,0.1023760206745319,0.27861673452993235
824000000007,0.0,0.8,0.3,14.332703590393066,19.292619705200195,0.3109200536354324,0.34368531177907197
824000000007,0.0,0.9,0.3,13.623407363891602,23.333446502685547,0.5206454737973415,0.4090734507613989
824000000007,0.0,1.0,0.3,13.283303260803224,23.36746406555176,0.5,0.4025490565722407
824000000008,0.0,0.0,0.3,21.510400772094727,15.872719764709473,0.5,0.4276133209907954
824000000008,0.0,0.1,0.3,21.42641258239746,19.324857711791992,0.7223394282828384,0.49452754432050633
824000000008,0.0,0.2,0.3,21.162113189697266,22.89428901672364,0.9303618623603472,0.5599578639848284
824000000008,0.0,0.3,0.3,20.88457298278809,23.29058265686035,0.9228674863066836,0.561966956981947
824000000008,0.0,0.4,0.3,19.67122268676757,22.440723419189453,0.716038896581577,0.5193647515539596
824000000008,0.0,0.5,0.3,18.78775978088379,21.488523483276367,0.5429702660698054,0.4817110817565159
824000000008,0.0,0.6,0.3,17.975753784179688,21.293758392333984,0.4297634013742575,0.46064228820303027
824000000008,0.0,0.7,0.3,17.45356559753418,20.242504119873047,0.2945446969495357,0.4286671367833733
824000000008,0.0,0.8,0.3,17.842466354370117,21.19698143005371,0.4068126503318858,0.45589436530348926
824000000008,0.0,0.9,0.3,18.245479583740234,20.706439971923828,0.4234186629087506,0.45466661660241814
824000000008,0.0,1.0,0.3,17.830448150634766,20.38569068908692,0.3506464835936232,0.4394963772993139
824000000009,0.0,0.0,0.3,21.36509323120117,24.891094207763672,0.8029723169650553,0.6039892685966947
824000000009,0.0,0.1,0.3,21.330867767333984,25.10593032836914,0.8422379684025998,0.6075395149399527
824000000009,0.0,0.2,0.3,21.22220993041992,24.97566032409668,0.8030200200686595,0.6026466307142695
824000000009,0.0,0.3,0.3,21.150859832763672,24.30282592773437,0.6587879665337627,0.5877474431293991
824000000009,0.0,0.4,0.3,20.83403968811035,24.34014320373535,0.6285937834763202,0.5817817182495686
824000000009,0.0,0.5,0.3,20.700498580932617,24.51237678527832,0.6474397376811367,0.5823813463287053
824000000009,0.0,0.6,0.3,20.655412673950195,25.0941104888916,0.7594296900010318,0.5930023692289544
824000000009,0.0,0.7,0.3,20.537256240844727,24.201698303222656,0.5653272722256288,0.5727428321867649
824000000009,0.0,0.8,0.3,20.17438507080078,24.421157836914062,0.5663951032015369,0.5694264008563485
824000000009,0.0,0.9,0.3,19.24134826660156,23.3892879486084,0.2471341059895922,0.5291377461981797
824000000009,0.0,1.0,0.3,17.165742874145508,25.86774253845215,0.5,0.5345069782678544
911000000000,0.0,0.0,0.3,15.911073684692385,24.74212074279785,0.6769200230024482,0.4855426173988281
911000000000,0.0,0.1,0.3,15.908390045166016,26.112449645996094,0.753855304231075,0.512753365672361
911000000000,0.0,0.2,0.3,15.843274116516112,27.170434951782227,0.803743679202517,0.5324269977980246
911000000000,0.0,0.3,0.3,15.594775199890137,28.8550968170166,0.8613360222586199,0.5606876768173362
911000000000,0.0,0.4,0.3,14.948410034179688,30.46652030944824,0.854772891024062,0.5790666791784542
911000000000,0.0,0.5,0.3,14.750435829162598,29.20450210571289,0.7536793947429745,0.5497624696533057
911000000000,0.0,0.6,0.3,14.369938850402832,29.179807662963867,0.6948840185016146,0.5412145206475355
911000000000,0.0,0.7,0.3,13.833709716796877,21.60741424560547,0.1866095824979226,0.37918079431736373
911000000000,0.0,0.8,0.3,13.676188468933104,28.9273738861084,0.5759779373512838,0.521502123519633
911000000000,0.0,0.9,0.3,13.101696968078612,29.31821632385254,0.5113691426909288,0.5171151595074684
911000000000,0.0,1.0,0.3,12.596735000610352,28.42340469360352,0.3846883872299815,0.4886177357399281
911000000001,0.0,0.0,0.3,24.53546905517578,21.528682708740234,0.653748519036251,0.6042110125437462
911000000001,0.0,0.1,0.3,24.519535064697266,21.54045486450196,0.6535118230578436,0.604107878430783
911000000001,0.0,0.2,0.3,24.453876495361328,21.2412223815918,0.6062830401646181,0.5967633419768749
911000000001,0.0,0.3,0.3,24.161985397338867,20.69064140319824,0.5000297502428322,0.5796271312802646
911000000001,0.0,0.4,0.3,23.833154678344727,20.43295288085937,0.4285555998121998,0.5675369065489501
911000000001,0.0,0.5,0.3,23.88933753967285,20.372774124145508,0.4269068130318399,0.5675290403919324
911000000001,0.0,0.6,0.3,23.38933563232422,22.14727020263672,0.6063718783185499,0.5922520179799037
911000000001,0.0,0.7,0.3,22.32705307006836,21.745325088500977,0.4327387795774055,0.5617613356375596
911000000001,0.0,0.8,0.3,20.157590866088867,22.219846725463867,0.2504364295053795,0.525267883845178
911000000001,0.0,0.9,0.3,20.11555290222168,24.13186264038086,0.5,0.5624241428986818
911000000001,0.0,1.0,0.3,21.21126174926757,22.87509155273437,0.4567869778052602,0.5606165236502428
911000000002,0.0,0.0,0.3,16.301334381103516,23.631181716918945,0.7587677782968562,0.47169983130735527
911000000002,0.0,0.1,0.3,16.295068740844727,23.5806827545166,0.7431081551350371,0.4705623073185145
911000000002,0.0,0.2,0.3,16.271230697631836,23.71640968322754,0.7789004814266933,0.47275833582546267
911000000002,0.0,0.3,0.3,16.097667694091797,23.227802276611328,0.6099032683633534,0.45936076478921645
911000000002,0.0,0.4,0.3,15.616039276123049,23.63713264465332,0.6544268193437099,0.4573079478716517
911000000002,0.0,0.5,0.3,15.362871170043944,22.741619110107425,0.3547418329645476,0.4341279889176687
911000000002,0.0,0.6,0.3,14.654898643493652,23.79459953308105,0.5514646311577265,0.4400903170254122
911000000002,0.0,0.7,0.3,14.312691688537598,24.39763641357422,0.6739161782225948,0.4448440621850652
911000000002,0.0,0.8,0.3,13.51054573059082,23.72471046447754,0.3540079750092115,0.4144693308254526
911000000002,0.0,0.9,0.3,13.191563606262209,23.09147453308105,0.1204308867659355,0.39511478578748116
911000000002,0.0,1.0,0.3,13.071005821228027,24.46046257019043,0.5,0.4198030097203976
911000000003,0.0,0.0,0.3,16.32192039489746,27.91975212097168,0.637465243700039,0.5574720883707283
911000000003,0.0,0.1,0.3,16.312877655029297,27.69390869140625,0.6192646531059354,0.5527866603438887
911000000003,0.0,0.2,0.3,16.314285278320312,26.7131290435791,0.5455595770725707,0.5333003629694194
911000000003,0.0,0.3,0.3,16.273038864135742,26.0950984954834,0.493588613008451,0.5201291022497112
911000000003,0.0,0.4,0.3,16.190540313720703,26.2186279296875,0.4920743848859156,0.5208403526112835
911000000003,0.0,0.5,0.3,15.951876640319824,27.24193572998047,0.5378645168366907,0.5361492878980155
911000000003,0.0,0.6,0.3,15.35982894897461,27.80705070495605,0.5027849807605655,0.5348583651385143
911000000003,0.0,0.7,0.3,14.13254451751709,28.301794052124023,0.3790850458396307,0.5187167756111939
911000000003,0.0,0.8,0.3,13.18850326538086,31.675308227539062,0.5094158114983706,0.5658559115920655
911000000003,0.0,0.9,0.3,12.509833335876465,32.73188018798828,0.5,0.5725101533155099
911000000003,0.0,1.0,0.3,12.72704792022705,29.929811477661133,0.3173887768896966,0.5213522797407071
911000000004,0.0,0.0,0.3,20.26572036743164,28.89326858520508,0.7781506503655848,0.6603488772036161
911000000004,0.0,0.1,0.3,20.235822677612305,28.4583683013916,0.7346812275730352,0.651061940497146
911000000004,0.0,0.2,0.3,20.092565536499023,27.810815811157227,0.6536647063932265,0.6351432813994268
911000000004,0.0,0.3,0.3,19.84318923950196,31.39693832397461,0.9302833066775436,0.7012217106304754
911000000004,0.0,0.4,0.3,19.692686080932617,29.981517791748047,0.780030674891036,0.6698701579801551
911000000004,0.0,0.5,0.3,19.397293090820312,29.45684242248535,0.6848001792385462,0.6531752832396556
911000000004,0.0,0.6,0.3,19.250782012939453,28.933481216430664,0.6142513144751116,0.6396589535985755
911000000004,0.0,0.7,0.3,19.23475646972656,28.990447998046875,0.6166549433291267,0.6404531889148609
911000000004,0.0,0.8,0.3,18.79060935974121,29.78935813903809,0.6141628252452288,0.64694606980452
911000000004,0.0,0.9,0.3,18.207672119140625,30.661052703857425,0.5952200490747542,0.651948542050889
911000000004,0.0,1.0,0.3,17.235376358032227,25.754213333129883,0.0,0.5337223157687534
911000000005,0.0,0.0,0.3,16.763587951660156,27.787715911865234,0.7565153282833693,0.5641965364889807
911000000005,0.0,0.1,0.3,16.76947784423828,27.96561813354492,0.8030442966888034,0.5678612457985817
911000000005,0.0,0.2,0.3,16.710853576660156,27.279281616210938,0.6180419967503092,0.5529628395792963
911000000005,0.0,0.3,0.3,16.52690887451172,28.37359619140625,0.8705446125384673,0.5708433156962436
911000000005,0.0,0.4,0.3,16.372507095336914,28.20967483520508,0.8048653713391632,0.5643122451714746
911000000005,0.0,0.5,0.3,16.208251953125,26.90453147888184,0.4449840286598779,0.5348638677710789
911000000005,0.0,0.6,0.3,16.05905532836914,27.739933013916016,0.6364018704349771,0.5483280960537062
911000000005,0.0,0.7,0.3,15.246274948120115,28.73355484008789,0.7668096396223035,0.5508900935478086
911000000005,0.0,0.8,0.3,13.503470420837402,28.307706832885746,0.3907811111937301,0.5055145452312658
911000000005,0.0,0.9,0.3,14.819443702697754,26.78403854370117,0.2014651394285617,0.5030598902298147
911000000005,0.0,1.0,0.3,14.339706420898438,28.06016731262207,0.4553148330489536,0.5182951553291558
911000000006,0.0,0.0,0.3,20.03142738342285,30.86896514892578,0.8389401735469322,0.6947015209749267
911000000006,0.0,0.1,0.3,20.01353454589844,30.995094299316406,0.8662116324091572,0.6968324500883651
911000000006,0.0,0.2,0.3,19.97600555419922,29.92205047607422,0.6161055582214192,0.674685792618468
911000000006,0.0,0.3,0.3,19.661108016967773,30.82538604736328,0.7936156852678382,0.6859932931439486
911000000006,0.0,0.4,0.3,19.43045425415039,30.875957489013672,0.7832399265940836,0.6821157764041401
911000000006,0.0,0.5,0.3,19.245174407958984,31.56999969482422,0.925025649364054,0.6920031389272095
911000000006,0.0,0.6,0.3,19.137958526611328,30.928998947143555,0.7675346093417637,0.6769779803273723
911000000006,0.0,0.7,0.3,18.45479393005371,30.72221565246582,0.6548827899676902,0.6583981032753385
911000000006,0.0,0.8,0.3,16.44965171813965,30.23171043395996,0.3509878262225268,0.6061812851438946
911000000006,0.0,0.9,0.3,15.395489692687988,29.3936824798584,0.0579330968553817,0.5671851250822881
911000000006,0.0,1.0,0.3,14.78794765472412,30.690156936645508,0.2978597163758296,0.5801191283055405
911000000007,0.0,0.0,0.3,24.31414794921875,23.16055488586425,0.5,0.6319967102191989
911000000007,0.0,0.1,0.3,24.254507064819336,23.417064666748047,0.5154120738414807,0.6358380614540926
911000000007,0.0,0.2,0.3,23.993955612182617,23.464773178100582,0.5070606715941969,0.6312705289591903
911000000007,0.0,0.3,0.3,23.2358341217041,24.649311065673828,0.5565253900410736,0.6387888171931325
911000000007,0.0,0.4,0.3,22.32362174987793,25.211519241333008,0.5551619890369665,0.630660951883669
911000000007,0.0,0.5,0.3,20.87612533569336,25.56235885620117,0.514817579541617,0.6069931619266145
911000000007,0.0,0.6,0.3,19.327850341796875,27.32732009887696,0.5696926499915006,0.6093304901850938
911000000007,0.0,0.7,0.3,17.71449851989746,30.2487850189209,0.7032204382599734,0.6333026521494003
911000000007,0.0,0.8,0.3,16.286148071289062,28.47284889221192,0.513715368904852,0.5677204814790702
911000000007,0.0,0.9,0.3,14.667280197143556,29.14080047607422,0.4880334684992998,0.5467341786539638
911000000007,0.0,1.0,0.3,13.195374488830566,26.65377616882324,0.2464099794579193,0.46608014741244386
911000000008,0.0,0.0,0.3,18.313589096069336,32.51787185668945,0.7167507775310024,0.6911392326953927
911000000008,0.0,0.1,0.3,18.3027286529541,32.97299575805664,0.8281873317086801,0.6999655858908261
911000000008,0.0,0.2,0.3,18.29900932312012,32.565311431884766,0.7272041294411267,0.6917745027723112
911000000008,0.0,0.3,0.3,18.16826629638672,32.475311279296875,0.6936831010620634,0.6872153032932126
911000000008,0.0,0.4,0.3,18.06393814086914,33.665042877197266,0.9784248166120126,0.7086802251731935
911000000008,0.0,0.5,0.3,17.67293357849121,33.124794006347656,0.8112402315654992,0.6896510003192575
911000000008,0.0,0.6,0.3,16.9461669921875,32.81044387817383,0.6708155245282532,0.6680074786302268
911000000008,0.0,0.7,0.3,16.069231033325195,31.64002227783203,0.3060394491453763,0.626149712316681
911000000008,0.0,0.8,0.3,14.16378688812256,32.71021270751953,0.4056101737875825,0.6070994757440902
911000000008,0.0,0.9,0.3,13.450138092041016,31.95530128479004,0.1575396644633366,0.5769671723623357
911000000008,0.0,1.0,0.3,12.527984619140623,32.01907730102539,0.0935928808112318,0.5587107342708766
911000000009,0.0,0.0,0.3,20.31301689147949,27.793312072753903,0.914573023299958,0.6394627741013614
911000000009,0.0,0.1,0.3,20.308881759643555,27.66092109680176,0.8982687697407001,0.6367408279641193
911000000009,0.0,0.2,0.3,20.27220344543457,27.289173126220703,0.8515313174766661,0.628566959761784
911000000009,0.0,0.3,0.3,20.209794998168945,27.301326751708984,0.8506338880066223,0.6274873757086343
911000000009,0.0,0.4,0.3,20.10573005676269,27.58673477172852,0.8814745146153613,0.630963134379334
911000000009,0.0,0.5,0.3,20.007497787475582,27.01787376403809,0.8083497798269179,0.617563669845872
911000000009,0.0,0.6,0.3,18.476900100708008,28.49375534057617,0.9299868829135576,0.6145230248740117
911000000009,0.0,0.7,0.3,18.767019271850582,27.462387084960938,0.8152624195108078,0.6001432063182213
911000000009,0.0,0.8,0.3,17.23941421508789,26.08099365234375,0.5885366391076379,0.5403102701275647
911000000009,0.0,0.9,0.3,11.649596214294434,26.000112533569336,0.3655264721623881,0.42034318984319574
911000000009,0.0,1.0,0.3,7.200354099273682,24.39409446716309,0.0,0.2941784017957981
912000000000,0.0,0.0,0.3,17.65586280822754,22.96057891845703,0.5717047820056139,0.4870363094202465
912000000000,0.0,0.1,0.3,17.66867446899414,22.10043716430664,0.5,0.4701919990975924
912000000000,0.0,0.2,0.3,17.64533805847168,22.76472854614257,0.5542892421635274,0.48291632025125053
912000000000,0.0,0.3,0.3,17.42098617553711,22.625186920166016,0.5243174674018881,0.47538926205352405
912000000000,0.0,0.4,0.3,17.151546478271484,23.17302703857422,0.5488260040158014,0.480585430187327
912000000000,0.0,0.5,0.3,15.449662208557127,26.09623908996582,0.6582038858288668,0.5027177896144273
912000000000,0.0,0.6,0.3,13.989174842834473,24.654029846191406,0.4179481045044301,0.4430958426478452
912000000000,0.0,0.7,0.3,12.092751502990724,27.743467330932617,0.5256276139623118,0.46441671827436715
912000000000,0.0,0.8,0.3,11.790689468383787,25.17709732055664,0.2841243998699203,0.4069538524129843
912000000000,0.0,0.9,0.3,11.661920547485352,28.012680053710938,0.5135011592946015,0.46065133714228323
912000000000,0.0,1.0,0.3,11.49522304534912,25.936391830444336,0.3244077364457025,0.41580657375491287
912000000001,0.0,0.0,0.3,18.08969116210937,26.75755882263184,0.4992442757154912,0.5717765324602027
912000000001,0.0,0.1,0.3,18.09950065612793,26.840484619140625,0.5053847127513295,0.5736343405687226
912000000001,0.0,0.2,0.3,17.872173309326172,30.679107666015625,0.7371289631766186,0.6452040266404429
912000000001,0.0,0.3,0.3,17.384376525878906,32.686485290527344,0.8298963344389806,0.6748194403061711
912000000001,0.0,0.4,0.3,16.900976181030273,32.990814208984375,0.8124164565467036,0.6706397273874876
912000000001,0.0,0.5,0.3,16.31661605834961,33.278934478759766,0.7861061342959128,0.6639997840328711
912000000001,0.0,0.6,0.3,15.761993408203123,32.275001525878906,0.6781884641055174,0.6322794980095061
912000000001,0.0,0.7,0.3,15.09000015258789,33.08475112915039,0.6789984138256167,0.6341637009187353
912000000001,0.0,0.8,0.3,14.053330421447754,34.457672119140625,0.688282688197829,0.6395326180601519
912000000001,0.0,0.9,0.3,12.145523071289062,30.12026596069336,0.259659435187028,0.5128289614311645
912000000001,0.0,1.0,0.3,11.609373092651367,27.21006202697754,0.0293828926225581,0.4435677655881357
912000000002,0.0,0.0,0.3,19.02142333984375,20.78878593444824,0.4989606027213557,0.47273485694566264
912000000002,0.0,0.1,0.3,19.040470123291016,21.77581787109375,0.5446549672480135,0.49277866328351466
912000000002,0.0,0.2,0.3,18.884265899658203,23.831520080566406,0.6291341741124501,0.5303767395842464
912000000002,0.0,0.3,0.3,18.207290649414062,24.03302383422852,0.6013074913550771,0.5200522385771134
912000000002,0.0,0.4,0.3,17.120559692382812,24.74668884277344,0.574291159327216,0.5112429252442743
912000000002,0.0,0.5,0.3,16.074560165405273,24.6066951751709,0.5108766330223075,0.4863094729834814
912000000002,0.0,0.6,0.3,14.625843048095703,27.2491455078125,0.5513679019287533,0.508215588147536
912000000002,0.0,0.7,0.3,12.99548053741455,28.73105430603028,0.5294418151123597,0.5031824762371766
912000000002,0.0,0.8,0.3,11.728364944458008,31.840545654296875,0.6009729283118767,0.5382272283196422
912000000002,0.0,0.9,0.3,10.799477577209473,28.637659072875977,0.4053789284102559,0.4548263283166769
912000000002,0.0,1.0,0.3,9.878052711486816,31.31012535095215,0.4760029028502987,0.48849449579286897
912000000003,0.0,0.0,0.3,17.553621292114258,18.554851531982425,0.5247609690717252,0.39720384028305933
912000000003,0.0,0.1,0.3,17.543785095214844,18.7871322631836,0.5551272249903547,0.40161762259498607
912000000003,0.0,0.2,0.3,17.588253021240234,18.86338424682617,0.5693135410676513,0.4040764819889736
912000000003,0.0,0.3,0.3,17.484342575073242,19.138803482055664,0.597161897847134,0.4073567494825598
912000000003,0.0,0.4,0.3,17.262645721435547,18.7401180267334,0.5239438501339884,0.39472931944484857
912000000003,0.0,0.5,0.3,16.558298110961914,18.98711585998535,0.4948736584654089,0.384730508329325
912000000003,0.0,0.6,0.3,16.02130699157715,18.65359306335449,0.4025369690034766,0.3667237450616011
912000000003,0.0,0.7,0.3,14.27587890625,18.34794807434082,0.2070872670588501,0.32368451296397455
912000000003,0.0,0.8,0.3,12.961731910705566,22.066097259521484,0.590877450598412,0.36984484588720146
912000000003,0.0,0.9,0.3,11.934053421020508,20.393518447875977,0.2750791148574855,0.31480308296337434
912000000003,0.0,1.0,0.3,12.132136344909668,21.603456497192383,0.455302590984349,0.34307327443227076
912000000004,0.0,0.0,0.3,20.56617546081543,28.07794189453125,0.7147795730636344,0.6504868252679498
912000000004,0.0,0.1,0.3,20.58308982849121,27.17967987060547,0.63530112580199,0.6329708463685758
912000000004,0.0,0.2,0.3,20.423917770385746,28.3867416381836,0.7340525937191269,0.6536193600886775
912000000004,0.0,0.3,0.3,19.98488998413086,29.199440002441406,0.780962077929362,0.6604950022714591
912000000004,0.0,0.4,0.3,19.322246551513672,28.34075355529785,0.6649377185784553,0.6293777025289593
912000000004,0.0,0.5,0.3,18.506378173828125,27.61714744567871,0.5519756272752484,0.5977039532760748
912000000004,0.0,0.6,0.3,16.38834571838379,28.2248764038086,0.4814662606370926,0.5649500982510643
912000000004,0.0,0.7,0.3,14.181140899658203,31.25038146972656,0.62230740008399,0.5784183874022426
912000000004,0.0,0.8,0.3,12.16026496887207,30.68547821044922,0.452472449220127,0.524388012891744
912000000004,0.0,0.9,0.3,12.10801124572754,27.377685546875,0.1530406838270501,0.4574612943790731
912000000004,0.0,1.0,0.3,12.574884414672852,25.66947364807129,0.0275438843655574,0.43335581535133233
912000000005,0.0,0.0,0.3,21.50040435791016,28.19125747680664,0.5416242911173347,0.6725228136164457
912000000005,0.0,0.1,0.3,21.521249771118164,28.01375389099121,0.5249605701468754,0.6694321244803001
912000000005,0.0,0.2,0.3,21.47088623046875,27.814882278442383,0.5022573787580413,0.6644084785765767
912000000005,0.0,0.3,0.3,21.307641983032227,27.7649040222168,0.4883125107229938,0.6599574829837882
912000000005,0.0,0.4,0.3,21.10102272033692,28.38689041137696,0.5393949517109101,0.6679592021190612
912000000005,0.0,0.5,0.3,20.92902565002441,28.279335021972656,0.5191959742221343,0.6621771740398419
912000000005,0.0,0.6,0.3,20.805482864379883,28.113615036010746,0.4958140331045602,0.6562637153884117
912000000005,0.0,0.7,0.3,20.268186569213867,28.564897537231445,0.511681337703596,0.6538669852449999
912000000005,0.0,0.8,0.3,18.12640953063965,32.74976348876953,0.8142522832932522,0.6917902402988358
912000000005,0.0,0.9,0.3,14.293917655944824,29.15971565246582,0.2444633918044834,0.5392050613670644
912000000005,0.0,1.0,0.3,12.382940292358398,28.809234619140625,0.1047502546391773,0.4917683500350051
912000000006,0.0,0.0,0.3,17.500926971435547,27.66190719604492,0.5966185909899347,0.5773053898087075
912000000006,0.0,0.1,0.3,17.488740921020508,27.54429054260254,0.5733131274192936,0.5747069629032626
912000000006,0.0,0.2,0.3,17.444244384765625,27.417156219482425,0.5458207849637451,0.5712350124665149
912000000006,0.0,0.3,0.3,17.345975875854492,27.5754623413086,0.5687655056464772,0.5723043589389492
912000000006,0.0,0.4,0.3,17.117341995239258,27.63568687438965,0.5634458909651109,0.5686616933850093
912000000006,0.0,0.5,0.3,16.74637794494629,27.154821395874023,0.4445735685242554,0.5512384461942119
912000000006,0.0,0.6,0.3,16.76249885559082,28.00607681274414,0.6079533783878514,0.568518543553205
912000000006,0.0,0.7,0.3,14.763888359069824,29.342443466186523,0.715769959482669,0.5527921451269583
912000000006,0.0,0.8,0.3,13.118440628051758,29.16129875183105,0.5603865796302807,0.5143472527063834
912000000006,0.0,0.9,0.3,10.694165229797363,29.77898406982422,0.5,0.475307189493418
912000000006,0.0,1.0,0.3,10.909637451171877,27.906036376953125,0.1589620319064804,0.4426005932574
912000000007,0.0,0.0,0.3,23.489103317260746,20.795923233032227,0.5260391403133492,0.5674746205516892
912000000007,0.0,0.1,0.3,23.55426406860352,21.932674407958984,0.5883493111477462,0.5914740317692522
912000000007,0.0,0.2,0.3,23.14385986328125,20.377058029174805,0.4893160272679732,0.5518296921536301
912000000007,0.0,0.3,0.3,22.039352416992188,20.312231063842773,0.438598876302906,0.5271531142731477
912000000007,0.0,0.4,0.3,19.55838966369629,20.245275497436523,0.328795672977915,0.473289397283314
912000000007,0.0,0.5,0.3,17.508466720581055,20.94527816772461,0.2776171047676402,0.4438137930799519
912000000007,0.0,0.6,0.3,14.726763725280762,27.49986267089844,0.5016210784525851,0.5153413722831673
912000000007,0.0,0.7,0.3,13.945075035095217,26.548463821411133,0.4183158026259356,0.47985858936928827
912000000007,0.0,0.8,0.3,13.787059783935549,27.47601890563965,0.4601107885586651,0.4949698167355215
912000000007,0.0,0.9,0.3,12.803882598876951,29.32978820800781,0.5150464736795899,0.5110395628185286
912000000007,0.0,1.0,0.3,11.88436508178711,29.794862747192383,0.5,0.5008242004208149
912000000008,0.0,0.0,0.3,18.29690742492676,17.7955322265625,0.4988383240817066,0.3978326684458109
912000000008,0.0,0.1,0.3,18.316688537597656,18.114578247070312,0.5113499870196296,0.4046000658751782
912000000008,0.0,0.2,0.3,18.24934768676757,21.04976272583008,0.611813789534162,0.4615801472438773
912000000008,0.0,0.3,0.3,17.744707107543945,19.50033950805664,0.5270576382620077,0.420063700912699
912000000008,0.0,0.4,0.3,16.965539932250977,24.967100143432617,0.675778582948303,0.5123464359274562
912000000008,0.0,0.5,0.3,15.951558113098145,28.85672378540039,0.7546034036409,0.5682744995422192
912000000008,0.0,0.6,0.3,14.03510284423828,31.382156372070312,0.731898323390729,0.5779483382243042
912000000008,0.0,0.7,0.3,12.75798511505127,28.85739517211914,0.567079858005797,0.5006677979926588
912000000008,0.0,0.8,0.3,11.317779541015623,30.48615837097168,0.540444462973289,0.5025832211654919
912000000008,0.0,0.9,0.3,10.23129653930664,30.12338829040528,0.4637336365714341,0.4723596504034962
912000000008,0.0,1.0,0.3,9.802647590637209,31.85043907165528,0.5,0.4976493478715532
912000000009,0.0,0.0,0.3,17.170291900634766,24.188873291015625,0.5667606231857986,0.5011962189423163
912000000009,0.0,0.1,0.3,17.190305709838867,23.822376251220703,0.5,0.4943272241188126
912000000009,0.0,0.2,0.3,17.129865646362305,26.502975463867188,0.9951669063029868,0.5463875413011918
912000000009,0.0,0.3,0.3,16.908292770385742,25.61807632446289,0.8123925979040973,0.5240877844567007
912000000009,0.0,0.4,0.3,16.45383071899414,24.689165115356445,0.6027859195720983,0.49598110308250515
912000000009,0.0,0.5,0.3,15.825531959533691,25.51583671569824,0.7067392676189315,0.49912720767660057
912000000009,0.0,0.6,0.3,13.926467895507812,24.36491775512696,0.3402047953715284,0.436015184452902
912000000009,0.0,0.7,0.3,13.221718788146973,26.354875564575195,0.6550272810003996,0.46069026478063896
912000000009,0.0,0.8,0.3,12.57992458343506,25.71937370300293,0.4851688879490082,0.4344554740615717
912000000009,0.0,0.9,0.3,11.881606101989746,24.55613136291504,0.212353492071401,0.3965225746021483
912000000009,0.0,1.0,0.3,10.937575340270996,24.67131233215332,0.1583481926219185,0.37882579578577835
913000000000,0.0,0.0,0.3,17.669912338256836,24.58742332458496,0.5907972228182372,0.5197056513796026
913000000000,0.0,0.1,0.3,17.669761657714844,24.54499053955078,0.5872208032533224,0.5188581096062034
913000000000,0.0,0.2,0.3,17.6583251953125,24.21534919738769,0.5584729962970334,0.5120565684565536
913000000000,0.0,0.3,0.3,17.364953994750977,25.98526382446289,0.679504529331243,0.5410635380651364
913000000000,0.0,0.4,0.3,17.135154724121094,24.818477630615234,0.5599684681149695,0.5129804509204932
913000000000,0.0,0.5,0.3,16.40576171875,23.5058708190918,0.3812673836471272,0.4714174480396985
913000000000,0.0,0.6,0.3,15.958399772644045,26.13484573364257,0.5599544865608628,0.5142579112896262
913000000000,0.0,0.7,0.3,12.869213104248049,29.46173858642578,0.5491046940281049,0.5150484800167303
913000000000,0.0,0.8,0.3,14.191843032836914,27.23301315307617,0.4862265190790706,0.49870515001205107
913000000000,0.0,0.9,0.3,13.06911563873291,26.38121032714844,0.3092672255323268,0.4579831007591779
913000000000,0.0,1.0,0.3,12.346393585205078,24.934404373168945,0.1199265673687545,0.41389097763715466
913000000001,0.0,0.0,0.3,25.971200942993164,29.58778953552246,0.5815412097662194,0.7949755218303061
913000000001,0.0,0.1,0.3,25.97774314880371,30.17262840270996,0.6449380578467447,0.8067514961083643
913000000001,0.0,0.2,0.3,26.064197540283203,29.629194259643555,0.5921030219533189,0.7977685071152314
913000000001,0.0,0.3,0.3,26.08806800842285,28.75919342041016,0.5,0.7809621721266249
913000000001,0.0,0.4,0.3,25.874685287475582,28.96220970153809,0.507852440907443,0.7804837815901933
913000000001,0.0,0.5,0.3,25.51060104370117,29.99212646484375,0.5948427729343009,0.7932685962271544
913000000001,0.0,0.6,0.3,24.79240226745605,30.166912078857425,0.5665216503863952,0.7815395842263759
913000000001,0.0,0.7,0.3,22.01215934753418,33.15127944946289,0.7053536490816906,0.7820559010056788
913000000001,0.0,0.8,0.3,18.47028923034668,31.007469177246094,0.2420635605158899,0.6644023318061509
913000000001,0.0,0.9,0.3,18.532285690307617,30.8603458404541,0.2302925286914676,0.6627874897038912
913000000001,0.0,1.0,0.3,18.922765731811523,33.40317153930664,0.52969871629556,0.7216540024689446
913000000002,0.0,0.0,0.3,20.299983978271484,28.552425384521484,0.5547270000415019,0.6542920792060467
913000000002,0.0,0.1,0.3,20.28657341003418,28.509668350219727,0.5458372848202468,0.6531573231905636
913000000002,0.0,0.2,0.3,20.217958450317383,28.26066398620605,0.494681193154131,0.6467496559401883
913000000002,0.0,0.3,0.3,19.746984481811523,29.830795288085938,0.758658284161053,0.6680207005142682
913000000002,0.0,0.4,0.3,19.450380325317383,29.70996284484864,0.7167604027002996,0.6593360732452314
913000000002,0.0,0.5,0.3,19.38412475585937,30.77613639831543,0.9124511493556458,0.6791485091826565
913000000002,0.0,0.6,0.3,18.4187126159668,30.11191177368164,0.7252590238384862,0.6454899569166215
913000000002,0.0,0.7,0.3,16.405391693115234,30.92627143859864,0.7474617399628469,0.6190648958535845
913000000002,0.0,0.8,0.3,14.636513710021973,29.43261337280273,0.3525896609824565,0.551889391616827
913000000002,0.0,0.9,0.3,14.204169273376465,30.62752723693848,0.5486903933737255,0.5665120835129236
913000000002,0.0,1.0,0.3,12.589088439941406,29.433393478393555,0.2199741546968759,0.5085531508785113
913000000003,0.0,0.0,0.3,18.626605987548828,26.285011291503903,0.5127391698116034,0.5737420419804664
913000000003,0.0,0.1,0.3,18.559202194213867,26.103487014770508,0.4938132522695888,0.5687027762457623
913000000003,0.0,0.2,0.3,18.380311965942383,27.318906784057617,0.5626903662942804,0.5891000936592388
913000000003,0.0,0.3,0.3,17.735088348388672,27.11174392700196,0.4889291931029454,0.571316018388457
913000000003,0.0,0.4,0.3,16.685441970825195,29.816898345947266,0.5824306881786566,0.602919696723639
913000000003,0.0,0.5,0.3,15.460535049438477,29.38336181640625,0.4395758541014804,0.5683570158212887
913000000003,0.0,0.6,0.3,13.66569995880127,32.28751373291016,0.4786446227819446,0.5881419843595125
913000000003,0.0,0.7,0.3,13.4717435836792,33.2281379699707,0.5268540285375753,0.6027522590356132
913000000003,0.0,0.8,0.3,13.193618774414062,32.92501449584961,0.4800531043732902,0.5908315807733744
913000000003,0.0,0.9,0.3,13.17917251586914,32.49872589111328,0.4488106797481052,0.5820431695188093
913000000003,0.0,1.0,0.3,13.943514823913574,27.613433837890625,0.1761225573915776,0.5010169229323581
913000000004,0.0,0.0,0.3,22.422590255737305,25.31163024902344,0.5065651732801043,0.6347485556106828
913000000004,0.0,0.1,0.3,22.44207572937012,25.1835994720459,0.5,0.6326135090186737
913000000004,0.0,0.2,0.3,22.2952938079834,26.32373809814453,0.5600770484311371,0.6521926948509107
913000000004,0.0,0.3,0.3,21.42732810974121,25.99737930297852,0.4879913627707687,0.6273204968847399
913000000004,0.0,0.4,0.3,20.96267890930176,25.60602378845215,0.4363036418264722,0.6096946988322822
913000000004,0.0,0.5,0.3,19.911869049072266,29.585742950439453,0.6135268312975695,0.6666357440999475
913000000004,0.0,0.6,0.3,18.48877716064453,29.933012008666992,0.5486829636048741,0.6434136416440275
913000000004,0.0,0.7,0.3,16.359331130981445,29.73875999450684,0.4084932905524157,0.5944598519017219
913000000004,0.0,0.8,0.3,14.884812355041504,33.45377349853516,0.5441552511310458,0.6371621100250763
913000000004,0.0,0.9,0.3,15.495424270629885,32.402339935302734,0.5174188025777112,0.6291690685436473
913000000004,0.0,1.0,0.3,14.152780532836914,29.99520874023437,0.2909013312644297,0.5528417616559409
913000000005,0.0,0.0,0.3,20.8493881225586,28.156116485595703,0.5734838423338996,0.658039073961086
913000000005,0.0,0.1,0.3,20.869930267333984,29.31322479248047,0.7541181691766028,0.6814988175331653
913000000005,0.0,0.2,0.3,20.40739631652832,29.39989280700684,0.7417943317328453,0.6734297869415057
913000000005,0.0,0.3,0.3,19.988624572753903,30.125791549682617,0.8310655587034919,0.6790071389950492
913000000005,0.0,0.4,0.3,19.194236755371094,30.84192657470703,0.897896704913939,0.6764369892503128
913000000005,0.0,0.5,0.3,18.34815788269043,30.735206604003903,0.8342073883109611,0.6563987146499191
913000000005,0.0,0.6,0.3,16.885311126708984,30.85138511657715,0.770733861404266,0.6277364818087052
913000000005,0.0,0.7,0.3,14.81040382385254,29.35428047180176,0.4229110077419306,0.5540125934196853
913000000005,0.0,0.8,0.3,13.431310653686523,29.398223876953125,0.352898320604313,0.5256863672891346
913000000005,0.0,0.9,0.3,12.434179306030272,30.898338317871094,0.530045044987608,0.5344234285132775
913000000005,0.0,1.0,0.3,11.894866943359377,27.67501449584961,0.0,0.4588646382942267
913000000006,0.0,0.0,0.3,18.599594116210938,28.70221710205078,0.7069090773878122,0.6212690115999762
913000000006,0.0,0.1,0.3,18.61306571960449,29.33615493774414,0.7681033280763593,0.6341687062668977
913000000006,0.0,0.2,0.3,18.498680114746094,29.518091201782227,0.7754358873402335,0.6353669984366435
913000000006,0.0,0.3,0.3,18.20755958557129,30.41470718383789,0.8351537896121024,0.6470442383197113
913000000006,0.0,0.4,0.3,17.76552963256836,30.1732234954834,0.7740477840528923,0.6328796090227651
913000000006,0.0,0.5,0.3,17.231739044189453,31.785112380981445,0.8805032370138294,0.653651503100396
913000000006,0.0,0.6,0.3,16.25816535949707,30.86025619506836,0.7087041720595024,0.6146339473455025
913000000006,0.0,0.7,0.3,15.389566421508787,29.92122268676757,0.5446438560898876,0.5775569971049658
913000000006,0.0,0.8,0.3,14.59739875793457,26.50483512878418,0.1526099063381319,0.4928026102626848
913000000006,0.0,0.9,0.3,12.83329963684082,29.20161819458008,0.2553637751382939,0.5091120345326484
913000000006,0.0,1.0,0.3,13.03857707977295,27.659820556640625,0.1271261601145692,0.4827789851895863
913000000007,0.0,0.0,0.3,23.161296844482425,29.66707420349121,0.902952435293244,0.73705683809985
913000000007,0.0,0.1,0.3,23.158842086791992,29.40079498291016,0.8705629557433667,0.731706288669288
913000000007,0.0,0.2,0.3,23.132156372070312,29.43624496459961,0.8727633845067391,0.7318466543734662
913000000007,0.0,0.3,0.3,23.06141471862793,29.67629814147949,0.896259822047281,0.7351254974834776
913000000007,0.0,0.4,0.3,22.90188789367676,30.46967315673828,0.9797215997280408,0.7475347290199366
913000000007,0.0,0.5,0.3,23.10358619689941,29.809839248657227,0.9157037732697896,0.7386757033915214
913000000007,0.0,0.6,0.3,22.45750617980957,29.0456600189209,0.772796714634594,0.7097896715014893
913000000007,0.0,0.7,0.3,20.83165740966797,26.334592819213867,0.317888469916757,0.6214179505607251
913000000007,0.0,0.8,0.3,21.771484375,30.21475601196289,0.860532478994924,0.718527312270524
913000000007,0.0,0.9,0.3,19.14159202575684,28.42120742797852,0.4380798530742641,0.6271534767331377
913000000007,0.0,1.0,0.3,16.765108108520508,27.147220611572266,0.098260218185374,0.5514837901870053
913000000008,0.0,0.0,0.3,20.226099014282227,28.72805976867676,0.4926740643444528,0.6562225253268239
913000000008,0.0,0.1,0.3,20.226959228515625,28.79181480407715,0.5020633039279978,0.657509372687336
913000000008,0.0,0.2,0.3,20.307512283325195,29.587953567504883,0.6255930283544856,0.6750570010788436
913000000008,0.0,0.3,0.3,20.042400360107425,29.74837684631348,0.6251679068415706,0.6726357676109821
913000000008,0.0,0.4,0.3,19.8364372253418,30.679563522338867,0.7426402209776486,0.6868040197462097
913000000008,0.0,0.5,0.3,19.15243148803711,31.607994079589844,0.8166935419899355,0.6907954528411909
913000000008,0.0,0.6,0.3,18.900522232055664,30.541223526000977,0.6382168921966276,0.6642343805517543
913000000008,0.0,0.7,0.3,18.327207565307617,31.31835556030273,0.7001325745271403,0.667558941075283
913000000008,0.0,0.8,0.3,17.66577911376953,31.98002243041992,0.7372549473653647,0.6667202079192103
913000000008,0.0,0.9,0.3,16.912321090698242,32.15139389038086,0.6944852785319569,0.6541766870937388
913000000008,0.0,1.0,0.3,14.751002311706545,29.84708595275879,0.1634409824310384,0.562560957102719
913000000009,0.0,0.0,0.3,18.594879150390625,27.83033561706543,0.5353389966624345,0.6038199923407284
913000000009,0.0,0.1,0.3,18.566726684570312,27.34269523620605,0.4976844883150589,0.5935205566951183
913000000009,0.0,0.2,0.3,18.45478248596192,28.85684967041016,0.598207026747397,0.6212797651231062
913000000009,0.0,0.3,0.3,18.261817932128903,28.53350067138672,0.5589029865441992,0.6107597938744246
913000000009,0.0,0.4,0.3,17.758010864257812,29.7098331451416,0.6027134540336838,0.6234996077393062
913000000009,0.0,0.5,0.3,16.98540496826172,33.03705978393555,0.7802894604828217,0.6733476255733086
913000000009,0.0,0.6,0.3,15.156691551208496,34.24216079711914,0.7172125663258399,0.658606595999913
913000000009,0.0,0.7,0.3,13.972402572631836,33.29752731323242,0.5513489980998949,0.614733857990847
913000000009,0.0,0.8,0.3,12.515776634216309,31.292987823486328,0.286275259467886,0.5440041102817706
913000000009,0.0,0.9,0.3,12.701164245605469,30.12576675415039,0.2169354133299381,0.5247034518239384
913000000009,0.0,1.0,0.3,12.56128978729248,31.04051971435547,0.2717224623768104,0.5399440448002548
914000000000,0.0,0.0,0.3,22.11495590209961,30.050968170166016,0.7049313210989654,0.7225407660001517
914000000000,0.0,0.1,0.3,22.142860412597656,31.25229835510254,0.8834737725556021,0.7470363504656814
914000000000,0.0,0.2,0.3,22.02203750610352,31.04850006103516,0.8434587513764901,0.7404227785023093
914000000000,0.0,0.3,0.3,21.45571517944336,30.72602844238281,0.7487117229321505,0.7220148647752997
914000000000,0.0,0.4,0.3,20.563833236694336,29.564088821411133,0.5035595069031271,0.6800094144277589
914000000000,0.0,0.5,0.3,19.308900833129883,30.668073654174805,0.5603428615457335,0.6754054402998559
914000000000,0.0,0.6,0.3,19.334457397460938,29.67131805419922,0.4162854597268518,0.6561125692283631
914000000000,0.0,0.7,0.3,17.75716781616211,28.63784408569336,0.1325497880506121,0.6021507192124651
914000000000,0.0,0.8,0.3,16.943784713745117,32.0467529296875,0.5644014199634174,0.6527606870355991
914000000000,0.0,0.9,0.3,16.53134536743164,30.05284118652344,0.2373896556819424,0.6043518094086477
914000000000,0.0,1.0,0.3,16.17512321472168,30.252439498901367,0.2368199748216533,0.6007809533182145
914000000001,0.0,0.0,0.3,20.74631118774414,23.306400299072266,0.6174864958394852,0.5593541783188731
914000000001,0.0,0.1,0.3,20.71120834350586,23.69368362426757,0.6755051983879133,0.5663172981373443
914000000001,0.0,0.2,0.3,20.50745010375977,22.77854347229004,0.5158179571673092,0.5437929921694257
914000000001,0.0,0.3,0.3,20.01108360290528,22.557846069335938,0.4420686373728836,0.5288914690620459
914000000001,0.0,0.4,0.3,19.1571102142334,23.462194442749023,0.5167194196474816,0.5288048411203805
914000000001,0.0,0.5,0.3,18.73908233642578,23.380765914916992,0.4710011154621717,0.5183332939746373
914000000001,0.0,0.6,0.3,18.02699279785156,25.07320976257324,0.6805240052108144,0.536932850266354
914000000001,0.0,0.7,0.3,17.384124755859375,23.570072174072266,0.3939507295368423,0.4934106212676632
914000000001,0.0,0.8,0.3,16.12073516845703,25.743549346923828,0.6355333678192394,0.5099089333401413
914000000001,0.0,0.9,0.3,15.49990177154541,24.692731857299805,0.421688474264781,0.47585377977274923
914000000001,0.0,1.0,0.3,14.400632858276367,23.40911865234375,0.1336082661867316,0.4270360311068475
914000000002,0.0,0.0,0.3,18.369802474975582,25.72023200988769,0.6835374652228698,0.5570662428580211
914000000002,0.0,0.1,0.3,18.36958694458008,25.887954711914062,0.7443182240594739,0.5603991194141894
914000000002,0.0,0.2,0.3,18.31574058532715,25.979877471923828,0.765857810682898,0.561088118123912
914000000002,0.0,0.3,0.3,18.11532020568848,25.910858154296875,0.6969133637079943,0.5554710730232648
914000000002,0.0,0.4,0.3,17.90318489074707,25.82594108581543,0.6196364731449415,0.5492896359396262
914000000002,0.0,0.5,0.3,17.633909225463867,25.63922500610352,0.4929203738345389,0.5398726670961014
914000000002,0.0,0.6,0.3,16.781362533569336,26.592823028564453,0.6519640128783347,0.5407962448081454
914000000002,0.0,0.7,0.3,17.034421920776367,26.058494567871094,0.513625853684606,0.5355221058648969
914000000002,0.0,0.8,0.3,16.087797164916992,25.775087356567383,0.2034318506620624,0.5098390717520379
914000000002,0.0,0.9,0.3,16.99038314819336,25.21415901184082,0.197761586990609,0.5177885766720032
914000000002,0.0,1.0,0.3,16.637245178222656,26.099824905395508,0.4415915011748503,0.5279347809672218
914000000003,0.0,0.0,0.3,20.44523048400879,26.295181274414062,0.8038893928004284,0.6124515929430434
914000000003,0.0,0.1,0.3,20.467060089111328,26.447528839111328,0.8364958930035369,0.6159453056035153
914000000003,0.0,0.2,0.3,20.54503059387207,26.426433563232425,0.8410216942759772,0.6171764715160653
914000000003,0.0,0.3,0.3,20.558279037475582,26.94945335388184,0.9460755540547592,0.6278643317329975
914000000003,0.0,0.4,0.3,20.223363876342773,26.6087589263916,0.8412224508780249,0.613993578332847
914000000003,0.0,0.5,0.3,19.85856437683105,24.696918487548828,0.4218952659229742,0.56822651779967
914000000003,0.0,0.6,0.3,18.907583236694336,26.79640388488769,0.7315099945950918,0.5898673726664325
914000000003,0.0,0.7,0.3,17.66657066345215,27.22175407409668,0.6772168338257125,0.5720542823969601
914000000003,0.0,0.8,0.3,16.078943252563477,25.66837310791016,0.192379778219456,0.5075281410055295
914000000003,0.0,0.9,0.3,17.270671844482422,26.415861129760746,0.4734319927775717,0.5476354931741114
914000000003,0.0,1.0,0.3,17.20477294921875,26.856475830078125,0.5533322320824277,0.5550077612467046
914000000004,0.0,0.0,0.3,18.135936737060547,29.66009330749512,0.5408318828726557,0.6305119817221826
914000000004,0.0,0.1,0.3,18.08598899841309,29.583803176879883,0.5249397850850678,0.6279363348272355
914000000004,0.0,0.2,0.3,17.92013931274414,29.686187744140625,0.5180566061858147,0.6264619729152685
914000000004,0.0,0.3,0.3,17.488143920898438,29.343568801879883,0.4215270467478191,0.6104973675034562
914000000004,0.0,0.4,0.3,16.543319702148438,31.68646049499512,0.6093066849479336,0.6371120224039564
914000000004,0.0,0.5,0.3,15.829771995544434,31.192546844482425,0.4591530453418827,0.6121753391495324
914000000004,0.0,0.6,0.3,15.07545566558838,31.594013214111328,0.4195653863684394,0.6041922019423993
914000000004,0.0,0.7,0.3,14.192437171936035,31.85993385314941,0.3469013859376224,0.590786786682213
914000000004,0.0,0.8,0.3,14.421178817749023,33.21951675415039,0.5499980591443414,0.6226838566290205
914000000004,0.0,0.9,0.3,14.008445739746094,31.72093963623047,0.306682502400211,0.5841252050614861
914000000004,0.0,1.0,0.3,14.27589511871338,31.680673599243164,0.33388669720275,0.5889868873554306
914000000005,0.0,0.0,0.3,19.197444915771484,23.269487380981445,0.5,0.5258242869177024
914000000005,0.0,0.1,0.3,19.159160614013672,23.74233627319336,0.5248430188548568,0.5344226747254002
914000000005,0.0,0.2,0.3,19.0562801361084,26.2685775756836,0.6671903608695958,0.5825128672095332
914000000005,0.0,0.3,0.3,18.514148712158203,26.18075561523437,0.6105946153078077,0.5692863568735229
914000000005,0.0,0.4,0.3,17.602046966552734,30.669086456298828,0.7944764581540598,0.6392850190959375
914000000005,0.0,0.5,0.3,16.587087631225586,30.28176689147949,0.6751007793018231,0.61008737643925
914000000005,0.0,0.6,0.3,15.949861526489258,27.12622833251953,0.4248230405425279,0.5338042097661878
914000000005,0.0,0.7,0.3,14.881023406982422,28.53564643859864,0.408514935052272,0.5392182400679806
914000000005,0.0,0.8,0.3,14.246386528015137,31.57489013671875,0.5314191438325502,0.5862571399792722
914000000005,0.0,0.9,0.3,14.037880897521973,29.46937370300293,0.3849298068823456,0.539945540554613
914000000005,0.0,1.0,0.3,13.914409637451172,26.72010040283203,0.2077330337452287,0.4826246072288197
914000000006,0.0,0.0,0.3,18.38104248046875,24.405611038208008,0.5747599716561055,0.5311451729122177
914000000006,0.0,0.1,0.3,18.380447387695312,23.535478591918945,0.4999171783953473,0.5138181903522676
914000000006,0.0,0.2,0.3,18.34702110290528,24.234432220458984,0.5553177428236404,0.5270185993485529
914000000006,0.0,0.3,0.3,18.083038330078125,25.529584884643555,0.6298549576791806,0.5472007543825987
914000000006,0.0,0.4,0.3,17.895280838012695,26.56741142272949,0.6928918446058419,0.5638764687029902
914000000006,0.0,0.5,0.3,17.59123420715332,26.132774353027344,0.613233261664936,0.5487899959981024
914000000006,0.0,0.6,0.3,16.83721923828125,25.44921112060547,0.4495634433642343,0.5192227137380557
914000000006,0.0,0.7,0.3,16.415390014648438,25.12874984741211,0.3633223007743064,0.5039142703863246
914000000006,0.0,0.8,0.3,15.433247566223145,27.28658866882324,0.4120303661997295,0.5260564711641136
914000000006,0.0,0.9,0.3,14.788424491882324,29.3549861907959,0.5,0.5535612503333929
914000000006,0.0,1.0,0.3,15.49319839477539,28.061038970947266,0.486913139890095,0.5427363030965445
914000000007,0.0,0.0,0.3,20.73702812194824,27.033706665039062,0.5,0.6333256477897664
914000000007,0.0,0.1,0.3,20.71300506591797,27.379369735717773,0.5981107437874825,0.6396951856689106
914000000007,0.0,0.2,0.3,20.54537582397461,27.43353843688965,0.5939485345211124,0.6372237175200858
914000000007,0.0,0.3,0.3,20.183818817138672,28.255016326904297,0.7908109024242689,0.6459144100488499
914000000007,0.0,0.4,0.3,19.91461181640625,28.60446548461914,0.8607950687759598,0.647167810931323
914000000007,0.0,0.5,0.3,19.3692684173584,28.719770431518555,0.8294581938137708,0.6379152237278902
914000000007,0.0,0.6,0.3,18.83131217956543,27.38290405273437,0.374794425481214,0.599922933350499
914000000007,0.0,0.7,0.3,18.37566947937012,28.328519821166992,0.5967023321817144,0.6090916396104873
914000000007,0.0,0.8,0.3,17.425769805908203,28.74533462524414,0.6052083167515276,0.5972726724439616
914000000007,0.0,0.9,0.3,16.80400276184082,28.63690185546875,0.4994015107322639,0.5819498483688629
914000000007,0.0,1.0,0.3,16.543350219726562,28.138824462890625,0.3228265205831158,0.566519822185093
914000000008,0.0,0.0,0.3,22.852201461791992,20.413206100463867,0.5272901303218387,0.5463734713854158
914000000008,0.0,0.1,0.3,22.856313705444336,20.156129837036133,0.5,0.5413450958872896
914000000008,0.0,0.2,0.3,22.804662704467773,21.942975997924805,0.6876678741438494,0.5758071126717532
914000000008,0.0,0.3,0.3,22.763635635375977,21.02956771850586,0.5858415311150807,0.5567629049815385
914000000008,0.0,0.4,0.3,22.52012062072754,22.100940704345703,0.679788580615001,0.5729255469121222
914000000008,0.0,0.5,0.3,22.12596893310547,21.241586685180664,0.5529128558769358,0.5474799527166819
914000000008,0.0,0.6,0.3,21.964710235595703,23.38699531555176,0.7695657794775088,0.5867560351685774
914000000008,0.0,0.7,0.3,21.869091033935547,24.36781883239746,0.8666999934852355,0.6042483887909071
914000000008,0.0,0.8,0.3,20.048967361450195,22.76371955871582,0.5350939651859961,0.533790197875342
914000000008,0.0,0.9,0.3,18.823637008666992,24.742372512817383,0.6408117104940483,0.5472176471001959
914000000008,0.0,1.0,0.3,17.135496139526367,24.80496406555176,0.5,0.5127187795030064
914000000009,0.0,0.0,0.3,22.75431632995605,29.765748977661133,0.5874705210088188,0.7304030018206169
914000000009,0.0,0.1,0.3,22.74567222595215,29.99161529541016,0.6168996154148736,0.7347143876763482
914000000009,0.0,0.2,0.3,22.742446899414062,30.13907051086425,0.6364102395735938,0.7375802416389813
914000000009,0.0,0.3,0.3,22.657882690429688,30.532127380371094,0.6790535796206307,0.7436109618558724
914000000009,0.0,0.4,0.3,22.66607093811035,30.2121639251709,0.636864064633733,0.7374175263106368
914000000009,0.0,0.5,0.3,22.25104522705078,30.368247985839844,0.6067781993660046,0.7317357047850175
914000000009,0.0,0.6,0.3,20.867393493652344,32.82125473022461,0.7674042805713448,0.751249846576038
914000000009,0.0,0.7,0.3,20.31182289123535,31.25679397583008,0.4876999027477156,0.7083557930392701
914000000009,0.0,0.8,0.3,20.486852645874023,31.8359432220459,0.5874673429614392,0.7235860729385795
914000000009,0.0,0.9,0.3,18.698087692260746,29.117876052856445,0.0,0.6316255087568955
914000000009,0.0,1.0,0.3,19.9403018951416,30.17259788513184,0.2955242268684805,0.6789153431545333
921000000000,0.0,0.0,0.3,17.988510131835938,22.41447639465332,0.4971246701360599,0.4832130622622991
921000000000,0.0,0.1,0.3,18.030311584472656,22.441036224365234,0.5027249913309073,0.4846266600165928
921000000000,0.0,0.2,0.3,18.01806831359864,23.68124389648437,0.6291259362578749,0.5090457695634355
921000000000,0.0,0.3,0.3,17.822256088256836,22.97347450256348,0.5430410308738186,0.4908160902301034
921000000000,0.0,0.4,0.3,17.088010787963867,25.39861869812012,0.7413511551823424,0.5235262063678774
921000000000,0.0,0.5,0.3,16.362199783325195,25.91777992248535,0.7446909700753138,0.5184885931467462
921000000000,0.0,0.6,0.3,15.45352268218994,25.617462158203125,0.6513751783966157,0.49327255926670555
921000000000,0.0,0.7,0.3,14.355297088623049,25.67991065979004,0.5822403910647689,0.4712615904917692
921000000000,0.0,0.8,0.3,12.76803970336914,27.238130569458008,0.6329308421543767,0.4686596588725877
921000000000,0.0,0.9,0.3,11.571539878845217,27.28785514831543,0.5557307701491537,0.4443146639081491
921000000000,0.0,1.0,0.3,10.761327743530272,25.92984199523925,0.3606702637204533,0.4001368925219647
921000000001,0.0,0.0,0.3,21.03747940063477,26.152061462402344,0.5249027303035408,0.6221438722314208
921000000001,0.0,0.1,0.3,21.029277801513672,26.12861442565918,0.520262180876175,0.6215036509959775
921000000001,0.0,0.2,0.3,21.037721633911133,26.720186233520508,0.605469066819217,0.6334538657463498
921000000001,0.0,0.3,0.3,20.80817604064941,27.849578857421875,0.7286889427198024,0.6510668005624928
921000000001,0.0,0.4,0.3,20.528854370117188,29.074108123779297,0.8574001093036325,0.6695188690370082
921000000001,0.0,0.5,0.3,20.218786239624023,29.50362014770508,0.8684859084824779,0.671500220419886
921000000001,0.0,0.6,0.3,20.191390991210938,28.0283145904541,0.6549729382074488,0.6415637037394216
921000000001,0.0,0.7,0.3,18.90111351013184,28.44560813903809,0.5069135363053683,0.6225471728499898
921000000001,0.0,0.8,0.3,17.924232482910156,28.376192092895508,0.3401955080408205,0.600481614554176
921000000001,0.0,0.9,0.3,17.971975326538086,25.9760971069336,0.007667096513341,0.5537340790596359
921000000001,0.0,1.0,0.3,19.38901329040528,28.113037109375,0.5381266553004586,0.6262601785656333
921000000002,0.0,0.0,0.3,19.57721710205078,30.65345001220703,0.5,0.6807957246653054
921000000002,0.0,0.1,0.3,19.56382942199707,30.77239990234375,0.526409262287248,0.6828791881243967
921000000002,0.0,0.2,0.3,19.554798126220703,31.08755874633789,0.5990401846842579,0.6889591683001797
921000000002,0.0,0.3,0.3,19.426868438720703,31.165361404418945,0.6043272733777191,0.6877985720895758
921000000002,0.0,0.4,0.3,19.13617515563965,31.022125244140625,0.5416659820845924,0.678793298749869
921000000002,0.0,0.5,0.3,18.97275352478028,32.12434768676758,0.78242179944016,0.697265681348761
921000000002,0.0,0.6,0.3,18.1602783203125,31.411848068237305,0.5344464650938248,0.6658847816241635
921000000002,0.0,0.7,0.3,17.016998291015625,32.56129837036133,0.6876663730291639,0.6645496093659238
921000000002,0.0,0.8,0.3,16.037738800048828,32.796241760253906,0.6439923300422347,0.6484900042889994
921000000002,0.0,0.9,0.3,15.310108184814451,32.31062316894531,0.4574913528636442,0.6234201921374212
921000000002,0.0,1.0,0.3,14.606146812438965,32.319122314453125,0.3886687317524745,0.6086837788382515
921000000003,0.0,0.0,0.3,21.12331771850586,25.56833267211914,0.5,0.6123460331897426
921000000003,0.0,0.1,0.3,21.10602760314941,25.93039894104004,0.5161155542296758,0.6191845329919212
921000000003,0.0,0.2,0.3,21.089120864868164,25.91674423217773,0.5140499897977678,0.618554844139399
921000000003,0.0,0.3,0.3,21.00539779663086,26.11619758605957,0.516767439738371,0.6207509434384135
921000000003,0.0,0.4,0.3,20.868328094482425,25.91254425048828,0.4955154029296535,0.6137962496135942
921000000003,0.0,0.5,0.3,20.57613182067871,25.879779815673828,0.4696679932314861,0.6069573804494481
921000000003,0.0,0.6,0.3,20.17735481262207,26.89531707763672,0.4857879472669886,0.6187214862325539
921000000003,0.0,0.7,0.3,18.679691314697266,28.717533111572266,0.4497779530011039,0.6232697398164627
921000000003,0.0,0.8,0.3,16.697744369506836,30.86369705200196,0.3892643054427023,0.6240099714510672
921000000003,0.0,0.9,0.3,15.10092830657959,30.587810516357425,0.2433174995783913,0.5847095702587757
921000000003,0.0,1.0,0.3,15.113319396972656,35.882999420166016,0.5010287520073451,0.690338567723433
921000000004,0.0,0.0,0.3,20.56552505493164,18.04184913635254,0.5057179671344345,0.4507692655953476
921000000004,0.0,0.1,0.3,20.60834312438965,18.61864280700684,0.5423250718056081,0.4631532497660787
921000000004,0.0,0.2,0.3,20.63451766967773,18.58768081665039,0.5438083931287423,0.46309136522713557
921000000004,0.0,0.3,0.3,20.40955352783203,17.78350257873535,0.4727545348663695,0.4423260320679334
921000000004,0.0,0.4,0.3,20.049131393432617,18.460681915283203,0.4659937216070599,0.4481694208128044
921000000004,0.0,0.5,0.3,19.64803123474121,18.61960220336914,0.4260737156795999,0.44283889292331324
921000000004,0.0,0.6,0.3,19.209726333618164,19.32048797607422,0.4111719317022897,0.447504931830837
921000000004,0.0,0.7,0.3,18.933074951171875,23.176700592041016,0.5877375514312283,0.5183802479504923
921000000004,0.0,0.8,0.3,18.216785430908203,25.495481491088867,0.6273053922044697,0.5493540797245375
921000000004,0.0,0.9,0.3,17.784671783447266,25.993465423583984,0.6021001570922374,0.5501137566460075
921000000004,0.0,1.0,0.3,16.50604820251465,26.96186065673828,0.5,0.5423101126714934
921000000005,0.0,0.0,0.3,17.853782653808594,21.88950538635254,0.4969860781670187,0.46991420340765544
921000000005,0.0,0.1,0.3,17.87123680114746,22.286853790283203,0.5182029228411135,0.4781904347786457
921000000005,0.0,0.2,0.3,17.873716354370117,22.8801212310791,0.5463157451667335,0.49004810375491314
921000000005,0.0,0.3,0.3,17.651647567749023,23.334047317504883,0.5339626284522385,0.49437853991152025
921000000005,0.0,0.4,0.3,17.36770248413086,24.226491928100582,0.5327566951544661,0.5061247069276674
921000000005,0.0,0.5,0.3,17.19481086730957,28.692874908447266,0.7154394363496119,0.5913385223459457
921000000005,0.0,0.6,0.3,16.92037010192871,32.58366394042969,0.8558566144928371,0.6629486664876789
921000000005,0.0,0.7,0.3,16.486865997314453,32.31966018676758,0.7779685989203162,0.6485164449022119
921000000005,0.0,0.8,0.3,16.117158889770508,32.400447845458984,0.7258470663904627,0.6422959002851466
921000000005,0.0,0.9,0.3,14.93439769744873,32.18943405151367,0.5371509161918923,0.613053486302935
921000000005,0.0,1.0,0.3,14.566779136657717,29.8269271850586,0.3711101606811279,0.5582591228538164
921000000006,0.0,0.0,0.3,19.769025802612305,27.59280204772949,0.6950255541998465,0.6239545574518524
921000000006,0.0,0.1,0.3,19.79165840148925,27.34602928161621,0.6705624925257179,0.6195233529191018
921000000006,0.0,0.2,0.3,19.66938209533692,28.90269088745117,0.8272192421584336,0.6479096228967044
921000000006,0.0,0.3,0.3,19.4250602722168,28.743148803710938,0.7818094606370078,0.6395617449745497
921000000006,0.0,0.4,0.3,19.07452774047852,25.78999137878418,0.4180441217213176,0.5733760623730977
921000000006,0.0,0.5,0.3,18.721179962158203,26.70416831970215,0.4778684369349909,0.5840851529993901
921000000006,0.0,0.6,0.3,16.659582138061523,29.883527755737305,0.5907629200151252,0.6036979751861984
921000000006,0.0,0.7,0.3,15.54456615447998,28.31917953491211,0.2918620798927621,0.5489605788806752
921000000006,0.0,0.8,0.3,15.416556358337402,29.451190948486328,0.4013162681358492,0.5687755220302483
921000000006,0.0,0.9,0.3,15.436927795410156,29.502803802490234,0.4093018347499855,0.5702338841126626
921000000006,0.0,1.0,0.3,16.466686248779297,30.35148048400879,0.6200120454431017,0.6089252222678309
921000000007,0.0,0.0,0.3,23.91666030883789,25.429317474365234,0.5,0.6687254954386826
921000000007,0.0,0.1,0.3,23.90832901000977,26.037384033203125,0.5633736159190657,0.6806487387755389
921000000007,0.0,0.2,0.3,23.905363082885746,26.34927558898925,0.5959375127107895,0.6867921314974893
921000000007,0.0,0.3,0.3,23.827964782714844,26.902097702026367,0.650451191321757,0.6961536793932065
921000000007,0.0,0.4,0.3,23.43206596374512,27.555551528930664,0.7013631369179971,0.7007737886149215
921000000007,0.0,0.5,0.3,22.946517944335938,27.67327690124512,0.692131414163824,0.6928354595233189
921000000007,0.0,0.6,0.3,19.51348114013672,28.47367477416992,0.6235074661885458,0.6360718053493708
921000000007,0.0,0.7,0.3,17.550067901611328,28.742387771606445,0.5644422465248387,0.5998458967457546
921000000007,0.0,0.8,0.3,18.62984275817871,26.811176300048828,0.4099672548188605,0.5842805023876749
921000000007,0.0,0.9,0.3,16.198898315429688,26.823442459106445,0.3032462294780451,0.5330522610820418
921000000007,0.0,1.0,0.3,12.663005828857422,30.19893264770508,0.5,0.5253513891964021
921000000008,0.0,0.0,0.3,21.39071083068848,25.334793090820312,0.5,0.6133606589961536
921000000008,0.0,0.1,0.3,21.376420974731445,26.052963256835938,0.5476587729271366,0.6273486402336104
921000000008,0.0,0.2,0.3,21.334548950195312,27.67346572875977,0.654754171913209,0.6587077152848962
921000000008,0.0,0.3,0.3,21.01837158203125,29.302947998046875,0.7498208985243964,0.6844373901511659
921000000008,0.0,0.4,0.3,20.44861221313477,30.43510627746582,0.7997503606414019,0.6949017406586733
921000000008,0.0,0.5,0.3,19.72198867797852,30.084264755249023,0.7426827308734548,0.6725351217326179
921000000008,0.0,0.6,0.3,16.5892276763916,32.38655471801758,0.753299970562172,0.6520149349543797
921000000008,0.0,0.7,0.3,15.989933013916016,31.44403648376465,0.6622896435153534,0.6205708373109288
921000000008,0.0,0.8,0.3,16.446216583251953,31.37871551513672,0.6789086035806344,0.6289322990656188
921000000008,0.0,0.9,0.3,16.443016052246094,32.76667022705078,0.7721396822028203,0.6564828309868229
921000000008,0.0,1.0,0.3,10.533851623535156,27.55774307250977,0.1495550815050854,0.42771324602323546
921000000009,0.0,0.0,0.3,19.420324325561523,28.90480232238769,0.5,0.6426781391562959
921000000009,0.0,0.1,0.3,19.41898727416992,29.00156593322754,0.5197405993922002,0.6445752851638897
921000000009,0.0,0.2,0.3,19.36253547668457,28.923728942871094,0.4934636320821254,0.64183114237752
921000000009,0.0,0.3,0.3,19.065893173217773,29.435447692871094,0.5455210964941712,0.645732564898265
921000000009,0.0,0.4,0.3,18.92837142944336,29.76306915283203,0.5883210232033055,0.6493399027247688
921000000009,0.0,0.5,0.3,18.70811080932617,29.44377326965332,0.482574354793207,0.6383226213205038
921000000009,0.0,0.6,0.3,18.60124397277832,29.94876289367676,0.5675424651175304,0.6461084108320213
921000000009,0.0,0.7,0.3,18.010881423950195,29.77403450012207,0.4247571650416952,0.6301313517038174
921000000009,0.0,0.8,0.3,17.409069061279297,29.814359664916992,0.3243122472134904,0.6181911125699098
921000000009,0.0,0.9,0.3,17.257356643676758,31.326040267944336,0.6090625717482899,0.6450590511897885
921000000009,0.0,1.0,0.3,16.65393829345703,30.599573135375977,0.3499802272838277,0.6178267451108697
922000000000,0.0,0.0,0.3,20.428680419921875,16.043333053588867,0.5028651174982967,0.4081041542670512
922000000000,0.0,0.1,0.3,20.450279235839844,15.884150505065918,0.5,0.4053939797749556
922000000000,0.0,0.2,0.3,20.39354515075684,16.034982681274414,0.5003398343137107,0.4071940468875863
922000000000,0.0,0.3,0.3,19.864665985107425,21.802064895629883,0.6207500078772681,0.5107522957885111
922000000000,0.0,0.4,0.3,19.02948570251465,32.97262191772461,0.8663703269729693,0.715346352062024
922000000000,0.0,0.5,0.3,17.687423706054688,34.482460021972656,0.8190777628688324,0.7169734092021531
922000000000,0.0,0.6,0.3,16.652238845825195,32.32466506958008,0.6932794271738509,0.6521176057153226
922000000000,0.0,0.7,0.3,15.999384880065918,31.1883602142334,0.61997947263934,0.6156833797486889
922000000000,0.0,0.8,0.3,14.200448036193848,30.85855293273925,0.4933116863780515,0.571030369334133
922000000000,0.0,0.9,0.3,13.798624992370604,30.88568687438965,0.4677282659543734,0.5630621767772481
922000000000,0.0,1.0,0.3,12.814801216125488,33.1255989074707,0.463521923504163,0.5868019161431741
922000000001,0.0,0.0,0.3,17.828271865844727,17.83379364013672,0.5596725622862956,0.3886712220235898
922000000001,0.0,0.1,0.3,17.80835723876953,17.338106155395508,0.5434755882081644,0.3783860869151407
922000000001,0.0,0.2,0.3,17.66381072998047,15.833094596862791,0.4883337322436969,0.3453779267877781
922000000001,0.0,0.3,0.3,17.443119049072266,16.083860397338867,0.4801579812973196,0.34569492447683675
922000000001,0.0,0.4,0.3,16.400917053222656,21.479040145874023,0.5671438632679507,0.43098385749416906
922000000001,0.0,0.5,0.3,14.899439811706545,26.091279983520508,0.598198596136198,0.49096881409809207
922000000001,0.0,0.6,0.3,13.572263717651367,32.59707260131836,0.6980944442046623,0.5923233600462994
922000000001,0.0,0.7,0.3,13.081934928894045,29.66079330444336,0.575735279810454,0.5235135105384012
922000000001,0.0,0.8,0.3,11.852143287658691,29.190736770629883,0.4744785477922291,0.48812070610240765
922000000001,0.0,0.9,0.3,11.1686429977417,30.72152137756348,0.4716505143331074,0.5041088192875323
922000000001,0.0,1.0,0.3,10.779696464538574,28.750621795654297,0.3852763107705778,0.4566552825363341
922000000002,0.0,0.0,0.3,21.981365203857425,29.33026885986328,0.915346867202516,0.7053712658401486
922000000002,0.0,0.1,0.3,21.90635871887207,30.29846572875977,0.9393523058376252,0.7230488168029725
922000000002,0.0,0.2,0.3,21.89291954040528,30.227279663085938,0.9369514721166304,0.7213477582302826
922000000002,0.0,0.3,0.3,20.987319946289062,29.36533164978028,0.8829601179315409,0.6850212539708466
922000000002,0.0,0.4,0.3,19.84255599975586,27.97576141357422,0.806492440355006,0.63313181049751
922000000002,0.0,0.5,0.3,17.928955078125,32.42060470581055,0.8640538665670364,0.6810595945233422
922000000002,0.0,0.6,0.3,15.526986122131348,28.03657913208008,0.6633840623719678,0.5429650019646435
922000000002,0.0,0.7,0.3,13.871109008789062,26.050710678100582,0.5534357673462087,0.46838787736396414
922000000002,0.0,0.8,0.3,12.88633918762207,31.7239933013916,0.6758071395293574,0.5604267140747172
922000000002,0.0,0.9,0.3,10.306196212768556,23.200300216674805,0.3557628078567398,0.3361860813454741
922000000002,0.0,1.0,0.3,7.076895236968994,14.167672157287598,0.0,0.08807323710236484
922000000003,0.0,0.0,0.3,21.50483703613281,20.14138984680176,0.5,0.5124359008646682
922000000003,0.0,0.1,0.3,21.480758666992188,20.262561798095703,0.5092638656120834,0.5143372176765838
922000000003,0.0,0.2,0.3,21.42308235168457,20.50300025939941,0.526909861195799,0.5179003701877771
922000000003,0.0,0.3,0.3,21.19844055175781,20.78079605102539,0.5355478823552058,0.5186715867500947
922000000003,0.0,0.4,0.3,20.96466636657715,21.092510223388672,0.5466011346230947,0.5199243629703469
922000000003,0.0,0.5,0.3,20.78352165222168,20.58464241027832,0.4867983670142394,0.5059830039975849
922000000003,0.0,0.6,0.3,20.5700626373291,20.63070678710937,0.4751273314563649,0.5023798812347477
922000000003,0.0,0.7,0.3,20.190467834472656,20.907583236694336,0.4721587167036851,0.49985186103794627
922000000003,0.0,0.8,0.3,19.89672470092773,21.15937805175781,0.4732861126564893,0.4986425581248889
922000000003,0.0,0.9,0.3,17.749160766601562,23.37928581237793,0.5161070083806747,0.4973434453088411
922000000003,0.0,1.0,0.3,14.781060218811035,25.62209892272949,0.5,0.4791262416037189
922000000004,0.0,0.0,0.3,18.84933853149414,20.063676834106445,0.5203178736889977,0.4546625419059446
922000000004,0.0,0.1,0.3,18.82779312133789,20.5833740234375,0.5454659582152983,0.46454756920326645
922000000004,0.0,0.2,0.3,18.782241821289062,19.67100143432617,0.4945745314830786,0.44542817511766364
922000000004,0.0,0.3,0.3,18.433576583862305,21.53875160217285,0.563022741704156,0.47521114642577145
922000000004,0.0,0.4,0.3,16.54289436340332,26.844839096069336,0.6846898059152269,0.5407617252639261
922000000004,0.0,0.5,0.3,15.450515747070312,29.334300994873047,0.7251697444610188,0.567168629490576
922000000004,0.0,0.6,0.3,14.635382652282717,28.27141189575196,0.6042615571092125,0.528759206239899
922000000004,0.0,0.7,0.3,14.362417221069336,26.960254669189453,0.5143473481866936,0.49688935207063933
922000000004,0.0,0.8,0.3,13.856771469116213,26.919246673583984,0.47133877537766,0.4853669123488552
922000000004,0.0,0.9,0.3,13.040486335754396,27.169904708862305,0.4183032007813735,0.4730707917763496
922000000004,0.0,1.0,0.3,12.665843963623049,26.087141036987305,0.3319849272217959,0.4435927535851732
922000000005,0.0,0.0,0.3,21.063920974731445,31.12940788269043,0.9313046522290064,0.7217457642178369
922000000005,0.0,0.1,0.3,21.09113502502441,30.553077697753903,0.8978367365119333,0.7108538485185374
922000000005,0.0,0.2,0.3,21.09845542907715,30.0468978881836,0.8670836605866084,0.700936600237158
922000000005,0.0,0.3,0.3,20.95652198791504,30.23894500732422,0.8673475542141689,0.7017527916090279
922000000005,0.0,0.4,0.3,20.821821212768555,29.68011474609375,0.8216945112598437,0.6877807477993199
922000000005,0.0,0.5,0.3,20.3406925201416,27.69666862487793,0.6594100528357831,0.6381257068092581
922000000005,0.0,0.6,0.3,19.493881225585938,30.83756256103516,0.7845613220785499,0.6826947623627414
922000000005,0.0,0.7,0.3,17.94997215270996,27.61968421936035,0.4587197109171468,0.5859732041809425
922000000005,0.0,0.8,0.3,14.997247695922852,28.69217109680176,0.2831713134268832,0.5447937645919289
922000000005,0.0,0.9,0.3,15.147621154785156,32.192771911621094,0.5123232534802222,0.6176346547655699
922000000005,0.0,1.0,0.3,16.198448181152344,24.12049865722656,0.0984395662109735,0.4792580421754172
922000000006,0.0,0.0,0.3,20.540102005004883,14.956315994262695,0.5100455869213821,0.3888332985625046
922000000006,0.0,0.1,0.3,20.55390930175781,15.129220962524414,0.5170057779630071,0.3925662112239265
922000000006,0.0,0.2,0.3,20.58014297485352,15.07262897491455,0.516848254760039,0.39199557862175494
922000000006,0.0,0.3,0.3,20.165651321411133,14.587759971618652,0.4714188013054761,0.37357102249293916
922000000006,0.0,0.4,0.3,19.57156181335449,15.027753829956056,0.4457423950511261,0.3697471367498463
922000000006,0.0,0.5,0.3,17.424734115600586,21.30291175842285,0.515757803029947,0.44915724929156675
922000000006,0.0,0.6,0.3,16.29141616821289,24.62520980834961,0.5530534594318007,0.49126955214140683
922000000006,0.0,0.7,0.3,15.414961814880373,28.238201141357425,0.6181621257247077,0.5446050097381561
922000000006,0.0,0.8,0.3,13.844834327697754,28.841936111450195,0.5308728782968437,0.5233729077881746
922000000006,0.0,0.9,0.3,13.884275436401367,28.977054595947266,0.5382876374968681,0.5268966889460076
922000000006,0.0,1.0,0.3,13.329018592834473,27.17803192138672,0.4374874612853204,0.47934183456840934
922000000007,0.0,0.0,0.3,19.881378173828125,22.962278366088867,0.5078169868762085,0.5341927329366868
922000000007,0.0,0.1,0.3,19.85861015319824,22.81731414794922,0.4983198682580788,0.53082606841807
922000000007,0.0,0.2,0.3,19.60553741455078,26.392024993896484,0.6724058859797621,0.5965991542186778
922000000007,0.0,0.3,0.3,19.310731887817383,26.558256149291992,0.6596149326496338,0.5936647628433879
922000000007,0.0,0.4,0.3,17.951396942138672,31.07575798034668,0.8029046466555334,0.6547742614799359
922000000007,0.0,0.5,0.3,17.240692138671875,30.3212947845459,0.7097759153756775,0.6247132126655691
922000000007,0.0,0.6,0.3,16.752538681030273,30.840591430664062,0.7017556916724973,0.6247104064118478
922000000007,0.0,0.7,0.3,15.855801582336426,32.089698791503906,0.7029386471118118,0.6305785156221883
922000000007,0.0,0.8,0.3,16.552377700805664,31.42632293701172,0.7185698427138252,0.6321274519586584
922000000007,0.0,0.9,0.3,14.80650520324707,29.79986000061035,0.5020311414634129,0.5627964355558814
922000000007,0.0,1.0,0.3,13.105712890625,29.883544921875,0.3810363269839963,0.5284494165303141
922000000008,0.0,0.0,0.3,18.620988845825195,28.50652885437012,0.5,0.617828105002322
922000000008,0.0,0.1,0.3,18.512598037719727,28.661102294921875,0.5079618396059452,0.6186088490027417
922000000008,0.0,0.2,0.3,18.218748092651367,29.07576560974121,0.5291226361106386,0.620638133004678
922000000008,0.0,0.3,0.3,17.217424392700195,28.743331909179688,0.4326309573897093,0.5928213581326114
922000000008,0.0,0.4,0.3,16.329057693481445,30.3278923034668,0.5285721345899228,0.6055417325879304
922000000008,0.0,0.5,0.3,15.67542839050293,31.759220123291016,0.624804502796582,0.6201832811499619
922000000008,0.0,0.6,0.3,14.793008804321287,31.411148071289062,0.5344472459536144,0.5945729769867865
922000000008,0.0,0.7,0.3,13.30550765991211,33.41581726074219,0.6324468159463397,0.6029669611213359
922000000008,0.0,0.8,0.3,13.157354354858398,33.682830810546875,0.6487131540491977,0.6051431783431109
922000000008,0.0,0.9,0.3,12.544791221618652,31.28150749206543,0.3773745722560827,0.5443900171613779
922000000008,0.0,1.0,0.3,10.844388961791992,30.24568557739257,0.1679922015510668,0.48777468373585114
922000000009,0.0,0.0,0.3,20.16179275512696,19.980255126953125,0.5406260516871692,0.4807922072802892
922000000009,0.0,0.1,0.3,20.158843994140625,19.909238815307617,0.5353652522930274,0.479316648521356
922000000009,0.0,0.2,0.3,20.105195999145508,19.911521911621094,0.5324126579520589,0.4782261471806711
922000000009,0.0,0.3,0.3,19.91189193725586,19.41338157653809,0.4854841713541387,0.46422089147086953
922000000009,0.0,0.4,0.3,19.14737129211425,19.803794860839844,0.4690556477800884,0.4558017497068715
922000000009,0.0,0.5,0.3,18.2341365814209,20.181135177612305,0.4430519669582612,0.44397363352818786
922000000009,0.0,0.6,0.3,16.957395553588867,20.90776634216309,0.4209661086084149,0.43139909366264173
922000000009,0.0,0.7,0.3,16.696819305419922,22.988601684570312,0.5549571340797765,0.46728733121205035
922000000009,0.0,0.8,0.3,15.590917587280272,22.993078231811523,0.4910401498707742,0.4439602713677848
922000000009,0.0,0.9,0.3,11.553919792175291,21.82319068908692,0.1727034706257537,0.33520262933623607
922000000009,0.0,1.0,0.3,12.068023681640623,26.390106201171875,0.5298624231374022,0.4369631995852883
923000000000,0.0,0.0,0.3,20.932275772094727,27.37836265563965,0.582137321306604,0.6443179392906105
923000000000,0.0,0.1,0.3,20.95182991027832,27.68601417541504,0.64580824154418,0.6508537966587221
923000000000,0.0,0.2,0.3,20.94341087341309,28.10629844665528,0.7306239982652194,0.659038585240207
923000000000,0.0,0.3,0.3,20.790809631347656,28.15936851501465,0.7319936104383832,0.6568634556754012
923000000000,0.0,0.4,0.3,20.363664627075195,29.166269302368164,0.9101075419499928,0.6678550499082042
923000000000,0.0,0.5,0.3,19.861513137817383,29.43045425415039,0.9327970641566786,0.6624794969884338
923000000000,0.0,0.6,0.3,19.03466987609864,28.7850284576416,0.7507861306866904,0.6321290433928008
923000000000,0.0,0.7,0.3,16.229297637939453,26.9678897857666,0.2089212590945684,0.5365702238292943
923000000000,0.0,0.8,0.3,14.75493049621582,27.31940078735352,0.1894178580743573,0.5123468382142491
923000000000,0.0,0.9,0.3,14.074377059936523,27.56329727172852,0.1969919919304286,0.502790127699335
923000000000,0.0,1.0,0.3,12.83970832824707,27.903846740722656,0.1900370461306815,0.4834239484625879
923000000001,0.0,0.0,0.3,22.723783493041992,17.798076629638672,0.5481060048451359,0.4916170664215717
923000000001,0.0,0.1,0.3,22.68830299377441,17.337221145629883,0.5250156872998588,0.4816954493568314
923000000001,0.0,0.2,0.3,22.703445434570312,17.82758140563965,0.5481406056553715,0.4917735350716358
923000000001,0.0,0.3,0.3,22.460268020629883,16.971689224243164,0.4939376658254705,0.46959352483867534
923000000001,0.0,0.4,0.3,22.21321487426757,16.733484268188477,0.4673988393969772,0.4596225365980452
923000000001,0.0,0.5,0.3,21.50251197814941,21.11552047729492,0.6200307550809767,0.5317704667981732
923000000001,0.0,0.6,0.3,19.24046516418457,22.931379318237305,0.5576467395348601,0.5200073254771035
923000000001,0.0,0.7,0.3,17.731597900390625,22.254701614379883,0.4307243555385175,0.47459396728477654
923000000001,0.0,0.8,0.3,16.29595184326172,24.5078182220459,0.4408666978849381,0.48902966614109544
923000000001,0.0,0.9,0.3,14.893255233764648,24.527362823486328,0.3521839655441677,0.4597181645705224
923000000001,0.0,1.0,0.3,15.508455276489258,27.79855155944824,0.5392821545593518,0.5378362278328327
923000000002,0.0,0.0,0.3,18.990747451782227,22.85243034362793,0.5,0.5131488828704462
923000000002,0.0,0.1,0.3,18.959213256835938,22.90876579284668,0.4984673801881713,0.5136021785631496
923000000002,0.0,0.2,0.3,18.870342254638672,23.57042694091797,0.5182025485981672,0.5248865458197949
923000000002,0.0,0.3,0.3,18.530902862548828,26.167285919189453,0.5969127064432231,0.5693730782784443
923000000002,0.0,0.4,0.3,18.021602630615234,31.738037109375,0.7950998451179583,0.669439182964751
923000000002,0.0,0.5,0.3,16.93623924255371,33.30567169189453,0.7245865809742873,0.6776515905695984
923000000002,0.0,0.6,0.3,16.570024490356445,32.14280700683594,0.6198721122474914,0.646758102307829
923000000002,0.0,0.7,0.3,15.736579895019531,32.151939392089844,0.5085830101909623,0.6292926382998009
923000000002,0.0,0.8,0.3,15.295791625976562,33.158241271972656,0.4976274135058779,0.6399834354402024
923000000002,0.0,0.9,0.3,15.279163360595703,30.396717071533203,0.3633089677155822,0.5846809985543389
923000000002,0.0,1.0,0.3,15.26088523864746,30.37338256835937,0.3597425896025349,0.5838296583423712
923000000003,0.0,0.0,0.3,20.519746780395508,21.730318069458008,0.5188400956460969,0.5231951840185988
923000000003,0.0,0.1,0.3,20.614473342895508,21.7334213256836,0.5254420221156826,0.5252626551980255
923000000003,0.0,0.2,0.3,20.383161544799805,21.763702392578125,0.5125178434846537,0.5209674561261133
923000000003,0.0,0.3,0.3,19.96882438659668,21.43213653564453,0.456787922585244,0.5055966830153223
923000000003,0.0,0.4,0.3,20.01278686523437,22.18512916564941,0.523316781752147,0.5215110041345503
923000000003,0.0,0.5,0.3,19.140426635742188,23.522136688232425,0.5778350673180659,0.5296443507769015
923000000003,0.0,0.6,0.3,18.11480712890625,27.3531436920166,0.8327020141577363,0.5841596137160122
923000000003,0.0,0.7,0.3,16.10623550415039,25.1408805847168,0.5114573070810149,0.4976096802386451
923000000003,0.0,0.8,0.3,15.268122673034668,22.91003799438477,0.2669802723735651,0.4354730968063862
923000000003,0.0,0.9,0.3,14.627175331115724,23.89138412475586,0.3069527304669742,0.44142918323054237
923000000003,0.0,1.0,0.3,13.143773078918455,24.44718742370605,0.2546062526555792,0.4210796124536344
923000000004,0.0,0.0,0.3,21.31910896301269,22.473575592041016,0.5324529545011162,0.5549104692832583
923000000004,0.0,0.1,0.3,21.361026763916016,22.050020217895508,0.5189651040086569,0.5473698864413203
923000000004,0.0,0.2,0.3,21.29143524169922,22.006744384765625,0.5134078609045554,0.5450352430529531
923000000004,0.0,0.3,0.3,21.05817413330078,22.538599014282227,0.5201262674481887,0.550679361023816
923000000004,0.0,0.4,0.3,19.53804397583008,21.543514251708984,0.3968719362936835,0.4986916828472556
923000000004,0.0,0.5,0.3,18.617549896240234,30.20693016052246,0.6691829139755127,0.6515908258189138
923000000004,0.0,0.6,0.3,18.43601417541504,22.50278282165528,0.3704468405210674,0.49444559199587856
923000000004,0.0,0.7,0.3,16.085277557373047,27.19733047485352,0.4132411428052052,0.5380863112989652
923000000004,0.0,0.8,0.3,15.357844352722168,34.89714431762695,0.6603936240164578,0.6758989927615539
923000000004,0.0,0.9,0.3,14.023618698120115,29.85258102416992,0.3960314735803164,0.5472688293139877
923000000004,0.0,1.0,0.3,12.522584915161133,32.4383544921875,0.4079355271449768,0.566939414146278
923000000005,0.0,0.0,0.3,21.387094497680664,22.98003196716309,0.6194521766921963,0.5664277333577528
923000000005,0.0,0.1,0.3,21.3896598815918,22.70694160461425,0.5989827449479064,0.5610479474650432
923000000005,0.0,0.2,0.3,21.29874992370605,23.216936111450195,0.6325993823478742,0.5692711946182311
923000000005,0.0,0.3,0.3,21.05416679382324,22.85182380676269,0.5919565066695991,0.5568272325832769
923000000005,0.0,0.4,0.3,20.78105354309082,22.858348846435547,0.5778293116498355,0.5511742273875302
923000000005,0.0,0.5,0.3,19.540115356445312,22.22543716430664,0.4636447448675781,0.5123048254339722
923000000005,0.0,0.6,0.3,18.307844161987305,21.39517593383789,0.3350325843927552,0.4696919648850056
923000000005,0.0,0.7,0.3,16.728105545043945,24.284502029418945,0.4684920290327424,0.49373632966465164
923000000005,0.0,0.8,0.3,13.301618576049805,24.89067649841309,0.3308151015786751,0.4332465944168584
923000000005,0.0,0.9,0.3,13.00668239593506,28.02140998840332,0.5512651447309809,0.48929876247466125
923000000005,0.0,1.0,0.3,12.048979759216309,25.766950607299805,0.3298838101296611,0.4241600688550223
923000000006,0.0,0.0,0.3,22.417400360107425,23.32391357421875,0.5821845853954672,0.5950859674552524
923000000006,0.0,0.1,0.3,22.403966903686523,23.258201599121094,0.5779427481021636,0.5934939565566018
923000000006,0.0,0.2,0.3,22.354154586791992,23.81124496459961,0.6072385421181413,0.6034440070223034
923000000006,0.0,0.3,0.3,21.4372787475586,21.86966896057129,0.4614605895517463,0.5453957001292957
923000000006,0.0,0.4,0.3,22.057323455810547,23.150222778320312,0.5582100930057706,0.5840055761409384
923000000006,0.0,0.5,0.3,20.383724212646484,24.3133602142334,0.5581354877119113,0.5717138876094767
923000000006,0.0,0.6,0.3,18.535139083862305,27.03385353088379,0.6391920271242143,0.5867062222760258
923000000006,0.0,0.7,0.3,13.001834869384766,27.401172637939453,0.4423752199831309,0.47685429216557
923000000006,0.0,0.8,0.3,11.031514167785645,28.443574905395508,0.4238100375962361,0.4558774282657728
923000000006,0.0,0.9,0.3,10.626283645629885,30.717098236083984,0.5363609159471768,0.4925369992022462
923000000006,0.0,1.0,0.3,9.70156478881836,29.887739181518555,0.4531299415491869,0.4564541409187526
923000000007,0.0,0.0,0.3,22.687623977661133,16.771989822387695,0.5,0.4704337829359839
923000000007,0.0,0.1,0.3,22.67108154296875,17.046239852905273,0.5112537852961039,0.4755406973374809
923000000007,0.0,0.2,0.3,22.627519607543945,17.128219604492188,0.5132002263612722,0.4762496047889637
923000000007,0.0,0.3,0.3,22.528350830078125,16.817983627319336,0.4961424822826771,0.4679765763606818
923000000007,0.0,0.4,0.3,22.203914642333984,16.87009048461914,0.4864864346834142,0.46214388230517217
923000000007,0.0,0.5,0.3,18.925127029418945,24.59716796875,0.7003148175611895,0.5464772147838327
923000000007,0.0,0.6,0.3,17.184167861938477,24.258893966674805,0.6217765389180667,0.5028833362829626
923000000007,0.0,0.7,0.3,14.7958984375,26.49092102050781,0.6306392862164626,0.49672873114961075
923000000007,0.0,0.8,0.3,13.19979476928711,26.61076736450196,0.5772316988576907,0.46531792827788565
923000000007,0.0,0.9,0.3,11.60517406463623,28.33295440673828,0.5931781601533859,0.4658227969711433
923000000007,0.0,1.0,0.3,9.066858291625977,28.0249080657959,0.4866773079921304,0.4059473397745384
923000000008,0.0,0.0,0.3,21.59702491760254,26.62808609008789,0.6038210911907405,0.6434637788513495
923000000008,0.0,0.1,0.3,21.60165405273437,27.099937438964844,0.68924867572092,0.6529509573152912
923000000008,0.0,0.2,0.3,21.54145240783692,26.690460205078125,0.6103828486641877,0.6435282529345736
923000000008,0.0,0.3,0.3,21.26540756225586,26.049848556518555,0.4716868435447965,0.624936086904545
923000000008,0.0,0.4,0.3,21.057601928710938,26.365535736083984,0.511082508113677,0.6268177730432316
923000000008,0.0,0.5,0.3,20.97958374023437,26.55611991882324,0.538860479964816,0.62895818256994
923000000008,0.0,0.6,0.3,20.454572677612305,26.06389236450196,0.4059426450625402,0.6080470865212708
923000000008,0.0,0.7,0.3,20.137868881225582,28.82421112060547,0.8767440560680478,0.6562676319333514
923000000008,0.0,0.8,0.3,18.25224876403809,27.018251419067383,0.3924951940981431,0.5804059009812105
923000000008,0.0,0.9,0.3,16.227354049682617,26.47021675109864,0.1232241480898981,0.5266260942362719
923000000008,0.0,1.0,0.3,15.663663864135742,26.72411155700684,0.1215167421187784,0.5197427744744547
923000000009,0.0,0.0,0.3,24.17343711853028,20.61811828613281,0.5232802766578974,0.5784265021270893
923000000009,0.0,0.1,0.3,24.144756317138672,21.057832717895508,0.5443820097399443,0.5865689044562732
923000000009,0.0,0.2,0.3,24.09339141845703,20.406538009643555,0.5100907954857276,0.5725214881488256
923000000009,0.0,0.3,0.3,24.05341339111328,20.47185134887696,0.5120697238322242,0.5729746429400974
923000000009,0.0,0.4,0.3,23.651830673217773,22.41278839111328,0.5963191719400076,0.6030934637139005
923000000009,0.0,0.5,0.3,23.297569274902344,26.97298812866211,0.8133234746113146,0.6863338108094315
923000000009,0.0,0.6,0.3,21.55864906311035,29.736665725708008,0.895530519516142,0.7045074729578071
923000000009,0.0,0.7,0.3,18.931432723999023,30.133554458618164,0.8304269460931535,0.6567768458213714
923000000009,0.0,0.8,0.3,15.266881942749023,20.957490921020508,0.2521654909804652,0.39659395187396373
923000000009,0.0,0.9,0.3,12.742793083190918,26.196128845214844,0.432967765633682,0.4473907588755148
923000000009,0.0,1.0,0.3,8.716958999633789,20.153438568115234,0.0,0.24190774022715006
924000000000,0.0,0.0,0.3,18.62881088256836,21.45565223693848,0.5758447532199565,0.4776914398598647
924000000000,0.0,0.1,0.3,18.65292358398437,20.82521247863769,0.5103967349391886,0.46565715427317766
924000000000,0.0,0.2,0.3,18.60136032104492,22.15131187438965,0.6479533571469506,0.49095283192040184
924000000000,0.0,0.3,0.3,18.39815330505371,21.86294746398925,0.5900481943362678,0.4809121317894026
924000000000,0.0,0.4,0.3,18.116886138916016,23.233095169067383,0.7024091066281488,0.5022206038938599
924000000000,0.0,0.5,0.3,17.70884895324707,24.40351104736328,0.7764877179644532,0.5168704979213314
924000000000,0.0,0.6,0.3,17.043411254882812,25.324970245361328,0.7898738816986031,0.5211163668670205
924000000000,0.0,0.7,0.3,15.995129585266112,24.93315315246582,0.6103856408387349,0.4911236695929697
924000000000,0.0,0.8,0.3,16.089096069335938,20.729660034179688,0.16528549430366,0.4094698391054159
924000000000,0.0,0.9,0.3,15.699913024902344,23.589401245117188,0.4256352802790123,0.45813408737574296
924000000000,0.0,1.0,0.3,14.82305145263672,24.591228485107425,0.4201640665663322,0.4595025187370988
924000000001,0.0,0.0,0.3,19.209779739379883,27.30044937133789,0.5703861083291332,0.6062957986409843
924000000001,0.0,0.1,0.3,19.1622371673584,26.96372032165528,0.4948428129697274,0.5985887189452037
924000000001,0.0,0.2,0.3,18.932825088500977,27.66012191772461,0.6155253771142069,0.6075885830715927
924000000001,0.0,0.3,0.3,18.5638484954834,27.98485374450684,0.6433789323337071,0.6062376437439891
924000000001,0.0,0.4,0.3,17.888442993164062,27.82062339782715,0.5357853363150296,0.5886687985299706
924000000001,0.0,0.5,0.3,17.005718231201172,27.16653060913086,0.3033073397577913,0.5569626608238281
924000000001,0.0,0.6,0.3,16.311426162719727,26.995811462402344,0.1923086740384543,0.5388647975491949
924000000001,0.0,0.7,0.3,15.453913688659668,27.73937225341797,0.2547155969515924,0.5355037924750766
924000000001,0.0,0.8,0.3,14.600428581237791,29.35573387145996,0.5,0.5495955411580552
924000000001,0.0,0.9,0.3,14.941307067871094,28.579524993896484,0.3747267401890052,0.5413677940080744
924000000001,0.0,1.0,0.3,14.818021774291992,29.043212890625,0.4582775295711049,0.5479840975952254
924000000002,0.0,0.0,0.3,21.02417182922364,23.154714584350582,0.5,0.5622192154766966
924000000002,0.0,0.1,0.3,20.96796607971192,23.74936294555664,0.5292767877249673,0.5728617721881425
924000000002,0.0,0.2,0.3,20.36868667602539,24.566627502441406,0.5398896949749642,0.5764351400701169
924000000002,0.0,0.3,0.3,19.64314079284668,25.83889389038086,0.5681792491036552,0.5863888483247891
924000000002,0.0,0.4,0.3,18.17243385314941,25.885826110839844,0.4872824098964934,0.5561822841035845
924000000002,0.0,0.5,0.3,17.239744186401367,29.827543258666992,0.6495624617206855,0.6148681968408521
924000000002,0.0,0.6,0.3,16.0314998626709,29.653846740722656,0.5715139848149154,0.5858287682826261
924000000002,0.0,0.7,0.3,14.243709564208984,32.31263732910156,0.6152244236914423,0.6008805648413221
924000000002,0.0,0.8,0.3,12.21324062347412,30.137420654296875,0.3812385332661028,0.5146041527145084
924000000002,0.0,0.9,0.3,12.828916549682615,27.860069274902344,0.2918389506209996,0.48232433704656186
924000000002,0.0,1.0,0.3,12.923821449279783,30.76930046081543,0.4560614336085137,0.5422233435954867
924000000003,0.0,0.0,0.3,26.112699508666992,22.54728126525879,0.4990259266712576,0.6578756113301913
924000000003,0.0,0.1,0.3,26.132266998291016,22.667104721069336,0.5099090794341572,0.6606742435070809
924000000003,0.0,0.2,0.3,26.13785743713379,22.77725982666016,0.519434052037324,0.662984542229414
924000000003,0.0,0.3,0.3,25.816993713378903,22.6375732421875,0.4952066990744548,0.6534110775975754
924000000003,0.0,0.4,0.3,25.329540252685547,22.683189392089844,0.4801880442598362,0.6439975334350927
924000000003,0.0,0.5,0.3,25.12729263305664,23.03963661193848,0.502478479931665,0.6468079699067435
924000000003,0.0,0.6,0.3,25.1491641998291,23.15532875061035,0.5131017309343614,0.6495731808821297
924000000003,0.0,0.7,0.3,22.16229820251465,28.13656616210937,0.8183884922191393,0.6854493400671906
924000000003,0.0,0.8,0.3,17.897647857666016,28.34033393859864,0.6704874354086113,0.5992051915250833
924000000003,0.0,0.9,0.3,15.005209922790527,28.46417808532715,0.5689623238923054,0.540425622667773
924000000003,0.0,1.0,0.3,13.224081993103027,26.563081741333008,0.3393502200726075,0.4648833057790145
924000000004,0.0,0.0,0.3,21.806787490844727,25.15672492980957,0.7486102139844453,0.6186272811759098
924000000004,0.0,0.1,0.3,21.82236289978028,25.335783004760746,0.7621664075731991,0.622520069441977
924000000004,0.0,0.2,0.3,21.75960350036621,25.78319358825684,0.790487829531853,0.630094040842528
924000000004,0.0,0.3,0.3,21.37997055053711,24.659114837646484,0.6899972108443317,0.5996882226311402
924000000004,0.0,0.4,0.3,20.55360221862793,24.48164176940918,0.6322865210703628,0.5786594102722251
924000000004,0.0,0.5,0.3,19.953214645385746,24.60939216613769,0.6085721506213988,0.5684889755107316
924000000004,0.0,0.6,0.3,19.405038833618164,24.8540153503418,0.5960015941184849,0.5617496620092841
924000000004,0.0,0.7,0.3,18.622011184692383,24.154050827026367,0.5035815962652108,0.5312417091370387
924000000004,0.0,0.8,0.3,15.08110809326172,21.641176223754883,0.1319468316121601,0.4062647670210435
924000000004,0.0,0.9,0.3,14.92151927947998,27.024883270263672,0.5052573816630082,0.5100136807083961
924000000004,0.0,1.0,0.3,12.664372444152832,28.687477111816406,0.5,0.4953045378347063
924000000005,0.0,0.0,0.3,18.41192054748535,25.308292388916016,0.5723436144418523,0.5497610372808563
924000000005,0.0,0.1,0.3,18.4223747253418,25.70805549621582,0.6433254848839898,0.5579371018488664
924000000005,0.0,0.2,0.3,18.422622680664062,24.8679428100586,0.5,0.5412253197975988
924000000005,0.0,0.3,0.3,18.162553787231445,25.27267837524414,0.5006643507859672,0.543772328958434
924000000005,0.0,0.4,0.3,17.9986515045166,25.47050666809082,0.4913121484814959,0.5442383936031426
924000000005,0.0,0.5,0.3,17.979129791259766,25.47607040405273,0.4871262121790772,0.5439357551719042
924000000005,0.0,0.6,0.3,18.03754615783692,25.27570152282715,0.4682947167659349,0.5411855992750514
924000000005,0.0,0.7,0.3,17.971145629882812,24.91668701171875,0.3895500827486473,0.5326357765007255
924000000005,0.0,0.8,0.3,17.268911361694336,25.35688591003418,0.279947346039765,0.5265261357358311
924000000005,0.0,0.9,0.3,16.52198028564453,25.647045135498047,0.132977445459499,0.5164845205614657
924000000005,0.0,1.0,0.3,16.725786209106445,27.79739570617676,0.5536150103764838,0.5635887440896015
924000000006,0.0,0.0,0.3,18.56277084350586,25.31250190734864,0.515729250461786,0.5530388739338307
924000000006,0.0,0.1,0.3,18.465251922607425,25.10223388671875,0.4926748606944128,0.5467899975544537
924000000006,0.0,0.2,0.3,18.14341926574707,25.63006591796875,0.5079852369160951,0.5504786757714349
924000000006,0.0,0.3,0.3,17.540708541870117,27.71317672729492,0.6185411883218639,0.579167906454921
924000000006,0.0,0.4,0.3,16.890945434570312,28.42470359802246,0.6229604745943231,0.5795683150956541
924000000006,0.0,0.5,0.3,15.617427825927734,29.15514373779297,0.5819412266096284,0.5671378203681815
924000000006,0.0,0.6,0.3,15.190225601196287,31.54631233215332,0.7287249930363613,0.6056731382401315
924000000006,0.0,0.7,0.3,14.034791946411133,31.78621482849121,0.6598806068770748,0.5859819365423092
924000000006,0.0,0.8,0.3,13.05419635772705,29.89030838012696,0.4443984683123866,0.5274931990801899
924000000006,0.0,0.9,0.3,13.077911376953123,29.912107467651367,0.4478105197495928,0.52842910648306
924000000006,0.0,1.0,0.3,11.906315803527832,25.374418258666992,0.0203609476387932,0.41332850318552705
924000000007,0.0,0.0,0.3,18.697673797607425,28.274768829345703,0.7573108652659871,0.6148401258502055
924000000007,0.0,0.1,0.3,18.68385887145996,28.83770751953125,0.8966581228231311,0.6257492804083264
924000000007,0.0,0.2,0.3,18.687789916992188,27.49873924255371,0.5584652466035941,0.5991889757386701
924000000007,0.0,0.3,0.3,18.56954765319824,29.233020782470703,0.9700998999398198,0.6311950425165371
924000000007,0.0,0.4,0.3,18.3742733001709,28.690893173217773,0.7872292799095455,0.6162727848764814
924000000007,0.0,0.5,0.3,17.927412033081055,27.50640869140625,0.3829623863202299,0.5832415010002355
924000000007,0.0,0.6,0.3,17.493541717529297,27.386642456054688,0.2513801579169774,0.5716716441682717
924000000007,0.0,0.7,0.3,17.494647979736328,28.112638473510746,0.4355057726141095,0.5861413428312288
924000000007,0.0,0.8,0.3,17.4865665435791,27.601253509521484,0.3041052977980371,0.5757944040623284
924000000007,0.0,0.9,0.3,16.74653434753418,29.18916893005371,0.5335671969533426,0.5917223431241099
924000000007,0.0,1.0,0.3,16.555103302001953,27.2587833404541,0.0,0.5492571289757786
924000000008,0.0,0.0,0.3,18.995641708374023,21.046430587768555,0.5672810461658443,0.47731571940027867
924000000008,0.0,0.1,0.3,18.98241233825684,20.001758575439453,0.5126544109017938,0.45624813531082575
924000000008,0.0,0.2,0.3,19.00239944458008,20.174840927124023,0.5232752464825987,0.4601154276701305
924000000008,0.0,0.3,0.3,18.83123016357422,20.879898071289062,0.54425149951725,0.4705207458184488
924000000008,0.0,0.4,0.3,18.61746597290039,20.686071395874023,0.5154703865952821,0.46213767496818436
924000000008,0.0,0.5,0.3,18.489227294921875,20.84117889404297,0.5120920750247552,0.46250879121049854
924000000008,0.0,0.6,0.3,17.228591918945312,20.89472389221192,0.4035947722777356,0.43688182404397946
924000000008,0.0,0.7,0.3,13.95347023010254,19.720008850097656,0.0544868515125036,0.3441599305046152
924000000008,0.0,0.8,0.3,14.400433540344238,21.12807846069336,0.1659820394905281,0.3816423969926249
924000000008,0.0,0.9,0.3,13.891249656677246,23.458850860595703,0.240325348399763,0.4172400547294369
924000000008,0.0,1.0,0.3,13.335979461669922,29.4907341003418,0.5,0.5255086643136767
924000000009,0.0,0.0,0.3,19.4484806060791,16.038278579711914,0.5006145286965713,0.38724902723263604
924000000009,0.0,0.1,0.3,19.45027732849121,16.154903411865234,0.5035680802564483,0.38960773681799954
924000000009,0.0,0.2,0.3,19.44637680053711,16.782930374145508,0.5187314424860701,0.40202197966468073
924000000009,0.0,0.3,0.3,19.28141021728516,17.164276123046875,0.5190570750118438,0.40611724203184374
924000000009,0.0,0.4,0.3,19.117002487182617,16.5928955078125,0.4960869668215569,0.3912664552717487
924000000009,0.0,0.5,0.3,17.917129516601562,16.009170532226562,0.4162534441576064,0.354245304403108
924000000009,0.0,0.6,0.3,14.8403959274292,24.667251586914062,0.4601720379055332,0.4613825173059845
924000000009,0.0,0.7,0.3,12.841316223144531,31.510963439941406,0.5185338468719857,0.5552344196809729
924000000009,0.0,0.8,0.3,11.36913776397705,34.26335906982422,0.505506508308701,0.578831522223592
924000000009,0.0,0.9,0.3,10.902259826660156,36.4309196472168,0.5330737065876736,0.6120772772630433
924000000009,0.0,1.0,0.3,10.29677963256836,34.26909637451172,0.4470705652945704,0.5562397946778971
