sample_id,t_delta,t_start,t_end,psnr,clip_edited
0,0.0,0.0,0.3,18.693532943725582,22.560562133789062
0,0.0,0.1,0.3,18.70817375183105,22.63705062866211
0,0.0,0.2,0.3,18.67802047729492,23.197078704833984
0,0.0,0.3,0.3,18.57942008972168,22.938779830932617
0,0.0,0.4,0.3,18.51919174194336,24.154476165771484
0,0.0,0.5,0.3,18.31696891784668,23.59105110168457
0,0.0,0.6,0.3,18.10823440551757,25.287109375
0,0.0,0.7,0.3,16.521188735961914,25.625431060791016
0,0.0,0.8,0.3,16.067777633666992,24.432262420654297
0,0.0,0.9,0.3,16.092775344848633,23.969497680664062
0,0.0,1.0,0.3,16.901941299438477,21.262454986572266
1,0.0,0.0,0.3,20.056381225585938,26.817249298095703
1,0.0,0.1,0.3,20.053260803222656,27.0505313873291
1,0.0,0.2,0.3,20.070348739624023,26.265520095825195
1,0.0,0.3,0.3,20.096651077270508,26.181241989135746
1,0.0,0.4,0.3,20.070301055908203,26.68095016479492
1,0.0,0.5,0.3,19.12078857421875,26.139175415039062
1,0.0,0.6,0.3,19.866886138916016,24.567428588867188
1,0.0,0.7,0.3,19.548778533935547,24.78036499023437
1,0.0,0.8,0.3,17.230487823486328,23.763198852539062
1,0.0,0.9,0.3,16.972484588623047,23.59465789794922
1,0.0,1.0,0.3,15.561821937561035,23.192113876342773
2,0.0,0.0,0.3,18.59620475769043,21.81477737426757
2,0.0,0.1,0.3,18.471715927124023,25.09278106689453
2,0.0,0.2,0.3,18.22036933898925,27.222097396850582
2,0.0,0.3,0.3,17.502002716064453,28.306379318237305
2,0.0,0.4,0.3,16.782819747924805,26.151763916015625
2,0.0,0.5,0.3,15.837580680847168,23.560935974121094
2,0.0,0.6,0.3,15.019200325012209,27.06595039367676
2,0.0,0.7,0.3,14.148238182067873,28.50584983825684
2,0.0,0.8,0.3,14.418922424316406,28.089588165283203
2,0.0,0.9,0.3,12.81060791015625,27.525287628173828
2,0.0,1.0,0.3,14.084293365478516,25.504467010498047
3,0.0,0.0,0.3,19.317703247070312,30.08480453491211
3,0.0,0.1,0.3,19.15205955505371,30.44937324523925
3,0.0,0.2,0.3,18.66317176818848,29.79509162902832
3,0.0,0.3,0.3,18.11932373046875,30.607097625732425
3,0.0,0.4,0.3,17.265666961669922,30.856067657470703
3,0.0,0.5,0.3,17.60074806213379,32.12299346923828
3,0.0,0.6,0.3,15.827764511108398,30.391788482666016
3,0.0,0.7,0.3,15.651638984680176,31.90774345397949
3,0.0,0.8,0.3,13.515100479125977,33.71908187866211
3,0.0,0.9,0.3,13.661635398864746,30.39683151245117
3,0.0,1.0,0.3,13.410298347473145,33.214725494384766
4,0.0,0.0,0.3,20.49954605102539,25.19122314453125
4,0.0,0.1,0.3,20.48545265197754,25.97464370727539
4,0.0,0.2,0.3,20.20302391052246,29.40642166137696
4,0.0,0.3,0.3,19.347976684570312,30.913162231445312
4,0.0,0.4,0.3,18.06063842773437,31.15580940246582
4,0.0,0.5,0.3,16.692758560180664,32.64921188354492
4,0.0,0.6,0.3,15.649386405944824,35.148197174072266
4,0.0,0.7,0.3,13.280354499816896,35.28569412231445
4,0.0,0.8,0.3,12.920557022094728,36.109413146972656
4,0.0,0.9,0.3,12.60661792755127,33.172245025634766
4,0.0,1.0,0.3,12.662775039672852,32.3300895690918
5,0.0,0.0,0.3,22.538951873779297,21.71798324584961
5,0.0,0.1,0.3,22.53268051147461,21.600971221923828
5,0.0,0.2,0.3,22.55770492553711,20.9024658203125
5,0.0,0.3,0.3,22.404420852661133,20.709184646606445
5,0.0,0.4,0.3,22.35081672668457,20.082618713378903
5,0.0,0.5,0.3,22.03689193725586,20.307641983032227
5,0.0,0.6,0.3,21.43757057189941,20.66256523132324
5,0.0,0.7,0.3,15.541937828063965,22.12519645690918
5,0.0,0.8,0.3,13.472376823425291,29.764158248901367
5,0.0,0.9,0.3,14.319343566894531,31.34505844116211
5,0.0,1.0,0.3,14.16667652130127,24.633071899414062
6,0.0,0.0,0.3,22.67807006835937,32.71839141845703
6,0.0,0.1,0.3,22.600378036499023,33.22072219848633
6,0.0,0.2,0.3,22.42159652709961,33.06105041503906
6,0.0,0.3,0.3,21.825883865356445,32.213340759277344
6,0.0,0.4,0.3,21.52912139892578,32.11064910888672
6,0.0,0.5,0.3,21.061079025268555,32.7939567565918
6,0.0,0.6,0.3,19.87089729309082,32.343528747558594
6,0.0,0.7,0.3,17.949565887451172,33.61317443847656
6,0.0,0.8,0.3,18.83446884155273,34.06296920776367
6,0.0,0.9,0.3,18.966188430786133,35.75803756713867
6,0.0,1.0,0.3,19.69916534423828,31.76742172241211
7,0.0,0.0,0.3,20.898176193237305,26.307111740112305
7,0.0,0.1,0.3,20.89023780822754,27.296594619750977
7,0.0,0.2,0.3,20.88689613342285,27.10887718200684
7,0.0,0.3,0.3,20.851470947265625,27.48037910461425
7,0.0,0.4,0.3,20.880783081054688,27.475265502929688
7,0.0,0.5,0.3,20.91568183898925,26.62297439575196
7,0.0,0.6,0.3,20.93560791015625,26.78579330444336
7,0.0,0.7,0.3,20.928993225097656,27.802160263061523
7,0.0,0.8,0.3,20.785663604736328,26.921934127807617
7,0.0,0.9,0.3,20.37156105041504,26.45970916748047
7,0.0,1.0,0.3,20.42527961730957,25.20939445495605
8,0.0,0.0,0.3,20.20113754272461,23.506441116333008
8,0.0,0.1,0.3,20.201322555541992,25.00247001647949
8,0.0,0.2,0.3,20.18291664123535,22.98794174194336
8,0.0,0.3,0.3,20.01095199584961,22.98521041870117
8,0.0,0.4,0.3,19.18459129333496,27.67254638671875
8,0.0,0.5,0.3,18.996139526367188,26.55396842956543
8,0.0,0.6,0.3,19.378475189208984,26.255884170532227
8,0.0,0.7,0.3,19.6347713470459,26.188108444213867
8,0.0,0.8,0.3,19.66360664367676,22.8276481628418
8,0.0,0.9,0.3,18.860258102416992,25.402624130249023
8,0.0,1.0,0.3,16.801408767700195,28.098892211914062
9,0.0,0.0,0.3,22.38468742370605,25.78179168701172
9,0.0,0.1,0.3,21.99810791015625,26.26288795471192
9,0.0,0.2,0.3,21.37748146057129,25.213972091674805
9,0.0,0.3,0.3,20.53575897216797,25.652145385742188
9,0.0,0.4,0.3,19.59798049926757,24.092716217041016
9,0.0,0.5,0.3,18.624042510986328,24.965856552124023
9,0.0,0.6,0.3,17.704986572265625,24.63380622863769
9,0.0,0.7,0.3,16.363853454589844,25.40637588500977
9,0.0,0.8,0.3,14.250237464904783,24.09442138671875
9,0.0,0.9,0.3,12.439096450805664,25.43100929260254
9,0.0,1.0,0.3,11.836050033569336,24.849279403686523
10,0.0,0.0,0.3,20.655363082885746,36.40192031860352
10,0.0,0.1,0.3,20.600322723388672,37.37829208374024
10,0.0,0.2,0.3,20.55987930297852,35.82213592529297
10,0.0,0.3,0.3,20.27329635620117,37.000526428222656
10,0.0,0.4,0.3,19.796117782592773,35.987239837646484
10,0.0,0.5,0.3,18.741491317749023,35.70719146728516
10,0.0,0.6,0.3,18.425323486328125,33.40949249267578
10,0.0,0.7,0.3,17.1928653717041,32.66032791137695
10,0.0,0.8,0.3,17.957223892211914,35.34566116333008
10,0.0,0.9,0.3,17.746482849121094,36.57487487792969
10,0.0,1.0,0.3,16.04941749572754,31.97749900817871
11,0.0,0.0,0.3,22.234771728515625,20.49164581298828
11,0.0,0.1,0.3,22.172319412231445,20.59516716003418
11,0.0,0.2,0.3,22.05823516845703,20.905685424804688
11,0.0,0.3,0.3,21.68852424621582,22.71250915527344
11,0.0,0.4,0.3,21.522294998168945,24.04181289672852
11,0.0,0.5,0.3,21.160823822021484,24.4202938079834
11,0.0,0.6,0.3,20.791757583618164,25.30832862854004
11,0.0,0.7,0.3,19.34032821655273,26.20022964477539
11,0.0,0.8,0.3,17.814908981323242,26.32185745239257
11,0.0,0.9,0.3,16.345531463623047,24.209903717041016
11,0.0,1.0,0.3,17.953580856323242,23.13755798339844
12,0.0,0.0,0.3,16.72939682006836,23.306861877441406
12,0.0,0.1,0.3,16.69392204284668,22.793710708618164
12,0.0,0.2,0.3,16.432634353637695,22.732887268066406
12,0.0,0.3,0.3,15.954595565795898,25.15403938293457
12,0.0,0.4,0.3,15.287818908691406,23.99502182006836
12,0.0,0.5,0.3,14.431568145751951,24.70165252685547
12,0.0,0.6,0.3,13.47836208343506,23.75659370422364
12,0.0,0.7,0.3,13.076261520385742,24.2620906829834
12,0.0,0.8,0.3,11.97737979888916,24.12071228027344
12,0.0,0.9,0.3,10.444772720336914,23.68071937561035
12,0.0,1.0,0.3,11.047895431518556,23.766019821166992
13,0.0,0.0,0.3,22.146583557128903,19.85194206237793
13,0.0,0.1,0.3,22.0838623046875,20.75438117980957
13,0.0,0.2,0.3,21.882299423217773,22.00554656982422
13,0.0,0.3,0.3,21.560073852539062,22.07794570922852
13,0.0,0.4,0.3,20.86649513244629,22.914934158325195
13,0.0,0.5,0.3,20.81993103027344,23.376583099365234
13,0.0,0.6,0.3,19.762819290161133,23.82334899902344
13,0.0,0.7,0.3,18.813045501708984,23.35653686523437
13,0.0,0.8,0.3,16.285030364990234,22.027313232421875
13,0.0,0.9,0.3,15.810952186584473,22.61314392089844
13,0.0,1.0,0.3,16.236099243164062,20.884639739990234
14,0.0,0.0,0.3,22.795026779174805,19.850690841674805
14,0.0,0.1,0.3,22.793275833129883,19.679208755493164
14,0.0,0.2,0.3,22.74863052368164,19.401247024536133
14,0.0,0.3,0.3,22.600805282592773,20.06025695800781
14,0.0,0.4,0.3,22.367944717407227,20.619361877441406
14,0.0,0.5,0.3,22.24380683898925,19.339534759521484
14,0.0,0.6,0.3,21.232017517089844,20.04338264465332
14,0.0,0.7,0.3,19.668920516967773,19.54694175720215
14,0.0,0.8,0.3,19.22047233581543,20.42577171325684
14,0.0,0.9,0.3,17.878238677978516,21.35315704345703
14,0.0,1.0,0.3,17.596023559570312,18.262109756469727
15,0.0,0.0,0.3,21.33286094665528,21.59490394592285
15,0.0,0.1,0.3,21.267475128173828,20.92974090576172
15,0.0,0.2,0.3,20.90213966369629,23.119373321533203
15,0.0,0.3,0.3,20.217506408691406,22.508474349975582
15,0.0,0.4,0.3,19.362966537475582,23.50883102416992
15,0.0,0.5,0.3,18.59599876403809,26.00924301147461
15,0.0,0.6,0.3,17.93484878540039,22.0911808013916
15,0.0,0.7,0.3,17.30495834350586,23.210140228271484
15,0.0,0.8,0.3,16.10638427734375,23.864330291748047
15,0.0,0.9,0.3,15.00598430633545,23.609310150146484
15,0.0,1.0,0.3,14.531465530395508,23.516176223754883
16,0.0,0.0,0.3,18.44021224975586,21.97496032714844
16,0.0,0.1,0.3,18.46628761291504,21.185436248779297
16,0.0,0.2,0.3,18.435312271118164,21.72089195251465
16,0.0,0.3,0.3,18.082706451416016,21.89175033569336
16,0.0,0.4,0.3,17.670223236083984,23.231143951416016
16,0.0,0.5,0.3,17.37583351135254,23.73887825012207
16,0.0,0.6,0.3,16.259960174560547,21.760513305664062
16,0.0,0.7,0.3,16.382003784179688,21.44806671142578
16,0.0,0.8,0.3,15.086762428283691,21.047016143798828
16,0.0,0.9,0.3,14.461852073669434,23.26138687133789
16,0.0,1.0,0.3,12.531761169433594,22.98884010314941
17,0.0,0.0,0.3,18.81331825256348,19.971235275268555
17,0.0,0.1,0.3,18.824636459350582,19.607643127441406
17,0.0,0.2,0.3,18.82804107666016,18.45126724243164
17,0.0,0.3,0.3,18.649547576904297,21.391576766967773
17,0.0,0.4,0.3,18.33257484436035,21.50874900817871
17,0.0,0.5,0.3,18.2297477722168,21.14754104614257
17,0.0,0.6,0.3,17.975170135498047,21.076509475708008
17,0.0,0.7,0.3,15.591246604919434,20.82008934020996
17,0.0,0.8,0.3,13.485858917236328,22.53522300720215
17,0.0,0.9,0.3,13.090805053710938,24.41299629211425
17,0.0,1.0,0.3,14.547658920288086,22.95161247253418
18,0.0,0.0,0.3,19.980602264404297,22.713762283325195
18,0.0,0.1,0.3,19.974504470825195,22.85252952575684
18,0.0,0.2,0.3,20.00560760498047,22.96803474426269
18,0.0,0.3,0.3,19.65230941772461,23.27080726623535
18,0.0,0.4,0.3,19.727170944213867,22.93214988708496
18,0.0,0.5,0.3,19.36961555480957,23.664356231689453
18,0.0,0.6,0.3,18.660261154174805,28.20174789428711
18,0.0,0.7,0.3,18.376094818115234,27.139747619628903
18,0.0,0.8,0.3,18.057758331298828,22.744888305664062
18,0.0,0.9,0.3,15.692306518554688,25.657527923583984
18,0.0,1.0,0.3,12.67108917236328,25.10881423950196
19,0.0,0.0,0.3,16.884719848632812,25.23758316040039
19,0.0,0.1,0.3,16.84770965576172,24.53734970092773
19,0.0,0.2,0.3,16.624202728271484,26.036521911621094
19,0.0,0.3,0.3,16.112743377685547,25.41627311706543
19,0.0,0.4,0.3,15.601624488830566,24.752975463867188
19,0.0,0.5,0.3,15.27273178100586,23.964385986328125
19,0.0,0.6,0.3,14.831377029418944,24.43564796447754
19,0.0,0.7,0.3,14.05580234527588,26.525882720947266
19,0.0,0.8,0.3,13.461158752441406,23.85716819763184
19,0.0,0.9,0.3,13.408369064331056,22.62473487854004
19,0.0,1.0,0.3,13.34153652191162,21.773473739624023
20,0.0,0.0,0.3,19.193622589111328,29.89110946655273
20,0.0,0.1,0.3,19.184383392333984,28.744972229003903
20,0.0,0.2,0.3,18.95509910583496,29.66606903076172
20,0.0,0.3,0.3,18.58506774902344,29.11362266540528
20,0.0,0.4,0.3,17.968290328979492,29.39067840576172
20,0.0,0.5,0.3,17.585800170898438,29.04868698120117
20,0.0,0.6,0.3,17.234472274780273,29.762523651123047
20,0.0,0.7,0.3,16.6019344329834,29.718101501464844
20,0.0,0.8,0.3,14.724701881408691,29.120859146118164
20,0.0,0.9,0.3,14.515725135803224,28.60730361938477
20,0.0,1.0,0.3,15.806836128234863,28.51878929138184
21,0.0,0.0,0.3,18.17369842529297,27.436697006225582
21,0.0,0.1,0.3,18.16639518737793,27.332931518554688
21,0.0,0.2,0.3,18.19438362121582,27.38526725769043
21,0.0,0.3,0.3,18.153627395629883,27.110252380371094
21,0.0,0.4,0.3,18.00322914123535,27.58969116210937
21,0.0,0.5,0.3,17.859350204467773,28.65447998046875
21,0.0,0.6,0.3,17.682252883911133,27.94036293029785
21,0.0,0.7,0.3,16.93819808959961,28.832704544067383
21,0.0,0.8,0.3,17.276166915893555,27.924949645996094
21,0.0,0.9,0.3,16.364118576049805,29.02357482910156
21,0.0,1.0,0.3,16.006404876708984,30.994569778442383
22,0.0,0.0,0.3,14.872546195983888,19.70474624633789
22,0.0,0.1,0.3,14.84090518951416,22.7442684173584
22,0.0,0.2,0.3,14.717524528503418,22.62748908996582
22,0.0,0.3,0.3,14.4713134765625,23.73222541809082
22,0.0,0.4,0.3,14.187785148620604,24.34332275390625
22,0.0,0.5,0.3,14.081868171691896,21.002161026000977
22,0.0,0.6,0.3,13.775236129760742,22.769012451171875
22,0.0,0.7,0.3,13.103245735168455,22.785913467407227
22,0.0,0.8,0.3,11.62032985687256,21.90326881408692
22,0.0,0.9,0.3,11.243632316589355,23.48760032653809
22,0.0,1.0,0.3,10.44054889678955,17.987930297851562
23,0.0,0.0,0.3,19.88605499267578,27.42342567443848
23,0.0,0.1,0.3,19.878782272338867,27.48339462280273
23,0.0,0.2,0.3,19.842628479003903,27.82309341430664
23,0.0,0.3,0.3,19.74054908752441,27.93097877502441
23,0.0,0.4,0.3,19.610042572021484,27.82511138916016
23,0.0,0.5,0.3,19.46409797668457,28.3420524597168
23,0.0,0.6,0.3,19.271371841430664,27.92026901245117
23,0.0,0.7,0.3,18.96392250061035,28.291393280029297
23,0.0,0.8,0.3,18.362680435180664,29.0285701751709
23,0.0,0.9,0.3,18.249135971069336,28.293132781982425
23,0.0,1.0,0.3,17.658058166503906,28.803560256958008
24,0.0,0.0,0.3,18.97899627685547,24.21420669555664
24,0.0,0.1,0.3,18.96681022644043,24.387805938720703
24,0.0,0.2,0.3,18.95581245422364,23.58153533935547
24,0.0,0.3,0.3,18.933155059814453,24.21586227416992
24,0.0,0.4,0.3,18.94271850585937,22.66780662536621
24,0.0,0.5,0.3,18.95551490783692,23.71434783935547
24,0.0,0.6,0.3,18.6240177154541,26.08295440673828
24,0.0,0.7,0.3,18.44926071166992,25.987592697143555
24,0.0,0.8,0.3,17.535673141479492,26.897573471069336
24,0.0,0.9,0.3,15.965362548828123,26.630884170532227
24,0.0,1.0,0.3,13.582194328308104,27.47160720825196
25,0.0,0.0,0.3,18.78144836425781,27.255815505981445
25,0.0,0.1,0.3,18.715606689453125,28.95528030395508
25,0.0,0.2,0.3,18.58967399597168,28.513896942138672
25,0.0,0.3,0.3,18.15973281860352,27.788997650146484
25,0.0,0.4,0.3,17.878915786743164,30.194557189941406
25,0.0,0.5,0.3,17.373254776000977,29.390457153320312
25,0.0,0.6,0.3,16.54183578491211,31.83426284790039
25,0.0,0.7,0.3,14.64128875732422,24.576696395874023
25,0.0,0.8,0.3,12.545384407043455,29.962448120117188
25,0.0,0.9,0.3,10.362237930297852,30.314626693725582
25,0.0,1.0,0.3,10.224574089050291,23.14495658874512
26,0.0,0.0,0.3,20.00330924987793,16.110288619995117
26,0.0,0.1,0.3,19.97360038757324,16.669950485229492
26,0.0,0.2,0.3,19.80740737915039,20.81593513488769
26,0.0,0.3,0.3,19.346553802490234,25.32553672790528
26,0.0,0.4,0.3,18.70508003234864,28.762754440307617
26,0.0,0.5,0.3,17.709924697875977,29.56617546081543
26,0.0,0.6,0.3,16.552413940429688,30.6908016204834
26,0.0,0.7,0.3,15.090120315551758,31.465959548950195
26,0.0,0.8,0.3,14.379735946655272,32.88983154296875
26,0.0,0.9,0.3,14.096796035766602,31.37551498413086
26,0.0,1.0,0.3,13.611842155456545,30.703275680541992
27,0.0,0.0,0.3,19.102075576782227,19.848285675048828
27,0.0,0.1,0.3,19.09766387939453,20.253536224365234
27,0.0,0.2,0.3,19.11135673522949,22.400440216064453
27,0.0,0.3,0.3,19.099409103393555,23.701719284057617
27,0.0,0.4,0.3,19.097431182861328,22.08258819580078
27,0.0,0.5,0.3,19.08571052551269,21.235475540161133
27,0.0,0.6,0.3,18.71231460571289,21.061697006225582
27,0.0,0.7,0.3,18.20179557800293,21.00114250183105
27,0.0,0.8,0.3,17.863677978515625,21.77873420715332
27,0.0,0.9,0.3,17.006486892700195,24.233741760253903
27,0.0,1.0,0.3,16.70393180847168,20.2517032623291
28,0.0,0.0,0.3,21.78769302368164,23.70208740234375
28,0.0,0.1,0.3,21.780845642089844,23.89558792114257
28,0.0,0.2,0.3,21.69953727722168,23.48194694519043
28,0.0,0.3,0.3,21.588586807250977,23.832740783691406
28,0.0,0.4,0.3,21.33023452758789,24.29181861877441
28,0.0,0.5,0.3,21.349184036254883,24.58731269836425
28,0.0,0.6,0.3,21.36716651916504,24.34049224853516
28,0.0,0.7,0.3,21.06534194946289,24.35191345214844
28,0.0,0.8,0.3,19.363147735595703,25.089847564697266
28,0.0,0.9,0.3,16.866384506225586,27.511648178100582
28,0.0,1.0,0.3,15.473007202148438,27.69303321838379
29,0.0,0.0,0.3,20.688814163208008,26.723283767700195
29,0.0,0.1,0.3,20.680479049682617,25.81991195678711
29,0.0,0.2,0.3,20.596559524536133,25.58560943603516
29,0.0,0.3,0.3,20.022817611694336,26.41780471801757
29,0.0,0.4,0.3,19.4598445892334,27.041547775268555
29,0.0,0.5,0.3,19.46452713012696,26.69635391235352
29,0.0,0.6,0.3,19.008752822875977,27.86584854125977
29,0.0,0.7,0.3,18.61734771728516,28.67876243591309
29,0.0,0.8,0.3,17.678319931030273,25.89339637756348
29,0.0,0.9,0.3,17.217016220092773,27.58321762084961
29,0.0,1.0,0.3,16.758907318115234,27.581729888916016
30,0.0,0.0,0.3,17.415319442749023,19.370906829833984
30,0.0,0.1,0.3,17.402904510498047,19.022836685180664
30,0.0,0.2,0.3,17.272130966186523,19.29549789428711
30,0.0,0.3,0.3,16.86440086364746,20.085092544555664
30,0.0,0.4,0.3,16.661521911621094,21.15483283996582
30,0.0,0.5,0.3,15.95058536529541,28.83963966369629
30,0.0,0.6,0.3,15.686410903930664,26.80930519104004
30,0.0,0.7,0.3,15.26451015472412,25.393617630004883
30,0.0,0.8,0.3,15.2085542678833,22.45039367675781
30,0.0,0.9,0.3,14.735042572021484,25.71814727783203
30,0.0,1.0,0.3,15.475245475769045,19.58423042297364
31,0.0,0.0,0.3,22.40873146057129,21.31702995300293
31,0.0,0.1,0.3,22.41656494140625,21.29329299926757
31,0.0,0.2,0.3,22.398176193237305,21.59542655944824
31,0.0,0.3,0.3,22.298383712768555,21.870359420776367
31,0.0,0.4,0.3,22.215574264526367,21.4692497253418
31,0.0,0.5,0.3,22.283994674682617,21.830137252807617
31,0.0,0.6,0.3,22.0427188873291,21.26346015930176
31,0.0,0.7,0.3,21.514039993286133,22.537342071533203
31,0.0,0.8,0.3,19.878921508789062,21.335134506225582
31,0.0,0.9,0.3,15.689723014831545,26.1990909576416
31,0.0,1.0,0.3,12.857832908630373,28.17287826538086
32,0.0,0.0,0.3,19.32196998596192,16.624147415161133
32,0.0,0.1,0.3,19.31252861022949,16.912996292114258
32,0.0,0.2,0.3,19.343963623046875,16.732654571533203
32,0.0,0.3,0.3,19.187366485595703,17.02703857421875
32,0.0,0.4,0.3,19.01254653930664,17.161563873291016
32,0.0,0.5,0.3,18.72368621826172,17.480972290039062
32,0.0,0.6,0.3,17.62659454345703,19.042856216430664
32,0.0,0.7,0.3,16.606117248535156,17.067720413208008
32,0.0,0.8,0.3,15.111812591552734,21.965801239013672
32,0.0,0.9,0.3,14.577985763549805,21.22429656982422
32,0.0,1.0,0.3,14.738533973693848,20.880651473999023
33,0.0,0.0,0.3,20.6892032623291,33.062442779541016
33,0.0,0.1,0.3,20.657344818115234,33.016265869140625
33,0.0,0.2,0.3,20.633922576904297,33.83794403076172
33,0.0,0.3,0.3,20.33987617492676,33.43723678588867
33,0.0,0.4,0.3,20.20618057250977,33.447608947753906
33,0.0,0.5,0.3,19.836782455444336,34.62501907348633
33,0.0,0.6,0.3,19.697893142700195,34.64695739746094
33,0.0,0.7,0.3,19.28169822692871,34.26216125488281
33,0.0,0.8,0.3,18.884689331054688,34.63970947265625
33,0.0,0.9,0.3,18.61260414123535,34.896236419677734
33,0.0,1.0,0.3,19.59678840637207,33.47365951538086
34,0.0,0.0,0.3,17.112455368041992,32.707427978515625
34,0.0,0.1,0.3,17.074867248535156,32.266563415527344
34,0.0,0.2,0.3,16.940763473510742,33.35315704345703
34,0.0,0.3,0.3,16.692270278930664,33.07815170288086
34,0.0,0.4,0.3,16.54107666015625,33.06093978881836
34,0.0,0.5,0.3,15.931302070617676,33.15130615234375
34,0.0,0.6,0.3,15.25440788269043,32.4720458984375
34,0.0,0.7,0.3,14.214356422424316,33.43638610839844
34,0.0,0.8,0.3,13.628450393676758,34.32305908203125
34,0.0,0.9,0.3,13.53069305419922,35.28097915649414
34,0.0,1.0,0.3,13.706938743591309,36.36297607421875
35,0.0,0.0,0.3,19.16877555847168,23.33924102783203
35,0.0,0.1,0.3,19.162904739379883,24.015056610107425
35,0.0,0.2,0.3,19.089025497436523,22.39995765686035
35,0.0,0.3,0.3,18.750732421875,21.56638526916504
35,0.0,0.4,0.3,18.10848426818848,21.847637176513672
35,0.0,0.5,0.3,17.515094757080078,21.584083557128903
35,0.0,0.6,0.3,16.427358627319336,19.74512481689453
35,0.0,0.7,0.3,15.227431297302246,27.685535430908203
35,0.0,0.8,0.3,15.772300720214844,29.065114974975582
35,0.0,0.9,0.3,14.654000282287598,28.415416717529297
35,0.0,1.0,0.3,13.479533195495604,27.19156074523925
36,0.0,0.0,0.3,21.016752243041992,15.177124977111816
36,0.0,0.1,0.3,20.972627639770508,15.294419288635254
36,0.0,0.2,0.3,20.8135986328125,16.389446258544922
36,0.0,0.3,0.3,20.408315658569336,15.488725662231444
36,0.0,0.4,0.3,19.922718048095703,16.597780227661133
36,0.0,0.5,0.3,19.977754592895508,17.939659118652344
36,0.0,0.6,0.3,19.576292037963867,15.023567199707031
36,0.0,0.7,0.3,17.87898826599121,16.7710018157959
36,0.0,0.8,0.3,18.466123580932617,17.0535945892334
36,0.0,0.9,0.3,18.26944160461425,18.04088020324707
36,0.0,1.0,0.3,16.901865005493164,14.858257293701172
37,0.0,0.0,0.3,18.8903865814209,23.97713661193848
37,0.0,0.1,0.3,18.898712158203125,23.790189743041992
37,0.0,0.2,0.3,18.911767959594727,23.86870765686035
37,0.0,0.3,0.3,18.71430397033692,24.168371200561523
37,0.0,0.4,0.3,18.3884391784668,23.88980293273925
37,0.0,0.5,0.3,18.010433197021484,23.611204147338867
37,0.0,0.6,0.3,17.446731567382812,23.556241989135746
37,0.0,0.7,0.3,17.295291900634766,24.095947265625
37,0.0,0.8,0.3,17.11057472229004,24.14042282104492
37,0.0,0.9,0.3,16.088220596313477,23.99135398864746
37,0.0,1.0,0.3,15.903436660766602,23.60245513916016
38,0.0,0.0,0.3,19.404420852661133,27.93246841430664
38,0.0,0.1,0.3,19.412256240844727,27.930694580078125
38,0.0,0.2,0.3,19.40846443176269,27.984413146972656
38,0.0,0.3,0.3,19.37555313110352,27.9504508972168
38,0.0,0.4,0.3,19.345354080200195,28.072797775268555
38,0.0,0.5,0.3,19.311368942260746,28.286540985107425
38,0.0,0.6,0.3,19.29622840881348,27.35603713989257
38,0.0,0.7,0.3,19.142240524291992,27.716821670532227
38,0.0,0.8,0.3,19.057172775268555,27.52945709228516
38,0.0,0.9,0.3,18.61945533752441,28.671688079833984
38,0.0,1.0,0.3,16.595335006713867,29.93854522705078
39,0.0,0.0,0.3,17.35362434387207,24.67313766479492
39,0.0,0.1,0.3,17.32016944885254,25.094139099121094
39,0.0,0.2,0.3,17.25005531311035,25.432003021240234
39,0.0,0.3,0.3,16.97787857055664,24.7541732788086
39,0.0,0.4,0.3,16.41282081604004,24.429292678833008
39,0.0,0.5,0.3,14.77242374420166,24.380245208740234
39,0.0,0.6,0.3,14.223532676696776,21.632068634033203
39,0.0,0.7,0.3,14.185761451721191,24.01933479309082
39,0.0,0.8,0.3,13.756811141967772,21.73002052307129
39,0.0,0.9,0.3,13.854696273803713,23.29945945739746
39,0.0,1.0,0.3,13.93002986907959,24.962326049804688
40,0.0,0.0,0.3,19.61764907836914,27.098264694213867
40,0.0,0.1,0.3,19.470365524291992,27.29085731506348
40,0.0,0.2,0.3,19.47260856628418,25.9359130859375
40,0.0,0.3,0.3,19.145782470703125,25.300546646118164
40,0.0,0.4,0.3,18.549457550048828,29.378097534179688
40,0.0,0.5,0.3,19.347307205200195,26.53236389160156
40,0.0,0.6,0.3,18.51732635498047,28.079116821289062
40,0.0,0.7,0.3,16.358516693115234,28.194881439208984
40,0.0,0.8,0.3,17.1938533782959,27.47627258300781
40,0.0,0.9,0.3,15.51900577545166,26.777082443237305
40,0.0,1.0,0.3,16.4074764251709,31.45323371887207
41,0.0,0.0,0.3,19.26046371459961,26.69417190551757
41,0.0,0.1,0.3,19.24698257446289,26.20021629333496
41,0.0,0.2,0.3,19.132999420166016,25.93046188354492
41,0.0,0.3,0.3,18.79073905944824,26.883792877197266
41,0.0,0.4,0.3,18.728899002075195,25.69802665710449
41,0.0,0.5,0.3,18.505046844482425,26.262771606445312
41,0.0,0.6,0.3,18.151439666748047,26.791000366210938
41,0.0,0.7,0.3,16.921512603759766,25.766551971435547
41,0.0,0.8,0.3,15.880086898803713,25.9208984375
41,0.0,0.9,0.3,14.843271255493164,26.278051376342773
41,0.0,1.0,0.3,12.826005935668944,25.96497917175293
42,0.0,0.0,0.3,23.89854431152344,25.726900100708008
42,0.0,0.1,0.3,23.817392349243164,29.928516387939453
42,0.0,0.2,0.3,23.39769554138184,29.23404312133789
42,0.0,0.3,0.3,22.80101776123047,29.13965034484864
42,0.0,0.4,0.3,21.84596061706543,30.1444091796875
42,0.0,0.5,0.3,21.46617889404297,30.298852920532227
42,0.0,0.6,0.3,21.11459732055664,29.96176719665528
42,0.0,0.7,0.3,20.995019912719727,29.12873077392578
42,0.0,0.8,0.3,20.069053649902344,29.50357818603516
42,0.0,0.9,0.3,17.695220947265625,29.619043350219727
42,0.0,1.0,0.3,16.517946243286133,30.659652709960938
43,0.0,0.0,0.3,22.375911712646484,24.11135482788086
43,0.0,0.1,0.3,22.379507064819336,24.189796447753903
43,0.0,0.2,0.3,22.373340606689453,23.824472427368164
43,0.0,0.3,0.3,22.129350662231445,24.21674537658692
43,0.0,0.4,0.3,21.65851402282715,24.12226867675781
43,0.0,0.5,0.3,21.010177612304688,24.51639175415039
43,0.0,0.6,0.3,19.78061866760254,23.916200637817383
43,0.0,0.7,0.3,19.26254844665528,22.959856033325195
43,0.0,0.8,0.3,18.080177307128903,22.19131851196289
43,0.0,0.9,0.3,15.884370803833008,22.81532859802246
43,0.0,1.0,0.3,14.748708724975586,23.03328895568848
44,0.0,0.0,0.3,17.632125854492188,18.291667938232425
44,0.0,0.1,0.3,17.62929344177246,18.406578063964844
44,0.0,0.2,0.3,17.59177589416504,17.73797607421875
44,0.0,0.3,0.3,17.517133712768555,20.440717697143555
44,0.0,0.4,0.3,16.89928436279297,21.95723342895508
44,0.0,0.5,0.3,15.914917945861816,21.931856155395508
44,0.0,0.6,0.3,14.43006992340088,27.222946166992188
44,0.0,0.7,0.3,13.586222648620604,28.089204788208008
44,0.0,0.8,0.3,13.39408016204834,27.096473693847656
44,0.0,0.9,0.3,12.47978401184082,23.128257751464844
44,0.0,1.0,0.3,12.399516105651855,26.608203887939453
45,0.0,0.0,0.3,20.47311782836914,27.909204483032227
45,0.0,0.1,0.3,20.45028686523437,27.923065185546875
45,0.0,0.2,0.3,20.3935489654541,29.03695678710937
45,0.0,0.3,0.3,20.1933536529541,28.651687622070312
45,0.0,0.4,0.3,19.71798515319824,29.204486846923828
45,0.0,0.5,0.3,19.59069061279297,29.386812210083008
45,0.0,0.6,0.3,18.565710067749023,29.54043769836425
45,0.0,0.7,0.3,15.348865509033203,27.445554733276367
45,0.0,0.8,0.3,13.056437492370604,26.537872314453125
45,0.0,0.9,0.3,12.747361183166504,30.160314559936523
45,0.0,1.0,0.3,14.173460006713867,29.33932876586914
46,0.0,0.0,0.3,22.22257232666016,23.03262519836425
46,0.0,0.1,0.3,22.190324783325195,22.76097297668457
46,0.0,0.2,0.3,22.14057922363281,23.12236785888672
46,0.0,0.3,0.3,21.529993057250977,23.36101531982422
46,0.0,0.4,0.3,20.82626342773437,23.81220245361328
46,0.0,0.5,0.3,20.698619842529297,23.837024688720703
46,0.0,0.6,0.3,20.65604591369629,23.717485427856445
46,0.0,0.7,0.3,20.04212760925293,23.40237617492676
46,0.0,0.8,0.3,19.277502059936523,22.45136833190918
46,0.0,0.9,0.3,19.457624435424805,23.030288696289062
46,0.0,1.0,0.3,19.92884635925293,22.993776321411133
47,0.0,0.0,0.3,14.464343070983888,20.529186248779297
47,0.0,0.1,0.3,14.456279754638672,20.65962028503418
47,0.0,0.2,0.3,14.44316864013672,20.98342704772949
47,0.0,0.3,0.3,14.369903564453123,21.12638092041016
47,0.0,0.4,0.3,14.216532707214355,21.021465301513672
47,0.0,0.5,0.3,13.730175971984863,21.5241813659668
47,0.0,0.6,0.3,12.978032112121582,22.909942626953125
47,0.0,0.7,0.3,12.223811149597168,22.999652862548828
47,0.0,0.8,0.3,11.219325065612791,22.307058334350582
47,0.0,0.9,0.3,10.509414672851562,21.442930221557617
47,0.0,1.0,0.3,10.579394340515137,21.675670623779297
48,0.0,0.0,0.3,23.05365562438965,22.584510803222656
48,0.0,0.1,0.3,23.02829933166504,22.7373046875
48,0.0,0.2,0.3,22.93400955200196,22.379610061645508
48,0.0,0.3,0.3,22.772947311401367,23.19551658630371
48,0.0,0.4,0.3,22.50807380676269,22.459760665893555
48,0.0,0.5,0.3,22.03851890563965,22.25082397460937
48,0.0,0.6,0.3,21.380746841430664,22.3767032623291
48,0.0,0.7,0.3,20.50545120239257,22.579496383666992
48,0.0,0.8,0.3,18.95758819580078,22.631750106811523
48,0.0,0.9,0.3,17.198972702026367,22.78492927551269
48,0.0,1.0,0.3,15.919234275817873,23.06021881103516
49,0.0,0.0,0.3,22.32096290588379,20.637041091918945
49,0.0,0.1,0.3,22.26426696777344,20.7176513671875
49,0.0,0.2,0.3,22.18384552001953,20.87120056152344
49,0.0,0.3,0.3,21.928630828857425,21.95478057861328
49,0.0,0.4,0.3,21.43389892578125,22.745820999145508
49,0.0,0.5,0.3,20.917200088500977,23.390748977661133
49,0.0,0.6,0.3,20.29326057434082,23.599838256835938
49,0.0,0.7,0.3,19.18762969970703,23.81122779846192
49,0.0,0.8,0.3,18.418672561645508,24.29512596130371
49,0.0,0.9,0.3,19.01473617553711,23.03350067138672
49,0.0,1.0,0.3,15.9374418258667,22.59230232238769
50,0.0,0.0,0.3,20.04462432861328,24.13506126403809
50,0.0,0.1,0.3,19.960107803344727,24.36700820922852
50,0.0,0.2,0.3,19.76396942138672,26.34173011779785
50,0.0,0.3,0.3,19.604564666748047,26.111474990844727
50,0.0,0.4,0.3,18.958927154541016,26.13435935974121
50,0.0,0.5,0.3,18.19234275817871,25.468406677246094
50,0.0,0.6,0.3,17.23529052734375,25.18530464172364
50,0.0,0.7,0.3,17.260452270507812,26.619524002075195
50,0.0,0.8,0.3,16.063446044921875,27.4101676940918
50,0.0,0.9,0.3,12.919907569885254,27.14708709716797
50,0.0,1.0,0.3,12.155259132385254,27.672996520996094
51,0.0,0.0,0.3,18.92607879638672,26.091670989990234
51,0.0,0.1,0.3,18.900814056396484,25.825742721557617
51,0.0,0.2,0.3,18.86596298217773,26.14005279541016
51,0.0,0.3,0.3,18.62059593200684,25.865196228027344
51,0.0,0.4,0.3,18.34847640991211,26.643558502197266
51,0.0,0.5,0.3,17.9116153717041,26.882816314697266
51,0.0,0.6,0.3,17.557823181152344,27.11288833618164
51,0.0,0.7,0.3,16.829885482788086,26.21630096435547
51,0.0,0.8,0.3,16.99650001525879,25.93614387512207
51,0.0,0.9,0.3,17.14985466003418,26.70441055297852
51,0.0,1.0,0.3,16.25731086730957,26.72458267211914
52,0.0,0.0,0.3,25.6315975189209,18.152502059936523
52,0.0,0.1,0.3,25.59686088562012,18.042192459106445
52,0.0,0.2,0.3,25.522274017333984,17.585723876953125
52,0.0,0.3,0.3,25.13156509399414,18.246150970458984
52,0.0,0.4,0.3,23.98828315734864,16.033315658569336
52,0.0,0.5,0.3,23.008628845214844,17.752397537231445
52,0.0,0.6,0.3,20.96249008178711,20.58135223388672
52,0.0,0.7,0.3,18.25551414489746,29.351741790771484
52,0.0,0.8,0.3,17.020328521728516,31.809654235839844
52,0.0,0.9,0.3,16.612449645996094,28.52349281311035
52,0.0,1.0,0.3,13.97364902496338,33.45275115966797
53,0.0,0.0,0.3,19.054443359375,24.27326774597168
53,0.0,0.1,0.3,19.055070877075195,24.17220497131348
53,0.0,0.2,0.3,19.05174827575684,23.414913177490234
53,0.0,0.3,0.3,19.11539077758789,22.965856552124023
53,0.0,0.4,0.3,19.10110282897949,23.47698211669922
53,0.0,0.5,0.3,19.05410385131836,23.331275939941406
53,0.0,0.6,0.3,18.611183166503903,23.546667098999023
53,0.0,0.7,0.3,17.584436416625977,22.62410926818848
53,0.0,0.8,0.3,17.397117614746094,25.22295188903809
53,0.0,0.9,0.3,13.539359092712402,24.28598022460937
53,0.0,1.0,0.3,15.482539176940918,27.62395668029785
54,0.0,0.0,0.3,18.64459800720215,23.249845504760746
54,0.0,0.1,0.3,18.6506290435791,24.112722396850582
54,0.0,0.2,0.3,18.55966758728028,22.337081909179688
54,0.0,0.3,0.3,18.418981552124023,23.411518096923828
54,0.0,0.4,0.3,17.7183895111084,22.537538528442383
54,0.0,0.5,0.3,16.30127716064453,21.97538948059082
54,0.0,0.6,0.3,16.821489334106445,25.568517684936523
54,0.0,0.7,0.3,16.636281967163086,22.466907501220703
54,0.0,0.8,0.3,15.294734954833984,21.7193603515625
54,0.0,0.9,0.3,16.189889907836914,20.43966293334961
54,0.0,1.0,0.3,15.482128143310549,19.7747745513916
55,0.0,0.0,0.3,19.392019271850582,26.245317459106445
55,0.0,0.1,0.3,19.332237243652344,26.22539329528809
55,0.0,0.2,0.3,18.93924903869629,28.08440971374512
55,0.0,0.3,0.3,18.312095642089844,29.704444885253903
55,0.0,0.4,0.3,17.331586837768555,29.284255981445312
55,0.0,0.5,0.3,16.407058715820312,29.04683303833008
55,0.0,0.6,0.3,15.318511009216309,29.093095779418945
55,0.0,0.7,0.3,14.374435424804688,28.44268035888672
55,0.0,0.8,0.3,13.365025520324709,29.694503784179688
55,0.0,0.9,0.3,13.621895790100098,27.23103141784668
55,0.0,1.0,0.3,14.482335090637209,27.84528160095215
56,0.0,0.0,0.3,18.76043128967285,21.50846672058105
56,0.0,0.1,0.3,18.76206970214844,21.82805633544922
56,0.0,0.2,0.3,18.68758583068848,21.921646118164062
56,0.0,0.3,0.3,18.368188858032227,22.86865997314453
56,0.0,0.4,0.3,17.863996505737305,25.82701110839844
56,0.0,0.5,0.3,17.15865135192871,27.59577369689941
56,0.0,0.6,0.3,16.341236114501953,28.68632125854492
56,0.0,0.7,0.3,15.526479721069336,30.590063095092773
56,0.0,0.8,0.3,15.252569198608398,30.154830932617188
56,0.0,0.9,0.3,13.765902519226074,30.4021110534668
56,0.0,1.0,0.3,14.739179611206056,30.74251937866211
57,0.0,0.0,0.3,14.939698219299316,22.11432456970215
57,0.0,0.1,0.3,14.944340705871582,22.26447105407715
57,0.0,0.2,0.3,14.941259384155272,22.14146614074707
57,0.0,0.3,0.3,14.912847518920898,22.062694549560547
57,0.0,0.4,0.3,14.917704582214355,22.09844970703125
57,0.0,0.5,0.3,14.88801097869873,22.730478286743164
57,0.0,0.6,0.3,14.910515785217283,22.801816940307617
57,0.0,0.7,0.3,14.684182167053224,22.40616035461425
57,0.0,0.8,0.3,14.18708324432373,22.856395721435547
57,0.0,0.9,0.3,10.200553894042969,23.1722412109375
57,0.0,1.0,0.3,12.489580154418944,22.777082443237305
58,0.0,0.0,0.3,20.842397689819336,22.59871864318848
58,0.0,0.1,0.3,20.82378196716309,23.051219940185547
58,0.0,0.2,0.3,20.79272079467773,24.57958221435547
58,0.0,0.3,0.3,20.50273704528809,23.696008682250977
58,0.0,0.4,0.3,20.098691940307617,23.78450965881348
58,0.0,0.5,0.3,18.9184799194336,25.122180938720703
58,0.0,0.6,0.3,17.648622512817383,25.14921188354492
58,0.0,0.7,0.3,16.604232788085938,25.555953979492188
58,0.0,0.8,0.3,15.825281143188477,27.146211624145508
58,0.0,0.9,0.3,14.47007179260254,26.545455932617188
58,0.0,1.0,0.3,12.801304817199709,26.35513496398925
59,0.0,0.0,0.3,20.54885482788086,23.052967071533203
59,0.0,0.1,0.3,20.54890823364257,22.943910598754883
59,0.0,0.2,0.3,20.523212432861328,22.98630142211914
59,0.0,0.3,0.3,20.355602264404297,23.056974411010746
59,0.0,0.4,0.3,20.314027786254883,23.28013801574707
59,0.0,0.5,0.3,20.36455726623535,22.976953506469727
59,0.0,0.6,0.3,19.9832763671875,22.94575881958008
59,0.0,0.7,0.3,18.98627471923828,24.005859375
59,0.0,0.8,0.3,15.865056037902832,23.843225479125977
59,0.0,0.9,0.3,12.649127960205078,22.419666290283203
59,0.0,1.0,0.3,10.445815086364746,24.71751976013184
60,0.0,0.0,0.3,24.361417770385746,20.65989112854004
60,0.0,0.1,0.3,24.353731155395508,20.524789810180664
60,0.0,0.2,0.3,24.192317962646484,21.2174072265625
60,0.0,0.3,0.3,23.88017463684082,21.748863220214844
60,0.0,0.4,0.3,23.43707656860352,21.56706428527832
60,0.0,0.5,0.3,22.85652542114257,21.27202415466309
60,0.0,0.6,0.3,22.34084129333496,22.444976806640625
60,0.0,0.7,0.3,21.420053482055664,22.673778533935547
60,0.0,0.8,0.3,19.6400146484375,23.91537475585937
60,0.0,0.9,0.3,16.18901252746582,24.04493904113769
60,0.0,1.0,0.3,16.491052627563477,22.66708946228028
61,0.0,0.0,0.3,17.113861083984375,24.37506103515625
61,0.0,0.1,0.3,17.101472854614258,24.568340301513672
61,0.0,0.2,0.3,17.054121017456055,24.64351272583008
61,0.0,0.3,0.3,16.894317626953125,25.803895950317383
61,0.0,0.4,0.3,16.72442626953125,25.91329765319824
61,0.0,0.5,0.3,16.499427795410156,26.15922737121582
61,0.0,0.6,0.3,16.147319793701172,25.50596046447754
61,0.0,0.7,0.3,15.547159194946287,26.32208251953125
61,0.0,0.8,0.3,15.302986145019531,26.170040130615234
61,0.0,0.9,0.3,14.7544584274292,26.190298080444336
61,0.0,1.0,0.3,14.493735313415527,25.91828155517578
62,0.0,0.0,0.3,18.31166076660156,23.62495422363281
62,0.0,0.1,0.3,18.314287185668945,23.03570556640625
62,0.0,0.2,0.3,18.20623207092285,21.719789505004883
62,0.0,0.3,0.3,17.528955459594727,23.093721389770508
62,0.0,0.4,0.3,16.658655166625977,25.97574043273925
62,0.0,0.5,0.3,16.087820053100586,25.79960823059082
62,0.0,0.6,0.3,14.853761672973633,23.542356491088867
62,0.0,0.7,0.3,14.877663612365724,27.198863983154297
62,0.0,0.8,0.3,15.266802787780762,26.0050048828125
62,0.0,0.9,0.3,13.938286781311035,31.944393157958984
62,0.0,1.0,0.3,15.673490524291992,27.00110626220703
63,0.0,0.0,0.3,19.18795585632324,24.92274284362793
63,0.0,0.1,0.3,19.19169044494629,25.87880516052246
63,0.0,0.2,0.3,19.08415985107422,25.45171165466309
63,0.0,0.3,0.3,18.956562042236328,26.62485885620117
63,0.0,0.4,0.3,18.890277862548828,26.536664962768555
63,0.0,0.5,0.3,18.589672088623047,26.61516571044922
63,0.0,0.6,0.3,17.757293701171875,26.19747734069824
63,0.0,0.7,0.3,17.37082290649414,27.928335189819336
63,0.0,0.8,0.3,16.349342346191406,27.031797409057617
63,0.0,0.9,0.3,16.156238555908203,27.566951751708984
63,0.0,1.0,0.3,16.390464782714844,25.626903533935547
64,0.0,0.0,0.3,18.18431663513184,22.04687690734864
64,0.0,0.1,0.3,18.162736892700195,21.98351287841797
64,0.0,0.2,0.3,18.04403305053711,24.609174728393555
64,0.0,0.3,0.3,17.952392578125,24.113807678222656
64,0.0,0.4,0.3,17.572973251342773,23.98764419555664
64,0.0,0.5,0.3,16.823083877563477,26.727558135986328
64,0.0,0.6,0.3,15.36462688446045,28.116714477539062
64,0.0,0.7,0.3,14.919007301330566,26.522953033447266
64,0.0,0.8,0.3,13.482561111450195,25.41314125061035
64,0.0,0.9,0.3,10.61382293701172,29.02980232238769
64,0.0,1.0,0.3,9.6436128616333,27.364904403686523
65,0.0,0.0,0.3,20.73540687561035,23.14065933227539
65,0.0,0.1,0.3,20.6956787109375,23.081830978393555
65,0.0,0.2,0.3,20.62384796142578,23.457103729248047
65,0.0,0.3,0.3,20.35759925842285,23.84178924560547
65,0.0,0.4,0.3,19.946910858154297,23.12045669555664
65,0.0,0.5,0.3,19.46241569519043,23.3543701171875
65,0.0,0.6,0.3,18.80455017089844,23.4370346069336
65,0.0,0.7,0.3,17.25105094909668,24.46675682067871
65,0.0,0.8,0.3,15.862140655517578,24.760066986083984
65,0.0,0.9,0.3,15.84483528137207,23.61351776123047
65,0.0,1.0,0.3,16.003324508666992,23.3877010345459
66,0.0,0.0,0.3,18.37401008605957,25.09229850769043
66,0.0,0.1,0.3,18.38975524902344,25.49984359741211
66,0.0,0.2,0.3,18.349971771240234,26.97627639770508
66,0.0,0.3,0.3,18.18323135375977,28.72294807434082
66,0.0,0.4,0.3,17.954248428344727,33.117584228515625
66,0.0,0.5,0.3,17.665067672729492,33.85971450805664
66,0.0,0.6,0.3,17.218725204467773,34.665225982666016
66,0.0,0.7,0.3,17.425745010375977,34.496585845947266
66,0.0,0.8,0.3,16.21849250793457,34.75106430053711
66,0.0,0.9,0.3,16.51133155822754,35.597415924072266
66,0.0,1.0,0.3,14.977842330932615,36.18995666503906
67,0.0,0.0,0.3,19.01239013671875,24.02682304382324
67,0.0,0.1,0.3,19.027175903320312,24.10501289367676
67,0.0,0.2,0.3,18.987667083740234,24.27245140075684
67,0.0,0.3,0.3,18.840192794799805,23.154447555541992
67,0.0,0.4,0.3,18.164581298828125,25.228252410888672
67,0.0,0.5,0.3,17.608919143676758,24.61196517944336
67,0.0,0.6,0.3,15.845236778259276,21.71152877807617
67,0.0,0.7,0.3,17.265552520751953,21.043031692504883
67,0.0,0.8,0.3,16.41587257385254,24.58207893371582
67,0.0,0.9,0.3,16.218124389648438,22.99789047241211
67,0.0,1.0,0.3,16.736047744750977,24.494997024536133
68,0.0,0.0,0.3,21.33055686950684,25.983991622924805
68,0.0,0.1,0.3,21.33395767211914,26.068384170532227
68,0.0,0.2,0.3,21.216533660888672,25.62837028503418
68,0.0,0.3,0.3,20.833982467651367,26.712995529174805
68,0.0,0.4,0.3,20.11052703857422,29.62915802001953
68,0.0,0.5,0.3,18.23810386657715,30.30923080444336
68,0.0,0.6,0.3,18.945480346679688,29.350017547607425
68,0.0,0.7,0.3,18.16338348388672,29.48485946655273
68,0.0,0.8,0.3,17.50254249572754,27.86756706237793
68,0.0,0.9,0.3,17.96382713317871,28.214731216430664
68,0.0,1.0,0.3,17.557357788085938,30.65581321716309
69,0.0,0.0,0.3,19.166194915771484,20.896711349487305
69,0.0,0.1,0.3,19.177433013916016,20.82766914367676
69,0.0,0.2,0.3,18.86648941040039,20.25703430175781
69,0.0,0.3,0.3,18.18086624145508,22.42694091796875
69,0.0,0.4,0.3,17.10063934326172,24.774534225463867
69,0.0,0.5,0.3,16.16785430908203,24.33926773071289
69,0.0,0.6,0.3,14.626728057861328,27.18712043762207
69,0.0,0.7,0.3,13.988515853881836,27.04142951965332
69,0.0,0.8,0.3,13.708869934082031,28.58788299560547
69,0.0,0.9,0.3,12.73432731628418,27.00055503845215
69,0.0,1.0,0.3,13.0145263671875,26.443239212036133
70,0.0,0.0,0.3,24.84317779541016,26.931684494018555
70,0.0,0.1,0.3,24.823862075805664,26.70897483825684
70,0.0,0.2,0.3,24.726842880249023,26.602190017700195
70,0.0,0.3,0.3,24.596025466918945,26.43038558959961
70,0.0,0.4,0.3,24.50537109375,27.211200714111328
70,0.0,0.5,0.3,24.673076629638672,25.91286277770996
70,0.0,0.6,0.3,24.165714263916016,27.25860977172852
70,0.0,0.7,0.3,23.896623611450195,27.244590759277344
70,0.0,0.8,0.3,24.46691131591797,25.998985290527344
70,0.0,0.9,0.3,21.20811462402344,26.88184928894043
70,0.0,1.0,0.3,20.476776123046875,26.94647216796875
71,0.0,0.0,0.3,25.54204368591309,25.137245178222656
71,0.0,0.1,0.3,25.50128936767578,25.36350440979004
71,0.0,0.2,0.3,25.604555130004883,25.16794204711914
71,0.0,0.3,0.3,25.504648208618164,25.586254119873047
71,0.0,0.4,0.3,25.22323226928711,24.897571563720703
71,0.0,0.5,0.3,25.17706680297852,25.45526695251465
71,0.0,0.6,0.3,24.815019607543945,24.296911239624023
71,0.0,0.7,0.3,21.97340583801269,29.43955612182617
71,0.0,0.8,0.3,17.503684997558594,29.252666473388672
71,0.0,0.9,0.3,13.314594268798828,26.47154998779297
71,0.0,1.0,0.3,10.20259952545166,25.54178237915039
72,0.0,0.0,0.3,22.08311653137207,19.501123428344727
72,0.0,0.1,0.3,22.063514709472656,19.79469490051269
72,0.0,0.2,0.3,22.07269096374512,22.08177757263184
72,0.0,0.3,0.3,21.466306686401367,22.48233222961425
72,0.0,0.4,0.3,20.388208389282227,24.072751998901367
72,0.0,0.5,0.3,19.864824295043945,28.90969467163086
72,0.0,0.6,0.3,18.62471580505371,30.54707908630371
72,0.0,0.7,0.3,18.716358184814453,26.21438217163086
72,0.0,0.8,0.3,17.149890899658203,29.612106323242188
72,0.0,0.9,0.3,15.438941955566406,27.02301788330078
72,0.0,1.0,0.3,12.776494979858398,27.210723876953125
73,0.0,0.0,0.3,22.075040817260746,24.50328063964844
73,0.0,0.1,0.3,22.067459106445312,24.79216384887696
73,0.0,0.2,0.3,21.958572387695312,24.31546401977539
73,0.0,0.3,0.3,21.765031814575195,23.86850357055664
73,0.0,0.4,0.3,21.55418586730957,24.2303409576416
73,0.0,0.5,0.3,20.811304092407227,24.73412704467773
73,0.0,0.6,0.3,20.073162078857425,24.224550247192383
73,0.0,0.7,0.3,19.319032669067383,24.746217727661133
73,0.0,0.8,0.3,18.689258575439453,23.08403778076172
73,0.0,0.9,0.3,18.03982734680176,23.789770126342773
73,0.0,1.0,0.3,17.370267868041992,22.54536437988281
74,0.0,0.0,0.3,21.4103946685791,22.73467254638672
74,0.0,0.1,0.3,21.33090209960937,23.08743095397949
74,0.0,0.2,0.3,21.222925186157227,22.96793365478516
74,0.0,0.3,0.3,20.85261344909668,22.84555625915528
74,0.0,0.4,0.3,20.42811584472656,23.24155044555664
74,0.0,0.5,0.3,19.634803771972656,22.54712677001953
74,0.0,0.6,0.3,18.27287673950196,22.202699661254883
74,0.0,0.7,0.3,16.84861946105957,22.29454040527344
74,0.0,0.8,0.3,16.35367774963379,22.447973251342773
74,0.0,0.9,0.3,16.19841766357422,21.6626205444336
74,0.0,1.0,0.3,14.644588470458984,21.900917053222656
75,0.0,0.0,0.3,19.43385124206543,15.214085578918455
75,0.0,0.1,0.3,19.41600799560547,15.130626678466797
75,0.0,0.2,0.3,19.409194946289062,14.64435863494873
75,0.0,0.3,0.3,19.13994789123535,14.797470092773438
75,0.0,0.4,0.3,17.579666137695312,21.585479736328125
75,0.0,0.5,0.3,17.05193519592285,22.528318405151367
75,0.0,0.6,0.3,16.05624008178711,21.00265312194824
75,0.0,0.7,0.3,16.80178451538086,17.39656639099121
75,0.0,0.8,0.3,17.587966918945312,17.672222137451172
75,0.0,0.9,0.3,15.38912868499756,18.117265701293945
75,0.0,1.0,0.3,14.218602180480955,15.260612487792969
76,0.0,0.0,0.3,19.90213966369629,23.716854095458984
76,0.0,0.1,0.3,19.866579055786133,23.363269805908203
76,0.0,0.2,0.3,19.823347091674805,24.094879150390625
76,0.0,0.3,0.3,19.542680740356445,23.56673812866211
76,0.0,0.4,0.3,19.05956649780273,22.35614967346192
76,0.0,0.5,0.3,18.05887222290039,27.887859344482425
76,0.0,0.6,0.3,18.114267349243164,28.277217864990234
76,0.0,0.7,0.3,17.011207580566406,29.5522518157959
76,0.0,0.8,0.3,16.404491424560547,25.711536407470703
76,0.0,0.9,0.3,15.28701114654541,24.606449127197266
76,0.0,1.0,0.3,13.51127815246582,24.630056381225582
77,0.0,0.0,0.3,17.68705940246582,31.09278678894043
77,0.0,0.1,0.3,17.677101135253906,29.957687377929688
77,0.0,0.2,0.3,17.579971313476562,31.27853775024414
77,0.0,0.3,0.3,17.34297752380371,32.486534118652344
77,0.0,0.4,0.3,17.062307357788086,32.020389556884766
77,0.0,0.5,0.3,15.924826622009276,30.514657974243164
77,0.0,0.6,0.3,15.103203773498535,32.2141227722168
77,0.0,0.7,0.3,14.65586757659912,32.242042541503906
77,0.0,0.8,0.3,14.19841480255127,32.37617111206055
77,0.0,0.9,0.3,13.590014457702637,31.18212890625
77,0.0,1.0,0.3,12.917003631591797,29.194408416748047
78,0.0,0.0,0.3,21.92497062683105,23.474937438964844
78,0.0,0.1,0.3,21.870561599731445,24.19497299194336
78,0.0,0.2,0.3,21.611207962036133,24.11537742614746
78,0.0,0.3,0.3,20.87966537475586,23.93735122680664
78,0.0,0.4,0.3,19.93504905700684,24.1848087310791
78,0.0,0.5,0.3,18.85369682312012,24.789369583129883
78,0.0,0.6,0.3,17.138566970825195,24.52173042297364
78,0.0,0.7,0.3,15.659829139709473,24.165916442871094
78,0.0,0.8,0.3,14.467238426208496,24.4276065826416
78,0.0,0.9,0.3,13.722970962524414,25.445934295654297
78,0.0,1.0,0.3,12.875173568725586,25.674755096435547
79,0.0,0.0,0.3,21.40024185180664,22.25178909301757
79,0.0,0.1,0.3,21.411426544189453,23.092374801635746
79,0.0,0.2,0.3,21.39107322692871,21.94828414916992
79,0.0,0.3,0.3,21.024194717407227,23.15108871459961
79,0.0,0.4,0.3,20.57535171508789,24.56326675415039
79,0.0,0.5,0.3,20.379779815673828,24.61351203918457
79,0.0,0.6,0.3,20.19156837463379,22.83513259887696
79,0.0,0.7,0.3,19.62049102783203,23.84272003173828
79,0.0,0.8,0.3,19.594606399536133,28.157039642333984
79,0.0,0.9,0.3,19.16574478149414,26.04641342163086
79,0.0,1.0,0.3,17.377620697021484,25.33044815063477
80,0.0,0.0,0.3,20.293983459472656,26.41385269165039
80,0.0,0.1,0.3,20.26140213012696,26.78650665283203
80,0.0,0.2,0.3,20.123580932617188,26.494285583496094
80,0.0,0.3,0.3,19.059005737304688,27.919864654541016
80,0.0,0.4,0.3,17.54743766784668,30.252695083618164
80,0.0,0.5,0.3,16.098173141479492,30.40738677978516
80,0.0,0.6,0.3,14.912408828735352,30.55812644958496
80,0.0,0.7,0.3,13.139599800109863,30.597496032714844
80,0.0,0.8,0.3,13.06241512298584,31.741851806640625
80,0.0,0.9,0.3,13.110651969909668,28.839487075805664
80,0.0,1.0,0.3,11.815862655639648,31.155174255371094
81,0.0,0.0,0.3,19.85478782653809,22.551088333129883
81,0.0,0.1,0.3,19.788169860839844,23.404165267944336
81,0.0,0.2,0.3,19.54671096801757,21.772539138793945
81,0.0,0.3,0.3,19.29676055908203,23.339570999145508
81,0.0,0.4,0.3,18.81682586669922,24.391510009765625
81,0.0,0.5,0.3,18.133909225463867,24.91156005859375
81,0.0,0.6,0.3,17.760456085205078,23.268016815185547
81,0.0,0.7,0.3,17.288808822631836,23.73638153076172
81,0.0,0.8,0.3,16.61953353881836,25.52676582336425
81,0.0,0.9,0.3,16.248872756958008,24.02270126342773
81,0.0,1.0,0.3,14.20259952545166,24.045551300048828
82,0.0,0.0,0.3,20.61517333984375,27.9538688659668
82,0.0,0.1,0.3,20.47829246520996,28.12956619262696
82,0.0,0.2,0.3,20.21180725097656,28.25443649291992
82,0.0,0.3,0.3,19.87964057922364,28.153100967407227
82,0.0,0.4,0.3,19.37301254272461,28.738325119018555
82,0.0,0.5,0.3,18.63042640686035,28.895450592041016
82,0.0,0.6,0.3,18.07279586791992,29.077560424804688
82,0.0,0.7,0.3,17.723793029785156,29.55986213684082
82,0.0,0.8,0.3,17.520973205566406,29.462900161743164
82,0.0,0.9,0.3,16.870546340942383,29.724863052368164
82,0.0,1.0,0.3,15.550457954406738,28.048641204833984
83,0.0,0.0,0.3,24.471376419067383,29.820446014404297
83,0.0,0.1,0.3,24.50396156311035,30.127025604248047
83,0.0,0.2,0.3,24.303735733032227,29.685720443725582
83,0.0,0.3,0.3,24.275508880615234,29.64325904846192
83,0.0,0.4,0.3,24.00959205627441,31.1490478515625
83,0.0,0.5,0.3,23.992366790771484,31.55141830444336
83,0.0,0.6,0.3,23.81990623474121,30.439376831054688
83,0.0,0.7,0.3,23.869441986083984,29.566864013671875
83,0.0,0.8,0.3,18.795730590820312,30.395919799804688
83,0.0,0.9,0.3,18.050518035888672,28.10531234741211
83,0.0,1.0,0.3,18.780452728271484,21.152305603027344
84,0.0,0.0,0.3,19.69989585876465,28.530860900878903
84,0.0,0.1,0.3,19.65302848815918,27.630859375
84,0.0,0.2,0.3,19.53692626953125,27.66490936279297
84,0.0,0.3,0.3,19.112667083740234,28.10000801086425
84,0.0,0.4,0.3,18.09093475341797,28.029273986816406
84,0.0,0.5,0.3,16.74952507019043,30.231687545776367
84,0.0,0.6,0.3,16.473520278930664,31.76791763305664
84,0.0,0.7,0.3,14.852023124694824,32.41104888916016
84,0.0,0.8,0.3,15.236221313476562,31.38726043701172
84,0.0,0.9,0.3,13.921791076660156,32.02949523925781
84,0.0,1.0,0.3,13.195511817932127,32.720314025878906
85,0.0,0.0,0.3,21.163707733154297,25.61875534057617
85,0.0,0.1,0.3,21.15766334533692,25.46958923339844
85,0.0,0.2,0.3,21.173179626464844,25.52131462097168
85,0.0,0.3,0.3,21.1304931640625,25.339269638061523
85,0.0,0.4,0.3,21.092369079589844,25.8966121673584
85,0.0,0.5,0.3,20.95339584350586,25.63971900939941
85,0.0,0.6,0.3,20.87020874023437,25.750791549682617
85,0.0,0.7,0.3,19.360706329345703,25.68362045288086
85,0.0,0.8,0.3,18.58715438842773,24.087873458862305
85,0.0,0.9,0.3,12.746188163757324,23.93898200988769
85,0.0,1.0,0.3,8.677955627441406,26.70537567138672
86,0.0,0.0,0.3,20.038036346435547,19.16551399230957
86,0.0,0.1,0.3,20.073511123657227,19.43231773376465
86,0.0,0.2,0.3,19.99533462524414,20.070390701293945
86,0.0,0.3,0.3,19.76929473876953,19.986026763916016
86,0.0,0.4,0.3,19.311006546020508,20.389938354492188
86,0.0,0.5,0.3,19.02933692932129,19.723464965820312
86,0.0,0.6,0.3,18.131595611572266,22.08407211303711
86,0.0,0.7,0.3,17.614839553833008,21.99668884277344
86,0.0,0.8,0.3,16.94816780090332,22.283981323242188
86,0.0,0.9,0.3,15.295432090759276,23.51401138305664
86,0.0,1.0,0.3,15.366544723510742,21.728334426879883
87,0.0,0.0,0.3,19.096071243286133,20.3824462890625
87,0.0,0.1,0.3,19.104766845703125,20.370548248291016
87,0.0,0.2,0.3,19.02753448486328,20.694862365722656
87,0.0,0.3,0.3,18.771503448486328,20.38037109375
87,0.0,0.4,0.3,17.945432662963867,26.477596282958984
87,0.0,0.5,0.3,17.986337661743164,21.58220100402832
87,0.0,0.6,0.3,17.162187576293945,22.57425117492676
87,0.0,0.7,0.3,15.40414810180664,23.2229232788086
87,0.0,0.8,0.3,14.504912376403809,26.91210174560547
87,0.0,0.9,0.3,13.02509307861328,29.882789611816406
87,0.0,1.0,0.3,11.907721519470217,27.51165008544922
88,0.0,0.0,0.3,17.580768585205078,27.209657669067383
88,0.0,0.1,0.3,17.56954574584961,27.14206886291504
88,0.0,0.2,0.3,17.58294677734375,26.121213912963867
88,0.0,0.3,0.3,17.541841506958008,27.57685089111328
88,0.0,0.4,0.3,17.449443817138672,27.44697570800781
88,0.0,0.5,0.3,17.252342224121094,24.53544807434082
88,0.0,0.6,0.3,16.38479232788086,30.21481704711914
88,0.0,0.7,0.3,15.498861312866213,28.850072860717773
88,0.0,0.8,0.3,13.927886962890623,33.52666473388672
88,0.0,0.9,0.3,15.138639450073242,29.494327545166016
88,0.0,1.0,0.3,13.766111373901367,30.98667907714844
89,0.0,0.0,0.3,22.08646583557129,20.94342803955078
89,0.0,0.1,0.3,22.075986862182617,21.30381965637207
89,0.0,0.2,0.3,22.063705444335938,21.17878150939941
89,0.0,0.3,0.3,21.96221351623535,21.36594009399414
89,0.0,0.4,0.3,21.816410064697266,20.71689224243164
89,0.0,0.5,0.3,21.6395320892334,21.84666633605957
89,0.0,0.6,0.3,21.43919563293457,21.377614974975582
89,0.0,0.7,0.3,20.952232360839844,21.1689567565918
89,0.0,0.8,0.3,20.16265106201172,21.79534339904785
89,0.0,0.9,0.3,18.006860733032227,21.94645118713379
89,0.0,1.0,0.3,15.912245750427246,25.38866424560547
90,0.0,0.0,0.3,20.009864807128903,21.664981842041016
90,0.0,0.1,0.3,20.015056610107425,21.586896896362305
90,0.0,0.2,0.3,20.06376075744629,22.02962112426757
90,0.0,0.3,0.3,20.09029960632324,23.28701400756836
90,0.0,0.4,0.3,19.94519424438477,23.764480590820312
90,0.0,0.5,0.3,19.8389892578125,28.99396705627441
90,0.0,0.6,0.3,16.777631759643555,28.739988327026367
90,0.0,0.7,0.3,15.230795860290527,26.02956962585449
90,0.0,0.8,0.3,14.038443565368652,26.55757713317871
90,0.0,0.9,0.3,13.379480361938477,23.67230033874512
90,0.0,1.0,0.3,13.851648330688477,28.087139129638672
91,0.0,0.0,0.3,16.73799705505371,24.8731689453125
91,0.0,0.1,0.3,16.745885848999023,24.97796630859375
91,0.0,0.2,0.3,16.58738136291504,22.2586727142334
91,0.0,0.3,0.3,16.278995513916016,24.449092864990234
91,0.0,0.4,0.3,15.790425300598145,28.481903076171875
91,0.0,0.5,0.3,14.938311576843262,25.29600524902344
91,0.0,0.6,0.3,13.840410232543944,29.257253646850582
91,0.0,0.7,0.3,13.839083671569824,24.037473678588867
91,0.0,0.8,0.3,13.560333251953123,27.496761322021484
91,0.0,0.9,0.3,13.721071243286133,28.08156394958496
91,0.0,1.0,0.3,11.725229263305664,29.401630401611328
92,0.0,0.0,0.3,17.321653366088867,23.72576141357422
92,0.0,0.1,0.3,17.325708389282227,24.515125274658203
92,0.0,0.2,0.3,17.326480865478516,24.366199493408203
92,0.0,0.3,0.3,17.275463104248047,23.57997131347656
92,0.0,0.4,0.3,16.695695877075195,25.34819793701172
92,0.0,0.5,0.3,15.56251335144043,26.478561401367188
92,0.0,0.6,0.3,14.627631187438965,29.72628402709961
92,0.0,0.7,0.3,13.859206199645996,31.80630111694336
92,0.0,0.8,0.3,14.076729774475098,26.51124382019043
92,0.0,0.9,0.3,14.782751083374023,26.099634170532227
92,0.0,1.0,0.3,14.58674144744873,27.09818458557129
93,0.0,0.0,0.3,20.120332717895508,14.745222091674805
93,0.0,0.1,0.3,20.048479080200195,15.792454719543455
93,0.0,0.2,0.3,19.811548233032227,15.929490089416504
93,0.0,0.3,0.3,18.99833106994629,19.11695671081543
93,0.0,0.4,0.3,17.34657096862793,20.162946701049805
93,0.0,0.5,0.3,15.778148651123049,19.59866714477539
93,0.0,0.6,0.3,13.950725555419922,19.89411163330078
93,0.0,0.7,0.3,12.730597496032717,21.165679931640625
93,0.0,0.8,0.3,12.670927047729492,21.35462188720703
93,0.0,0.9,0.3,11.903563499450684,20.290573120117188
93,0.0,1.0,0.3,11.427224159240724,20.8425521850586
94,0.0,0.0,0.3,20.641395568847656,21.68658447265625
94,0.0,0.1,0.3,20.638671875,21.97551727294922
94,0.0,0.2,0.3,20.65549087524414,22.12460327148437
94,0.0,0.3,0.3,20.5899715423584,21.8715934753418
94,0.0,0.4,0.3,20.537961959838867,22.36589431762696
94,0.0,0.5,0.3,20.41152572631836,22.03759384155273
94,0.0,0.6,0.3,19.926586151123047,22.48293685913086
94,0.0,0.7,0.3,18.853944778442383,21.487045288085938
94,0.0,0.8,0.3,17.270828247070312,21.35214805603028
94,0.0,0.9,0.3,13.97827434539795,22.358793258666992
94,0.0,1.0,0.3,11.221113204956056,26.43979263305664
95,0.0,0.0,0.3,19.86071014404297,27.9073543548584
95,0.0,0.1,0.3,19.883947372436523,27.11273765563965
95,0.0,0.2,0.3,19.90265655517578,28.07163047790528
95,0.0,0.3,0.3,19.70952796936035,28.47755622863769
95,0.0,0.4,0.3,19.460662841796875,27.43256950378418
95,0.0,0.5,0.3,19.07266616821289,28.76374053955078
95,0.0,0.6,0.3,18.22557258605957,29.520183563232425
95,0.0,0.7,0.3,17.235889434814453,29.74456024169922
95,0.0,0.8,0.3,16.705116271972656,28.371767044067383
95,0.0,0.9,0.3,15.158805847167969,29.71357727050781
95,0.0,1.0,0.3,16.613107681274414,29.22616004943848
96,0.0,0.0,0.3,18.18529510498047,21.876022338867188
96,0.0,0.1,0.3,18.190542221069336,21.61264991760254
96,0.0,0.2,0.3,18.1595458984375,21.55037498474121
96,0.0,0.3,0.3,18.081356048583984,21.659082412719727
96,0.0,0.4,0.3,18.04794883728028,21.113832473754883
96,0.0,0.5,0.3,17.728614807128906,21.457178115844727
96,0.0,0.6,0.3,17.632715225219727,20.782978057861328
96,0.0,0.7,0.3,14.214006423950195,23.15715789794922
96,0.0,0.8,0.3,12.758180618286133,26.620466232299805
96,0.0,0.9,0.3,16.13399887084961,25.59171295166016
96,0.0,1.0,0.3,15.70728588104248,23.58578109741211
97,0.0,0.0,0.3,15.703132629394531,23.19570541381836
97,0.0,0.1,0.3,15.677037239074709,23.355913162231445
97,0.0,0.2,0.3,15.592289924621582,24.57689094543457
97,0.0,0.3,0.3,15.25593376159668,25.40269470214844
97,0.0,0.4,0.3,14.976346969604492,25.579795837402344
97,0.0,0.5,0.3,14.925103187561035,25.03390884399414
97,0.0,0.6,0.3,14.61807346343994,25.233327865600582
97,0.0,0.7,0.3,13.793115615844728,24.777210235595703
97,0.0,0.8,0.3,13.454181671142578,26.92948341369629
97,0.0,0.9,0.3,12.885059356689451,27.560592651367188
97,0.0,1.0,0.3,12.654688835144045,27.30482482910156
98,0.0,0.0,0.3,19.691059112548828,22.650745391845703
98,0.0,0.1,0.3,19.658966064453125,22.626026153564453
98,0.0,0.2,0.3,19.688644409179688,23.471996307373047
98,0.0,0.3,0.3,19.65291404724121,23.647201538085938
98,0.0,0.4,0.3,19.55367088317871,23.03379249572754
98,0.0,0.5,0.3,19.544790267944336,21.19251251220703
98,0.0,0.6,0.3,19.24668502807617,21.641735076904297
98,0.0,0.7,0.3,17.749086380004883,26.68202781677246
98,0.0,0.8,0.3,15.002041816711426,30.30223846435547
98,0.0,0.9,0.3,13.67837619781494,29.664737701416016
98,0.0,1.0,0.3,8.826207160949707,23.916534423828125
99,0.0,0.0,0.3,20.649627685546875,30.458051681518555
99,0.0,0.1,0.3,20.63054847717285,26.81621360778809
99,0.0,0.2,0.3,20.653717041015625,19.60375022888184
99,0.0,0.3,0.3,19.90546417236328,28.133075714111328
99,0.0,0.4,0.3,18.74664688110352,30.564680099487305
99,0.0,0.5,0.3,17.392131805419922,30.36983299255371
99,0.0,0.6,0.3,16.218395233154297,31.137439727783203
99,0.0,0.7,0.3,15.617152214050291,32.36201858520508
99,0.0,0.8,0.3,14.990899085998535,33.62589645385742
99,0.0,0.9,0.3,14.869654655456545,28.68686866760254
99,0.0,1.0,0.3,15.331632614135742,33.12930679321289
100,0.0,0.0,0.3,23.132349014282227,26.80158042907715
100,0.0,0.1,0.3,23.09598159790039,26.073814392089844
100,0.0,0.2,0.3,22.96367835998535,26.34496307373047
100,0.0,0.3,0.3,22.284086227416992,27.898021697998047
100,0.0,0.4,0.3,21.923185348510746,27.956422805786133
100,0.0,0.5,0.3,20.769580841064453,28.10068702697754
100,0.0,0.6,0.3,19.384262084960938,28.404220581054688
100,0.0,0.7,0.3,16.5460262298584,28.75303077697754
100,0.0,0.8,0.3,14.579092025756836,31.887758255004883
100,0.0,0.9,0.3,13.95935344696045,32.55117416381836
100,0.0,1.0,0.3,12.537301063537598,31.735515594482425
101,0.0,0.0,0.3,16.302698135375977,17.031511306762695
101,0.0,0.1,0.3,16.302045822143555,17.65801239013672
101,0.0,0.2,0.3,16.21600914001465,19.14850234985352
101,0.0,0.3,0.3,15.611712455749512,21.029590606689453
101,0.0,0.4,0.3,15.001084327697754,21.204120635986328
101,0.0,0.5,0.3,14.714423179626465,21.01667594909668
101,0.0,0.6,0.3,13.693017959594728,21.461200714111328
101,0.0,0.7,0.3,13.049595832824709,21.59157943725586
101,0.0,0.8,0.3,13.092223167419434,20.32844924926757
101,0.0,0.9,0.3,13.54629611968994,19.134241104125977
101,0.0,1.0,0.3,12.96751308441162,17.655902862548828
102,0.0,0.0,0.3,22.45891761779785,23.50184631347656
102,0.0,0.1,0.3,22.52696228027344,23.61700439453125
102,0.0,0.2,0.3,22.49838256835937,24.20614051818848
102,0.0,0.3,0.3,22.322736740112305,24.21137046813965
102,0.0,0.4,0.3,21.918760299682617,24.325719833374023
102,0.0,0.5,0.3,20.1538314819336,26.32125663757324
102,0.0,0.6,0.3,18.77628517150879,25.78611946105957
102,0.0,0.7,0.3,15.780884742736816,26.03403663635254
102,0.0,0.8,0.3,14.553549766540527,26.812368392944336
102,0.0,0.9,0.3,13.8480224609375,26.449722290039062
102,0.0,1.0,0.3,10.645160675048828,24.19912910461425
103,0.0,0.0,0.3,20.662494659423828,26.76597213745117
103,0.0,0.1,0.3,20.597888946533203,27.492305755615234
103,0.0,0.2,0.3,20.16978454589844,26.521629333496094
103,0.0,0.3,0.3,19.80897331237793,26.62535858154297
103,0.0,0.4,0.3,19.40604019165039,28.067176818847656
103,0.0,0.5,0.3,19.10251808166504,27.85965156555176
103,0.0,0.6,0.3,18.81413078308105,28.59153175354004
103,0.0,0.7,0.3,18.083391189575195,27.88704299926757
103,0.0,0.8,0.3,17.034067153930664,28.70425033569336
103,0.0,0.9,0.3,16.69329261779785,28.442148208618164
103,0.0,1.0,0.3,17.288820266723633,29.578977584838867
104,0.0,0.0,0.3,18.676233291625977,25.79312896728516
104,0.0,0.1,0.3,18.655994415283203,27.11259651184082
104,0.0,0.2,0.3,18.65972328186035,28.32246398925781
104,0.0,0.3,0.3,17.529157638549805,28.96323585510254
104,0.0,0.4,0.3,16.31246566772461,25.35954666137696
104,0.0,0.5,0.3,15.708056449890137,26.97040748596192
104,0.0,0.6,0.3,14.209296226501465,28.406614303588867
104,0.0,0.7,0.3,13.4357271194458,26.056671142578125
104,0.0,0.8,0.3,13.57099151611328,26.31087875366211
104,0.0,0.9,0.3,14.717781066894531,25.658706665039062
104,0.0,1.0,0.3,14.50300121307373,28.964645385742188
105,0.0,0.0,0.3,14.843134880065918,24.54866981506348
105,0.0,0.1,0.3,14.846358299255373,24.64313125610352
105,0.0,0.2,0.3,14.839356422424316,25.234607696533203
105,0.0,0.3,0.3,14.728492736816406,25.959869384765625
105,0.0,0.4,0.3,14.634860038757324,28.168109893798828
105,0.0,0.5,0.3,14.52049732208252,28.824859619140625
105,0.0,0.6,0.3,14.273930549621582,29.84871864318848
105,0.0,0.7,0.3,13.703326225280762,30.08564186096192
105,0.0,0.8,0.3,13.207862854003906,30.139568328857425
105,0.0,0.9,0.3,11.555896759033203,25.97469139099121
105,0.0,1.0,0.3,13.415969848632812,23.710433959960938
106,0.0,0.0,0.3,19.56970596313477,21.96518516540528
106,0.0,0.1,0.3,19.58366584777832,22.45979690551757
106,0.0,0.2,0.3,19.527830123901367,23.6843490600586
106,0.0,0.3,0.3,19.48130416870117,24.84738540649414
106,0.0,0.4,0.3,19.26982879638672,26.440814971923828
106,0.0,0.5,0.3,18.98718643188477,27.82818603515625
106,0.0,0.6,0.3,18.65721702575684,26.19103240966797
106,0.0,0.7,0.3,18.540010452270508,27.54314613342285
106,0.0,0.8,0.3,18.39560317993164,27.14080810546875
106,0.0,0.9,0.3,16.458641052246094,25.67264938354492
106,0.0,1.0,0.3,12.599188804626465,30.558225631713867
107,0.0,0.0,0.3,16.306331634521484,21.798479080200195
107,0.0,0.1,0.3,16.302833557128906,21.79940414428711
107,0.0,0.2,0.3,16.28162384033203,21.845930099487305
107,0.0,0.3,0.3,16.25879669189453,21.69563865661621
107,0.0,0.4,0.3,16.233196258544922,21.84659004211425
107,0.0,0.5,0.3,16.231287002563477,21.32170486450196
107,0.0,0.6,0.3,16.23758888244629,21.20178985595703
107,0.0,0.7,0.3,16.1202335357666,21.739089965820312
107,0.0,0.8,0.3,16.104839324951172,20.960834503173828
107,0.0,0.9,0.3,15.991680145263672,22.18421936035156
107,0.0,1.0,0.3,14.879888534545898,22.35743522644043
108,0.0,0.0,0.3,21.86127471923828,12.819273948669434
108,0.0,0.1,0.3,21.85655403137207,12.490965843200684
108,0.0,0.2,0.3,21.570331573486328,12.250844955444336
108,0.0,0.3,0.3,21.216279983520508,12.946228981018066
108,0.0,0.4,0.3,20.52939224243164,19.20238494873047
108,0.0,0.5,0.3,19.4233512878418,24.31480598449707
108,0.0,0.6,0.3,16.45638084411621,29.612096786499023
108,0.0,0.7,0.3,15.973445892333984,26.960193634033203
108,0.0,0.8,0.3,14.762534141540527,27.48701477050781
108,0.0,0.9,0.3,15.250736236572266,26.935821533203125
108,0.0,1.0,0.3,12.6777925491333,26.8174057006836
109,0.0,0.0,0.3,16.190027236938477,21.434675216674805
109,0.0,0.1,0.3,16.199785232543945,20.623973846435547
109,0.0,0.2,0.3,16.1694278717041,24.028854370117188
109,0.0,0.3,0.3,16.011262893676758,23.134740829467773
109,0.0,0.4,0.3,15.759846687316896,24.23977851867676
109,0.0,0.5,0.3,15.534771919250488,25.45653533935547
109,0.0,0.6,0.3,15.290853500366213,25.06624221801757
109,0.0,0.7,0.3,14.917096138000488,24.903636932373047
109,0.0,0.8,0.3,14.391077995300291,24.0684871673584
109,0.0,0.9,0.3,13.387094497680664,22.29001808166504
109,0.0,1.0,0.3,12.754364967346191,24.91069221496582
110,0.0,0.0,0.3,21.074684143066406,19.608577728271484
110,0.0,0.1,0.3,21.088075637817383,19.65004539489746
110,0.0,0.2,0.3,21.07404136657715,20.436458587646484
110,0.0,0.3,0.3,20.88204765319824,20.461669921875
110,0.0,0.4,0.3,19.760820388793945,27.301815032958984
110,0.0,0.5,0.3,18.284780502319336,26.999095916748047
110,0.0,0.6,0.3,16.987110137939453,27.60433578491211
110,0.0,0.7,0.3,15.87134075164795,28.676118850708008
110,0.0,0.8,0.3,15.70179557800293,27.012910842895508
110,0.0,0.9,0.3,15.260576248168944,27.950439453125
110,0.0,1.0,0.3,16.1729793548584,28.372119903564453
111,0.0,0.0,0.3,17.46737289428711,18.33753967285156
111,0.0,0.1,0.3,17.41863441467285,18.12651634216309
111,0.0,0.2,0.3,17.371171951293945,18.2031478881836
111,0.0,0.3,0.3,17.191600799560547,17.65153694152832
111,0.0,0.4,0.3,16.889362335205078,19.19083976745605
111,0.0,0.5,0.3,16.38174057006836,17.287391662597656
111,0.0,0.6,0.3,14.832756042480469,16.1430721282959
111,0.0,0.7,0.3,13.17677402496338,22.58276557922364
111,0.0,0.8,0.3,12.631394386291504,22.875871658325195
111,0.0,0.9,0.3,12.127756118774414,24.634620666503903
111,0.0,1.0,0.3,12.626123428344728,27.14577293395996
112,0.0,0.0,0.3,15.585321426391602,29.45682907104492
112,0.0,0.1,0.3,15.578556060791016,29.965612411499023
112,0.0,0.2,0.3,15.459732055664062,30.03625869750977
112,0.0,0.3,0.3,15.297195434570312,30.637985229492188
112,0.0,0.4,0.3,15.263919830322266,31.382707595825195
112,0.0,0.5,0.3,14.722664833068848,31.916622161865234
112,0.0,0.6,0.3,14.388967514038086,31.034778594970703
112,0.0,0.7,0.3,12.805177688598633,32.557472229003906
112,0.0,0.8,0.3,12.851985931396484,33.096038818359375
112,0.0,0.9,0.3,12.27633571624756,31.30681610107422
112,0.0,1.0,0.3,12.26638126373291,31.83894729614257
113,0.0,0.0,0.3,18.6207332611084,27.05078125
113,0.0,0.1,0.3,18.6053409576416,27.421913146972656
113,0.0,0.2,0.3,18.37827491760254,25.165027618408203
113,0.0,0.3,0.3,17.996540069580078,26.959211349487305
113,0.0,0.4,0.3,17.057140350341797,25.66165351867676
113,0.0,0.5,0.3,16.5734806060791,26.146381378173828
113,0.0,0.6,0.3,16.97712516784668,27.625932693481445
113,0.0,0.7,0.3,16.81111717224121,26.795738220214844
113,0.0,0.8,0.3,16.552696228027344,28.09004783630371
113,0.0,0.9,0.3,16.205381393432617,27.60539627075196
113,0.0,1.0,0.3,15.366798400878906,27.31904983520508
114,0.0,0.0,0.3,21.003793716430664,17.12151527404785
114,0.0,0.1,0.3,21.009849548339844,17.795116424560547
114,0.0,0.2,0.3,20.949451446533203,16.96571922302246
114,0.0,0.3,0.3,20.634265899658203,17.372243881225586
114,0.0,0.4,0.3,20.35848617553711,17.821048736572266
114,0.0,0.5,0.3,20.156051635742188,17.133865356445312
114,0.0,0.6,0.3,18.662078857421875,20.541446685791016
114,0.0,0.7,0.3,18.52157020568848,20.21127891540528
114,0.0,0.8,0.3,17.230735778808594,22.879175186157227
114,0.0,0.9,0.3,15.304969787597656,20.00855827331543
114,0.0,1.0,0.3,12.195050239562988,19.225994110107425
115,0.0,0.0,0.3,22.94634437561035,23.41118049621582
115,0.0,0.1,0.3,22.827619552612305,23.5518741607666
115,0.0,0.2,0.3,22.41641998291016,23.509971618652344
115,0.0,0.3,0.3,20.96958351135254,23.25674629211425
115,0.0,0.4,0.3,19.983829498291016,22.700714111328125
115,0.0,0.5,0.3,17.884418487548828,23.428430557250977
115,0.0,0.6,0.3,17.27228546142578,25.008129119873047
115,0.0,0.7,0.3,17.1601619720459,23.823272705078125
115,0.0,0.8,0.3,16.833621978759766,25.218090057373047
115,0.0,0.9,0.3,17.245859146118164,24.042329788208008
115,0.0,1.0,0.3,16.097511291503906,24.25760841369629
116,0.0,0.0,0.3,18.78391456604004,20.45328521728516
116,0.0,0.1,0.3,18.78026580810547,21.16890335083008
116,0.0,0.2,0.3,18.52325820922852,21.802125930786133
116,0.0,0.3,0.3,18.04787826538086,20.902240753173828
116,0.0,0.4,0.3,17.599943161010742,21.807939529418945
116,0.0,0.5,0.3,16.712522506713867,23.149036407470703
116,0.0,0.6,0.3,16.18255615234375,23.40097427368164
116,0.0,0.7,0.3,14.34029769897461,24.71121406555176
116,0.0,0.8,0.3,14.118365287780762,24.501325607299805
116,0.0,0.9,0.3,14.214085578918455,24.10957908630371
116,0.0,1.0,0.3,14.369675636291504,27.280872344970703
117,0.0,0.0,0.3,20.60386657714844,17.68365478515625
117,0.0,0.1,0.3,20.57830810546875,17.80940818786621
117,0.0,0.2,0.3,20.45799827575684,18.46257209777832
117,0.0,0.3,0.3,20.264461517333984,18.103429794311523
117,0.0,0.4,0.3,19.692834854125977,18.37950134277344
117,0.0,0.5,0.3,19.06005477905273,17.57756996154785
117,0.0,0.6,0.3,17.84688949584961,18.43355369567871
117,0.0,0.7,0.3,16.149669647216797,20.540847778320312
117,0.0,0.8,0.3,15.105183601379396,22.7904109954834
117,0.0,0.9,0.3,14.272793769836426,24.58844757080078
117,0.0,1.0,0.3,12.056864738464355,26.61881828308105
118,0.0,0.0,0.3,23.30474090576172,23.402475357055664
118,0.0,0.1,0.3,23.271339416503903,24.11857795715332
118,0.0,0.2,0.3,23.03800392150879,24.80166244506836
118,0.0,0.3,0.3,22.65477561950684,26.08425521850586
118,0.0,0.4,0.3,22.23011779785156,25.519948959350582
118,0.0,0.5,0.3,21.32109642028809,27.299257278442383
118,0.0,0.6,0.3,20.506383895874023,27.2730712890625
118,0.0,0.7,0.3,19.228836059570312,27.444425582885746
118,0.0,0.8,0.3,18.013015747070312,28.926307678222656
118,0.0,0.9,0.3,15.99570369720459,27.91692543029785
118,0.0,1.0,0.3,15.21878433227539,28.412363052368164
119,0.0,0.0,0.3,21.43822860717773,25.879901885986328
119,0.0,0.1,0.3,21.405258178710938,24.900049209594727
119,0.0,0.2,0.3,21.205411911010746,26.181894302368164
119,0.0,0.3,0.3,20.83872413635254,24.33893585205078
119,0.0,0.4,0.3,20.008045196533203,24.38194465637207
119,0.0,0.5,0.3,19.40675926208496,23.100248336791992
119,0.0,0.6,0.3,18.552797317504883,20.820756912231445
119,0.0,0.7,0.3,16.05769920349121,25.25321578979492
119,0.0,0.8,0.3,16.486021041870117,31.19498443603516
119,0.0,0.9,0.3,16.368906021118164,21.26569366455078
119,0.0,1.0,0.3,14.637038230895996,23.02342414855957
120,0.0,0.0,0.3,21.25348281860352,15.929455757141112
120,0.0,0.1,0.3,21.28597450256348,16.35367774963379
120,0.0,0.2,0.3,21.098901748657227,20.762168884277344
120,0.0,0.3,0.3,20.70956039428711,20.72528648376465
120,0.0,0.4,0.3,20.106090545654297,24.99070167541504
120,0.0,0.5,0.3,19.353214263916016,24.7571029663086
120,0.0,0.6,0.3,18.494792938232425,26.5842227935791
120,0.0,0.7,0.3,16.94481086730957,26.398578643798828
120,0.0,0.8,0.3,14.981955528259276,24.19128799438477
120,0.0,0.9,0.3,10.322120666503906,22.044620513916016
120,0.0,1.0,0.3,11.598979949951172,21.20289421081543
121,0.0,0.0,0.3,18.62184715270996,25.73812866210937
121,0.0,0.1,0.3,18.574338912963867,26.22623062133789
121,0.0,0.2,0.3,18.591249465942383,26.631420135498047
121,0.0,0.3,0.3,18.267576217651367,25.587791442871094
121,0.0,0.4,0.3,17.64207649230957,25.871967315673828
121,0.0,0.5,0.3,17.474822998046875,28.24699783325196
121,0.0,0.6,0.3,16.92910385131836,25.5908432006836
121,0.0,0.7,0.3,16.346702575683594,27.282699584960938
121,0.0,0.8,0.3,15.203377723693848,26.463699340820312
121,0.0,0.9,0.3,13.763667106628418,25.403654098510746
121,0.0,1.0,0.3,11.217002868652344,26.713455200195312
122,0.0,0.0,0.3,19.637693405151367,18.12353515625
122,0.0,0.1,0.3,19.600357055664062,18.409099578857425
122,0.0,0.2,0.3,19.55297088623047,17.40131950378418
122,0.0,0.3,0.3,19.00168800354004,19.28678703308105
122,0.0,0.4,0.3,18.16090965270996,21.116851806640625
122,0.0,0.5,0.3,16.714000701904297,22.058395385742188
122,0.0,0.6,0.3,15.354650497436523,21.654037475585938
122,0.0,0.7,0.3,14.608933448791504,21.60330390930176
122,0.0,0.8,0.3,14.545515060424805,21.95761108398437
122,0.0,0.9,0.3,12.952698707580566,22.96587371826172
122,0.0,1.0,0.3,13.291522979736328,24.708232879638672
123,0.0,0.0,0.3,19.90801048278809,19.34684562683105
123,0.0,0.1,0.3,19.92245101928711,19.24271774291992
123,0.0,0.2,0.3,19.92894554138184,19.34749412536621
123,0.0,0.3,0.3,19.711050033569336,19.34321022033692
123,0.0,0.4,0.3,18.967060089111328,19.679536819458008
123,0.0,0.5,0.3,18.89549446105957,19.849899291992188
123,0.0,0.6,0.3,17.570842742919922,19.401525497436523
123,0.0,0.7,0.3,15.636029243469238,20.738815307617188
123,0.0,0.8,0.3,15.056682586669922,20.62677955627441
123,0.0,0.9,0.3,15.60451602935791,20.96361923217773
123,0.0,1.0,0.3,13.813143730163574,21.46647071838379
124,0.0,0.0,0.3,23.607999801635746,26.45208549499512
124,0.0,0.1,0.3,23.58262634277344,26.175243377685547
124,0.0,0.2,0.3,23.50385475158692,26.987951278686523
124,0.0,0.3,0.3,23.14608192443848,26.632789611816406
124,0.0,0.4,0.3,22.63806915283203,25.686628341674805
124,0.0,0.5,0.3,21.70238876342773,26.501813888549805
124,0.0,0.6,0.3,19.98894691467285,26.74422645568848
124,0.0,0.7,0.3,17.857236862182617,27.835712432861328
124,0.0,0.8,0.3,16.259374618530273,28.074068069458008
124,0.0,0.9,0.3,14.384337425231934,27.827381134033203
124,0.0,1.0,0.3,13.243492126464844,27.97831344604492
125,0.0,0.0,0.3,19.89585304260254,16.594846725463867
125,0.0,0.1,0.3,19.90952682495117,16.77381706237793
125,0.0,0.2,0.3,19.929162979125977,15.79836654663086
125,0.0,0.3,0.3,19.83739280700684,15.923154830932615
125,0.0,0.4,0.3,19.76138496398925,15.46953582763672
125,0.0,0.5,0.3,19.72004508972168,17.101377487182617
125,0.0,0.6,0.3,19.481428146362305,15.723884582519531
125,0.0,0.7,0.3,19.17263412475586,16.69338607788086
125,0.0,0.8,0.3,17.93402671813965,19.45808219909668
125,0.0,0.9,0.3,16.70514678955078,21.50675773620605
125,0.0,1.0,0.3,15.40407657623291,24.33659744262696
126,0.0,0.0,0.3,19.412738800048828,18.940582275390625
126,0.0,0.1,0.3,19.382003784179688,19.0166244506836
126,0.0,0.2,0.3,19.34589576721192,19.34113883972168
126,0.0,0.3,0.3,19.11198616027832,27.312397003173828
126,0.0,0.4,0.3,18.864784240722656,27.924957275390625
126,0.0,0.5,0.3,18.348052978515625,27.723520278930664
126,0.0,0.6,0.3,17.16185188293457,27.881282806396484
126,0.0,0.7,0.3,17.361568450927734,28.21882438659668
126,0.0,0.8,0.3,15.768309593200684,27.62874412536621
126,0.0,0.9,0.3,15.802279472351074,28.14616584777832
126,0.0,1.0,0.3,16.30925750732422,28.03013038635254
127,0.0,0.0,0.3,21.84796905517578,21.73971366882324
127,0.0,0.1,0.3,21.72031211853028,21.754867553710938
127,0.0,0.2,0.3,21.37279891967773,21.955814361572266
127,0.0,0.3,0.3,20.735088348388672,22.26728820800781
127,0.0,0.4,0.3,19.68072891235352,21.6248779296875
127,0.0,0.5,0.3,18.07676124572754,22.44525718688965
127,0.0,0.6,0.3,16.65569305419922,23.192806243896484
127,0.0,0.7,0.3,15.096309661865234,24.65289878845215
127,0.0,0.8,0.3,14.576376914978027,25.56576156616211
127,0.0,0.9,0.3,13.123947143554688,25.815975189208984
127,0.0,1.0,0.3,12.349360466003418,24.86240196228028
128,0.0,0.0,0.3,20.839031219482425,33.03205490112305
128,0.0,0.1,0.3,20.790342330932617,32.90119934082031
128,0.0,0.2,0.3,20.81075859069824,32.77552032470703
128,0.0,0.3,0.3,20.20409202575684,32.231746673583984
128,0.0,0.4,0.3,19.94568252563477,31.631988525390625
128,0.0,0.5,0.3,19.72905540466309,33.181396484375
128,0.0,0.6,0.3,17.850440979003906,32.26646423339844
128,0.0,0.7,0.3,16.51983642578125,28.01890754699707
128,0.0,0.8,0.3,16.900053024291992,30.13082695007324
128,0.0,0.9,0.3,17.236064910888672,33.00841522216797
128,0.0,1.0,0.3,17.180992126464844,30.3222599029541
129,0.0,0.0,0.3,19.091890335083008,25.895469665527344
129,0.0,0.1,0.3,19.08284950256348,26.326461791992188
129,0.0,0.2,0.3,18.9717025756836,27.15005874633789
129,0.0,0.3,0.3,18.5647029876709,26.489097595214844
129,0.0,0.4,0.3,18.29875946044922,26.532560348510746
129,0.0,0.5,0.3,17.90400505065918,27.53048324584961
129,0.0,0.6,0.3,16.54456329345703,25.335168838500977
129,0.0,0.7,0.3,15.286124229431152,20.37369155883789
129,0.0,0.8,0.3,16.04195213317871,27.665721893310547
129,0.0,0.9,0.3,15.461270332336426,28.06650924682617
129,0.0,1.0,0.3,14.402801513671877,27.213001251220703
130,0.0,0.0,0.3,21.660783767700195,29.040557861328125
130,0.0,0.1,0.3,21.66970443725586,28.8689193725586
130,0.0,0.2,0.3,21.67602729797364,29.37510681152344
130,0.0,0.3,0.3,21.625507354736328,29.48884963989257
130,0.0,0.4,0.3,21.444561004638672,30.136131286621094
130,0.0,0.5,0.3,21.18160820007324,29.939197540283203
130,0.0,0.6,0.3,20.03694534301757,29.6686954498291
130,0.0,0.7,0.3,18.426570892333984,29.751468658447266
130,0.0,0.8,0.3,14.342467308044434,31.365623474121094
130,0.0,0.9,0.3,14.368215560913086,31.42061233520508
130,0.0,1.0,0.3,15.25933074951172,32.45673370361328
131,0.0,0.0,0.3,16.901992797851562,27.16335868835449
131,0.0,0.1,0.3,16.90336799621582,27.07456398010254
131,0.0,0.2,0.3,16.908790588378906,27.283864974975582
131,0.0,0.3,0.3,16.870223999023438,26.86403465270996
131,0.0,0.4,0.3,16.883859634399414,27.09386444091797
131,0.0,0.5,0.3,16.880069732666016,27.031570434570312
131,0.0,0.6,0.3,16.887788772583008,27.10832977294922
131,0.0,0.7,0.3,16.924808502197266,27.22337913513184
131,0.0,0.8,0.3,16.75436782836914,26.76209259033203
131,0.0,0.9,0.3,16.87540626525879,27.49926376342773
131,0.0,1.0,0.3,16.87110710144043,27.48105812072754
132,0.0,0.0,0.3,20.064603805541992,26.26555633544922
132,0.0,0.1,0.3,20.05211067199707,26.204225540161133
132,0.0,0.2,0.3,20.06684684753418,26.969268798828125
132,0.0,0.3,0.3,20.040821075439453,25.63850212097168
132,0.0,0.4,0.3,19.33467674255371,28.694625854492188
132,0.0,0.5,0.3,18.35772132873535,30.67579841613769
132,0.0,0.6,0.3,18.919464111328125,29.00317573547364
132,0.0,0.7,0.3,18.784046173095703,28.100378036499023
132,0.0,0.8,0.3,18.59199333190918,28.19078063964844
132,0.0,0.9,0.3,18.26109313964844,28.98296165466309
132,0.0,1.0,0.3,16.47185516357422,30.2185115814209
133,0.0,0.0,0.3,22.1348934173584,18.275415420532227
133,0.0,0.1,0.3,22.13267707824707,19.096160888671875
133,0.0,0.2,0.3,22.07455444335937,20.1898136138916
133,0.0,0.3,0.3,21.89500617980957,20.083080291748047
133,0.0,0.4,0.3,21.884950637817383,20.515213012695312
133,0.0,0.5,0.3,21.7456169128418,20.41124725341797
133,0.0,0.6,0.3,21.260725021362305,21.349523544311523
133,0.0,0.7,0.3,17.105348587036133,21.9119930267334
133,0.0,0.8,0.3,16.79174041748047,23.378293991088867
133,0.0,0.9,0.3,15.917699813842772,22.301101684570312
133,0.0,1.0,0.3,15.022318840026855,26.36241340637207
134,0.0,0.0,0.3,24.520828247070312,25.096004486083984
134,0.0,0.1,0.3,24.504676818847656,25.875732421875
134,0.0,0.2,0.3,24.280664443969727,25.47575759887696
134,0.0,0.3,0.3,23.96962547302246,25.07427978515625
134,0.0,0.4,0.3,23.38119506835937,25.378692626953125
134,0.0,0.5,0.3,21.70306968688965,26.566913604736328
134,0.0,0.6,0.3,20.921199798583984,27.30080795288086
134,0.0,0.7,0.3,20.73931884765625,28.105098724365234
134,0.0,0.8,0.3,19.759185791015625,28.40851783752441
134,0.0,0.9,0.3,19.653953552246094,26.352001190185547
134,0.0,1.0,0.3,19.686351776123047,27.05514144897461
135,0.0,0.0,0.3,20.747472763061523,23.090295791625977
135,0.0,0.1,0.3,20.773393630981445,24.34840965270996
135,0.0,0.2,0.3,20.23179054260254,23.081974029541016
135,0.0,0.3,0.3,19.70315170288086,23.573768615722656
135,0.0,0.4,0.3,19.3576602935791,23.29307746887207
135,0.0,0.5,0.3,18.66375160217285,22.665660858154297
135,0.0,0.6,0.3,18.189565658569336,23.92951393127441
135,0.0,0.7,0.3,18.21910858154297,20.639205932617188
135,0.0,0.8,0.3,17.209733963012695,25.08053398132324
135,0.0,0.9,0.3,15.62318992614746,25.87627220153809
135,0.0,1.0,0.3,16.385204315185547,23.57167625427246
136,0.0,0.0,0.3,22.19491004943848,19.41960525512696
136,0.0,0.1,0.3,22.17711639404297,19.36629104614257
136,0.0,0.2,0.3,22.070199966430664,19.190147399902344
136,0.0,0.3,0.3,21.968168258666992,19.202617645263672
136,0.0,0.4,0.3,21.67530632019043,19.012311935424805
136,0.0,0.5,0.3,21.24404525756836,19.780742645263672
136,0.0,0.6,0.3,19.6048641204834,24.147613525390625
136,0.0,0.7,0.3,18.67606544494629,25.06108283996582
136,0.0,0.8,0.3,16.688596725463867,25.629838943481445
136,0.0,0.9,0.3,13.769452095031738,22.801149368286133
136,0.0,1.0,0.3,12.350371360778809,27.105785369873047
137,0.0,0.0,0.3,16.620330810546875,25.36024475097656
137,0.0,0.1,0.3,16.613407135009766,24.77315902709961
137,0.0,0.2,0.3,16.56853485107422,24.85616874694824
137,0.0,0.3,0.3,16.385478973388672,27.383106231689453
137,0.0,0.4,0.3,15.93040370941162,28.66479110717773
137,0.0,0.5,0.3,15.031660079956056,31.171092987060547
137,0.0,0.6,0.3,14.259552001953123,28.025466918945312
137,0.0,0.7,0.3,13.131511688232422,26.2847843170166
137,0.0,0.8,0.3,12.729453086853027,30.189573287963867
137,0.0,0.9,0.3,12.193770408630373,23.899471282958984
137,0.0,1.0,0.3,12.095684051513672,27.18215560913086
138,0.0,0.0,0.3,19.50223159790039,18.629615783691406
138,0.0,0.1,0.3,19.50793838500977,18.333271026611328
138,0.0,0.2,0.3,19.491220474243164,18.37732315063477
138,0.0,0.3,0.3,19.46750831604004,18.268543243408203
138,0.0,0.4,0.3,19.09057807922364,26.68636703491211
138,0.0,0.5,0.3,18.333080291748047,26.25602149963379
138,0.0,0.6,0.3,17.571901321411133,25.029294967651367
138,0.0,0.7,0.3,13.899704933166504,27.70017433166504
138,0.0,0.8,0.3,13.185296058654783,27.45314598083496
138,0.0,0.9,0.3,12.481658935546877,26.65047073364257
138,0.0,1.0,0.3,13.166269302368164,26.7300968170166
139,0.0,0.0,0.3,15.143810272216797,22.27251434326172
139,0.0,0.1,0.3,15.164328575134276,22.5803165435791
139,0.0,0.2,0.3,15.16807460784912,22.4849796295166
139,0.0,0.3,0.3,15.101801872253418,22.69699478149414
139,0.0,0.4,0.3,15.030205726623535,23.36817169189453
139,0.0,0.5,0.3,14.815217971801758,23.6579647064209
139,0.0,0.6,0.3,14.65018081665039,24.134111404418945
139,0.0,0.7,0.3,13.894247055053713,23.032075881958008
139,0.0,0.8,0.3,13.632332801818848,23.638511657714844
139,0.0,0.9,0.3,13.128900527954102,22.446516036987305
139,0.0,1.0,0.3,13.479432106018066,22.339576721191406
111000000000,0.0,0.0,0.3,16.337745666503906,14.872191429138184
111000000000,0.0,0.1,0.3,16.29933738708496,14.976755142211914
111000000000,0.0,0.2,0.3,16.284425735473633,15.276822090148926
111000000000,0.0,0.3,0.3,15.82703685760498,17.41448402404785
111000000000,0.0,0.4,0.3,15.09800910949707,15.946771621704102
111000000000,0.0,0.5,0.3,14.583484649658203,16.376218795776367
111000000000,0.0,0.6,0.3,13.634827613830566,17.538780212402344
111000000000,0.0,0.7,0.3,12.46914005279541,21.78302764892578
111000000000,0.0,0.8,0.3,11.825339317321776,22.747493743896484
111000000000,0.0,0.9,0.3,11.801576614379885,20.26946258544922
111000000000,0.0,1.0,0.3,13.65587043762207,16.392194747924805
111000000001,0.0,0.0,0.3,20.29368782043457,29.06171417236328
111000000001,0.0,0.1,0.3,20.252120971679688,28.848743438720703
111000000001,0.0,0.2,0.3,19.976940155029297,30.15831756591797
111000000001,0.0,0.3,0.3,18.8759880065918,31.585676193237305
111000000001,0.0,0.4,0.3,17.5137882232666,31.222427368164062
111000000001,0.0,0.5,0.3,15.743810653686523,32.31486511230469
111000000001,0.0,0.6,0.3,14.010698318481444,31.46720314025879
111000000001,0.0,0.7,0.3,14.23891258239746,32.19230651855469
111000000001,0.0,0.8,0.3,13.58963394165039,29.86081314086914
111000000001,0.0,0.9,0.3,12.172164916992188,29.879289627075195
111000000001,0.0,1.0,0.3,11.906991004943848,30.45524406433105
111000000002,0.0,0.0,0.3,22.144325256347656,15.822145462036133
111000000002,0.0,0.1,0.3,22.09334945678711,15.455458641052246
111000000002,0.0,0.2,0.3,21.851560592651367,16.244108200073242
111000000002,0.0,0.3,0.3,21.220592498779297,19.946590423583984
111000000002,0.0,0.4,0.3,19.29399299621582,23.759014129638672
111000000002,0.0,0.5,0.3,17.66063690185547,24.195533752441406
111000000002,0.0,0.6,0.3,15.823925018310549,21.68953514099121
111000000002,0.0,0.7,0.3,15.489794731140137,18.93221664428711
111000000002,0.0,0.8,0.3,13.00414752960205,24.71459579467773
111000000002,0.0,0.9,0.3,12.431547164916992,24.444236755371094
111000000002,0.0,1.0,0.3,12.732067108154297,26.99225234985352
111000000003,0.0,0.0,0.3,22.03493309020996,25.792348861694336
111000000003,0.0,0.1,0.3,22.008798599243164,25.73350715637207
111000000003,0.0,0.2,0.3,22.00005340576172,25.870943069458008
111000000003,0.0,0.3,0.3,21.75794982910156,25.3232479095459
111000000003,0.0,0.4,0.3,21.01165580749512,26.1174373626709
111000000003,0.0,0.5,0.3,19.14243507385254,24.90889549255371
111000000003,0.0,0.6,0.3,18.03744888305664,24.87300682067871
111000000003,0.0,0.7,0.3,16.87566566467285,22.63064384460449
111000000003,0.0,0.8,0.3,15.224980354309082,20.01007843017578
111000000003,0.0,0.9,0.3,14.011852264404297,21.910932540893555
111000000003,0.0,1.0,0.3,13.489106178283691,22.30094146728516
111000000004,0.0,0.0,0.3,19.80695915222168,27.63272476196289
111000000004,0.0,0.1,0.3,19.80032157897949,27.5304012298584
111000000004,0.0,0.2,0.3,19.78614616394043,27.29550552368164
111000000004,0.0,0.3,0.3,19.709457397460938,27.56407928466797
111000000004,0.0,0.4,0.3,18.906644821166992,28.842140197753903
111000000004,0.0,0.5,0.3,18.616649627685547,29.72577857971192
111000000004,0.0,0.6,0.3,18.129852294921875,29.785568237304688
111000000004,0.0,0.7,0.3,17.377981185913086,28.61860656738281
111000000004,0.0,0.8,0.3,16.42837142944336,26.83956527709961
111000000004,0.0,0.9,0.3,15.806429862976074,28.06373786926269
111000000004,0.0,1.0,0.3,14.179072380065918,26.48993682861328
111000000005,0.0,0.0,0.3,19.699079513549805,30.779844284057617
111000000005,0.0,0.1,0.3,19.651657104492188,30.722396850585938
111000000005,0.0,0.2,0.3,19.52972984313965,30.238529205322266
111000000005,0.0,0.3,0.3,19.17905616760254,29.82007026672364
111000000005,0.0,0.4,0.3,18.9423828125,28.88985061645508
111000000005,0.0,0.5,0.3,18.748424530029297,29.78139305114746
111000000005,0.0,0.6,0.3,17.998809814453125,30.08534240722656
111000000005,0.0,0.7,0.3,17.112586975097656,28.85574722290039
111000000005,0.0,0.8,0.3,16.555269241333008,29.924314498901367
111000000005,0.0,0.9,0.3,14.473562240600586,28.76091957092285
111000000005,0.0,1.0,0.3,12.919811248779297,27.845298767089844
111000000006,0.0,0.0,0.3,23.57288360595703,24.76948356628418
111000000006,0.0,0.1,0.3,23.54508209228516,25.86400604248047
111000000006,0.0,0.2,0.3,23.46058464050293,27.961387634277344
111000000006,0.0,0.3,0.3,23.146259307861328,29.56682777404785
111000000006,0.0,0.4,0.3,22.56667709350586,29.170726776123047
111000000006,0.0,0.5,0.3,21.91937255859375,29.22940826416016
111000000006,0.0,0.6,0.3,21.693925857543945,29.559282302856445
111000000006,0.0,0.7,0.3,20.26717185974121,28.39495277404785
111000000006,0.0,0.8,0.3,19.114381790161133,26.03192710876465
111000000006,0.0,0.9,0.3,15.374966621398926,20.49759101867676
111000000006,0.0,1.0,0.3,17.13461685180664,19.604368209838867
111000000007,0.0,0.0,0.3,19.156158447265625,18.07331085205078
111000000007,0.0,0.1,0.3,19.091768264770508,18.16475486755371
111000000007,0.0,0.2,0.3,18.85660552978516,19.322399139404297
111000000007,0.0,0.3,0.3,18.17138862609864,20.766826629638672
111000000007,0.0,0.4,0.3,17.225252151489258,21.92173385620117
111000000007,0.0,0.5,0.3,16.405092239379883,22.18469619750977
111000000007,0.0,0.6,0.3,16.10354232788086,25.340669631958008
111000000007,0.0,0.7,0.3,15.959489822387695,23.6158390045166
111000000007,0.0,0.8,0.3,14.583466529846191,23.981046676635746
111000000007,0.0,0.9,0.3,12.039549827575684,31.547138214111328
111000000007,0.0,1.0,0.3,13.421215057373049,25.26146697998047
111000000008,0.0,0.0,0.3,18.283422470092773,22.923185348510746
111000000008,0.0,0.1,0.3,18.325145721435547,23.80690193176269
111000000008,0.0,0.2,0.3,18.18847846984864,19.674543380737305
111000000008,0.0,0.3,0.3,17.71638298034668,23.82170295715332
111000000008,0.0,0.4,0.3,16.582420349121094,26.228588104248047
111000000008,0.0,0.5,0.3,15.968953132629396,27.35438346862793
111000000008,0.0,0.6,0.3,15.406088829040527,31.703857421875
111000000008,0.0,0.7,0.3,14.175378799438477,30.68082427978516
111000000008,0.0,0.8,0.3,14.066434860229492,29.853694915771484
111000000008,0.0,0.9,0.3,13.269917488098145,31.747753143310547
111000000008,0.0,1.0,0.3,12.40365505218506,27.226776123046875
111000000009,0.0,0.0,0.3,16.73594093322754,19.98897361755371
111000000009,0.0,0.1,0.3,16.739044189453125,19.06583404541016
111000000009,0.0,0.2,0.3,16.658634185791016,20.61175346374512
111000000009,0.0,0.3,0.3,16.232484817504883,21.122941970825195
111000000009,0.0,0.4,0.3,15.2171630859375,23.210140228271484
111000000009,0.0,0.5,0.3,14.002867698669434,24.725053787231445
111000000009,0.0,0.6,0.3,13.047124862670898,25.845516204833984
111000000009,0.0,0.7,0.3,12.685970306396484,26.29599571228028
111000000009,0.0,0.8,0.3,11.251472473144531,25.82785415649414
111000000009,0.0,0.9,0.3,11.548868179321287,27.96468734741211
111000000009,0.0,1.0,0.3,8.940181732177734,23.46221160888672
112000000000,0.0,0.0,0.3,19.43848419189453,25.730615615844727
112000000000,0.0,0.1,0.3,19.457406997680664,26.282161712646484
112000000000,0.0,0.2,0.3,19.463138580322266,26.182567596435547
112000000000,0.0,0.3,0.3,19.29924964904785,26.50722885131836
112000000000,0.0,0.4,0.3,19.01580810546875,26.49517059326172
112000000000,0.0,0.5,0.3,18.836181640625,26.068418502807617
112000000000,0.0,0.6,0.3,18.15859603881836,27.275239944458008
112000000000,0.0,0.7,0.3,16.163862228393555,26.22694396972656
112000000000,0.0,0.8,0.3,14.595760345458984,27.697341918945312
112000000000,0.0,0.9,0.3,13.40609359741211,28.083477020263672
112000000000,0.0,1.0,0.3,13.163248062133787,26.57406044006348
112000000001,0.0,0.0,0.3,18.844770431518555,17.205415725708008
112000000001,0.0,0.1,0.3,18.836742401123047,17.43767547607422
112000000001,0.0,0.2,0.3,18.818830490112305,19.000030517578125
112000000001,0.0,0.3,0.3,18.326976776123047,19.57632064819336
112000000001,0.0,0.4,0.3,18.22842025756836,20.36629295349121
112000000001,0.0,0.5,0.3,16.582773208618164,19.936647415161133
112000000001,0.0,0.6,0.3,16.42361831665039,19.52064323425293
112000000001,0.0,0.7,0.3,15.45284652709961,20.66497611999512
112000000001,0.0,0.8,0.3,15.653091430664062,18.31038856506348
112000000001,0.0,0.9,0.3,12.816741943359377,15.604211807250977
112000000001,0.0,1.0,0.3,11.611281394958496,15.276512145996094
112000000002,0.0,0.0,0.3,18.158950805664062,22.282609939575195
112000000002,0.0,0.1,0.3,18.15813064575196,22.59262466430664
112000000002,0.0,0.2,0.3,18.14501953125,22.90755271911621
112000000002,0.0,0.3,0.3,18.00461196899414,23.82452392578125
112000000002,0.0,0.4,0.3,17.841386795043945,22.214982986450195
112000000002,0.0,0.5,0.3,17.64455795288086,22.729795455932617
112000000002,0.0,0.6,0.3,16.795345306396484,26.931888580322266
112000000002,0.0,0.7,0.3,16.22878646850586,22.851259231567383
112000000002,0.0,0.8,0.3,14.66645336151123,27.76410675048828
112000000002,0.0,0.9,0.3,13.197372436523438,28.12691116333008
112000000002,0.0,1.0,0.3,7.49541425704956,30.176288604736328
112000000003,0.0,0.0,0.3,20.49392509460449,24.91457176208496
112000000003,0.0,0.1,0.3,20.476518630981445,24.801631927490234
112000000003,0.0,0.2,0.3,20.46689987182617,25.071304321289062
112000000003,0.0,0.3,0.3,20.33642196655273,24.16568374633789
112000000003,0.0,0.4,0.3,19.77090072631836,23.941320419311523
112000000003,0.0,0.5,0.3,19.611736297607425,23.39395523071289
112000000003,0.0,0.6,0.3,19.08725357055664,23.386625289916992
112000000003,0.0,0.7,0.3,18.91048240661621,25.297626495361328
112000000003,0.0,0.8,0.3,18.23075485229492,26.14382743835449
112000000003,0.0,0.9,0.3,15.29220485687256,25.473896026611328
112000000003,0.0,1.0,0.3,14.561798095703123,24.629379272460938
112000000004,0.0,0.0,0.3,19.65709686279297,23.066415786743164
112000000004,0.0,0.1,0.3,19.66702651977539,22.973352432250977
112000000004,0.0,0.2,0.3,19.674434661865234,22.75180053710937
112000000004,0.0,0.3,0.3,19.504274368286133,22.388687133789062
112000000004,0.0,0.4,0.3,19.29020118713379,22.12187385559082
112000000004,0.0,0.5,0.3,18.012920379638672,26.92523002624512
112000000004,0.0,0.6,0.3,16.742948532104492,24.757692337036133
112000000004,0.0,0.7,0.3,14.717905044555664,24.304094314575195
112000000004,0.0,0.8,0.3,14.279977798461914,22.75867080688477
112000000004,0.0,0.9,0.3,12.915884017944336,24.62778854370117
112000000004,0.0,1.0,0.3,11.832667350769045,27.357505798339844
112000000005,0.0,0.0,0.3,17.364639282226562,24.8590145111084
112000000005,0.0,0.1,0.3,17.360139846801758,28.988758087158203
112000000005,0.0,0.2,0.3,17.246084213256836,27.50101089477539
112000000005,0.0,0.3,0.3,17.15528106689453,27.87488174438477
112000000005,0.0,0.4,0.3,16.973093032836914,26.75690269470215
112000000005,0.0,0.5,0.3,16.538671493530273,23.74181365966797
112000000005,0.0,0.6,0.3,16.114593505859375,26.191837310791016
112000000005,0.0,0.7,0.3,14.722116470336914,28.64638900756836
112000000005,0.0,0.8,0.3,14.428861618041992,25.66583824157715
112000000005,0.0,0.9,0.3,14.399415969848633,26.26735496520996
112000000005,0.0,1.0,0.3,13.913578033447266,24.536272048950195
112000000006,0.0,0.0,0.3,19.95721435546875,23.1679744720459
112000000006,0.0,0.1,0.3,19.96059799194336,23.639339447021484
112000000006,0.0,0.2,0.3,19.97974967956543,23.44508552551269
112000000006,0.0,0.3,0.3,19.937864303588867,22.156583786010746
112000000006,0.0,0.4,0.3,19.924867630004883,22.01990127563477
112000000006,0.0,0.5,0.3,19.85030174255371,22.032276153564453
112000000006,0.0,0.6,0.3,19.62511444091797,22.720155715942383
112000000006,0.0,0.7,0.3,18.97689437866211,21.61518096923828
112000000006,0.0,0.8,0.3,16.682838439941406,24.782224655151367
112000000006,0.0,0.9,0.3,13.562149047851562,28.3543643951416
112000000006,0.0,1.0,0.3,14.49898624420166,22.175880432128903
112000000007,0.0,0.0,0.3,16.635547637939453,16.61686897277832
112000000007,0.0,0.1,0.3,16.641096115112305,16.778236389160156
112000000007,0.0,0.2,0.3,16.59958839416504,17.35190773010254
112000000007,0.0,0.3,0.3,16.43956756591797,19.45757484436035
112000000007,0.0,0.4,0.3,16.15928077697754,20.088695526123047
112000000007,0.0,0.5,0.3,15.7899169921875,18.526670455932617
112000000007,0.0,0.6,0.3,15.16261863708496,21.608999252319336
112000000007,0.0,0.7,0.3,14.37763786315918,22.295122146606445
112000000007,0.0,0.8,0.3,14.638632774353027,22.21644592285156
112000000007,0.0,0.9,0.3,13.962563514709473,19.020751953125
112000000007,0.0,1.0,0.3,13.17395305633545,20.925067901611328
112000000008,0.0,0.0,0.3,19.73345947265625,24.513412475585938
112000000008,0.0,0.1,0.3,19.68686294555664,24.855451583862305
112000000008,0.0,0.2,0.3,19.5811824798584,24.765087127685547
112000000008,0.0,0.3,0.3,19.11081886291504,26.131101608276367
112000000008,0.0,0.4,0.3,18.08652877807617,26.4703311920166
112000000008,0.0,0.5,0.3,16.832820892333984,25.93113136291504
112000000008,0.0,0.6,0.3,15.346092224121094,27.51972961425781
112000000008,0.0,0.7,0.3,13.35980224609375,31.04142570495605
112000000008,0.0,0.8,0.3,12.3810396194458,27.808124542236328
112000000008,0.0,0.9,0.3,12.360962867736816,29.368915557861328
112000000008,0.0,1.0,0.3,12.944429397583008,27.656797409057617
112000000009,0.0,0.0,0.3,18.184446334838867,21.70745086669922
112000000009,0.0,0.1,0.3,18.159852981567383,21.68826675415039
112000000009,0.0,0.2,0.3,18.047964096069336,22.123273849487305
112000000009,0.0,0.3,0.3,17.667755126953125,21.89699935913086
112000000009,0.0,0.4,0.3,17.039087295532227,23.707067489624023
112000000009,0.0,0.5,0.3,16.069292068481445,23.924484252929688
112000000009,0.0,0.6,0.3,15.124192237854004,24.82798957824707
112000000009,0.0,0.7,0.3,14.021122932434082,24.71559715270996
112000000009,0.0,0.8,0.3,12.685123443603516,25.510534286499023
112000000009,0.0,0.9,0.3,11.809335708618164,25.962934494018555
112000000009,0.0,1.0,0.3,11.90465259552002,24.806339263916016
113000000000,0.0,0.0,0.3,19.50809097290039,29.125791549682617
113000000000,0.0,0.1,0.3,19.537309646606445,28.625953674316406
113000000000,0.0,0.2,0.3,19.159292221069336,31.88809967041016
113000000000,0.0,0.3,0.3,18.14177131652832,32.229103088378906
113000000000,0.0,0.4,0.3,17.548873901367188,29.7050838470459
113000000000,0.0,0.5,0.3,15.9356050491333,29.656700134277344
113000000000,0.0,0.6,0.3,14.686753273010254,29.641223907470703
113000000000,0.0,0.7,0.3,12.788987159729004,27.64480781555176
113000000000,0.0,0.8,0.3,12.05694580078125,28.80426597595215
113000000000,0.0,0.9,0.3,11.723907470703123,26.665830612182617
113000000000,0.0,1.0,0.3,11.282607078552246,28.63606834411621
113000000001,0.0,0.0,0.3,23.199769973754883,14.665940284729004
113000000001,0.0,0.1,0.3,23.18585205078125,15.206000328063965
113000000001,0.0,0.2,0.3,23.005250930786133,16.608043670654297
113000000001,0.0,0.3,0.3,22.33517837524414,16.921436309814453
113000000001,0.0,0.4,0.3,21.12405776977539,18.5222110748291
113000000001,0.0,0.5,0.3,19.814023971557617,19.038877487182617
113000000001,0.0,0.6,0.3,18.86613655090332,18.93527603149414
113000000001,0.0,0.7,0.3,17.44170570373535,18.43656349182129
113000000001,0.0,0.8,0.3,16.612812042236328,21.581523895263672
113000000001,0.0,0.9,0.3,16.859128952026367,18.678844451904297
113000000001,0.0,1.0,0.3,14.752630233764648,19.714256286621094
113000000002,0.0,0.0,0.3,21.923498153686523,25.20251846313477
113000000002,0.0,0.1,0.3,21.9199333190918,25.167325973510746
113000000002,0.0,0.2,0.3,21.79231834411621,25.461997985839844
113000000002,0.0,0.3,0.3,21.210952758789062,26.62881660461425
113000000002,0.0,0.4,0.3,20.290956497192383,27.35347366333008
113000000002,0.0,0.5,0.3,19.33209228515625,26.31717872619629
113000000002,0.0,0.6,0.3,18.34391021728516,27.97675514221192
113000000002,0.0,0.7,0.3,17.23866081237793,28.29310607910156
113000000002,0.0,0.8,0.3,15.834226608276367,29.95748519897461
113000000002,0.0,0.9,0.3,13.299726486206056,30.48960494995117
113000000002,0.0,1.0,0.3,11.180377960205078,29.20315170288086
113000000003,0.0,0.0,0.3,19.44861221313477,26.553815841674805
113000000003,0.0,0.1,0.3,19.47471046447754,26.07489776611328
113000000003,0.0,0.2,0.3,19.343978881835938,25.173133850097656
113000000003,0.0,0.3,0.3,18.860645294189453,25.82574844360352
113000000003,0.0,0.4,0.3,18.100160598754883,27.077747344970703
113000000003,0.0,0.5,0.3,17.257511138916016,24.57975959777832
113000000003,0.0,0.6,0.3,16.101337432861328,26.01407814025879
113000000003,0.0,0.7,0.3,14.9862699508667,26.506084442138672
113000000003,0.0,0.8,0.3,14.793502807617188,24.583789825439453
113000000003,0.0,0.9,0.3,14.335121154785156,26.565814971923828
113000000003,0.0,1.0,0.3,13.016389846801758,26.90222930908203
113000000004,0.0,0.0,0.3,19.266746520996094,26.68101119995117
113000000004,0.0,0.1,0.3,19.27614402770996,26.548660278320312
113000000004,0.0,0.2,0.3,19.20718765258789,26.807764053344727
113000000004,0.0,0.3,0.3,18.98493194580078,26.573148727416992
113000000004,0.0,0.4,0.3,18.57335090637207,25.51801300048828
113000000004,0.0,0.5,0.3,18.793275833129883,26.91536521911621
113000000004,0.0,0.6,0.3,18.06557846069336,26.44956970214844
113000000004,0.0,0.7,0.3,17.34833526611328,28.86396026611328
113000000004,0.0,0.8,0.3,17.875728607177734,27.08684158325196
113000000004,0.0,0.9,0.3,17.307748794555664,30.333721160888672
113000000004,0.0,1.0,0.3,16.57599449157715,25.289974212646484
113000000005,0.0,0.0,0.3,27.164831161499023,22.723716735839844
113000000005,0.0,0.1,0.3,27.175167083740234,23.00466537475586
113000000005,0.0,0.2,0.3,27.337617874145508,22.607072830200195
113000000005,0.0,0.3,0.3,27.29639434814453,22.88703346252441
113000000005,0.0,0.4,0.3,27.06873893737793,22.840255737304688
113000000005,0.0,0.5,0.3,26.61983871459961,22.531185150146484
113000000005,0.0,0.6,0.3,24.982017517089844,23.351058959960938
113000000005,0.0,0.7,0.3,20.375469207763672,22.73589515686035
113000000005,0.0,0.8,0.3,16.23802947998047,25.49258804321289
113000000005,0.0,0.9,0.3,15.67956829071045,26.066377639770508
113000000005,0.0,1.0,0.3,12.456584930419922,24.79737091064453
113000000006,0.0,0.0,0.3,21.791046142578125,23.718828201293945
113000000006,0.0,0.1,0.3,21.756492614746094,23.398849487304688
113000000006,0.0,0.2,0.3,21.73334693908692,23.793081283569336
113000000006,0.0,0.3,0.3,21.596630096435547,23.665395736694336
113000000006,0.0,0.4,0.3,21.59073066711425,23.843441009521484
113000000006,0.0,0.5,0.3,21.273113250732425,24.97175407409668
113000000006,0.0,0.6,0.3,21.102519989013672,24.345508575439453
113000000006,0.0,0.7,0.3,15.716150283813477,24.82805633544922
113000000006,0.0,0.8,0.3,15.124567031860352,29.458946228027344
113000000006,0.0,0.9,0.3,14.48178005218506,27.333223342895508
113000000006,0.0,1.0,0.3,13.790425300598145,24.95022201538086
113000000007,0.0,0.0,0.3,19.704998016357425,23.21152305603028
113000000007,0.0,0.1,0.3,19.708959579467773,23.19732093811035
113000000007,0.0,0.2,0.3,19.67734718322754,23.199705123901367
113000000007,0.0,0.3,0.3,19.54767417907715,23.121871948242188
113000000007,0.0,0.4,0.3,19.475698471069336,22.97379302978516
113000000007,0.0,0.5,0.3,19.23298454284668,26.81448745727539
113000000007,0.0,0.6,0.3,17.591976165771484,27.51828384399414
113000000007,0.0,0.7,0.3,14.89586067199707,27.12900352478028
113000000007,0.0,0.8,0.3,15.19887924194336,27.744165420532227
113000000007,0.0,0.9,0.3,13.576581954956056,26.74486541748047
113000000007,0.0,1.0,0.3,15.715221405029297,25.928455352783203
113000000008,0.0,0.0,0.3,17.88204002380371,22.363481521606445
113000000008,0.0,0.1,0.3,17.88016700744629,23.40107536315918
113000000008,0.0,0.2,0.3,17.889116287231445,22.22058486938477
113000000008,0.0,0.3,0.3,17.498390197753906,21.90072631835937
113000000008,0.0,0.4,0.3,16.839004516601562,20.70976448059082
113000000008,0.0,0.5,0.3,16.74118423461914,22.78435134887696
113000000008,0.0,0.6,0.3,16.270523071289062,23.70252990722656
113000000008,0.0,0.7,0.3,15.937739372253418,26.8594970703125
113000000008,0.0,0.8,0.3,14.809186935424805,26.37858390808105
113000000008,0.0,0.9,0.3,12.65523624420166,25.33530235290528
113000000008,0.0,1.0,0.3,11.082364082336426,25.832897186279297
113000000009,0.0,0.0,0.3,16.75724220275879,29.227554321289062
113000000009,0.0,0.1,0.3,16.728656768798828,29.897829055786133
113000000009,0.0,0.2,0.3,16.649654388427734,30.00695037841797
113000000009,0.0,0.3,0.3,16.528362274169922,31.80319595336914
113000000009,0.0,0.4,0.3,16.248085021972656,31.64051818847656
113000000009,0.0,0.5,0.3,16.149076461791992,30.53449440002441
113000000009,0.0,0.6,0.3,15.688876152038574,30.941347122192383
113000000009,0.0,0.7,0.3,15.218749046325684,30.02318954467773
113000000009,0.0,0.8,0.3,14.358675003051758,30.55538749694824
113000000009,0.0,0.9,0.3,13.56168270111084,29.928022384643555
113000000009,0.0,1.0,0.3,12.88630199432373,31.005828857421875
114000000000,0.0,0.0,0.3,21.641042709350582,27.83118438720703
114000000000,0.0,0.1,0.3,21.61188507080078,28.0792236328125
114000000000,0.0,0.2,0.3,21.536109924316406,28.537166595458984
114000000000,0.0,0.3,0.3,21.458255767822266,28.10548591613769
114000000000,0.0,0.4,0.3,21.29949378967285,27.12898635864257
114000000000,0.0,0.5,0.3,19.51269149780273,29.58046531677246
114000000000,0.0,0.6,0.3,19.49740219116211,30.512290954589844
114000000000,0.0,0.7,0.3,17.439119338989258,30.2713565826416
114000000000,0.0,0.8,0.3,16.105043411254883,31.081438064575195
114000000000,0.0,0.9,0.3,11.863211631774902,31.30483055114746
114000000000,0.0,1.0,0.3,9.744730949401855,29.58436584472656
114000000001,0.0,0.0,0.3,22.771398544311523,33.43488693237305
114000000001,0.0,0.1,0.3,22.692779541015625,32.26421356201172
114000000001,0.0,0.2,0.3,22.490158081054688,31.50786399841309
114000000001,0.0,0.3,0.3,22.10431289672852,31.63402938842773
114000000001,0.0,0.4,0.3,21.63209342956543,32.58476257324219
114000000001,0.0,0.5,0.3,20.354421615600582,33.07383728027344
114000000001,0.0,0.6,0.3,18.800682067871094,32.16316604614258
114000000001,0.0,0.7,0.3,17.070388793945312,33.020362854003906
114000000001,0.0,0.8,0.3,16.866741180419922,34.06300354003906
114000000001,0.0,0.9,0.3,16.59510612487793,32.98981857299805
114000000001,0.0,1.0,0.3,14.71531581878662,35.109230041503906
114000000002,0.0,0.0,0.3,19.56839942932129,21.0498161315918
114000000002,0.0,0.1,0.3,19.53706741333008,20.655261993408203
114000000002,0.0,0.2,0.3,19.50761032104492,23.42288589477539
114000000002,0.0,0.3,0.3,19.210742950439453,21.21666717529297
114000000002,0.0,0.4,0.3,18.83553123474121,20.662328720092773
114000000002,0.0,0.5,0.3,17.90455436706543,20.44957160949707
114000000002,0.0,0.6,0.3,18.082195281982425,19.59550666809082
114000000002,0.0,0.7,0.3,17.744277954101562,20.30274200439453
114000000002,0.0,0.8,0.3,17.155168533325195,21.402238845825195
114000000002,0.0,0.9,0.3,16.530704498291016,21.762651443481445
114000000002,0.0,1.0,0.3,15.1539888381958,21.64046287536621
114000000003,0.0,0.0,0.3,17.986730575561523,21.550281524658203
114000000003,0.0,0.1,0.3,17.972408294677734,20.88043975830078
114000000003,0.0,0.2,0.3,17.94135093688965,20.726442337036133
114000000003,0.0,0.3,0.3,17.641878128051758,20.763322830200195
114000000003,0.0,0.4,0.3,17.329357147216797,21.85137367248535
114000000003,0.0,0.5,0.3,16.340009689331055,29.137157440185547
114000000003,0.0,0.6,0.3,14.838345527648926,28.42074012756348
114000000003,0.0,0.7,0.3,14.740313529968262,28.078048706054688
114000000003,0.0,0.8,0.3,13.378260612487791,29.19607734680176
114000000003,0.0,0.9,0.3,12.781201362609863,30.74380683898925
114000000003,0.0,1.0,0.3,12.332100868225098,29.167837142944336
114000000004,0.0,0.0,0.3,21.870481491088867,29.440645217895508
114000000004,0.0,0.1,0.3,21.85312843322754,29.42138862609864
114000000004,0.0,0.2,0.3,21.615833282470703,29.32198715209961
114000000004,0.0,0.3,0.3,21.422008514404297,29.438308715820312
114000000004,0.0,0.4,0.3,21.44551658630371,29.44730567932129
114000000004,0.0,0.5,0.3,21.08131599426269,29.79058074951172
114000000004,0.0,0.6,0.3,20.49105262756348,30.311054229736328
114000000004,0.0,0.7,0.3,17.43538475036621,32.845333099365234
114000000004,0.0,0.8,0.3,16.351987838745117,30.12335205078125
114000000004,0.0,0.9,0.3,14.114049911499023,30.44629669189453
114000000004,0.0,1.0,0.3,14.876776695251465,30.412256240844727
114000000005,0.0,0.0,0.3,20.910076141357425,18.000167846679688
114000000005,0.0,0.1,0.3,20.89698982238769,18.423322677612305
114000000005,0.0,0.2,0.3,20.881166458129883,17.53373908996582
114000000005,0.0,0.3,0.3,20.57513427734375,19.943010330200195
114000000005,0.0,0.4,0.3,19.710357666015625,23.22063064575196
114000000005,0.0,0.5,0.3,18.29181480407715,25.54873847961425
114000000005,0.0,0.6,0.3,17.071184158325195,25.82343292236328
114000000005,0.0,0.7,0.3,15.13204288482666,25.971525192260746
114000000005,0.0,0.8,0.3,14.0468111038208,25.768857955932617
114000000005,0.0,0.9,0.3,13.369118690490724,25.39996719360352
114000000005,0.0,1.0,0.3,13.986577987670898,25.93767547607422
114000000006,0.0,0.0,0.3,21.808517456054688,20.142763137817383
114000000006,0.0,0.1,0.3,21.791894912719727,20.137813568115234
114000000006,0.0,0.2,0.3,21.76221466064453,21.80116844177246
114000000006,0.0,0.3,0.3,21.45469665527344,21.22110939025879
114000000006,0.0,0.4,0.3,21.025415420532227,22.138734817504883
114000000006,0.0,0.5,0.3,20.16355323791504,22.80722045898437
114000000006,0.0,0.6,0.3,19.41977500915528,22.254074096679688
114000000006,0.0,0.7,0.3,18.87281990051269,22.19712448120117
114000000006,0.0,0.8,0.3,16.321863174438477,23.896446228027344
114000000006,0.0,0.9,0.3,17.13458824157715,23.325759887695312
114000000006,0.0,1.0,0.3,12.168112754821776,24.7363510131836
114000000007,0.0,0.0,0.3,21.31396102905273,19.51968765258789
114000000007,0.0,0.1,0.3,21.2486515045166,21.697813034057617
114000000007,0.0,0.2,0.3,20.969181060791016,23.740612030029297
114000000007,0.0,0.3,0.3,20.289525985717773,24.872783660888672
114000000007,0.0,0.4,0.3,18.697885513305664,25.23929214477539
114000000007,0.0,0.5,0.3,17.645530700683594,27.12922477722168
114000000007,0.0,0.6,0.3,16.743066787719727,25.596553802490234
114000000007,0.0,0.7,0.3,14.172624588012695,31.61499786376953
114000000007,0.0,0.8,0.3,13.27103042602539,30.81049919128418
114000000007,0.0,0.9,0.3,12.336219787597656,26.259416580200195
114000000007,0.0,1.0,0.3,12.217002868652344,25.03675842285156
114000000008,0.0,0.0,0.3,19.92357635498047,26.22990226745605
114000000008,0.0,0.1,0.3,19.933921813964844,26.40503692626953
114000000008,0.0,0.2,0.3,19.919946670532227,25.935754776000977
114000000008,0.0,0.3,0.3,19.815330505371094,26.79153633117676
114000000008,0.0,0.4,0.3,19.30426025390625,27.88706398010254
114000000008,0.0,0.5,0.3,19.21092414855957,27.059215545654297
114000000008,0.0,0.6,0.3,18.92560768127441,27.509939193725582
114000000008,0.0,0.7,0.3,19.027210235595703,28.4658432006836
114000000008,0.0,0.8,0.3,18.087627410888672,29.38300132751465
114000000008,0.0,0.9,0.3,16.781097412109375,30.628698348999023
114000000008,0.0,1.0,0.3,16.53955078125,29.444807052612305
114000000009,0.0,0.0,0.3,20.527172088623047,25.10137939453125
114000000009,0.0,0.1,0.3,20.50961875915528,24.95934295654297
114000000009,0.0,0.2,0.3,20.47200584411621,24.9497013092041
114000000009,0.0,0.3,0.3,20.396350860595703,24.80711555480957
114000000009,0.0,0.4,0.3,20.00281524658203,25.1672420501709
114000000009,0.0,0.5,0.3,19.59488868713379,26.04774284362793
114000000009,0.0,0.6,0.3,18.737091064453125,26.077281951904297
114000000009,0.0,0.7,0.3,17.489282608032227,26.107391357421875
114000000009,0.0,0.8,0.3,17.2559814453125,25.136592864990234
114000000009,0.0,0.9,0.3,17.039514541625977,25.196922302246094
114000000009,0.0,1.0,0.3,17.30390167236328,25.10215950012207
121000000000,0.0,0.0,0.3,19.1623477935791,32.312583923339844
121000000000,0.0,0.1,0.3,19.22662734985352,30.63535118103028
121000000000,0.0,0.2,0.3,18.98103713989257,30.042400360107425
121000000000,0.0,0.3,0.3,18.21859169006348,29.918739318847656
121000000000,0.0,0.4,0.3,16.452346801757812,32.56253433227539
121000000000,0.0,0.5,0.3,16.226736068725586,33.06359100341797
121000000000,0.0,0.6,0.3,15.72120475769043,34.32421112060547
121000000000,0.0,0.7,0.3,15.657590866088867,33.0251350402832
121000000000,0.0,0.8,0.3,15.397998809814451,34.49891662597656
121000000000,0.0,0.9,0.3,14.64565372467041,29.75674057006836
121000000000,0.0,1.0,0.3,13.751009941101074,32.98839569091797
121000000001,0.0,0.0,0.3,20.25788116455078,31.488142013549805
121000000001,0.0,0.1,0.3,20.05480194091797,32.241153717041016
121000000001,0.0,0.2,0.3,19.54007148742676,29.90284538269043
121000000001,0.0,0.3,0.3,18.485246658325195,31.69878196716309
121000000001,0.0,0.4,0.3,16.336044311523438,29.948102951049805
121000000001,0.0,0.5,0.3,15.191983222961426,30.648866653442383
121000000001,0.0,0.6,0.3,14.89398193359375,30.33326530456543
121000000001,0.0,0.7,0.3,14.021413803100586,28.57849502563477
121000000001,0.0,0.8,0.3,13.363889694213867,29.326114654541016
121000000001,0.0,0.9,0.3,12.656990051269531,28.46878433227539
121000000001,0.0,1.0,0.3,12.419713973999023,30.08028221130371
121000000002,0.0,0.0,0.3,18.98198890686035,25.90003967285156
121000000002,0.0,0.1,0.3,18.98795890808105,25.497774124145508
121000000002,0.0,0.2,0.3,18.80614471435547,25.810102462768555
121000000002,0.0,0.3,0.3,18.125606536865234,25.175443649291992
121000000002,0.0,0.4,0.3,16.94064712524414,24.90977478027344
121000000002,0.0,0.5,0.3,15.66424560546875,23.77933883666992
121000000002,0.0,0.6,0.3,14.733769416809082,24.727155685424805
121000000002,0.0,0.7,0.3,13.67014503479004,26.1931209564209
121000000002,0.0,0.8,0.3,12.919265747070312,25.30685043334961
121000000002,0.0,0.9,0.3,13.03554630279541,23.359394073486328
121000000002,0.0,1.0,0.3,13.18874454498291,23.2390079498291
121000000003,0.0,0.0,0.3,18.9948844909668,26.130294799804688
121000000003,0.0,0.1,0.3,18.917177200317383,27.88907241821289
121000000003,0.0,0.2,0.3,18.709123611450195,28.56929397583008
121000000003,0.0,0.3,0.3,18.14546585083008,27.905649185180664
121000000003,0.0,0.4,0.3,17.21126365661621,26.9625244140625
121000000003,0.0,0.5,0.3,16.606128692626953,28.51763343811035
121000000003,0.0,0.6,0.3,15.807826042175291,26.348915100097656
121000000003,0.0,0.7,0.3,15.228013038635254,27.69265556335449
121000000003,0.0,0.8,0.3,14.451451301574709,27.924644470214844
121000000003,0.0,0.9,0.3,14.485447883605955,28.591398239135746
121000000003,0.0,1.0,0.3,14.459882736206056,26.801794052124023
121000000004,0.0,0.0,0.3,19.61906242370605,20.78815460205078
121000000004,0.0,0.1,0.3,19.60295486450196,20.86855125427246
121000000004,0.0,0.2,0.3,19.52229690551757,21.75046730041504
121000000004,0.0,0.3,0.3,19.28546142578125,22.09510040283203
121000000004,0.0,0.4,0.3,18.71762466430664,23.67406272888184
121000000004,0.0,0.5,0.3,17.874448776245117,28.0754508972168
121000000004,0.0,0.6,0.3,17.399803161621094,28.387266159057617
121000000004,0.0,0.7,0.3,16.5245304107666,26.527568817138672
121000000004,0.0,0.8,0.3,15.746810913085938,26.095420837402344
121000000004,0.0,0.9,0.3,15.002217292785645,28.275257110595703
121000000004,0.0,1.0,0.3,13.979608535766602,28.198219299316406
121000000005,0.0,0.0,0.3,20.7640323638916,23.96427345275879
121000000005,0.0,0.1,0.3,20.72623062133789,26.68758583068848
121000000005,0.0,0.2,0.3,20.53083229064941,27.32612991333008
121000000005,0.0,0.3,0.3,20.04540634155273,27.398426055908203
121000000005,0.0,0.4,0.3,19.701549530029297,29.144187927246094
121000000005,0.0,0.5,0.3,18.468488693237305,28.290546417236328
121000000005,0.0,0.6,0.3,18.583993911743164,29.784404754638672
121000000005,0.0,0.7,0.3,18.20771789550781,29.412153244018555
121000000005,0.0,0.8,0.3,16.20313262939453,28.78664207458496
121000000005,0.0,0.9,0.3,16.758174896240234,30.44051551818848
121000000005,0.0,1.0,0.3,15.363411903381348,30.05886459350586
121000000006,0.0,0.0,0.3,19.26830101013184,20.440773010253903
121000000006,0.0,0.1,0.3,19.1661434173584,20.48998260498047
121000000006,0.0,0.2,0.3,18.84886360168457,20.57898330688477
121000000006,0.0,0.3,0.3,18.25505256652832,22.286396026611328
121000000006,0.0,0.4,0.3,17.150043487548828,26.66841125488281
121000000006,0.0,0.5,0.3,15.542485237121582,29.980844497680664
121000000006,0.0,0.6,0.3,15.022238731384276,30.053112030029297
121000000006,0.0,0.7,0.3,15.367013931274414,25.376564025878903
121000000006,0.0,0.8,0.3,15.643378257751465,22.93360137939453
121000000006,0.0,0.9,0.3,14.554511070251465,24.93367576599121
121000000006,0.0,1.0,0.3,11.58243465423584,24.69322967529297
121000000007,0.0,0.0,0.3,17.76119041442871,23.755558013916016
121000000007,0.0,0.1,0.3,17.689714431762695,23.63115501403809
121000000007,0.0,0.2,0.3,17.103485107421875,24.411705017089844
121000000007,0.0,0.3,0.3,16.44867706298828,24.738847732543945
121000000007,0.0,0.4,0.3,15.692450523376465,26.279735565185547
121000000007,0.0,0.5,0.3,14.622564315795898,27.37792205810547
121000000007,0.0,0.6,0.3,12.437472343444824,31.25625801086425
121000000007,0.0,0.7,0.3,11.58803653717041,26.470792770385746
121000000007,0.0,0.8,0.3,11.434525489807127,25.50303268432617
121000000007,0.0,0.9,0.3,10.667041778564451,24.38207054138184
121000000007,0.0,1.0,0.3,10.363011360168455,28.75154685974121
121000000008,0.0,0.0,0.3,16.26067352294922,21.455469131469727
121000000008,0.0,0.1,0.3,16.245988845825195,19.958913803100582
121000000008,0.0,0.2,0.3,16.340274810791016,18.40480613708496
121000000008,0.0,0.3,0.3,15.631329536437988,25.496381759643555
121000000008,0.0,0.4,0.3,14.860206604003906,26.65575408935547
121000000008,0.0,0.5,0.3,14.0274076461792,24.230457305908203
121000000008,0.0,0.6,0.3,13.521056175231934,24.80385971069336
121000000008,0.0,0.7,0.3,12.786344528198242,23.13971328735352
121000000008,0.0,0.8,0.3,12.406723976135254,22.28445053100586
121000000008,0.0,0.9,0.3,12.529214859008787,23.45062828063965
121000000008,0.0,1.0,0.3,12.765218734741213,24.001523971557617
121000000009,0.0,0.0,0.3,19.93417930603028,21.86237525939941
121000000009,0.0,0.1,0.3,19.8598690032959,19.7298583984375
121000000009,0.0,0.2,0.3,19.55026626586914,23.59897804260254
121000000009,0.0,0.3,0.3,18.92903518676757,26.551729202270508
121000000009,0.0,0.4,0.3,18.431293487548828,26.885826110839844
121000000009,0.0,0.5,0.3,17.633371353149414,28.178024291992188
121000000009,0.0,0.6,0.3,16.78551483154297,28.033336639404297
121000000009,0.0,0.7,0.3,16.551172256469727,29.78037071228028
121000000009,0.0,0.8,0.3,16.403013229370117,28.615459442138672
121000000009,0.0,0.9,0.3,16.37288475036621,27.344877243041992
121000000009,0.0,1.0,0.3,16.50540542602539,22.68409919738769
122000000000,0.0,0.0,0.3,19.644529342651367,17.571487426757812
122000000000,0.0,0.1,0.3,19.652294158935547,17.94015121459961
122000000000,0.0,0.2,0.3,19.67090034484864,17.142410278320312
122000000000,0.0,0.3,0.3,19.322290420532227,19.46315193176269
122000000000,0.0,0.4,0.3,18.78270530700684,21.884498596191406
122000000000,0.0,0.5,0.3,17.367155075073242,23.63374900817871
122000000000,0.0,0.6,0.3,13.845829010009766,25.79454231262207
122000000000,0.0,0.7,0.3,12.368993759155272,25.3479118347168
122000000000,0.0,0.8,0.3,12.446099281311035,27.78645133972168
122000000000,0.0,0.9,0.3,12.17370891571045,23.553253173828125
122000000000,0.0,1.0,0.3,11.351404190063477,25.111040115356445
122000000001,0.0,0.0,0.3,18.30690574645996,14.05340576171875
122000000001,0.0,0.1,0.3,18.28042221069336,13.992552757263184
122000000001,0.0,0.2,0.3,18.158466339111328,13.55280590057373
122000000001,0.0,0.3,0.3,17.780771255493164,13.62602996826172
122000000001,0.0,0.4,0.3,17.282634735107422,15.544694900512695
122000000001,0.0,0.5,0.3,16.688549041748047,18.571653366088867
122000000001,0.0,0.6,0.3,15.004258155822754,25.495630264282227
122000000001,0.0,0.7,0.3,14.677380561828612,22.24389266967773
122000000001,0.0,0.8,0.3,12.31290054321289,26.70196914672852
122000000001,0.0,0.9,0.3,12.525304794311523,24.675704956054688
122000000001,0.0,1.0,0.3,12.718674659729004,15.199186325073242
122000000002,0.0,0.0,0.3,21.27556800842285,20.365571975708008
122000000002,0.0,0.1,0.3,21.24083137512207,20.65638732910156
122000000002,0.0,0.2,0.3,21.1291561126709,20.56534004211425
122000000002,0.0,0.3,0.3,20.745080947875977,21.485157012939453
122000000002,0.0,0.4,0.3,20.246326446533203,20.64684295654297
122000000002,0.0,0.5,0.3,19.802410125732425,21.259519577026367
122000000002,0.0,0.6,0.3,17.744678497314453,25.733821868896484
122000000002,0.0,0.7,0.3,16.14537811279297,27.49870491027832
122000000002,0.0,0.8,0.3,14.182269096374512,26.62765312194824
122000000002,0.0,0.9,0.3,14.42897129058838,26.17025375366211
122000000002,0.0,1.0,0.3,13.137396812438965,20.3546199798584
122000000003,0.0,0.0,0.3,18.316368103027344,27.549341201782227
122000000003,0.0,0.1,0.3,18.3051700592041,29.527944564819336
122000000003,0.0,0.2,0.3,18.265958786010746,30.305252075195312
122000000003,0.0,0.3,0.3,18.082279205322266,30.833181381225582
122000000003,0.0,0.4,0.3,17.81406593322754,30.21459007263184
122000000003,0.0,0.5,0.3,17.340585708618164,28.39679718017578
122000000003,0.0,0.6,0.3,16.98982810974121,28.13270378112793
122000000003,0.0,0.7,0.3,15.354848861694336,28.0477352142334
122000000003,0.0,0.8,0.3,14.88832187652588,27.46454429626465
122000000003,0.0,0.9,0.3,14.976537704467772,26.399656295776367
122000000003,0.0,1.0,0.3,14.779474258422852,27.50601387023925
122000000004,0.0,0.0,0.3,20.33894157409668,18.777711868286133
122000000004,0.0,0.1,0.3,20.3507022857666,18.54948616027832
122000000004,0.0,0.2,0.3,20.369298934936523,19.119945526123047
122000000004,0.0,0.3,0.3,20.11136817932129,19.331771850585938
122000000004,0.0,0.4,0.3,20.01031494140625,19.91754531860352
122000000004,0.0,0.5,0.3,19.102968215942383,19.325822830200195
122000000004,0.0,0.6,0.3,17.053070068359375,19.98109245300293
122000000004,0.0,0.7,0.3,17.290180206298828,19.9469051361084
122000000004,0.0,0.8,0.3,12.84324836730957,17.57081413269043
122000000004,0.0,0.9,0.3,13.324891090393066,14.83262825012207
122000000004,0.0,1.0,0.3,12.346236228942873,16.562702178955078
122000000005,0.0,0.0,0.3,19.19747734069824,21.988046646118164
122000000005,0.0,0.1,0.3,19.24223518371582,21.94562339782715
122000000005,0.0,0.2,0.3,19.07343482971192,21.619855880737305
122000000005,0.0,0.3,0.3,18.61253547668457,21.45544815063477
122000000005,0.0,0.4,0.3,17.62459945678711,19.794523239135746
122000000005,0.0,0.5,0.3,15.85728931427002,20.184022903442383
122000000005,0.0,0.6,0.3,14.075432777404783,19.93320846557617
122000000005,0.0,0.7,0.3,13.62993621826172,18.53141975402832
122000000005,0.0,0.8,0.3,13.237897872924805,18.012285232543945
122000000005,0.0,0.9,0.3,11.984912872314451,18.335468292236328
122000000005,0.0,1.0,0.3,9.019453048706056,21.26702880859375
122000000006,0.0,0.0,0.3,17.317140579223633,25.75127220153809
122000000006,0.0,0.1,0.3,17.33316421508789,25.655990600585938
122000000006,0.0,0.2,0.3,17.323972702026367,26.019081115722656
122000000006,0.0,0.3,0.3,16.96009063720703,25.95428466796875
122000000006,0.0,0.4,0.3,16.555219650268555,26.145978927612305
122000000006,0.0,0.5,0.3,15.509164810180664,29.42179107666016
122000000006,0.0,0.6,0.3,13.961508750915527,31.298828125
122000000006,0.0,0.7,0.3,12.35853099822998,32.04572677612305
122000000006,0.0,0.8,0.3,12.058533668518066,30.406532287597656
122000000006,0.0,0.9,0.3,11.31521987915039,31.338422775268555
122000000006,0.0,1.0,0.3,11.046977043151855,30.43291282653809
122000000007,0.0,0.0,0.3,19.23516082763672,22.83302497863769
122000000007,0.0,0.1,0.3,19.2365837097168,22.539213180541992
122000000007,0.0,0.2,0.3,19.097375869750977,22.977191925048828
122000000007,0.0,0.3,0.3,18.86317443847656,23.591856002807617
122000000007,0.0,0.4,0.3,18.336559295654297,24.22175025939941
122000000007,0.0,0.5,0.3,15.866995811462402,25.25312614440918
122000000007,0.0,0.6,0.3,15.123629570007324,29.21999740600586
122000000007,0.0,0.7,0.3,14.411206245422363,30.996883392333984
122000000007,0.0,0.8,0.3,16.18453025817871,27.493486404418945
122000000007,0.0,0.9,0.3,15.359057426452637,23.6748161315918
122000000007,0.0,1.0,0.3,14.480704307556152,21.85888290405273
122000000008,0.0,0.0,0.3,19.0678768157959,20.698057174682617
122000000008,0.0,0.1,0.3,19.05694580078125,20.921676635742188
122000000008,0.0,0.2,0.3,19.011085510253903,20.84186744689941
122000000008,0.0,0.3,0.3,18.892297744750977,20.929718017578125
122000000008,0.0,0.4,0.3,18.858169555664062,19.28821182250977
122000000008,0.0,0.5,0.3,18.8437557220459,18.90356063842773
122000000008,0.0,0.6,0.3,17.728450775146484,20.74837303161621
122000000008,0.0,0.7,0.3,14.741339683532717,22.48105430603028
122000000008,0.0,0.8,0.3,13.102606773376465,22.23747634887696
122000000008,0.0,0.9,0.3,14.49507999420166,20.24225807189941
122000000008,0.0,1.0,0.3,13.853342056274414,19.305294036865234
122000000009,0.0,0.0,0.3,21.926273345947266,18.94529914855957
122000000009,0.0,0.1,0.3,21.910675048828125,22.173383712768555
122000000009,0.0,0.2,0.3,21.92568588256836,20.448429107666016
122000000009,0.0,0.3,0.3,21.613130569458008,22.40234375
122000000009,0.0,0.4,0.3,21.07852554321289,22.63556480407715
122000000009,0.0,0.5,0.3,20.51540184020996,21.035215377807617
122000000009,0.0,0.6,0.3,19.445762634277344,23.1258544921875
122000000009,0.0,0.7,0.3,18.45298385620117,24.361995697021484
122000000009,0.0,0.8,0.3,17.293949127197266,22.11933135986328
122000000009,0.0,0.9,0.3,16.554466247558594,26.69481658935547
122000000009,0.0,1.0,0.3,14.62020778656006,15.594037055969238
123000000000,0.0,0.0,0.3,19.31636047363281,24.34742546081543
123000000000,0.0,0.1,0.3,19.304712295532227,25.01483917236328
123000000000,0.0,0.2,0.3,18.931365966796875,26.2727165222168
123000000000,0.0,0.3,0.3,18.42582321166992,24.674480438232425
123000000000,0.0,0.4,0.3,17.532466888427734,26.15569877624512
123000000000,0.0,0.5,0.3,16.33759880065918,26.6687126159668
123000000000,0.0,0.6,0.3,14.967181205749512,24.505489349365234
123000000000,0.0,0.7,0.3,14.527613639831545,25.743242263793945
123000000000,0.0,0.8,0.3,13.669601440429688,25.438535690307617
123000000000,0.0,0.9,0.3,12.376690864562988,23.10364151000977
123000000000,0.0,1.0,0.3,12.210826873779297,23.99473762512207
123000000001,0.0,0.0,0.3,24.97653007507324,18.78287506103516
123000000001,0.0,0.1,0.3,24.98269844055176,18.77147483825684
123000000001,0.0,0.2,0.3,24.90148162841797,19.02073097229004
123000000001,0.0,0.3,0.3,24.929304122924805,19.3060359954834
123000000001,0.0,0.4,0.3,24.706871032714844,19.761394500732425
123000000001,0.0,0.5,0.3,21.41818046569824,28.30750274658203
123000000001,0.0,0.6,0.3,18.913049697875977,26.36922073364257
123000000001,0.0,0.7,0.3,17.65367317199707,23.65631103515625
123000000001,0.0,0.8,0.3,16.018775939941406,24.043251037597656
123000000001,0.0,0.9,0.3,15.24610996246338,23.660701751708984
123000000001,0.0,1.0,0.3,15.831974983215332,23.246801376342773
123000000002,0.0,0.0,0.3,21.599609375,17.079681396484375
123000000002,0.0,0.1,0.3,21.52972984313965,15.317214965820312
123000000002,0.0,0.2,0.3,21.345563888549805,16.02167510986328
123000000002,0.0,0.3,0.3,20.619258880615234,17.46262550354004
123000000002,0.0,0.4,0.3,19.669353485107425,20.475994110107425
123000000002,0.0,0.5,0.3,19.002487182617188,19.378705978393555
123000000002,0.0,0.6,0.3,18.218164443969727,21.22830009460449
123000000002,0.0,0.7,0.3,14.500221252441406,22.98602104187012
123000000002,0.0,0.8,0.3,14.915270805358888,24.00434684753418
123000000002,0.0,0.9,0.3,15.40673542022705,24.12830352783203
123000000002,0.0,1.0,0.3,13.663996696472168,20.993263244628903
123000000003,0.0,0.0,0.3,20.603158950805664,22.26194953918457
123000000003,0.0,0.1,0.3,20.55296897888184,23.399459838867188
123000000003,0.0,0.2,0.3,20.49301147460937,22.007373809814453
123000000003,0.0,0.3,0.3,20.346508026123047,21.23667335510254
123000000003,0.0,0.4,0.3,19.561016082763672,18.65432548522949
123000000003,0.0,0.5,0.3,18.51234245300293,21.21444702148437
123000000003,0.0,0.6,0.3,16.738479614257812,22.999664306640625
123000000003,0.0,0.7,0.3,15.94690990447998,24.280078887939453
123000000003,0.0,0.8,0.3,14.45420265197754,23.954463958740234
123000000003,0.0,0.9,0.3,13.491971969604492,24.575401306152344
123000000003,0.0,1.0,0.3,12.76223087310791,24.05600547790528
123000000004,0.0,0.0,0.3,17.893037796020508,23.336334228515625
123000000004,0.0,0.1,0.3,17.873510360717773,23.3868465423584
123000000004,0.0,0.2,0.3,17.869464874267578,22.596513748168945
123000000004,0.0,0.3,0.3,17.7177791595459,22.194089889526367
123000000004,0.0,0.4,0.3,17.4915771484375,23.235754013061523
123000000004,0.0,0.5,0.3,17.47804069519043,22.33928298950196
123000000004,0.0,0.6,0.3,16.927127838134766,22.571186065673828
123000000004,0.0,0.7,0.3,15.391776084899902,21.599510192871094
123000000004,0.0,0.8,0.3,15.27656078338623,23.610952377319336
123000000004,0.0,0.9,0.3,14.376908302307127,22.876819610595703
123000000004,0.0,1.0,0.3,13.36088752746582,23.09190368652344
123000000005,0.0,0.0,0.3,18.33791732788086,17.392223358154297
123000000005,0.0,0.1,0.3,18.30564308166504,18.56213760375977
123000000005,0.0,0.2,0.3,18.14224624633789,18.974151611328125
123000000005,0.0,0.3,0.3,17.834033966064453,19.20077133178711
123000000005,0.0,0.4,0.3,17.628942489624023,19.0351676940918
123000000005,0.0,0.5,0.3,16.972854614257812,20.45388603210449
123000000005,0.0,0.6,0.3,16.258468627929688,19.223695755004883
123000000005,0.0,0.7,0.3,16.098011016845703,19.727453231811523
123000000005,0.0,0.8,0.3,15.024384498596191,20.496458053588867
123000000005,0.0,0.9,0.3,14.204545974731444,23.464488983154297
123000000005,0.0,1.0,0.3,12.955048561096191,23.69939422607422
123000000006,0.0,0.0,0.3,21.734344482421875,27.680084228515625
123000000006,0.0,0.1,0.3,21.72921562194824,27.828752517700195
123000000006,0.0,0.2,0.3,21.72595977783203,27.9112548828125
123000000006,0.0,0.3,0.3,21.62596321105957,27.462446212768555
123000000006,0.0,0.4,0.3,21.3747501373291,28.671186447143555
123000000006,0.0,0.5,0.3,20.97496032714844,31.3204402923584
123000000006,0.0,0.6,0.3,20.270416259765625,34.59629821777344
123000000006,0.0,0.7,0.3,16.89376449584961,34.755401611328125
123000000006,0.0,0.8,0.3,14.782876968383787,34.6198844909668
123000000006,0.0,0.9,0.3,12.73086643218994,32.027740478515625
123000000006,0.0,1.0,0.3,12.542519569396973,29.10771369934082
123000000007,0.0,0.0,0.3,20.838632583618164,24.03571128845215
123000000007,0.0,0.1,0.3,20.85606575012207,23.954910278320312
123000000007,0.0,0.2,0.3,20.847278594970703,24.621644973754883
123000000007,0.0,0.3,0.3,20.864578247070312,23.52821159362793
123000000007,0.0,0.4,0.3,20.430200576782227,24.00015640258789
123000000007,0.0,0.5,0.3,20.052698135375977,24.533824920654297
123000000007,0.0,0.6,0.3,18.757680892944336,23.39683532714844
123000000007,0.0,0.7,0.3,17.11937713623047,22.25887107849121
123000000007,0.0,0.8,0.3,16.454326629638672,21.233083724975582
123000000007,0.0,0.9,0.3,17.12445831298828,21.81668472290039
123000000007,0.0,1.0,0.3,15.3483304977417,23.335573196411133
123000000008,0.0,0.0,0.3,19.73461151123047,22.20551300048828
123000000008,0.0,0.1,0.3,19.739809036254883,22.582313537597656
123000000008,0.0,0.2,0.3,19.78069305419922,21.85224723815918
123000000008,0.0,0.3,0.3,19.648406982421875,21.29412078857422
123000000008,0.0,0.4,0.3,19.428451538085938,22.48758316040039
123000000008,0.0,0.5,0.3,18.70675468444824,22.10923957824707
123000000008,0.0,0.6,0.3,18.38167953491211,22.17319869995117
123000000008,0.0,0.7,0.3,16.71456527709961,24.48672103881836
123000000008,0.0,0.8,0.3,16.53392791748047,22.89175605773925
123000000008,0.0,0.9,0.3,16.107162475585938,20.906742095947266
123000000008,0.0,1.0,0.3,16.379467010498047,22.320405960083008
123000000009,0.0,0.0,0.3,19.06825828552246,28.39065170288086
123000000009,0.0,0.1,0.3,19.062557220458984,28.24089431762696
123000000009,0.0,0.2,0.3,18.96303939819336,28.936323165893555
123000000009,0.0,0.3,0.3,18.7005615234375,27.66920280456543
123000000009,0.0,0.4,0.3,17.85556983947754,29.738489151000977
123000000009,0.0,0.5,0.3,17.839008331298828,29.026588439941406
123000000009,0.0,0.6,0.3,16.067794799804688,26.55552673339844
123000000009,0.0,0.7,0.3,15.476241111755373,24.34588623046875
123000000009,0.0,0.8,0.3,16.828020095825195,26.72345924377441
123000000009,0.0,0.9,0.3,14.162107467651367,26.69552230834961
123000000009,0.0,1.0,0.3,13.25222873687744,24.13572120666504
124000000000,0.0,0.0,0.3,22.658859252929688,25.296432495117188
124000000000,0.0,0.1,0.3,22.628145217895508,24.806610107421875
124000000000,0.0,0.2,0.3,22.577783584594727,25.168561935424805
124000000000,0.0,0.3,0.3,22.462366104125977,23.46711158752441
124000000000,0.0,0.4,0.3,21.96755790710449,24.559688568115234
124000000000,0.0,0.5,0.3,21.838741302490234,25.55677032470703
124000000000,0.0,0.6,0.3,21.687292098999023,25.342065811157227
124000000000,0.0,0.7,0.3,19.430986404418945,24.61429214477539
124000000000,0.0,0.8,0.3,18.30175018310547,26.25131225585937
124000000000,0.0,0.9,0.3,19.21560859680176,26.417041778564453
124000000000,0.0,1.0,0.3,19.59864616394043,24.268081665039062
124000000001,0.0,0.0,0.3,25.53675079345703,20.13763999938965
124000000001,0.0,0.1,0.3,25.465103149414062,20.25511932373047
124000000001,0.0,0.2,0.3,25.29218292236328,20.217592239379883
124000000001,0.0,0.3,0.3,24.753904342651367,20.00964736938477
124000000001,0.0,0.4,0.3,24.2331771850586,22.01864051818848
124000000001,0.0,0.5,0.3,23.447057723999023,21.18744659423828
124000000001,0.0,0.6,0.3,21.186674118041992,20.227638244628903
124000000001,0.0,0.7,0.3,16.686555862426758,22.90715408325196
124000000001,0.0,0.8,0.3,19.80966758728028,20.27374267578125
124000000001,0.0,0.9,0.3,16.515750885009766,25.04985618591309
124000000001,0.0,1.0,0.3,14.558521270751951,19.215085983276367
124000000002,0.0,0.0,0.3,19.687849044799805,13.792061805725098
124000000002,0.0,0.1,0.3,19.70391845703125,13.78055477142334
124000000002,0.0,0.2,0.3,19.658557891845703,14.058589935302734
124000000002,0.0,0.3,0.3,19.317533493041992,14.550209045410156
124000000002,0.0,0.4,0.3,18.77290153503418,13.98607349395752
124000000002,0.0,0.5,0.3,18.006202697753906,14.520816802978516
124000000002,0.0,0.6,0.3,15.894294738769531,20.800092697143555
124000000002,0.0,0.7,0.3,15.692265510559082,20.525793075561523
124000000002,0.0,0.8,0.3,15.35968017578125,20.26380157470703
124000000002,0.0,0.9,0.3,14.03514003753662,21.204002380371094
124000000002,0.0,1.0,0.3,13.13442039489746,19.805070877075195
124000000003,0.0,0.0,0.3,14.720575332641602,21.66503143310547
124000000003,0.0,0.1,0.3,14.726632118225098,21.89971160888672
124000000003,0.0,0.2,0.3,14.699045181274414,22.43712615966797
124000000003,0.0,0.3,0.3,14.598370552062988,22.197622299194336
124000000003,0.0,0.4,0.3,14.421939849853516,22.550058364868164
124000000003,0.0,0.5,0.3,14.038958549499512,22.685420989990234
124000000003,0.0,0.6,0.3,13.133271217346191,35.350830078125
124000000003,0.0,0.7,0.3,12.806532859802246,33.08547592163086
124000000003,0.0,0.8,0.3,12.592641830444336,33.67491912841797
124000000003,0.0,0.9,0.3,12.70844268798828,33.702415466308594
124000000003,0.0,1.0,0.3,13.609539985656738,22.13674736022949
124000000004,0.0,0.0,0.3,18.97886085510254,29.351186752319336
124000000004,0.0,0.1,0.3,19.00458335876465,29.782611846923828
124000000004,0.0,0.2,0.3,19.00468635559082,27.49728012084961
124000000004,0.0,0.3,0.3,18.72243309020996,27.081457138061523
124000000004,0.0,0.4,0.3,18.541488647460938,27.727859497070312
124000000004,0.0,0.5,0.3,17.960771560668945,26.28498649597168
124000000004,0.0,0.6,0.3,16.454259872436523,18.78934860229492
124000000004,0.0,0.7,0.3,15.755138397216797,27.75869941711425
124000000004,0.0,0.8,0.3,15.111199378967283,25.49374008178711
124000000004,0.0,0.9,0.3,14.160052299499512,24.58821487426757
124000000004,0.0,1.0,0.3,15.85995864868164,27.408233642578125
124000000005,0.0,0.0,0.3,21.73353576660156,21.9243221282959
124000000005,0.0,0.1,0.3,21.68709182739257,20.58774185180664
124000000005,0.0,0.2,0.3,21.486957550048828,25.261444091796875
124000000005,0.0,0.3,0.3,21.325687408447266,24.889694213867188
124000000005,0.0,0.4,0.3,20.802202224731445,26.16030502319336
124000000005,0.0,0.5,0.3,20.413122177124023,27.673398971557617
124000000005,0.0,0.6,0.3,17.994792938232422,27.8145694732666
124000000005,0.0,0.7,0.3,15.458685874938965,28.79562759399414
124000000005,0.0,0.8,0.3,14.84976291656494,28.8315544128418
124000000005,0.0,0.9,0.3,12.865416526794434,25.49785041809082
124000000005,0.0,1.0,0.3,12.361949920654297,26.364564895629883
124000000006,0.0,0.0,0.3,22.51587104797364,23.66063499450684
124000000006,0.0,0.1,0.3,22.54198455810547,23.001867294311523
124000000006,0.0,0.2,0.3,22.61751365661621,22.59477996826172
124000000006,0.0,0.3,0.3,22.60287094116211,22.946409225463867
124000000006,0.0,0.4,0.3,22.21546745300293,25.500667572021484
124000000006,0.0,0.5,0.3,21.35020446777344,24.01517105102539
124000000006,0.0,0.6,0.3,19.59293365478516,26.00253295898437
124000000006,0.0,0.7,0.3,19.740137100219727,21.219411849975582
124000000006,0.0,0.8,0.3,19.89875602722168,23.741025924682617
124000000006,0.0,0.9,0.3,18.18233871459961,25.99785614013672
124000000006,0.0,1.0,0.3,16.73020362854004,24.69144821166992
124000000007,0.0,0.0,0.3,21.47841453552246,16.75950813293457
124000000007,0.0,0.1,0.3,21.596036911010746,15.127544403076172
124000000007,0.0,0.2,0.3,21.399188995361328,15.306218147277832
124000000007,0.0,0.3,0.3,20.85392951965332,18.739187240600582
124000000007,0.0,0.4,0.3,19.99710464477539,19.33237838745117
124000000007,0.0,0.5,0.3,18.93734169006348,19.524002075195312
124000000007,0.0,0.6,0.3,18.00616455078125,18.93684768676757
124000000007,0.0,0.7,0.3,16.880456924438477,20.265459060668945
124000000007,0.0,0.8,0.3,13.31949520111084,25.240129470825195
124000000007,0.0,0.9,0.3,11.111583709716797,26.00531959533692
124000000007,0.0,1.0,0.3,10.158111572265623,26.426902770996094
124000000008,0.0,0.0,0.3,22.688575744628903,21.1427059173584
124000000008,0.0,0.1,0.3,22.694482803344727,20.993406295776367
124000000008,0.0,0.2,0.3,22.624326705932617,21.072290420532227
124000000008,0.0,0.3,0.3,22.162818908691406,21.083372116088867
124000000008,0.0,0.4,0.3,21.42282485961914,21.299903869628903
124000000008,0.0,0.5,0.3,20.83219146728516,21.50166702270508
124000000008,0.0,0.6,0.3,20.76243019104004,20.71364974975586
124000000008,0.0,0.7,0.3,18.25937461853028,27.92084503173828
124000000008,0.0,0.8,0.3,17.76264190673828,29.245710372924805
124000000008,0.0,0.9,0.3,18.316835403442383,22.907835006713867
124000000008,0.0,1.0,0.3,20.09487533569336,21.29891014099121
124000000009,0.0,0.0,0.3,23.326473236083984,21.72143173217773
124000000009,0.0,0.1,0.3,23.32512664794922,21.916318893432617
124000000009,0.0,0.2,0.3,23.31231689453125,22.163619995117188
124000000009,0.0,0.3,0.3,23.239782333374023,22.64081764221192
124000000009,0.0,0.4,0.3,23.256486892700195,22.59862899780273
124000000009,0.0,0.5,0.3,22.95752716064453,23.484920501708984
124000000009,0.0,0.6,0.3,21.31870651245117,25.42610549926757
124000000009,0.0,0.7,0.3,21.67522048950196,25.117477416992188
124000000009,0.0,0.8,0.3,21.03218078613281,24.42505645751953
124000000009,0.0,0.9,0.3,18.90292358398437,27.45574378967285
124000000009,0.0,1.0,0.3,19.54777336120605,25.81316566467285
211000000000,0.0,0.0,0.3,19.627222061157227,25.348779678344727
211000000000,0.0,0.1,0.3,19.61010360717773,25.3657283782959
211000000000,0.0,0.2,0.3,19.584491729736328,25.936174392700195
211000000000,0.0,0.3,0.3,19.34888458251953,29.13517570495605
211000000000,0.0,0.4,0.3,19.023557662963867,28.89776611328125
211000000000,0.0,0.5,0.3,18.78840446472168,29.648962020874023
211000000000,0.0,0.6,0.3,18.455121994018555,28.99469947814941
211000000000,0.0,0.7,0.3,18.129751205444336,30.14420890808105
211000000000,0.0,0.8,0.3,13.786205291748049,29.921918869018555
211000000000,0.0,0.9,0.3,12.587827682495115,30.67043113708496
211000000000,0.0,1.0,0.3,12.68998908996582,28.805763244628903
211000000001,0.0,0.0,0.3,16.630878448486328,24.875619888305664
211000000001,0.0,0.1,0.3,16.660625457763672,25.02204132080078
211000000001,0.0,0.2,0.3,16.680334091186523,25.505615234375
211000000001,0.0,0.3,0.3,16.246841430664062,24.59919166564941
211000000001,0.0,0.4,0.3,15.942706108093262,27.872074127197266
211000000001,0.0,0.5,0.3,15.472025871276855,25.767480850219727
211000000001,0.0,0.6,0.3,14.59031581878662,26.23838424682617
211000000001,0.0,0.7,0.3,12.71151638031006,27.01810073852539
211000000001,0.0,0.8,0.3,13.93124771118164,26.51505470275879
211000000001,0.0,0.9,0.3,13.822107315063477,28.10497283935547
211000000001,0.0,1.0,0.3,13.265719413757324,27.08393859863281
211000000002,0.0,0.0,0.3,15.992470741271973,27.450483322143555
211000000002,0.0,0.1,0.3,15.98923110961914,26.88771247863769
211000000002,0.0,0.2,0.3,15.991735458374023,26.4113998413086
211000000002,0.0,0.3,0.3,15.948235511779783,27.33493423461914
211000000002,0.0,0.4,0.3,15.699533462524414,27.476531982421875
211000000002,0.0,0.5,0.3,15.693678855895996,27.538923263549805
211000000002,0.0,0.6,0.3,15.730204582214355,27.981311798095703
211000000002,0.0,0.7,0.3,15.289735794067385,29.597068786621094
211000000002,0.0,0.8,0.3,15.04515266418457,26.75868034362793
211000000002,0.0,0.9,0.3,12.702865600585938,30.35531044006348
211000000002,0.0,1.0,0.3,7.452088832855225,25.970792770385746
211000000003,0.0,0.0,0.3,19.019296646118164,31.525409698486328
211000000003,0.0,0.1,0.3,19.03616142272949,31.821178436279297
211000000003,0.0,0.2,0.3,19.0537166595459,32.22064208984375
211000000003,0.0,0.3,0.3,19.04323959350586,31.49467086791992
211000000003,0.0,0.4,0.3,18.992488861083984,30.9962100982666
211000000003,0.0,0.5,0.3,18.6562614440918,31.54438781738281
211000000003,0.0,0.6,0.3,18.40875625610352,31.91338157653809
211000000003,0.0,0.7,0.3,18.554584503173828,31.105772018432617
211000000003,0.0,0.8,0.3,16.48589324951172,30.55989456176757
211000000003,0.0,0.9,0.3,17.040666580200195,32.205322265625
211000000003,0.0,1.0,0.3,17.789710998535156,33.97452545166016
211000000004,0.0,0.0,0.3,18.00945472717285,26.988983154296875
211000000004,0.0,0.1,0.3,18.009057998657227,26.69084930419922
211000000004,0.0,0.2,0.3,17.968557357788086,26.339017868041992
211000000004,0.0,0.3,0.3,17.72657012939453,26.953033447265625
211000000004,0.0,0.4,0.3,17.52787971496582,26.7812728881836
211000000004,0.0,0.5,0.3,17.60883140563965,27.552335739135746
211000000004,0.0,0.6,0.3,17.084102630615234,27.52940368652344
211000000004,0.0,0.7,0.3,16.067890167236328,27.758983612060547
211000000004,0.0,0.8,0.3,14.64095973968506,27.99713897705078
211000000004,0.0,0.9,0.3,13.67863941192627,29.974761962890625
211000000004,0.0,1.0,0.3,12.457560539245604,29.50847816467285
211000000005,0.0,0.0,0.3,20.72545051574707,21.4168701171875
211000000005,0.0,0.1,0.3,20.732675552368164,21.283037185668945
211000000005,0.0,0.2,0.3,20.714794158935547,21.579423904418945
211000000005,0.0,0.3,0.3,20.61104965209961,20.951799392700195
211000000005,0.0,0.4,0.3,20.562047958374023,21.96683120727539
211000000005,0.0,0.5,0.3,20.369348526000977,21.73801040649414
211000000005,0.0,0.6,0.3,20.05788803100586,23.003293991088867
211000000005,0.0,0.7,0.3,19.274459838867188,24.43598747253418
211000000005,0.0,0.8,0.3,17.902400970458984,24.64237594604492
211000000005,0.0,0.9,0.3,18.162391662597656,21.558738708496094
211000000005,0.0,1.0,0.3,17.966392517089844,22.557626724243164
211000000006,0.0,0.0,0.3,19.674022674560547,26.93392372131348
211000000006,0.0,0.1,0.3,19.677196502685547,26.661884307861328
211000000006,0.0,0.2,0.3,19.684246063232425,26.74978446960449
211000000006,0.0,0.3,0.3,19.65400505065918,26.98092460632324
211000000006,0.0,0.4,0.3,19.593656539916992,26.79745483398437
211000000006,0.0,0.5,0.3,19.43878936767578,26.542524337768555
211000000006,0.0,0.6,0.3,19.64195442199707,26.909374237060547
211000000006,0.0,0.7,0.3,19.26286697387696,28.757930755615234
211000000006,0.0,0.8,0.3,19.034564971923828,28.96421241760254
211000000006,0.0,0.9,0.3,17.340078353881836,28.713882446289062
211000000006,0.0,1.0,0.3,16.663192749023438,31.56987953186035
211000000007,0.0,0.0,0.3,19.72352600097656,32.297306060791016
211000000007,0.0,0.1,0.3,19.7189998626709,32.292808532714844
211000000007,0.0,0.2,0.3,19.723875045776367,32.45587158203125
211000000007,0.0,0.3,0.3,19.63482093811035,32.54234313964844
211000000007,0.0,0.4,0.3,19.41067314147949,32.71946334838867
211000000007,0.0,0.5,0.3,18.491804122924805,33.56930923461914
211000000007,0.0,0.6,0.3,17.73565673828125,32.96031188964844
211000000007,0.0,0.7,0.3,17.821208953857422,32.756038665771484
211000000007,0.0,0.8,0.3,18.0935115814209,33.20010757446289
211000000007,0.0,0.9,0.3,17.191852569580078,31.491613388061523
211000000007,0.0,1.0,0.3,17.213071823120117,31.450498580932617
211000000008,0.0,0.0,0.3,23.242664337158203,22.38064384460449
211000000008,0.0,0.1,0.3,23.269954681396484,22.534217834472656
211000000008,0.0,0.2,0.3,23.269641876220703,21.42472648620605
211000000008,0.0,0.3,0.3,23.261754989624023,22.017276763916016
211000000008,0.0,0.4,0.3,23.264375686645508,22.26514434814453
211000000008,0.0,0.5,0.3,23.26486587524414,22.013628005981445
211000000008,0.0,0.6,0.3,23.12824249267578,21.460174560546875
211000000008,0.0,0.7,0.3,22.87711334228516,20.5208683013916
211000000008,0.0,0.8,0.3,20.367090225219727,22.918636322021484
211000000008,0.0,0.9,0.3,19.8881893157959,24.870473861694336
211000000008,0.0,1.0,0.3,20.06657218933105,24.13577461242676
211000000009,0.0,0.0,0.3,22.337730407714844,30.470409393310547
211000000009,0.0,0.1,0.3,22.30174827575684,31.807411193847656
211000000009,0.0,0.2,0.3,22.27752685546875,32.54804229736328
211000000009,0.0,0.3,0.3,22.0467472076416,32.64772415161133
211000000009,0.0,0.4,0.3,21.71250915527344,32.13003158569336
211000000009,0.0,0.5,0.3,21.55823135375977,31.45647048950196
211000000009,0.0,0.6,0.3,20.018774032592773,32.18498611450195
211000000009,0.0,0.7,0.3,19.69669532775879,30.84200096130371
211000000009,0.0,0.8,0.3,19.134063720703125,29.572343826293945
211000000009,0.0,0.9,0.3,18.308427810668945,31.547325134277344
211000000009,0.0,1.0,0.3,17.14159393310547,28.95492553710937
212000000000,0.0,0.0,0.3,20.60123443603516,23.968795776367188
212000000000,0.0,0.1,0.3,20.61902618408203,24.03424453735352
212000000000,0.0,0.2,0.3,20.6146183013916,23.991724014282227
212000000000,0.0,0.3,0.3,20.50436782836914,23.999771118164062
212000000000,0.0,0.4,0.3,20.42968940734864,23.332639694213867
212000000000,0.0,0.5,0.3,20.35310935974121,23.629533767700195
212000000000,0.0,0.6,0.3,20.22519874572754,23.120494842529297
212000000000,0.0,0.7,0.3,19.538318634033203,25.29186248779297
212000000000,0.0,0.8,0.3,17.760032653808594,24.99765396118164
212000000000,0.0,0.9,0.3,17.757726669311523,27.34736442565918
212000000000,0.0,1.0,0.3,15.768242835998535,29.42788314819336
212000000001,0.0,0.0,0.3,19.998477935791016,21.750411987304688
212000000001,0.0,0.1,0.3,19.9981632232666,21.795154571533203
212000000001,0.0,0.2,0.3,20.02165031433105,22.07868194580078
212000000001,0.0,0.3,0.3,19.815996170043945,22.61973571777344
212000000001,0.0,0.4,0.3,19.366182327270508,24.37970733642578
212000000001,0.0,0.5,0.3,18.87357711791992,24.97527313232422
212000000001,0.0,0.6,0.3,18.90348243713379,24.454933166503903
212000000001,0.0,0.7,0.3,18.948715209960938,22.535053253173828
212000000001,0.0,0.8,0.3,18.498104095458984,25.46695709228516
212000000001,0.0,0.9,0.3,17.051620483398438,26.73890686035156
212000000001,0.0,1.0,0.3,16.330015182495117,22.763994216918945
212000000002,0.0,0.0,0.3,18.266590118408203,27.323848724365234
212000000002,0.0,0.1,0.3,18.256731033325195,27.38248443603516
212000000002,0.0,0.2,0.3,18.178667068481445,27.334774017333984
212000000002,0.0,0.3,0.3,17.883602142333984,27.68871688842773
212000000002,0.0,0.4,0.3,17.69489097595215,27.8712100982666
212000000002,0.0,0.5,0.3,17.188446044921875,28.66596031188965
212000000002,0.0,0.6,0.3,16.180015563964844,28.885438919067383
212000000002,0.0,0.7,0.3,15.357556343078612,30.30279541015625
212000000002,0.0,0.8,0.3,13.15241527557373,26.746612548828125
212000000002,0.0,0.9,0.3,12.548205375671388,29.60922622680664
212000000002,0.0,1.0,0.3,12.781203269958496,27.929473876953125
212000000003,0.0,0.0,0.3,20.57096290588379,21.267934799194336
212000000003,0.0,0.1,0.3,20.57700538635254,21.38823509216309
212000000003,0.0,0.2,0.3,20.552967071533203,20.907752990722656
212000000003,0.0,0.3,0.3,20.33848762512207,21.002519607543945
212000000003,0.0,0.4,0.3,20.24913215637207,21.6751708984375
212000000003,0.0,0.5,0.3,19.48016166687012,22.22553825378418
212000000003,0.0,0.6,0.3,18.883026123046875,22.864967346191406
212000000003,0.0,0.7,0.3,17.607513427734375,23.22005653381348
212000000003,0.0,0.8,0.3,15.976863861083984,23.871002197265625
212000000003,0.0,0.9,0.3,14.377304077148438,22.773889541625977
212000000003,0.0,1.0,0.3,13.31627082824707,24.443328857421875
212000000004,0.0,0.0,0.3,21.803186416625977,24.38079071044922
212000000004,0.0,0.1,0.3,21.79228973388672,25.88412857055664
212000000004,0.0,0.2,0.3,21.66923141479492,26.87949562072754
212000000004,0.0,0.3,0.3,21.49939727783203,27.97930908203125
212000000004,0.0,0.4,0.3,21.17679977416992,25.07125473022461
212000000004,0.0,0.5,0.3,20.87262725830078,27.922815322875977
212000000004,0.0,0.6,0.3,20.90649604797364,30.697614669799805
212000000004,0.0,0.7,0.3,17.36255645751953,30.53548049926757
212000000004,0.0,0.8,0.3,16.4587345123291,31.091005325317383
212000000004,0.0,0.9,0.3,10.841710090637209,30.90404319763184
212000000004,0.0,1.0,0.3,7.463587760925293,32.24006271362305
212000000005,0.0,0.0,0.3,20.20332717895508,16.0617618560791
212000000005,0.0,0.1,0.3,20.17005157470703,16.005298614501953
212000000005,0.0,0.2,0.3,20.05609703063965,16.21289825439453
212000000005,0.0,0.3,0.3,19.722925186157227,16.772912979125977
212000000005,0.0,0.4,0.3,19.435880661010746,17.35265350341797
212000000005,0.0,0.5,0.3,19.33139991760254,16.24656105041504
212000000005,0.0,0.6,0.3,18.342449188232425,15.394944190979004
212000000005,0.0,0.7,0.3,17.82674789428711,16.308359146118164
212000000005,0.0,0.8,0.3,15.169544219970703,15.375731468200684
212000000005,0.0,0.9,0.3,14.721216201782228,18.178125381469727
212000000005,0.0,1.0,0.3,13.617854118347168,15.858845710754396
212000000006,0.0,0.0,0.3,21.14940452575684,32.09143829345703
212000000006,0.0,0.1,0.3,21.174854278564453,32.95561981201172
212000000006,0.0,0.2,0.3,21.10368537902832,33.19858169555664
212000000006,0.0,0.3,0.3,20.44081687927246,33.394004821777344
212000000006,0.0,0.4,0.3,19.887561798095703,32.62030792236328
212000000006,0.0,0.5,0.3,19.14299392700196,32.52043914794922
212000000006,0.0,0.6,0.3,18.93193817138672,34.42904281616211
212000000006,0.0,0.7,0.3,18.41756629943848,33.23564529418945
212000000006,0.0,0.8,0.3,17.341907501220703,32.37630081176758
212000000006,0.0,0.9,0.3,14.021072387695312,30.4715633392334
212000000006,0.0,1.0,0.3,12.89427375793457,31.91742897033692
212000000007,0.0,0.0,0.3,21.18427085876465,27.615196228027344
212000000007,0.0,0.1,0.3,21.169713973999023,28.101842880249023
212000000007,0.0,0.2,0.3,21.182880401611328,27.44976806640625
212000000007,0.0,0.3,0.3,20.977039337158203,29.97248077392578
212000000007,0.0,0.4,0.3,20.432186126708984,30.64155006408692
212000000007,0.0,0.5,0.3,20.16444969177246,29.61355972290039
212000000007,0.0,0.6,0.3,20.13273048400879,26.3487548828125
212000000007,0.0,0.7,0.3,19.676002502441406,27.0362491607666
212000000007,0.0,0.8,0.3,18.441823959350582,32.02229309082031
212000000007,0.0,0.9,0.3,17.998214721679688,33.7534294128418
212000000007,0.0,1.0,0.3,19.474340438842773,31.57681465148925
212000000008,0.0,0.0,0.3,22.728424072265625,18.288555145263672
212000000008,0.0,0.1,0.3,22.75720977783203,18.09513282775879
212000000008,0.0,0.2,0.3,22.749210357666016,19.866952896118164
212000000008,0.0,0.3,0.3,22.087575912475582,20.76811981201172
212000000008,0.0,0.4,0.3,21.44528579711914,21.724721908569336
212000000008,0.0,0.5,0.3,19.892480850219727,24.95645904541016
212000000008,0.0,0.6,0.3,17.9884033203125,25.26924514770508
212000000008,0.0,0.7,0.3,17.798664093017578,22.21851348876953
212000000008,0.0,0.8,0.3,16.51327133178711,23.66440200805664
212000000008,0.0,0.9,0.3,13.373492240905762,24.77382469177246
212000000008,0.0,1.0,0.3,10.371018409729004,23.69268798828125
212000000009,0.0,0.0,0.3,20.944808959960938,25.90247917175293
212000000009,0.0,0.1,0.3,20.96906089782715,25.91358757019043
212000000009,0.0,0.2,0.3,21.030731201171875,25.86129379272461
212000000009,0.0,0.3,0.3,21.057205200195312,25.31951141357422
212000000009,0.0,0.4,0.3,21.002370834350582,25.54878807067871
212000000009,0.0,0.5,0.3,20.888978958129883,24.78502655029297
212000000009,0.0,0.6,0.3,20.63580894470215,25.657432556152344
212000000009,0.0,0.7,0.3,20.463409423828125,25.370746612548828
212000000009,0.0,0.8,0.3,19.428470611572266,24.37664031982422
212000000009,0.0,0.9,0.3,16.946163177490234,22.46218681335449
212000000009,0.0,1.0,0.3,16.477466583251953,27.89887237548828
213000000000,0.0,0.0,0.3,25.548633575439453,26.00128936767578
213000000000,0.0,0.1,0.3,25.53210830688477,26.52474975585937
213000000000,0.0,0.2,0.3,25.528928756713867,27.05082321166992
213000000000,0.0,0.3,0.3,25.4707260131836,28.70669746398925
213000000000,0.0,0.4,0.3,23.78783798217773,26.36710929870605
213000000000,0.0,0.5,0.3,22.33634376525879,27.931543350219727
213000000000,0.0,0.6,0.3,22.42193603515625,23.32399559020996
213000000000,0.0,0.7,0.3,23.820018768310547,20.9925479888916
213000000000,0.0,0.8,0.3,22.910076141357425,24.115142822265625
213000000000,0.0,0.9,0.3,17.238916397094727,26.69757652282715
213000000000,0.0,1.0,0.3,17.64493179321289,27.730411529541016
213000000001,0.0,0.0,0.3,24.76431655883789,26.1942081451416
213000000001,0.0,0.1,0.3,24.761049270629883,26.20295524597168
213000000001,0.0,0.2,0.3,24.7628173828125,26.212013244628903
213000000001,0.0,0.3,0.3,24.600372314453125,26.712013244628903
213000000001,0.0,0.4,0.3,23.65179443359375,26.432662963867188
213000000001,0.0,0.5,0.3,24.373760223388672,26.516082763671875
213000000001,0.0,0.6,0.3,23.63028907775879,27.49052619934082
213000000001,0.0,0.7,0.3,22.249042510986328,26.88460922241211
213000000001,0.0,0.8,0.3,21.765214920043945,27.312135696411133
213000000001,0.0,0.9,0.3,21.22935676574707,27.728759765625
213000000001,0.0,1.0,0.3,21.701154708862305,25.71956443786621
213000000002,0.0,0.0,0.3,16.783140182495117,26.33953094482422
213000000002,0.0,0.1,0.3,16.79526138305664,26.90932846069336
213000000002,0.0,0.2,0.3,16.782638549804688,26.986825942993164
213000000002,0.0,0.3,0.3,16.588890075683594,26.82450485229492
213000000002,0.0,0.4,0.3,16.364036560058594,27.204853057861328
213000000002,0.0,0.5,0.3,16.253267288208008,27.314529418945312
213000000002,0.0,0.6,0.3,15.807833671569824,26.76726531982422
213000000002,0.0,0.7,0.3,15.098363876342772,27.92605972290039
213000000002,0.0,0.8,0.3,13.702279090881348,23.64150619506836
213000000002,0.0,0.9,0.3,13.796991348266602,27.278297424316406
213000000002,0.0,1.0,0.3,13.66313648223877,27.238637924194336
213000000003,0.0,0.0,0.3,22.794612884521484,25.88162422180176
213000000003,0.0,0.1,0.3,22.767168045043945,25.590330123901367
213000000003,0.0,0.2,0.3,22.799415588378903,25.3090763092041
213000000003,0.0,0.3,0.3,22.64293098449707,25.07599258422852
213000000003,0.0,0.4,0.3,21.35384559631348,28.60659980773925
213000000003,0.0,0.5,0.3,20.06252098083496,29.548145294189453
213000000003,0.0,0.6,0.3,19.249755859375,28.98192977905273
213000000003,0.0,0.7,0.3,19.374610900878903,26.577312469482425
213000000003,0.0,0.8,0.3,19.41779899597168,28.36004447937012
213000000003,0.0,0.9,0.3,17.657182693481445,30.334583282470703
213000000003,0.0,1.0,0.3,16.733291625976562,27.33381080627441
213000000004,0.0,0.0,0.3,17.102069854736328,28.52588653564453
213000000004,0.0,0.1,0.3,17.0903263092041,28.747943878173828
213000000004,0.0,0.2,0.3,17.091032028198242,29.57264709472656
213000000004,0.0,0.3,0.3,16.81159782409668,30.28273200988769
213000000004,0.0,0.4,0.3,16.481706619262695,32.493621826171875
213000000004,0.0,0.5,0.3,16.279340744018555,29.273418426513672
213000000004,0.0,0.6,0.3,15.15558624267578,31.177038192749023
213000000004,0.0,0.7,0.3,14.635310173034668,30.60493469238281
213000000004,0.0,0.8,0.3,14.155020713806152,30.528181076049805
213000000004,0.0,0.9,0.3,13.149648666381836,34.26165008544922
213000000004,0.0,1.0,0.3,12.50491428375244,31.492033004760746
213000000005,0.0,0.0,0.3,20.86077690124512,26.359027862548828
213000000005,0.0,0.1,0.3,20.84479141235352,26.23846244812012
213000000005,0.0,0.2,0.3,20.81450843811035,26.356578826904297
213000000005,0.0,0.3,0.3,20.761947631835938,26.26328086853028
213000000005,0.0,0.4,0.3,20.572683334350582,25.80356216430664
213000000005,0.0,0.5,0.3,20.357669830322266,26.146469116210938
213000000005,0.0,0.6,0.3,17.67691421508789,28.76713180541992
213000000005,0.0,0.7,0.3,14.784201622009276,25.96195411682129
213000000005,0.0,0.8,0.3,13.505711555480955,27.8073787689209
213000000005,0.0,0.9,0.3,13.851202964782717,29.20772933959961
213000000005,0.0,1.0,0.3,14.033479690551758,28.683773040771484
213000000006,0.0,0.0,0.3,18.145845413208008,26.74329376220703
213000000006,0.0,0.1,0.3,18.14061737060547,26.98208999633789
213000000006,0.0,0.2,0.3,18.067663192749023,28.544235229492188
213000000006,0.0,0.3,0.3,17.960390090942383,28.907411575317383
213000000006,0.0,0.4,0.3,17.26291275024414,28.66373634338379
213000000006,0.0,0.5,0.3,14.294319152832031,31.30266571044922
213000000006,0.0,0.6,0.3,13.81610107421875,26.37193298339844
213000000006,0.0,0.7,0.3,14.129327774047852,25.016075134277344
213000000006,0.0,0.8,0.3,14.36209487915039,29.27079200744629
213000000006,0.0,0.9,0.3,13.817893981933594,26.74335289001465
213000000006,0.0,1.0,0.3,13.669236183166504,29.663387298583984
213000000007,0.0,0.0,0.3,23.283966064453125,21.67413711547852
213000000007,0.0,0.1,0.3,23.288312911987305,21.892671585083008
213000000007,0.0,0.2,0.3,23.356714248657227,20.563003540039062
213000000007,0.0,0.3,0.3,22.67906188964844,21.75474548339844
213000000007,0.0,0.4,0.3,22.690349578857425,21.284812927246094
213000000007,0.0,0.5,0.3,22.72194480895996,20.9306869506836
213000000007,0.0,0.6,0.3,20.81310272216797,22.31580924987793
213000000007,0.0,0.7,0.3,20.966949462890625,21.2493839263916
213000000007,0.0,0.8,0.3,20.2211971282959,21.66338348388672
213000000007,0.0,0.9,0.3,18.40159797668457,21.608129501342773
213000000007,0.0,1.0,0.3,15.561700820922852,20.5109806060791
213000000008,0.0,0.0,0.3,18.61054992675781,21.735557556152344
213000000008,0.0,0.1,0.3,18.61307907104492,21.55251121520996
213000000008,0.0,0.2,0.3,18.58608627319336,21.652612686157227
213000000008,0.0,0.3,0.3,18.287437438964844,22.76470375061035
213000000008,0.0,0.4,0.3,17.73906898498535,23.17633056640625
213000000008,0.0,0.5,0.3,17.734079360961914,23.75969886779785
213000000008,0.0,0.6,0.3,17.210866928100586,22.769737243652344
213000000008,0.0,0.7,0.3,16.181299209594727,25.367525100708008
213000000008,0.0,0.8,0.3,16.109682083129883,26.38043975830078
213000000008,0.0,0.9,0.3,14.286890983581545,26.79302024841309
213000000008,0.0,1.0,0.3,15.112615585327148,26.55659866333008
213000000009,0.0,0.0,0.3,20.224523544311523,26.50751495361328
213000000009,0.0,0.1,0.3,20.20493507385254,26.39385414123535
213000000009,0.0,0.2,0.3,20.21735191345215,26.025634765625
213000000009,0.0,0.3,0.3,19.90586853027344,29.582109451293945
213000000009,0.0,0.4,0.3,19.64696502685547,28.00146675109864
213000000009,0.0,0.5,0.3,19.011608123779297,29.67972183227539
213000000009,0.0,0.6,0.3,18.107236862182617,28.09415435791016
213000000009,0.0,0.7,0.3,18.026290893554688,29.303342819213867
213000000009,0.0,0.8,0.3,17.267839431762695,28.660058975219727
213000000009,0.0,0.9,0.3,16.45599937438965,28.64959526062012
213000000009,0.0,1.0,0.3,16.042877197265625,29.137784957885746
214000000000,0.0,0.0,0.3,18.846996307373047,27.937969207763672
214000000000,0.0,0.1,0.3,18.84756088256836,28.28809928894043
214000000000,0.0,0.2,0.3,18.87367248535156,27.617544174194336
214000000000,0.0,0.3,0.3,18.845348358154297,27.616500854492188
214000000000,0.0,0.4,0.3,18.814321517944336,27.254318237304688
214000000000,0.0,0.5,0.3,18.79013061523437,26.32491683959961
214000000000,0.0,0.6,0.3,18.61427116394043,27.847034454345703
214000000000,0.0,0.7,0.3,18.704736709594727,27.703184127807617
214000000000,0.0,0.8,0.3,18.62393379211425,26.605411529541016
214000000000,0.0,0.9,0.3,18.72107696533203,26.506710052490234
214000000000,0.0,1.0,0.3,18.75463104248047,28.181303024291992
214000000001,0.0,0.0,0.3,17.864473342895508,30.902612686157227
214000000001,0.0,0.1,0.3,17.88475799560547,32.3076171875
214000000001,0.0,0.2,0.3,17.776142120361328,31.044322967529297
214000000001,0.0,0.3,0.3,17.651315689086914,32.613914489746094
214000000001,0.0,0.4,0.3,17.311145782470703,29.578125
214000000001,0.0,0.5,0.3,17.331214904785156,27.876001358032227
214000000001,0.0,0.6,0.3,17.369836807250977,30.59990692138672
214000000001,0.0,0.7,0.3,17.41329574584961,29.764812469482425
214000000001,0.0,0.8,0.3,17.55161476135254,30.068662643432617
214000000001,0.0,0.9,0.3,17.482372283935547,30.429357528686523
214000000001,0.0,1.0,0.3,17.43245506286621,31.184799194335938
214000000002,0.0,0.0,0.3,24.093236923217773,29.74225234985352
214000000002,0.0,0.1,0.3,24.093826293945312,29.98033142089844
214000000002,0.0,0.2,0.3,24.07674026489257,30.07270050048828
214000000002,0.0,0.3,0.3,24.07535552978516,29.883813858032227
214000000002,0.0,0.4,0.3,23.37626838684082,30.641233444213867
214000000002,0.0,0.5,0.3,22.61048698425293,30.449127197265625
214000000002,0.0,0.6,0.3,19.582368850708008,32.859004974365234
214000000002,0.0,0.7,0.3,18.864612579345703,31.966215133666992
214000000002,0.0,0.8,0.3,18.62589263916016,29.484668731689453
214000000002,0.0,0.9,0.3,16.67530632019043,30.8560848236084
214000000002,0.0,1.0,0.3,14.267624855041504,26.01529121398925
214000000003,0.0,0.0,0.3,21.745454788208008,21.5399112701416
214000000003,0.0,0.1,0.3,21.71558380126953,23.24905014038086
214000000003,0.0,0.2,0.3,21.591182708740234,21.64931297302246
214000000003,0.0,0.3,0.3,21.29888153076172,20.37083625793457
214000000003,0.0,0.4,0.3,20.619707107543945,21.857643127441406
214000000003,0.0,0.5,0.3,19.402307510375977,23.550376892089844
214000000003,0.0,0.6,0.3,18.32379531860352,22.1364688873291
214000000003,0.0,0.7,0.3,18.571815490722656,22.18398666381836
214000000003,0.0,0.8,0.3,19.162986755371094,26.47003555297852
214000000003,0.0,0.9,0.3,15.689173698425291,24.647226333618164
214000000003,0.0,1.0,0.3,11.681832313537598,26.98643112182617
214000000004,0.0,0.0,0.3,20.152177810668945,30.61092185974121
214000000004,0.0,0.1,0.3,20.16645812988281,30.63318634033203
214000000004,0.0,0.2,0.3,20.126527786254883,30.18595314025879
214000000004,0.0,0.3,0.3,19.99461936950684,29.426618576049805
214000000004,0.0,0.4,0.3,19.942371368408203,30.67531013488769
214000000004,0.0,0.5,0.3,19.8831729888916,29.61991500854492
214000000004,0.0,0.6,0.3,19.72702407836914,28.667604446411133
214000000004,0.0,0.7,0.3,19.50300407409668,26.653076171875
214000000004,0.0,0.8,0.3,19.36806297302246,31.240385055541992
214000000004,0.0,0.9,0.3,19.519262313842773,30.94384002685547
214000000004,0.0,1.0,0.3,19.170063018798828,30.07746124267578
214000000005,0.0,0.0,0.3,22.416040420532227,27.0005111694336
214000000005,0.0,0.1,0.3,22.40360450744629,26.285743713378903
214000000005,0.0,0.2,0.3,22.27924919128418,25.04730796813965
214000000005,0.0,0.3,0.3,21.92073440551757,25.023239135742188
214000000005,0.0,0.4,0.3,21.58021354675293,26.011394500732425
214000000005,0.0,0.5,0.3,19.52608299255371,26.486202239990234
214000000005,0.0,0.6,0.3,19.097530364990234,27.60068130493164
214000000005,0.0,0.7,0.3,17.770166397094727,25.27528381347656
214000000005,0.0,0.8,0.3,19.247180938720703,26.581836700439453
214000000005,0.0,0.9,0.3,18.981595993041992,27.21799087524414
214000000005,0.0,1.0,0.3,17.439149856567383,21.849515914916992
214000000006,0.0,0.0,0.3,19.784156799316406,21.565162658691406
214000000006,0.0,0.1,0.3,19.77176094055176,21.212100982666016
214000000006,0.0,0.2,0.3,19.7168025970459,21.54950714111328
214000000006,0.0,0.3,0.3,19.657564163208008,20.56367301940918
214000000006,0.0,0.4,0.3,19.492345809936523,20.662633895874023
214000000006,0.0,0.5,0.3,19.333065032958984,24.00805854797364
214000000006,0.0,0.6,0.3,18.96306800842285,25.682655334472656
214000000006,0.0,0.7,0.3,18.13897705078125,26.39903450012207
214000000006,0.0,0.8,0.3,17.02680015563965,26.008848190307617
214000000006,0.0,0.9,0.3,16.533550262451172,24.21449089050293
214000000006,0.0,1.0,0.3,17.557819366455078,22.195003509521484
214000000007,0.0,0.0,0.3,21.195297241210938,25.12749481201172
214000000007,0.0,0.1,0.3,21.168418884277344,26.03878402709961
214000000007,0.0,0.2,0.3,21.15471076965332,25.49490547180176
214000000007,0.0,0.3,0.3,21.048320770263672,25.98227310180664
214000000007,0.0,0.4,0.3,20.923593521118164,26.6218490600586
214000000007,0.0,0.5,0.3,20.7187557220459,25.35001564025879
214000000007,0.0,0.6,0.3,20.351118087768555,23.26271247863769
214000000007,0.0,0.7,0.3,19.54350852966309,23.828691482543945
214000000007,0.0,0.8,0.3,15.136474609375,25.526512145996094
214000000007,0.0,0.9,0.3,14.30329418182373,23.25275039672852
214000000007,0.0,1.0,0.3,12.607134819030762,21.614356994628903
214000000008,0.0,0.0,0.3,22.475244522094727,18.25412940979004
214000000008,0.0,0.1,0.3,22.41779518127441,19.486553192138672
214000000008,0.0,0.2,0.3,22.09153938293457,18.460424423217773
214000000008,0.0,0.3,0.3,21.56057548522949,19.651729583740234
214000000008,0.0,0.4,0.3,21.09376716613769,16.713268280029297
214000000008,0.0,0.5,0.3,20.062236785888672,22.81039810180664
214000000008,0.0,0.6,0.3,18.36630821228028,27.527851104736328
214000000008,0.0,0.7,0.3,16.029142379760742,23.197593688964844
214000000008,0.0,0.8,0.3,15.831826210021973,26.585447311401367
214000000008,0.0,0.9,0.3,15.422418594360352,21.049203872680664
214000000008,0.0,1.0,0.3,15.541934967041016,24.977611541748047
214000000009,0.0,0.0,0.3,23.3494873046875,24.44006729125977
214000000009,0.0,0.1,0.3,23.30233764648437,24.098175048828125
214000000009,0.0,0.2,0.3,23.25904655456543,31.22511482238769
214000000009,0.0,0.3,0.3,23.00725746154785,27.16265296936035
214000000009,0.0,0.4,0.3,22.796363830566406,26.590686798095703
214000000009,0.0,0.5,0.3,22.74598693847656,30.134258270263672
214000000009,0.0,0.6,0.3,22.21657943725586,31.36701202392578
214000000009,0.0,0.7,0.3,20.57056999206543,27.717124938964844
214000000009,0.0,0.8,0.3,18.66367530822754,28.65566062927246
214000000009,0.0,0.9,0.3,18.033432006835938,27.228790283203125
214000000009,0.0,1.0,0.3,13.017478942871094,30.15668487548828
221000000000,0.0,0.0,0.3,21.624401092529297,21.78022003173828
221000000000,0.0,0.1,0.3,21.62167358398437,22.08035659790039
221000000000,0.0,0.2,0.3,21.57951545715332,21.83928680419922
221000000000,0.0,0.3,0.3,21.43124771118164,22.782207489013672
221000000000,0.0,0.4,0.3,21.334136962890625,22.41343116760254
221000000000,0.0,0.5,0.3,21.143627166748047,22.684961318969727
221000000000,0.0,0.6,0.3,20.92547416687012,23.148418426513672
221000000000,0.0,0.7,0.3,20.422964096069336,21.780372619628903
221000000000,0.0,0.8,0.3,19.0749740600586,20.70816802978516
221000000000,0.0,0.9,0.3,18.369525909423828,18.407367706298828
221000000000,0.0,1.0,0.3,16.16189956665039,24.618135452270508
221000000001,0.0,0.0,0.3,19.29348564147949,24.6333122253418
221000000001,0.0,0.1,0.3,19.31018447875977,24.45326042175293
221000000001,0.0,0.2,0.3,19.32413673400879,24.86017417907715
221000000001,0.0,0.3,0.3,19.22687530517578,25.55924415588379
221000000001,0.0,0.4,0.3,19.226667404174805,24.66470527648925
221000000001,0.0,0.5,0.3,18.75442314147949,24.03176498413086
221000000001,0.0,0.6,0.3,18.314430236816406,22.38620376586914
221000000001,0.0,0.7,0.3,17.219518661499023,25.361862182617188
221000000001,0.0,0.8,0.3,16.574155807495117,25.79780578613281
221000000001,0.0,0.9,0.3,16.656352996826172,22.733562469482425
221000000001,0.0,1.0,0.3,16.901121139526367,20.90553855895996
221000000002,0.0,0.0,0.3,22.42733764648437,29.7004337310791
221000000002,0.0,0.1,0.3,22.37014389038086,30.900466918945312
221000000002,0.0,0.2,0.3,22.317062377929688,31.047927856445312
221000000002,0.0,0.3,0.3,22.08753967285156,30.639028549194336
221000000002,0.0,0.4,0.3,21.699567794799805,30.57552528381348
221000000002,0.0,0.5,0.3,20.3890380859375,34.0371208190918
221000000002,0.0,0.6,0.3,19.95088005065918,33.82372283935547
221000000002,0.0,0.7,0.3,18.006362915039062,33.542877197265625
221000000002,0.0,0.8,0.3,18.24185562133789,30.44359016418457
221000000002,0.0,0.9,0.3,16.293777465820312,29.50303268432617
221000000002,0.0,1.0,0.3,14.044758796691896,32.91232681274414
221000000003,0.0,0.0,0.3,19.281980514526367,28.07123565673828
221000000003,0.0,0.1,0.3,19.261972427368164,28.308624267578125
221000000003,0.0,0.2,0.3,19.27857780456543,28.46813201904297
221000000003,0.0,0.3,0.3,19.18514442443848,28.24912643432617
221000000003,0.0,0.4,0.3,18.577396392822266,30.5823917388916
221000000003,0.0,0.5,0.3,18.130420684814453,30.1037826538086
221000000003,0.0,0.6,0.3,17.791677474975586,31.644588470458984
221000000003,0.0,0.7,0.3,17.1284122467041,30.4718074798584
221000000003,0.0,0.8,0.3,16.744958877563477,29.560714721679688
221000000003,0.0,0.9,0.3,15.236099243164062,28.73643112182617
221000000003,0.0,1.0,0.3,10.72439956665039,27.341169357299805
221000000004,0.0,0.0,0.3,19.08938217163086,23.471887588500977
221000000004,0.0,0.1,0.3,19.077619552612305,23.672780990600582
221000000004,0.0,0.2,0.3,19.05146217346192,23.51945877075196
221000000004,0.0,0.3,0.3,19.006818771362305,23.74110221862793
221000000004,0.0,0.4,0.3,19.01644515991211,23.48784446716309
221000000004,0.0,0.5,0.3,18.937679290771484,23.637121200561523
221000000004,0.0,0.6,0.3,18.446271896362305,26.935163497924805
221000000004,0.0,0.7,0.3,18.444849014282227,23.11271858215332
221000000004,0.0,0.8,0.3,18.18526840209961,22.777135848999023
221000000004,0.0,0.9,0.3,16.71637725830078,25.367515563964844
221000000004,0.0,1.0,0.3,16.291860580444336,24.652294158935547
221000000005,0.0,0.0,0.3,20.11159324645996,27.9351863861084
221000000005,0.0,0.1,0.3,20.08587074279785,27.447731018066406
221000000005,0.0,0.2,0.3,20.014938354492188,28.162277221679688
221000000005,0.0,0.3,0.3,19.943086624145508,28.04609489440918
221000000005,0.0,0.4,0.3,19.77866172790528,27.441749572753903
221000000005,0.0,0.5,0.3,19.752859115600582,28.042694091796875
221000000005,0.0,0.6,0.3,19.56684303283692,27.76666259765625
221000000005,0.0,0.7,0.3,19.38509178161621,27.96699905395508
221000000005,0.0,0.8,0.3,18.97465133666992,28.11755752563477
221000000005,0.0,0.9,0.3,18.822465896606445,28.24468040466309
221000000005,0.0,1.0,0.3,18.44205474853516,27.07699012756348
221000000006,0.0,0.0,0.3,15.771992683410645,25.66560173034668
221000000006,0.0,0.1,0.3,15.77719020843506,25.684680938720703
221000000006,0.0,0.2,0.3,15.763983726501465,26.198450088500977
221000000006,0.0,0.3,0.3,15.74195384979248,26.173105239868164
221000000006,0.0,0.4,0.3,15.629476547241213,25.09218978881836
221000000006,0.0,0.5,0.3,15.681971549987791,25.18743896484375
221000000006,0.0,0.6,0.3,15.455982208251951,25.32719039916992
221000000006,0.0,0.7,0.3,15.507862091064451,24.56877517700196
221000000006,0.0,0.8,0.3,15.159310340881348,25.52456283569336
221000000006,0.0,0.9,0.3,14.466031074523926,24.514970779418945
221000000006,0.0,1.0,0.3,14.161988258361816,23.91328811645508
221000000007,0.0,0.0,0.3,22.03458595275879,22.949308395385746
221000000007,0.0,0.1,0.3,22.047239303588867,22.837451934814453
221000000007,0.0,0.2,0.3,22.057430267333984,22.812368392944336
221000000007,0.0,0.3,0.3,22.016357421875,22.867172241210938
221000000007,0.0,0.4,0.3,21.32915496826172,23.075597763061523
221000000007,0.0,0.5,0.3,20.44935607910156,24.95819091796875
221000000007,0.0,0.6,0.3,20.88456916809082,25.112903594970703
221000000007,0.0,0.7,0.3,18.16451072692871,26.2030086517334
221000000007,0.0,0.8,0.3,18.89053535461425,25.08052635192871
221000000007,0.0,0.9,0.3,19.115421295166016,25.166030883789062
221000000007,0.0,1.0,0.3,19.3792724609375,25.55242729187012
221000000008,0.0,0.0,0.3,19.63437271118164,27.258338928222656
221000000008,0.0,0.1,0.3,19.62948989868164,27.23526382446289
221000000008,0.0,0.2,0.3,19.6368408203125,26.09528923034668
221000000008,0.0,0.3,0.3,19.388952255249023,25.370868682861328
221000000008,0.0,0.4,0.3,18.935596466064453,31.08281707763672
221000000008,0.0,0.5,0.3,17.61421012878418,29.698699951171875
221000000008,0.0,0.6,0.3,18.42154693603516,31.003093719482425
221000000008,0.0,0.7,0.3,18.47061347961425,29.928516387939453
221000000008,0.0,0.8,0.3,18.840049743652344,25.790000915527344
221000000008,0.0,0.9,0.3,14.612272262573242,29.92893409729004
221000000008,0.0,1.0,0.3,14.47109031677246,31.540573120117188
221000000009,0.0,0.0,0.3,19.74549865722656,25.740009307861328
221000000009,0.0,0.1,0.3,19.74930763244629,25.141996383666992
221000000009,0.0,0.2,0.3,19.71049690246582,25.071674346923828
221000000009,0.0,0.3,0.3,19.472394943237305,26.75634384155273
221000000009,0.0,0.4,0.3,19.46741104125977,26.81943702697754
221000000009,0.0,0.5,0.3,19.40730094909668,27.15350914001465
221000000009,0.0,0.6,0.3,19.36980438232422,26.407020568847656
221000000009,0.0,0.7,0.3,19.128326416015625,27.91002082824707
221000000009,0.0,0.8,0.3,18.93363380432129,27.397247314453125
221000000009,0.0,0.9,0.3,18.71821975708008,27.65445709228516
221000000009,0.0,1.0,0.3,18.66505622863769,29.55227470397949
222000000000,0.0,0.0,0.3,24.51488304138184,25.934410095214844
222000000000,0.0,0.1,0.3,24.50005149841309,25.894874572753903
222000000000,0.0,0.2,0.3,24.46539688110352,25.763282775878903
222000000000,0.0,0.3,0.3,24.381607055664062,26.12499046325684
222000000000,0.0,0.4,0.3,24.229921340942383,25.818246841430664
222000000000,0.0,0.5,0.3,24.320512771606445,25.76895332336425
222000000000,0.0,0.6,0.3,24.328744888305664,26.084623336791992
222000000000,0.0,0.7,0.3,24.14623641967773,25.574466705322266
222000000000,0.0,0.8,0.3,24.202289581298828,25.68490600585937
222000000000,0.0,0.9,0.3,22.44839096069336,26.44022750854492
222000000000,0.0,1.0,0.3,18.867053985595703,22.6475887298584
222000000001,0.0,0.0,0.3,21.58399200439453,20.87339973449707
222000000001,0.0,0.1,0.3,21.59607696533203,21.069923400878903
222000000001,0.0,0.2,0.3,21.6318588256836,20.79412841796875
222000000001,0.0,0.3,0.3,21.66006088256836,19.311752319335938
222000000001,0.0,0.4,0.3,21.046348571777344,20.4587345123291
222000000001,0.0,0.5,0.3,20.97435760498047,22.27841567993164
222000000001,0.0,0.6,0.3,18.42464065551757,22.933408737182617
222000000001,0.0,0.7,0.3,18.3322811126709,21.445934295654297
222000000001,0.0,0.8,0.3,17.207666397094727,20.844545364379883
222000000001,0.0,0.9,0.3,15.35629940032959,21.76952171325684
222000000001,0.0,1.0,0.3,9.025439262390137,23.77802848815918
222000000002,0.0,0.0,0.3,20.792388916015625,18.269216537475582
222000000002,0.0,0.1,0.3,20.753942489624023,17.469602584838867
222000000002,0.0,0.2,0.3,20.549734115600582,18.47488021850586
222000000002,0.0,0.3,0.3,20.39763641357422,18.04307174682617
222000000002,0.0,0.4,0.3,19.29682350158692,22.6683406829834
222000000002,0.0,0.5,0.3,17.358083724975586,22.446367263793945
222000000002,0.0,0.6,0.3,15.39614486694336,27.591007232666016
222000000002,0.0,0.7,0.3,12.913500785827637,25.77298927307129
222000000002,0.0,0.8,0.3,12.70180320739746,23.453920364379883
222000000002,0.0,0.9,0.3,11.534202575683594,24.98715591430664
222000000002,0.0,1.0,0.3,6.562154769897461,26.542707443237305
222000000003,0.0,0.0,0.3,19.93538475036621,20.47221946716309
222000000003,0.0,0.1,0.3,19.96870231628418,21.21649742126465
222000000003,0.0,0.2,0.3,19.902711868286133,22.689319610595703
222000000003,0.0,0.3,0.3,19.762056350708008,21.667882919311523
222000000003,0.0,0.4,0.3,19.24094009399414,20.40450668334961
222000000003,0.0,0.5,0.3,18.672327041625977,21.73684883117676
222000000003,0.0,0.6,0.3,18.24632835388184,25.62517547607422
222000000003,0.0,0.7,0.3,16.83481216430664,22.02236557006836
222000000003,0.0,0.8,0.3,16.709840774536133,21.90826797485352
222000000003,0.0,0.9,0.3,15.046537399291992,24.853240966796875
222000000003,0.0,1.0,0.3,14.033801078796388,19.22017288208008
222000000004,0.0,0.0,0.3,17.81104850769043,19.357187271118164
222000000004,0.0,0.1,0.3,17.767284393310547,17.97511100769043
222000000004,0.0,0.2,0.3,17.722501754760742,19.72418212890625
222000000004,0.0,0.3,0.3,17.597457885742188,17.781845092773438
222000000004,0.0,0.4,0.3,17.28995704650879,18.879505157470703
222000000004,0.0,0.5,0.3,16.931005477905273,21.62511444091797
222000000004,0.0,0.6,0.3,15.802393913269045,23.858503341674805
222000000004,0.0,0.7,0.3,14.747598648071287,24.008174896240234
222000000004,0.0,0.8,0.3,14.206565856933594,22.87361526489257
222000000004,0.0,0.9,0.3,13.57204818725586,29.41783905029297
222000000004,0.0,1.0,0.3,13.307710647583008,29.147838592529297
222000000005,0.0,0.0,0.3,23.737245559692383,24.06954002380371
222000000005,0.0,0.1,0.3,23.732351303100582,24.15032196044922
222000000005,0.0,0.2,0.3,23.73854255676269,24.68462371826172
222000000005,0.0,0.3,0.3,23.3274154663086,25.28986358642578
222000000005,0.0,0.4,0.3,22.494537353515625,28.270357131958008
222000000005,0.0,0.5,0.3,21.687788009643555,27.17251205444336
222000000005,0.0,0.6,0.3,21.00143814086914,26.49192237854004
222000000005,0.0,0.7,0.3,21.18609046936035,27.878910064697266
222000000005,0.0,0.8,0.3,22.59126663208008,21.83987617492676
222000000005,0.0,0.9,0.3,22.51768493652344,23.935077667236328
222000000005,0.0,1.0,0.3,18.98969841003418,25.730318069458008
222000000006,0.0,0.0,0.3,21.30385398864746,21.342504501342773
222000000006,0.0,0.1,0.3,21.303369522094727,22.195730209350582
222000000006,0.0,0.2,0.3,21.201704025268555,21.796537399291992
222000000006,0.0,0.3,0.3,21.039663314819336,23.772958755493164
222000000006,0.0,0.4,0.3,20.758752822875977,22.58236312866211
222000000006,0.0,0.5,0.3,20.506410598754883,21.930309295654297
222000000006,0.0,0.6,0.3,19.801074981689453,21.259632110595703
222000000006,0.0,0.7,0.3,18.15119743347168,19.64777565002441
222000000006,0.0,0.8,0.3,19.362096786499023,20.952260971069336
222000000006,0.0,0.9,0.3,18.019132614135746,16.492094039916992
222000000006,0.0,1.0,0.3,16.629472732543945,17.08236312866211
222000000007,0.0,0.0,0.3,22.15341186523437,18.35093307495117
222000000007,0.0,0.1,0.3,22.15551948547364,18.66508674621582
222000000007,0.0,0.2,0.3,22.173439025878903,18.64198112487793
222000000007,0.0,0.3,0.3,22.08318901062012,19.50066375732422
222000000007,0.0,0.4,0.3,21.98845291137696,18.54513359069824
222000000007,0.0,0.5,0.3,21.80689811706543,19.43089485168457
222000000007,0.0,0.6,0.3,21.26614761352539,17.688549041748047
222000000007,0.0,0.7,0.3,20.279756546020508,20.80503845214844
222000000007,0.0,0.8,0.3,18.985334396362305,22.10009002685547
222000000007,0.0,0.9,0.3,18.55559539794922,20.016420364379883
222000000007,0.0,1.0,0.3,17.305400848388672,19.12469482421875
222000000008,0.0,0.0,0.3,22.7565860748291,18.00469970703125
222000000008,0.0,0.1,0.3,22.75230026245117,18.179363250732425
222000000008,0.0,0.2,0.3,22.65142822265625,18.41258430480957
222000000008,0.0,0.3,0.3,22.32113647460937,19.026899337768555
222000000008,0.0,0.4,0.3,20.940746307373047,20.646345138549805
222000000008,0.0,0.5,0.3,19.55558013916016,23.790063858032227
222000000008,0.0,0.6,0.3,16.526779174804688,25.14449691772461
222000000008,0.0,0.7,0.3,14.218613624572754,22.59553337097168
222000000008,0.0,0.8,0.3,14.086555480957031,22.132850646972656
222000000008,0.0,0.9,0.3,16.5814266204834,18.617305755615234
222000000008,0.0,1.0,0.3,15.54732608795166,23.263750076293945
222000000009,0.0,0.0,0.3,17.599626541137695,25.355375289916992
222000000009,0.0,0.1,0.3,17.596120834350586,25.05270195007324
222000000009,0.0,0.2,0.3,17.61760139465332,24.64672088623047
222000000009,0.0,0.3,0.3,17.565580368041992,25.219837188720703
222000000009,0.0,0.4,0.3,17.075756072998047,25.35856437683105
222000000009,0.0,0.5,0.3,16.625242233276367,25.081085205078125
222000000009,0.0,0.6,0.3,17.041696548461914,24.89540672302246
222000000009,0.0,0.7,0.3,16.844152450561523,25.087276458740234
222000000009,0.0,0.8,0.3,14.827651023864746,23.489896774291992
222000000009,0.0,0.9,0.3,14.260319709777832,26.17645835876465
222000000009,0.0,1.0,0.3,12.460938453674316,21.21508026123047
223000000000,0.0,0.0,0.3,22.80805397033692,24.64400291442871
223000000000,0.0,0.1,0.3,22.779970169067383,24.26685333251953
223000000000,0.0,0.2,0.3,22.80868911743164,24.261653900146484
223000000000,0.0,0.3,0.3,22.52840805053711,23.83383750915528
223000000000,0.0,0.4,0.3,22.2398738861084,23.818227767944336
223000000000,0.0,0.5,0.3,21.40474510192871,24.73528289794922
223000000000,0.0,0.6,0.3,19.802698135375977,21.3961181640625
223000000000,0.0,0.7,0.3,17.919830322265625,21.443336486816406
223000000000,0.0,0.8,0.3,19.05154800415039,26.173513412475582
223000000000,0.0,0.9,0.3,19.6645565032959,30.464637756347656
223000000000,0.0,1.0,0.3,16.41805076599121,26.668289184570312
223000000001,0.0,0.0,0.3,25.239686965942383,26.63045310974121
223000000001,0.0,0.1,0.3,25.16083335876465,26.01116371154785
223000000001,0.0,0.2,0.3,25.315135955810547,25.101709365844727
223000000001,0.0,0.3,0.3,25.071054458618164,23.750873565673828
223000000001,0.0,0.4,0.3,22.993972778320312,24.729700088500977
223000000001,0.0,0.5,0.3,21.359939575195312,24.93502426147461
223000000001,0.0,0.6,0.3,19.009620666503903,35.0787239074707
223000000001,0.0,0.7,0.3,16.659442901611328,34.37078094482422
223000000001,0.0,0.8,0.3,15.62993049621582,29.36661148071289
223000000001,0.0,0.9,0.3,14.40634536743164,31.52248764038086
223000000001,0.0,1.0,0.3,13.25412368774414,32.3378791809082
223000000002,0.0,0.0,0.3,19.45314216613769,21.15827178955078
223000000002,0.0,0.1,0.3,19.45276260375977,21.52185821533203
223000000002,0.0,0.2,0.3,19.38730430603028,21.652708053588867
223000000002,0.0,0.3,0.3,19.27634620666504,22.64303207397461
223000000002,0.0,0.4,0.3,19.2089786529541,22.547758102416992
223000000002,0.0,0.5,0.3,19.055322647094727,20.70192527770996
223000000002,0.0,0.6,0.3,18.95814323425293,21.172882080078125
223000000002,0.0,0.7,0.3,18.245630264282227,21.719253540039062
223000000002,0.0,0.8,0.3,16.591285705566406,21.440093994140625
223000000002,0.0,0.9,0.3,16.185842514038086,24.695024490356445
223000000002,0.0,1.0,0.3,14.765251159667969,25.96748161315918
223000000003,0.0,0.0,0.3,25.43056297302246,32.28297805786133
223000000003,0.0,0.1,0.3,25.42430877685547,32.452117919921875
223000000003,0.0,0.2,0.3,25.394092559814453,31.874101638793945
223000000003,0.0,0.3,0.3,24.898637771606445,33.39670944213867
223000000003,0.0,0.4,0.3,24.189966201782227,33.939353942871094
223000000003,0.0,0.5,0.3,24.61590003967285,32.692962646484375
223000000003,0.0,0.6,0.3,24.89037704467773,32.92630386352539
223000000003,0.0,0.7,0.3,20.504478454589844,35.87561798095703
223000000003,0.0,0.8,0.3,16.558996200561523,33.41236877441406
223000000003,0.0,0.9,0.3,17.44960594177246,35.89803695678711
223000000003,0.0,1.0,0.3,13.519577980041504,31.875362396240234
223000000004,0.0,0.0,0.3,22.985082626342773,30.3557186126709
223000000004,0.0,0.1,0.3,22.96240425109864,30.48670196533203
223000000004,0.0,0.2,0.3,22.881607055664062,30.70423889160156
223000000004,0.0,0.3,0.3,22.760040283203125,29.161510467529297
223000000004,0.0,0.4,0.3,22.67771339416504,30.00695037841797
223000000004,0.0,0.5,0.3,22.70464134216309,30.56581115722656
223000000004,0.0,0.6,0.3,22.747163772583008,28.832313537597656
223000000004,0.0,0.7,0.3,22.622800827026367,29.157400131225582
223000000004,0.0,0.8,0.3,17.665666580200195,27.353635787963867
223000000004,0.0,0.9,0.3,15.638297080993652,27.04462432861328
223000000004,0.0,1.0,0.3,16.2294921875,28.58818817138672
223000000005,0.0,0.0,0.3,20.966943740844727,21.227989196777344
223000000005,0.0,0.1,0.3,20.91750907897949,21.14096641540528
223000000005,0.0,0.2,0.3,20.671924591064453,21.593849182128903
223000000005,0.0,0.3,0.3,20.64238739013672,21.53373336791992
223000000005,0.0,0.4,0.3,20.58634185791016,21.70022201538086
223000000005,0.0,0.5,0.3,20.49026870727539,21.40996551513672
223000000005,0.0,0.6,0.3,19.191177368164062,21.80949592590332
223000000005,0.0,0.7,0.3,16.994600296020508,20.678529739379883
223000000005,0.0,0.8,0.3,15.68984317779541,23.32914924621582
223000000005,0.0,0.9,0.3,14.199872970581056,26.27593040466309
223000000005,0.0,1.0,0.3,12.989006996154783,29.032358169555664
223000000006,0.0,0.0,0.3,23.94711875915528,23.415428161621094
223000000006,0.0,0.1,0.3,23.98771476745605,23.71326065063477
223000000006,0.0,0.2,0.3,23.962656021118164,23.898473739624023
223000000006,0.0,0.3,0.3,23.9717025756836,22.89863014221192
223000000006,0.0,0.4,0.3,22.567625045776367,22.42460823059082
223000000006,0.0,0.5,0.3,20.411544799804688,21.683406829833984
223000000006,0.0,0.6,0.3,19.67943382263184,22.785717010498047
223000000006,0.0,0.7,0.3,18.593849182128903,23.64121055603028
223000000006,0.0,0.8,0.3,16.689668655395508,27.244049072265625
223000000006,0.0,0.9,0.3,16.886737823486328,25.13011741638184
223000000006,0.0,1.0,0.3,15.53195858001709,27.041847229003903
223000000007,0.0,0.0,0.3,21.32226753234864,24.63954162597656
223000000007,0.0,0.1,0.3,21.29050636291504,25.00925064086914
223000000007,0.0,0.2,0.3,21.054519653320312,25.14910125732422
223000000007,0.0,0.3,0.3,20.997501373291016,24.29659652709961
223000000007,0.0,0.4,0.3,21.04201889038086,24.339740753173828
223000000007,0.0,0.5,0.3,21.10445785522461,30.02393913269043
223000000007,0.0,0.6,0.3,20.2723445892334,24.813491821289062
223000000007,0.0,0.7,0.3,19.65895271301269,31.91238021850586
223000000007,0.0,0.8,0.3,19.150659561157227,30.3624324798584
223000000007,0.0,0.9,0.3,18.01591110229492,29.75281524658203
223000000007,0.0,1.0,0.3,16.726972579956055,30.47344398498535
223000000008,0.0,0.0,0.3,19.156326293945312,30.060880661010746
223000000008,0.0,0.1,0.3,19.15385055541992,29.77733039855957
223000000008,0.0,0.2,0.3,19.115909576416016,29.60742378234864
223000000008,0.0,0.3,0.3,19.07864761352539,29.795307159423828
223000000008,0.0,0.4,0.3,19.08080101013184,29.992019653320312
223000000008,0.0,0.5,0.3,18.99227333068848,30.20295143127441
223000000008,0.0,0.6,0.3,18.605005264282227,29.916051864624023
223000000008,0.0,0.7,0.3,18.951454162597656,29.5717716217041
223000000008,0.0,0.8,0.3,18.874113082885746,29.35527801513672
223000000008,0.0,0.9,0.3,18.278722763061523,28.17997360229492
223000000008,0.0,1.0,0.3,14.25556182861328,28.86290168762207
223000000009,0.0,0.0,0.3,22.38253593444824,22.24947738647461
223000000009,0.0,0.1,0.3,22.36303901672364,22.29984474182129
223000000009,0.0,0.2,0.3,22.34812355041504,22.19327163696289
223000000009,0.0,0.3,0.3,22.254762649536133,22.257827758789062
223000000009,0.0,0.4,0.3,22.20274353027344,22.18394660949707
223000000009,0.0,0.5,0.3,21.91868019104004,22.16188240051269
223000000009,0.0,0.6,0.3,18.908706665039062,21.493274688720703
223000000009,0.0,0.7,0.3,16.565134048461914,22.97739028930664
223000000009,0.0,0.8,0.3,16.456558227539062,23.36223793029785
223000000009,0.0,0.9,0.3,15.48932647705078,22.622934341430664
223000000009,0.0,1.0,0.3,14.495000839233398,24.17252349853516
224000000000,0.0,0.0,0.3,22.39824485778809,19.653152465820312
224000000000,0.0,0.1,0.3,22.4426326751709,19.136106491088867
224000000000,0.0,0.2,0.3,22.49741554260254,19.060977935791016
224000000000,0.0,0.3,0.3,22.131696701049805,18.897510528564453
224000000000,0.0,0.4,0.3,21.91571998596192,19.218135833740234
224000000000,0.0,0.5,0.3,21.509296417236328,20.139347076416016
224000000000,0.0,0.6,0.3,20.497358322143555,23.060726165771484
224000000000,0.0,0.7,0.3,18.70283317565918,23.39115524291992
224000000000,0.0,0.8,0.3,17.326705932617188,25.373077392578125
224000000000,0.0,0.9,0.3,15.654770851135254,22.12038993835449
224000000000,0.0,1.0,0.3,12.594087600708008,18.80014038085937
224000000001,0.0,0.0,0.3,20.17133903503418,28.16657066345215
224000000001,0.0,0.1,0.3,20.15727424621582,28.22566604614257
224000000001,0.0,0.2,0.3,20.087427139282227,27.39970016479492
224000000001,0.0,0.3,0.3,19.980863571166992,27.724266052246094
224000000001,0.0,0.4,0.3,19.948013305664062,28.51945686340332
224000000001,0.0,0.5,0.3,19.796539306640625,28.337282180786133
224000000001,0.0,0.6,0.3,19.74774742126465,29.813203811645508
224000000001,0.0,0.7,0.3,19.52078056335449,30.202442169189453
224000000001,0.0,0.8,0.3,19.78549575805664,27.47672462463379
224000000001,0.0,0.9,0.3,19.708126068115234,28.18600845336914
224000000001,0.0,1.0,0.3,18.569690704345703,25.399906158447266
224000000002,0.0,0.0,0.3,19.47119331359864,24.185203552246094
224000000002,0.0,0.1,0.3,19.436443328857425,24.05248641967773
224000000002,0.0,0.2,0.3,19.1994857788086,23.862016677856445
224000000002,0.0,0.3,0.3,19.112659454345703,24.93056297302246
224000000002,0.0,0.4,0.3,18.57008934020996,24.28727149963379
224000000002,0.0,0.5,0.3,16.62026023864746,25.498985290527344
224000000002,0.0,0.6,0.3,17.343822479248047,26.26976585388184
224000000002,0.0,0.7,0.3,15.71910572052002,26.863161087036133
224000000002,0.0,0.8,0.3,15.06252098083496,26.2939453125
224000000002,0.0,0.9,0.3,16.41724395751953,24.31210327148437
224000000002,0.0,1.0,0.3,17.135848999023438,25.81665802001953
224000000003,0.0,0.0,0.3,19.34366607666016,23.512006759643555
224000000003,0.0,0.1,0.3,19.295385360717773,22.28349876403809
224000000003,0.0,0.2,0.3,19.242748260498047,22.372692108154297
224000000003,0.0,0.3,0.3,18.91441345214844,25.94245147705078
224000000003,0.0,0.4,0.3,18.39383888244629,23.99940299987793
224000000003,0.0,0.5,0.3,18.420074462890625,23.66156959533692
224000000003,0.0,0.6,0.3,17.683809280395508,23.61870765686035
224000000003,0.0,0.7,0.3,17.34499740600586,23.068002700805664
224000000003,0.0,0.8,0.3,17.158918380737305,25.448715209960938
224000000003,0.0,0.9,0.3,16.615848541259766,25.9765739440918
224000000003,0.0,1.0,0.3,15.348702430725098,27.03112030029297
224000000004,0.0,0.0,0.3,18.55448532104492,23.00436019897461
224000000004,0.0,0.1,0.3,18.522327423095703,23.261192321777344
224000000004,0.0,0.2,0.3,18.601219177246094,22.63737297058105
224000000004,0.0,0.3,0.3,18.257986068725582,25.401046752929688
224000000004,0.0,0.4,0.3,18.10292053222656,23.461669921875
224000000004,0.0,0.5,0.3,18.078271865844727,24.198692321777344
224000000004,0.0,0.6,0.3,17.026288986206055,26.75592803955078
224000000004,0.0,0.7,0.3,16.055387496948242,27.98401641845703
224000000004,0.0,0.8,0.3,14.853286743164062,32.66063690185547
224000000004,0.0,0.9,0.3,13.653602600097656,31.90060234069824
224000000004,0.0,1.0,0.3,13.622014045715332,31.57368850708008
224000000005,0.0,0.0,0.3,22.1027946472168,26.989879608154297
224000000005,0.0,0.1,0.3,22.074596405029297,27.14461135864257
224000000005,0.0,0.2,0.3,21.963537216186523,27.944015502929688
224000000005,0.0,0.3,0.3,21.604358673095703,27.81315422058105
224000000005,0.0,0.4,0.3,21.581388473510746,26.285987854003903
224000000005,0.0,0.5,0.3,21.300525665283203,26.413908004760746
224000000005,0.0,0.6,0.3,21.15947532653809,32.13023376464844
224000000005,0.0,0.7,0.3,19.99188232421875,27.336009979248047
224000000005,0.0,0.8,0.3,18.3652458190918,31.87167930603028
224000000005,0.0,0.9,0.3,17.593534469604492,27.12814712524414
224000000005,0.0,1.0,0.3,15.619885444641112,27.50908088684082
224000000006,0.0,0.0,0.3,21.0449161529541,23.724010467529297
224000000006,0.0,0.1,0.3,21.051908493041992,23.36421012878418
224000000006,0.0,0.2,0.3,21.03976249694824,24.062877655029297
224000000006,0.0,0.3,0.3,20.84296417236328,25.09981155395508
224000000006,0.0,0.4,0.3,20.84475326538086,25.12590789794922
224000000006,0.0,0.5,0.3,20.66526985168457,24.308982849121094
224000000006,0.0,0.6,0.3,20.6083984375,24.95094108581543
224000000006,0.0,0.7,0.3,20.3156852722168,25.36917304992676
224000000006,0.0,0.8,0.3,20.1586856842041,25.489192962646484
224000000006,0.0,0.9,0.3,20.070592880249023,25.89459800720215
224000000006,0.0,1.0,0.3,19.97456359863281,25.1863956451416
224000000007,0.0,0.0,0.3,22.91887855529785,20.12485694885254
224000000007,0.0,0.1,0.3,22.956205368041992,20.02845764160156
224000000007,0.0,0.2,0.3,22.913623809814453,20.054431915283203
224000000007,0.0,0.3,0.3,22.67271423339844,19.539426803588867
224000000007,0.0,0.4,0.3,22.028642654418945,19.284408569335938
224000000007,0.0,0.5,0.3,21.28751373291016,24.346961975097656
224000000007,0.0,0.6,0.3,20.034746170043945,25.094539642333984
224000000007,0.0,0.7,0.3,19.4006290435791,25.439537048339844
224000000007,0.0,0.8,0.3,17.30369758605957,25.294422149658203
224000000007,0.0,0.9,0.3,16.192188262939453,24.74958038330078
224000000007,0.0,1.0,0.3,15.06773853302002,24.363773345947266
224000000008,0.0,0.0,0.3,22.78939819335937,25.45531463623047
224000000008,0.0,0.1,0.3,22.75775909423828,25.39340782165528
224000000008,0.0,0.2,0.3,23.16251373291016,25.35358047485352
224000000008,0.0,0.3,0.3,22.28122329711914,25.150070190429688
224000000008,0.0,0.4,0.3,20.96273231506348,29.84729385375977
224000000008,0.0,0.5,0.3,20.98222541809082,24.90435218811035
224000000008,0.0,0.6,0.3,19.967565536499023,25.69333839416504
224000000008,0.0,0.7,0.3,18.2681827545166,23.490163803100582
224000000008,0.0,0.8,0.3,16.975671768188477,30.292600631713867
224000000008,0.0,0.9,0.3,16.59052085876465,29.288684844970703
224000000008,0.0,1.0,0.3,15.838446617126465,31.163818359375
224000000009,0.0,0.0,0.3,19.904335021972656,25.270044326782227
224000000009,0.0,0.1,0.3,19.95684051513672,24.41655921936035
224000000009,0.0,0.2,0.3,20.039770126342773,26.12217903137207
224000000009,0.0,0.3,0.3,19.63918876647949,25.41691017150879
224000000009,0.0,0.4,0.3,19.54693603515625,24.265480041503903
224000000009,0.0,0.5,0.3,19.26257705688477,24.95081329345703
224000000009,0.0,0.6,0.3,19.071643829345703,23.65643310546875
224000000009,0.0,0.7,0.3,18.416316986083984,25.219640731811523
224000000009,0.0,0.8,0.3,17.758085250854492,23.64316368103028
224000000009,0.0,0.9,0.3,16.848819732666016,23.263427734375
224000000009,0.0,1.0,0.3,16.232627868652344,22.98525047302246
311000000000,0.0,0.0,0.3,26.04424095153809,20.092348098754883
311000000000,0.0,0.1,0.3,26.06021308898925,20.1175479888916
311000000000,0.0,0.2,0.3,26.10260009765625,20.379928588867188
311000000000,0.0,0.3,0.3,25.64326286315918,20.666717529296875
311000000000,0.0,0.4,0.3,25.69048309326172,20.14144325256348
311000000000,0.0,0.5,0.3,25.198326110839844,19.937374114990234
311000000000,0.0,0.6,0.3,22.613433837890625,22.039804458618164
311000000000,0.0,0.7,0.3,21.621524810791016,21.05165100097656
311000000000,0.0,0.8,0.3,17.49458122253418,21.68991470336914
311000000000,0.0,0.9,0.3,18.08798789978028,21.687952041625977
311000000000,0.0,1.0,0.3,16.53856086730957,21.9722900390625
311000000001,0.0,0.0,0.3,23.08583641052246,19.80061912536621
311000000001,0.0,0.1,0.3,23.0657901763916,19.560924530029297
311000000001,0.0,0.2,0.3,22.903060913085938,20.07158660888672
311000000001,0.0,0.3,0.3,22.0510311126709,21.420522689819336
311000000001,0.0,0.4,0.3,20.79359436035156,18.18003273010254
311000000001,0.0,0.5,0.3,18.647445678710938,23.401615142822266
311000000001,0.0,0.6,0.3,16.14858055114746,25.06881332397461
311000000001,0.0,0.7,0.3,15.517773628234863,21.68796157836914
311000000001,0.0,0.8,0.3,15.265727043151855,19.854782104492188
311000000001,0.0,0.9,0.3,17.44383430480957,18.47784423828125
311000000001,0.0,1.0,0.3,13.611459732055664,21.056455612182617
311000000002,0.0,0.0,0.3,18.378801345825195,31.38389587402344
311000000002,0.0,0.1,0.3,18.380516052246094,31.296348571777344
311000000002,0.0,0.2,0.3,18.388168334960938,31.49502944946289
311000000002,0.0,0.3,0.3,18.30153083801269,30.97800636291504
311000000002,0.0,0.4,0.3,17.901002883911133,31.501787185668945
311000000002,0.0,0.5,0.3,17.13014030456543,30.970001220703125
311000000002,0.0,0.6,0.3,16.27956771850586,32.081756591796875
311000000002,0.0,0.7,0.3,16.24513053894043,31.73211479187012
311000000002,0.0,0.8,0.3,15.398409843444824,31.49062728881836
311000000002,0.0,0.9,0.3,15.279622077941896,32.152130126953125
311000000002,0.0,1.0,0.3,13.674272537231444,33.88516998291016
311000000003,0.0,0.0,0.3,19.980249404907227,27.18191719055176
311000000003,0.0,0.1,0.3,19.954381942749023,27.411806106567383
311000000003,0.0,0.2,0.3,20.00556755065918,27.1692123413086
311000000003,0.0,0.3,0.3,19.494115829467773,27.47532081604004
311000000003,0.0,0.4,0.3,19.61210060119629,27.446985244750977
311000000003,0.0,0.5,0.3,18.28299903869629,28.87263298034668
311000000003,0.0,0.6,0.3,17.504722595214844,29.206939697265625
311000000003,0.0,0.7,0.3,16.695484161376953,28.405004501342773
311000000003,0.0,0.8,0.3,16.39999008178711,27.758480072021484
311000000003,0.0,0.9,0.3,16.84950065612793,26.98703956604004
311000000003,0.0,1.0,0.3,17.762378692626953,28.083663940429688
311000000004,0.0,0.0,0.3,18.412899017333984,30.07133102416992
311000000004,0.0,0.1,0.3,18.41771507263184,30.353090286254883
311000000004,0.0,0.2,0.3,18.342529296875,30.616641998291016
311000000004,0.0,0.3,0.3,18.08699607849121,31.73412704467773
311000000004,0.0,0.4,0.3,17.665428161621094,31.3934326171875
311000000004,0.0,0.5,0.3,17.56287956237793,33.46536636352539
311000000004,0.0,0.6,0.3,15.019705772399902,29.89389038085937
311000000004,0.0,0.7,0.3,14.084797859191896,30.30657196044922
311000000004,0.0,0.8,0.3,14.509228706359863,32.236351013183594
311000000004,0.0,0.9,0.3,14.442582130432127,30.17698860168457
311000000004,0.0,1.0,0.3,10.364426612854004,28.76899528503418
311000000005,0.0,0.0,0.3,18.651954650878903,31.80311584472656
311000000005,0.0,0.1,0.3,18.665599822998047,31.86374282836914
311000000005,0.0,0.2,0.3,18.64933204650879,31.65999984741211
311000000005,0.0,0.3,0.3,18.430662155151367,32.679073333740234
311000000005,0.0,0.4,0.3,17.968585968017578,32.26023864746094
311000000005,0.0,0.5,0.3,17.363454818725586,32.12440490722656
311000000005,0.0,0.6,0.3,16.72150421142578,32.31339263916016
311000000005,0.0,0.7,0.3,15.251293182373049,33.74089050292969
311000000005,0.0,0.8,0.3,13.14162540435791,33.79151153564453
311000000005,0.0,0.9,0.3,13.061750411987305,33.45600891113281
311000000005,0.0,1.0,0.3,13.579024314880373,32.56648635864258
311000000006,0.0,0.0,0.3,23.131629943847656,29.1018123626709
311000000006,0.0,0.1,0.3,23.123645782470703,29.36432647705078
311000000006,0.0,0.2,0.3,23.11785697937012,29.52838516235352
311000000006,0.0,0.3,0.3,22.97356414794922,28.917285919189453
311000000006,0.0,0.4,0.3,22.9217586517334,29.39259147644043
311000000006,0.0,0.5,0.3,22.06159782409668,29.37788391113281
311000000006,0.0,0.6,0.3,20.27677154541016,32.09428405761719
311000000006,0.0,0.7,0.3,18.521635055541992,29.668432235717773
311000000006,0.0,0.8,0.3,18.62226295471192,28.851905822753903
311000000006,0.0,0.9,0.3,18.86124038696289,31.18510627746582
311000000006,0.0,1.0,0.3,17.645610809326172,31.217294692993164
311000000007,0.0,0.0,0.3,20.56106185913086,23.123085021972656
311000000007,0.0,0.1,0.3,20.5288028717041,22.91984939575196
311000000007,0.0,0.2,0.3,20.53443145751953,24.509828567504883
311000000007,0.0,0.3,0.3,20.1334285736084,23.72036933898925
311000000007,0.0,0.4,0.3,19.71079444885254,23.99433326721192
311000000007,0.0,0.5,0.3,18.651561737060547,20.1569766998291
311000000007,0.0,0.6,0.3,17.599740982055664,22.536914825439453
311000000007,0.0,0.7,0.3,15.780518531799316,18.69723129272461
311000000007,0.0,0.8,0.3,14.403120040893556,20.94634246826172
311000000007,0.0,0.9,0.3,13.849120140075684,20.04144859313965
311000000007,0.0,1.0,0.3,12.131181716918944,19.903640747070312
311000000008,0.0,0.0,0.3,19.052202224731445,27.42294692993164
311000000008,0.0,0.1,0.3,19.03093147277832,27.328807830810547
311000000008,0.0,0.2,0.3,19.003448486328125,26.747692108154297
311000000008,0.0,0.3,0.3,18.91847801208496,27.026874542236328
311000000008,0.0,0.4,0.3,18.678024291992188,26.93822479248047
311000000008,0.0,0.5,0.3,18.590370178222656,26.97937774658203
311000000008,0.0,0.6,0.3,18.35584831237793,26.542442321777344
311000000008,0.0,0.7,0.3,18.1146183013916,26.652494430541992
311000000008,0.0,0.8,0.3,17.918251037597656,26.843786239624023
311000000008,0.0,0.9,0.3,17.44933319091797,26.5162296295166
311000000008,0.0,1.0,0.3,17.568456649780273,27.452056884765625
311000000009,0.0,0.0,0.3,20.85097885131836,24.95343780517578
311000000009,0.0,0.1,0.3,20.84954833984375,24.71966552734375
311000000009,0.0,0.2,0.3,20.938289642333984,24.25259590148925
311000000009,0.0,0.3,0.3,20.85741424560547,24.35975646972656
311000000009,0.0,0.4,0.3,20.711181640625,24.903057098388672
311000000009,0.0,0.5,0.3,20.72504234313965,24.63406181335449
311000000009,0.0,0.6,0.3,20.72494888305664,24.68082618713379
311000000009,0.0,0.7,0.3,19.62775039672852,25.77680397033692
311000000009,0.0,0.8,0.3,19.54086685180664,25.342267990112305
311000000009,0.0,0.9,0.3,18.255504608154297,24.18077087402344
311000000009,0.0,1.0,0.3,16.14375877380371,24.55023956298828
312000000000,0.0,0.0,0.3,19.071992874145508,26.188322067260746
312000000000,0.0,0.1,0.3,19.017377853393555,26.52213859558105
312000000000,0.0,0.2,0.3,18.88286018371582,26.2723445892334
312000000000,0.0,0.3,0.3,18.430105209350582,26.04549026489257
312000000000,0.0,0.4,0.3,17.845888137817383,26.996322631835938
312000000000,0.0,0.5,0.3,16.929628372192383,26.30238914489746
312000000000,0.0,0.6,0.3,16.10846519470215,27.299272537231445
312000000000,0.0,0.7,0.3,15.853042602539062,28.06281471252441
312000000000,0.0,0.8,0.3,15.830714225769045,26.017147064208984
312000000000,0.0,0.9,0.3,13.55449676513672,23.582839965820312
312000000000,0.0,1.0,0.3,12.065444946289062,25.29575729370117
312000000001,0.0,0.0,0.3,18.29315185546875,23.36111068725586
312000000001,0.0,0.1,0.3,18.259008407592773,21.88385772705078
312000000001,0.0,0.2,0.3,18.236736297607425,22.30457878112793
312000000001,0.0,0.3,0.3,18.021957397460938,23.39809226989746
312000000001,0.0,0.4,0.3,17.60489845275879,23.57512283325196
312000000001,0.0,0.5,0.3,16.24698829650879,24.458892822265625
312000000001,0.0,0.6,0.3,14.389910697937012,24.128637313842773
312000000001,0.0,0.7,0.3,13.5368070602417,24.248130798339844
312000000001,0.0,0.8,0.3,12.904637336730955,24.871490478515625
312000000001,0.0,0.9,0.3,12.27786922454834,23.6782455444336
312000000001,0.0,1.0,0.3,11.042366027832031,27.33368873596192
312000000002,0.0,0.0,0.3,19.4979190826416,21.913551330566406
312000000002,0.0,0.1,0.3,19.487138748168945,21.86711311340332
312000000002,0.0,0.2,0.3,19.427165985107425,21.34329414367676
312000000002,0.0,0.3,0.3,19.14610481262207,21.87050437927246
312000000002,0.0,0.4,0.3,18.300029754638672,21.77276992797852
312000000002,0.0,0.5,0.3,16.440385818481445,20.12942886352539
312000000002,0.0,0.6,0.3,15.480443954467772,20.11485481262207
312000000002,0.0,0.7,0.3,14.66500186920166,18.830604553222656
312000000002,0.0,0.8,0.3,14.666666984558104,21.9079647064209
312000000002,0.0,0.9,0.3,13.242364883422852,22.40428352355957
312000000002,0.0,1.0,0.3,12.575495719909668,21.19572830200196
312000000003,0.0,0.0,0.3,18.1393985748291,28.088945388793945
312000000003,0.0,0.1,0.3,18.12820243835449,28.51744842529297
312000000003,0.0,0.2,0.3,18.12494468688965,28.422494888305664
312000000003,0.0,0.3,0.3,18.039640426635746,28.44528007507324
312000000003,0.0,0.4,0.3,18.003175735473633,27.784791946411133
312000000003,0.0,0.5,0.3,18.022998809814453,28.68208885192871
312000000003,0.0,0.6,0.3,17.263017654418945,29.073375701904297
312000000003,0.0,0.7,0.3,17.1186580657959,29.92465209960937
312000000003,0.0,0.8,0.3,17.543113708496094,29.004955291748047
312000000003,0.0,0.9,0.3,17.523860931396484,28.83415603637696
312000000003,0.0,1.0,0.3,17.5801944732666,29.51539802551269
312000000004,0.0,0.0,0.3,20.40874290466309,23.60538482666016
312000000004,0.0,0.1,0.3,20.39908027648925,23.686229705810547
312000000004,0.0,0.2,0.3,20.22673988342285,23.324357986450195
312000000004,0.0,0.3,0.3,19.83794212341309,24.00419044494629
312000000004,0.0,0.4,0.3,18.979936599731445,25.847864151000977
312000000004,0.0,0.5,0.3,18.43288993835449,23.486228942871094
312000000004,0.0,0.6,0.3,17.72075653076172,24.277801513671875
312000000004,0.0,0.7,0.3,16.800901412963867,26.166582107543945
312000000004,0.0,0.8,0.3,16.275175094604492,25.359798431396484
312000000004,0.0,0.9,0.3,15.23695468902588,24.05024528503418
312000000004,0.0,1.0,0.3,14.087084770202637,27.5966911315918
312000000005,0.0,0.0,0.3,17.196271896362305,28.45441627502441
312000000005,0.0,0.1,0.3,17.20463752746582,28.896982192993164
312000000005,0.0,0.2,0.3,17.215089797973633,29.72952651977539
312000000005,0.0,0.3,0.3,16.95854377746582,30.998722076416016
312000000005,0.0,0.4,0.3,16.824127197265625,27.98953628540039
312000000005,0.0,0.5,0.3,16.575462341308594,30.402082443237305
312000000005,0.0,0.6,0.3,16.270410537719727,31.19408798217773
312000000005,0.0,0.7,0.3,15.341543197631836,30.69334602355957
312000000005,0.0,0.8,0.3,14.528697967529297,31.531286239624023
312000000005,0.0,0.9,0.3,14.132094383239746,31.886314392089844
312000000005,0.0,1.0,0.3,13.672802925109863,33.64341735839844
312000000006,0.0,0.0,0.3,20.52864456176757,19.14164161682129
312000000006,0.0,0.1,0.3,20.525774002075195,19.300758361816406
312000000006,0.0,0.2,0.3,20.55694961547852,19.322513580322266
312000000006,0.0,0.3,0.3,20.55514335632324,18.956201553344727
312000000006,0.0,0.4,0.3,20.48980140686035,18.36578750610352
312000000006,0.0,0.5,0.3,20.39013862609864,18.96604347229004
312000000006,0.0,0.6,0.3,20.29389190673828,20.20600700378418
312000000006,0.0,0.7,0.3,19.90691375732422,19.474233627319336
312000000006,0.0,0.8,0.3,19.784099578857425,19.170867919921875
312000000006,0.0,0.9,0.3,18.89691162109375,17.67186164855957
312000000006,0.0,1.0,0.3,19.878604888916016,18.41741371154785
312000000007,0.0,0.0,0.3,21.54588508605957,30.95999336242676
312000000007,0.0,0.1,0.3,21.54971694946289,30.57899475097656
312000000007,0.0,0.2,0.3,21.511274337768555,31.9176025390625
312000000007,0.0,0.3,0.3,21.470924377441406,31.275861740112305
312000000007,0.0,0.4,0.3,21.05426979064941,29.942079544067383
312000000007,0.0,0.5,0.3,19.73427963256836,28.744274139404297
312000000007,0.0,0.6,0.3,19.847131729125977,32.41444778442383
312000000007,0.0,0.7,0.3,18.015172958374023,29.49071502685547
312000000007,0.0,0.8,0.3,16.2792911529541,27.341646194458008
312000000007,0.0,0.9,0.3,13.498577117919922,33.13142013549805
312000000007,0.0,1.0,0.3,12.422310829162598,32.82614517211914
312000000008,0.0,0.0,0.3,17.37908172607422,20.902862548828125
312000000008,0.0,0.1,0.3,17.37961196899414,20.893695831298828
312000000008,0.0,0.2,0.3,17.399690628051758,20.91633415222168
312000000008,0.0,0.3,0.3,17.343032836914062,19.987117767333984
312000000008,0.0,0.4,0.3,17.05743408203125,21.266307830810547
312000000008,0.0,0.5,0.3,16.17322540283203,21.748384475708008
312000000008,0.0,0.6,0.3,15.883782386779783,20.75968742370605
312000000008,0.0,0.7,0.3,15.209198951721191,23.8646240234375
312000000008,0.0,0.8,0.3,14.18795680999756,20.054821014404297
312000000008,0.0,0.9,0.3,11.640766143798828,23.5529899597168
312000000008,0.0,1.0,0.3,13.396004676818848,23.80988502502441
312000000009,0.0,0.0,0.3,20.81441307067871,25.48851585388184
312000000009,0.0,0.1,0.3,20.805513381958008,25.35715103149414
312000000009,0.0,0.2,0.3,20.78712272644043,25.138378143310547
312000000009,0.0,0.3,0.3,20.682109832763672,25.13957405090332
312000000009,0.0,0.4,0.3,20.54537773132324,25.321186065673828
312000000009,0.0,0.5,0.3,20.172088623046875,24.80848693847656
312000000009,0.0,0.6,0.3,19.953575134277344,25.397953033447266
312000000009,0.0,0.7,0.3,18.978071212768555,25.662166595458984
312000000009,0.0,0.8,0.3,17.69260025024414,26.62956619262696
312000000009,0.0,0.9,0.3,16.20311737060547,24.16585350036621
312000000009,0.0,1.0,0.3,15.63537311553955,25.00253295898437
313000000000,0.0,0.0,0.3,17.88264274597168,32.6435546875
313000000000,0.0,0.1,0.3,17.864431381225586,32.60520553588867
313000000000,0.0,0.2,0.3,17.83477020263672,32.48812484741211
313000000000,0.0,0.3,0.3,17.74066162109375,31.883174896240234
313000000000,0.0,0.4,0.3,17.386751174926758,31.55382537841797
313000000000,0.0,0.5,0.3,17.109264373779297,30.058897018432617
313000000000,0.0,0.6,0.3,15.413422584533691,26.27046775817871
313000000000,0.0,0.7,0.3,14.331483840942385,26.98759651184082
313000000000,0.0,0.8,0.3,13.63930320739746,27.63179588317871
313000000000,0.0,0.9,0.3,12.45773696899414,26.28561782836914
313000000000,0.0,1.0,0.3,11.475242614746094,28.830886840820312
313000000001,0.0,0.0,0.3,23.751127243041992,16.231691360473633
313000000001,0.0,0.1,0.3,23.77210998535156,16.711326599121094
313000000001,0.0,0.2,0.3,23.76213836669922,16.467975616455078
313000000001,0.0,0.3,0.3,23.53766822814941,16.315372467041016
313000000001,0.0,0.4,0.3,23.16246223449707,16.765127182006836
313000000001,0.0,0.5,0.3,21.207969665527344,19.79266357421875
313000000001,0.0,0.6,0.3,18.19778060913086,21.2495231628418
313000000001,0.0,0.7,0.3,17.76340675354004,22.38921165466309
313000000001,0.0,0.8,0.3,17.452354431152344,23.269834518432617
313000000001,0.0,0.9,0.3,16.719017028808594,27.292055130004883
313000000001,0.0,1.0,0.3,17.176380157470703,23.450410842895508
313000000002,0.0,0.0,0.3,21.010133743286133,22.734695434570312
313000000002,0.0,0.1,0.3,20.99977302551269,22.628522872924805
313000000002,0.0,0.2,0.3,20.91086196899414,23.08682441711425
313000000002,0.0,0.3,0.3,20.70930862426757,23.171815872192383
313000000002,0.0,0.4,0.3,20.493974685668945,22.567970275878903
313000000002,0.0,0.5,0.3,19.88285255432129,22.85786437988281
313000000002,0.0,0.6,0.3,19.55576705932617,23.03063201904297
313000000002,0.0,0.7,0.3,18.8691349029541,22.43617248535156
313000000002,0.0,0.8,0.3,17.401336669921875,23.4124755859375
313000000002,0.0,0.9,0.3,14.418652534484863,23.45028686523437
313000000002,0.0,1.0,0.3,11.919042587280272,22.770153045654297
313000000003,0.0,0.0,0.3,16.537742614746094,23.506811141967773
313000000003,0.0,0.1,0.3,16.53072738647461,23.55415916442871
313000000003,0.0,0.2,0.3,16.508106231689453,23.251203536987305
313000000003,0.0,0.3,0.3,16.508657455444336,24.57624053955078
313000000003,0.0,0.4,0.3,16.28504180908203,24.289175033569336
313000000003,0.0,0.5,0.3,16.00173568725586,24.392868041992188
313000000003,0.0,0.6,0.3,15.739819526672363,23.168352127075195
313000000003,0.0,0.7,0.3,14.061297416687012,25.97551918029785
313000000003,0.0,0.8,0.3,11.96433448791504,30.91155815124512
313000000003,0.0,0.9,0.3,12.216853141784668,27.78446578979492
313000000003,0.0,1.0,0.3,12.123114585876465,25.863000869750977
313000000004,0.0,0.0,0.3,20.75409698486328,16.076425552368164
313000000004,0.0,0.1,0.3,20.80620002746582,17.053884506225586
313000000004,0.0,0.2,0.3,20.626768112182617,16.695785522460938
313000000004,0.0,0.3,0.3,19.971174240112305,18.26665496826172
313000000004,0.0,0.4,0.3,18.42668533325196,16.838829040527344
313000000004,0.0,0.5,0.3,16.790061950683594,20.742807388305664
313000000004,0.0,0.6,0.3,15.047529220581056,22.762025833129883
313000000004,0.0,0.7,0.3,13.888297080993652,19.74142074584961
313000000004,0.0,0.8,0.3,14.460785865783691,20.83510398864746
313000000004,0.0,0.9,0.3,13.75588607788086,19.99477767944336
313000000004,0.0,1.0,0.3,13.573848724365234,20.94664192199707
313000000005,0.0,0.0,0.3,19.972734451293945,22.901954650878903
313000000005,0.0,0.1,0.3,19.97793769836425,23.312047958374023
313000000005,0.0,0.2,0.3,19.996789932250977,23.521240234375
313000000005,0.0,0.3,0.3,19.866811752319336,23.60067749023437
313000000005,0.0,0.4,0.3,19.83375740051269,24.869665145874023
313000000005,0.0,0.5,0.3,19.51353454589844,23.722824096679688
313000000005,0.0,0.6,0.3,18.666059494018555,26.1628532409668
313000000005,0.0,0.7,0.3,17.60030746459961,24.67634963989257
313000000005,0.0,0.8,0.3,14.863235473632812,25.04205703735352
313000000005,0.0,0.9,0.3,12.555331230163574,23.43531036376953
313000000005,0.0,1.0,0.3,12.771830558776855,24.08887481689453
313000000006,0.0,0.0,0.3,22.99027442932129,20.6980209350586
313000000006,0.0,0.1,0.3,22.98469352722168,20.658802032470703
313000000006,0.0,0.2,0.3,22.96794319152832,20.86513900756836
313000000006,0.0,0.3,0.3,22.93401336669922,20.284534454345703
313000000006,0.0,0.4,0.3,22.89270782470703,20.65830993652344
313000000006,0.0,0.5,0.3,22.83178901672364,20.59140014648437
313000000006,0.0,0.6,0.3,22.56515884399414,21.1086540222168
313000000006,0.0,0.7,0.3,22.31136703491211,21.3057804107666
313000000006,0.0,0.8,0.3,19.36205291748047,23.211917877197266
313000000006,0.0,0.9,0.3,18.63240432739257,22.42562294006348
313000000006,0.0,1.0,0.3,17.4477481842041,22.999900817871094
313000000007,0.0,0.0,0.3,19.781723022460938,22.400115966796875
313000000007,0.0,0.1,0.3,19.778165817260746,22.633071899414062
313000000007,0.0,0.2,0.3,19.646461486816406,22.56168556213379
313000000007,0.0,0.3,0.3,19.5482234954834,22.667139053344727
313000000007,0.0,0.4,0.3,19.11773109436035,23.53911781311035
313000000007,0.0,0.5,0.3,19.0625057220459,24.062713623046875
313000000007,0.0,0.6,0.3,18.956615447998047,24.056020736694336
313000000007,0.0,0.7,0.3,18.727069854736328,24.73794746398925
313000000007,0.0,0.8,0.3,17.05768394470215,22.97618103027344
313000000007,0.0,0.9,0.3,14.946231842041016,26.91687393188477
313000000007,0.0,1.0,0.3,14.597043991088867,24.688535690307617
313000000008,0.0,0.0,0.3,20.82626724243164,25.96403312683105
313000000008,0.0,0.1,0.3,20.847862243652344,26.0307674407959
313000000008,0.0,0.2,0.3,20.83687400817871,26.15291404724121
313000000008,0.0,0.3,0.3,20.668567657470703,26.21055793762207
313000000008,0.0,0.4,0.3,20.34317398071289,25.67949867248535
313000000008,0.0,0.5,0.3,19.81515121459961,25.684005737304688
313000000008,0.0,0.6,0.3,19.69235038757324,26.094985961914062
313000000008,0.0,0.7,0.3,19.21185111999512,26.37249183654785
313000000008,0.0,0.8,0.3,19.13814353942871,26.35960578918457
313000000008,0.0,0.9,0.3,18.52787208557129,26.568811416625977
313000000008,0.0,1.0,0.3,17.853404998779297,28.38321304321289
313000000009,0.0,0.0,0.3,21.140735626220703,23.08309364318848
313000000009,0.0,0.1,0.3,21.08587455749512,23.339502334594727
313000000009,0.0,0.2,0.3,21.0119571685791,23.27708625793457
313000000009,0.0,0.3,0.3,20.868253707885746,23.578414916992188
313000000009,0.0,0.4,0.3,20.45998764038086,23.95683479309082
313000000009,0.0,0.5,0.3,20.525285720825195,24.0280876159668
313000000009,0.0,0.6,0.3,19.38469696044922,24.597314834594727
313000000009,0.0,0.7,0.3,16.343334197998047,27.610885620117188
313000000009,0.0,0.8,0.3,18.29776954650879,24.089168548583984
313000000009,0.0,0.9,0.3,14.204583168029783,23.280160903930664
313000000009,0.0,1.0,0.3,12.394686698913574,19.541751861572266
314000000000,0.0,0.0,0.3,22.080665588378903,24.168148040771484
314000000000,0.0,0.1,0.3,22.089052200317383,24.31963157653809
314000000000,0.0,0.2,0.3,22.07817840576172,24.754365921020508
314000000000,0.0,0.3,0.3,21.541955947875977,25.568506240844727
314000000000,0.0,0.4,0.3,20.745092391967773,26.06681632995605
314000000000,0.0,0.5,0.3,19.443378448486328,26.283994674682617
314000000000,0.0,0.6,0.3,17.987255096435547,27.34133529663086
314000000000,0.0,0.7,0.3,15.923452377319336,27.19731903076172
314000000000,0.0,0.8,0.3,14.878478050231934,26.400535583496094
314000000000,0.0,0.9,0.3,14.116307258605955,25.440168380737305
314000000000,0.0,1.0,0.3,13.55964183807373,24.991775512695312
314000000001,0.0,0.0,0.3,22.24521446228028,19.217809677124023
314000000001,0.0,0.1,0.3,22.22788619995117,18.91809463500977
314000000001,0.0,0.2,0.3,22.17047691345215,19.04557609558105
314000000001,0.0,0.3,0.3,22.02686882019043,17.540851593017578
314000000001,0.0,0.4,0.3,20.21393585205078,20.944412231445312
314000000001,0.0,0.5,0.3,20.05831527709961,21.187231063842773
314000000001,0.0,0.6,0.3,19.6008529663086,22.09654235839844
314000000001,0.0,0.7,0.3,18.36071014404297,22.89999771118164
314000000001,0.0,0.8,0.3,18.075759887695312,22.73328971862793
314000000001,0.0,0.9,0.3,17.365785598754883,21.75379943847656
314000000001,0.0,1.0,0.3,13.29811954498291,21.19552421569824
314000000002,0.0,0.0,0.3,20.700889587402344,24.17186737060547
314000000002,0.0,0.1,0.3,20.61319160461425,24.30656623840332
314000000002,0.0,0.2,0.3,20.403148651123047,23.31309700012207
314000000002,0.0,0.3,0.3,19.64925765991211,23.948257446289062
314000000002,0.0,0.4,0.3,19.11238670349121,25.029909133911133
314000000002,0.0,0.5,0.3,18.49256706237793,26.87954330444336
314000000002,0.0,0.6,0.3,17.61819839477539,25.24877548217773
314000000002,0.0,0.7,0.3,16.58420753479004,24.982267379760746
314000000002,0.0,0.8,0.3,15.253281593322754,24.742712020874023
314000000002,0.0,0.9,0.3,14.901288032531738,25.21849822998047
314000000002,0.0,1.0,0.3,10.945876121520996,27.31859588623047
314000000003,0.0,0.0,0.3,16.852251052856445,25.06955337524414
314000000003,0.0,0.1,0.3,16.853418350219727,24.93302345275879
314000000003,0.0,0.2,0.3,16.8403263092041,24.62641716003418
314000000003,0.0,0.3,0.3,16.77579689025879,24.346485137939453
314000000003,0.0,0.4,0.3,16.67138671875,23.8825740814209
314000000003,0.0,0.5,0.3,16.594966888427734,24.110286712646484
314000000003,0.0,0.6,0.3,16.760021209716797,24.65962791442871
314000000003,0.0,0.7,0.3,16.20619010925293,24.74766731262207
314000000003,0.0,0.8,0.3,16.27455711364746,24.78790664672852
314000000003,0.0,0.9,0.3,16.535972595214844,25.927234649658203
314000000003,0.0,1.0,0.3,16.296833038330078,23.865766525268555
314000000004,0.0,0.0,0.3,20.096513748168945,25.220956802368164
314000000004,0.0,0.1,0.3,20.095590591430664,25.0275993347168
314000000004,0.0,0.2,0.3,20.038726806640625,24.79330444335937
314000000004,0.0,0.3,0.3,19.73402214050293,24.78232765197754
314000000004,0.0,0.4,0.3,19.21875762939453,24.06727409362793
314000000004,0.0,0.5,0.3,18.12196922302246,24.564193725585938
314000000004,0.0,0.6,0.3,18.010950088500977,25.248437881469727
314000000004,0.0,0.7,0.3,17.294811248779297,24.823631286621094
314000000004,0.0,0.8,0.3,16.795839309692383,24.70295143127441
314000000004,0.0,0.9,0.3,16.640886306762695,24.827579498291016
314000000004,0.0,1.0,0.3,15.55334186553955,24.45911979675293
314000000005,0.0,0.0,0.3,20.170616149902344,26.086181640625
314000000005,0.0,0.1,0.3,20.160564422607425,25.946748733520508
314000000005,0.0,0.2,0.3,20.16375541687012,26.1213607788086
314000000005,0.0,0.3,0.3,19.99187660217285,25.981708526611328
314000000005,0.0,0.4,0.3,19.797306060791016,25.361055374145508
314000000005,0.0,0.5,0.3,19.237268447875977,26.752531051635746
314000000005,0.0,0.6,0.3,17.3319149017334,24.65583610534668
314000000005,0.0,0.7,0.3,16.599205017089844,25.76777076721192
314000000005,0.0,0.8,0.3,17.005338668823242,25.86605834960937
314000000005,0.0,0.9,0.3,16.032920837402344,27.286941528320312
314000000005,0.0,1.0,0.3,16.5849666595459,27.21597480773925
314000000006,0.0,0.0,0.3,20.02749252319336,25.94049835205078
314000000006,0.0,0.1,0.3,20.0249137878418,25.95473861694336
314000000006,0.0,0.2,0.3,20.00163459777832,25.63946914672852
314000000006,0.0,0.3,0.3,20.025821685791016,23.71428298950196
314000000006,0.0,0.4,0.3,20.02387428283692,24.009960174560547
314000000006,0.0,0.5,0.3,19.990922927856445,26.34950828552246
314000000006,0.0,0.6,0.3,19.940229415893555,23.694822311401367
314000000006,0.0,0.7,0.3,19.811397552490234,24.992891311645508
314000000006,0.0,0.8,0.3,19.28394889831543,23.83251190185547
314000000006,0.0,0.9,0.3,16.74165153503418,25.8433780670166
314000000006,0.0,1.0,0.3,16.217670440673828,25.96428108215332
314000000007,0.0,0.0,0.3,17.492650985717773,23.279342651367188
314000000007,0.0,0.1,0.3,17.4559326171875,22.97053337097168
314000000007,0.0,0.2,0.3,17.41286849975586,22.4072265625
314000000007,0.0,0.3,0.3,16.966026306152344,21.73915672302246
314000000007,0.0,0.4,0.3,15.948036193847656,23.158422470092773
314000000007,0.0,0.5,0.3,16.031694412231445,22.618541717529297
314000000007,0.0,0.6,0.3,15.17027759552002,24.23959350585937
314000000007,0.0,0.7,0.3,15.474462509155272,23.147279739379883
314000000007,0.0,0.8,0.3,16.09534454345703,21.374923706054688
314000000007,0.0,0.9,0.3,16.592830657958984,18.82812690734864
314000000007,0.0,1.0,0.3,16.206233978271484,24.37895393371582
314000000008,0.0,0.0,0.3,19.56643295288086,22.4434814453125
314000000008,0.0,0.1,0.3,19.56604766845703,22.54873847961425
314000000008,0.0,0.2,0.3,19.570533752441406,22.48419761657715
314000000008,0.0,0.3,0.3,19.380359649658203,23.4492130279541
314000000008,0.0,0.4,0.3,18.924903869628903,22.404783248901367
314000000008,0.0,0.5,0.3,18.037982940673828,22.143320083618164
314000000008,0.0,0.6,0.3,17.322551727294922,24.21770477294922
314000000008,0.0,0.7,0.3,17.227153778076172,23.20643424987793
314000000008,0.0,0.8,0.3,17.23878288269043,22.913434982299805
314000000008,0.0,0.9,0.3,17.9591121673584,22.398651123046875
314000000008,0.0,1.0,0.3,17.26853370666504,22.38800430297852
314000000009,0.0,0.0,0.3,15.516640663146973,25.45220184326172
314000000009,0.0,0.1,0.3,15.513578414916992,26.484893798828125
314000000009,0.0,0.2,0.3,15.515424728393556,25.63923072814941
314000000009,0.0,0.3,0.3,15.396780967712402,26.399311065673828
314000000009,0.0,0.4,0.3,15.034852027893066,23.59406280517578
314000000009,0.0,0.5,0.3,14.941404342651367,24.806718826293945
314000000009,0.0,0.6,0.3,14.130218505859377,25.46081924438477
314000000009,0.0,0.7,0.3,13.50859260559082,27.12778091430664
314000000009,0.0,0.8,0.3,12.536842346191406,23.590267181396484
314000000009,0.0,0.9,0.3,12.507147789001465,23.40781784057617
314000000009,0.0,1.0,0.3,13.74551773071289,24.403959274291992
321000000000,0.0,0.0,0.3,20.85575294494629,22.000873565673828
321000000000,0.0,0.1,0.3,20.852907180786133,21.584274291992188
321000000000,0.0,0.2,0.3,20.690053939819336,19.980207443237305
321000000000,0.0,0.3,0.3,20.131214141845703,20.24966812133789
321000000000,0.0,0.4,0.3,19.73634910583496,21.548757553100582
321000000000,0.0,0.5,0.3,18.88936996459961,22.03646278381348
321000000000,0.0,0.6,0.3,18.047607421875,21.93151092529297
321000000000,0.0,0.7,0.3,17.728466033935547,21.87897491455078
321000000000,0.0,0.8,0.3,18.30586051940918,20.951465606689453
321000000000,0.0,0.9,0.3,16.115123748779297,19.638452529907227
321000000000,0.0,1.0,0.3,15.783451080322266,22.205787658691406
321000000001,0.0,0.0,0.3,19.15058135986328,19.32611656188965
321000000001,0.0,0.1,0.3,19.169822692871094,19.440401077270508
321000000001,0.0,0.2,0.3,19.156339645385746,19.33700180053711
321000000001,0.0,0.3,0.3,19.05498504638672,19.7817497253418
321000000001,0.0,0.4,0.3,18.75259780883789,19.605154037475582
321000000001,0.0,0.5,0.3,18.75265884399414,19.524778366088867
321000000001,0.0,0.6,0.3,18.418119430541992,19.628154754638672
321000000001,0.0,0.7,0.3,17.276758193969727,20.50132751464844
321000000001,0.0,0.8,0.3,13.594649314880373,23.25012588500977
321000000001,0.0,0.9,0.3,13.71607494354248,19.259855270385746
321000000001,0.0,1.0,0.3,14.650131225585938,18.988170623779297
321000000002,0.0,0.0,0.3,15.530577659606934,26.75861930847168
321000000002,0.0,0.1,0.3,15.535454750061035,26.571496963500977
321000000002,0.0,0.2,0.3,15.544105529785156,26.575157165527344
321000000002,0.0,0.3,0.3,15.531078338623049,26.980125427246094
321000000002,0.0,0.4,0.3,15.551502227783203,26.70373916625977
321000000002,0.0,0.5,0.3,15.486580848693848,26.696094512939453
321000000002,0.0,0.6,0.3,15.493096351623535,26.57653045654297
321000000002,0.0,0.7,0.3,15.405567169189451,26.515758514404297
321000000002,0.0,0.8,0.3,15.48784637451172,26.5693359375
321000000002,0.0,0.9,0.3,15.423473358154297,26.39957427978516
321000000002,0.0,1.0,0.3,15.393486976623535,26.88764381408692
321000000003,0.0,0.0,0.3,20.70583724975586,23.289390563964844
321000000003,0.0,0.1,0.3,20.706029891967773,23.130603790283203
321000000003,0.0,0.2,0.3,20.68173789978028,23.116090774536133
321000000003,0.0,0.3,0.3,20.525882720947266,22.67782592773437
321000000003,0.0,0.4,0.3,20.16899871826172,23.4384765625
321000000003,0.0,0.5,0.3,19.39034843444824,23.42699241638184
321000000003,0.0,0.6,0.3,18.114267349243164,23.80226325988769
321000000003,0.0,0.7,0.3,17.45342445373535,24.093647003173828
321000000003,0.0,0.8,0.3,15.864704132080078,23.527040481567383
321000000003,0.0,0.9,0.3,14.677007675170898,22.722787857055664
321000000003,0.0,1.0,0.3,13.84521484375,22.74067687988281
321000000004,0.0,0.0,0.3,17.58561134338379,23.68722343444824
321000000004,0.0,0.1,0.3,17.581560134887695,23.66574478149414
321000000004,0.0,0.2,0.3,17.565902709960938,22.534990310668945
321000000004,0.0,0.3,0.3,17.409812927246094,22.92314720153809
321000000004,0.0,0.4,0.3,17.04128074645996,26.45493507385254
321000000004,0.0,0.5,0.3,16.44718360900879,25.72549629211425
321000000004,0.0,0.6,0.3,15.782707214355469,26.75957679748535
321000000004,0.0,0.7,0.3,15.20745086669922,24.63179588317871
321000000004,0.0,0.8,0.3,14.536667823791504,26.137107849121094
321000000004,0.0,0.9,0.3,13.27165699005127,19.13747215270996
321000000004,0.0,1.0,0.3,12.899420738220217,21.957534790039062
321000000005,0.0,0.0,0.3,20.723058700561523,14.58112621307373
321000000005,0.0,0.1,0.3,20.684764862060547,14.749932289123535
321000000005,0.0,0.2,0.3,20.629457473754883,14.162635803222656
321000000005,0.0,0.3,0.3,20.5061092376709,14.10862922668457
321000000005,0.0,0.4,0.3,19.591142654418945,15.526694297790527
321000000005,0.0,0.5,0.3,17.321468353271484,16.41460418701172
321000000005,0.0,0.6,0.3,17.380409240722656,23.40691375732422
321000000005,0.0,0.7,0.3,16.584138870239258,25.88701820373535
321000000005,0.0,0.8,0.3,16.30029296875,22.86661720275879
321000000005,0.0,0.9,0.3,15.95776653289795,15.808733940124512
321000000005,0.0,1.0,0.3,15.940117835998535,15.173891067504885
321000000006,0.0,0.0,0.3,20.82440185546875,18.504541397094727
321000000006,0.0,0.1,0.3,20.77500915527344,18.64854621887207
321000000006,0.0,0.2,0.3,20.49195098876953,18.763811111450195
321000000006,0.0,0.3,0.3,20.021787643432617,18.43264961242676
321000000006,0.0,0.4,0.3,19.72469711303711,18.805648803710938
321000000006,0.0,0.5,0.3,19.14242553710937,18.98527717590332
321000000006,0.0,0.6,0.3,17.868831634521484,19.574216842651367
321000000006,0.0,0.7,0.3,16.803571701049805,20.552440643310547
321000000006,0.0,0.8,0.3,17.082000732421875,20.70511054992676
321000000006,0.0,0.9,0.3,15.909879684448242,20.01241111755371
321000000006,0.0,1.0,0.3,15.635610580444336,18.133882522583008
321000000007,0.0,0.0,0.3,17.797006607055664,19.225845336914062
321000000007,0.0,0.1,0.3,17.79962730407715,18.955642700195312
321000000007,0.0,0.2,0.3,17.63562774658203,18.16351127624512
321000000007,0.0,0.3,0.3,17.056734085083008,19.04606437683105
321000000007,0.0,0.4,0.3,16.04643440246582,14.804551124572754
321000000007,0.0,0.5,0.3,15.28371524810791,23.696643829345703
321000000007,0.0,0.6,0.3,14.66274070739746,22.86024475097656
321000000007,0.0,0.7,0.3,14.024664878845217,16.053504943847656
321000000007,0.0,0.8,0.3,13.152737617492676,19.596830368041992
321000000007,0.0,0.9,0.3,14.123311042785645,21.41153717041016
321000000007,0.0,1.0,0.3,14.186101913452148,20.452260971069336
321000000008,0.0,0.0,0.3,15.51101779937744,24.01889610290528
321000000008,0.0,0.1,0.3,15.491995811462402,25.093101501464844
321000000008,0.0,0.2,0.3,15.478062629699709,24.83428955078125
321000000008,0.0,0.3,0.3,15.276904106140137,25.55122756958008
321000000008,0.0,0.4,0.3,14.998690605163574,24.37803077697754
321000000008,0.0,0.5,0.3,14.633296966552734,20.592248916625977
321000000008,0.0,0.6,0.3,14.57115077972412,23.556228637695312
321000000008,0.0,0.7,0.3,14.915047645568848,25.01945877075196
321000000008,0.0,0.8,0.3,14.804155349731444,25.20096206665039
321000000008,0.0,0.9,0.3,14.36041259765625,20.491968154907227
321000000008,0.0,1.0,0.3,14.271597862243652,24.48269462585449
321000000009,0.0,0.0,0.3,21.55042839050293,25.48748779296875
321000000009,0.0,0.1,0.3,21.57541275024414,25.730335235595703
321000000009,0.0,0.2,0.3,21.513614654541016,24.98215675354004
321000000009,0.0,0.3,0.3,21.38550567626953,23.93347549438477
321000000009,0.0,0.4,0.3,20.87193489074707,25.260704040527344
321000000009,0.0,0.5,0.3,20.42399024963379,24.735815048217773
321000000009,0.0,0.6,0.3,20.293848037719727,25.72982406616211
321000000009,0.0,0.7,0.3,19.3609619140625,24.89842796325684
321000000009,0.0,0.8,0.3,20.253570556640625,24.86680793762207
321000000009,0.0,0.9,0.3,19.74334526062012,23.002647399902344
321000000009,0.0,1.0,0.3,19.241718292236328,22.328022003173828
322000000000,0.0,0.0,0.3,20.38732147216797,23.07687759399414
322000000000,0.0,0.1,0.3,20.37890243530273,24.173803329467773
322000000000,0.0,0.2,0.3,20.337242126464844,22.80854606628418
322000000000,0.0,0.3,0.3,20.192262649536133,23.50687026977539
322000000000,0.0,0.4,0.3,19.79265785217285,25.26460838317871
322000000000,0.0,0.5,0.3,17.84734535217285,24.69254875183105
322000000000,0.0,0.6,0.3,18.929908752441406,24.19349479675293
322000000000,0.0,0.7,0.3,18.867706298828125,24.35533142089844
322000000000,0.0,0.8,0.3,18.100317001342773,23.6633415222168
322000000000,0.0,0.9,0.3,16.541481018066406,25.29960250854492
322000000000,0.0,1.0,0.3,13.839747428894045,26.54405212402344
322000000001,0.0,0.0,0.3,19.41347885131836,18.24799537658692
322000000001,0.0,0.1,0.3,19.39333152770996,18.27372932434082
322000000001,0.0,0.2,0.3,19.39948081970215,18.40673065185547
322000000001,0.0,0.3,0.3,19.18994903564453,19.905229568481445
322000000001,0.0,0.4,0.3,18.75703811645508,19.35820960998535
322000000001,0.0,0.5,0.3,18.541404724121094,20.6264591217041
322000000001,0.0,0.6,0.3,17.727842330932617,21.01363945007324
322000000001,0.0,0.7,0.3,17.538070678710938,20.05247688293457
322000000001,0.0,0.8,0.3,13.952143669128418,25.207012176513672
322000000001,0.0,0.9,0.3,13.577630996704102,21.84952545166016
322000000001,0.0,1.0,0.3,13.084976196289062,23.68258476257324
322000000002,0.0,0.0,0.3,20.69607353210449,22.36917304992676
322000000002,0.0,0.1,0.3,20.659893035888672,21.818239212036133
322000000002,0.0,0.2,0.3,20.65424156188965,22.836315155029297
322000000002,0.0,0.3,0.3,20.459259033203125,21.490158081054688
322000000002,0.0,0.4,0.3,20.162635803222656,22.164291381835938
322000000002,0.0,0.5,0.3,20.243986129760746,25.9213924407959
322000000002,0.0,0.6,0.3,19.658376693725582,26.168819427490234
322000000002,0.0,0.7,0.3,19.936243057250977,19.02495574951172
322000000002,0.0,0.8,0.3,17.160703659057617,25.348308563232425
322000000002,0.0,0.9,0.3,14.733494758605955,24.7877254486084
322000000002,0.0,1.0,0.3,14.38961696624756,28.22880172729492
322000000003,0.0,0.0,0.3,21.903589248657227,25.387340545654297
322000000003,0.0,0.1,0.3,21.95718765258789,24.937355041503903
322000000003,0.0,0.2,0.3,21.89188003540039,25.65751075744629
322000000003,0.0,0.3,0.3,21.28873443603516,25.865863800048828
322000000003,0.0,0.4,0.3,21.007280349731445,26.846525192260746
322000000003,0.0,0.5,0.3,21.0358943939209,22.0363712310791
322000000003,0.0,0.6,0.3,20.443225860595703,21.454967498779297
322000000003,0.0,0.7,0.3,20.23516273498535,23.492565155029297
322000000003,0.0,0.8,0.3,18.56409072875977,23.91530036926269
322000000003,0.0,0.9,0.3,19.711820602416992,25.37556266784668
322000000003,0.0,1.0,0.3,16.56519317626953,21.049406051635746
322000000004,0.0,0.0,0.3,20.96034812927246,16.540666580200195
322000000004,0.0,0.1,0.3,20.9678897857666,16.648832321166992
322000000004,0.0,0.2,0.3,20.974044799804688,16.89780044555664
322000000004,0.0,0.3,0.3,20.816349029541016,16.582740783691406
322000000004,0.0,0.4,0.3,20.785085678100582,16.056528091430664
322000000004,0.0,0.5,0.3,20.05069351196289,16.428808212280273
322000000004,0.0,0.6,0.3,19.71605110168457,15.329262733459473
322000000004,0.0,0.7,0.3,19.467622756958008,17.57062530517578
322000000004,0.0,0.8,0.3,19.16835594177246,16.618486404418945
322000000004,0.0,0.9,0.3,15.713934898376465,19.17921638488769
322000000004,0.0,1.0,0.3,14.04982089996338,14.180317878723145
322000000005,0.0,0.0,0.3,19.62357521057129,22.594371795654297
322000000005,0.0,0.1,0.3,19.603715896606445,22.70116233825684
322000000005,0.0,0.2,0.3,19.50355529785156,23.16457939147949
322000000005,0.0,0.3,0.3,19.416513442993164,22.692188262939453
322000000005,0.0,0.4,0.3,18.937519073486328,22.74286842346192
322000000005,0.0,0.5,0.3,18.641197204589844,22.96946907043457
322000000005,0.0,0.6,0.3,18.55146598815918,24.338552474975582
322000000005,0.0,0.7,0.3,16.93880844116211,24.363842010498047
322000000005,0.0,0.8,0.3,15.743714332580566,23.48597717285156
322000000005,0.0,0.9,0.3,16.646034240722656,26.46235466003418
322000000005,0.0,1.0,0.3,14.971580505371094,25.78619384765625
322000000006,0.0,0.0,0.3,23.28999137878418,14.083112716674805
322000000006,0.0,0.1,0.3,23.28949737548828,14.130313873291016
322000000006,0.0,0.2,0.3,23.3083438873291,13.781671524047852
322000000006,0.0,0.3,0.3,23.29769325256348,13.75439453125
322000000006,0.0,0.4,0.3,22.72031784057617,14.363913536071776
322000000006,0.0,0.5,0.3,21.953184127807617,15.091094017028809
322000000006,0.0,0.6,0.3,20.762598037719727,16.423439025878906
322000000006,0.0,0.7,0.3,18.22097969055176,14.428054809570312
322000000006,0.0,0.8,0.3,13.517040252685549,17.508377075195312
322000000006,0.0,0.9,0.3,14.026081085205078,14.273205757141112
322000000006,0.0,1.0,0.3,14.378095626831056,15.136530876159668
322000000007,0.0,0.0,0.3,16.99335479736328,22.38947486877441
322000000007,0.0,0.1,0.3,17.014198303222656,22.73296356201172
322000000007,0.0,0.2,0.3,16.986705780029297,23.552209854125977
322000000007,0.0,0.3,0.3,16.68355941772461,23.613988876342773
322000000007,0.0,0.4,0.3,16.447847366333008,24.49306869506836
322000000007,0.0,0.5,0.3,16.083309173583984,22.74067687988281
322000000007,0.0,0.6,0.3,16.22417640686035,23.66525077819824
322000000007,0.0,0.7,0.3,15.57083797454834,26.01876640319824
322000000007,0.0,0.8,0.3,14.12236785888672,24.065061569213867
322000000007,0.0,0.9,0.3,14.590010643005373,26.89534378051757
322000000007,0.0,1.0,0.3,14.296737670898438,24.636863708496094
322000000008,0.0,0.0,0.3,18.704355239868164,23.21092414855957
322000000008,0.0,0.1,0.3,18.69626808166504,23.476036071777344
322000000008,0.0,0.2,0.3,18.65645980834961,24.61772346496582
322000000008,0.0,0.3,0.3,18.400171279907227,23.707719802856445
322000000008,0.0,0.4,0.3,18.08698844909668,24.91448783874512
322000000008,0.0,0.5,0.3,17.793434143066406,23.19821548461914
322000000008,0.0,0.6,0.3,18.035249710083008,25.12812232971192
322000000008,0.0,0.7,0.3,17.662757873535156,25.424480438232425
322000000008,0.0,0.8,0.3,16.560894012451172,25.739580154418945
322000000008,0.0,0.9,0.3,16.76382064819336,22.961071014404297
322000000008,0.0,1.0,0.3,16.870527267456055,25.05870246887207
322000000009,0.0,0.0,0.3,20.34360313415528,25.397375106811523
322000000009,0.0,0.1,0.3,20.36390495300293,25.633180618286133
322000000009,0.0,0.2,0.3,20.33831787109375,26.19915008544922
322000000009,0.0,0.3,0.3,20.21496963500977,26.57032966613769
322000000009,0.0,0.4,0.3,19.770771026611328,25.814979553222656
322000000009,0.0,0.5,0.3,18.69670295715332,26.92751884460449
322000000009,0.0,0.6,0.3,18.766338348388672,26.711650848388672
322000000009,0.0,0.7,0.3,18.35311889648437,26.161380767822266
322000000009,0.0,0.8,0.3,15.37186050415039,26.51492691040039
322000000009,0.0,0.9,0.3,15.542512893676758,28.00027084350586
322000000009,0.0,1.0,0.3,15.019087791442873,27.01647186279297
323000000000,0.0,0.0,0.3,21.326866149902344,23.32558250427246
323000000000,0.0,0.1,0.3,21.29910659790039,23.51832771301269
323000000000,0.0,0.2,0.3,21.239233016967773,23.33056831359864
323000000000,0.0,0.3,0.3,20.72810173034668,23.61356544494629
323000000000,0.0,0.4,0.3,20.851093292236328,23.518245697021484
323000000000,0.0,0.5,0.3,19.782772064208984,23.71128463745117
323000000000,0.0,0.6,0.3,18.58360290527344,24.254802703857425
323000000000,0.0,0.7,0.3,17.378450393676758,23.25880622863769
323000000000,0.0,0.8,0.3,17.412569046020508,23.694711685180664
323000000000,0.0,0.9,0.3,17.489322662353516,23.50065040588379
323000000000,0.0,1.0,0.3,17.180402755737305,23.429737091064453
323000000001,0.0,0.0,0.3,20.80695533752441,29.71609306335449
323000000001,0.0,0.1,0.3,20.798656463623047,29.541105270385746
323000000001,0.0,0.2,0.3,20.81570625305176,29.336162567138672
323000000001,0.0,0.3,0.3,20.765825271606445,29.779088973999023
323000000001,0.0,0.4,0.3,20.690242767333984,29.764148712158203
323000000001,0.0,0.5,0.3,20.325035095214844,31.16034507751465
323000000001,0.0,0.6,0.3,19.94970893859864,29.72349739074707
323000000001,0.0,0.7,0.3,17.790828704833984,30.107563018798828
323000000001,0.0,0.8,0.3,17.64357566833496,29.249441146850582
323000000001,0.0,0.9,0.3,16.91607093811035,29.11534309387207
323000000001,0.0,1.0,0.3,15.186820030212402,28.949451446533203
323000000002,0.0,0.0,0.3,18.59379196166992,23.602394104003903
323000000002,0.0,0.1,0.3,18.591306686401367,23.60479736328125
323000000002,0.0,0.2,0.3,18.55982780456543,23.59449577331543
323000000002,0.0,0.3,0.3,18.535120010375977,23.697423934936523
323000000002,0.0,0.4,0.3,18.55308532714844,23.90800666809082
323000000002,0.0,0.5,0.3,18.239591598510746,24.064117431640625
323000000002,0.0,0.6,0.3,18.558712005615234,23.731931686401367
323000000002,0.0,0.7,0.3,18.454090118408203,23.67279624938965
323000000002,0.0,0.8,0.3,18.27685165405273,23.681415557861328
323000000002,0.0,0.9,0.3,15.56158447265625,23.72298622131348
323000000002,0.0,1.0,0.3,17.578399658203125,24.013011932373047
323000000003,0.0,0.0,0.3,23.009811401367188,14.718050956726074
323000000003,0.0,0.1,0.3,22.96884727478028,15.282598495483398
323000000003,0.0,0.2,0.3,22.6186752319336,15.192731857299805
323000000003,0.0,0.3,0.3,22.232505798339844,16.24981117248535
323000000003,0.0,0.4,0.3,21.99341011047364,15.536178588867188
323000000003,0.0,0.5,0.3,20.45478057861328,19.24836158752441
323000000003,0.0,0.6,0.3,17.701627731323242,24.37613868713379
323000000003,0.0,0.7,0.3,16.577842712402344,24.62421226501465
323000000003,0.0,0.8,0.3,14.242773056030272,24.5984115600586
323000000003,0.0,0.9,0.3,10.377514839172363,24.129959106445312
323000000003,0.0,1.0,0.3,10.012423515319824,20.17521476745605
323000000004,0.0,0.0,0.3,18.15566635131836,16.25745391845703
323000000004,0.0,0.1,0.3,18.155323028564453,17.24496078491211
323000000004,0.0,0.2,0.3,18.16189765930176,16.27656364440918
323000000004,0.0,0.3,0.3,18.000885009765625,16.479631423950195
323000000004,0.0,0.4,0.3,17.822824478149414,13.774770736694336
323000000004,0.0,0.5,0.3,15.341307640075684,20.22561264038086
323000000004,0.0,0.6,0.3,14.152471542358398,21.194307327270508
323000000004,0.0,0.7,0.3,14.103031158447266,22.35859107971192
323000000004,0.0,0.8,0.3,14.339561462402344,20.427249908447266
323000000004,0.0,0.9,0.3,14.473306655883787,18.00958251953125
323000000004,0.0,1.0,0.3,10.75732135772705,19.325334548950195
323000000005,0.0,0.0,0.3,17.905479431152344,28.881221771240234
323000000005,0.0,0.1,0.3,17.909006118774414,28.4428653717041
323000000005,0.0,0.2,0.3,17.902414321899414,28.61993408203125
323000000005,0.0,0.3,0.3,17.891496658325195,28.173398971557617
323000000005,0.0,0.4,0.3,17.89813804626465,27.659135818481445
323000000005,0.0,0.5,0.3,17.878721237182617,28.95342445373535
323000000005,0.0,0.6,0.3,17.196144104003906,26.98886108398437
323000000005,0.0,0.7,0.3,17.450420379638672,26.984384536743164
323000000005,0.0,0.8,0.3,16.689579010009766,25.797039031982425
323000000005,0.0,0.9,0.3,17.257322311401367,28.94961929321289
323000000005,0.0,1.0,0.3,17.328685760498047,28.520458221435547
323000000006,0.0,0.0,0.3,20.33157157897949,23.028697967529297
323000000006,0.0,0.1,0.3,20.32494735717773,23.03589630126953
323000000006,0.0,0.2,0.3,20.287899017333984,23.303098678588867
323000000006,0.0,0.3,0.3,19.926315307617188,22.703458786010746
323000000006,0.0,0.4,0.3,19.73817253112793,23.658531188964844
323000000006,0.0,0.5,0.3,18.74043655395508,24.47698211669922
323000000006,0.0,0.6,0.3,18.395038604736328,22.845441818237305
323000000006,0.0,0.7,0.3,16.71612548828125,24.7155818939209
323000000006,0.0,0.8,0.3,14.041571617126465,23.22833633422852
323000000006,0.0,0.9,0.3,12.515424728393556,24.64436912536621
323000000006,0.0,1.0,0.3,12.132523536682127,24.540245056152344
323000000007,0.0,0.0,0.3,21.2531795501709,21.4566707611084
323000000007,0.0,0.1,0.3,21.24478912353516,21.59868621826172
323000000007,0.0,0.2,0.3,21.130598068237305,21.109189987182617
323000000007,0.0,0.3,0.3,20.72138214111328,21.45430374145508
323000000007,0.0,0.4,0.3,20.170284271240234,21.736785888671875
323000000007,0.0,0.5,0.3,19.929367065429688,21.997970581054688
323000000007,0.0,0.6,0.3,18.113374710083008,22.080808639526367
323000000007,0.0,0.7,0.3,17.493083953857422,21.536380767822266
323000000007,0.0,0.8,0.3,15.386422157287598,19.89458656311035
323000000007,0.0,0.9,0.3,16.896360397338867,22.466703414916992
323000000007,0.0,1.0,0.3,16.115629196166992,22.930707931518555
323000000008,0.0,0.0,0.3,18.648223876953125,23.69500160217285
323000000008,0.0,0.1,0.3,18.64012336730957,23.544193267822266
323000000008,0.0,0.2,0.3,18.63622093200684,23.6871280670166
323000000008,0.0,0.3,0.3,18.616844177246094,23.49964714050293
323000000008,0.0,0.4,0.3,18.40958404541016,23.599512100219727
323000000008,0.0,0.5,0.3,18.09916305541992,23.29339027404785
323000000008,0.0,0.6,0.3,18.27807807922364,23.38863945007324
323000000008,0.0,0.7,0.3,17.890344619750977,23.307191848754883
323000000008,0.0,0.8,0.3,16.371366500854492,23.50563621520996
323000000008,0.0,0.9,0.3,12.794179916381836,22.637056350708008
323000000008,0.0,1.0,0.3,14.63035488128662,23.718700408935547
323000000009,0.0,0.0,0.3,19.08177375793457,28.40948486328125
323000000009,0.0,0.1,0.3,19.08634185791016,29.22726249694824
323000000009,0.0,0.2,0.3,19.040502548217773,27.82444953918457
323000000009,0.0,0.3,0.3,18.95877456665039,28.92449760437012
323000000009,0.0,0.4,0.3,18.16550064086914,30.92532730102539
323000000009,0.0,0.5,0.3,17.839494705200195,28.922054290771484
323000000009,0.0,0.6,0.3,16.825340270996094,29.32982063293457
323000000009,0.0,0.7,0.3,16.093721389770508,31.0328311920166
323000000009,0.0,0.8,0.3,14.276342391967772,26.21871566772461
323000000009,0.0,0.9,0.3,14.493955612182615,27.30974006652832
323000000009,0.0,1.0,0.3,14.230722427368164,27.58098220825196
324000000000,0.0,0.0,0.3,22.11438369750977,17.821365356445312
324000000000,0.0,0.1,0.3,22.08405303955078,17.646595001220703
324000000000,0.0,0.2,0.3,21.881410598754883,17.75042152404785
324000000000,0.0,0.3,0.3,21.105669021606445,16.536977767944336
324000000000,0.0,0.4,0.3,20.794118881225582,18.577272415161133
324000000000,0.0,0.5,0.3,18.71426582336425,23.83409309387207
324000000000,0.0,0.6,0.3,17.921274185180664,24.22335433959961
324000000000,0.0,0.7,0.3,16.272844314575195,24.38273811340332
324000000000,0.0,0.8,0.3,14.09145736694336,22.10018539428711
324000000000,0.0,0.9,0.3,12.989327430725098,25.2145938873291
324000000000,0.0,1.0,0.3,12.610444068908691,24.280723571777344
324000000001,0.0,0.0,0.3,21.593595504760746,25.829065322875977
324000000001,0.0,0.1,0.3,21.587703704833984,25.111352920532227
324000000001,0.0,0.2,0.3,21.57832717895508,25.14762306213379
324000000001,0.0,0.3,0.3,21.449682235717773,24.47474479675293
324000000001,0.0,0.4,0.3,21.24495506286621,24.76978874206543
324000000001,0.0,0.5,0.3,21.148197174072266,24.080934524536133
324000000001,0.0,0.6,0.3,20.84029769897461,24.508224487304688
324000000001,0.0,0.7,0.3,20.63231086730957,22.974294662475582
324000000001,0.0,0.8,0.3,20.180265426635746,24.65511131286621
324000000001,0.0,0.9,0.3,18.84399032592773,24.48797607421875
324000000001,0.0,1.0,0.3,17.839067459106445,25.574237823486328
324000000002,0.0,0.0,0.3,21.326738357543945,21.58904266357422
324000000002,0.0,0.1,0.3,21.28790283203125,21.93529510498047
324000000002,0.0,0.2,0.3,20.960437774658203,21.78649139404297
324000000002,0.0,0.3,0.3,20.48874282836914,21.695804595947266
324000000002,0.0,0.4,0.3,20.145023345947266,21.87864112854004
324000000002,0.0,0.5,0.3,19.52963638305664,21.54780006408692
324000000002,0.0,0.6,0.3,19.17954635620117,19.82339096069336
324000000002,0.0,0.7,0.3,17.91168975830078,21.74966621398925
324000000002,0.0,0.8,0.3,17.14592742919922,21.64707565307617
324000000002,0.0,0.9,0.3,15.915519714355469,21.74492073059082
324000000002,0.0,1.0,0.3,15.269158363342283,21.591453552246094
324000000003,0.0,0.0,0.3,20.454252243041992,25.23949813842773
324000000003,0.0,0.1,0.3,20.42667579650879,25.025909423828125
324000000003,0.0,0.2,0.3,20.294586181640625,25.61121940612793
324000000003,0.0,0.3,0.3,20.20503807067871,26.544862747192383
324000000003,0.0,0.4,0.3,19.815174102783203,26.324153900146484
324000000003,0.0,0.5,0.3,18.5340576171875,27.92698097229004
324000000003,0.0,0.6,0.3,17.497142791748047,27.9149112701416
324000000003,0.0,0.7,0.3,16.366609573364258,25.913583755493164
324000000003,0.0,0.8,0.3,16.804014205932617,23.724750518798828
324000000003,0.0,0.9,0.3,16.93349266052246,26.38263702392578
324000000003,0.0,1.0,0.3,16.38522720336914,26.771169662475582
324000000004,0.0,0.0,0.3,22.36729049682617,18.101049423217773
324000000004,0.0,0.1,0.3,22.334455490112305,18.130277633666992
324000000004,0.0,0.2,0.3,22.192466735839844,18.11654663085937
324000000004,0.0,0.3,0.3,21.906248092651367,17.61850357055664
324000000004,0.0,0.4,0.3,21.59635734558105,17.965087890625
324000000004,0.0,0.5,0.3,21.12324905395508,17.793325424194336
324000000004,0.0,0.6,0.3,19.08491325378418,19.74448013305664
324000000004,0.0,0.7,0.3,18.46780204772949,19.74131202697754
324000000004,0.0,0.8,0.3,18.944971084594727,20.693754196166992
324000000004,0.0,0.9,0.3,17.057462692260742,20.59624481201172
324000000004,0.0,1.0,0.3,14.79053783416748,20.71340751647949
324000000005,0.0,0.0,0.3,22.69832801818848,29.20139503479004
324000000005,0.0,0.1,0.3,22.68099594116211,29.02771759033203
324000000005,0.0,0.2,0.3,22.653953552246094,28.818279266357425
324000000005,0.0,0.3,0.3,22.685291290283203,29.24285316467285
324000000005,0.0,0.4,0.3,22.71700096130371,28.91182327270508
324000000005,0.0,0.5,0.3,22.765220642089844,29.283710479736328
324000000005,0.0,0.6,0.3,22.65747833251953,29.0925407409668
324000000005,0.0,0.7,0.3,22.66021728515625,29.041927337646484
324000000005,0.0,0.8,0.3,22.56311798095703,29.10750770568848
324000000005,0.0,0.9,0.3,22.001110076904297,29.415889739990234
324000000005,0.0,1.0,0.3,15.840898513793944,29.02799224853516
324000000006,0.0,0.0,0.3,19.544771194458008,25.45646476745605
324000000006,0.0,0.1,0.3,19.52996635437012,25.6933650970459
324000000006,0.0,0.2,0.3,19.40308380126953,25.629467010498047
324000000006,0.0,0.3,0.3,19.11562156677246,25.440204620361328
324000000006,0.0,0.4,0.3,18.919321060180664,25.313810348510746
324000000006,0.0,0.5,0.3,19.08231544494629,25.811676025390625
324000000006,0.0,0.6,0.3,17.989925384521484,26.306718826293945
324000000006,0.0,0.7,0.3,17.479156494140625,25.866641998291016
324000000006,0.0,0.8,0.3,16.375078201293945,25.61517143249512
324000000006,0.0,0.9,0.3,14.327631950378418,26.62501335144043
324000000006,0.0,1.0,0.3,13.293489456176758,26.81495475769043
324000000007,0.0,0.0,0.3,16.64386558532715,25.01373291015625
324000000007,0.0,0.1,0.3,16.649688720703125,24.994930267333984
324000000007,0.0,0.2,0.3,16.648962020874023,25.05080795288086
324000000007,0.0,0.3,0.3,16.581863403320312,25.058835983276367
324000000007,0.0,0.4,0.3,16.506248474121094,24.770063400268555
324000000007,0.0,0.5,0.3,16.36952018737793,25.028902053833008
324000000007,0.0,0.6,0.3,15.597406387329102,26.12541580200196
324000000007,0.0,0.7,0.3,14.964226722717283,26.604267120361328
324000000007,0.0,0.8,0.3,15.047725677490234,24.86322975158692
324000000007,0.0,0.9,0.3,14.449555397033691,24.61800193786621
324000000007,0.0,1.0,0.3,14.67002010345459,27.27607154846192
324000000008,0.0,0.0,0.3,17.686939239501953,21.81426239013672
324000000008,0.0,0.1,0.3,17.66991424560547,21.843191146850582
324000000008,0.0,0.2,0.3,17.67634391784668,21.782814025878903
324000000008,0.0,0.3,0.3,17.421947479248047,21.57979202270508
324000000008,0.0,0.4,0.3,16.95113754272461,21.258628845214844
324000000008,0.0,0.5,0.3,16.506750106811523,22.94078254699707
324000000008,0.0,0.6,0.3,16.164426803588867,21.86894989013672
324000000008,0.0,0.7,0.3,15.722722053527832,21.577587127685547
324000000008,0.0,0.8,0.3,14.264078140258787,22.621212005615234
324000000008,0.0,0.9,0.3,14.585481643676758,22.43046760559082
324000000008,0.0,1.0,0.3,14.18491268157959,22.038454055786133
324000000009,0.0,0.0,0.3,18.08180427551269,18.109249114990234
324000000009,0.0,0.1,0.3,18.0623836517334,18.17813301086425
324000000009,0.0,0.2,0.3,18.1287841796875,17.438705444335938
324000000009,0.0,0.3,0.3,17.99565315246582,18.033445358276367
324000000009,0.0,0.4,0.3,17.560272216796875,18.29410171508789
324000000009,0.0,0.5,0.3,16.814056396484375,19.739044189453125
324000000009,0.0,0.6,0.3,16.2790470123291,20.77346420288086
324000000009,0.0,0.7,0.3,15.876994132995604,17.60401725769043
324000000009,0.0,0.8,0.3,15.547340393066406,19.180709838867188
324000000009,0.0,0.9,0.3,15.795703887939451,18.34064483642578
324000000009,0.0,1.0,0.3,12.75991916656494,22.805185317993164
411000000000,0.0,0.0,0.3,18.5921630859375,29.520814895629883
411000000000,0.0,0.1,0.3,18.592647552490234,29.524921417236328
411000000000,0.0,0.2,0.3,18.60304832458496,29.73896789550781
411000000000,0.0,0.3,0.3,18.573894500732425,29.62599754333496
411000000000,0.0,0.4,0.3,18.590681076049805,29.721399307250977
411000000000,0.0,0.5,0.3,18.614473342895508,30.142194747924805
411000000000,0.0,0.6,0.3,18.525041580200195,29.91209602355957
411000000000,0.0,0.7,0.3,17.802169799804688,30.74404525756836
411000000000,0.0,0.8,0.3,16.232666015625,29.745746612548828
411000000000,0.0,0.9,0.3,17.885639190673828,29.619962692260746
411000000000,0.0,1.0,0.3,17.243873596191406,30.096757888793945
411000000001,0.0,0.0,0.3,18.072242736816406,22.493188858032227
411000000001,0.0,0.1,0.3,18.091440200805664,22.015411376953125
411000000001,0.0,0.2,0.3,18.075973510742188,21.84046745300293
411000000001,0.0,0.3,0.3,17.93731117248535,19.53103256225586
411000000001,0.0,0.4,0.3,17.624160766601562,20.613359451293945
411000000001,0.0,0.5,0.3,17.418846130371094,22.608022689819336
411000000001,0.0,0.6,0.3,16.818368911743164,24.564672470092773
411000000001,0.0,0.7,0.3,15.6271390914917,26.18861198425293
411000000001,0.0,0.8,0.3,13.68384838104248,28.098737716674805
411000000001,0.0,0.9,0.3,12.035649299621582,27.11698341369629
411000000001,0.0,1.0,0.3,11.755501747131348,26.24452209472656
411000000002,0.0,0.0,0.3,21.95688819885254,23.73703384399414
411000000002,0.0,0.1,0.3,21.960264205932617,23.47251892089844
411000000002,0.0,0.2,0.3,21.90764236450196,23.8893985748291
411000000002,0.0,0.3,0.3,21.75045585632324,23.78756332397461
411000000002,0.0,0.4,0.3,21.572221755981445,23.54569625854492
411000000002,0.0,0.5,0.3,21.27942657470703,23.47176170349121
411000000002,0.0,0.6,0.3,19.48712730407715,24.79698944091797
411000000002,0.0,0.7,0.3,17.342809677124023,25.3328800201416
411000000002,0.0,0.8,0.3,15.237271308898926,27.599515914916992
411000000002,0.0,0.9,0.3,11.456950187683104,25.961917877197266
411000000002,0.0,1.0,0.3,11.3392972946167,26.46494483947754
411000000003,0.0,0.0,0.3,18.959941864013672,24.473773956298828
411000000003,0.0,0.1,0.3,18.931583404541016,24.657115936279297
411000000003,0.0,0.2,0.3,18.871217727661133,25.262863159179688
411000000003,0.0,0.3,0.3,18.78179168701172,25.15377616882324
411000000003,0.0,0.4,0.3,18.54964637756348,23.74985122680664
411000000003,0.0,0.5,0.3,18.460729598999023,25.185970306396484
411000000003,0.0,0.6,0.3,18.43586540222168,23.952037811279297
411000000003,0.0,0.7,0.3,18.320283889770508,24.141563415527344
411000000003,0.0,0.8,0.3,17.911209106445312,22.868309020996094
411000000003,0.0,0.9,0.3,16.778186798095703,22.7669620513916
411000000003,0.0,1.0,0.3,15.369998931884766,23.2800350189209
411000000004,0.0,0.0,0.3,18.3164005279541,23.94981002807617
411000000004,0.0,0.1,0.3,18.318239212036133,24.768199920654297
411000000004,0.0,0.2,0.3,18.27875328063965,26.221508026123047
411000000004,0.0,0.3,0.3,17.911104202270508,29.5081729888916
411000000004,0.0,0.4,0.3,17.5355224609375,27.10586166381836
411000000004,0.0,0.5,0.3,16.920034408569336,28.38508987426757
411000000004,0.0,0.6,0.3,16.457366943359375,31.789905548095703
411000000004,0.0,0.7,0.3,16.377735137939453,28.26480865478516
411000000004,0.0,0.8,0.3,16.378305435180664,28.51473426818848
411000000004,0.0,0.9,0.3,15.675406455993652,27.70472717285156
411000000004,0.0,1.0,0.3,16.487483978271484,27.128562927246094
412000000000,0.0,0.0,0.3,22.543041229248047,22.539600372314453
412000000000,0.0,0.1,0.3,22.55191802978516,22.72568702697754
412000000000,0.0,0.2,0.3,22.55973243713379,22.90209007263184
412000000000,0.0,0.3,0.3,21.769590377807617,25.35489273071289
412000000000,0.0,0.4,0.3,21.193553924560547,23.99640464782715
412000000000,0.0,0.5,0.3,21.29904556274414,22.974672317504883
412000000000,0.0,0.6,0.3,20.422075271606445,17.81620979309082
412000000000,0.0,0.7,0.3,20.47230529785156,23.449928283691406
412000000000,0.0,0.8,0.3,21.225128173828125,21.9516658782959
412000000000,0.0,0.9,0.3,15.548295974731444,21.073938369750977
412000000000,0.0,1.0,0.3,16.10220718383789,20.75008773803711
412000000001,0.0,0.0,0.3,18.95078086853028,23.73510932922364
412000000001,0.0,0.1,0.3,18.93793296813965,24.034618377685547
412000000001,0.0,0.2,0.3,18.826190948486328,23.642427444458008
412000000001,0.0,0.3,0.3,18.475399017333984,25.248003005981445
412000000001,0.0,0.4,0.3,18.101377487182617,25.072509765625
412000000001,0.0,0.5,0.3,17.475669860839844,24.61198616027832
412000000001,0.0,0.6,0.3,15.267165184020996,24.99300765991211
412000000001,0.0,0.7,0.3,17.642446517944336,24.774789810180664
412000000001,0.0,0.8,0.3,17.860576629638672,24.192577362060547
412000000001,0.0,0.9,0.3,18.308183670043945,22.41987609863281
412000000001,0.0,1.0,0.3,17.146575927734375,23.01996421813965
412000000002,0.0,0.0,0.3,18.36338996887207,19.80024528503418
412000000002,0.0,0.1,0.3,18.35238075256348,19.32291412353516
412000000002,0.0,0.2,0.3,18.221729278564453,17.844226837158203
412000000002,0.0,0.3,0.3,17.71010398864746,20.60239219665528
412000000002,0.0,0.4,0.3,17.123321533203125,20.3327693939209
412000000002,0.0,0.5,0.3,16.883344650268555,21.97321891784668
412000000002,0.0,0.6,0.3,15.33745288848877,25.166120529174805
412000000002,0.0,0.7,0.3,15.078054428100586,24.30687713623047
412000000002,0.0,0.8,0.3,14.90439224243164,24.818811416625977
412000000002,0.0,0.9,0.3,13.309728622436523,27.519363403320312
412000000002,0.0,1.0,0.3,12.739495277404783,24.715133666992188
412000000003,0.0,0.0,0.3,22.35963630676269,29.1829833984375
412000000003,0.0,0.1,0.3,22.279815673828125,28.769058227539062
412000000003,0.0,0.2,0.3,22.055137634277344,28.702651977539062
412000000003,0.0,0.3,0.3,21.69997978210449,28.787946701049805
412000000003,0.0,0.4,0.3,21.118539810180664,30.008548736572266
412000000003,0.0,0.5,0.3,19.84492874145508,29.816192626953125
412000000003,0.0,0.6,0.3,17.784143447875977,30.38753318786621
412000000003,0.0,0.7,0.3,16.760602951049805,29.56647300720215
412000000003,0.0,0.8,0.3,15.8682222366333,29.164600372314453
412000000003,0.0,0.9,0.3,15.270679473876951,28.859359741210938
412000000003,0.0,1.0,0.3,13.179795265197754,28.014015197753903
412000000004,0.0,0.0,0.3,19.73285865783692,24.56586456298828
412000000004,0.0,0.1,0.3,19.72652816772461,24.58788299560547
412000000004,0.0,0.2,0.3,19.689104080200195,25.562557220458984
412000000004,0.0,0.3,0.3,19.579877853393555,25.25146102905273
412000000004,0.0,0.4,0.3,19.45076560974121,26.4770565032959
412000000004,0.0,0.5,0.3,19.38577461242676,25.34735870361328
412000000004,0.0,0.6,0.3,18.99524307250977,25.84042930603028
412000000004,0.0,0.7,0.3,16.899839401245117,32.947113037109375
412000000004,0.0,0.8,0.3,18.363588333129883,25.703054428100582
412000000004,0.0,0.9,0.3,18.361448287963867,24.351469039916992
412000000004,0.0,1.0,0.3,16.181962966918945,29.835599899291992
413000000000,0.0,0.0,0.3,17.27054214477539,25.1977653503418
413000000000,0.0,0.1,0.3,17.265832901000977,25.085464477539062
413000000000,0.0,0.2,0.3,17.26980209350586,25.034183502197266
413000000000,0.0,0.3,0.3,17.23311996459961,25.66047096252441
413000000000,0.0,0.4,0.3,17.042268753051758,26.28346061706543
413000000000,0.0,0.5,0.3,16.704362869262695,27.0350399017334
413000000000,0.0,0.6,0.3,16.948894500732422,26.74083137512207
413000000000,0.0,0.7,0.3,16.767627716064453,27.56884765625
413000000000,0.0,0.8,0.3,16.04023551940918,27.57826232910156
413000000000,0.0,0.9,0.3,15.191466331481934,27.59642601013184
413000000000,0.0,1.0,0.3,14.731345176696776,25.9735050201416
413000000001,0.0,0.0,0.3,21.34518241882324,26.53523063659668
413000000001,0.0,0.1,0.3,21.3467025756836,27.3140811920166
413000000001,0.0,0.2,0.3,21.362075805664062,27.25597381591797
413000000001,0.0,0.3,0.3,21.16314697265625,27.307844161987305
413000000001,0.0,0.4,0.3,20.631675720214844,28.26301956176757
413000000001,0.0,0.5,0.3,20.29137420654297,27.93055725097656
413000000001,0.0,0.6,0.3,20.575424194335938,26.544403076171875
413000000001,0.0,0.7,0.3,20.840057373046875,25.73133087158203
413000000001,0.0,0.8,0.3,16.917470932006836,27.20624542236328
413000000001,0.0,0.9,0.3,14.95473575592041,30.378931045532227
413000000001,0.0,1.0,0.3,13.201090812683104,27.66384696960449
413000000002,0.0,0.0,0.3,21.853487014770508,30.31732177734375
413000000002,0.0,0.1,0.3,21.81187629699707,29.817550659179688
413000000002,0.0,0.2,0.3,21.894718170166016,30.25548553466797
413000000002,0.0,0.3,0.3,21.333892822265625,30.062950134277344
413000000002,0.0,0.4,0.3,20.72718811035156,29.44607162475586
413000000002,0.0,0.5,0.3,20.142467498779297,29.10614013671875
413000000002,0.0,0.6,0.3,18.40315628051757,31.8304386138916
413000000002,0.0,0.7,0.3,17.950397491455078,31.44799423217773
413000000002,0.0,0.8,0.3,17.544841766357422,33.929256439208984
413000000002,0.0,0.9,0.3,16.343029022216797,31.955028533935547
413000000002,0.0,1.0,0.3,16.816686630249023,31.495281219482425
413000000003,0.0,0.0,0.3,16.32816505432129,24.2404899597168
413000000003,0.0,0.1,0.3,16.341754913330078,24.09722900390625
413000000003,0.0,0.2,0.3,16.28101348876953,24.68795394897461
413000000003,0.0,0.3,0.3,15.951322555541992,23.859281539916992
413000000003,0.0,0.4,0.3,15.18425750732422,25.465261459350582
413000000003,0.0,0.5,0.3,14.122814178466797,22.5775089263916
413000000003,0.0,0.6,0.3,13.003803253173828,23.857872009277344
413000000003,0.0,0.7,0.3,13.071181297302246,24.33247375488281
413000000003,0.0,0.8,0.3,13.157642364501951,23.31140899658203
413000000003,0.0,0.9,0.3,12.593196868896484,21.16912078857422
413000000003,0.0,1.0,0.3,11.615121841430664,19.67357063293457
413000000004,0.0,0.0,0.3,18.16083526611328,28.56389236450196
413000000004,0.0,0.1,0.3,18.130550384521484,28.671613693237305
413000000004,0.0,0.2,0.3,18.08745002746582,27.90020179748535
413000000004,0.0,0.3,0.3,17.99250030517578,28.87770271301269
413000000004,0.0,0.4,0.3,17.51059913635254,28.480121612548828
413000000004,0.0,0.5,0.3,16.229389190673828,27.212894439697266
413000000004,0.0,0.6,0.3,15.217019081115724,29.805139541625977
413000000004,0.0,0.7,0.3,13.397818565368652,30.64663314819336
413000000004,0.0,0.8,0.3,13.421015739440918,30.09766960144043
413000000004,0.0,0.9,0.3,13.518674850463867,32.056968688964844
413000000004,0.0,1.0,0.3,12.538914680480955,32.66454315185547
414000000000,0.0,0.0,0.3,20.098011016845703,26.06220245361328
414000000000,0.0,0.1,0.3,20.08593368530273,27.042282104492188
414000000000,0.0,0.2,0.3,20.033222198486328,26.312726974487305
414000000000,0.0,0.3,0.3,19.78099632263184,26.65817070007324
414000000000,0.0,0.4,0.3,19.38300514221192,25.88433074951172
414000000000,0.0,0.5,0.3,19.001325607299805,29.103317260742188
414000000000,0.0,0.6,0.3,18.55451774597168,27.770666122436523
414000000000,0.0,0.7,0.3,18.10340881347656,28.14677619934082
414000000000,0.0,0.8,0.3,17.98601531982422,29.080528259277344
414000000000,0.0,0.9,0.3,17.482093811035156,29.03419685363769
414000000000,0.0,1.0,0.3,17.487478256225586,29.57802963256836
414000000001,0.0,0.0,0.3,19.56675148010254,31.031116485595703
414000000001,0.0,0.1,0.3,19.57909774780273,31.29864883422852
414000000001,0.0,0.2,0.3,19.60499382019043,31.005290985107425
414000000001,0.0,0.3,0.3,19.34445571899414,30.75544166564941
414000000001,0.0,0.4,0.3,19.074302673339844,30.90943145751953
414000000001,0.0,0.5,0.3,18.500465393066406,30.735565185546875
414000000001,0.0,0.6,0.3,17.730316162109375,31.46560859680176
414000000001,0.0,0.7,0.3,17.558589935302734,31.558523178100582
414000000001,0.0,0.8,0.3,17.44341278076172,31.580406188964844
414000000001,0.0,0.9,0.3,17.1777400970459,32.30872344970703
414000000001,0.0,1.0,0.3,16.861286163330078,31.951696395874023
414000000002,0.0,0.0,0.3,20.25762939453125,26.57426071166992
414000000002,0.0,0.1,0.3,20.254375457763672,27.01032829284668
414000000002,0.0,0.2,0.3,20.232372283935547,26.83407020568848
414000000002,0.0,0.3,0.3,19.95645904541016,26.02704811096192
414000000002,0.0,0.4,0.3,19.80908393859864,25.83858871459961
414000000002,0.0,0.5,0.3,20.06015586853028,26.44956970214844
414000000002,0.0,0.6,0.3,19.984262466430664,25.87164688110352
414000000002,0.0,0.7,0.3,19.85417938232422,26.197343826293945
414000000002,0.0,0.8,0.3,19.68152236938477,26.01858329772949
414000000002,0.0,0.9,0.3,19.44467735290528,24.66397476196289
414000000002,0.0,1.0,0.3,19.35942649841309,26.76380920410156
414000000003,0.0,0.0,0.3,22.01077079772949,19.62894630432129
414000000003,0.0,0.1,0.3,21.95045661926269,19.93652534484864
414000000003,0.0,0.2,0.3,21.63615608215332,19.604616165161133
414000000003,0.0,0.3,0.3,20.802696228027344,20.276243209838867
414000000003,0.0,0.4,0.3,19.397851943969727,19.861486434936523
414000000003,0.0,0.5,0.3,17.70402717590332,18.90561294555664
414000000003,0.0,0.6,0.3,15.646454811096191,20.082914352416992
414000000003,0.0,0.7,0.3,13.35519790649414,20.28175544738769
414000000003,0.0,0.8,0.3,11.524534225463867,21.821287155151367
414000000003,0.0,0.9,0.3,10.263653755187988,20.306501388549805
414000000003,0.0,1.0,0.3,10.218901634216309,20.894332885742188
414000000004,0.0,0.0,0.3,18.30706787109375,29.120391845703125
414000000004,0.0,0.1,0.3,18.29863739013672,29.199281692504883
414000000004,0.0,0.2,0.3,18.364501953125,28.71109771728516
414000000004,0.0,0.3,0.3,18.166654586791992,27.99871253967285
414000000004,0.0,0.4,0.3,17.922645568847656,28.86017799377441
414000000004,0.0,0.5,0.3,17.862394332885742,28.42533302307129
414000000004,0.0,0.6,0.3,17.415653228759766,29.081153869628903
414000000004,0.0,0.7,0.3,17.520185470581055,27.958818435668945
414000000004,0.0,0.8,0.3,17.536426544189453,28.00674057006836
414000000004,0.0,0.9,0.3,14.79659652709961,26.67515182495117
414000000004,0.0,1.0,0.3,16.318603515625,27.143882751464844
421000000000,0.0,0.0,0.3,18.63507652282715,28.70243453979492
421000000000,0.0,0.1,0.3,18.584875106811523,28.442569732666016
421000000000,0.0,0.2,0.3,18.3264274597168,29.487228393554688
421000000000,0.0,0.3,0.3,17.84653663635254,32.57732391357422
421000000000,0.0,0.4,0.3,17.282989501953125,28.57961654663086
421000000000,0.0,0.5,0.3,16.409202575683594,27.41812515258789
421000000000,0.0,0.6,0.3,15.15933609008789,29.38497734069824
421000000000,0.0,0.7,0.3,14.218310356140137,30.460769653320312
421000000000,0.0,0.8,0.3,13.18096923828125,30.04874038696289
421000000000,0.0,0.9,0.3,12.699946403503418,27.399227142333984
421000000000,0.0,1.0,0.3,12.15604305267334,23.5350399017334
421000000001,0.0,0.0,0.3,20.06500625610352,23.926267623901367
421000000001,0.0,0.1,0.3,20.069543838500977,23.61236000061035
421000000001,0.0,0.2,0.3,20.08733367919922,23.50020408630371
421000000001,0.0,0.3,0.3,20.05414390563965,23.99193572998047
421000000001,0.0,0.4,0.3,19.93474578857422,23.32341384887696
421000000001,0.0,0.5,0.3,19.655004501342773,24.72135162353516
421000000001,0.0,0.6,0.3,19.84113502502441,23.5584716796875
421000000001,0.0,0.7,0.3,19.759645462036133,24.57734680175781
421000000001,0.0,0.8,0.3,19.50743103027344,24.69563865661621
421000000001,0.0,0.9,0.3,19.30609893798828,23.60650062561035
421000000001,0.0,1.0,0.3,17.116973876953125,25.19489288330078
421000000002,0.0,0.0,0.3,20.662805557250977,24.942779541015625
421000000002,0.0,0.1,0.3,20.66139411926269,25.204879760742188
421000000002,0.0,0.2,0.3,20.650279998779297,25.079763412475582
421000000002,0.0,0.3,0.3,20.56618309020996,25.24172019958496
421000000002,0.0,0.4,0.3,20.58108329772949,25.518030166625977
421000000002,0.0,0.5,0.3,20.49054718017578,24.74271583557129
421000000002,0.0,0.6,0.3,20.002954483032227,24.76187896728516
421000000002,0.0,0.7,0.3,20.37078094482422,24.893686294555664
421000000002,0.0,0.8,0.3,19.7929916381836,25.09402084350586
421000000002,0.0,0.9,0.3,19.67696952819824,25.298473358154297
421000000002,0.0,1.0,0.3,19.765769958496094,25.742673873901367
421000000003,0.0,0.0,0.3,20.34003448486328,25.97383499145508
421000000003,0.0,0.1,0.3,20.31427955627441,25.85953521728516
421000000003,0.0,0.2,0.3,20.22225952148437,25.56608390808105
421000000003,0.0,0.3,0.3,19.930788040161133,26.185396194458008
421000000003,0.0,0.4,0.3,19.50927925109864,25.8117790222168
421000000003,0.0,0.5,0.3,19.245492935180664,24.480836868286133
421000000003,0.0,0.6,0.3,18.88858222961425,26.927719116210938
421000000003,0.0,0.7,0.3,18.14557838439941,26.571706771850582
421000000003,0.0,0.8,0.3,17.880611419677734,25.333053588867188
421000000003,0.0,0.9,0.3,16.66840362548828,26.93948173522949
421000000003,0.0,1.0,0.3,14.411949157714844,25.122201919555664
421000000004,0.0,0.0,0.3,17.321290969848633,25.88893699645996
421000000004,0.0,0.1,0.3,17.305479049682617,26.223806381225582
421000000004,0.0,0.2,0.3,17.22412872314453,26.83194923400879
421000000004,0.0,0.3,0.3,17.045093536376953,28.43998908996582
421000000004,0.0,0.4,0.3,16.863290786743164,27.77314186096192
421000000004,0.0,0.5,0.3,16.67704963684082,27.321094512939453
421000000004,0.0,0.6,0.3,16.38896369934082,26.986391067504883
421000000004,0.0,0.7,0.3,15.715291976928713,27.59822654724121
421000000004,0.0,0.8,0.3,15.86343002319336,29.111677169799805
421000000004,0.0,0.9,0.3,14.65654182434082,30.500465393066406
421000000004,0.0,1.0,0.3,13.440149307250977,25.35069274902344
422000000000,0.0,0.0,0.3,23.36028861999512,17.628013610839844
422000000000,0.0,0.1,0.3,23.35955619812012,17.704599380493164
422000000000,0.0,0.2,0.3,23.35051345825196,17.77225685119629
422000000000,0.0,0.3,0.3,23.08220100402832,18.741607666015625
422000000000,0.0,0.4,0.3,22.840717315673828,18.66133117675781
422000000000,0.0,0.5,0.3,22.55498695373535,19.54630279541016
422000000000,0.0,0.6,0.3,21.430843353271484,19.728052139282227
422000000000,0.0,0.7,0.3,20.577699661254883,22.20143699645996
422000000000,0.0,0.8,0.3,17.970802307128906,21.869260787963867
422000000000,0.0,0.9,0.3,17.249797821044922,26.02992057800293
422000000000,0.0,1.0,0.3,15.249907493591309,26.23704719543457
422000000001,0.0,0.0,0.3,19.927759170532227,19.99070167541504
422000000001,0.0,0.1,0.3,19.927471160888672,19.979232788085938
422000000001,0.0,0.2,0.3,19.923730850219727,20.0127182006836
422000000001,0.0,0.3,0.3,19.6809139251709,18.310550689697266
422000000001,0.0,0.4,0.3,19.01397132873535,21.27068901062012
422000000001,0.0,0.5,0.3,18.759916305541992,21.75823211669922
422000000001,0.0,0.6,0.3,19.05023193359375,20.59247779846192
422000000001,0.0,0.7,0.3,16.382904052734375,21.11167526245117
422000000001,0.0,0.8,0.3,13.666522026062012,22.48255920410156
422000000001,0.0,0.9,0.3,13.655890464782717,19.66939926147461
422000000001,0.0,1.0,0.3,10.212636947631836,14.918172836303713
422000000002,0.0,0.0,0.3,21.202543258666992,22.05388832092285
422000000002,0.0,0.1,0.3,21.2171688079834,22.10635566711425
422000000002,0.0,0.2,0.3,21.20845413208008,22.43660545349121
422000000002,0.0,0.3,0.3,21.0304012298584,21.65242576599121
422000000002,0.0,0.4,0.3,20.741193771362305,22.027978897094727
422000000002,0.0,0.5,0.3,20.64767837524414,22.1810245513916
422000000002,0.0,0.6,0.3,20.235559463500977,21.02425003051757
422000000002,0.0,0.7,0.3,19.09244537353516,21.48442268371582
422000000002,0.0,0.8,0.3,18.40642166137696,21.88924026489257
422000000002,0.0,0.9,0.3,18.88967514038086,21.88484573364257
422000000002,0.0,1.0,0.3,19.279857635498047,22.23789596557617
422000000003,0.0,0.0,0.3,21.3612060546875,23.79489517211914
422000000003,0.0,0.1,0.3,21.366809844970703,23.69020652770996
422000000003,0.0,0.2,0.3,21.44050407409668,24.748653411865234
422000000003,0.0,0.3,0.3,21.20112419128418,25.941688537597656
422000000003,0.0,0.4,0.3,20.56110572814941,25.355091094970703
422000000003,0.0,0.5,0.3,18.814760208129883,27.40119743347168
422000000003,0.0,0.6,0.3,19.13435935974121,29.20966529846192
422000000003,0.0,0.7,0.3,18.16919136047364,25.970422744750977
422000000003,0.0,0.8,0.3,16.98101043701172,26.33814811706543
422000000003,0.0,0.9,0.3,17.44629669189453,26.363176345825195
422000000003,0.0,1.0,0.3,15.68359661102295,33.13996505737305
422000000004,0.0,0.0,0.3,23.949068069458008,19.349306106567383
422000000004,0.0,0.1,0.3,23.954214096069336,19.33585929870605
422000000004,0.0,0.2,0.3,23.94829559326172,18.97219467163086
422000000004,0.0,0.3,0.3,23.838912963867188,18.82143783569336
422000000004,0.0,0.4,0.3,23.657989501953125,19.377553939819336
422000000004,0.0,0.5,0.3,23.26629066467285,19.657150268554688
422000000004,0.0,0.6,0.3,22.608089447021484,20.081871032714844
422000000004,0.0,0.7,0.3,21.654277801513672,20.489171981811523
422000000004,0.0,0.8,0.3,16.595062255859375,23.277801513671875
422000000004,0.0,0.9,0.3,17.17386817932129,18.82068252563477
422000000004,0.0,1.0,0.3,18.18102264404297,18.31984138488769
423000000000,0.0,0.0,0.3,25.88103675842285,22.20388412475586
423000000000,0.0,0.1,0.3,25.832279205322266,22.95267868041992
423000000000,0.0,0.2,0.3,25.918210983276367,24.55035400390625
423000000000,0.0,0.3,0.3,25.385128021240234,22.373151779174805
423000000000,0.0,0.4,0.3,24.67095184326172,23.342926025390625
423000000000,0.0,0.5,0.3,23.41015815734864,26.579137802124023
423000000000,0.0,0.6,0.3,21.8365421295166,24.34232711791992
423000000000,0.0,0.7,0.3,17.403087615966797,27.65936851501465
423000000000,0.0,0.8,0.3,14.484892845153809,23.9724063873291
423000000000,0.0,0.9,0.3,14.0079345703125,21.195476531982425
423000000000,0.0,1.0,0.3,15.302764892578123,28.33063507080078
423000000001,0.0,0.0,0.3,20.89818000793457,27.712553024291992
423000000001,0.0,0.1,0.3,20.908403396606445,27.7889461517334
423000000001,0.0,0.2,0.3,20.74008560180664,26.901371002197266
423000000001,0.0,0.3,0.3,20.57646369934082,26.104454040527344
423000000001,0.0,0.4,0.3,20.13104057312012,27.82703971862793
423000000001,0.0,0.5,0.3,19.47941017150879,26.857641220092773
423000000001,0.0,0.6,0.3,17.16596221923828,27.071683883666992
423000000001,0.0,0.7,0.3,16.191682815551758,27.66817283630371
423000000001,0.0,0.8,0.3,15.625470161437988,27.258878707885746
423000000001,0.0,0.9,0.3,14.605009078979492,27.276832580566406
423000000001,0.0,1.0,0.3,14.023576736450195,29.485782623291016
423000000002,0.0,0.0,0.3,20.043025970458984,24.245967864990234
423000000002,0.0,0.1,0.3,20.05145835876465,24.13261985778809
423000000002,0.0,0.2,0.3,19.982608795166016,25.291622161865234
423000000002,0.0,0.3,0.3,19.87092018127441,27.59046173095703
423000000002,0.0,0.4,0.3,19.559232711791992,25.855758666992188
423000000002,0.0,0.5,0.3,19.121313095092773,25.088611602783203
423000000002,0.0,0.6,0.3,19.023595809936523,20.24985694885254
423000000002,0.0,0.7,0.3,17.91402244567871,21.53354263305664
423000000002,0.0,0.8,0.3,15.726273536682127,28.04718589782715
423000000002,0.0,0.9,0.3,15.104660987854004,28.36004447937012
423000000002,0.0,1.0,0.3,13.624651908874512,26.98194694519043
423000000003,0.0,0.0,0.3,21.36762428283692,22.017309188842773
423000000003,0.0,0.1,0.3,21.351451873779297,22.202178955078125
423000000003,0.0,0.2,0.3,21.29838180541992,21.821521759033203
423000000003,0.0,0.3,0.3,21.157997131347656,21.76287078857422
423000000003,0.0,0.4,0.3,20.882299423217773,21.82697868347168
423000000003,0.0,0.5,0.3,20.622941970825195,22.225156784057617
423000000003,0.0,0.6,0.3,20.32779884338379,22.411396026611328
423000000003,0.0,0.7,0.3,16.67744255065918,22.85354804992676
423000000003,0.0,0.8,0.3,17.947086334228516,22.816425323486328
423000000003,0.0,0.9,0.3,16.9139347076416,24.04693984985352
423000000003,0.0,1.0,0.3,15.068194389343262,25.169092178344727
423000000004,0.0,0.0,0.3,22.5473690032959,24.00751686096192
423000000004,0.0,0.1,0.3,22.535457611083984,23.63623809814453
423000000004,0.0,0.2,0.3,22.573354721069336,24.262779235839844
423000000004,0.0,0.3,0.3,22.32749366760254,24.38429450988769
423000000004,0.0,0.4,0.3,21.575428009033203,22.779205322265625
423000000004,0.0,0.5,0.3,19.911357879638672,22.80186080932617
423000000004,0.0,0.6,0.3,18.675613403320312,22.89471435546875
423000000004,0.0,0.7,0.3,17.006385803222656,24.906827926635746
423000000004,0.0,0.8,0.3,15.714937210083008,23.786083221435547
423000000004,0.0,0.9,0.3,14.053346633911133,23.88612365722656
423000000004,0.0,1.0,0.3,12.142913818359377,22.3150691986084
424000000000,0.0,0.0,0.3,19.922407150268555,21.327852249145508
424000000000,0.0,0.1,0.3,19.90546607971192,21.22147560119629
424000000000,0.0,0.2,0.3,19.898223876953125,21.454404830932617
424000000000,0.0,0.3,0.3,19.848827362060547,21.77346420288086
424000000000,0.0,0.4,0.3,19.81889915466309,21.45042991638184
424000000000,0.0,0.5,0.3,19.833759307861328,21.43585777282715
424000000000,0.0,0.6,0.3,19.736083984375,21.58521270751953
424000000000,0.0,0.7,0.3,19.54965209960937,22.373611450195312
424000000000,0.0,0.8,0.3,18.188495635986328,21.18828392028809
424000000000,0.0,0.9,0.3,17.58269691467285,21.83591079711914
424000000000,0.0,1.0,0.3,15.122986793518066,22.691635131835938
424000000001,0.0,0.0,0.3,18.479881286621094,15.371549606323242
424000000001,0.0,0.1,0.3,18.4749813079834,15.575986862182615
424000000001,0.0,0.2,0.3,18.534366607666016,16.267892837524414
424000000001,0.0,0.3,0.3,18.320093154907227,13.693229675292969
424000000001,0.0,0.4,0.3,17.903390884399414,14.23337745666504
424000000001,0.0,0.5,0.3,16.7618408203125,16.177757263183594
424000000001,0.0,0.6,0.3,15.454910278320312,17.603437423706055
424000000001,0.0,0.7,0.3,14.572257041931152,18.38597869873047
424000000001,0.0,0.8,0.3,14.26966953277588,20.99556350708008
424000000001,0.0,0.9,0.3,14.205829620361328,21.6801872253418
424000000001,0.0,1.0,0.3,15.189937591552734,22.022235870361328
424000000002,0.0,0.0,0.3,19.92958068847656,21.079938888549805
424000000002,0.0,0.1,0.3,19.88256072998047,20.48566436767578
424000000002,0.0,0.2,0.3,19.73507499694824,20.180072784423828
424000000002,0.0,0.3,0.3,19.438709259033203,21.792116165161133
424000000002,0.0,0.4,0.3,18.896148681640625,23.06489562988281
424000000002,0.0,0.5,0.3,18.48913955688477,23.611473083496094
424000000002,0.0,0.6,0.3,18.13834571838379,23.104713439941406
424000000002,0.0,0.7,0.3,16.653608322143555,24.6390323638916
424000000002,0.0,0.8,0.3,17.12751007080078,23.852357864379883
424000000002,0.0,0.9,0.3,17.618398666381836,26.76460647583008
424000000002,0.0,1.0,0.3,18.12030601501465,21.69205665588379
424000000003,0.0,0.0,0.3,18.834022521972656,21.794084548950195
424000000003,0.0,0.1,0.3,18.83951759338379,21.69319534301757
424000000003,0.0,0.2,0.3,18.83426094055176,21.55710792541504
424000000003,0.0,0.3,0.3,18.82364082336425,21.207836151123047
424000000003,0.0,0.4,0.3,18.721792221069336,21.667490005493164
424000000003,0.0,0.5,0.3,18.715526580810547,21.68505859375
424000000003,0.0,0.6,0.3,18.590362548828125,20.992765426635746
424000000003,0.0,0.7,0.3,18.334613800048828,21.732723236083984
424000000003,0.0,0.8,0.3,18.10732078552246,20.436317443847656
424000000003,0.0,0.9,0.3,17.6968936920166,20.677684783935547
424000000003,0.0,1.0,0.3,17.512210845947266,20.40272521972656
424000000004,0.0,0.0,0.3,21.879196166992188,21.067842483520508
424000000004,0.0,0.1,0.3,21.838991165161133,21.207273483276367
424000000004,0.0,0.2,0.3,21.6809196472168,21.363265991210938
424000000004,0.0,0.3,0.3,21.129545211791992,20.34562492370605
424000000004,0.0,0.4,0.3,20.24687767028809,20.713891983032227
424000000004,0.0,0.5,0.3,20.31283569335937,21.2949275970459
424000000004,0.0,0.6,0.3,19.489442825317383,22.54150009155273
424000000004,0.0,0.7,0.3,19.23226356506348,23.07924461364746
424000000004,0.0,0.8,0.3,18.23984718322754,23.37073516845703
424000000004,0.0,0.9,0.3,16.744749069213867,22.573963165283203
424000000004,0.0,1.0,0.3,14.919391632080078,22.84746742248535
511000000000,0.0,0.0,0.3,26.640174865722656,21.48097419738769
511000000000,0.0,0.1,0.3,26.644472122192383,22.486013412475582
511000000000,0.0,0.2,0.3,26.52326393127441,25.437583923339844
511000000000,0.0,0.3,0.3,26.12687110900879,24.28973197937012
511000000000,0.0,0.4,0.3,25.33705711364746,24.203031539916992
511000000000,0.0,0.5,0.3,24.38913345336914,25.260761260986328
511000000000,0.0,0.6,0.3,22.182899475097656,22.422542572021484
511000000000,0.0,0.7,0.3,19.850248336791992,27.8531494140625
511000000000,0.0,0.8,0.3,13.989383697509766,24.74803352355957
511000000000,0.0,0.9,0.3,10.475768089294434,28.94902610778809
511000000000,0.0,1.0,0.3,11.190147399902344,26.38579368591309
511000000001,0.0,0.0,0.3,16.21068572998047,30.56040382385254
511000000001,0.0,0.1,0.3,16.206621170043945,30.334985733032227
511000000001,0.0,0.2,0.3,16.204797744750977,29.952451705932617
511000000001,0.0,0.3,0.3,16.158056259155273,30.509435653686523
511000000001,0.0,0.4,0.3,16.15909194946289,31.23437118530273
511000000001,0.0,0.5,0.3,16.0435733795166,30.31395149230957
511000000001,0.0,0.6,0.3,15.929019927978516,29.788911819458008
511000000001,0.0,0.7,0.3,15.605392456054688,30.609193801879883
511000000001,0.0,0.8,0.3,14.045920372009276,30.82654571533203
511000000001,0.0,0.9,0.3,13.017773628234863,32.0748405456543
511000000001,0.0,1.0,0.3,12.65866756439209,29.509410858154297
511000000002,0.0,0.0,0.3,21.825836181640625,22.25543212890625
511000000002,0.0,0.1,0.3,21.81703758239746,21.7019157409668
511000000002,0.0,0.2,0.3,21.81389808654785,21.84671211242676
511000000002,0.0,0.3,0.3,21.765499114990234,21.127683639526367
511000000002,0.0,0.4,0.3,21.29065704345703,21.92638397216797
511000000002,0.0,0.5,0.3,20.9388484954834,22.25599670410156
511000000002,0.0,0.6,0.3,19.81918907165528,20.98636245727539
511000000002,0.0,0.7,0.3,18.729143142700195,21.917484283447266
511000000002,0.0,0.8,0.3,17.808263778686523,20.21075439453125
511000000002,0.0,0.9,0.3,16.77330207824707,20.179969787597656
511000000002,0.0,1.0,0.3,17.84391212463379,19.4121036529541
511000000003,0.0,0.0,0.3,21.17763328552246,27.11540985107422
511000000003,0.0,0.1,0.3,21.18924140930176,27.131366729736328
511000000003,0.0,0.2,0.3,21.24212646484375,26.85462760925293
511000000003,0.0,0.3,0.3,21.186155319213867,26.852840423583984
511000000003,0.0,0.4,0.3,21.03134536743164,27.729204177856445
511000000003,0.0,0.5,0.3,21.00602912902832,27.3176498413086
511000000003,0.0,0.6,0.3,20.967554092407227,27.09603309631348
511000000003,0.0,0.7,0.3,21.04744529724121,26.7789306640625
511000000003,0.0,0.8,0.3,20.449159622192383,25.96406936645508
511000000003,0.0,0.9,0.3,17.423606872558594,28.322904586791992
511000000003,0.0,1.0,0.3,18.999868392944336,28.121562957763672
511000000004,0.0,0.0,0.3,18.64463996887207,26.118389129638672
511000000004,0.0,0.1,0.3,18.64191246032715,26.087665557861328
511000000004,0.0,0.2,0.3,18.660812377929688,26.15228080749512
511000000004,0.0,0.3,0.3,18.66606712341309,26.04205703735352
511000000004,0.0,0.4,0.3,18.55821228027344,25.884559631347656
511000000004,0.0,0.5,0.3,18.35831069946289,26.05731773376465
511000000004,0.0,0.6,0.3,17.763647079467773,26.256851196289062
511000000004,0.0,0.7,0.3,16.995100021362305,25.852901458740234
511000000004,0.0,0.8,0.3,18.24900245666504,26.17572593688965
511000000004,0.0,0.9,0.3,18.30953025817871,25.7440185546875
511000000004,0.0,1.0,0.3,17.752641677856445,25.626758575439453
512000000000,0.0,0.0,0.3,22.360578536987305,26.942432403564453
512000000000,0.0,0.1,0.3,22.34547996520996,27.206727981567383
512000000000,0.0,0.2,0.3,22.269132614135746,27.05330848693848
512000000000,0.0,0.3,0.3,22.20178985595703,27.82870483398437
512000000000,0.0,0.4,0.3,22.06795120239257,27.85311317443848
512000000000,0.0,0.5,0.3,22.130016326904297,27.64541244506836
512000000000,0.0,0.6,0.3,20.631786346435547,25.27352523803711
512000000000,0.0,0.7,0.3,19.202890396118164,25.17047882080078
512000000000,0.0,0.8,0.3,17.440366744995117,23.5220947265625
512000000000,0.0,0.9,0.3,16.7153263092041,26.24349021911621
512000000000,0.0,1.0,0.3,16.005613327026367,27.74866485595703
512000000001,0.0,0.0,0.3,20.619558334350582,25.90847587585449
512000000001,0.0,0.1,0.3,20.619457244873047,25.67952919006348
512000000001,0.0,0.2,0.3,20.59258079528809,25.663101196289062
512000000001,0.0,0.3,0.3,20.572673797607425,26.40755844116211
512000000001,0.0,0.4,0.3,20.482011795043945,27.06062126159668
512000000001,0.0,0.5,0.3,20.191347122192383,26.119548797607425
512000000001,0.0,0.6,0.3,20.163482666015625,25.5656967163086
512000000001,0.0,0.7,0.3,19.42139434814453,27.153215408325195
512000000001,0.0,0.8,0.3,19.43906021118164,27.314620971679688
512000000001,0.0,0.9,0.3,19.16830062866211,29.307729721069336
512000000001,0.0,1.0,0.3,19.06767845153809,27.817285537719727
512000000002,0.0,0.0,0.3,17.794145584106445,18.80663681030273
512000000002,0.0,0.1,0.3,17.787012100219727,19.144695281982425
512000000002,0.0,0.2,0.3,17.718278884887695,18.879478454589844
512000000002,0.0,0.3,0.3,17.45280647277832,19.74521827697754
512000000002,0.0,0.4,0.3,16.637344360351562,21.909948348999023
512000000002,0.0,0.5,0.3,16.47214126586914,19.816064834594727
512000000002,0.0,0.6,0.3,15.620529174804688,14.20445442199707
512000000002,0.0,0.7,0.3,14.049333572387695,22.791034698486328
512000000002,0.0,0.8,0.3,13.968350410461426,17.596233367919922
512000000002,0.0,0.9,0.3,13.464146614074709,18.7158145904541
512000000002,0.0,1.0,0.3,13.07411289215088,19.804054260253903
512000000003,0.0,0.0,0.3,19.413917541503903,27.471755981445312
512000000003,0.0,0.1,0.3,19.41276741027832,27.359060287475582
512000000003,0.0,0.2,0.3,19.39968490600586,27.94680976867676
512000000003,0.0,0.3,0.3,19.34772109985352,28.213268280029297
512000000003,0.0,0.4,0.3,19.272729873657227,28.04535675048828
512000000003,0.0,0.5,0.3,19.21390724182129,25.9517765045166
512000000003,0.0,0.6,0.3,19.055095672607425,27.45423889160156
512000000003,0.0,0.7,0.3,18.80562973022461,25.852855682373047
512000000003,0.0,0.8,0.3,17.920839309692383,27.18797874450684
512000000003,0.0,0.9,0.3,18.415958404541016,26.303878784179688
512000000003,0.0,1.0,0.3,18.34259986877441,27.20053100585937
512000000004,0.0,0.0,0.3,19.7876205444336,22.0244197845459
512000000004,0.0,0.1,0.3,19.78314781188965,22.079233169555664
512000000004,0.0,0.2,0.3,19.82235145568848,22.754812240600582
512000000004,0.0,0.3,0.3,19.773530960083008,21.95234680175781
512000000004,0.0,0.4,0.3,19.795732498168945,23.002073287963867
512000000004,0.0,0.5,0.3,19.709747314453125,21.52328872680664
512000000004,0.0,0.6,0.3,19.542360305786133,21.36306381225586
512000000004,0.0,0.7,0.3,18.10594367980957,22.479507446289062
512000000004,0.0,0.8,0.3,16.811080932617188,21.40911293029785
512000000004,0.0,0.9,0.3,12.611332893371582,20.58186149597168
512000000004,0.0,1.0,0.3,13.448028564453123,22.30820083618164
513000000000,0.0,0.0,0.3,19.821063995361328,24.95866203308105
513000000000,0.0,0.1,0.3,19.82008934020996,25.07266616821289
513000000000,0.0,0.2,0.3,19.835805892944336,25.07917594909668
513000000000,0.0,0.3,0.3,19.7484130859375,25.26230812072754
513000000000,0.0,0.4,0.3,19.75858688354492,25.357440948486328
513000000000,0.0,0.5,0.3,19.76845932006836,25.51255226135254
513000000000,0.0,0.6,0.3,19.460981369018555,25.64692497253418
513000000000,0.0,0.7,0.3,19.33940696716309,25.91147804260254
513000000000,0.0,0.8,0.3,19.451313018798828,25.948530197143555
513000000000,0.0,0.9,0.3,19.344402313232425,26.264629364013672
513000000000,0.0,1.0,0.3,18.578901290893555,26.819929122924805
513000000001,0.0,0.0,0.3,22.038272857666016,24.72202110290528
513000000001,0.0,0.1,0.3,22.026172637939453,24.698081970214844
513000000001,0.0,0.2,0.3,22.0173454284668,24.73146247863769
513000000001,0.0,0.3,0.3,21.990203857421875,25.324365615844727
513000000001,0.0,0.4,0.3,21.963043212890625,24.934654235839844
513000000001,0.0,0.5,0.3,21.887136459350582,25.336977005004883
513000000001,0.0,0.6,0.3,21.750423431396484,25.740442276000977
513000000001,0.0,0.7,0.3,21.665019989013672,25.70723342895508
513000000001,0.0,0.8,0.3,20.57303237915039,21.78739356994629
513000000001,0.0,0.9,0.3,16.28742790222168,21.109939575195312
513000000001,0.0,1.0,0.3,18.759565353393555,20.996551513671875
513000000002,0.0,0.0,0.3,22.69002914428711,26.12735366821289
513000000002,0.0,0.1,0.3,22.702306747436523,25.41087532043457
513000000002,0.0,0.2,0.3,22.65133476257324,26.03077507019043
513000000002,0.0,0.3,0.3,22.32572364807129,26.97689437866211
513000000002,0.0,0.4,0.3,21.915128707885746,27.311559677124023
513000000002,0.0,0.5,0.3,21.94288825988769,26.77508544921875
513000000002,0.0,0.6,0.3,19.6737060546875,26.146608352661133
513000000002,0.0,0.7,0.3,19.858423233032227,28.495603561401367
513000000002,0.0,0.8,0.3,19.84975814819336,27.345298767089844
513000000002,0.0,0.9,0.3,18.160924911499023,27.48771095275879
513000000002,0.0,1.0,0.3,17.619834899902344,28.297679901123047
513000000003,0.0,0.0,0.3,20.644824981689453,31.823699951171875
513000000003,0.0,0.1,0.3,20.64569854736328,31.45798110961914
513000000003,0.0,0.2,0.3,20.6406478881836,31.739652633666992
513000000003,0.0,0.3,0.3,20.72465133666992,31.765100479125977
513000000003,0.0,0.4,0.3,20.66363525390625,32.3134651184082
513000000003,0.0,0.5,0.3,20.662899017333984,31.574222564697266
513000000003,0.0,0.6,0.3,20.552562713623047,31.74057960510254
513000000003,0.0,0.7,0.3,20.576086044311523,31.725215911865234
513000000003,0.0,0.8,0.3,20.309619903564453,30.861061096191406
513000000003,0.0,0.9,0.3,20.34293937683105,31.28284454345703
513000000003,0.0,1.0,0.3,20.11005210876465,30.92190933227539
513000000004,0.0,0.0,0.3,21.56023597717285,23.77728271484375
513000000004,0.0,0.1,0.3,21.58236312866211,23.48712921142578
513000000004,0.0,0.2,0.3,21.511886596679688,24.06152534484864
513000000004,0.0,0.3,0.3,20.992481231689453,24.26923942565918
513000000004,0.0,0.4,0.3,21.026775360107425,25.12711906433105
513000000004,0.0,0.5,0.3,20.575401306152344,25.921255111694336
513000000004,0.0,0.6,0.3,19.021211624145508,26.63993263244629
513000000004,0.0,0.7,0.3,16.13968849182129,22.89855194091797
513000000004,0.0,0.8,0.3,14.38504123687744,24.075008392333984
513000000004,0.0,0.9,0.3,13.012199401855469,24.58279037475586
513000000004,0.0,1.0,0.3,10.841991424560549,25.723201751708984
514000000000,0.0,0.0,0.3,18.791534423828125,24.445619583129883
514000000000,0.0,0.1,0.3,18.7916259765625,24.32280158996582
514000000000,0.0,0.2,0.3,18.73291015625,25.008544921875
514000000000,0.0,0.3,0.3,18.72921371459961,24.64478302001953
514000000000,0.0,0.4,0.3,18.695199966430664,24.76604080200196
514000000000,0.0,0.5,0.3,18.5185661315918,24.988988876342773
514000000000,0.0,0.6,0.3,18.02385902404785,24.531471252441406
514000000000,0.0,0.7,0.3,18.238582611083984,25.24895668029785
514000000000,0.0,0.8,0.3,18.27006721496582,24.72752571105957
514000000000,0.0,0.9,0.3,17.592941284179688,23.99288558959961
514000000000,0.0,1.0,0.3,17.107528686523438,25.243776321411133
514000000001,0.0,0.0,0.3,19.412267684936523,27.920753479003903
514000000001,0.0,0.1,0.3,19.41963768005371,27.548677444458008
514000000001,0.0,0.2,0.3,19.39873504638672,27.644161224365234
514000000001,0.0,0.3,0.3,19.37771224975586,27.51218605041504
514000000001,0.0,0.4,0.3,19.40192031860352,27.79083633422852
514000000001,0.0,0.5,0.3,19.234298706054688,28.04152107238769
514000000001,0.0,0.6,0.3,19.3664493560791,27.92103576660156
514000000001,0.0,0.7,0.3,19.29989624023437,28.48634147644043
514000000001,0.0,0.8,0.3,19.329126358032227,27.43280601501465
514000000001,0.0,0.9,0.3,18.737850189208984,27.5273380279541
514000000001,0.0,1.0,0.3,18.87983131408692,28.46468162536621
514000000002,0.0,0.0,0.3,15.68628215789795,29.8804874420166
514000000002,0.0,0.1,0.3,15.68088722229004,30.24796867370605
514000000002,0.0,0.2,0.3,15.681509971618652,30.24081039428711
514000000002,0.0,0.3,0.3,15.652751922607422,29.907230377197266
514000000002,0.0,0.4,0.3,15.571742057800291,30.321985244750977
514000000002,0.0,0.5,0.3,15.586782455444336,30.4232234954834
514000000002,0.0,0.6,0.3,15.60016918182373,30.19795799255371
514000000002,0.0,0.7,0.3,15.43290901184082,29.970043182373047
514000000002,0.0,0.8,0.3,15.258344650268556,29.731565475463867
514000000002,0.0,0.9,0.3,15.44169807434082,29.61392402648925
514000000002,0.0,1.0,0.3,15.514531135559082,29.038179397583008
514000000003,0.0,0.0,0.3,18.278711318969727,23.52448272705078
514000000003,0.0,0.1,0.3,18.272123336791992,23.30039405822754
514000000003,0.0,0.2,0.3,18.2041130065918,22.34049415588379
514000000003,0.0,0.3,0.3,18.006744384765625,23.65093231201172
514000000003,0.0,0.4,0.3,17.430526733398438,21.66421127319336
514000000003,0.0,0.5,0.3,16.5248966217041,23.548837661743164
514000000003,0.0,0.6,0.3,15.469297409057615,22.832422256469727
514000000003,0.0,0.7,0.3,14.127609252929688,23.84092712402344
514000000003,0.0,0.8,0.3,14.921493530273438,24.94575500488281
514000000003,0.0,0.9,0.3,14.702871322631836,22.88564682006836
514000000003,0.0,1.0,0.3,14.2562255859375,22.431888580322266
514000000004,0.0,0.0,0.3,20.612998962402344,27.878883361816406
514000000004,0.0,0.1,0.3,20.61495018005371,27.941688537597656
514000000004,0.0,0.2,0.3,20.59248161315918,28.38360595703125
514000000004,0.0,0.3,0.3,20.523712158203125,27.56996154785156
514000000004,0.0,0.4,0.3,20.305444717407227,27.230104446411133
514000000004,0.0,0.5,0.3,20.2543888092041,27.117706298828125
514000000004,0.0,0.6,0.3,20.193096160888672,27.250730514526367
514000000004,0.0,0.7,0.3,18.66753196716309,29.01439094543457
514000000004,0.0,0.8,0.3,17.367158889770508,29.447969436645508
514000000004,0.0,0.9,0.3,14.8881196975708,28.38030433654785
514000000004,0.0,1.0,0.3,12.933513641357422,27.63870429992676
521000000000,0.0,0.0,0.3,21.04771423339844,23.651262283325195
521000000000,0.0,0.1,0.3,21.047739028930664,23.42700958251953
521000000000,0.0,0.2,0.3,21.013397216796875,23.14858627319336
521000000000,0.0,0.3,0.3,20.881223678588867,23.664140701293945
521000000000,0.0,0.4,0.3,20.74638938903809,23.260610580444336
521000000000,0.0,0.5,0.3,20.73865509033203,22.621322631835938
521000000000,0.0,0.6,0.3,20.26773262023925,22.65228843688965
521000000000,0.0,0.7,0.3,19.655073165893555,23.831098556518555
521000000000,0.0,0.8,0.3,18.28466796875,21.5144271850586
521000000000,0.0,0.9,0.3,17.506460189819336,22.801776885986328
521000000000,0.0,1.0,0.3,15.31757640838623,22.07184791564941
521000000001,0.0,0.0,0.3,18.645544052124023,26.305543899536133
521000000001,0.0,0.1,0.3,18.65492248535156,26.39482307434082
521000000001,0.0,0.2,0.3,18.684297561645508,26.54034423828125
521000000001,0.0,0.3,0.3,18.586027145385746,24.817216873168945
521000000001,0.0,0.4,0.3,18.478565216064453,26.09490966796875
521000000001,0.0,0.5,0.3,18.44753837585449,27.192068099975582
521000000001,0.0,0.6,0.3,18.36262321472168,26.811527252197266
521000000001,0.0,0.7,0.3,18.39723396301269,26.660228729248047
521000000001,0.0,0.8,0.3,17.76582908630371,28.45257568359375
521000000001,0.0,0.9,0.3,18.1560173034668,22.40096092224121
521000000001,0.0,1.0,0.3,16.541362762451172,26.524385452270508
521000000002,0.0,0.0,0.3,21.310447692871094,26.194551467895508
521000000002,0.0,0.1,0.3,21.287073135375977,25.73727035522461
521000000002,0.0,0.2,0.3,21.187652587890625,25.386016845703125
521000000002,0.0,0.3,0.3,20.4190616607666,24.99455451965332
521000000002,0.0,0.4,0.3,19.69570541381836,24.746978759765625
521000000002,0.0,0.5,0.3,19.44286346435547,25.49113273620605
521000000002,0.0,0.6,0.3,18.962764739990234,25.176212310791016
521000000002,0.0,0.7,0.3,18.590620040893555,23.793689727783203
521000000002,0.0,0.8,0.3,20.25624084472656,26.37595558166504
521000000002,0.0,0.9,0.3,20.81190490722656,26.3794059753418
521000000002,0.0,1.0,0.3,19.92947006225586,26.12183952331543
521000000003,0.0,0.0,0.3,18.92897605895996,28.63145446777344
521000000003,0.0,0.1,0.3,18.93666648864746,28.437721252441406
521000000003,0.0,0.2,0.3,18.93086814880371,28.470867156982425
521000000003,0.0,0.3,0.3,18.857702255249023,28.67460250854492
521000000003,0.0,0.4,0.3,18.815114974975582,28.658920288085938
521000000003,0.0,0.5,0.3,18.771041870117188,28.4621810913086
521000000003,0.0,0.6,0.3,18.72307014465332,28.69889068603516
521000000003,0.0,0.7,0.3,18.45573616027832,29.28623008728028
521000000003,0.0,0.8,0.3,17.19816780090332,28.065040588378903
521000000003,0.0,0.9,0.3,18.42830467224121,28.590229034423828
521000000003,0.0,1.0,0.3,18.050382614135746,27.699840545654297
521000000004,0.0,0.0,0.3,19.79051399230957,30.8787784576416
521000000004,0.0,0.1,0.3,19.788799285888672,31.17755699157715
521000000004,0.0,0.2,0.3,19.803237915039062,30.956918716430664
521000000004,0.0,0.3,0.3,19.79437065124512,31.18696594238281
521000000004,0.0,0.4,0.3,19.764339447021484,30.476293563842773
521000000004,0.0,0.5,0.3,19.55578994750977,30.72150039672852
521000000004,0.0,0.6,0.3,19.665189743041992,31.66914367675781
521000000004,0.0,0.7,0.3,19.40353775024414,31.156888961791992
521000000004,0.0,0.8,0.3,19.281068801879883,32.12470626831055
521000000004,0.0,0.9,0.3,19.368427276611328,32.0772819519043
521000000004,0.0,1.0,0.3,19.487504959106445,31.103206634521484
522000000000,0.0,0.0,0.3,23.086780548095703,23.068714141845703
522000000000,0.0,0.1,0.3,23.056978225708008,22.54811286926269
522000000000,0.0,0.2,0.3,23.031145095825195,22.699951171875
522000000000,0.0,0.3,0.3,22.90306854248047,23.38081169128418
522000000000,0.0,0.4,0.3,22.84869956970215,22.33035659790039
522000000000,0.0,0.5,0.3,22.68906021118164,22.201881408691406
522000000000,0.0,0.6,0.3,21.53220558166504,22.903854370117188
522000000000,0.0,0.7,0.3,21.3874568939209,23.503198623657227
522000000000,0.0,0.8,0.3,19.5922966003418,21.57578086853028
522000000000,0.0,0.9,0.3,14.025270462036133,20.36477279663086
522000000000,0.0,1.0,0.3,8.147801399230957,19.345006942749023
522000000001,0.0,0.0,0.3,18.91752052307129,30.203235626220703
522000000001,0.0,0.1,0.3,18.92357444763184,30.211898803710938
522000000001,0.0,0.2,0.3,18.922992706298828,27.686681747436523
522000000001,0.0,0.3,0.3,18.62702178955078,29.248422622680664
522000000001,0.0,0.4,0.3,18.223783493041992,28.202510833740234
522000000001,0.0,0.5,0.3,17.77601432800293,30.326805114746094
522000000001,0.0,0.6,0.3,16.593225479125977,26.778858184814453
522000000001,0.0,0.7,0.3,16.034637451171875,25.284337997436523
522000000001,0.0,0.8,0.3,14.679497718811035,28.134387969970703
522000000001,0.0,0.9,0.3,14.662871360778809,29.496788024902344
522000000001,0.0,1.0,0.3,13.27613639831543,26.92974281311035
522000000002,0.0,0.0,0.3,21.120311737060547,24.225271224975582
522000000002,0.0,0.1,0.3,21.119665145874023,23.689085006713867
522000000002,0.0,0.2,0.3,21.13566017150879,23.358060836791992
522000000002,0.0,0.3,0.3,21.00708770751953,23.22163200378418
522000000002,0.0,0.4,0.3,20.52836799621582,23.034513473510746
522000000002,0.0,0.5,0.3,19.818283081054688,24.55809783935547
522000000002,0.0,0.6,0.3,18.90331077575684,23.82655906677246
522000000002,0.0,0.7,0.3,18.976049423217773,21.43319320678711
522000000002,0.0,0.8,0.3,19.072492599487305,23.691059112548828
522000000002,0.0,0.9,0.3,16.811994552612305,28.81675910949707
522000000002,0.0,1.0,0.3,17.072668075561523,25.708324432373047
522000000003,0.0,0.0,0.3,20.79044914245605,23.52585792541504
522000000003,0.0,0.1,0.3,20.7924919128418,23.63222312927246
522000000003,0.0,0.2,0.3,20.84673500061035,24.92828750610352
522000000003,0.0,0.3,0.3,20.72649383544922,24.863731384277344
522000000003,0.0,0.4,0.3,20.721755981445312,23.37681579589844
522000000003,0.0,0.5,0.3,20.664737701416016,25.42195701599121
522000000003,0.0,0.6,0.3,20.2653923034668,25.2501220703125
522000000003,0.0,0.7,0.3,19.067800521850582,25.83889579772949
522000000003,0.0,0.8,0.3,19.866914749145508,22.6563663482666
522000000003,0.0,0.9,0.3,17.125713348388672,27.796628952026367
522000000003,0.0,1.0,0.3,14.037333488464355,25.030696868896484
522000000004,0.0,0.0,0.3,18.1090087890625,24.122159957885746
522000000004,0.0,0.1,0.3,18.101638793945312,24.145183563232425
522000000004,0.0,0.2,0.3,18.106189727783203,24.12187385559082
522000000004,0.0,0.3,0.3,18.08481216430664,24.90178871154785
522000000004,0.0,0.4,0.3,18.063844680786133,23.303695678710938
522000000004,0.0,0.5,0.3,18.123994827270508,24.75014305114746
522000000004,0.0,0.6,0.3,17.915599822998047,23.345457077026367
522000000004,0.0,0.7,0.3,16.697751998901367,24.964200973510746
522000000004,0.0,0.8,0.3,16.685842514038086,24.023202896118164
522000000004,0.0,0.9,0.3,14.7296724319458,25.28478240966797
522000000004,0.0,1.0,0.3,15.161861419677734,28.90260887145996
523000000000,0.0,0.0,0.3,19.117631912231445,26.417858123779297
523000000000,0.0,0.1,0.3,19.13162422180176,26.19602394104004
523000000000,0.0,0.2,0.3,19.13323783874512,25.9160099029541
523000000000,0.0,0.3,0.3,19.076547622680664,26.472150802612305
523000000000,0.0,0.4,0.3,18.969953536987305,26.460731506347656
523000000000,0.0,0.5,0.3,18.792625427246094,26.881397247314453
523000000000,0.0,0.6,0.3,18.63354110717773,25.81802558898925
523000000000,0.0,0.7,0.3,16.997188568115234,25.96853446960449
523000000000,0.0,0.8,0.3,14.225103378295898,22.210418701171875
523000000000,0.0,0.9,0.3,12.61814022064209,27.66992950439453
523000000000,0.0,1.0,0.3,13.63276195526123,27.760971069335938
523000000001,0.0,0.0,0.3,18.283466339111328,27.53739356994629
523000000001,0.0,0.1,0.3,18.276744842529297,27.889936447143555
523000000001,0.0,0.2,0.3,18.258319854736328,27.444808959960938
523000000001,0.0,0.3,0.3,18.222421646118164,28.035186767578125
523000000001,0.0,0.4,0.3,18.057064056396484,27.964067459106445
523000000001,0.0,0.5,0.3,17.727018356323242,28.63984489440918
523000000001,0.0,0.6,0.3,16.459970474243164,29.159290313720703
523000000001,0.0,0.7,0.3,15.90833568572998,27.985095977783203
523000000001,0.0,0.8,0.3,17.307430267333984,27.49214744567871
523000000001,0.0,0.9,0.3,16.165664672851562,26.291677474975582
523000000001,0.0,1.0,0.3,16.38593101501465,27.431196212768555
523000000002,0.0,0.0,0.3,20.596599578857425,26.59309196472168
523000000002,0.0,0.1,0.3,20.60361099243164,26.566463470458984
523000000002,0.0,0.2,0.3,20.623714447021484,26.642942428588867
523000000002,0.0,0.3,0.3,20.47322654724121,26.407245635986328
523000000002,0.0,0.4,0.3,20.54780387878418,26.449954986572266
523000000002,0.0,0.5,0.3,20.466976165771484,26.23789596557617
523000000002,0.0,0.6,0.3,20.35375213623047,26.20365333557129
523000000002,0.0,0.7,0.3,19.946895599365234,25.174575805664062
523000000002,0.0,0.8,0.3,19.69896125793457,25.23355484008789
523000000002,0.0,0.9,0.3,19.037260055541992,25.92005729675293
523000000002,0.0,1.0,0.3,19.435035705566406,25.214031219482425
523000000003,0.0,0.0,0.3,19.210468292236328,27.60029983520508
523000000003,0.0,0.1,0.3,19.21017837524414,27.41573143005371
523000000003,0.0,0.2,0.3,19.178911209106445,27.18023681640625
523000000003,0.0,0.3,0.3,19.137868881225582,26.45195960998535
523000000003,0.0,0.4,0.3,18.98183250427246,27.07515335083008
523000000003,0.0,0.5,0.3,19.02002716064453,27.56980323791504
523000000003,0.0,0.6,0.3,18.67635726928711,27.83966445922852
523000000003,0.0,0.7,0.3,18.28785514831543,27.42632102966309
523000000003,0.0,0.8,0.3,16.467674255371094,28.565603256225582
523000000003,0.0,0.9,0.3,17.004384994506836,27.53038024902344
523000000003,0.0,1.0,0.3,15.655911445617676,28.143617630004883
523000000004,0.0,0.0,0.3,20.80520820617676,26.49225234985352
523000000004,0.0,0.1,0.3,20.81943702697754,26.32308006286621
523000000004,0.0,0.2,0.3,20.833860397338867,26.0828914642334
523000000004,0.0,0.3,0.3,20.748369216918945,25.49419403076172
523000000004,0.0,0.4,0.3,20.43676948547364,25.92004776000977
523000000004,0.0,0.5,0.3,20.53122901916504,26.39997100830078
523000000004,0.0,0.6,0.3,19.431760787963867,26.112342834472656
523000000004,0.0,0.7,0.3,19.12934684753418,25.33919143676757
523000000004,0.0,0.8,0.3,18.616729736328125,27.68697166442871
523000000004,0.0,0.9,0.3,17.75498390197754,25.46092796325684
523000000004,0.0,1.0,0.3,15.277965545654297,25.063758850097656
524000000000,0.0,0.0,0.3,20.7386531829834,21.606822967529297
524000000000,0.0,0.1,0.3,20.72358512878418,21.4121036529541
524000000000,0.0,0.2,0.3,20.64798355102539,22.174474716186523
524000000000,0.0,0.3,0.3,20.43193817138672,22.80901908874512
524000000000,0.0,0.4,0.3,20.21772193908692,23.663774490356445
524000000000,0.0,0.5,0.3,20.10702896118164,22.958717346191406
524000000000,0.0,0.6,0.3,19.83946418762207,24.1083984375
524000000000,0.0,0.7,0.3,19.71673583984375,22.60013008117676
524000000000,0.0,0.8,0.3,18.86923217773437,22.333585739135746
524000000000,0.0,0.9,0.3,18.580211639404297,21.91225814819336
524000000000,0.0,1.0,0.3,18.56965446472168,22.09992790222168
524000000001,0.0,0.0,0.3,19.622472763061523,26.48710060119629
524000000001,0.0,0.1,0.3,19.595001220703125,26.50350379943848
524000000001,0.0,0.2,0.3,19.51110076904297,26.695465087890625
524000000001,0.0,0.3,0.3,19.39444160461425,26.99577522277832
524000000001,0.0,0.4,0.3,19.236072540283203,27.345462799072266
524000000001,0.0,0.5,0.3,18.67342758178711,26.100980758666992
524000000001,0.0,0.6,0.3,17.684240341186523,27.42307472229004
524000000001,0.0,0.7,0.3,16.563140869140625,27.37338638305664
524000000001,0.0,0.8,0.3,15.528512001037598,29.58258438110352
524000000001,0.0,0.9,0.3,13.960393905639648,29.2718448638916
524000000001,0.0,1.0,0.3,11.39505386352539,29.98262596130371
524000000002,0.0,0.0,0.3,17.816240310668945,25.16102409362793
524000000002,0.0,0.1,0.3,17.860828399658203,22.873262405395508
524000000002,0.0,0.2,0.3,17.853763580322266,24.490312576293945
524000000002,0.0,0.3,0.3,17.71083641052246,23.58702850341797
524000000002,0.0,0.4,0.3,17.542373657226562,23.710527420043945
524000000002,0.0,0.5,0.3,17.466951370239258,25.32069969177246
524000000002,0.0,0.6,0.3,17.3162784576416,27.77084350585937
524000000002,0.0,0.7,0.3,16.725418090820312,28.66912269592285
524000000002,0.0,0.8,0.3,16.294992446899414,29.59929656982422
524000000002,0.0,0.9,0.3,15.331801414489746,26.846742630004883
524000000002,0.0,1.0,0.3,12.467687606811523,23.959531784057617
524000000003,0.0,0.0,0.3,22.41509056091309,26.462411880493164
524000000003,0.0,0.1,0.3,22.43909072875977,26.304399490356445
524000000003,0.0,0.2,0.3,22.43094825744629,26.435970306396484
524000000003,0.0,0.3,0.3,22.334714889526367,26.521114349365234
524000000003,0.0,0.4,0.3,22.27655792236328,26.23394203186035
524000000003,0.0,0.5,0.3,22.13444709777832,26.636213302612305
524000000003,0.0,0.6,0.3,22.202741622924805,26.313709259033203
524000000003,0.0,0.7,0.3,21.7309684753418,26.04972076416016
524000000003,0.0,0.8,0.3,21.258684158325195,27.10718536376953
524000000003,0.0,0.9,0.3,21.296968460083008,26.65702438354492
524000000003,0.0,1.0,0.3,21.415620803833008,26.834339141845703
524000000004,0.0,0.0,0.3,16.370466232299805,27.49015998840332
524000000004,0.0,0.1,0.3,16.390705108642578,28.43183898925781
524000000004,0.0,0.2,0.3,16.397314071655273,28.64806365966797
524000000004,0.0,0.3,0.3,16.117847442626953,26.925212860107425
524000000004,0.0,0.4,0.3,15.93959617614746,26.050508499145508
524000000004,0.0,0.5,0.3,15.192328453063965,27.28340530395508
524000000004,0.0,0.6,0.3,15.286420822143556,23.80223655700684
524000000004,0.0,0.7,0.3,14.872093200683594,26.868633270263672
524000000004,0.0,0.8,0.3,14.013381958007812,26.84943389892578
524000000004,0.0,0.9,0.3,13.103718757629396,27.17418670654297
524000000004,0.0,1.0,0.3,12.775124549865724,24.36343002319336
611000000000,0.0,0.0,0.3,21.0466251373291,20.19820785522461
611000000000,0.0,0.1,0.3,21.016849517822266,20.537914276123047
611000000000,0.0,0.2,0.3,21.00634956359864,20.365705490112305
611000000000,0.0,0.3,0.3,20.978057861328125,20.12833976745605
611000000000,0.0,0.4,0.3,20.88145446777344,19.80779266357422
611000000000,0.0,0.5,0.3,20.892751693725582,20.744009017944336
611000000000,0.0,0.6,0.3,20.581377029418945,21.032196044921875
611000000000,0.0,0.7,0.3,20.671594619750977,21.7465763092041
611000000000,0.0,0.8,0.3,14.904351234436035,25.511180877685547
611000000000,0.0,0.9,0.3,14.774686813354492,25.614578247070312
611000000000,0.0,1.0,0.3,15.02281379699707,24.646175384521484
611000000001,0.0,0.0,0.3,15.211684226989746,33.10258102416992
611000000001,0.0,0.1,0.3,15.210460662841797,33.102806091308594
611000000001,0.0,0.2,0.3,15.201199531555176,33.18785858154297
611000000001,0.0,0.3,0.3,14.938149452209473,35.76689910888672
611000000001,0.0,0.4,0.3,14.695321083068848,35.281246185302734
611000000001,0.0,0.5,0.3,14.504561424255373,35.83610534667969
611000000001,0.0,0.6,0.3,13.894083976745604,34.78832244873047
611000000001,0.0,0.7,0.3,11.42892360687256,37.33404159545898
611000000001,0.0,0.8,0.3,11.56063175201416,34.90556335449219
611000000001,0.0,0.9,0.3,12.488430976867676,37.10011672973633
611000000001,0.0,1.0,0.3,13.138764381408691,36.23089218139648
611000000002,0.0,0.0,0.3,18.96209144592285,19.34514808654785
611000000002,0.0,0.1,0.3,18.96350479125977,19.68412399291992
611000000002,0.0,0.2,0.3,18.933652877807617,21.00957679748535
611000000002,0.0,0.3,0.3,18.813905715942383,26.17442321777344
611000000002,0.0,0.4,0.3,18.52644729614257,16.52599334716797
611000000002,0.0,0.5,0.3,18.156503677368164,16.41309356689453
611000000002,0.0,0.6,0.3,17.53300666809082,25.85811233520508
611000000002,0.0,0.7,0.3,16.692821502685547,28.477521896362305
611000000002,0.0,0.8,0.3,13.62055206298828,23.25650978088379
611000000002,0.0,0.9,0.3,12.957260131835938,25.54887008666992
611000000002,0.0,1.0,0.3,11.351863861083984,27.758174896240234
611000000003,0.0,0.0,0.3,16.768898010253906,30.578834533691406
611000000003,0.0,0.1,0.3,16.766340255737305,29.62768745422364
611000000003,0.0,0.2,0.3,16.77712631225586,30.40119361877441
611000000003,0.0,0.3,0.3,16.592178344726562,28.762752532958984
611000000003,0.0,0.4,0.3,16.51969337463379,29.60336875915528
611000000003,0.0,0.5,0.3,16.27202796936035,29.406726837158203
611000000003,0.0,0.6,0.3,15.950685501098633,31.973249435424805
611000000003,0.0,0.7,0.3,15.614133834838867,32.05030822753906
611000000003,0.0,0.8,0.3,14.98029613494873,30.38509559631348
611000000003,0.0,0.9,0.3,14.655227661132812,30.69939613342285
611000000003,0.0,1.0,0.3,14.526463508605955,30.787771224975582
611000000004,0.0,0.0,0.3,21.0378646850586,30.49376678466797
611000000004,0.0,0.1,0.3,21.021467208862305,30.76572036743164
611000000004,0.0,0.2,0.3,20.929283142089844,30.81570816040039
611000000004,0.0,0.3,0.3,20.72023582458496,31.20240020751953
611000000004,0.0,0.4,0.3,20.32130241394043,32.37164688110352
611000000004,0.0,0.5,0.3,19.72563934326172,33.11042022705078
611000000004,0.0,0.6,0.3,19.33394241333008,31.211441040039062
611000000004,0.0,0.7,0.3,18.082035064697266,30.688344955444336
611000000004,0.0,0.8,0.3,16.802078247070312,31.773406982421875
611000000004,0.0,0.9,0.3,15.794251441955566,30.05569648742676
611000000004,0.0,1.0,0.3,14.387652397155762,33.880348205566406
612000000000,0.0,0.0,0.3,15.357677459716797,27.69153213500977
612000000000,0.0,0.1,0.3,15.350460052490234,27.896303176879883
612000000000,0.0,0.2,0.3,15.339109420776367,28.01572036743164
612000000000,0.0,0.3,0.3,15.324630737304688,28.25777244567871
612000000000,0.0,0.4,0.3,15.24332332611084,28.168174743652344
612000000000,0.0,0.5,0.3,15.189903259277344,28.067964553833008
612000000000,0.0,0.6,0.3,14.642993927001951,30.304798126220703
612000000000,0.0,0.7,0.3,13.62125015258789,29.910892486572266
612000000000,0.0,0.8,0.3,13.178791046142578,31.11109733581543
612000000000,0.0,0.9,0.3,12.151982307434082,28.614765167236328
612000000000,0.0,1.0,0.3,10.263134002685549,29.488832473754883
612000000001,0.0,0.0,0.3,18.09720230102539,23.69258689880371
612000000001,0.0,0.1,0.3,18.10294342041016,23.608503341674805
612000000001,0.0,0.2,0.3,18.11191368103028,24.17768859863281
612000000001,0.0,0.3,0.3,17.98802375793457,24.400440216064453
612000000001,0.0,0.4,0.3,17.724679946899414,28.64281463623047
612000000001,0.0,0.5,0.3,17.43096351623535,28.710174560546875
612000000001,0.0,0.6,0.3,17.526485443115234,29.91023063659668
612000000001,0.0,0.7,0.3,16.72197151184082,28.60661125183105
612000000001,0.0,0.8,0.3,12.94249439239502,26.753307342529297
612000000001,0.0,0.9,0.3,15.64846897125244,27.64228630065918
612000000001,0.0,1.0,0.3,13.542880058288574,25.147018432617188
612000000002,0.0,0.0,0.3,25.60810279846192,24.32635498046875
612000000002,0.0,0.1,0.3,25.58904457092285,23.27174949645996
612000000002,0.0,0.2,0.3,25.56118965148925,24.436647415161133
612000000002,0.0,0.3,0.3,25.537227630615234,24.714982986450195
612000000002,0.0,0.4,0.3,25.26567840576172,23.572799682617188
612000000002,0.0,0.5,0.3,24.70514488220215,24.522329330444336
612000000002,0.0,0.6,0.3,23.298831939697266,24.28660011291504
612000000002,0.0,0.7,0.3,20.237159729003903,24.91934967041016
612000000002,0.0,0.8,0.3,16.258760452270508,25.81031990051269
612000000002,0.0,0.9,0.3,12.808191299438477,27.18890380859375
612000000002,0.0,1.0,0.3,9.68100929260254,24.673906326293945
612000000003,0.0,0.0,0.3,20.51123237609864,25.391843795776367
612000000003,0.0,0.1,0.3,20.4582633972168,24.96560859680176
612000000003,0.0,0.2,0.3,20.23298072814941,25.027074813842773
612000000003,0.0,0.3,0.3,19.60301399230957,27.65331649780273
612000000003,0.0,0.4,0.3,18.631511688232425,26.80479621887207
612000000003,0.0,0.5,0.3,17.275562286376953,30.568038940429688
612000000003,0.0,0.6,0.3,16.364398956298828,30.751523971557617
612000000003,0.0,0.7,0.3,15.554469108581545,30.51702880859375
612000000003,0.0,0.8,0.3,14.224616050720217,28.49814987182617
612000000003,0.0,0.9,0.3,14.249947547912598,26.505395889282227
612000000003,0.0,1.0,0.3,13.662013053894045,23.584903717041016
612000000004,0.0,0.0,0.3,20.21559333801269,28.10089492797852
612000000004,0.0,0.1,0.3,20.220029830932617,29.0252628326416
612000000004,0.0,0.2,0.3,20.19570541381836,29.395973205566406
612000000004,0.0,0.3,0.3,20.10924530029297,27.670574188232425
612000000004,0.0,0.4,0.3,20.0289249420166,28.171241760253903
612000000004,0.0,0.5,0.3,19.91314697265625,28.85848617553711
612000000004,0.0,0.6,0.3,19.58007431030273,28.61161231994629
612000000004,0.0,0.7,0.3,19.121931076049805,29.89838409423828
612000000004,0.0,0.8,0.3,18.47612190246582,27.91913795471192
612000000004,0.0,0.9,0.3,17.508777618408203,27.38279914855957
612000000004,0.0,1.0,0.3,17.5598087310791,29.17105293273925
613000000000,0.0,0.0,0.3,15.810243606567385,27.7456283569336
613000000000,0.0,0.1,0.3,15.813288688659668,27.451494216918945
613000000000,0.0,0.2,0.3,15.751574516296388,28.98203659057617
613000000000,0.0,0.3,0.3,15.628332138061523,27.850231170654297
613000000000,0.0,0.4,0.3,15.548669815063477,28.83576393127441
613000000000,0.0,0.5,0.3,15.234102249145508,28.25805282592773
613000000000,0.0,0.6,0.3,14.90077304840088,28.148496627807617
613000000000,0.0,0.7,0.3,14.05711555480957,31.089693069458008
613000000000,0.0,0.8,0.3,13.391908645629885,32.06745529174805
613000000000,0.0,0.9,0.3,12.743799209594728,29.905113220214844
613000000000,0.0,1.0,0.3,12.24514389038086,30.50180053710937
613000000001,0.0,0.0,0.3,19.97874641418457,19.688207626342773
613000000001,0.0,0.1,0.3,19.917205810546875,19.579395294189453
613000000001,0.0,0.2,0.3,19.87151527404785,19.67633056640625
613000000001,0.0,0.3,0.3,19.51779556274414,19.940889358520508
613000000001,0.0,0.4,0.3,19.038726806640625,21.82326316833496
613000000001,0.0,0.5,0.3,18.142147064208984,24.006479263305664
613000000001,0.0,0.6,0.3,16.265541076660156,23.62778282165528
613000000001,0.0,0.7,0.3,15.067017555236816,25.30255889892578
613000000001,0.0,0.8,0.3,13.70490837097168,28.36842155456543
613000000001,0.0,0.9,0.3,12.869333267211914,23.159330368041992
613000000001,0.0,1.0,0.3,12.918685913085938,25.43481636047364
613000000002,0.0,0.0,0.3,20.429895401000977,29.531658172607425
613000000002,0.0,0.1,0.3,20.358299255371094,29.86009788513184
613000000002,0.0,0.2,0.3,20.14911651611328,29.911455154418945
613000000002,0.0,0.3,0.3,19.62454032897949,29.96418190002441
613000000002,0.0,0.4,0.3,19.039522171020508,30.346235275268555
613000000002,0.0,0.5,0.3,17.752456665039062,30.656099319458008
613000000002,0.0,0.6,0.3,16.281387329101562,30.28908348083496
613000000002,0.0,0.7,0.3,14.490769386291504,29.973052978515625
613000000002,0.0,0.8,0.3,12.812360763549805,29.77522659301757
613000000002,0.0,0.9,0.3,10.538663864135742,29.26688766479492
613000000002,0.0,1.0,0.3,8.563602447509766,30.233842849731445
613000000003,0.0,0.0,0.3,20.499170303344727,22.223499298095703
613000000003,0.0,0.1,0.3,20.489707946777344,21.00931930541992
613000000003,0.0,0.2,0.3,20.45664596557617,23.774375915527344
613000000003,0.0,0.3,0.3,20.234317779541016,22.88992691040039
613000000003,0.0,0.4,0.3,20.09336280822754,22.529346466064453
613000000003,0.0,0.5,0.3,19.05154037475586,22.837326049804688
613000000003,0.0,0.6,0.3,18.55439567565918,22.62823486328125
613000000003,0.0,0.7,0.3,17.379117965698242,22.5981674194336
613000000003,0.0,0.8,0.3,15.406821250915527,22.16628837585449
613000000003,0.0,0.9,0.3,11.485989570617676,21.877592086791992
613000000003,0.0,1.0,0.3,4.718738079071045,21.31739044189453
613000000004,0.0,0.0,0.3,17.449281692504883,27.4349365234375
613000000004,0.0,0.1,0.3,17.4455623626709,26.551258087158203
613000000004,0.0,0.2,0.3,17.46379852294922,27.09359741210937
613000000004,0.0,0.3,0.3,17.293317794799805,27.48866081237793
613000000004,0.0,0.4,0.3,17.107934951782227,27.841033935546875
613000000004,0.0,0.5,0.3,16.711957931518555,28.400409698486328
613000000004,0.0,0.6,0.3,16.759185791015625,28.83872985839844
613000000004,0.0,0.7,0.3,16.28874969482422,29.576313018798828
613000000004,0.0,0.8,0.3,15.90506076812744,32.667449951171875
613000000004,0.0,0.9,0.3,15.611424446105955,30.42863655090332
613000000004,0.0,1.0,0.3,15.074594497680664,31.46966361999512
614000000000,0.0,0.0,0.3,22.998659133911133,25.04613494873047
614000000000,0.0,0.1,0.3,23.010948181152344,24.21077537536621
614000000000,0.0,0.2,0.3,22.989551544189453,23.33104705810547
614000000000,0.0,0.3,0.3,22.85480308532715,24.49018096923828
614000000000,0.0,0.4,0.3,22.35771751403809,24.823486328125
614000000000,0.0,0.5,0.3,21.593896865844727,25.174205780029297
614000000000,0.0,0.6,0.3,19.508913040161133,27.75073432922364
614000000000,0.0,0.7,0.3,17.686124801635742,26.293949127197266
614000000000,0.0,0.8,0.3,18.99764060974121,25.912548065185547
614000000000,0.0,0.9,0.3,19.07327461242676,25.813888549804688
614000000000,0.0,1.0,0.3,21.35818290710449,25.799196243286133
614000000001,0.0,0.0,0.3,19.615249633789062,24.43191909790039
614000000001,0.0,0.1,0.3,19.603212356567383,24.65163803100586
614000000001,0.0,0.2,0.3,19.53970527648925,24.69011878967285
614000000001,0.0,0.3,0.3,19.40492820739746,25.54733657836914
614000000001,0.0,0.4,0.3,19.262975692749023,26.233783721923828
614000000001,0.0,0.5,0.3,18.98723793029785,26.52810478210449
614000000001,0.0,0.6,0.3,18.65288352966309,25.52410888671875
614000000001,0.0,0.7,0.3,17.881023406982422,26.93328857421875
614000000001,0.0,0.8,0.3,15.758773803710938,27.351486206054688
614000000001,0.0,0.9,0.3,15.005910873413086,27.49547576904297
614000000001,0.0,1.0,0.3,13.991060256958008,27.68170547485352
614000000002,0.0,0.0,0.3,25.151840209960938,21.5768985748291
614000000002,0.0,0.1,0.3,25.03882026672364,21.993013381958008
614000000002,0.0,0.2,0.3,24.81463050842285,21.49128150939941
614000000002,0.0,0.3,0.3,24.26880645751953,21.58603477478028
614000000002,0.0,0.4,0.3,23.18114471435547,22.194862365722656
614000000002,0.0,0.5,0.3,22.035520553588867,21.78324508666992
614000000002,0.0,0.6,0.3,20.62196159362793,22.29760360717773
614000000002,0.0,0.7,0.3,19.221466064453125,23.6267318725586
614000000002,0.0,0.8,0.3,17.613800048828125,22.052959442138672
614000000002,0.0,0.9,0.3,15.771825790405272,23.33621025085449
614000000002,0.0,1.0,0.3,15.585394859313965,23.35261917114257
614000000003,0.0,0.0,0.3,22.5236873626709,28.04150009155273
614000000003,0.0,0.1,0.3,22.50479888916016,27.86662673950196
614000000003,0.0,0.2,0.3,22.45061111450196,28.30799865722656
614000000003,0.0,0.3,0.3,22.231651306152344,28.44261741638184
614000000003,0.0,0.4,0.3,21.602510452270508,29.86486053466797
614000000003,0.0,0.5,0.3,21.25886917114257,29.581165313720703
614000000003,0.0,0.6,0.3,20.51811408996582,29.778783798217773
614000000003,0.0,0.7,0.3,19.53095245361328,28.90181541442871
614000000003,0.0,0.8,0.3,18.05978202819824,29.34765815734864
614000000003,0.0,0.9,0.3,14.939485549926758,29.75871658325196
614000000003,0.0,1.0,0.3,13.32779598236084,29.19063949584961
614000000004,0.0,0.0,0.3,21.584659576416016,19.89017105102539
614000000004,0.0,0.1,0.3,21.574426651000977,20.40493965148925
614000000004,0.0,0.2,0.3,21.49430084228516,20.083351135253903
614000000004,0.0,0.3,0.3,21.219877243041992,21.005512237548828
614000000004,0.0,0.4,0.3,21.018159866333008,20.356285095214844
614000000004,0.0,0.5,0.3,20.36896324157715,20.221698760986328
614000000004,0.0,0.6,0.3,18.654584884643555,21.787458419799805
614000000004,0.0,0.7,0.3,15.678409576416016,22.776079177856445
614000000004,0.0,0.8,0.3,13.195295333862305,23.67000198364257
614000000004,0.0,0.9,0.3,11.786651611328123,23.477325439453125
614000000004,0.0,1.0,0.3,16.368759155273438,22.324806213378903
621000000000,0.0,0.0,0.3,19.0664176940918,25.91171646118164
621000000000,0.0,0.1,0.3,19.06426429748535,26.045095443725582
621000000000,0.0,0.2,0.3,19.09579467773437,25.647705078125
621000000000,0.0,0.3,0.3,19.028627395629883,25.91448211669922
621000000000,0.0,0.4,0.3,18.95467185974121,26.0718994140625
621000000000,0.0,0.5,0.3,18.839820861816406,26.4646110534668
621000000000,0.0,0.6,0.3,18.746198654174805,26.658523559570312
621000000000,0.0,0.7,0.3,18.43894386291504,27.311662673950195
621000000000,0.0,0.8,0.3,18.1397705078125,27.24217796325684
621000000000,0.0,0.9,0.3,17.237600326538086,26.2816104888916
621000000000,0.0,1.0,0.3,15.665838241577148,29.121267318725582
621000000001,0.0,0.0,0.3,20.34259796142578,25.581785202026367
621000000001,0.0,0.1,0.3,20.27827262878418,25.412845611572266
621000000001,0.0,0.2,0.3,20.101720809936523,25.88483619689941
621000000001,0.0,0.3,0.3,19.83035469055176,26.21536636352539
621000000001,0.0,0.4,0.3,19.409278869628903,26.414268493652344
621000000001,0.0,0.5,0.3,18.974916458129883,26.20566177368164
621000000001,0.0,0.6,0.3,18.092369079589844,28.727209091186523
621000000001,0.0,0.7,0.3,16.433147430419922,29.68596267700196
621000000001,0.0,0.8,0.3,15.684633255004885,29.412830352783203
621000000001,0.0,0.9,0.3,15.080591201782228,29.61381149291992
621000000001,0.0,1.0,0.3,10.74159812927246,29.69413948059082
621000000002,0.0,0.0,0.3,21.52378273010254,25.65109062194824
621000000002,0.0,0.1,0.3,21.45171356201172,26.127084732055664
621000000002,0.0,0.2,0.3,21.385719299316406,26.86969947814941
621000000002,0.0,0.3,0.3,21.01386070251465,27.23634910583496
621000000002,0.0,0.4,0.3,20.502063751220703,27.272600173950195
621000000002,0.0,0.5,0.3,20.04391288757324,27.27724266052246
621000000002,0.0,0.6,0.3,19.709442138671875,27.57714462280273
621000000002,0.0,0.7,0.3,19.19218063354492,27.2126579284668
621000000002,0.0,0.8,0.3,17.92021942138672,27.88479232788086
621000000002,0.0,0.9,0.3,16.3804931640625,27.30361557006836
621000000002,0.0,1.0,0.3,16.558597564697266,27.18143081665039
621000000003,0.0,0.0,0.3,17.452096939086914,19.89949607849121
621000000003,0.0,0.1,0.3,17.407201766967773,19.708045959472656
621000000003,0.0,0.2,0.3,17.299686431884766,20.39813041687012
621000000003,0.0,0.3,0.3,17.2710018157959,20.303285598754883
621000000003,0.0,0.4,0.3,17.131561279296875,19.73446273803711
621000000003,0.0,0.5,0.3,16.76144790649414,20.5959529876709
621000000003,0.0,0.6,0.3,16.507776260375977,19.717086791992188
621000000003,0.0,0.7,0.3,15.82883071899414,20.28274726867676
621000000003,0.0,0.8,0.3,12.887128829956056,23.034088134765625
621000000003,0.0,0.9,0.3,12.45869255065918,22.420988082885746
621000000003,0.0,1.0,0.3,13.755691528320312,20.572036743164062
621000000004,0.0,0.0,0.3,20.591779708862305,25.46179962158203
621000000004,0.0,0.1,0.3,20.52762985229492,25.33732986450196
621000000004,0.0,0.2,0.3,20.34483337402344,24.86865425109864
621000000004,0.0,0.3,0.3,20.03032112121582,25.50295639038086
621000000004,0.0,0.4,0.3,19.51420211791992,25.13648223876953
621000000004,0.0,0.5,0.3,18.954853057861328,25.39573860168457
621000000004,0.0,0.6,0.3,18.234350204467773,25.47598457336425
621000000004,0.0,0.7,0.3,16.835290908813477,26.391834259033203
621000000004,0.0,0.8,0.3,15.544567108154297,26.868087768554688
621000000004,0.0,0.9,0.3,14.999103546142578,26.64430427551269
621000000004,0.0,1.0,0.3,14.88620662689209,28.625228881835938
622000000000,0.0,0.0,0.3,28.33283233642578,14.578755378723145
622000000000,0.0,0.1,0.3,28.295793533325195,14.68185329437256
622000000000,0.0,0.2,0.3,28.241369247436523,15.04200553894043
622000000000,0.0,0.3,0.3,28.091550827026367,14.653155326843262
622000000000,0.0,0.4,0.3,28.086366653442383,19.27686882019043
622000000000,0.0,0.5,0.3,28.226055145263672,18.78425025939941
622000000000,0.0,0.6,0.3,28.320947647094727,18.11191177368164
622000000000,0.0,0.7,0.3,27.383808135986328,20.6023178100586
622000000000,0.0,0.8,0.3,23.184858322143555,25.342145919799805
622000000000,0.0,0.9,0.3,18.53314971923828,26.55850601196289
622000000000,0.0,1.0,0.3,10.864490509033203,24.618955612182617
622000000001,0.0,0.0,0.3,16.14663314819336,17.404382705688477
622000000001,0.0,0.1,0.3,16.145034790039062,18.281885147094727
622000000001,0.0,0.2,0.3,16.12567138671875,17.592477798461914
622000000001,0.0,0.3,0.3,16.032068252563477,18.774093627929688
622000000001,0.0,0.4,0.3,15.924467086791992,20.15707778930664
622000000001,0.0,0.5,0.3,15.320686340332031,23.46800804138184
622000000001,0.0,0.6,0.3,14.059478759765623,21.102413177490234
622000000001,0.0,0.7,0.3,12.37717628479004,23.108116149902344
622000000001,0.0,0.8,0.3,11.590388298034668,20.19857215881348
622000000001,0.0,0.9,0.3,11.427536010742188,21.80623435974121
622000000001,0.0,1.0,0.3,10.544175148010254,20.22886276245117
622000000002,0.0,0.0,0.3,20.69847297668457,21.98954200744629
622000000002,0.0,0.1,0.3,20.670425415039062,21.99574279785156
622000000002,0.0,0.2,0.3,20.59131622314453,22.1400146484375
622000000002,0.0,0.3,0.3,20.49159240722656,22.029390335083008
622000000002,0.0,0.4,0.3,20.382923126220703,23.00680351257324
622000000002,0.0,0.5,0.3,19.84630584716797,23.387380599975582
622000000002,0.0,0.6,0.3,19.3996524810791,24.44806671142578
622000000002,0.0,0.7,0.3,19.284597396850582,22.8020076751709
622000000002,0.0,0.8,0.3,19.002065658569336,22.846559524536133
622000000002,0.0,0.9,0.3,17.37535285949707,19.921693801879883
622000000002,0.0,1.0,0.3,16.35426139831543,23.23229217529297
622000000003,0.0,0.0,0.3,25.504281997680664,21.28850173950196
622000000003,0.0,0.1,0.3,25.48162651062012,21.172697067260746
622000000003,0.0,0.2,0.3,25.488330841064453,21.59736442565918
622000000003,0.0,0.3,0.3,25.23741149902344,21.50644302368164
622000000003,0.0,0.4,0.3,24.7355899810791,21.836090087890625
622000000003,0.0,0.5,0.3,23.00861930847168,22.486955642700195
622000000003,0.0,0.6,0.3,21.50620079040528,23.127132415771484
622000000003,0.0,0.7,0.3,20.133907318115234,24.15081787109375
622000000003,0.0,0.8,0.3,15.557679176330566,24.470836639404297
622000000003,0.0,0.9,0.3,12.234758377075195,25.197166442871094
622000000003,0.0,1.0,0.3,10.04088020324707,25.65216445922852
622000000004,0.0,0.0,0.3,21.817821502685547,18.21230125427246
622000000004,0.0,0.1,0.3,21.818988800048828,19.174022674560547
622000000004,0.0,0.2,0.3,21.741718292236328,20.214468002319336
622000000004,0.0,0.3,0.3,21.52964401245117,20.854143142700195
622000000004,0.0,0.4,0.3,21.25002670288086,19.60810661315918
622000000004,0.0,0.5,0.3,21.10051155090332,18.78586769104004
622000000004,0.0,0.6,0.3,20.1238021850586,21.310565948486328
622000000004,0.0,0.7,0.3,14.856571197509766,25.122934341430664
622000000004,0.0,0.8,0.3,13.64969539642334,26.374483108520508
622000000004,0.0,0.9,0.3,13.023594856262209,26.50173568725586
622000000004,0.0,1.0,0.3,12.853425979614258,22.259620666503903
623000000000,0.0,0.0,0.3,20.93600082397461,23.28257369995117
623000000000,0.0,0.1,0.3,20.80514907836914,23.057750701904297
623000000000,0.0,0.2,0.3,20.7896785736084,23.4599838256836
623000000000,0.0,0.3,0.3,20.44744110107422,23.8485107421875
623000000000,0.0,0.4,0.3,19.634769439697266,24.392696380615234
623000000000,0.0,0.5,0.3,19.45833206176757,24.34189224243164
623000000000,0.0,0.6,0.3,18.34371757507324,24.891414642333984
623000000000,0.0,0.7,0.3,16.634817123413086,25.41034889221192
623000000000,0.0,0.8,0.3,16.8609561920166,21.95946311950684
623000000000,0.0,0.9,0.3,16.868864059448242,20.738019943237305
623000000000,0.0,1.0,0.3,15.491119384765623,23.11067008972168
623000000001,0.0,0.0,0.3,19.123090744018555,28.12694358825684
623000000001,0.0,0.1,0.3,19.104812622070312,27.82080841064453
623000000001,0.0,0.2,0.3,19.08937263488769,28.34171867370605
623000000001,0.0,0.3,0.3,18.836196899414062,28.06707000732422
623000000001,0.0,0.4,0.3,18.761632919311523,27.241628646850582
623000000001,0.0,0.5,0.3,18.66488647460937,27.05718040466309
623000000001,0.0,0.6,0.3,18.68831825256348,28.011978149414062
623000000001,0.0,0.7,0.3,18.98836898803711,28.141939163208008
623000000001,0.0,0.8,0.3,18.912078857421875,28.006261825561523
623000000001,0.0,0.9,0.3,18.1970329284668,28.16975784301757
623000000001,0.0,1.0,0.3,18.831825256347656,27.18027877807617
623000000002,0.0,0.0,0.3,23.414287567138672,23.587446212768555
623000000002,0.0,0.1,0.3,23.41274070739746,23.544662475585938
623000000002,0.0,0.2,0.3,23.466705322265625,23.71394157409668
623000000002,0.0,0.3,0.3,23.22548484802246,24.3080997467041
623000000002,0.0,0.4,0.3,23.060720443725582,24.043088912963867
623000000002,0.0,0.5,0.3,22.8967227935791,26.59010505676269
623000000002,0.0,0.6,0.3,22.927202224731445,29.497203826904297
623000000002,0.0,0.7,0.3,22.22197151184082,30.24435043334961
623000000002,0.0,0.8,0.3,20.096078872680664,30.015480041503903
623000000002,0.0,0.9,0.3,15.938485145568848,31.539525985717773
623000000002,0.0,1.0,0.3,14.358616828918455,33.459503173828125
623000000003,0.0,0.0,0.3,25.69286346435547,28.206199645996094
623000000003,0.0,0.1,0.3,25.677387237548828,28.47222328186035
623000000003,0.0,0.2,0.3,25.65632057189941,28.24018096923828
623000000003,0.0,0.3,0.3,25.60429000854492,28.13362693786621
623000000003,0.0,0.4,0.3,25.16476058959961,29.037982940673828
623000000003,0.0,0.5,0.3,25.31587028503418,28.348987579345703
623000000003,0.0,0.6,0.3,24.731813430786133,29.59400749206543
623000000003,0.0,0.7,0.3,23.707595825195312,27.51468086242676
623000000003,0.0,0.8,0.3,24.69192123413086,29.25284194946289
623000000003,0.0,0.9,0.3,20.03573989868164,26.53729248046875
623000000003,0.0,1.0,0.3,20.86105728149414,25.583965301513672
623000000004,0.0,0.0,0.3,22.34532356262207,23.925975799560547
623000000004,0.0,0.1,0.3,22.265945434570312,23.86434555053711
623000000004,0.0,0.2,0.3,22.09920310974121,24.214242935180664
623000000004,0.0,0.3,0.3,21.68311882019043,24.32477188110352
623000000004,0.0,0.4,0.3,20.70655632019043,25.14924049377441
623000000004,0.0,0.5,0.3,19.189617156982425,24.79232406616211
623000000004,0.0,0.6,0.3,17.632036209106445,26.364925384521484
623000000004,0.0,0.7,0.3,16.313026428222656,26.28733253479004
623000000004,0.0,0.8,0.3,15.750266075134276,26.19403076171875
623000000004,0.0,0.9,0.3,14.154422760009766,27.5029296875
623000000004,0.0,1.0,0.3,13.136096954345703,29.47519493103028
624000000000,0.0,0.0,0.3,18.78462791442871,22.9097957611084
624000000000,0.0,0.1,0.3,18.79291725158692,22.72449493408203
624000000000,0.0,0.2,0.3,18.81093978881836,22.97613906860352
624000000000,0.0,0.3,0.3,18.80020332336425,23.0228271484375
624000000000,0.0,0.4,0.3,18.73800277709961,23.155261993408203
624000000000,0.0,0.5,0.3,18.72495460510254,24.017486572265625
624000000000,0.0,0.6,0.3,18.48645401000977,22.50754165649414
624000000000,0.0,0.7,0.3,18.355558395385746,22.516212463378903
624000000000,0.0,0.8,0.3,18.21829605102539,22.327220916748047
624000000000,0.0,0.9,0.3,17.899839401245117,22.41999053955078
624000000000,0.0,1.0,0.3,16.867950439453125,23.21445083618164
624000000001,0.0,0.0,0.3,18.92457771301269,27.662372589111328
624000000001,0.0,0.1,0.3,18.91413688659668,28.13282012939453
624000000001,0.0,0.2,0.3,18.72109031677246,28.136062622070312
624000000001,0.0,0.3,0.3,18.49871253967285,30.09221649169922
624000000001,0.0,0.4,0.3,18.45845603942871,30.602842330932617
624000000001,0.0,0.5,0.3,18.144216537475582,29.870349884033203
624000000001,0.0,0.6,0.3,17.56838607788086,28.470867156982425
624000000001,0.0,0.7,0.3,17.1722469329834,28.530696868896484
624000000001,0.0,0.8,0.3,16.629222869873047,29.8906478881836
624000000001,0.0,0.9,0.3,16.682504653930664,28.12998962402344
624000000001,0.0,1.0,0.3,16.569168090820312,28.806377410888672
624000000002,0.0,0.0,0.3,19.4493408203125,24.551916122436523
624000000002,0.0,0.1,0.3,19.47010040283203,24.67295265197754
624000000002,0.0,0.2,0.3,19.50336647033692,23.84858512878418
624000000002,0.0,0.3,0.3,19.49921226501465,24.88712882995605
624000000002,0.0,0.4,0.3,19.49900245666504,25.4489860534668
624000000002,0.0,0.5,0.3,19.392894744873047,25.86656188964844
624000000002,0.0,0.6,0.3,19.056804656982425,25.48674392700196
624000000002,0.0,0.7,0.3,18.2058334350586,25.48414802551269
624000000002,0.0,0.8,0.3,17.556514739990234,25.58470726013184
624000000002,0.0,0.9,0.3,16.854602813720703,26.893537521362305
624000000002,0.0,1.0,0.3,15.985555648803713,26.61850357055664
624000000003,0.0,0.0,0.3,17.272165298461914,26.55593681335449
624000000003,0.0,0.1,0.3,17.27064323425293,26.100605010986328
624000000003,0.0,0.2,0.3,17.24909782409668,26.922372817993164
624000000003,0.0,0.3,0.3,17.09745979309082,26.469820022583008
624000000003,0.0,0.4,0.3,17.117996215820312,28.14575958251953
624000000003,0.0,0.5,0.3,16.555850982666016,28.159683227539062
624000000003,0.0,0.6,0.3,16.305095672607422,27.767333984375
624000000003,0.0,0.7,0.3,16.308835983276367,28.0008487701416
624000000003,0.0,0.8,0.3,16.637784957885742,28.39656448364257
624000000003,0.0,0.9,0.3,16.70237159729004,29.334890365600582
624000000003,0.0,1.0,0.3,14.984185218811035,28.99382781982422
624000000004,0.0,0.0,0.3,17.077714920043945,19.8309383392334
624000000004,0.0,0.1,0.3,17.06606674194336,20.38192176818848
624000000004,0.0,0.2,0.3,17.040794372558594,19.89082145690918
624000000004,0.0,0.3,0.3,16.70838165283203,20.194704055786133
624000000004,0.0,0.4,0.3,16.07114028930664,21.567211151123047
624000000004,0.0,0.5,0.3,15.320773124694824,22.123435974121094
624000000004,0.0,0.6,0.3,14.503110885620115,24.63431739807129
624000000004,0.0,0.7,0.3,13.69424057006836,23.21408462524414
624000000004,0.0,0.8,0.3,12.99627685546875,28.810039520263672
624000000004,0.0,0.9,0.3,13.15971851348877,21.42908096313477
624000000004,0.0,1.0,0.3,12.878899574279783,21.809301376342773
711000000000,0.0,0.0,0.3,20.69677925109864,24.141036987304688
711000000000,0.0,0.1,0.3,20.694805145263672,24.22252082824707
711000000000,0.0,0.2,0.3,20.632009506225582,24.289201736450195
711000000000,0.0,0.3,0.3,20.31400489807129,24.899150848388672
711000000000,0.0,0.4,0.3,19.83495712280273,27.708391189575195
711000000000,0.0,0.5,0.3,19.752403259277344,26.40611457824707
711000000000,0.0,0.6,0.3,18.40174674987793,27.65694808959961
711000000000,0.0,0.7,0.3,17.742572784423828,27.35038948059082
711000000000,0.0,0.8,0.3,17.525041580200195,26.40634727478028
711000000000,0.0,0.9,0.3,15.520731925964355,26.183950424194336
711000000000,0.0,1.0,0.3,14.37386417388916,24.561843872070312
711000000001,0.0,0.0,0.3,21.619291305541992,24.035873413085938
711000000001,0.0,0.1,0.3,21.61478614807129,24.00465583801269
711000000001,0.0,0.2,0.3,21.601470947265625,24.46309280395508
711000000001,0.0,0.3,0.3,21.50872230529785,24.21481704711914
711000000001,0.0,0.4,0.3,21.24079132080078,23.67411994934082
711000000001,0.0,0.5,0.3,21.085351943969727,24.409910202026367
711000000001,0.0,0.6,0.3,20.82571792602539,23.63184928894043
711000000001,0.0,0.7,0.3,20.46106338500977,24.15044593811035
711000000001,0.0,0.8,0.3,17.45661163330078,24.536285400390625
711000000001,0.0,0.9,0.3,18.620399475097656,24.63512420654297
711000000001,0.0,1.0,0.3,18.09871864318848,25.31266212463379
711000000002,0.0,0.0,0.3,17.4141845703125,24.43560218811035
711000000002,0.0,0.1,0.3,17.41510581970215,24.64689826965332
711000000002,0.0,0.2,0.3,17.380741119384766,24.542091369628903
711000000002,0.0,0.3,0.3,17.266334533691406,25.82944679260254
711000000002,0.0,0.4,0.3,17.03512954711914,29.53252410888672
711000000002,0.0,0.5,0.3,17.01580047607422,28.40635108947754
711000000002,0.0,0.6,0.3,16.787418365478516,28.696008682250977
711000000002,0.0,0.7,0.3,16.445171356201172,28.97994804382324
711000000002,0.0,0.8,0.3,15.802434921264648,27.57744789123535
711000000002,0.0,0.9,0.3,15.287818908691406,27.64738845825196
711000000002,0.0,1.0,0.3,15.870485305786133,26.31585693359375
711000000003,0.0,0.0,0.3,20.064498901367188,28.47880172729492
711000000003,0.0,0.1,0.3,20.020000457763672,28.70967674255371
711000000003,0.0,0.2,0.3,19.828643798828125,29.58237266540528
711000000003,0.0,0.3,0.3,19.339204788208008,30.04937171936035
711000000003,0.0,0.4,0.3,18.61480140686035,30.00902557373047
711000000003,0.0,0.5,0.3,17.68475914001465,30.60993003845215
711000000003,0.0,0.6,0.3,16.858333587646484,30.500701904296875
711000000003,0.0,0.7,0.3,15.857691764831545,31.853809356689453
711000000003,0.0,0.8,0.3,14.221049308776855,30.494461059570312
711000000003,0.0,0.9,0.3,12.673812866210938,30.19879722595215
711000000003,0.0,1.0,0.3,13.654475212097168,29.65869903564453
711000000004,0.0,0.0,0.3,21.312414169311523,21.10270881652832
711000000004,0.0,0.1,0.3,21.31547164916992,20.694774627685547
711000000004,0.0,0.2,0.3,21.2426700592041,20.9674015045166
711000000004,0.0,0.3,0.3,20.978002548217773,21.283178329467773
711000000004,0.0,0.4,0.3,20.364822387695312,21.94007873535156
711000000004,0.0,0.5,0.3,19.01579093933105,22.936443328857425
711000000004,0.0,0.6,0.3,16.828907012939453,23.741188049316406
711000000004,0.0,0.7,0.3,15.429235458374023,25.344947814941406
711000000004,0.0,0.8,0.3,13.953207969665527,24.064653396606445
711000000004,0.0,0.9,0.3,11.951120376586914,22.48598861694336
711000000004,0.0,1.0,0.3,12.625517845153809,22.945465087890625
712000000000,0.0,0.0,0.3,19.169584274291992,21.57044982910156
712000000000,0.0,0.1,0.3,19.159273147583008,21.632381439208984
712000000000,0.0,0.2,0.3,19.119659423828125,21.26535987854004
712000000000,0.0,0.3,0.3,18.82943153381348,22.262020111083984
712000000000,0.0,0.4,0.3,18.43153953552246,22.30284881591797
712000000000,0.0,0.5,0.3,17.705711364746094,22.49640464782715
712000000000,0.0,0.6,0.3,15.690692901611328,26.18435859680176
712000000000,0.0,0.7,0.3,15.34101104736328,24.75699234008789
712000000000,0.0,0.8,0.3,15.092089653015137,24.772178649902344
712000000000,0.0,0.9,0.3,14.425678253173828,26.119857788085938
712000000000,0.0,1.0,0.3,14.030295372009276,22.50008201599121
712000000001,0.0,0.0,0.3,20.2174129486084,20.05050468444824
712000000001,0.0,0.1,0.3,20.22760009765625,20.132524490356445
712000000001,0.0,0.2,0.3,20.02831268310547,20.16035461425781
712000000001,0.0,0.3,0.3,19.45343017578125,21.25423622131348
712000000001,0.0,0.4,0.3,18.317834854125977,22.770055770874023
712000000001,0.0,0.5,0.3,17.36018180847168,24.03036880493164
712000000001,0.0,0.6,0.3,15.861026763916016,25.476459503173828
712000000001,0.0,0.7,0.3,14.242231369018556,26.131498336791992
712000000001,0.0,0.8,0.3,12.45540714263916,23.23684310913086
712000000001,0.0,0.9,0.3,13.07065200805664,25.362682342529297
712000000001,0.0,1.0,0.3,11.04100513458252,27.403488159179688
712000000002,0.0,0.0,0.3,21.118139266967773,27.170652389526367
712000000002,0.0,0.1,0.3,21.098955154418945,26.812877655029297
712000000002,0.0,0.2,0.3,21.087841033935547,27.44104766845703
712000000002,0.0,0.3,0.3,20.68437957763672,26.95249938964844
712000000002,0.0,0.4,0.3,20.17867851257324,27.491539001464844
712000000002,0.0,0.5,0.3,18.878774642944336,28.33654022216797
712000000002,0.0,0.6,0.3,18.32680892944336,29.419857025146484
712000000002,0.0,0.7,0.3,16.534683227539062,28.81402587890625
712000000002,0.0,0.8,0.3,15.78688907623291,28.95968246459961
712000000002,0.0,0.9,0.3,15.494389533996582,32.448951721191406
712000000002,0.0,1.0,0.3,15.62780475616455,28.18171119689941
712000000003,0.0,0.0,0.3,21.366161346435547,31.49524307250977
712000000003,0.0,0.1,0.3,21.29951477050781,31.72694396972656
712000000003,0.0,0.2,0.3,21.101282119750977,32.018287658691406
712000000003,0.0,0.3,0.3,20.864835739135746,32.08318328857422
712000000003,0.0,0.4,0.3,19.83624267578125,32.788814544677734
712000000003,0.0,0.5,0.3,19.45488166809082,29.2358455657959
712000000003,0.0,0.6,0.3,18.455322265625,33.75872802734375
712000000003,0.0,0.7,0.3,17.74532699584961,29.49563789367676
712000000003,0.0,0.8,0.3,17.697792053222656,33.134769439697266
712000000003,0.0,0.9,0.3,15.412558555603027,30.51261329650879
712000000003,0.0,1.0,0.3,14.9452486038208,28.782459259033203
712000000004,0.0,0.0,0.3,19.65359687805176,19.085935592651367
712000000004,0.0,0.1,0.3,19.63123321533203,20.220983505249023
712000000004,0.0,0.2,0.3,19.55366516113281,20.35013961791992
712000000004,0.0,0.3,0.3,19.15621566772461,21.824939727783203
712000000004,0.0,0.4,0.3,18.14126205444336,24.35482406616211
712000000004,0.0,0.5,0.3,17.996841430664062,22.316865921020508
712000000004,0.0,0.6,0.3,15.66386604309082,27.072185516357425
712000000004,0.0,0.7,0.3,13.601247787475586,26.438840866088867
712000000004,0.0,0.8,0.3,13.081032752990724,26.44285011291504
712000000004,0.0,0.9,0.3,13.101421356201172,26.560937881469727
712000000004,0.0,1.0,0.3,11.277896881103516,23.07052993774414
713000000000,0.0,0.0,0.3,18.681596755981445,25.254377365112305
713000000000,0.0,0.1,0.3,18.676755905151367,25.027061462402344
713000000000,0.0,0.2,0.3,18.610780715942383,24.35938262939453
713000000000,0.0,0.3,0.3,18.64241409301757,24.74609375
713000000000,0.0,0.4,0.3,18.317672729492188,24.772380828857425
713000000000,0.0,0.5,0.3,18.216703414916992,24.686023712158203
713000000000,0.0,0.6,0.3,16.988405227661133,26.77227783203125
713000000000,0.0,0.7,0.3,16.091583251953125,26.50867462158203
713000000000,0.0,0.8,0.3,15.875045776367188,26.94096946716309
713000000000,0.0,0.9,0.3,15.353995323181152,27.503198623657227
713000000000,0.0,1.0,0.3,15.346532821655272,28.226682662963867
713000000001,0.0,0.0,0.3,20.47488212585449,25.1790828704834
713000000001,0.0,0.1,0.3,20.4688720703125,25.266700744628903
713000000001,0.0,0.2,0.3,20.46019554138184,25.96563148498535
713000000001,0.0,0.3,0.3,20.3505973815918,26.35751342773437
713000000001,0.0,0.4,0.3,19.964374542236328,26.080411911010746
713000000001,0.0,0.5,0.3,19.31142807006836,26.8550033569336
713000000001,0.0,0.6,0.3,18.82769775390625,26.58349227905273
713000000001,0.0,0.7,0.3,17.512697219848633,28.54319190979004
713000000001,0.0,0.8,0.3,16.071365356445312,26.50907325744629
713000000001,0.0,0.9,0.3,14.762008666992188,26.170488357543945
713000000001,0.0,1.0,0.3,16.66761016845703,26.032602310180664
713000000002,0.0,0.0,0.3,25.281227111816406,26.95753288269043
713000000002,0.0,0.1,0.3,25.30317687988281,26.60921287536621
713000000002,0.0,0.2,0.3,25.282455444335938,26.658100128173828
713000000002,0.0,0.3,0.3,25.40134048461914,27.29708480834961
713000000002,0.0,0.4,0.3,25.00326538085937,27.39766502380371
713000000002,0.0,0.5,0.3,24.906110763549805,27.132856369018555
713000000002,0.0,0.6,0.3,24.68419647216797,27.55289077758789
713000000002,0.0,0.7,0.3,23.341007232666016,27.60634422302246
713000000002,0.0,0.8,0.3,20.41537094116211,27.9165267944336
713000000002,0.0,0.9,0.3,22.419261932373047,27.91831588745117
713000000002,0.0,1.0,0.3,21.930084228515625,24.20012855529785
713000000003,0.0,0.0,0.3,19.62544631958008,24.55696678161621
713000000003,0.0,0.1,0.3,19.625431060791016,23.64909172058105
713000000003,0.0,0.2,0.3,19.60424995422364,24.0720329284668
713000000003,0.0,0.3,0.3,19.59911155700684,24.95157623291016
713000000003,0.0,0.4,0.3,19.366424560546875,26.164840698242188
713000000003,0.0,0.5,0.3,19.157564163208008,21.82609367370605
713000000003,0.0,0.6,0.3,18.10217666625977,25.623056411743164
713000000003,0.0,0.7,0.3,17.60747718811035,22.57603073120117
713000000003,0.0,0.8,0.3,17.995878219604492,23.51953887939453
713000000003,0.0,0.9,0.3,17.61214256286621,26.80912971496582
713000000003,0.0,1.0,0.3,13.709171295166016,26.65292930603028
713000000004,0.0,0.0,0.3,17.540054321289062,28.037220001220703
713000000004,0.0,0.1,0.3,17.538440704345703,27.921205520629883
713000000004,0.0,0.2,0.3,17.513275146484375,27.429031372070312
713000000004,0.0,0.3,0.3,17.46929359436035,27.40040397644043
713000000004,0.0,0.4,0.3,17.40690803527832,27.457380294799805
713000000004,0.0,0.5,0.3,17.339092254638672,25.25409507751465
713000000004,0.0,0.6,0.3,16.8453369140625,25.713733673095703
713000000004,0.0,0.7,0.3,16.36683464050293,25.32246780395508
713000000004,0.0,0.8,0.3,15.429811477661133,27.57062530517578
713000000004,0.0,0.9,0.3,15.34573459625244,27.61458206176757
713000000004,0.0,1.0,0.3,12.773944854736328,27.631610870361328
714000000000,0.0,0.0,0.3,19.36760139465332,29.47657012939453
714000000000,0.0,0.1,0.3,19.34705924987793,30.1447696685791
714000000000,0.0,0.2,0.3,19.28204917907715,30.201690673828125
714000000000,0.0,0.3,0.3,18.942197799682617,30.81783103942871
714000000000,0.0,0.4,0.3,18.006465911865234,33.986026763916016
714000000000,0.0,0.5,0.3,17.17757225036621,33.889381408691406
714000000000,0.0,0.6,0.3,16.5714168548584,35.946189880371094
714000000000,0.0,0.7,0.3,15.872928619384766,34.36520767211914
714000000000,0.0,0.8,0.3,16.284324645996094,30.760160446166992
714000000000,0.0,0.9,0.3,16.393646240234375,27.92276763916016
714000000000,0.0,1.0,0.3,16.162487030029297,29.666519165039062
714000000001,0.0,0.0,0.3,20.2383975982666,28.40006256103516
714000000001,0.0,0.1,0.3,20.22848129272461,28.41031837463379
714000000001,0.0,0.2,0.3,20.22798156738281,28.17776107788086
714000000001,0.0,0.3,0.3,19.993581771850582,28.56449508666992
714000000001,0.0,0.4,0.3,19.93195533752441,28.64138412475586
714000000001,0.0,0.5,0.3,19.8388614654541,29.69274139404297
714000000001,0.0,0.6,0.3,19.681190490722656,28.89079093933105
714000000001,0.0,0.7,0.3,19.552358627319336,28.728988647460938
714000000001,0.0,0.8,0.3,19.38035774230957,29.617589950561523
714000000001,0.0,0.9,0.3,19.17392921447754,27.558887481689453
714000000001,0.0,1.0,0.3,19.800537109375,28.97295379638672
714000000002,0.0,0.0,0.3,19.288536071777344,25.77657699584961
714000000002,0.0,0.1,0.3,19.282941818237305,25.634986877441406
714000000002,0.0,0.2,0.3,19.298959732055664,26.338041305541992
714000000002,0.0,0.3,0.3,19.020448684692383,26.64381217956543
714000000002,0.0,0.4,0.3,18.9112491607666,26.67006492614746
714000000002,0.0,0.5,0.3,18.70624351501465,25.896278381347656
714000000002,0.0,0.6,0.3,18.5710506439209,26.88077735900879
714000000002,0.0,0.7,0.3,17.507352828979492,26.56868362426757
714000000002,0.0,0.8,0.3,15.476691246032717,26.736949920654297
714000000002,0.0,0.9,0.3,16.210285186767578,24.83441162109375
714000000002,0.0,1.0,0.3,15.565041542053224,25.47014617919922
714000000003,0.0,0.0,0.3,26.618677139282227,25.69229316711425
714000000003,0.0,0.1,0.3,26.570188522338867,25.739049911499023
714000000003,0.0,0.2,0.3,26.42918586730957,25.96822929382324
714000000003,0.0,0.3,0.3,26.30756950378418,25.9809799194336
714000000003,0.0,0.4,0.3,26.278514862060547,25.632211685180664
714000000003,0.0,0.5,0.3,26.347110748291016,25.53951644897461
714000000003,0.0,0.6,0.3,26.089187622070312,26.3187198638916
714000000003,0.0,0.7,0.3,25.627695083618164,25.101985931396484
714000000003,0.0,0.8,0.3,25.033191680908203,26.328414916992188
714000000003,0.0,0.9,0.3,24.63091468811035,25.038951873779297
714000000003,0.0,1.0,0.3,20.52435874938965,27.27279281616211
714000000004,0.0,0.0,0.3,16.808975219726562,24.9211368560791
714000000004,0.0,0.1,0.3,16.80603790283203,24.859825134277344
714000000004,0.0,0.2,0.3,16.776416778564453,24.64200210571289
714000000004,0.0,0.3,0.3,16.691818237304688,24.42404556274414
714000000004,0.0,0.4,0.3,16.38727378845215,25.07133102416992
714000000004,0.0,0.5,0.3,16.195709228515625,24.70096969604492
714000000004,0.0,0.6,0.3,16.32857894897461,25.03609085083008
714000000004,0.0,0.7,0.3,15.933051109313965,25.28840065002441
714000000004,0.0,0.8,0.3,15.661388397216797,24.951250076293945
714000000004,0.0,0.9,0.3,15.481797218322754,25.13201904296875
714000000004,0.0,1.0,0.3,15.310224533081056,25.20312690734864
721000000000,0.0,0.0,0.3,19.420143127441406,23.70469284057617
721000000000,0.0,0.1,0.3,19.426633834838867,23.44658660888672
721000000000,0.0,0.2,0.3,19.371553421020508,23.363964080810547
721000000000,0.0,0.3,0.3,18.98483085632324,25.1218376159668
721000000000,0.0,0.4,0.3,18.387170791625977,25.813627243041992
721000000000,0.0,0.5,0.3,17.709789276123047,22.911020278930664
721000000000,0.0,0.6,0.3,16.92821502685547,26.8472900390625
721000000000,0.0,0.7,0.3,16.228206634521484,22.917383193969727
721000000000,0.0,0.8,0.3,15.921412467956545,25.467208862304688
721000000000,0.0,0.9,0.3,15.872974395751951,23.58793830871582
721000000000,0.0,1.0,0.3,15.403279304504396,23.96225547790528
721000000001,0.0,0.0,0.3,20.865583419799805,24.0061092376709
721000000001,0.0,0.1,0.3,20.851356506347656,23.9465274810791
721000000001,0.0,0.2,0.3,20.835474014282227,24.31565284729004
721000000001,0.0,0.3,0.3,20.75742530822754,24.12126922607422
721000000001,0.0,0.4,0.3,20.727333068847656,24.023860931396484
721000000001,0.0,0.5,0.3,20.69705390930176,24.50284576416016
721000000001,0.0,0.6,0.3,20.67798042297364,24.24180603027344
721000000001,0.0,0.7,0.3,20.56338691711425,24.581518173217773
721000000001,0.0,0.8,0.3,20.06085205078125,24.541967391967773
721000000001,0.0,0.9,0.3,18.916147232055664,24.57217025756836
721000000001,0.0,1.0,0.3,13.559381484985352,21.179855346679688
721000000002,0.0,0.0,0.3,19.528867721557617,27.91279029846192
721000000002,0.0,0.1,0.3,19.564098358154297,28.11576461791992
721000000002,0.0,0.2,0.3,19.65377616882324,28.17292594909668
721000000002,0.0,0.3,0.3,19.51757049560547,27.89822769165039
721000000002,0.0,0.4,0.3,19.25993156433105,27.524066925048828
721000000002,0.0,0.5,0.3,19.48075294494629,28.00382423400879
721000000002,0.0,0.6,0.3,19.345537185668945,27.19798469543457
721000000002,0.0,0.7,0.3,18.730823516845703,28.024566650390625
721000000002,0.0,0.8,0.3,18.68020820617676,27.88323211669922
721000000002,0.0,0.9,0.3,18.390499114990234,27.918472290039062
721000000002,0.0,1.0,0.3,18.012540817260742,26.829246520996094
721000000003,0.0,0.0,0.3,17.47659683227539,23.470378875732425
721000000003,0.0,0.1,0.3,17.488332748413086,23.192018508911133
721000000003,0.0,0.2,0.3,17.492206573486328,22.88570785522461
721000000003,0.0,0.3,0.3,17.412670135498047,22.97954559326172
721000000003,0.0,0.4,0.3,17.279226303100586,24.49043273925781
721000000003,0.0,0.5,0.3,17.04266357421875,22.96544647216797
721000000003,0.0,0.6,0.3,15.794078826904297,23.228355407714844
721000000003,0.0,0.7,0.3,14.732391357421877,25.71478843688965
721000000003,0.0,0.8,0.3,14.26754665374756,24.755050659179688
721000000003,0.0,0.9,0.3,14.042635917663574,26.885854721069336
721000000003,0.0,1.0,0.3,12.972886085510254,25.65298652648925
721000000004,0.0,0.0,0.3,21.452327728271484,30.81156539916992
721000000004,0.0,0.1,0.3,21.49949836730957,30.97437286376953
721000000004,0.0,0.2,0.3,21.405494689941406,31.034751892089844
721000000004,0.0,0.3,0.3,21.26495933532715,30.46859741210937
721000000004,0.0,0.4,0.3,20.72603225708008,30.777572631835938
721000000004,0.0,0.5,0.3,20.776824951171875,30.64951515197754
721000000004,0.0,0.6,0.3,20.06366920471192,30.672422409057617
721000000004,0.0,0.7,0.3,19.08784866333008,29.94004249572754
721000000004,0.0,0.8,0.3,17.05504035949707,30.10484313964844
721000000004,0.0,0.9,0.3,18.97284889221192,32.193023681640625
721000000004,0.0,1.0,0.3,19.989877700805664,30.641695022583008
722000000000,0.0,0.0,0.3,24.346454620361328,20.331111907958984
722000000000,0.0,0.1,0.3,24.335323333740234,20.15582656860352
722000000000,0.0,0.2,0.3,24.21087455749512,19.965166091918945
722000000000,0.0,0.3,0.3,23.91670608520508,20.01959609985352
722000000000,0.0,0.4,0.3,23.55402374267578,21.433624267578125
722000000000,0.0,0.5,0.3,22.73740196228028,21.61484146118164
722000000000,0.0,0.6,0.3,21.20190048217773,21.474084854125977
722000000000,0.0,0.7,0.3,19.37727737426757,22.1796932220459
722000000000,0.0,0.8,0.3,17.774904251098633,24.084238052368164
722000000000,0.0,0.9,0.3,16.778804779052734,24.589433670043945
722000000000,0.0,1.0,0.3,7.019219875335693,25.67974853515625
722000000001,0.0,0.0,0.3,21.2955379486084,14.012655258178713
722000000001,0.0,0.1,0.3,21.25699043273925,13.868562698364258
722000000001,0.0,0.2,0.3,21.252338409423828,13.953105926513672
722000000001,0.0,0.3,0.3,21.289520263671875,14.11003303527832
722000000001,0.0,0.4,0.3,21.162437438964844,13.168928146362305
722000000001,0.0,0.5,0.3,20.955127716064453,14.594968795776367
722000000001,0.0,0.6,0.3,20.57828521728516,14.182535171508787
722000000001,0.0,0.7,0.3,18.61319160461425,17.58216094970703
722000000001,0.0,0.8,0.3,16.800689697265625,21.59783744812012
722000000001,0.0,0.9,0.3,13.600366592407228,19.27469253540039
722000000001,0.0,1.0,0.3,12.851469039916992,17.866724014282227
722000000002,0.0,0.0,0.3,18.135234832763672,22.42303276062012
722000000002,0.0,0.1,0.3,18.14235496520996,22.3023738861084
722000000002,0.0,0.2,0.3,18.16469955444336,21.844497680664062
722000000002,0.0,0.3,0.3,18.00740623474121,22.511280059814453
722000000002,0.0,0.4,0.3,17.782638549804688,22.959657669067383
722000000002,0.0,0.5,0.3,16.987884521484375,22.1074161529541
722000000002,0.0,0.6,0.3,16.747560501098633,21.211883544921875
722000000002,0.0,0.7,0.3,15.462930679321287,22.36603736877441
722000000002,0.0,0.8,0.3,13.346394538879396,27.27627754211425
722000000002,0.0,0.9,0.3,12.538846015930176,25.119707107543945
722000000002,0.0,1.0,0.3,11.453309059143066,25.459686279296875
722000000003,0.0,0.0,0.3,23.757274627685547,24.726959228515625
722000000003,0.0,0.1,0.3,23.78717613220215,24.795873641967773
722000000003,0.0,0.2,0.3,23.79707336425781,25.373046875
722000000003,0.0,0.3,0.3,23.651451110839844,25.293052673339844
722000000003,0.0,0.4,0.3,23.508115768432617,25.016338348388672
722000000003,0.0,0.5,0.3,22.919273376464844,25.03246116638184
722000000003,0.0,0.6,0.3,21.56288146972656,25.293441772460938
722000000003,0.0,0.7,0.3,16.156373977661133,27.10438346862793
722000000003,0.0,0.8,0.3,16.586772918701172,24.74783134460449
722000000003,0.0,0.9,0.3,16.32777214050293,24.729841232299805
722000000003,0.0,1.0,0.3,13.207393646240234,22.944265365600582
722000000004,0.0,0.0,0.3,23.414213180541992,24.50067710876465
722000000004,0.0,0.1,0.3,23.42894172668457,24.171566009521484
722000000004,0.0,0.2,0.3,23.434303283691406,24.60484504699707
722000000004,0.0,0.3,0.3,23.390241622924805,24.151796340942383
722000000004,0.0,0.4,0.3,23.19250869750977,25.59170150756836
722000000004,0.0,0.5,0.3,22.97417640686035,25.92545509338379
722000000004,0.0,0.6,0.3,22.00337028503418,26.056900024414062
722000000004,0.0,0.7,0.3,21.186203002929688,27.00505256652832
722000000004,0.0,0.8,0.3,21.203622817993164,25.29362678527832
722000000004,0.0,0.9,0.3,20.41170883178711,25.792085647583008
722000000004,0.0,1.0,0.3,18.7973575592041,26.354145050048828
723000000000,0.0,0.0,0.3,22.376882553100582,21.58200454711914
723000000000,0.0,0.1,0.3,22.368528366088867,22.268909454345703
723000000000,0.0,0.2,0.3,22.307680130004883,22.73600006103516
723000000000,0.0,0.3,0.3,21.9522762298584,22.45742988586425
723000000000,0.0,0.4,0.3,21.21149635314941,22.63103675842285
723000000000,0.0,0.5,0.3,20.63351249694824,21.469837188720703
723000000000,0.0,0.6,0.3,18.61575126647949,22.67208480834961
723000000000,0.0,0.7,0.3,14.76907730102539,19.66823005676269
723000000000,0.0,0.8,0.3,13.881916999816896,24.510234832763672
723000000000,0.0,0.9,0.3,12.592097282409668,24.85191535949707
723000000000,0.0,1.0,0.3,12.058039665222168,21.509641647338867
723000000001,0.0,0.0,0.3,17.090042114257812,24.29797744750977
723000000001,0.0,0.1,0.3,17.107341766357422,24.70764541625977
723000000001,0.0,0.2,0.3,17.040956497192383,24.347368240356445
723000000001,0.0,0.3,0.3,16.773540496826172,24.26040267944336
723000000001,0.0,0.4,0.3,16.572460174560547,24.25578498840332
723000000001,0.0,0.5,0.3,16.02524757385254,24.262868881225582
723000000001,0.0,0.6,0.3,16.01721954345703,23.01520347595215
723000000001,0.0,0.7,0.3,15.777246475219728,22.70374298095703
723000000001,0.0,0.8,0.3,15.590839385986328,22.813758850097656
723000000001,0.0,0.9,0.3,13.708001136779783,25.384780883789062
723000000001,0.0,1.0,0.3,12.07254409790039,27.603731155395508
723000000002,0.0,0.0,0.3,19.157649993896484,29.629697799682617
723000000002,0.0,0.1,0.3,19.132232666015625,29.78982353210449
723000000002,0.0,0.2,0.3,19.07932472229004,30.538761138916016
723000000002,0.0,0.3,0.3,18.72532844543457,31.29829788208008
723000000002,0.0,0.4,0.3,18.24787330627441,31.238693237304688
723000000002,0.0,0.5,0.3,17.49476432800293,31.010644912719727
723000000002,0.0,0.6,0.3,16.663663864135742,31.579309463500977
723000000002,0.0,0.7,0.3,14.425409317016602,30.71813201904297
723000000002,0.0,0.8,0.3,13.848979949951172,31.7805233001709
723000000002,0.0,0.9,0.3,13.87948513031006,30.356765747070312
723000000002,0.0,1.0,0.3,14.815343856811523,29.90056800842285
723000000003,0.0,0.0,0.3,18.262475967407227,26.083385467529297
723000000003,0.0,0.1,0.3,18.269268035888672,26.173479080200195
723000000003,0.0,0.2,0.3,18.12059593200684,25.150659561157227
723000000003,0.0,0.3,0.3,17.81328582763672,25.56574249267578
723000000003,0.0,0.4,0.3,17.36341667175293,25.2131404876709
723000000003,0.0,0.5,0.3,15.81363296508789,27.97163200378418
723000000003,0.0,0.6,0.3,15.142171859741213,24.411348342895508
723000000003,0.0,0.7,0.3,13.973677635192873,27.52572250366211
723000000003,0.0,0.8,0.3,13.803348541259766,28.82622528076172
723000000003,0.0,0.9,0.3,12.661930084228516,28.76650619506836
723000000003,0.0,1.0,0.3,11.29649829864502,26.664325714111328
723000000004,0.0,0.0,0.3,20.62450790405273,23.73567771911621
723000000004,0.0,0.1,0.3,20.65082550048828,23.309017181396484
723000000004,0.0,0.2,0.3,20.613187789916992,23.221281051635746
723000000004,0.0,0.3,0.3,20.115493774414062,22.70301818847656
723000000004,0.0,0.4,0.3,20.00731086730957,24.06502151489257
723000000004,0.0,0.5,0.3,19.207181930541992,23.761823654174805
723000000004,0.0,0.6,0.3,17.19686508178711,25.64780044555664
723000000004,0.0,0.7,0.3,15.00721549987793,27.305328369140625
723000000004,0.0,0.8,0.3,14.363921165466309,27.242300033569336
723000000004,0.0,0.9,0.3,13.966182708740234,25.748550415039062
723000000004,0.0,1.0,0.3,13.422204971313477,26.915111541748047
724000000000,0.0,0.0,0.3,20.99204444885254,23.49750328063965
724000000000,0.0,0.1,0.3,21.00694465637207,23.587804794311523
724000000000,0.0,0.2,0.3,20.756486892700195,21.20825958251953
724000000000,0.0,0.3,0.3,20.2807674407959,21.2957706451416
724000000000,0.0,0.4,0.3,19.96745491027832,22.594161987304688
724000000000,0.0,0.5,0.3,18.938940048217773,23.008686065673828
724000000000,0.0,0.6,0.3,19.04145050048828,23.27147483825684
724000000000,0.0,0.7,0.3,19.32334899902344,24.37352752685547
724000000000,0.0,0.8,0.3,18.34189224243164,25.755584716796875
724000000000,0.0,0.9,0.3,16.775476455688477,24.890411376953125
724000000000,0.0,1.0,0.3,17.18375587463379,23.73748207092285
724000000001,0.0,0.0,0.3,15.321525573730469,26.78840446472168
724000000001,0.0,0.1,0.3,15.33672332763672,27.210474014282227
724000000001,0.0,0.2,0.3,15.36650562286377,26.823938369750977
724000000001,0.0,0.3,0.3,15.270532608032228,28.07065200805664
724000000001,0.0,0.4,0.3,15.235140800476074,28.25923538208008
724000000001,0.0,0.5,0.3,15.267401695251465,26.7641658782959
724000000001,0.0,0.6,0.3,14.891838073730469,28.10273170471192
724000000001,0.0,0.7,0.3,14.316191673278809,28.59361267089844
724000000001,0.0,0.8,0.3,14.07464599609375,28.944154739379883
724000000001,0.0,0.9,0.3,13.911072731018066,29.825056076049805
724000000001,0.0,1.0,0.3,14.02852725982666,28.2951889038086
724000000002,0.0,0.0,0.3,19.363990783691406,27.36930274963379
724000000002,0.0,0.1,0.3,19.336376190185547,27.197010040283203
724000000002,0.0,0.2,0.3,19.310590744018555,26.439252853393555
724000000002,0.0,0.3,0.3,19.262882232666016,27.463281631469727
724000000002,0.0,0.4,0.3,19.06918907165528,26.5564022064209
724000000002,0.0,0.5,0.3,19.118501663208008,26.42550468444824
724000000002,0.0,0.6,0.3,19.00588035583496,24.21293830871582
724000000002,0.0,0.7,0.3,19.020713806152344,23.16382598876953
724000000002,0.0,0.8,0.3,17.110950469970703,27.603458404541016
724000000002,0.0,0.9,0.3,17.189279556274414,25.28820037841797
724000000002,0.0,1.0,0.3,14.863157272338867,25.04986572265625
724000000003,0.0,0.0,0.3,21.81941032409668,22.830223083496094
724000000003,0.0,0.1,0.3,21.825618743896484,23.21267890930176
724000000003,0.0,0.2,0.3,21.80107879638672,23.16658973693848
724000000003,0.0,0.3,0.3,21.638813018798828,23.437368392944336
724000000003,0.0,0.4,0.3,21.477127075195312,23.91575050354004
724000000003,0.0,0.5,0.3,21.17877769470215,24.278493881225582
724000000003,0.0,0.6,0.3,20.705867767333984,23.65531539916992
724000000003,0.0,0.7,0.3,20.38055229187012,24.24273109436035
724000000003,0.0,0.8,0.3,19.825027465820312,23.18842315673828
724000000003,0.0,0.9,0.3,20.50776481628418,21.60754776000977
724000000003,0.0,1.0,0.3,21.109508514404297,22.58196449279785
724000000004,0.0,0.0,0.3,17.0528507232666,20.71571922302246
724000000004,0.0,0.1,0.3,17.03723907470703,21.47872543334961
724000000004,0.0,0.2,0.3,16.982202529907227,22.192365646362305
724000000004,0.0,0.3,0.3,16.651546478271484,23.37785720825196
724000000004,0.0,0.4,0.3,16.41997718811035,23.646141052246094
724000000004,0.0,0.5,0.3,15.71827220916748,20.87857818603516
724000000004,0.0,0.6,0.3,15.132184028625488,21.817541122436523
724000000004,0.0,0.7,0.3,14.334543228149414,20.02288627624512
724000000004,0.0,0.8,0.3,13.410393714904783,22.19463539123535
724000000004,0.0,0.9,0.3,13.416362762451172,23.712034225463867
724000000004,0.0,1.0,0.3,13.947267532348633,20.070859909057617
811000000000,0.0,0.0,0.3,23.463119506835938,17.362060546875
811000000000,0.0,0.1,0.3,23.45096969604492,17.574874877929688
811000000000,0.0,0.2,0.3,23.43959045410156,17.13321304321289
811000000000,0.0,0.3,0.3,23.02610206604004,18.074460983276367
811000000000,0.0,0.4,0.3,22.266246795654297,21.98774147033692
811000000000,0.0,0.5,0.3,19.38052749633789,26.55988311767578
811000000000,0.0,0.6,0.3,18.68239974975586,23.52082252502441
811000000000,0.0,0.7,0.3,15.87646198272705,27.25341415405273
811000000000,0.0,0.8,0.3,12.823509216308594,22.67115592956543
811000000000,0.0,0.9,0.3,9.596428871154783,28.578556060791016
811000000000,0.0,1.0,0.3,5.650801181793213,25.57357215881348
811000000001,0.0,0.0,0.3,16.44846534729004,31.49138069152832
811000000001,0.0,0.1,0.3,16.448102951049805,31.41667938232422
811000000001,0.0,0.2,0.3,16.48221206665039,31.125980377197266
811000000001,0.0,0.3,0.3,16.485172271728516,31.01586151123047
811000000001,0.0,0.4,0.3,16.43379783630371,31.24260330200196
811000000001,0.0,0.5,0.3,16.31568145751953,31.23310852050781
811000000001,0.0,0.6,0.3,16.196582794189453,30.58436584472656
811000000001,0.0,0.7,0.3,15.84799098968506,31.00159072875977
811000000001,0.0,0.8,0.3,15.78552532196045,31.0767765045166
811000000001,0.0,0.9,0.3,15.383256912231444,31.092256546020508
811000000001,0.0,1.0,0.3,14.652045249938965,31.74573516845703
811000000002,0.0,0.0,0.3,17.70009422302246,22.10223960876465
811000000002,0.0,0.1,0.3,17.709243774414062,22.34067153930664
811000000002,0.0,0.2,0.3,17.61836051940918,22.637407302856445
811000000002,0.0,0.3,0.3,17.464096069335938,23.126161575317383
811000000002,0.0,0.4,0.3,17.196578979492188,22.72433853149414
811000000002,0.0,0.5,0.3,16.954601287841797,25.12102127075196
811000000002,0.0,0.6,0.3,16.85196876525879,25.24521255493164
811000000002,0.0,0.7,0.3,15.555899620056152,24.473602294921875
811000000002,0.0,0.8,0.3,14.481971740722656,26.7479305267334
811000000002,0.0,0.9,0.3,12.528850555419922,26.400909423828125
811000000002,0.0,1.0,0.3,13.207769393920898,25.67043685913086
811000000003,0.0,0.0,0.3,23.8071231842041,24.3563175201416
811000000003,0.0,0.1,0.3,23.867563247680664,25.44536590576172
811000000003,0.0,0.2,0.3,23.78422164916992,25.422550201416016
811000000003,0.0,0.3,0.3,23.22514915466309,28.30209732055664
811000000003,0.0,0.4,0.3,22.23788070678711,29.612010955810547
811000000003,0.0,0.5,0.3,20.751617431640625,31.653059005737305
811000000003,0.0,0.6,0.3,18.3011474609375,31.085412979125977
811000000003,0.0,0.7,0.3,15.429862022399902,30.392742156982425
811000000003,0.0,0.8,0.3,13.694515228271484,32.33624649047852
811000000003,0.0,0.9,0.3,13.52677059173584,31.025177001953125
811000000003,0.0,1.0,0.3,13.159629821777344,31.78388977050781
811000000004,0.0,0.0,0.3,20.0918025970459,24.934425354003903
811000000004,0.0,0.1,0.3,20.074539184570312,24.68809127807617
811000000004,0.0,0.2,0.3,20.01744270324707,25.11821746826172
811000000004,0.0,0.3,0.3,19.90048217773437,25.9278507232666
811000000004,0.0,0.4,0.3,19.59627151489257,25.411176681518555
811000000004,0.0,0.5,0.3,19.04432678222656,25.9494743347168
811000000004,0.0,0.6,0.3,17.763010025024414,26.681697845458984
811000000004,0.0,0.7,0.3,15.33584690093994,26.060585021972656
811000000004,0.0,0.8,0.3,11.50582790374756,24.41582679748535
811000000004,0.0,0.9,0.3,8.566534996032715,27.3828239440918
811000000004,0.0,1.0,0.3,8.821664810180664,27.791881561279297
811000000005,0.0,0.0,0.3,15.065712928771973,23.84113883972168
811000000005,0.0,0.1,0.3,15.066950798034668,23.99950408935547
811000000005,0.0,0.2,0.3,15.07436752319336,23.75314712524414
811000000005,0.0,0.3,0.3,14.99454402923584,24.260967254638672
811000000005,0.0,0.4,0.3,14.846857070922852,24.373310089111328
811000000005,0.0,0.5,0.3,14.4725341796875,24.65378761291504
811000000005,0.0,0.6,0.3,13.97087287902832,24.00120735168457
811000000005,0.0,0.7,0.3,13.522333145141602,24.10144805908203
811000000005,0.0,0.8,0.3,11.704581260681152,26.12297439575196
811000000005,0.0,0.9,0.3,8.846467971801758,27.210384368896484
811000000005,0.0,1.0,0.3,6.986729621887207,30.213632583618164
811000000006,0.0,0.0,0.3,19.73067092895508,16.680931091308594
811000000006,0.0,0.1,0.3,19.74361038208008,17.365877151489258
811000000006,0.0,0.2,0.3,19.87029266357422,19.091278076171875
811000000006,0.0,0.3,0.3,19.90768051147461,18.261375427246094
811000000006,0.0,0.4,0.3,19.86751174926757,18.76192283630371
811000000006,0.0,0.5,0.3,19.81795310974121,19.855789184570312
811000000006,0.0,0.6,0.3,19.781606674194336,18.082904815673828
811000000006,0.0,0.7,0.3,19.130046844482425,20.561010360717773
811000000006,0.0,0.8,0.3,17.423816680908203,18.853565216064453
811000000006,0.0,0.9,0.3,13.54753875732422,22.0056209564209
811000000006,0.0,1.0,0.3,10.757280349731444,24.084062576293945
811000000007,0.0,0.0,0.3,16.907211303710938,27.020782470703125
811000000007,0.0,0.1,0.3,16.8903865814209,27.07630920410156
811000000007,0.0,0.2,0.3,16.848716735839844,27.02156639099121
811000000007,0.0,0.3,0.3,16.728796005249023,26.578229904174805
811000000007,0.0,0.4,0.3,16.56203842163086,26.39834976196289
811000000007,0.0,0.5,0.3,16.17887306213379,26.86071014404297
811000000007,0.0,0.6,0.3,14.868264198303224,27.636104583740234
811000000007,0.0,0.7,0.3,14.29570770263672,27.44994735717773
811000000007,0.0,0.8,0.3,12.740429878234863,27.899826049804688
811000000007,0.0,0.9,0.3,11.893171310424805,27.638328552246094
811000000007,0.0,1.0,0.3,11.21279525756836,26.477331161499023
811000000008,0.0,0.0,0.3,19.352596282958984,23.405336380004883
811000000008,0.0,0.1,0.3,19.32436180114746,24.230825424194336
811000000008,0.0,0.2,0.3,19.2326774597168,25.322078704833984
811000000008,0.0,0.3,0.3,19.007089614868164,26.646141052246094
811000000008,0.0,0.4,0.3,18.26673698425293,25.84128761291504
811000000008,0.0,0.5,0.3,17.212974548339844,24.163299560546875
811000000008,0.0,0.6,0.3,15.746018409729004,29.261314392089844
811000000008,0.0,0.7,0.3,14.126385688781738,31.47794532775879
811000000008,0.0,0.8,0.3,12.854650497436523,31.115358352661133
811000000008,0.0,0.9,0.3,11.953588485717772,30.881044387817383
811000000008,0.0,1.0,0.3,11.62578582763672,31.71736526489257
811000000009,0.0,0.0,0.3,16.550678253173828,25.07464599609375
811000000009,0.0,0.1,0.3,16.545270919799805,25.169164657592773
811000000009,0.0,0.2,0.3,16.559701919555664,25.15689468383789
811000000009,0.0,0.3,0.3,16.531604766845703,25.39474105834961
811000000009,0.0,0.4,0.3,16.456287384033203,25.11490058898925
811000000009,0.0,0.5,0.3,16.4304256439209,25.737592697143555
811000000009,0.0,0.6,0.3,16.295419692993164,25.715970993041992
811000000009,0.0,0.7,0.3,15.637493133544922,26.026121139526367
811000000009,0.0,0.8,0.3,14.15513038635254,24.24882125854492
811000000009,0.0,0.9,0.3,14.196632385253906,24.162965774536133
811000000009,0.0,1.0,0.3,13.080126762390137,26.05844497680664
812000000000,0.0,0.0,0.3,18.830495834350582,21.87117385864257
812000000000,0.0,0.1,0.3,18.8142147064209,22.4466495513916
812000000000,0.0,0.2,0.3,18.712915420532227,22.27145767211914
812000000000,0.0,0.3,0.3,18.401594161987305,23.33660697937012
812000000000,0.0,0.4,0.3,17.909786224365234,23.962099075317383
812000000000,0.0,0.5,0.3,17.529279708862305,24.16658401489257
812000000000,0.0,0.6,0.3,17.0892333984375,23.466657638549805
812000000000,0.0,0.7,0.3,16.14653205871582,24.917423248291016
812000000000,0.0,0.8,0.3,14.945034980773926,24.84477996826172
812000000000,0.0,0.9,0.3,15.013142585754396,22.70518112182617
812000000000,0.0,1.0,0.3,12.7576904296875,22.054399490356445
812000000001,0.0,0.0,0.3,16.705307006835938,22.2113094329834
812000000001,0.0,0.1,0.3,16.70420265197754,22.242706298828125
812000000001,0.0,0.2,0.3,16.676179885864258,21.19087219238281
812000000001,0.0,0.3,0.3,16.585548400878906,21.329164505004883
812000000001,0.0,0.4,0.3,16.241596221923828,21.82915496826172
812000000001,0.0,0.5,0.3,15.851446151733398,21.07783889770508
812000000001,0.0,0.6,0.3,15.549280166625977,21.13884735107422
812000000001,0.0,0.7,0.3,14.44094944000244,21.489351272583008
812000000001,0.0,0.8,0.3,14.63755702972412,22.28925895690918
812000000001,0.0,0.9,0.3,14.253475189208984,20.80526733398437
812000000001,0.0,1.0,0.3,14.491432189941406,21.1697998046875
812000000002,0.0,0.0,0.3,21.925172805786133,24.5626163482666
812000000002,0.0,0.1,0.3,21.91402816772461,25.23719024658203
812000000002,0.0,0.2,0.3,21.88702774047852,25.28652572631836
812000000002,0.0,0.3,0.3,21.72236061096192,25.210899353027344
812000000002,0.0,0.4,0.3,21.625688552856445,24.503955841064453
812000000002,0.0,0.5,0.3,21.62620735168457,25.4685287475586
812000000002,0.0,0.6,0.3,21.03153419494629,25.02330207824707
812000000002,0.0,0.7,0.3,19.160053253173828,26.296127319335938
812000000002,0.0,0.8,0.3,12.953911781311035,28.177148818969727
812000000002,0.0,0.9,0.3,5.585226535797119,26.50393486022949
812000000002,0.0,1.0,0.3,5.284049987792969,26.756885528564453
812000000003,0.0,0.0,0.3,25.210277557373047,15.52305793762207
812000000003,0.0,0.1,0.3,25.2419376373291,15.401263236999512
812000000003,0.0,0.2,0.3,25.236778259277344,15.735825538635254
812000000003,0.0,0.3,0.3,25.213960647583008,15.699851989746094
812000000003,0.0,0.4,0.3,25.236242294311523,15.408452033996582
812000000003,0.0,0.5,0.3,25.074085235595703,15.915977478027344
812000000003,0.0,0.6,0.3,23.90577888488769,15.894296646118164
812000000003,0.0,0.7,0.3,21.0363712310791,16.361324310302734
812000000003,0.0,0.8,0.3,16.4890193939209,18.928056716918945
812000000003,0.0,0.9,0.3,15.619433403015137,17.5629825592041
812000000003,0.0,1.0,0.3,14.944745063781738,18.73182487487793
812000000004,0.0,0.0,0.3,18.731124877929688,21.085309982299805
812000000004,0.0,0.1,0.3,18.73554420471192,20.80273628234864
812000000004,0.0,0.2,0.3,18.718372344970703,20.968324661254883
812000000004,0.0,0.3,0.3,18.543289184570312,20.709680557250977
812000000004,0.0,0.4,0.3,18.20772171020508,21.72119903564453
812000000004,0.0,0.5,0.3,17.957582473754883,21.50439453125
812000000004,0.0,0.6,0.3,17.597612380981445,21.63405036926269
812000000004,0.0,0.7,0.3,16.47933578491211,22.96479034423828
812000000004,0.0,0.8,0.3,16.37327766418457,23.057559967041016
812000000004,0.0,0.9,0.3,14.609241485595703,23.595468521118164
812000000004,0.0,1.0,0.3,10.268265724182127,24.374086380004883
812000000005,0.0,0.0,0.3,20.386518478393555,28.8705997467041
812000000005,0.0,0.1,0.3,20.391036987304688,28.88164520263672
812000000005,0.0,0.2,0.3,20.380271911621094,28.34775161743164
812000000005,0.0,0.3,0.3,20.21176147460937,28.521114349365234
812000000005,0.0,0.4,0.3,19.496103286743164,27.88726043701172
812000000005,0.0,0.5,0.3,18.563270568847656,27.89769172668457
812000000005,0.0,0.6,0.3,17.95098304748535,27.54692649841309
812000000005,0.0,0.7,0.3,17.291032791137695,27.40740394592285
812000000005,0.0,0.8,0.3,16.24312400817871,28.19541931152344
812000000005,0.0,0.9,0.3,15.48625946044922,26.95052719116211
812000000005,0.0,1.0,0.3,14.33134651184082,25.9995346069336
812000000006,0.0,0.0,0.3,21.03548240661621,30.154356002807617
812000000006,0.0,0.1,0.3,21.01993560791016,30.458202362060547
812000000006,0.0,0.2,0.3,20.96082305908203,31.91710662841797
812000000006,0.0,0.3,0.3,20.920934677124023,32.0992431640625
812000000006,0.0,0.4,0.3,20.73768615722656,33.069759368896484
812000000006,0.0,0.5,0.3,20.478382110595703,32.16640853881836
812000000006,0.0,0.6,0.3,19.06636619567871,32.07838439941406
812000000006,0.0,0.7,0.3,16.548412322998047,31.57829666137696
812000000006,0.0,0.8,0.3,13.848072052001951,31.383007049560547
812000000006,0.0,0.9,0.3,9.383132934570312,30.240100860595703
812000000006,0.0,1.0,0.3,5.821700572967529,27.834123611450195
812000000007,0.0,0.0,0.3,26.03699493408203,27.52400588989257
812000000007,0.0,0.1,0.3,25.999351501464844,27.20915031433105
812000000007,0.0,0.2,0.3,25.598291397094727,27.220197677612305
812000000007,0.0,0.3,0.3,25.24880599975586,27.766395568847656
812000000007,0.0,0.4,0.3,24.093521118164062,27.714187622070312
812000000007,0.0,0.5,0.3,23.2158145904541,28.02043533325196
812000000007,0.0,0.6,0.3,21.80060386657715,28.289873123168945
812000000007,0.0,0.7,0.3,19.907129287719727,26.62081718444824
812000000007,0.0,0.8,0.3,17.294458389282227,27.56928443908692
812000000007,0.0,0.9,0.3,13.91193962097168,26.58572769165039
812000000007,0.0,1.0,0.3,11.403020858764648,27.22837257385254
812000000008,0.0,0.0,0.3,17.0316162109375,24.86612129211425
812000000008,0.0,0.1,0.3,17.023990631103516,24.914501190185547
812000000008,0.0,0.2,0.3,16.929912567138672,25.2252140045166
812000000008,0.0,0.3,0.3,16.766334533691406,25.374361038208008
812000000008,0.0,0.4,0.3,16.254989624023438,27.988683700561523
812000000008,0.0,0.5,0.3,15.74860954284668,28.833669662475582
812000000008,0.0,0.6,0.3,16.00615119934082,27.21504592895508
812000000008,0.0,0.7,0.3,15.30616569519043,27.326393127441406
812000000008,0.0,0.8,0.3,14.338101387023926,27.113828659057617
812000000008,0.0,0.9,0.3,13.892395973205566,26.822450637817383
812000000008,0.0,1.0,0.3,9.281744956970217,27.310571670532227
812000000009,0.0,0.0,0.3,18.742162704467773,26.55876350402832
812000000009,0.0,0.1,0.3,18.73577308654785,26.28851318359375
812000000009,0.0,0.2,0.3,18.706523895263672,25.334941864013672
812000000009,0.0,0.3,0.3,18.51634979248047,26.19515037536621
812000000009,0.0,0.4,0.3,18.147592544555664,27.02784538269043
812000000009,0.0,0.5,0.3,17.95876121520996,28.238052368164062
812000000009,0.0,0.6,0.3,17.95001220703125,28.45180320739746
812000000009,0.0,0.7,0.3,16.280664443969727,30.124855041503903
812000000009,0.0,0.8,0.3,15.759685516357422,31.895479202270508
812000000009,0.0,0.9,0.3,14.586475372314451,33.27725982666016
812000000009,0.0,1.0,0.3,14.392704010009766,27.914819717407227
813000000000,0.0,0.0,0.3,18.925508499145508,26.937055587768555
813000000000,0.0,0.1,0.3,18.92557716369629,27.34259414672852
813000000000,0.0,0.2,0.3,18.856353759765625,27.4077091217041
813000000000,0.0,0.3,0.3,18.79898834228516,26.63239288330078
813000000000,0.0,0.4,0.3,18.13008117675781,27.829402923583984
813000000000,0.0,0.5,0.3,17.101835250854492,27.460289001464844
813000000000,0.0,0.6,0.3,16.059467315673828,26.4619255065918
813000000000,0.0,0.7,0.3,14.50697135925293,27.29454040527344
813000000000,0.0,0.8,0.3,13.366111755371094,28.12569999694824
813000000000,0.0,0.9,0.3,12.355716705322266,28.01104164123535
813000000000,0.0,1.0,0.3,11.593432426452637,27.13629531860352
813000000001,0.0,0.0,0.3,20.20492553710937,25.854412078857425
813000000001,0.0,0.1,0.3,20.192352294921875,26.026111602783203
813000000001,0.0,0.2,0.3,20.07498550415039,25.381977081298828
813000000001,0.0,0.3,0.3,19.50301742553711,27.829221725463867
813000000001,0.0,0.4,0.3,18.9379825592041,27.514324188232425
813000000001,0.0,0.5,0.3,18.593259811401367,26.686817169189453
813000000001,0.0,0.6,0.3,17.58924674987793,28.60187339782715
813000000001,0.0,0.7,0.3,17.761547088623047,28.158336639404297
813000000001,0.0,0.8,0.3,16.481212615966797,27.84561538696289
813000000001,0.0,0.9,0.3,16.003936767578125,26.873291015625
813000000001,0.0,1.0,0.3,13.45374584197998,27.27666282653809
813000000002,0.0,0.0,0.3,19.429855346679688,23.01875305175781
813000000002,0.0,0.1,0.3,19.435009002685547,22.51059532165528
813000000002,0.0,0.2,0.3,19.348546981811523,23.247915267944336
813000000002,0.0,0.3,0.3,18.973220825195312,23.604352951049805
813000000002,0.0,0.4,0.3,18.811786651611328,24.4642391204834
813000000002,0.0,0.5,0.3,18.11492919921875,25.4025936126709
813000000002,0.0,0.6,0.3,17.494136810302734,25.30462074279785
813000000002,0.0,0.7,0.3,16.694368362426758,27.92609405517578
813000000002,0.0,0.8,0.3,16.098377227783203,28.439647674560547
813000000002,0.0,0.9,0.3,15.75026035308838,25.406997680664062
813000000002,0.0,1.0,0.3,14.6502103805542,30.189096450805664
813000000003,0.0,0.0,0.3,24.76780128479004,24.24264907836914
813000000003,0.0,0.1,0.3,24.81673812866211,24.05450820922852
813000000003,0.0,0.2,0.3,24.886354446411133,24.08697509765625
813000000003,0.0,0.3,0.3,24.73809051513672,24.210241317749023
813000000003,0.0,0.4,0.3,24.629663467407227,24.25979804992676
813000000003,0.0,0.5,0.3,23.86083984375,24.71162986755371
813000000003,0.0,0.6,0.3,23.06580924987793,25.03271675109864
813000000003,0.0,0.7,0.3,21.092618942260746,25.98203659057617
813000000003,0.0,0.8,0.3,20.449296951293945,25.272348403930664
813000000003,0.0,0.9,0.3,19.784088134765625,25.7534236907959
813000000003,0.0,1.0,0.3,17.710081100463867,23.72542381286621
813000000004,0.0,0.0,0.3,21.884525299072266,29.319339752197266
813000000004,0.0,0.1,0.3,21.836559295654297,27.79589080810547
813000000004,0.0,0.2,0.3,21.93807601928711,28.39144515991211
813000000004,0.0,0.3,0.3,21.58739471435547,29.98177146911621
813000000004,0.0,0.4,0.3,21.47109031677246,27.36780548095703
813000000004,0.0,0.5,0.3,20.27979850769043,31.636289596557617
813000000004,0.0,0.6,0.3,18.78939437866211,33.046634674072266
813000000004,0.0,0.7,0.3,16.036670684814453,30.765209197998047
813000000004,0.0,0.8,0.3,14.266268730163574,27.9915771484375
813000000004,0.0,0.9,0.3,12.965187072753906,30.194259643554688
813000000004,0.0,1.0,0.3,12.164522171020508,28.08753776550293
813000000005,0.0,0.0,0.3,19.99256706237793,23.84732437133789
813000000005,0.0,0.1,0.3,19.987943649291992,24.41235542297364
813000000005,0.0,0.2,0.3,19.987911224365234,24.060609817504883
813000000005,0.0,0.3,0.3,19.57147979736328,25.96511459350586
813000000005,0.0,0.4,0.3,17.936254501342773,26.291906356811523
813000000005,0.0,0.5,0.3,17.580263137817383,26.934539794921875
813000000005,0.0,0.6,0.3,17.47406005859375,26.010438919067383
813000000005,0.0,0.7,0.3,15.321700096130373,25.28240966796875
813000000005,0.0,0.8,0.3,15.568402290344238,25.838058471679688
813000000005,0.0,0.9,0.3,13.271283149719238,26.933094024658203
813000000005,0.0,1.0,0.3,13.160037994384766,27.635007858276367
813000000006,0.0,0.0,0.3,19.911890029907227,21.99496078491211
813000000006,0.0,0.1,0.3,19.910669326782227,21.90263557434082
813000000006,0.0,0.2,0.3,19.82898330688477,21.559614181518555
813000000006,0.0,0.3,0.3,19.66062355041504,22.154386520385746
813000000006,0.0,0.4,0.3,19.17108726501465,22.68084144592285
813000000006,0.0,0.5,0.3,18.563426971435547,23.282554626464844
813000000006,0.0,0.6,0.3,15.2452974319458,23.23552322387696
813000000006,0.0,0.7,0.3,14.416658401489258,22.860427856445312
813000000006,0.0,0.8,0.3,14.491415977478027,22.9282341003418
813000000006,0.0,0.9,0.3,13.33830738067627,23.77674674987793
813000000006,0.0,1.0,0.3,12.285269737243652,23.37744903564453
813000000007,0.0,0.0,0.3,19.25478172302246,25.133583068847656
813000000007,0.0,0.1,0.3,19.259897232055664,25.24056434631348
813000000007,0.0,0.2,0.3,19.17681884765625,25.559606552124023
813000000007,0.0,0.3,0.3,18.90761375427246,26.78153610229492
813000000007,0.0,0.4,0.3,18.72284507751465,28.18669891357422
813000000007,0.0,0.5,0.3,18.485673904418945,28.804105758666992
813000000007,0.0,0.6,0.3,18.219560623168945,28.464094161987305
813000000007,0.0,0.7,0.3,17.25204086303711,28.68976593017578
813000000007,0.0,0.8,0.3,16.99738121032715,28.52560806274414
813000000007,0.0,0.9,0.3,16.90216827392578,27.72833633422852
813000000007,0.0,1.0,0.3,16.097177505493164,27.57833671569824
813000000008,0.0,0.0,0.3,21.358673095703125,24.512422561645508
813000000008,0.0,0.1,0.3,21.37344741821289,24.647157669067383
813000000008,0.0,0.2,0.3,21.273399353027344,24.623441696166992
813000000008,0.0,0.3,0.3,20.816326141357425,24.389493942260746
813000000008,0.0,0.4,0.3,20.479700088500977,25.32412338256836
813000000008,0.0,0.5,0.3,19.06586265563965,25.20614242553711
813000000008,0.0,0.6,0.3,17.822668075561523,24.45859909057617
813000000008,0.0,0.7,0.3,15.55109977722168,25.337940216064453
813000000008,0.0,0.8,0.3,14.500051498413086,24.60126495361328
813000000008,0.0,0.9,0.3,13.385114669799805,26.088943481445312
813000000008,0.0,1.0,0.3,10.153359413146973,22.59563446044922
813000000009,0.0,0.0,0.3,21.99396133422852,23.32684898376465
813000000009,0.0,0.1,0.3,21.95772171020508,23.24009323120117
813000000009,0.0,0.2,0.3,21.663270950317383,22.21339988708496
813000000009,0.0,0.3,0.3,20.748533248901367,22.47629737854004
813000000009,0.0,0.4,0.3,19.253480911254883,25.36727523803711
813000000009,0.0,0.5,0.3,15.996870994567873,31.04128837585449
813000000009,0.0,0.6,0.3,14.410852432250977,32.53944396972656
813000000009,0.0,0.7,0.3,13.351786613464355,30.24320602416992
813000000009,0.0,0.8,0.3,11.604567527770996,30.275117874145508
813000000009,0.0,0.9,0.3,10.060038566589355,27.33962631225586
813000000009,0.0,1.0,0.3,9.066996574401855,27.954435348510746
814000000000,0.0,0.0,0.3,20.525924682617188,24.30949592590332
814000000000,0.0,0.1,0.3,20.52070617675781,23.56006622314453
814000000000,0.0,0.2,0.3,20.42009162902832,24.134265899658203
814000000000,0.0,0.3,0.3,20.38336753845215,26.42763328552246
814000000000,0.0,0.4,0.3,20.275026321411133,26.957988739013672
814000000000,0.0,0.5,0.3,20.295818328857425,27.36948776245117
814000000000,0.0,0.6,0.3,20.067716598510746,27.19659805297852
814000000000,0.0,0.7,0.3,20.136381149291992,25.070846557617188
814000000000,0.0,0.8,0.3,19.64473533630371,25.739192962646484
814000000000,0.0,0.9,0.3,19.43487548828125,27.04438591003418
814000000000,0.0,1.0,0.3,19.58803939819336,26.873947143554688
814000000001,0.0,0.0,0.3,19.89975357055664,25.36819076538086
814000000001,0.0,0.1,0.3,19.882884979248047,23.80479049682617
814000000001,0.0,0.2,0.3,19.631196975708008,23.22273635864257
814000000001,0.0,0.3,0.3,19.177583694458008,24.63608932495117
814000000001,0.0,0.4,0.3,18.246803283691406,24.10706901550293
814000000001,0.0,0.5,0.3,17.46248435974121,26.795005798339844
814000000001,0.0,0.6,0.3,15.4587984085083,24.45951461791992
814000000001,0.0,0.7,0.3,13.103072166442873,26.296762466430664
814000000001,0.0,0.8,0.3,12.17250919342041,25.67416381835937
814000000001,0.0,0.9,0.3,11.076796531677246,27.047813415527344
814000000001,0.0,1.0,0.3,9.267671585083008,22.243457794189453
814000000002,0.0,0.0,0.3,26.21940040588379,25.709346771240234
814000000002,0.0,0.1,0.3,26.11201286315918,25.92679786682129
814000000002,0.0,0.2,0.3,25.946889877319336,25.7883243560791
814000000002,0.0,0.3,0.3,25.70294570922852,25.61873245239257
814000000002,0.0,0.4,0.3,25.403898239135746,25.53254127502441
814000000002,0.0,0.5,0.3,24.89508628845215,25.95880126953125
814000000002,0.0,0.6,0.3,24.014493942260746,25.67296028137207
814000000002,0.0,0.7,0.3,22.77738571166992,25.919692993164062
814000000002,0.0,0.8,0.3,21.20642471313477,25.79917907714844
814000000002,0.0,0.9,0.3,19.202301025390625,25.40177726745605
814000000002,0.0,1.0,0.3,17.98764991760254,25.073619842529297
814000000003,0.0,0.0,0.3,18.20722007751465,22.63909339904785
814000000003,0.0,0.1,0.3,18.21457862854004,22.08771324157715
814000000003,0.0,0.2,0.3,18.22701072692871,23.95532417297364
814000000003,0.0,0.3,0.3,17.821706771850586,25.20332908630371
814000000003,0.0,0.4,0.3,17.342933654785156,24.58572006225586
814000000003,0.0,0.5,0.3,16.700132369995117,25.19584274291992
814000000003,0.0,0.6,0.3,15.846196174621582,25.733930587768555
814000000003,0.0,0.7,0.3,15.464746475219728,26.839879989624023
814000000003,0.0,0.8,0.3,14.110971450805664,27.02019119262696
814000000003,0.0,0.9,0.3,12.91757583618164,27.4659481048584
814000000003,0.0,1.0,0.3,11.752406120300291,25.60488510131836
814000000004,0.0,0.0,0.3,20.17171859741211,30.4567985534668
814000000004,0.0,0.1,0.3,20.137115478515625,30.878686904907227
814000000004,0.0,0.2,0.3,19.86346435546875,32.89879608154297
814000000004,0.0,0.3,0.3,19.14919853210449,31.069522857666016
814000000004,0.0,0.4,0.3,18.22966194152832,34.93651580810547
814000000004,0.0,0.5,0.3,17.837373733520508,32.930294036865234
814000000004,0.0,0.6,0.3,16.10426139831543,32.66203308105469
814000000004,0.0,0.7,0.3,14.92544937133789,30.29423141479492
814000000004,0.0,0.8,0.3,14.833314895629885,31.23065757751465
814000000004,0.0,0.9,0.3,13.803622245788574,27.9482536315918
814000000004,0.0,1.0,0.3,13.547417640686035,29.386165618896484
814000000005,0.0,0.0,0.3,19.46849632263184,25.89686584472656
814000000005,0.0,0.1,0.3,19.45765686035156,25.850210189819336
814000000005,0.0,0.2,0.3,19.451623916625977,25.873624801635746
814000000005,0.0,0.3,0.3,19.402433395385746,25.79507827758789
814000000005,0.0,0.4,0.3,19.35528564453125,25.80086898803711
814000000005,0.0,0.5,0.3,19.291961669921875,25.608686447143555
814000000005,0.0,0.6,0.3,19.17611122131348,26.22710418701172
814000000005,0.0,0.7,0.3,18.889543533325195,25.4863224029541
814000000005,0.0,0.8,0.3,18.41864013671875,25.867795944213867
814000000005,0.0,0.9,0.3,18.106130599975582,26.099803924560547
814000000005,0.0,1.0,0.3,16.768980026245117,26.63953018188477
814000000006,0.0,0.0,0.3,12.184322357177734,25.685077667236328
814000000006,0.0,0.1,0.3,12.181361198425291,25.414270401000977
814000000006,0.0,0.2,0.3,12.166326522827148,25.393543243408203
814000000006,0.0,0.3,0.3,12.140938758850098,25.697460174560547
814000000006,0.0,0.4,0.3,12.11695671081543,26.264015197753903
814000000006,0.0,0.5,0.3,12.10813331604004,25.71529960632324
814000000006,0.0,0.6,0.3,12.02762508392334,26.31083106994629
814000000006,0.0,0.7,0.3,11.839542388916016,25.99692916870117
814000000006,0.0,0.8,0.3,11.624412536621094,26.107328414916992
814000000006,0.0,0.9,0.3,11.683652877807615,26.42100524902344
814000000006,0.0,1.0,0.3,11.60206127166748,27.139102935791016
814000000007,0.0,0.0,0.3,21.95303535461425,21.79130744934082
814000000007,0.0,0.1,0.3,21.9343204498291,21.76263236999512
814000000007,0.0,0.2,0.3,21.90207290649414,22.10126686096192
814000000007,0.0,0.3,0.3,21.71171188354492,22.207426071166992
814000000007,0.0,0.4,0.3,21.320446014404297,21.498891830444336
814000000007,0.0,0.5,0.3,21.095935821533203,22.73642349243164
814000000007,0.0,0.6,0.3,20.52186584472656,22.9111385345459
814000000007,0.0,0.7,0.3,19.543790817260746,23.426332473754883
814000000007,0.0,0.8,0.3,18.48168182373047,22.23851776123047
814000000007,0.0,0.9,0.3,16.32785987854004,25.734107971191406
814000000007,0.0,1.0,0.3,14.663615226745604,26.83519744873047
814000000008,0.0,0.0,0.3,22.4384765625,19.04326438903809
814000000008,0.0,0.1,0.3,22.429935455322266,18.961849212646484
814000000008,0.0,0.2,0.3,22.404279708862305,20.888896942138672
814000000008,0.0,0.3,0.3,22.11025047302246,19.166404724121094
814000000008,0.0,0.4,0.3,21.035329818725582,24.214468002319336
814000000008,0.0,0.5,0.3,18.726518630981445,29.58865547180176
814000000008,0.0,0.6,0.3,17.56065559387207,29.759014129638672
814000000008,0.0,0.7,0.3,16.11858558654785,29.764328002929688
814000000008,0.0,0.8,0.3,16.0478572845459,27.274375915527344
814000000008,0.0,0.9,0.3,15.804712295532228,30.677536010742188
814000000008,0.0,1.0,0.3,13.271042823791504,31.32508659362793
814000000009,0.0,0.0,0.3,23.37087821960449,28.938156127929688
814000000009,0.0,0.1,0.3,23.366287231445312,29.264354705810547
814000000009,0.0,0.2,0.3,23.18416976928711,30.32180976867676
814000000009,0.0,0.3,0.3,22.619245529174805,31.324052810668945
814000000009,0.0,0.4,0.3,21.84183692932129,31.43243789672852
814000000009,0.0,0.5,0.3,21.006153106689453,28.42686080932617
814000000009,0.0,0.6,0.3,20.17368507385254,30.633275985717773
814000000009,0.0,0.7,0.3,18.765840530395508,30.61972618103028
814000000009,0.0,0.8,0.3,18.977039337158203,31.688690185546875
814000000009,0.0,0.9,0.3,18.301925659179688,33.01374816894531
814000000009,0.0,1.0,0.3,17.567543029785156,29.56832695007324
821000000000,0.0,0.0,0.3,20.638517379760746,26.609451293945312
821000000000,0.0,0.1,0.3,20.660932540893555,26.15159797668457
821000000000,0.0,0.2,0.3,20.687524795532227,25.90442276000977
821000000000,0.0,0.3,0.3,20.57406616210937,26.610389709472656
821000000000,0.0,0.4,0.3,20.28559684753418,26.28208923339844
821000000000,0.0,0.5,0.3,19.921628952026367,25.92734336853028
821000000000,0.0,0.6,0.3,18.93291473388672,26.03749656677246
821000000000,0.0,0.7,0.3,16.05663299560547,25.75446891784668
821000000000,0.0,0.8,0.3,12.602655410766602,26.743114471435547
821000000000,0.0,0.9,0.3,11.55795669555664,26.51866340637207
821000000000,0.0,1.0,0.3,11.007997512817385,26.993423461914062
821000000001,0.0,0.0,0.3,20.460662841796875,24.494949340820312
821000000001,0.0,0.1,0.3,20.446178436279297,25.14916038513184
821000000001,0.0,0.2,0.3,20.18533706665039,25.190168380737305
821000000001,0.0,0.3,0.3,20.007436752319336,25.83857536315918
821000000001,0.0,0.4,0.3,19.79928970336914,25.884252548217773
821000000001,0.0,0.5,0.3,19.69940757751465,25.42102432250977
821000000001,0.0,0.6,0.3,19.42449760437012,25.702852249145508
821000000001,0.0,0.7,0.3,18.21249389648437,26.564926147460938
821000000001,0.0,0.8,0.3,16.250410079956055,26.110538482666016
821000000001,0.0,0.9,0.3,12.785032272338867,28.50751304626465
821000000001,0.0,1.0,0.3,10.606685638427734,27.54766273498535
821000000002,0.0,0.0,0.3,22.388259887695312,23.38677406311035
821000000002,0.0,0.1,0.3,22.37662506103516,23.34827995300293
821000000002,0.0,0.2,0.3,22.36191177368164,23.778039932250977
821000000002,0.0,0.3,0.3,22.157638549804688,23.875661849975582
821000000002,0.0,0.4,0.3,22.01469612121582,24.92464065551757
821000000002,0.0,0.5,0.3,21.738969802856445,27.60837745666504
821000000002,0.0,0.6,0.3,19.58555221557617,28.65536117553711
821000000002,0.0,0.7,0.3,20.189138412475582,29.47327423095703
821000000002,0.0,0.8,0.3,21.149288177490234,28.445226669311523
821000000002,0.0,0.9,0.3,20.969083786010746,27.822927474975582
821000000002,0.0,1.0,0.3,20.853439331054688,24.27162170410156
821000000003,0.0,0.0,0.3,19.926820755004883,26.475399017333984
821000000003,0.0,0.1,0.3,19.84458923339844,26.978927612304688
821000000003,0.0,0.2,0.3,19.68447494506836,27.2580795288086
821000000003,0.0,0.3,0.3,19.426742553710938,27.36905860900879
821000000003,0.0,0.4,0.3,18.9121150970459,26.0092830657959
821000000003,0.0,0.5,0.3,18.36506462097168,26.7911376953125
821000000003,0.0,0.6,0.3,17.95920181274414,27.014827728271484
821000000003,0.0,0.7,0.3,17.00091552734375,26.38629150390625
821000000003,0.0,0.8,0.3,14.930591583251951,25.78657913208008
821000000003,0.0,0.9,0.3,13.677502632141112,25.54533767700196
821000000003,0.0,1.0,0.3,12.873342514038086,26.8278923034668
821000000004,0.0,0.0,0.3,17.789838790893555,28.57385635375977
821000000004,0.0,0.1,0.3,17.716487884521484,28.57237243652344
821000000004,0.0,0.2,0.3,17.624431610107422,28.39332771301269
821000000004,0.0,0.3,0.3,17.433584213256836,28.15311050415039
821000000004,0.0,0.4,0.3,17.233854293823242,28.81874084472656
821000000004,0.0,0.5,0.3,16.971771240234375,28.684574127197266
821000000004,0.0,0.6,0.3,16.75078010559082,27.402359008789062
821000000004,0.0,0.7,0.3,16.634164810180664,27.41458511352539
821000000004,0.0,0.8,0.3,16.330066680908203,27.92117691040039
821000000004,0.0,0.9,0.3,14.747572898864746,26.58536720275879
821000000004,0.0,1.0,0.3,14.52223300933838,28.163360595703125
821000000005,0.0,0.0,0.3,19.38262176513672,23.425573348999023
821000000005,0.0,0.1,0.3,19.38706588745117,23.12655067443848
821000000005,0.0,0.2,0.3,19.374048233032227,22.93345832824707
821000000005,0.0,0.3,0.3,19.223756790161133,23.071510314941406
821000000005,0.0,0.4,0.3,19.12555503845215,22.79768753051757
821000000005,0.0,0.5,0.3,18.76152229309082,22.91645050048828
821000000005,0.0,0.6,0.3,16.05909538269043,27.11186790466309
821000000005,0.0,0.7,0.3,14.934006690979004,27.136594772338867
821000000005,0.0,0.8,0.3,13.960101127624512,27.34821510314941
821000000005,0.0,0.9,0.3,13.855531692504885,26.67775535583496
821000000005,0.0,1.0,0.3,13.886115074157717,26.82063865661621
821000000006,0.0,0.0,0.3,21.298603057861328,23.69029235839844
821000000006,0.0,0.1,0.3,21.31162643432617,23.89200592041016
821000000006,0.0,0.2,0.3,21.296051025390625,24.02359199523925
821000000006,0.0,0.3,0.3,21.30175018310547,24.68431663513184
821000000006,0.0,0.4,0.3,21.301483154296875,24.200353622436523
821000000006,0.0,0.5,0.3,21.298412322998047,24.77329063415528
821000000006,0.0,0.6,0.3,20.983129501342773,24.37418937683105
821000000006,0.0,0.7,0.3,18.76160049438477,24.091773986816406
821000000006,0.0,0.8,0.3,18.66092300415039,24.75094223022461
821000000006,0.0,0.9,0.3,16.470111846923828,24.891712188720703
821000000006,0.0,1.0,0.3,15.836158752441406,24.760242462158203
821000000007,0.0,0.0,0.3,18.95154571533203,25.737173080444336
821000000007,0.0,0.1,0.3,18.945541381835938,25.770851135253903
821000000007,0.0,0.2,0.3,18.917377471923828,25.837841033935547
821000000007,0.0,0.3,0.3,18.854808807373047,26.197614669799805
821000000007,0.0,0.4,0.3,18.794723510742188,26.34710693359375
821000000007,0.0,0.5,0.3,18.566267013549805,26.10788917541504
821000000007,0.0,0.6,0.3,18.525434494018555,25.664047241210938
821000000007,0.0,0.7,0.3,18.50160789489746,25.91925811767578
821000000007,0.0,0.8,0.3,18.128158569335938,25.95396423339844
821000000007,0.0,0.9,0.3,15.110360145568848,26.0681095123291
821000000007,0.0,1.0,0.3,14.102495193481444,25.51456642150879
821000000008,0.0,0.0,0.3,20.136375427246094,22.58578491210937
821000000008,0.0,0.1,0.3,20.04746627807617,22.6525936126709
821000000008,0.0,0.2,0.3,19.62003898620605,22.49829864501953
821000000008,0.0,0.3,0.3,19.3552474975586,23.972900390625
821000000008,0.0,0.4,0.3,18.452682495117188,26.636812210083008
821000000008,0.0,0.5,0.3,17.15350914001465,26.931804656982425
821000000008,0.0,0.6,0.3,16.207813262939453,26.46615600585937
821000000008,0.0,0.7,0.3,16.10554313659668,28.20990753173828
821000000008,0.0,0.8,0.3,15.82237720489502,28.20348358154297
821000000008,0.0,0.9,0.3,14.837065696716309,29.372722625732425
821000000008,0.0,1.0,0.3,14.17929744720459,29.0380859375
821000000009,0.0,0.0,0.3,18.637969970703125,26.35704231262207
821000000009,0.0,0.1,0.3,18.647106170654297,26.229232788085938
821000000009,0.0,0.2,0.3,18.634849548339844,26.9068603515625
821000000009,0.0,0.3,0.3,18.448516845703125,26.331148147583008
821000000009,0.0,0.4,0.3,18.064441680908203,23.63826942443848
821000000009,0.0,0.5,0.3,17.80384063720703,25.55208778381348
821000000009,0.0,0.6,0.3,17.30091094970703,26.356983184814453
821000000009,0.0,0.7,0.3,16.42868423461914,25.550153732299805
821000000009,0.0,0.8,0.3,15.577596664428713,26.082807540893555
821000000009,0.0,0.9,0.3,15.830658912658691,26.477802276611328
821000000009,0.0,1.0,0.3,14.89808464050293,26.59398651123047
822000000000,0.0,0.0,0.3,22.273178100585938,16.703134536743164
822000000000,0.0,0.1,0.3,22.23237419128418,17.186933517456055
822000000000,0.0,0.2,0.3,22.068931579589844,16.35423469543457
822000000000,0.0,0.3,0.3,21.589168548583984,17.406536102294922
822000000000,0.0,0.4,0.3,21.001680374145508,17.45591163635254
822000000000,0.0,0.5,0.3,20.237154006958008,18.339305877685547
822000000000,0.0,0.6,0.3,19.46951484680176,19.153812408447266
822000000000,0.0,0.7,0.3,18.43369102478028,20.23282623291016
822000000000,0.0,0.8,0.3,16.474796295166016,22.36654090881348
822000000000,0.0,0.9,0.3,15.727014541625977,18.418533325195312
822000000000,0.0,1.0,0.3,12.536495208740234,19.083786010742188
822000000001,0.0,0.0,0.3,19.48548698425293,26.20518112182617
822000000001,0.0,0.1,0.3,19.45905876159668,26.266300201416016
822000000001,0.0,0.2,0.3,19.449190139770508,26.42083740234375
822000000001,0.0,0.3,0.3,19.184646606445312,26.115577697753903
822000000001,0.0,0.4,0.3,18.854307174682617,26.83667182922364
822000000001,0.0,0.5,0.3,18.59427261352539,26.59472846984864
822000000001,0.0,0.6,0.3,17.96429443359375,26.41920661926269
822000000001,0.0,0.7,0.3,15.61796760559082,23.81145095825196
822000000001,0.0,0.8,0.3,16.66914176940918,25.41723823547364
822000000001,0.0,0.9,0.3,15.30994987487793,27.774667739868164
822000000001,0.0,1.0,0.3,14.579960823059082,28.40664291381836
822000000002,0.0,0.0,0.3,22.28800392150879,22.78546905517578
822000000002,0.0,0.1,0.3,22.2868881225586,23.41512680053711
822000000002,0.0,0.2,0.3,22.13326644897461,24.56245994567871
822000000002,0.0,0.3,0.3,21.90903091430664,25.421424865722656
822000000002,0.0,0.4,0.3,21.57686233520508,26.06488990783692
822000000002,0.0,0.5,0.3,21.02970123291016,27.118736267089844
822000000002,0.0,0.6,0.3,20.23911094665528,26.291114807128903
822000000002,0.0,0.7,0.3,18.99933815002441,27.146488189697266
822000000002,0.0,0.8,0.3,18.185022354125977,27.965408325195312
822000000002,0.0,0.9,0.3,15.27852725982666,28.214353561401367
822000000002,0.0,1.0,0.3,10.87868309020996,28.48222923278809
822000000003,0.0,0.0,0.3,18.43390464782715,19.23442840576172
822000000003,0.0,0.1,0.3,18.48202514648437,19.011972427368164
822000000003,0.0,0.2,0.3,18.58150291442871,19.273101806640625
822000000003,0.0,0.3,0.3,17.8680477142334,20.989721298217773
822000000003,0.0,0.4,0.3,16.739234924316406,26.335752487182617
822000000003,0.0,0.5,0.3,15.773812294006348,28.24294853210449
822000000003,0.0,0.6,0.3,15.290834426879885,25.77960586547852
822000000003,0.0,0.7,0.3,15.053394317626951,24.913047790527344
822000000003,0.0,0.8,0.3,14.858755111694336,25.2133731842041
822000000003,0.0,0.9,0.3,14.760254859924316,26.05303192138672
822000000003,0.0,1.0,0.3,14.003870010375977,27.13911819458008
822000000004,0.0,0.0,0.3,19.238719940185547,23.00793838500977
822000000004,0.0,0.1,0.3,19.255823135375977,24.30713081359864
822000000004,0.0,0.2,0.3,18.93703842163086,25.34868621826172
822000000004,0.0,0.3,0.3,18.394515991210938,22.243305206298828
822000000004,0.0,0.4,0.3,17.45010757446289,22.94685745239257
822000000004,0.0,0.5,0.3,17.125856399536133,24.264404296875
822000000004,0.0,0.6,0.3,15.79905891418457,26.007843017578125
822000000004,0.0,0.7,0.3,15.120597839355469,26.706451416015625
822000000004,0.0,0.8,0.3,15.017690658569336,25.2221794128418
822000000004,0.0,0.9,0.3,14.065817832946776,24.107948303222656
822000000004,0.0,1.0,0.3,14.611613273620604,21.17495346069336
822000000005,0.0,0.0,0.3,20.478214263916016,21.8477783203125
822000000005,0.0,0.1,0.3,20.515342712402344,21.91097640991211
822000000005,0.0,0.2,0.3,20.21271514892578,22.59748649597168
822000000005,0.0,0.3,0.3,19.697410583496094,22.043163299560547
822000000005,0.0,0.4,0.3,18.833415985107425,24.59159469604492
822000000005,0.0,0.5,0.3,17.42591094970703,24.062274932861328
822000000005,0.0,0.6,0.3,16.586408615112305,23.87825965881348
822000000005,0.0,0.7,0.3,14.997272491455078,23.706621170043945
822000000005,0.0,0.8,0.3,14.012636184692385,24.96272850036621
822000000005,0.0,0.9,0.3,11.56398868560791,25.62110137939453
822000000005,0.0,1.0,0.3,7.238481521606445,24.75783920288086
822000000006,0.0,0.0,0.3,19.736417770385746,20.80564308166504
822000000006,0.0,0.1,0.3,19.709318161010746,21.12963485717773
822000000006,0.0,0.2,0.3,19.53662872314453,22.791156768798828
822000000006,0.0,0.3,0.3,19.361547470092773,21.494203567504883
822000000006,0.0,0.4,0.3,18.507963180541992,21.86899757385254
822000000006,0.0,0.5,0.3,17.37299156188965,22.454872131347656
822000000006,0.0,0.6,0.3,16.012550354003906,25.407997131347656
822000000006,0.0,0.7,0.3,14.974976539611816,19.40365982055664
822000000006,0.0,0.8,0.3,15.351988792419434,22.73622703552246
822000000006,0.0,0.9,0.3,14.423884391784668,21.93039894104004
822000000006,0.0,1.0,0.3,13.348432540893556,24.3758544921875
822000000007,0.0,0.0,0.3,23.7003116607666,23.319551467895508
822000000007,0.0,0.1,0.3,23.69680404663086,23.263328552246094
822000000007,0.0,0.2,0.3,23.612274169921875,22.922468185424805
822000000007,0.0,0.3,0.3,23.34721946716309,23.095474243164062
822000000007,0.0,0.4,0.3,22.83566665649414,23.768688201904297
822000000007,0.0,0.5,0.3,22.429670333862305,22.56968688964844
822000000007,0.0,0.6,0.3,21.67786407470703,23.7634220123291
822000000007,0.0,0.7,0.3,12.879595756530762,30.47764015197754
822000000007,0.0,0.8,0.3,11.259271621704102,23.894081115722656
822000000007,0.0,0.9,0.3,13.463743209838867,22.479389190673828
822000000007,0.0,1.0,0.3,13.793374061584473,27.0986442565918
822000000008,0.0,0.0,0.3,20.47812271118164,16.177732467651367
822000000008,0.0,0.1,0.3,20.39588737487793,15.058109283447266
822000000008,0.0,0.2,0.3,19.76742553710937,15.451481819152832
822000000008,0.0,0.3,0.3,18.63714027404785,17.850975036621094
822000000008,0.0,0.4,0.3,17.178707122802734,19.569190979003903
822000000008,0.0,0.5,0.3,16.4700984954834,24.328521728515625
822000000008,0.0,0.6,0.3,15.12851905822754,24.08503532409668
822000000008,0.0,0.7,0.3,13.649354934692385,23.072237014770508
822000000008,0.0,0.8,0.3,12.37027359008789,24.82588577270508
822000000008,0.0,0.9,0.3,10.98277187347412,23.23733329772949
822000000008,0.0,1.0,0.3,7.596747875213623,23.477859497070312
822000000009,0.0,0.0,0.3,17.809898376464844,23.81089973449707
822000000009,0.0,0.1,0.3,17.823171615600586,24.6660385131836
822000000009,0.0,0.2,0.3,17.747913360595703,24.92845726013184
822000000009,0.0,0.3,0.3,17.399606704711914,24.3875675201416
822000000009,0.0,0.4,0.3,17.0445613861084,24.50498962402344
822000000009,0.0,0.5,0.3,16.421165466308594,23.929256439208984
822000000009,0.0,0.6,0.3,15.722028732299805,25.02663993835449
822000000009,0.0,0.7,0.3,12.691259384155272,25.638341903686523
822000000009,0.0,0.8,0.3,10.966100692749023,27.94171524047852
822000000009,0.0,0.9,0.3,10.326610565185549,27.545005798339844
822000000009,0.0,1.0,0.3,9.780261993408203,28.303062438964844
823000000000,0.0,0.0,0.3,20.41452980041504,31.44845962524414
823000000000,0.0,0.1,0.3,20.41803741455078,32.14603805541992
823000000000,0.0,0.2,0.3,20.375959396362305,32.31125259399414
823000000000,0.0,0.3,0.3,19.6881103515625,31.459835052490234
823000000000,0.0,0.4,0.3,18.390369415283203,30.03218078613281
823000000000,0.0,0.5,0.3,17.0994873046875,32.247215270996094
823000000000,0.0,0.6,0.3,15.650415420532228,29.06131172180176
823000000000,0.0,0.7,0.3,13.885384559631348,30.02482986450196
823000000000,0.0,0.8,0.3,12.04012680053711,30.988893508911133
823000000000,0.0,0.9,0.3,10.465527534484863,27.874231338500977
823000000000,0.0,1.0,0.3,9.408381462097168,26.91722869873047
823000000001,0.0,0.0,0.3,17.5897274017334,25.10524177551269
823000000001,0.0,0.1,0.3,17.59270477294922,25.30570602416992
823000000001,0.0,0.2,0.3,17.556934356689453,25.198230743408203
823000000001,0.0,0.3,0.3,17.500221252441406,25.433513641357425
823000000001,0.0,0.4,0.3,16.998281478881836,26.07466506958008
823000000001,0.0,0.5,0.3,16.32417106628418,25.590377807617188
823000000001,0.0,0.6,0.3,13.990283012390137,28.2822380065918
823000000001,0.0,0.7,0.3,13.569531440734863,27.9700870513916
823000000001,0.0,0.8,0.3,12.342784881591797,29.868633270263672
823000000001,0.0,0.9,0.3,12.165811538696287,31.02644157409668
823000000001,0.0,1.0,0.3,11.926397323608398,29.80648231506348
823000000002,0.0,0.0,0.3,22.142961502075195,25.37944984436035
823000000002,0.0,0.1,0.3,22.11102294921875,25.537582397460938
823000000002,0.0,0.2,0.3,22.027063369750977,25.550439834594727
823000000002,0.0,0.3,0.3,21.771629333496094,25.06202507019043
823000000002,0.0,0.4,0.3,21.00041580200196,25.05614471435547
823000000002,0.0,0.5,0.3,19.903339385986328,25.090932846069336
823000000002,0.0,0.6,0.3,17.04416275024414,28.427827835083008
823000000002,0.0,0.7,0.3,14.884414672851562,28.99493789672852
823000000002,0.0,0.8,0.3,13.952370643615724,28.47047996520996
823000000002,0.0,0.9,0.3,12.727248191833496,28.19759178161621
823000000002,0.0,1.0,0.3,13.840673446655272,27.100414276123047
823000000003,0.0,0.0,0.3,22.737154006958008,20.19997787475586
823000000003,0.0,0.1,0.3,22.7593994140625,22.049259185791016
823000000003,0.0,0.2,0.3,22.5676498413086,22.06995391845703
823000000003,0.0,0.3,0.3,22.002798080444336,23.55984115600586
823000000003,0.0,0.4,0.3,21.422119140625,25.183183670043945
823000000003,0.0,0.5,0.3,19.019641876220703,23.839204788208008
823000000003,0.0,0.6,0.3,18.24650764465332,19.96678924560547
823000000003,0.0,0.7,0.3,17.6686954498291,25.78568458557129
823000000003,0.0,0.8,0.3,15.51506805419922,27.804357528686523
823000000003,0.0,0.9,0.3,14.343199729919434,26.729286193847656
823000000003,0.0,1.0,0.3,14.09749984741211,26.78951835632324
823000000004,0.0,0.0,0.3,19.94150733947754,19.153579711914062
823000000004,0.0,0.1,0.3,19.839290618896484,19.163070678710938
823000000004,0.0,0.2,0.3,19.413768768310547,19.05827713012696
823000000004,0.0,0.3,0.3,18.40790748596192,21.47243309020996
823000000004,0.0,0.4,0.3,16.899560928344727,20.460346221923828
823000000004,0.0,0.5,0.3,15.098993301391602,21.66486549377441
823000000004,0.0,0.6,0.3,13.342758178710938,20.74516487121582
823000000004,0.0,0.7,0.3,11.297719955444336,20.69692039489746
823000000004,0.0,0.8,0.3,9.648969650268556,24.37406349182129
823000000004,0.0,0.9,0.3,8.510740280151367,24.344623565673828
823000000004,0.0,1.0,0.3,7.20119047164917,25.227209091186523
823000000005,0.0,0.0,0.3,15.439294815063477,21.099891662597656
823000000005,0.0,0.1,0.3,15.428464889526367,21.138652801513672
823000000005,0.0,0.2,0.3,15.4004487991333,20.86010932922364
823000000005,0.0,0.3,0.3,15.31028175354004,21.88223648071289
823000000005,0.0,0.4,0.3,15.164618492126465,22.659496307373047
823000000005,0.0,0.5,0.3,13.516643524169922,25.99685859680176
823000000005,0.0,0.6,0.3,12.461502075195312,29.872936248779297
823000000005,0.0,0.7,0.3,12.496203422546388,29.373920440673828
823000000005,0.0,0.8,0.3,12.434371948242188,23.018281936645508
823000000005,0.0,0.9,0.3,12.124761581420898,24.84063720703125
823000000005,0.0,1.0,0.3,11.245199203491213,27.999738693237305
823000000006,0.0,0.0,0.3,23.135013580322266,26.980388641357425
823000000006,0.0,0.1,0.3,23.08108329772949,27.18024635314941
823000000006,0.0,0.2,0.3,23.18176651000977,27.16493034362793
823000000006,0.0,0.3,0.3,22.79770278930664,29.09653091430664
823000000006,0.0,0.4,0.3,19.414140701293945,29.19178009033203
823000000006,0.0,0.5,0.3,16.790292739868164,30.298995971679688
823000000006,0.0,0.6,0.3,14.6588773727417,31.945810317993164
823000000006,0.0,0.7,0.3,13.444121360778809,28.65915298461914
823000000006,0.0,0.8,0.3,11.98327350616455,32.1873893737793
823000000006,0.0,0.9,0.3,10.87537670135498,33.516883850097656
823000000006,0.0,1.0,0.3,10.035964965820312,31.3718204498291
823000000007,0.0,0.0,0.3,22.84686279296875,22.91929054260254
823000000007,0.0,0.1,0.3,22.699800491333008,23.300451278686523
823000000007,0.0,0.2,0.3,22.418212890625,23.492321014404297
823000000007,0.0,0.3,0.3,21.810327529907227,23.405670166015625
823000000007,0.0,0.4,0.3,20.297794342041016,25.99583625793457
823000000007,0.0,0.5,0.3,17.950349807739258,28.54893112182617
823000000007,0.0,0.6,0.3,16.001720428466797,26.14707946777344
823000000007,0.0,0.7,0.3,14.539374351501465,28.607208251953125
823000000007,0.0,0.8,0.3,13.381397247314451,25.27845001220703
823000000007,0.0,0.9,0.3,12.553990364074709,23.221088409423828
823000000007,0.0,1.0,0.3,10.923467636108398,23.06192779541016
823000000008,0.0,0.0,0.3,24.84302520751953,21.92904663085937
823000000008,0.0,0.1,0.3,24.85024642944336,23.84692573547364
823000000008,0.0,0.2,0.3,23.984054565429688,25.768207550048828
823000000008,0.0,0.3,0.3,23.291810989379883,26.964252471923828
823000000008,0.0,0.4,0.3,20.627410888671875,27.07438468933105
823000000008,0.0,0.5,0.3,17.458688735961914,25.72002410888672
823000000008,0.0,0.6,0.3,13.707437515258787,28.438133239746094
823000000008,0.0,0.7,0.3,12.329148292541504,28.3134822845459
823000000008,0.0,0.8,0.3,11.381220817565918,25.90321350097656
823000000008,0.0,0.9,0.3,11.205493927001951,24.739709854125977
823000000008,0.0,1.0,0.3,11.263195991516112,26.820045471191406
823000000009,0.0,0.0,0.3,22.59019660949707,26.022705078125
823000000009,0.0,0.1,0.3,22.54094886779785,25.63810920715332
823000000009,0.0,0.2,0.3,22.406349182128903,25.61157989501953
823000000009,0.0,0.3,0.3,22.137779235839844,25.94940948486328
823000000009,0.0,0.4,0.3,21.687788009643555,26.26526641845703
823000000009,0.0,0.5,0.3,20.966398239135746,25.426101684570312
823000000009,0.0,0.6,0.3,18.38182258605957,24.564956665039062
823000000009,0.0,0.7,0.3,18.4245662689209,27.92726707458496
823000000009,0.0,0.8,0.3,19.317459106445312,25.128576278686523
823000000009,0.0,0.9,0.3,16.51879119873047,24.700719833374023
823000000009,0.0,1.0,0.3,16.58299446105957,26.459300994873047
824000000000,0.0,0.0,0.3,21.362558364868164,21.54082298278809
824000000000,0.0,0.1,0.3,21.3845329284668,20.742645263671875
824000000000,0.0,0.2,0.3,21.01710319519043,19.694766998291016
824000000000,0.0,0.3,0.3,20.29010009765625,23.623401641845703
824000000000,0.0,0.4,0.3,19.28262710571289,24.956859588623047
824000000000,0.0,0.5,0.3,18.28890991210937,26.76240539550781
824000000000,0.0,0.6,0.3,16.241077423095703,29.75615882873535
824000000000,0.0,0.7,0.3,15.383570671081545,27.29928207397461
824000000000,0.0,0.8,0.3,16.649110794067383,22.06535530090332
824000000000,0.0,0.9,0.3,16.463823318481445,22.63899612426757
824000000000,0.0,1.0,0.3,15.892783164978027,27.060562133789062
824000000001,0.0,0.0,0.3,21.47162818908692,19.27849197387696
824000000001,0.0,0.1,0.3,21.524208068847656,18.36387062072754
824000000001,0.0,0.2,0.3,21.355552673339844,19.921085357666016
824000000001,0.0,0.3,0.3,20.872426986694336,22.592016220092773
824000000001,0.0,0.4,0.3,20.34457397460937,23.526987075805664
824000000001,0.0,0.5,0.3,19.28326988220215,23.617919921875
824000000001,0.0,0.6,0.3,18.010805130004883,25.0705623626709
824000000001,0.0,0.7,0.3,16.773839950561523,26.046838760375977
824000000001,0.0,0.8,0.3,16.564023971557617,23.987808227539062
824000000001,0.0,0.9,0.3,15.28787612915039,25.642486572265625
824000000001,0.0,1.0,0.3,13.269563674926758,25.355478286743164
824000000002,0.0,0.0,0.3,18.17012405395508,21.79572105407715
824000000002,0.0,0.1,0.3,18.180110931396484,21.869691848754883
824000000002,0.0,0.2,0.3,18.17308807373047,21.25981712341309
824000000002,0.0,0.3,0.3,18.098276138305664,21.47835350036621
824000000002,0.0,0.4,0.3,17.908071517944336,21.419227600097656
824000000002,0.0,0.5,0.3,17.650062561035156,21.0152587890625
824000000002,0.0,0.6,0.3,17.41383171081543,20.24567985534668
824000000002,0.0,0.7,0.3,17.326343536376953,21.46501350402832
824000000002,0.0,0.8,0.3,16.256595611572266,21.50920867919922
824000000002,0.0,0.9,0.3,15.298877716064451,21.3616943359375
824000000002,0.0,1.0,0.3,15.15016746520996,19.73421287536621
824000000003,0.0,0.0,0.3,15.60825252532959,21.76196479797364
824000000003,0.0,0.1,0.3,15.572614669799805,20.97116470336914
824000000003,0.0,0.2,0.3,15.442020416259766,23.03706359863281
824000000003,0.0,0.3,0.3,14.82262897491455,21.24250602722168
824000000003,0.0,0.4,0.3,13.81440544128418,24.77237319946289
824000000003,0.0,0.5,0.3,13.42812156677246,25.331098556518555
824000000003,0.0,0.6,0.3,13.233190536499023,23.39271545410156
824000000003,0.0,0.7,0.3,13.011452674865724,25.5034294128418
824000000003,0.0,0.8,0.3,12.467649459838867,20.81968688964844
824000000003,0.0,0.9,0.3,12.021631240844728,27.0080509185791
824000000003,0.0,1.0,0.3,12.053349494934082,29.09490966796875
824000000004,0.0,0.0,0.3,18.13546562194824,22.66948509216309
824000000004,0.0,0.1,0.3,18.10538101196289,22.0757064819336
824000000004,0.0,0.2,0.3,17.943225860595703,22.81087303161621
824000000004,0.0,0.3,0.3,17.643346786499023,25.18230056762696
824000000004,0.0,0.4,0.3,17.106037139892578,29.72450256347656
824000000004,0.0,0.5,0.3,16.529399871826172,29.944446563720703
824000000004,0.0,0.6,0.3,15.733685493469238,29.107484817504883
824000000004,0.0,0.7,0.3,14.68421745300293,30.6150131225586
824000000004,0.0,0.8,0.3,14.18983268737793,26.431411743164062
824000000004,0.0,0.9,0.3,13.424323081970217,30.20319366455078
824000000004,0.0,1.0,0.3,12.707154273986816,26.74579620361328
824000000005,0.0,0.0,0.3,23.21582794189453,23.81315040588379
824000000005,0.0,0.1,0.3,23.20747947692871,23.937744140625
824000000005,0.0,0.2,0.3,23.20793533325196,23.897918701171875
824000000005,0.0,0.3,0.3,23.072668075561523,24.07233047485352
824000000005,0.0,0.4,0.3,22.90599822998047,23.438034057617188
824000000005,0.0,0.5,0.3,22.54815673828125,23.98198509216309
824000000005,0.0,0.6,0.3,22.59134864807129,23.66094207763672
824000000005,0.0,0.7,0.3,22.158370971679688,25.47360610961914
824000000005,0.0,0.8,0.3,20.631221771240234,27.90525245666504
824000000005,0.0,0.9,0.3,17.733491897583008,29.005300521850582
824000000005,0.0,1.0,0.3,12.444012641906738,26.9833984375
824000000006,0.0,0.0,0.3,21.227930068969727,21.8679256439209
824000000006,0.0,0.1,0.3,21.248130798339844,20.61552047729492
824000000006,0.0,0.2,0.3,21.26615524291992,21.81429481506348
824000000006,0.0,0.3,0.3,21.29963493347168,21.443479537963867
824000000006,0.0,0.4,0.3,21.25872039794922,21.509326934814453
824000000006,0.0,0.5,0.3,20.968135833740234,21.58496284484864
824000000006,0.0,0.6,0.3,20.59352302551269,21.127296447753903
824000000006,0.0,0.7,0.3,20.26861572265625,20.78106117248535
824000000006,0.0,0.8,0.3,19.40255546569824,21.955453872680664
824000000006,0.0,0.9,0.3,18.885507583618164,22.97606086730957
824000000006,0.0,1.0,0.3,17.810049057006836,23.03572654724121
824000000007,0.0,0.0,0.3,20.714656829833984,19.85217666625977
824000000007,0.0,0.1,0.3,20.73795318603516,19.40190887451172
824000000007,0.0,0.2,0.3,20.312456130981445,20.65361595153809
824000000007,0.0,0.3,0.3,19.420860290527344,20.62537384033203
824000000007,0.0,0.4,0.3,18.03309440612793,19.27836799621582
824000000007,0.0,0.5,0.3,15.97746753692627,21.13851356506348
824000000007,0.0,0.6,0.3,15.309438705444336,19.475811004638672
824000000007,0.0,0.7,0.3,14.80965805053711,15.515084266662598
824000000007,0.0,0.8,0.3,14.332703590393066,19.292619705200195
824000000007,0.0,0.9,0.3,13.623407363891602,23.333446502685547
824000000007,0.0,1.0,0.3,13.283303260803224,23.36746406555176
824000000008,0.0,0.0,0.3,21.510400772094727,15.872719764709473
824000000008,0.0,0.1,0.3,21.42641258239746,19.324857711791992
824000000008,0.0,0.2,0.3,21.162113189697266,22.89428901672364
824000000008,0.0,0.3,0.3,20.88457298278809,23.29058265686035
824000000008,0.0,0.4,0.3,19.67122268676757,22.440723419189453
824000000008,0.0,0.5,0.3,18.78775978088379,21.488523483276367
824000000008,0.0,0.6,0.3,17.975753784179688,21.293758392333984
824000000008,0.0,0.7,0.3,17.45356559753418,20.242504119873047
824000000008,0.0,0.8,0.3,17.842466354370117,21.19698143005371
824000000008,0.0,0.9,0.3,18.245479583740234,20.706439971923828
824000000008,0.0,1.0,0.3,17.830448150634766,20.38569068908692
824000000009,0.0,0.0,0.3,21.36509323120117,24.891094207763672
824000000009,0.0,0.1,0.3,21.330867767333984,25.10593032836914
824000000009,0.0,0.2,0.3,21.22220993041992,24.97566032409668
824000000009,0.0,0.3,0.3,21.150859832763672,24.30282592773437
824000000009,0.0,0.4,0.3,20.83403968811035,24.34014320373535
824000000009,0.0,0.5,0.3,20.700498580932617,24.51237678527832
824000000009,0.0,0.6,0.3,20.655412673950195,25.0941104888916
824000000009,0.0,0.7,0.3,20.537256240844727,24.201698303222656
824000000009,0.0,0.8,0.3,20.17438507080078,24.421157836914062
824000000009,0.0,0.9,0.3,19.24134826660156,23.3892879486084
824000000009,0.0,1.0,0.3,17.165742874145508,25.86774253845215
911000000000,0.0,0.0,0.3,15.911073684692385,24.74212074279785
911000000000,0.0,0.1,0.3,15.908390045166016,26.112449645996094
911000000000,0.0,0.2,0.3,15.843274116516112,27.170434951782227
911000000000,0.0,0.3,0.3,15.594775199890137,28.8550968170166
911000000000,0.0,0.4,0.3,14.948410034179688,30.46652030944824
911000000000,0.0,0.5,0.3,14.750435829162598,29.20450210571289
911000000000,0.0,0.6,0.3,14.369938850402832,29.179807662963867
911000000000,0.0,0.7,0.3,13.833709716796877,21.60741424560547
911000000000,0.0,0.8,0.3,13.676188468933104,28.9273738861084
911000000000,0.0,0.9,0.3,13.101696968078612,29.31821632385254
911000000000,0.0,1.0,0.3,12.596735000610352,28.42340469360352
911000000001,0.0,0.0,0.3,24.53546905517578,21.528682708740234
911000000001,0.0,0.1,0.3,24.519535064697266,21.54045486450196
911000000001,0.0,0.2,0.3,24.453876495361328,21.2412223815918
911000000001,0.0,0.3,0.3,24.161985397338867,20.69064140319824
911000000001,0.0,0.4,0.3,23.833154678344727,20.43295288085937
911000000001,0.0,0.5,0.3,23.88933753967285,20.372774124145508
911000000001,0.0,0.6,0.3,23.38933563232422,22.14727020263672
911000000001,0.0,0.7,0.3,22.32705307006836,21.745325088500977
911000000001,0.0,0.8,0.3,20.157590866088867,22.219846725463867
911000000001,0.0,0.9,0.3,20.11555290222168,24.13186264038086
911000000001,0.0,1.0,0.3,21.21126174926757,22.87509155273437
911000000002,0.0,0.0,0.3,16.301334381103516,23.631181716918945
911000000002,0.0,0.1,0.3,16.295068740844727,23.5806827545166
911000000002,0.0,0.2,0.3,16.271230697631836,23.71640968322754
911000000002,0.0,0.3,0.3,16.097667694091797,23.227802276611328
911000000002,0.0,0.4,0.3,15.616039276123049,23.63713264465332
911000000002,0.0,0.5,0.3,15.362871170043944,22.741619110107425
911000000002,0.0,0.6,0.3,14.654898643493652,23.79459953308105
911000000002,0.0,0.7,0.3,14.312691688537598,24.39763641357422
911000000002,0.0,0.8,0.3,13.51054573059082,23.72471046447754
911000000002,0.0,0.9,0.3,13.191563606262209,23.09147453308105
911000000002,0.0,1.0,0.3,13.071005821228027,24.46046257019043
911000000003,0.0,0.0,0.3,16.32192039489746,27.91975212097168
911000000003,0.0,0.1,0.3,16.312877655029297,27.69390869140625
911000000003,0.0,0.2,0.3,16.314285278320312,26.7131290435791
911000000003,0.0,0.3,0.3,16.273038864135742,26.0950984954834
911000000003,0.0,0.4,0.3,16.190540313720703,26.2186279296875
911000000003,0.0,0.5,0.3,15.951876640319824,27.24193572998047
911000000003,0.0,0.6,0.3,15.35982894897461,27.80705070495605
911000000003,0.0,0.7,0.3,14.13254451751709,28.301794052124023
911000000003,0.0,0.8,0.3,13.18850326538086,31.675308227539062
911000000003,0.0,0.9,0.3,12.509833335876465,32.73188018798828
911000000003,0.0,1.0,0.3,12.72704792022705,29.929811477661133
911000000004,0.0,0.0,0.3,20.26572036743164,28.89326858520508
911000000004,0.0,0.1,0.3,20.235822677612305,28.4583683013916
911000000004,0.0,0.2,0.3,20.092565536499023,27.810815811157227
911000000004,0.0,0.3,0.3,19.84318923950196,31.39693832397461
911000000004,0.0,0.4,0.3,19.692686080932617,29.981517791748047
911000000004,0.0,0.5,0.3,19.397293090820312,29.45684242248535
911000000004,0.0,0.6,0.3,19.250782012939453,28.933481216430664
911000000004,0.0,0.7,0.3,19.23475646972656,28.990447998046875
911000000004,0.0,0.8,0.3,18.79060935974121,29.78935813903809
911000000004,0.0,0.9,0.3,18.207672119140625,30.661052703857425
911000000004,0.0,1.0,0.3,17.235376358032227,25.754213333129883
911000000005,0.0,0.0,0.3,16.763587951660156,27.787715911865234
911000000005,0.0,0.1,0.3,16.76947784423828,27.96561813354492
911000000005,0.0,0.2,0.3,16.710853576660156,27.279281616210938
911000000005,0.0,0.3,0.3,16.52690887451172,28.37359619140625
911000000005,0.0,0.4,0.3,16.372507095336914,28.20967483520508
911000000005,0.0,0.5,0.3,16.208251953125,26.90453147888184
911000000005,0.0,0.6,0.3,16.05905532836914,27.739933013916016
911000000005,0.0,0.7,0.3,15.246274948120115,28.73355484008789
911000000005,0.0,0.8,0.3,13.503470420837402,28.307706832885746
911000000005,0.0,0.9,0.3,14.819443702697754,26.78403854370117
911000000005,0.0,1.0,0.3,14.339706420898438,28.06016731262207
911000000006,0.0,0.0,0.3,20.03142738342285,30.86896514892578
911000000006,0.0,0.1,0.3,20.01353454589844,30.995094299316406
911000000006,0.0,0.2,0.3,19.97600555419922,29.92205047607422
911000000006,0.0,0.3,0.3,19.661108016967773,30.82538604736328
911000000006,0.0,0.4,0.3,19.43045425415039,30.875957489013672
911000000006,0.0,0.5,0.3,19.245174407958984,31.56999969482422
911000000006,0.0,0.6,0.3,19.137958526611328,30.928998947143555
911000000006,0.0,0.7,0.3,18.45479393005371,30.72221565246582
911000000006,0.0,0.8,0.3,16.44965171813965,30.23171043395996
911000000006,0.0,0.9,0.3,15.395489692687988,29.3936824798584
911000000006,0.0,1.0,0.3,14.78794765472412,30.690156936645508
911000000007,0.0,0.0,0.3,24.31414794921875,23.16055488586425
911000000007,0.0,0.1,0.3,24.254507064819336,23.417064666748047
911000000007,0.0,0.2,0.3,23.993955612182617,23.464773178100582
911000000007,0.0,0.3,0.3,23.2358341217041,24.649311065673828
911000000007,0.0,0.4,0.3,22.32362174987793,25.211519241333008
911000000007,0.0,0.5,0.3,20.87612533569336,25.56235885620117
911000000007,0.0,0.6,0.3,19.327850341796875,27.32732009887696
911000000007,0.0,0.7,0.3,17.71449851989746,30.2487850189209
911000000007,0.0,0.8,0.3,16.286148071289062,28.47284889221192
911000000007,0.0,0.9,0.3,14.667280197143556,29.14080047607422
911000000007,0.0,1.0,0.3,13.195374488830566,26.65377616882324
911000000008,0.0,0.0,0.3,18.313589096069336,32.51787185668945
911000000008,0.0,0.1,0.3,18.3027286529541,32.97299575805664
911000000008,0.0,0.2,0.3,18.29900932312012,32.565311431884766
911000000008,0.0,0.3,0.3,18.16826629638672,32.475311279296875
911000000008,0.0,0.4,0.3,18.06393814086914,33.665042877197266
911000000008,0.0,0.5,0.3,17.67293357849121,33.124794006347656
911000000008,0.0,0.6,0.3,16.9461669921875,32.81044387817383
911000000008,0.0,0.7,0.3,16.069231033325195,31.64002227783203
911000000008,0.0,0.8,0.3,14.16378688812256,32.71021270751953
911000000008,0.0,0.9,0.3,13.450138092041016,31.95530128479004
911000000008,0.0,1.0,0.3,12.527984619140623,32.01907730102539
911000000009,0.0,0.0,0.3,20.31301689147949,27.793312072753903
911000000009,0.0,0.1,0.3,20.308881759643555,27.66092109680176
911000000009,0.0,0.2,0.3,20.27220344543457,27.289173126220703
911000000009,0.0,0.3,0.3,20.209794998168945,27.301326751708984
911000000009,0.0,0.4,0.3,20.10573005676269,27.58673477172852
911000000009,0.0,0.5,0.3,20.007497787475582,27.01787376403809
911000000009,0.0,0.6,0.3,18.476900100708008,28.49375534057617
911000000009,0.0,0.7,0.3,18.767019271850582,27.462387084960938
911000000009,0.0,0.8,0.3,17.23941421508789,26.08099365234375
911000000009,0.0,0.9,0.3,11.649596214294434,26.000112533569336
911000000009,0.0,1.0,0.3,7.200354099273682,24.39409446716309
912000000000,0.0,0.0,0.3,17.65586280822754,22.96057891845703
912000000000,0.0,0.1,0.3,17.66867446899414,22.10043716430664
912000000000,0.0,0.2,0.3,17.64533805847168,22.76472854614257
912000000000,0.0,0.3,0.3,17.42098617553711,22.625186920166016
912000000000,0.0,0.4,0.3,17.151546478271484,23.17302703857422
912000000000,0.0,0.5,0.3,15.449662208557127,26.09623908996582
912000000000,0.0,0.6,0.3,13.989174842834473,24.654029846191406
912000000000,0.0,0.7,0.3,12.092751502990724,27.743467330932617
912000000000,0.0,0.8,0.3,11.790689468383787,25.17709732055664
912000000000,0.0,0.9,0.3,11.661920547485352,28.012680053710938
912000000000,0.0,1.0,0.3,11.49522304534912,25.936391830444336
912000000001,0.0,0.0,0.3,18.08969116210937,26.75755882263184
912000000001,0.0,0.1,0.3,18.09950065612793,26.840484619140625
912000000001,0.0,0.2,0.3,17.872173309326172,30.679107666015625
912000000001,0.0,0.3,0.3,17.384376525878906,32.686485290527344
912000000001,0.0,0.4,0.3,16.900976181030273,32.990814208984375
912000000001,0.0,0.5,0.3,16.31661605834961,33.278934478759766
912000000001,0.0,0.6,0.3,15.761993408203123,32.275001525878906
912000000001,0.0,0.7,0.3,15.09000015258789,33.08475112915039
912000000001,0.0,0.8,0.3,14.053330421447754,34.457672119140625
912000000001,0.0,0.9,0.3,12.145523071289062,30.12026596069336
912000000001,0.0,1.0,0.3,11.609373092651367,27.21006202697754
912000000002,0.0,0.0,0.3,19.02142333984375,20.78878593444824
912000000002,0.0,0.1,0.3,19.040470123291016,21.77581787109375
912000000002,0.0,0.2,0.3,18.884265899658203,23.831520080566406
912000000002,0.0,0.3,0.3,18.207290649414062,24.03302383422852
912000000002,0.0,0.4,0.3,17.120559692382812,24.74668884277344
912000000002,0.0,0.5,0.3,16.074560165405273,24.6066951751709
912000000002,0.0,0.6,0.3,14.625843048095703,27.2491455078125
912000000002,0.0,0.7,0.3,12.99548053741455,28.73105430603028
912000000002,0.0,0.8,0.3,11.728364944458008,31.840545654296875
912000000002,0.0,0.9,0.3,10.799477577209473,28.637659072875977
912000000002,0.0,1.0,0.3,9.878052711486816,31.31012535095215
912000000003,0.0,0.0,0.3,17.553621292114258,18.554851531982425
912000000003,0.0,0.1,0.3,17.543785095214844,18.7871322631836
912000000003,0.0,0.2,0.3,17.588253021240234,18.86338424682617
912000000003,0.0,0.3,0.3,17.484342575073242,19.138803482055664
912000000003,0.0,0.4,0.3,17.262645721435547,18.7401180267334
912000000003,0.0,0.5,0.3,16.558298110961914,18.98711585998535
912000000003,0.0,0.6,0.3,16.02130699157715,18.65359306335449
912000000003,0.0,0.7,0.3,14.27587890625,18.34794807434082
912000000003,0.0,0.8,0.3,12.961731910705566,22.066097259521484
912000000003,0.0,0.9,0.3,11.934053421020508,20.393518447875977
912000000003,0.0,1.0,0.3,12.132136344909668,21.603456497192383
912000000004,0.0,0.0,0.3,20.56617546081543,28.07794189453125
912000000004,0.0,0.1,0.3,20.58308982849121,27.17967987060547
912000000004,0.0,0.2,0.3,20.423917770385746,28.3867416381836
912000000004,0.0,0.3,0.3,19.98488998413086,29.199440002441406
912000000004,0.0,0.4,0.3,19.322246551513672,28.34075355529785
912000000004,0.0,0.5,0.3,18.506378173828125,27.61714744567871
912000000004,0.0,0.6,0.3,16.38834571838379,28.2248764038086
912000000004,0.0,0.7,0.3,14.181140899658203,31.25038146972656
912000000004,0.0,0.8,0.3,12.16026496887207,30.68547821044922
912000000004,0.0,0.9,0.3,12.10801124572754,27.377685546875
912000000004,0.0,1.0,0.3,12.574884414672852,25.66947364807129
912000000005,0.0,0.0,0.3,21.50040435791016,28.19125747680664
912000000005,0.0,0.1,0.3,21.521249771118164,28.01375389099121
912000000005,0.0,0.2,0.3,21.47088623046875,27.814882278442383
912000000005,0.0,0.3,0.3,21.307641983032227,27.7649040222168
912000000005,0.0,0.4,0.3,21.10102272033692,28.38689041137696
912000000005,0.0,0.5,0.3,20.92902565002441,28.279335021972656
912000000005,0.0,0.6,0.3,20.805482864379883,28.113615036010746
912000000005,0.0,0.7,0.3,20.268186569213867,28.564897537231445
912000000005,0.0,0.8,0.3,18.12640953063965,32.74976348876953
912000000005,0.0,0.9,0.3,14.293917655944824,29.15971565246582
912000000005,0.0,1.0,0.3,12.382940292358398,28.809234619140625
912000000006,0.0,0.0,0.3,17.500926971435547,27.66190719604492
912000000006,0.0,0.1,0.3,17.488740921020508,27.54429054260254
912000000006,0.0,0.2,0.3,17.444244384765625,27.417156219482425
912000000006,0.0,0.3,0.3,17.345975875854492,27.5754623413086
912000000006,0.0,0.4,0.3,17.117341995239258,27.63568687438965
912000000006,0.0,0.5,0.3,16.74637794494629,27.154821395874023
912000000006,0.0,0.6,0.3,16.76249885559082,28.00607681274414
912000000006,0.0,0.7,0.3,14.763888359069824,29.342443466186523
912000000006,0.0,0.8,0.3,13.118440628051758,29.16129875183105
912000000006,0.0,0.9,0.3,10.694165229797363,29.77898406982422
912000000006,0.0,1.0,0.3,10.909637451171877,27.906036376953125
912000000007,0.0,0.0,0.3,23.489103317260746,20.795923233032227
912000000007,0.0,0.1,0.3,23.55426406860352,21.932674407958984
912000000007,0.0,0.2,0.3,23.14385986328125,20.377058029174805
912000000007,0.0,0.3,0.3,22.039352416992188,20.312231063842773
912000000007,0.0,0.4,0.3,19.55838966369629,20.245275497436523
912000000007,0.0,0.5,0.3,17.508466720581055,20.94527816772461
912000000007,0.0,0.6,0.3,14.726763725280762,27.49986267089844
912000000007,0.0,0.7,0.3,13.945075035095217,26.548463821411133
912000000007,0.0,0.8,0.3,13.787059783935549,27.47601890563965
912000000007,0.0,0.9,0.3,12.803882598876951,29.32978820800781
912000000007,0.0,1.0,0.3,11.88436508178711,29.794862747192383
912000000008,0.0,0.0,0.3,18.29690742492676,17.7955322265625
912000000008,0.0,0.1,0.3,18.316688537597656,18.114578247070312
912000000008,0.0,0.2,0.3,18.24934768676757,21.04976272583008
912000000008,0.0,0.3,0.3,17.744707107543945,19.50033950805664
912000000008,0.0,0.4,0.3,16.965539932250977,24.967100143432617
912000000008,0.0,0.5,0.3,15.951558113098145,28.85672378540039
912000000008,0.0,0.6,0.3,14.03510284423828,31.382156372070312
912000000008,0.0,0.7,0.3,12.75798511505127,28.85739517211914
912000000008,0.0,0.8,0.3,11.317779541015623,30.48615837097168
912000000008,0.0,0.9,0.3,10.23129653930664,30.12338829040528
912000000008,0.0,1.0,0.3,9.802647590637209,31.85043907165528
912000000009,0.0,0.0,0.3,17.170291900634766,24.188873291015625
912000000009,0.0,0.1,0.3,17.190305709838867,23.822376251220703
912000000009,0.0,0.2,0.3,17.129865646362305,26.502975463867188
912000000009,0.0,0.3,0.3,16.908292770385742,25.61807632446289
912000000009,0.0,0.4,0.3,16.45383071899414,24.689165115356445
912000000009,0.0,0.5,0.3,15.825531959533691,25.51583671569824
912000000009,0.0,0.6,0.3,13.926467895507812,24.36491775512696
912000000009,0.0,0.7,0.3,13.221718788146973,26.354875564575195
912000000009,0.0,0.8,0.3,12.57992458343506,25.71937370300293
912000000009,0.0,0.9,0.3,11.881606101989746,24.55613136291504
912000000009,0.0,1.0,0.3,10.937575340270996,24.67131233215332
913000000000,0.0,0.0,0.3,17.669912338256836,24.58742332458496
913000000000,0.0,0.1,0.3,17.669761657714844,24.54499053955078
913000000000,0.0,0.2,0.3,17.6583251953125,24.21534919738769
913000000000,0.0,0.3,0.3,17.364953994750977,25.98526382446289
913000000000,0.0,0.4,0.3,17.135154724121094,24.818477630615234
913000000000,0.0,0.5,0.3,16.40576171875,23.5058708190918
913000000000,0.0,0.6,0.3,15.958399772644045,26.13484573364257
913000000000,0.0,0.7,0.3,12.869213104248049,29.46173858642578
913000000000,0.0,0.8,0.3,14.191843032836914,27.23301315307617
913000000000,0.0,0.9,0.3,13.06911563873291,26.38121032714844
913000000000,0.0,1.0,0.3,12.346393585205078,24.934404373168945
913000000001,0.0,0.0,0.3,25.971200942993164,29.58778953552246
913000000001,0.0,0.1,0.3,25.97774314880371,30.17262840270996
913000000001,0.0,0.2,0.3,26.064197540283203,29.629194259643555
913000000001,0.0,0.3,0.3,26.08806800842285,28.75919342041016
913000000001,0.0,0.4,0.3,25.874685287475582,28.96220970153809
913000000001,0.0,0.5,0.3,25.51060104370117,29.99212646484375
913000000001,0.0,0.6,0.3,24.79240226745605,30.166912078857425
913000000001,0.0,0.7,0.3,22.01215934753418,33.15127944946289
913000000001,0.0,0.8,0.3,18.47028923034668,31.007469177246094
913000000001,0.0,0.9,0.3,18.532285690307617,30.8603458404541
913000000001,0.0,1.0,0.3,18.922765731811523,33.40317153930664
913000000002,0.0,0.0,0.3,20.299983978271484,28.552425384521484
913000000002,0.0,0.1,0.3,20.28657341003418,28.509668350219727
913000000002,0.0,0.2,0.3,20.217958450317383,28.26066398620605
913000000002,0.0,0.3,0.3,19.746984481811523,29.830795288085938
913000000002,0.0,0.4,0.3,19.450380325317383,29.70996284484864
913000000002,0.0,0.5,0.3,19.38412475585937,30.77613639831543
913000000002,0.0,0.6,0.3,18.4187126159668,30.11191177368164
913000000002,0.0,0.7,0.3,16.405391693115234,30.92627143859864
913000000002,0.0,0.8,0.3,14.636513710021973,29.43261337280273
913000000002,0.0,0.9,0.3,14.204169273376465,30.62752723693848
913000000002,0.0,1.0,0.3,12.589088439941406,29.433393478393555
913000000003,0.0,0.0,0.3,18.626605987548828,26.285011291503903
913000000003,0.0,0.1,0.3,18.559202194213867,26.103487014770508
913000000003,0.0,0.2,0.3,18.380311965942383,27.318906784057617
913000000003,0.0,0.3,0.3,17.735088348388672,27.11174392700196
913000000003,0.0,0.4,0.3,16.685441970825195,29.816898345947266
913000000003,0.0,0.5,0.3,15.460535049438477,29.38336181640625
913000000003,0.0,0.6,0.3,13.66569995880127,32.28751373291016
913000000003,0.0,0.7,0.3,13.4717435836792,33.2281379699707
913000000003,0.0,0.8,0.3,13.193618774414062,32.92501449584961
913000000003,0.0,0.9,0.3,13.17917251586914,32.49872589111328
913000000003,0.0,1.0,0.3,13.943514823913574,27.613433837890625
913000000004,0.0,0.0,0.3,22.422590255737305,25.31163024902344
913000000004,0.0,0.1,0.3,22.44207572937012,25.1835994720459
913000000004,0.0,0.2,0.3,22.2952938079834,26.32373809814453
913000000004,0.0,0.3,0.3,21.42732810974121,25.99737930297852
913000000004,0.0,0.4,0.3,20.96267890930176,25.60602378845215
913000000004,0.0,0.5,0.3,19.911869049072266,29.585742950439453
913000000004,0.0,0.6,0.3,18.48877716064453,29.933012008666992
913000000004,0.0,0.7,0.3,16.359331130981445,29.73875999450684
913000000004,0.0,0.8,0.3,14.884812355041504,33.45377349853516
913000000004,0.0,0.9,0.3,15.495424270629885,32.402339935302734
913000000004,0.0,1.0,0.3,14.152780532836914,29.99520874023437
913000000005,0.0,0.0,0.3,20.8493881225586,28.156116485595703
913000000005,0.0,0.1,0.3,20.869930267333984,29.31322479248047
913000000005,0.0,0.2,0.3,20.40739631652832,29.39989280700684
913000000005,0.0,0.3,0.3,19.988624572753903,30.125791549682617
913000000005,0.0,0.4,0.3,19.194236755371094,30.84192657470703
913000000005,0.0,0.5,0.3,18.34815788269043,30.735206604003903
913000000005,0.0,0.6,0.3,16.885311126708984,30.85138511657715
913000000005,0.0,0.7,0.3,14.81040382385254,29.35428047180176
913000000005,0.0,0.8,0.3,13.431310653686523,29.398223876953125
913000000005,0.0,0.9,0.3,12.434179306030272,30.898338317871094
913000000005,0.0,1.0,0.3,11.894866943359377,27.67501449584961
913000000006,0.0,0.0,0.3,18.599594116210938,28.70221710205078
913000000006,0.0,0.1,0.3,18.61306571960449,29.33615493774414
913000000006,0.0,0.2,0.3,18.498680114746094,29.518091201782227
913000000006,0.0,0.3,0.3,18.20755958557129,30.41470718383789
913000000006,0.0,0.4,0.3,17.76552963256836,30.1732234954834
913000000006,0.0,0.5,0.3,17.231739044189453,31.785112380981445
913000000006,0.0,0.6,0.3,16.25816535949707,30.86025619506836
913000000006,0.0,0.7,0.3,15.389566421508787,29.92122268676757
913000000006,0.0,0.8,0.3,14.59739875793457,26.50483512878418
913000000006,0.0,0.9,0.3,12.83329963684082,29.20161819458008
913000000006,0.0,1.0,0.3,13.03857707977295,27.659820556640625
913000000007,0.0,0.0,0.3,23.161296844482425,29.66707420349121
913000000007,0.0,0.1,0.3,23.158842086791992,29.40079498291016
913000000007,0.0,0.2,0.3,23.132156372070312,29.43624496459961
913000000007,0.0,0.3,0.3,23.06141471862793,29.67629814147949
913000000007,0.0,0.4,0.3,22.90188789367676,30.46967315673828
913000000007,0.0,0.5,0.3,23.10358619689941,29.809839248657227
913000000007,0.0,0.6,0.3,22.45750617980957,29.0456600189209
913000000007,0.0,0.7,0.3,20.83165740966797,26.334592819213867
913000000007,0.0,0.8,0.3,21.771484375,30.21475601196289
913000000007,0.0,0.9,0.3,19.14159202575684,28.42120742797852
913000000007,0.0,1.0,0.3,16.765108108520508,27.147220611572266
913000000008,0.0,0.0,0.3,20.226099014282227,28.72805976867676
913000000008,0.0,0.1,0.3,20.226959228515625,28.79181480407715
913000000008,0.0,0.2,0.3,20.307512283325195,29.587953567504883
913000000008,0.0,0.3,0.3,20.042400360107425,29.74837684631348
913000000008,0.0,0.4,0.3,19.8364372253418,30.679563522338867
913000000008,0.0,0.5,0.3,19.15243148803711,31.607994079589844
913000000008,0.0,0.6,0.3,18.900522232055664,30.541223526000977
913000000008,0.0,0.7,0.3,18.327207565307617,31.31835556030273
913000000008,0.0,0.8,0.3,17.66577911376953,31.98002243041992
913000000008,0.0,0.9,0.3,16.912321090698242,32.15139389038086
913000000008,0.0,1.0,0.3,14.751002311706545,29.84708595275879
913000000009,0.0,0.0,0.3,18.594879150390625,27.83033561706543
913000000009,0.0,0.1,0.3,18.566726684570312,27.34269523620605
913000000009,0.0,0.2,0.3,18.45478248596192,28.85684967041016
913000000009,0.0,0.3,0.3,18.261817932128903,28.53350067138672
913000000009,0.0,0.4,0.3,17.758010864257812,29.7098331451416
913000000009,0.0,0.5,0.3,16.98540496826172,33.03705978393555
913000000009,0.0,0.6,0.3,15.156691551208496,34.24216079711914
913000000009,0.0,0.7,0.3,13.972402572631836,33.29752731323242
913000000009,0.0,0.8,0.3,12.515776634216309,31.292987823486328
913000000009,0.0,0.9,0.3,12.701164245605469,30.12576675415039
913000000009,0.0,1.0,0.3,12.56128978729248,31.04051971435547
914000000000,0.0,0.0,0.3,22.11495590209961,30.050968170166016
914000000000,0.0,0.1,0.3,22.142860412597656,31.25229835510254
914000000000,0.0,0.2,0.3,22.02203750610352,31.04850006103516
914000000000,0.0,0.3,0.3,21.45571517944336,30.72602844238281
914000000000,0.0,0.4,0.3,20.563833236694336,29.564088821411133
914000000000,0.0,0.5,0.3,19.308900833129883,30.668073654174805
914000000000,0.0,0.6,0.3,19.334457397460938,29.67131805419922
914000000000,0.0,0.7,0.3,17.75716781616211,28.63784408569336
914000000000,0.0,0.8,0.3,16.943784713745117,32.0467529296875
914000000000,0.0,0.9,0.3,16.53134536743164,30.05284118652344
914000000000,0.0,1.0,0.3,16.17512321472168,30.252439498901367
914000000001,0.0,0.0,0.3,20.74631118774414,23.306400299072266
914000000001,0.0,0.1,0.3,20.71120834350586,23.69368362426757
914000000001,0.0,0.2,0.3,20.50745010375977,22.77854347229004
914000000001,0.0,0.3,0.3,20.01108360290528,22.557846069335938
914000000001,0.0,0.4,0.3,19.1571102142334,23.462194442749023
914000000001,0.0,0.5,0.3,18.73908233642578,23.380765914916992
914000000001,0.0,0.6,0.3,18.02699279785156,25.07320976257324
914000000001,0.0,0.7,0.3,17.384124755859375,23.570072174072266
914000000001,0.0,0.8,0.3,16.12073516845703,25.743549346923828
914000000001,0.0,0.9,0.3,15.49990177154541,24.692731857299805
914000000001,0.0,1.0,0.3,14.400632858276367,23.40911865234375
914000000002,0.0,0.0,0.3,18.369802474975582,25.72023200988769
914000000002,0.0,0.1,0.3,18.36958694458008,25.887954711914062
914000000002,0.0,0.2,0.3,18.31574058532715,25.979877471923828
914000000002,0.0,0.3,0.3,18.11532020568848,25.910858154296875
914000000002,0.0,0.4,0.3,17.90318489074707,25.82594108581543
914000000002,0.0,0.5,0.3,17.633909225463867,25.63922500610352
914000000002,0.0,0.6,0.3,16.781362533569336,26.592823028564453
914000000002,0.0,0.7,0.3,17.034421920776367,26.058494567871094
914000000002,0.0,0.8,0.3,16.087797164916992,25.775087356567383
914000000002,0.0,0.9,0.3,16.99038314819336,25.21415901184082
914000000002,0.0,1.0,0.3,16.637245178222656,26.099824905395508
914000000003,0.0,0.0,0.3,20.44523048400879,26.295181274414062
914000000003,0.0,0.1,0.3,20.467060089111328,26.447528839111328
914000000003,0.0,0.2,0.3,20.54503059387207,26.426433563232425
914000000003,0.0,0.3,0.3,20.558279037475582,26.94945335388184
914000000003,0.0,0.4,0.3,20.223363876342773,26.6087589263916
914000000003,0.0,0.5,0.3,19.85856437683105,24.696918487548828
914000000003,0.0,0.6,0.3,18.907583236694336,26.79640388488769
914000000003,0.0,0.7,0.3,17.66657066345215,27.22175407409668
914000000003,0.0,0.8,0.3,16.078943252563477,25.66837310791016
914000000003,0.0,0.9,0.3,17.270671844482422,26.415861129760746
914000000003,0.0,1.0,0.3,17.20477294921875,26.856475830078125
914000000004,0.0,0.0,0.3,18.135936737060547,29.66009330749512
914000000004,0.0,0.1,0.3,18.08598899841309,29.583803176879883
914000000004,0.0,0.2,0.3,17.92013931274414,29.686187744140625
914000000004,0.0,0.3,0.3,17.488143920898438,29.343568801879883
914000000004,0.0,0.4,0.3,16.543319702148438,31.68646049499512
914000000004,0.0,0.5,0.3,15.829771995544434,31.192546844482425
914000000004,0.0,0.6,0.3,15.07545566558838,31.594013214111328
914000000004,0.0,0.7,0.3,14.192437171936035,31.85993385314941
914000000004,0.0,0.8,0.3,14.421178817749023,33.21951675415039
914000000004,0.0,0.9,0.3,14.008445739746094,31.72093963623047
914000000004,0.0,1.0,0.3,14.27589511871338,31.680673599243164
914000000005,0.0,0.0,0.3,19.197444915771484,23.269487380981445
914000000005,0.0,0.1,0.3,19.159160614013672,23.74233627319336
914000000005,0.0,0.2,0.3,19.0562801361084,26.2685775756836
914000000005,0.0,0.3,0.3,18.514148712158203,26.18075561523437
914000000005,0.0,0.4,0.3,17.602046966552734,30.669086456298828
914000000005,0.0,0.5,0.3,16.587087631225586,30.28176689147949
914000000005,0.0,0.6,0.3,15.949861526489258,27.12622833251953
914000000005,0.0,0.7,0.3,14.881023406982422,28.53564643859864
914000000005,0.0,0.8,0.3,14.246386528015137,31.57489013671875
914000000005,0.0,0.9,0.3,14.037880897521973,29.46937370300293
914000000005,0.0,1.0,0.3,13.914409637451172,26.72010040283203
914000000006,0.0,0.0,0.3,18.38104248046875,24.405611038208008
914000000006,0.0,0.1,0.3,18.380447387695312,23.535478591918945
914000000006,0.0,0.2,0.3,18.34702110290528,24.234432220458984
914000000006,0.0,0.3,0.3,18.083038330078125,25.529584884643555
914000000006,0.0,0.4,0.3,17.895280838012695,26.56741142272949
914000000006,0.0,0.5,0.3,17.59123420715332,26.132774353027344
914000000006,0.0,0.6,0.3,16.83721923828125,25.44921112060547
914000000006,0.0,0.7,0.3,16.415390014648438,25.12874984741211
914000000006,0.0,0.8,0.3,15.433247566223145,27.28658866882324
914000000006,0.0,0.9,0.3,14.788424491882324,29.3549861907959
914000000006,0.0,1.0,0.3,15.49319839477539,28.061038970947266
914000000007,0.0,0.0,0.3,20.73702812194824,27.033706665039062
914000000007,0.0,0.1,0.3,20.71300506591797,27.379369735717773
914000000007,0.0,0.2,0.3,20.54537582397461,27.43353843688965
914000000007,0.0,0.3,0.3,20.183818817138672,28.255016326904297
914000000007,0.0,0.4,0.3,19.91461181640625,28.60446548461914
914000000007,0.0,0.5,0.3,19.3692684173584,28.719770431518555
914000000007,0.0,0.6,0.3,18.83131217956543,27.38290405273437
914000000007,0.0,0.7,0.3,18.37566947937012,28.328519821166992
914000000007,0.0,0.8,0.3,17.425769805908203,28.74533462524414
914000000007,0.0,0.9,0.3,16.80400276184082,28.63690185546875
914000000007,0.0,1.0,0.3,16.543350219726562,28.138824462890625
914000000008,0.0,0.0,0.3,22.852201461791992,20.413206100463867
914000000008,0.0,0.1,0.3,22.856313705444336,20.156129837036133
914000000008,0.0,0.2,0.3,22.804662704467773,21.942975997924805
914000000008,0.0,0.3,0.3,22.763635635375977,21.02956771850586
914000000008,0.0,0.4,0.3,22.52012062072754,22.100940704345703
914000000008,0.0,0.5,0.3,22.12596893310547,21.241586685180664
914000000008,0.0,0.6,0.3,21.964710235595703,23.38699531555176
914000000008,0.0,0.7,0.3,21.869091033935547,24.36781883239746
914000000008,0.0,0.8,0.3,20.048967361450195,22.76371955871582
914000000008,0.0,0.9,0.3,18.823637008666992,24.742372512817383
914000000008,0.0,1.0,0.3,17.135496139526367,24.80496406555176
914000000009,0.0,0.0,0.3,22.75431632995605,29.765748977661133
914000000009,0.0,0.1,0.3,22.74567222595215,29.99161529541016
914000000009,0.0,0.2,0.3,22.742446899414062,30.13907051086425
914000000009,0.0,0.3,0.3,22.657882690429688,30.532127380371094
914000000009,0.0,0.4,0.3,22.66607093811035,30.2121639251709
914000000009,0.0,0.5,0.3,22.25104522705078,30.368247985839844
914000000009,0.0,0.6,0.3,20.867393493652344,32.82125473022461
914000000009,0.0,0.7,0.3,20.31182289123535,31.25679397583008
914000000009,0.0,0.8,0.3,20.486852645874023,31.8359432220459
914000000009,0.0,0.9,0.3,18.698087692260746,29.117876052856445
914000000009,0.0,1.0,0.3,19.9403018951416,30.17259788513184
921000000000,0.0,0.0,0.3,17.988510131835938,22.41447639465332
921000000000,0.0,0.1,0.3,18.030311584472656,22.441036224365234
921000000000,0.0,0.2,0.3,18.01806831359864,23.68124389648437
921000000000,0.0,0.3,0.3,17.822256088256836,22.97347450256348
921000000000,0.0,0.4,0.3,17.088010787963867,25.39861869812012
921000000000,0.0,0.5,0.3,16.362199783325195,25.91777992248535
921000000000,0.0,0.6,0.3,15.45352268218994,25.617462158203125
921000000000,0.0,0.7,0.3,14.355297088623049,25.67991065979004
921000000000,0.0,0.8,0.3,12.76803970336914,27.238130569458008
921000000000,0.0,0.9,0.3,11.571539878845217,27.28785514831543
921000000000,0.0,1.0,0.3,10.761327743530272,25.92984199523925
921000000001,0.0,0.0,0.3,21.03747940063477,26.152061462402344
921000000001,0.0,0.1,0.3,21.029277801513672,26.12861442565918
921000000001,0.0,0.2,0.3,21.037721633911133,26.720186233520508
921000000001,0.0,0.3,0.3,20.80817604064941,27.849578857421875
921000000001,0.0,0.4,0.3,20.528854370117188,29.074108123779297
921000000001,0.0,0.5,0.3,20.218786239624023,29.50362014770508
921000000001,0.0,0.6,0.3,20.191390991210938,28.0283145904541
921000000001,0.0,0.7,0.3,18.90111351013184,28.44560813903809
921000000001,0.0,0.8,0.3,17.924232482910156,28.376192092895508
921000000001,0.0,0.9,0.3,17.971975326538086,25.9760971069336
921000000001,0.0,1.0,0.3,19.38901329040528,28.113037109375
921000000002,0.0,0.0,0.3,19.57721710205078,30.65345001220703
921000000002,0.0,0.1,0.3,19.56382942199707,30.77239990234375
921000000002,0.0,0.2,0.3,19.554798126220703,31.08755874633789
921000000002,0.0,0.3,0.3,19.426868438720703,31.165361404418945
921000000002,0.0,0.4,0.3,19.13617515563965,31.022125244140625
921000000002,0.0,0.5,0.3,18.97275352478028,32.12434768676758
921000000002,0.0,0.6,0.3,18.1602783203125,31.411848068237305
921000000002,0.0,0.7,0.3,17.016998291015625,32.56129837036133
921000000002,0.0,0.8,0.3,16.037738800048828,32.796241760253906
921000000002,0.0,0.9,0.3,15.310108184814451,32.31062316894531
921000000002,0.0,1.0,0.3,14.606146812438965,32.319122314453125
921000000003,0.0,0.0,0.3,21.12331771850586,25.56833267211914
921000000003,0.0,0.1,0.3,21.10602760314941,25.93039894104004
921000000003,0.0,0.2,0.3,21.089120864868164,25.91674423217773
921000000003,0.0,0.3,0.3,21.00539779663086,26.11619758605957
921000000003,0.0,0.4,0.3,20.868328094482425,25.91254425048828
921000000003,0.0,0.5,0.3,20.57613182067871,25.879779815673828
921000000003,0.0,0.6,0.3,20.17735481262207,26.89531707763672
921000000003,0.0,0.7,0.3,18.679691314697266,28.717533111572266
921000000003,0.0,0.8,0.3,16.697744369506836,30.86369705200196
921000000003,0.0,0.9,0.3,15.10092830657959,30.587810516357425
921000000003,0.0,1.0,0.3,15.113319396972656,35.882999420166016
921000000004,0.0,0.0,0.3,20.56552505493164,18.04184913635254
921000000004,0.0,0.1,0.3,20.60834312438965,18.61864280700684
921000000004,0.0,0.2,0.3,20.63451766967773,18.58768081665039
921000000004,0.0,0.3,0.3,20.40955352783203,17.78350257873535
921000000004,0.0,0.4,0.3,20.049131393432617,18.460681915283203
921000000004,0.0,0.5,0.3,19.64803123474121,18.61960220336914
921000000004,0.0,0.6,0.3,19.209726333618164,19.32048797607422
921000000004,0.0,0.7,0.3,18.933074951171875,23.176700592041016
921000000004,0.0,0.8,0.3,18.216785430908203,25.495481491088867
921000000004,0.0,0.9,0.3,17.784671783447266,25.993465423583984
921000000004,0.0,1.0,0.3,16.50604820251465,26.96186065673828
921000000005,0.0,0.0,0.3,17.853782653808594,21.88950538635254
921000000005,0.0,0.1,0.3,17.87123680114746,22.286853790283203
921000000005,0.0,0.2,0.3,17.873716354370117,22.8801212310791
921000000005,0.0,0.3,0.3,17.651647567749023,23.334047317504883
921000000005,0.0,0.4,0.3,17.36770248413086,24.226491928100582
921000000005,0.0,0.5,0.3,17.19481086730957,28.692874908447266
921000000005,0.0,0.6,0.3,16.92037010192871,32.58366394042969
921000000005,0.0,0.7,0.3,16.486865997314453,32.31966018676758
921000000005,0.0,0.8,0.3,16.117158889770508,32.400447845458984
921000000005,0.0,0.9,0.3,14.93439769744873,32.18943405151367
921000000005,0.0,1.0,0.3,14.566779136657717,29.8269271850586
921000000006,0.0,0.0,0.3,19.769025802612305,27.59280204772949
921000000006,0.0,0.1,0.3,19.79165840148925,27.34602928161621
921000000006,0.0,0.2,0.3,19.66938209533692,28.90269088745117
921000000006,0.0,0.3,0.3,19.4250602722168,28.743148803710938
921000000006,0.0,0.4,0.3,19.07452774047852,25.78999137878418
921000000006,0.0,0.5,0.3,18.721179962158203,26.70416831970215
921000000006,0.0,0.6,0.3,16.659582138061523,29.883527755737305
921000000006,0.0,0.7,0.3,15.54456615447998,28.31917953491211
921000000006,0.0,0.8,0.3,15.416556358337402,29.451190948486328
921000000006,0.0,0.9,0.3,15.436927795410156,29.502803802490234
921000000006,0.0,1.0,0.3,16.466686248779297,30.35148048400879
921000000007,0.0,0.0,0.3,23.91666030883789,25.429317474365234
921000000007,0.0,0.1,0.3,23.90832901000977,26.037384033203125
921000000007,0.0,0.2,0.3,23.905363082885746,26.34927558898925
921000000007,0.0,0.3,0.3,23.827964782714844,26.902097702026367
921000000007,0.0,0.4,0.3,23.43206596374512,27.555551528930664
921000000007,0.0,0.5,0.3,22.946517944335938,27.67327690124512
921000000007,0.0,0.6,0.3,19.51348114013672,28.47367477416992
921000000007,0.0,0.7,0.3,17.550067901611328,28.742387771606445
921000000007,0.0,0.8,0.3,18.62984275817871,26.811176300048828
921000000007,0.0,0.9,0.3,16.198898315429688,26.823442459106445
921000000007,0.0,1.0,0.3,12.663005828857422,30.19893264770508
921000000008,0.0,0.0,0.3,21.39071083068848,25.334793090820312
921000000008,0.0,0.1,0.3,21.376420974731445,26.052963256835938
921000000008,0.0,0.2,0.3,21.334548950195312,27.67346572875977
921000000008,0.0,0.3,0.3,21.01837158203125,29.302947998046875
921000000008,0.0,0.4,0.3,20.44861221313477,30.43510627746582
921000000008,0.0,0.5,0.3,19.72198867797852,30.084264755249023
921000000008,0.0,0.6,0.3,16.5892276763916,32.38655471801758
921000000008,0.0,0.7,0.3,15.989933013916016,31.44403648376465
921000000008,0.0,0.8,0.3,16.446216583251953,31.37871551513672
921000000008,0.0,0.9,0.3,16.443016052246094,32.76667022705078
921000000008,0.0,1.0,0.3,10.533851623535156,27.55774307250977
921000000009,0.0,0.0,0.3,19.420324325561523,28.90480232238769
921000000009,0.0,0.1,0.3,19.41898727416992,29.00156593322754
921000000009,0.0,0.2,0.3,19.36253547668457,28.923728942871094
921000000009,0.0,0.3,0.3,19.065893173217773,29.435447692871094
921000000009,0.0,0.4,0.3,18.92837142944336,29.76306915283203
921000000009,0.0,0.5,0.3,18.70811080932617,29.44377326965332
921000000009,0.0,0.6,0.3,18.60124397277832,29.94876289367676
921000000009,0.0,0.7,0.3,18.010881423950195,29.77403450012207
921000000009,0.0,0.8,0.3,17.409069061279297,29.814359664916992
921000000009,0.0,0.9,0.3,17.257356643676758,31.326040267944336
921000000009,0.0,1.0,0.3,16.65393829345703,30.599573135375977
922000000000,0.0,0.0,0.3,20.428680419921875,16.043333053588867
922000000000,0.0,0.1,0.3,20.450279235839844,15.884150505065918
922000000000,0.0,0.2,0.3,20.39354515075684,16.034982681274414
922000000000,0.0,0.3,0.3,19.864665985107425,21.802064895629883
922000000000,0.0,0.4,0.3,19.02948570251465,32.97262191772461
922000000000,0.0,0.5,0.3,17.687423706054688,34.482460021972656
922000000000,0.0,0.6,0.3,16.652238845825195,32.32466506958008
922000000000,0.0,0.7,0.3,15.999384880065918,31.1883602142334
922000000000,0.0,0.8,0.3,14.200448036193848,30.85855293273925
922000000000,0.0,0.9,0.3,13.798624992370604,30.88568687438965
922000000000,0.0,1.0,0.3,12.814801216125488,33.1255989074707
922000000001,0.0,0.0,0.3,17.828271865844727,17.83379364013672
922000000001,0.0,0.1,0.3,17.80835723876953,17.338106155395508
922000000001,0.0,0.2,0.3,17.66381072998047,15.833094596862791
922000000001,0.0,0.3,0.3,17.443119049072266,16.083860397338867
922000000001,0.0,0.4,0.3,16.400917053222656,21.479040145874023
922000000001,0.0,0.5,0.3,14.899439811706545,26.091279983520508
922000000001,0.0,0.6,0.3,13.572263717651367,32.59707260131836
922000000001,0.0,0.7,0.3,13.081934928894045,29.66079330444336
922000000001,0.0,0.8,0.3,11.852143287658691,29.190736770629883
922000000001,0.0,0.9,0.3,11.1686429977417,30.72152137756348
922000000001,0.0,1.0,0.3,10.779696464538574,28.750621795654297
922000000002,0.0,0.0,0.3,21.981365203857425,29.33026885986328
922000000002,0.0,0.1,0.3,21.90635871887207,30.29846572875977
922000000002,0.0,0.2,0.3,21.89291954040528,30.227279663085938
922000000002,0.0,0.3,0.3,20.987319946289062,29.36533164978028
922000000002,0.0,0.4,0.3,19.84255599975586,27.97576141357422
922000000002,0.0,0.5,0.3,17.928955078125,32.42060470581055
922000000002,0.0,0.6,0.3,15.526986122131348,28.03657913208008
922000000002,0.0,0.7,0.3,13.871109008789062,26.050710678100582
922000000002,0.0,0.8,0.3,12.88633918762207,31.7239933013916
922000000002,0.0,0.9,0.3,10.306196212768556,23.200300216674805
922000000002,0.0,1.0,0.3,7.076895236968994,14.167672157287598
922000000003,0.0,0.0,0.3,21.50483703613281,20.14138984680176
922000000003,0.0,0.1,0.3,21.480758666992188,20.262561798095703
922000000003,0.0,0.2,0.3,21.42308235168457,20.50300025939941
922000000003,0.0,0.3,0.3,21.19844055175781,20.78079605102539
922000000003,0.0,0.4,0.3,20.96466636657715,21.092510223388672
922000000003,0.0,0.5,0.3,20.78352165222168,20.58464241027832
922000000003,0.0,0.6,0.3,20.5700626373291,20.63070678710937
922000000003,0.0,0.7,0.3,20.190467834472656,20.907583236694336
922000000003,0.0,0.8,0.3,19.89672470092773,21.15937805175781
922000000003,0.0,0.9,0.3,17.749160766601562,23.37928581237793
922000000003,0.0,1.0,0.3,14.781060218811035,25.62209892272949
922000000004,0.0,0.0,0.3,18.84933853149414,20.063676834106445
922000000004,0.0,0.1,0.3,18.82779312133789,20.5833740234375
922000000004,0.0,0.2,0.3,18.782241821289062,19.67100143432617
922000000004,0.0,0.3,0.3,18.433576583862305,21.53875160217285
922000000004,0.0,0.4,0.3,16.54289436340332,26.844839096069336
922000000004,0.0,0.5,0.3,15.450515747070312,29.334300994873047
922000000004,0.0,0.6,0.3,14.635382652282717,28.27141189575196
922000000004,0.0,0.7,0.3,14.362417221069336,26.960254669189453
922000000004,0.0,0.8,0.3,13.856771469116213,26.919246673583984
922000000004,0.0,0.9,0.3,13.040486335754396,27.169904708862305
922000000004,0.0,1.0,0.3,12.665843963623049,26.087141036987305
922000000005,0.0,0.0,0.3,21.063920974731445,31.12940788269043
922000000005,0.0,0.1,0.3,21.09113502502441,30.553077697753903
922000000005,0.0,0.2,0.3,21.09845542907715,30.0468978881836
922000000005,0.0,0.3,0.3,20.95652198791504,30.23894500732422
922000000005,0.0,0.4,0.3,20.821821212768555,29.68011474609375
922000000005,0.0,0.5,0.3,20.3406925201416,27.69666862487793
922000000005,0.0,0.6,0.3,19.493881225585938,30.83756256103516
922000000005,0.0,0.7,0.3,17.94997215270996,27.61968421936035
922000000005,0.0,0.8,0.3,14.997247695922852,28.69217109680176
922000000005,0.0,0.9,0.3,15.147621154785156,32.192771911621094
922000000005,0.0,1.0,0.3,16.198448181152344,24.12049865722656
922000000006,0.0,0.0,0.3,20.540102005004883,14.956315994262695
922000000006,0.0,0.1,0.3,20.55390930175781,15.129220962524414
922000000006,0.0,0.2,0.3,20.58014297485352,15.07262897491455
922000000006,0.0,0.3,0.3,20.165651321411133,14.587759971618652
922000000006,0.0,0.4,0.3,19.57156181335449,15.027753829956056
922000000006,0.0,0.5,0.3,17.424734115600586,21.30291175842285
922000000006,0.0,0.6,0.3,16.29141616821289,24.62520980834961
922000000006,0.0,0.7,0.3,15.414961814880373,28.238201141357425
922000000006,0.0,0.8,0.3,13.844834327697754,28.841936111450195
922000000006,0.0,0.9,0.3,13.884275436401367,28.977054595947266
922000000006,0.0,1.0,0.3,13.329018592834473,27.17803192138672
922000000007,0.0,0.0,0.3,19.881378173828125,22.962278366088867
922000000007,0.0,0.1,0.3,19.85861015319824,22.81731414794922
922000000007,0.0,0.2,0.3,19.60553741455078,26.392024993896484
922000000007,0.0,0.3,0.3,19.310731887817383,26.558256149291992
922000000007,0.0,0.4,0.3,17.951396942138672,31.07575798034668
922000000007,0.0,0.5,0.3,17.240692138671875,30.3212947845459
922000000007,0.0,0.6,0.3,16.752538681030273,30.840591430664062
922000000007,0.0,0.7,0.3,15.855801582336426,32.089698791503906
922000000007,0.0,0.8,0.3,16.552377700805664,31.42632293701172
922000000007,0.0,0.9,0.3,14.80650520324707,29.79986000061035
922000000007,0.0,1.0,0.3,13.105712890625,29.883544921875
922000000008,0.0,0.0,0.3,18.620988845825195,28.50652885437012
922000000008,0.0,0.1,0.3,18.512598037719727,28.661102294921875
922000000008,0.0,0.2,0.3,18.218748092651367,29.07576560974121
922000000008,0.0,0.3,0.3,17.217424392700195,28.743331909179688
922000000008,0.0,0.4,0.3,16.329057693481445,30.3278923034668
922000000008,0.0,0.5,0.3,15.67542839050293,31.759220123291016
922000000008,0.0,0.6,0.3,14.793008804321287,31.411148071289062
922000000008,0.0,0.7,0.3,13.30550765991211,33.41581726074219
922000000008,0.0,0.8,0.3,13.157354354858398,33.682830810546875
922000000008,0.0,0.9,0.3,12.544791221618652,31.28150749206543
922000000008,0.0,1.0,0.3,10.844388961791992,30.24568557739257
922000000009,0.0,0.0,0.3,20.16179275512696,19.980255126953125
922000000009,0.0,0.1,0.3,20.158843994140625,19.909238815307617
922000000009,0.0,0.2,0.3,20.105195999145508,19.911521911621094
922000000009,0.0,0.3,0.3,19.91189193725586,19.41338157653809
922000000009,0.0,0.4,0.3,19.14737129211425,19.803794860839844
922000000009,0.0,0.5,0.3,18.2341365814209,20.181135177612305
922000000009,0.0,0.6,0.3,16.957395553588867,20.90776634216309
922000000009,0.0,0.7,0.3,16.696819305419922,22.988601684570312
922000000009,0.0,0.8,0.3,15.590917587280272,22.993078231811523
922000000009,0.0,0.9,0.3,11.553919792175291,21.82319068908692
922000000009,0.0,1.0,0.3,12.068023681640623,26.390106201171875
923000000000,0.0,0.0,0.3,20.932275772094727,27.37836265563965
923000000000,0.0,0.1,0.3,20.95182991027832,27.68601417541504
923000000000,0.0,0.2,0.3,20.94341087341309,28.10629844665528
923000000000,0.0,0.3,0.3,20.790809631347656,28.15936851501465
923000000000,0.0,0.4,0.3,20.363664627075195,29.166269302368164
923000000000,0.0,0.5,0.3,19.861513137817383,29.43045425415039
923000000000,0.0,0.6,0.3,19.03466987609864,28.7850284576416
923000000000,0.0,0.7,0.3,16.229297637939453,26.9678897857666
923000000000,0.0,0.8,0.3,14.75493049621582,27.31940078735352
923000000000,0.0,0.9,0.3,14.074377059936523,27.56329727172852
923000000000,0.0,1.0,0.3,12.83970832824707,27.903846740722656
923000000001,0.0,0.0,0.3,22.723783493041992,17.798076629638672
923000000001,0.0,0.1,0.3,22.68830299377441,17.337221145629883
923000000001,0.0,0.2,0.3,22.703445434570312,17.82758140563965
923000000001,0.0,0.3,0.3,22.460268020629883,16.971689224243164
923000000001,0.0,0.4,0.3,22.21321487426757,16.733484268188477
923000000001,0.0,0.5,0.3,21.50251197814941,21.11552047729492
923000000001,0.0,0.6,0.3,19.24046516418457,22.931379318237305
923000000001,0.0,0.7,0.3,17.731597900390625,22.254701614379883
923000000001,0.0,0.8,0.3,16.29595184326172,24.5078182220459
923000000001,0.0,0.9,0.3,14.893255233764648,24.527362823486328
923000000001,0.0,1.0,0.3,15.508455276489258,27.79855155944824
923000000002,0.0,0.0,0.3,18.990747451782227,22.85243034362793
923000000002,0.0,0.1,0.3,18.959213256835938,22.90876579284668
923000000002,0.0,0.2,0.3,18.870342254638672,23.57042694091797
923000000002,0.0,0.3,0.3,18.530902862548828,26.167285919189453
923000000002,0.0,0.4,0.3,18.021602630615234,31.738037109375
923000000002,0.0,0.5,0.3,16.93623924255371,33.30567169189453
923000000002,0.0,0.6,0.3,16.570024490356445,32.14280700683594
923000000002,0.0,0.7,0.3,15.736579895019531,32.151939392089844
923000000002,0.0,0.8,0.3,15.295791625976562,33.158241271972656
923000000002,0.0,0.9,0.3,15.279163360595703,30.396717071533203
923000000002,0.0,1.0,0.3,15.26088523864746,30.37338256835937
923000000003,0.0,0.0,0.3,20.519746780395508,21.730318069458008
923000000003,0.0,0.1,0.3,20.614473342895508,21.7334213256836
923000000003,0.0,0.2,0.3,20.383161544799805,21.763702392578125
923000000003,0.0,0.3,0.3,19.96882438659668,21.43213653564453
923000000003,0.0,0.4,0.3,20.01278686523437,22.18512916564941
923000000003,0.0,0.5,0.3,19.140426635742188,23.522136688232425
923000000003,0.0,0.6,0.3,18.11480712890625,27.3531436920166
923000000003,0.0,0.7,0.3,16.10623550415039,25.1408805847168
923000000003,0.0,0.8,0.3,15.268122673034668,22.91003799438477
923000000003,0.0,0.9,0.3,14.627175331115724,23.89138412475586
923000000003,0.0,1.0,0.3,13.143773078918455,24.44718742370605
923000000004,0.0,0.0,0.3,21.31910896301269,22.473575592041016
923000000004,0.0,0.1,0.3,21.361026763916016,22.050020217895508
923000000004,0.0,0.2,0.3,21.29143524169922,22.006744384765625
923000000004,0.0,0.3,0.3,21.05817413330078,22.538599014282227
923000000004,0.0,0.4,0.3,19.53804397583008,21.543514251708984
923000000004,0.0,0.5,0.3,18.617549896240234,30.20693016052246
923000000004,0.0,0.6,0.3,18.43601417541504,22.50278282165528
923000000004,0.0,0.7,0.3,16.085277557373047,27.19733047485352
923000000004,0.0,0.8,0.3,15.357844352722168,34.89714431762695
923000000004,0.0,0.9,0.3,14.023618698120115,29.85258102416992
923000000004,0.0,1.0,0.3,12.522584915161133,32.4383544921875
923000000005,0.0,0.0,0.3,21.387094497680664,22.98003196716309
923000000005,0.0,0.1,0.3,21.3896598815918,22.70694160461425
923000000005,0.0,0.2,0.3,21.29874992370605,23.216936111450195
923000000005,0.0,0.3,0.3,21.05416679382324,22.85182380676269
923000000005,0.0,0.4,0.3,20.78105354309082,22.858348846435547
923000000005,0.0,0.5,0.3,19.540115356445312,22.22543716430664
923000000005,0.0,0.6,0.3,18.307844161987305,21.39517593383789
923000000005,0.0,0.7,0.3,16.728105545043945,24.284502029418945
923000000005,0.0,0.8,0.3,13.301618576049805,24.89067649841309
923000000005,0.0,0.9,0.3,13.00668239593506,28.02140998840332
923000000005,0.0,1.0,0.3,12.048979759216309,25.766950607299805
923000000006,0.0,0.0,0.3,22.417400360107425,23.32391357421875
923000000006,0.0,0.1,0.3,22.403966903686523,23.258201599121094
923000000006,0.0,0.2,0.3,22.354154586791992,23.81124496459961
923000000006,0.0,0.3,0.3,21.4372787475586,21.86966896057129
923000000006,0.0,0.4,0.3,22.057323455810547,23.150222778320312
923000000006,0.0,0.5,0.3,20.383724212646484,24.3133602142334
923000000006,0.0,0.6,0.3,18.535139083862305,27.03385353088379
923000000006,0.0,0.7,0.3,13.001834869384766,27.401172637939453
923000000006,0.0,0.8,0.3,11.031514167785645,28.443574905395508
923000000006,0.0,0.9,0.3,10.626283645629885,30.717098236083984
923000000006,0.0,1.0,0.3,9.70156478881836,29.887739181518555
923000000007,0.0,0.0,0.3,22.687623977661133,16.771989822387695
923000000007,0.0,0.1,0.3,22.67108154296875,17.046239852905273
923000000007,0.0,0.2,0.3,22.627519607543945,17.128219604492188
923000000007,0.0,0.3,0.3,22.528350830078125,16.817983627319336
923000000007,0.0,0.4,0.3,22.203914642333984,16.87009048461914
923000000007,0.0,0.5,0.3,18.925127029418945,24.59716796875
923000000007,0.0,0.6,0.3,17.184167861938477,24.258893966674805
923000000007,0.0,0.7,0.3,14.7958984375,26.49092102050781
923000000007,0.0,0.8,0.3,13.19979476928711,26.61076736450196
923000000007,0.0,0.9,0.3,11.60517406463623,28.33295440673828
923000000007,0.0,1.0,0.3,9.066858291625977,28.0249080657959
923000000008,0.0,0.0,0.3,21.59702491760254,26.62808609008789
923000000008,0.0,0.1,0.3,21.60165405273437,27.099937438964844
923000000008,0.0,0.2,0.3,21.54145240783692,26.690460205078125
923000000008,0.0,0.3,0.3,21.26540756225586,26.049848556518555
923000000008,0.0,0.4,0.3,21.057601928710938,26.365535736083984
923000000008,0.0,0.5,0.3,20.97958374023437,26.55611991882324
923000000008,0.0,0.6,0.3,20.454572677612305,26.06389236450196
923000000008,0.0,0.7,0.3,20.137868881225582,28.82421112060547
923000000008,0.0,0.8,0.3,18.25224876403809,27.018251419067383
923000000008,0.0,0.9,0.3,16.227354049682617,26.47021675109864
923000000008,0.0,1.0,0.3,15.663663864135742,26.72411155700684
923000000009,0.0,0.0,0.3,24.17343711853028,20.61811828613281
923000000009,0.0,0.1,0.3,24.144756317138672,21.057832717895508
923000000009,0.0,0.2,0.3,24.09339141845703,20.406538009643555
923000000009,0.0,0.3,0.3,24.05341339111328,20.47185134887696
923000000009,0.0,0.4,0.3,23.651830673217773,22.41278839111328
923000000009,0.0,0.5,0.3,23.297569274902344,26.97298812866211
923000000009,0.0,0.6,0.3,21.55864906311035,29.736665725708008
923000000009,0.0,0.7,0.3,18.931432723999023,30.133554458618164
923000000009,0.0,0.8,0.3,15.266881942749023,20.957490921020508
923000000009,0.0,0.9,0.3,12.742793083190918,26.196128845214844
923000000009,0.0,1.0,0.3,8.716958999633789,20.153438568115234
924000000000,0.0,0.0,0.3,18.62881088256836,21.45565223693848
924000000000,0.0,0.1,0.3,18.65292358398437,20.82521247863769
924000000000,0.0,0.2,0.3,18.60136032104492,22.15131187438965
924000000000,0.0,0.3,0.3,18.39815330505371,21.86294746398925
924000000000,0.0,0.4,0.3,18.116886138916016,23.233095169067383
924000000000,0.0,0.5,0.3,17.70884895324707,24.40351104736328
924000000000,0.0,0.6,0.3,17.043411254882812,25.324970245361328
924000000000,0.0,0.7,0.3,15.995129585266112,24.93315315246582
924000000000,0.0,0.8,0.3,16.089096069335938,20.729660034179688
924000000000,0.0,0.9,0.3,15.699913024902344,23.589401245117188
924000000000,0.0,1.0,0.3,14.82305145263672,24.591228485107425
924000000001,0.0,0.0,0.3,19.209779739379883,27.30044937133789
924000000001,0.0,0.1,0.3,19.1622371673584,26.96372032165528
924000000001,0.0,0.2,0.3,18.932825088500977,27.66012191772461
924000000001,0.0,0.3,0.3,18.5638484954834,27.98485374450684
924000000001,0.0,0.4,0.3,17.888442993164062,27.82062339782715
924000000001,0.0,0.5,0.3,17.005718231201172,27.16653060913086
924000000001,0.0,0.6,0.3,16.311426162719727,26.995811462402344
924000000001,0.0,0.7,0.3,15.453913688659668,27.73937225341797
924000000001,0.0,0.8,0.3,14.600428581237791,29.35573387145996
924000000001,0.0,0.9,0.3,14.941307067871094,28.579524993896484
924000000001,0.0,1.0,0.3,14.818021774291992,29.043212890625
924000000002,0.0,0.0,0.3,21.02417182922364,23.154714584350582
924000000002,0.0,0.1,0.3,20.96796607971192,23.74936294555664
924000000002,0.0,0.2,0.3,20.36868667602539,24.566627502441406
924000000002,0.0,0.3,0.3,19.64314079284668,25.83889389038086
924000000002,0.0,0.4,0.3,18.17243385314941,25.885826110839844
924000000002,0.0,0.5,0.3,17.239744186401367,29.827543258666992
924000000002,0.0,0.6,0.3,16.0314998626709,29.653846740722656
924000000002,0.0,0.7,0.3,14.243709564208984,32.31263732910156
924000000002,0.0,0.8,0.3,12.21324062347412,30.137420654296875
924000000002,0.0,0.9,0.3,12.828916549682615,27.860069274902344
924000000002,0.0,1.0,0.3,12.923821449279783,30.76930046081543
924000000003,0.0,0.0,0.3,26.112699508666992,22.54728126525879
924000000003,0.0,0.1,0.3,26.132266998291016,22.667104721069336
924000000003,0.0,0.2,0.3,26.13785743713379,22.77725982666016
924000000003,0.0,0.3,0.3,25.816993713378903,22.6375732421875
924000000003,0.0,0.4,0.3,25.329540252685547,22.683189392089844
924000000003,0.0,0.5,0.3,25.12729263305664,23.03963661193848
924000000003,0.0,0.6,0.3,25.1491641998291,23.15532875061035
924000000003,0.0,0.7,0.3,22.16229820251465,28.13656616210937
924000000003,0.0,0.8,0.3,17.897647857666016,28.34033393859864
924000000003,0.0,0.9,0.3,15.005209922790527,28.46417808532715
924000000003,0.0,1.0,0.3,13.224081993103027,26.563081741333008
924000000004,0.0,0.0,0.3,21.806787490844727,25.15672492980957
924000000004,0.0,0.1,0.3,21.82236289978028,25.335783004760746
924000000004,0.0,0.2,0.3,21.75960350036621,25.78319358825684
924000000004,0.0,0.3,0.3,21.37997055053711,24.659114837646484
924000000004,0.0,0.4,0.3,20.55360221862793,24.48164176940918
924000000004,0.0,0.5,0.3,19.953214645385746,24.60939216613769
924000000004,0.0,0.6,0.3,19.405038833618164,24.8540153503418
924000000004,0.0,0.7,0.3,18.622011184692383,24.154050827026367
924000000004,0.0,0.8,0.3,15.08110809326172,21.641176223754883
924000000004,0.0,0.9,0.3,14.92151927947998,27.024883270263672
924000000004,0.0,1.0,0.3,12.664372444152832,28.687477111816406
924000000005,0.0,0.0,0.3,18.41192054748535,25.308292388916016
924000000005,0.0,0.1,0.3,18.4223747253418,25.70805549621582
924000000005,0.0,0.2,0.3,18.422622680664062,24.8679428100586
924000000005,0.0,0.3,0.3,18.162553787231445,25.27267837524414
924000000005,0.0,0.4,0.3,17.9986515045166,25.47050666809082
924000000005,0.0,0.5,0.3,17.979129791259766,25.47607040405273
924000000005,0.0,0.6,0.3,18.03754615783692,25.27570152282715
924000000005,0.0,0.7,0.3,17.971145629882812,24.91668701171875
924000000005,0.0,0.8,0.3,17.268911361694336,25.35688591003418
924000000005,0.0,0.9,0.3,16.52198028564453,25.647045135498047
924000000005,0.0,1.0,0.3,16.725786209106445,27.79739570617676
924000000006,0.0,0.0,0.3,18.56277084350586,25.31250190734864
924000000006,0.0,0.1,0.3,18.465251922607425,25.10223388671875
924000000006,0.0,0.2,0.3,18.14341926574707,25.63006591796875
924000000006,0.0,0.3,0.3,17.540708541870117,27.71317672729492
924000000006,0.0,0.4,0.3,16.890945434570312,28.42470359802246
924000000006,0.0,0.5,0.3,15.617427825927734,29.15514373779297
924000000006,0.0,0.6,0.3,15.190225601196287,31.54631233215332
924000000006,0.0,0.7,0.3,14.034791946411133,31.78621482849121
924000000006,0.0,0.8,0.3,13.05419635772705,29.89030838012696
924000000006,0.0,0.9,0.3,13.077911376953123,29.912107467651367
924000000006,0.0,1.0,0.3,11.906315803527832,25.374418258666992
924000000007,0.0,0.0,0.3,18.697673797607425,28.274768829345703
924000000007,0.0,0.1,0.3,18.68385887145996,28.83770751953125
924000000007,0.0,0.2,0.3,18.687789916992188,27.49873924255371
924000000007,0.0,0.3,0.3,18.56954765319824,29.233020782470703
924000000007,0.0,0.4,0.3,18.3742733001709,28.690893173217773
924000000007,0.0,0.5,0.3,17.927412033081055,27.50640869140625
924000000007,0.0,0.6,0.3,17.493541717529297,27.386642456054688
924000000007,0.0,0.7,0.3,17.494647979736328,28.112638473510746
924000000007,0.0,0.8,0.3,17.4865665435791,27.601253509521484
924000000007,0.0,0.9,0.3,16.74653434753418,29.18916893005371
924000000007,0.0,1.0,0.3,16.555103302001953,27.2587833404541
924000000008,0.0,0.0,0.3,18.995641708374023,21.046430587768555
924000000008,0.0,0.1,0.3,18.98241233825684,20.001758575439453
924000000008,0.0,0.2,0.3,19.00239944458008,20.174840927124023
924000000008,0.0,0.3,0.3,18.83123016357422,20.879898071289062
924000000008,0.0,0.4,0.3,18.61746597290039,20.686071395874023
924000000008,0.0,0.5,0.3,18.489227294921875,20.84117889404297
924000000008,0.0,0.6,0.3,17.228591918945312,20.89472389221192
924000000008,0.0,0.7,0.3,13.95347023010254,19.720008850097656
924000000008,0.0,0.8,0.3,14.400433540344238,21.12807846069336
924000000008,0.0,0.9,0.3,13.891249656677246,23.458850860595703
924000000008,0.0,1.0,0.3,13.335979461669922,29.4907341003418
924000000009,0.0,0.0,0.3,19.4484806060791,16.038278579711914
924000000009,0.0,0.1,0.3,19.45027732849121,16.154903411865234
924000000009,0.0,0.2,0.3,19.44637680053711,16.782930374145508
924000000009,0.0,0.3,0.3,19.28141021728516,17.164276123046875
924000000009,0.0,0.4,0.3,19.117002487182617,16.5928955078125
924000000009,0.0,0.5,0.3,17.917129516601562,16.009170532226562
924000000009,0.0,0.6,0.3,14.8403959274292,24.667251586914062
924000000009,0.0,0.7,0.3,12.841316223144531,31.510963439941406
924000000009,0.0,0.8,0.3,11.36913776397705,34.26335906982422
924000000009,0.0,0.9,0.3,10.902259826660156,36.4309196472168
924000000009,0.0,1.0,0.3,10.29677963256836,34.26909637451172
