file_id,classifier_full_sdturbo_t00_delta0_tc030|psnr_unedit_part,classifier_full_sdturbo_t00_delta0_tc030|clip_similarity_target_image_edit_part,classifier_full_sdturbo_t01_delta0_tc030|psnr_unedit_part,classifier_full_sdturbo_t01_delta0_tc030|clip_similarity_target_image_edit_part,classifier_full_sdturbo_t02_delta0_tc030|psnr_unedit_part,classifier_full_sdturbo_t02_delta0_tc030|clip_similarity_target_image_edit_part,classifier_full_sdturbo_t03_delta0_tc030|psnr_unedit_part,classifier_full_sdturbo_t03_delta0_tc030|clip_similarity_target_image_edit_part,classifier_full_sdturbo_t04_delta0_tc030|psnr_unedit_part,classifier_full_sdturbo_t04_delta0_tc030|clip_similarity_target_image_edit_part,classifier_full_sdturbo_t05_delta0_tc030|psnr_unedit_part,classifier_full_sdturbo_t05_delta0_tc030|clip_similarity_target_image_edit_part,classifier_full_sdturbo_t06_delta0_tc030|psnr_unedit_part,classifier_full_sdturbo_t06_delta0_tc030|clip_similarity_target_image_edit_part,classifier_full_sdturbo_t07_delta0_tc030|psnr_unedit_part,classifier_full_sdturbo_t07_delta0_tc030|clip_similarity_target_image_edit_part,classifier_full_sdturbo_t08_delta0_tc030|psnr_unedit_part,classifier_full_sdturbo_t08_delta0_tc030|clip_similarity_target_image_edit_part,classifier_full_sdturbo_t09_delta0_tc030|psnr_unedit_part,classifier_full_sdturbo_t09_delta0_tc030|clip_similarity_target_image_edit_part,classifier_full_sdturbo_t10_delta0_tc030|psnr_unedit_part,classifier_full_sdturbo_t10_delta0_tc030|clip_similarity_target_image_edit_part
000000000000,27.899887084960938,22.14931869506836,27.908161163330078,22.089143753051758,27.90080451965332,22.409666061401367,27.7581844329834,22.208059310913086,27.562713623046875,22.093990325927734,27.222108840942383,22.423124313354492,24.120485305786133,22.14999771118164,21.846454620361328,23.37757110595703,20.40431785583496,22.668033599853516,17.757200241088867,21.966890335083008,17.85931396484375,22.23084259033203
000000000001,22.913578033447266,25.35314178466797,22.90937042236328,25.26338768005371,22.90907096862793,25.10385513305664,22.890090942382812,25.08194351196289,22.692089080810547,25.538063049316406,22.587539672851562,25.26700782775879,22.547082901000977,24.90468406677246,21.224754333496094,28.764623641967773,19.085168838500977,29.431381225585938,18.44289779663086,26.01020050048828,17.91135025024414,26.48598861694336
000000000002,26.531599044799805,14.096993446350098,26.49713134765625,13.971614837646484,26.473276138305664,12.969446182250977,26.241422653198242,13.892345428466797,25.730966567993164,20.825138092041016,24.900794982910156,21.353548049926758,22.470308303833008,21.128427505493164,19.056354522705078,21.177562713623047,19.067848205566406,23.15293312072754,16.524213790893555,18.41532325744629,17.153213500976562,15.638819694519043
000000000003,24.63261604309082,30.691286087036133,24.619001388549805,30.73347282409668,24.656713485717773,31.205862045288086,24.281078338623047,30.802547454833984,24.063392639160156,30.519380569458008,23.218460083007812,30.127317428588867,22.616092681884766,31.014171600341797,21.905115127563477,31.93802833557129,21.091842651367188,31.62904930114746,19.206010818481445,31.325536727905273,17.95535659790039,30.161588668823242
000000000004,28.621810913085938,22.919984817504883,28.60814666748047,22.76544189453125,28.638124465942383,23.018699645996094,28.36652946472168,22.9703369140625,28.217782974243164,21.65817642211914,27.68329429626465,23.487884521484375,26.730104446411133,21.934795379638672,23.4843807220459,31.515926361083984,20.45035743713379,31.993330001831055,20.997726440429688,31.27537727355957,19.11509895324707,29.442258834838867
000000000005,27.137069702148438,13.315593719482422,27.129060745239258,13.322196960449219,27.09739112854004,13.232956886291504,26.921354293823242,13.926604270935059,26.906593322753906,14.44655990600586,27.0244140625,14.783872604370117,26.559043884277344,14.346049308776855,25.26023292541504,18.924470901489258,23.833486557006836,18.03205108642578,21.463594436645508,17.348894119262695,19.11073112487793,21.510967254638672
000000000006,27.124277114868164,28.535322189331055,27.12285804748535,27.186847686767578,27.098678588867188,26.449342727661133,27.046525955200195,28.953447341918945,27.02634048461914,27.597192764282227,26.934232711791992,25.98647117614746,26.685880661010742,26.22942352294922,26.88787841796875,27.87175750732422,25.075302124023438,29.88623046875,24.220521926879883,29.262453079223633,21.732257843017578,20.24071502685547
000000000007,22.623647689819336,24.67474937438965,22.625015258789062,24.60227394104004,22.625795364379883,24.418399810791016,22.614219665527344,24.61603355407715,22.595434188842773,24.820478439331055,22.581058502197266,25.142621994018555,22.502185821533203,24.471281051635742,22.447967529296875,24.408105850219727,22.48557472229004,24.819828033447266,22.13943862915039,24.310571670532227,21.93815040588379,24.743053436279297
000000000008,22.645286560058594,9.053390502929688,22.63260269165039,7.859277725219727,22.62387466430664,7.178625583648682,22.594972610473633,6.1185503005981445,22.43948745727539,8.466789245605469,22.46839141845703,8.707633972167969,21.894939422607422,9.944466590881348,21.38920783996582,9.997830390930176,21.195554733276367,8.3135986328125,20.254730224609375,10.381951332092285,18.43034553527832,8.577340126037598
000000000009,39.657840728759766,20.53369903564453,39.44831848144531,24.299686431884766,39.40948486328125,26.747556686401367,39.0184211730957,26.309350967407227,38.01517105102539,25.80044937133789,35.79454040527344,25.400257110595703,33.06776809692383,25.646608352661133,27.853286743164062,25.03969383239746,25.05389976501465,26.468441009521484,17.110340118408203,24.919214248657227,16.05245590209961,24.51108741760254
000000000010,23.465456008911133,17.1190185546875,23.49494171142578,17.098237991333008,23.507457733154297,19.559078216552734,23.338762283325195,20.392730712890625,23.131710052490234,18.636770248413086,22.597122192382812,18.44334602355957,20.64735984802246,20.668298721313477,18.191692352294922,20.076316833496094,16.844865798950195,20.750341415405273,18.610971450805664,21.880563735961914,19.21023178100586,24.51747703552246
000000000011,29.202011108398438,18.99309730529785,29.211854934692383,18.55091667175293,29.17284393310547,18.857681274414062,29.04497718811035,18.952131271362305,28.948863983154297,19.610864639282227,28.93960189819336,21.24651336669922,29.09402084350586,21.617572784423828,28.844425201416016,23.587665557861328,24.643835067749023,23.633617401123047,23.915761947631836,21.827468872070312,23.188838958740234,21.320444107055664
000000000012,27.186851501464844,17.35702133178711,27.181283950805664,17.300485610961914,27.178146362304688,17.927997589111328,27.1160945892334,19.657331466674805,26.987634658813477,21.518741607666016,26.527008056640625,22.7915096282959,25.02052879333496,26.2794132232666,23.76982307434082,25.142627716064453,22.44807243347168,25.33460807800293,19.640287399291992,26.85285186767578,16.315576553344727,26.727617263793945
000000000013,25.86566162109375,16.86219596862793,25.83114242553711,16.858266830444336,25.794906616210938,19.907258987426758,25.61273956298828,17.824462890625,25.2718563079834,19.743549346923828,25.329769134521484,21.432348251342773,24.958171844482422,22.02888298034668,22.643888473510742,22.45750617980957,19.854248046875,24.36343002319336,12.603164672851562,23.541488647460938,17.03764533996582,24.17861557006836
000000000014,29.626331329345703,21.53489112854004,29.607175827026367,21.397218704223633,29.637210845947266,21.312103271484375,29.37405776977539,21.039134979248047,29.488954544067383,21.38320541381836,29.484355926513672,21.541507720947266,29.625186920166016,21.237876892089844,28.892377853393555,21.295202255249023,22.558610916137695,21.777324676513672,23.957077026367188,21.650310516357422,22.808053970336914,21.25811195373535
000000000015,26.8414306640625,17.763181686401367,26.851764678955078,17.547786712646484,26.77022933959961,16.40234375,26.42171287536621,19.39997673034668,26.800386428833008,24.566181182861328,25.38938331604004,25.026979446411133,24.96555519104004,25.287214279174805,22.388418197631836,22.34417724609375,19.184513092041016,23.622726440429688,16.468467712402344,27.538311004638672,12.324516296386719,26.36398696899414
000000000016,21.353103637695312,18.155534744262695,21.357784271240234,19.102293014526367,21.39221954345703,19.13858413696289,21.279199600219727,20.32500648498535,20.927047729492188,23.915279388427734,20.546907424926758,23.043684005737305,20.770549774169922,26.6506404876709,19.72564697265625,24.949016571044922,16.58249282836914,23.10733413696289,15.854036331176758,20.472795486450195,14.431120872497559,23.64750862121582
000000000017,nan,19.580842971801758,nan,19.777631759643555,nan,19.96074104309082,nan,20.239152908325195,nan,19.53105926513672,nan,19.825862884521484,nan,19.178857803344727,nan,21.427452087402344,nan,21.997314453125,nan,21.86376953125,nan,22.745346069335938
000000000018,23.766403198242188,19.855636596679688,23.769878387451172,19.979209899902344,23.764911651611328,19.926950454711914,23.689149856567383,19.319751739501953,23.737703323364258,19.48662757873535,23.670963287353516,19.483808517456055,23.645353317260742,20.313901901245117,22.606815338134766,21.770299911499023,22.106307983398438,20.82162094116211,19.516401290893555,19.45566749572754,14.52630615234375,19.06505584716797
000000000019,20.328969955444336,22.71474838256836,20.316308975219727,23.213228225708008,20.292020797729492,22.718547821044922,20.153644561767578,23.007535934448242,20.08344268798828,23.914989471435547,19.606021881103516,23.268436431884766,18.6094970703125,23.068809509277344,17.52996253967285,22.5975399017334,16.66734504699707,22.13348388671875,16.954858779907227,16.073217391967773,16.33586883544922,19.704517364501953
000000000020,23.747400283813477,21.25397491455078,23.73558807373047,20.89371681213379,23.692970275878906,21.341968536376953,23.473703384399414,21.817668914794922,23.406076431274414,22.01434898376465,23.577682495117188,21.7620792388916,23.13064193725586,21.373193740844727,22.711915969848633,23.52008819580078,21.877885818481445,23.09768295288086,21.286060333251953,23.270771026611328,19.067441940307617,20.050518035888672
000000000021,21.944263458251953,24.42397117614746,21.942739486694336,24.699848175048828,21.97570037841797,24.161216735839844,21.896570205688477,23.909908294677734,21.841341018676758,24.330337524414062,21.86516761779785,24.022680282592773,21.76567840576172,24.513317108154297,21.080467224121094,25.77500343322754,20.91591453552246,24.79018783569336,20.860506057739258,25.263893127441406,19.17035484313965,25.816837310791016
000000000022,16.34762954711914,14.16310977935791,16.35493278503418,13.706618309020996,16.34099578857422,15.39142894744873,16.289352416992188,17.70475196838379,16.13809585571289,17.15489387512207,16.07099723815918,14.611283302307129,15.587386131286621,12.82203197479248,14.180863380432129,14.314164161682129,12.610294342041016,14.6222505569458,13.05302906036377,14.099637985229492,11.890543937683105,11.820667266845703
000000000023,24.291725158691406,26.02387046813965,24.28403091430664,25.96341323852539,24.272926330566406,26.277748107910156,24.238277435302734,26.356887817382812,24.19074249267578,26.59099769592285,24.11655616760254,26.82248878479004,23.99517059326172,26.631515502929688,23.734355926513672,26.427978515625,23.428483963012695,25.624221801757812,23.12204933166504,27.118820190429688,21.07773208618164,24.8271427154541
000000000024,22.693281173706055,20.51877212524414,22.67605972290039,20.55719566345215,22.654621124267578,20.732189178466797,22.611976623535156,20.825119018554688,22.562049865722656,20.701908111572266,22.32164764404297,20.99936866760254,22.029043197631836,20.917522430419922,21.5828857421875,21.432504653930664,20.67744255065918,21.398555755615234,20.177566528320312,22.6977481842041,19.713546752929688,21.63658905029297
000000000025,23.88787269592285,24.82671546936035,23.887418746948242,25.0030517578125,23.88669776916504,25.759899139404297,23.88599395751953,25.696950912475586,23.761674880981445,27.710168838500977,23.5274600982666,26.488229751586914,23.410245895385742,25.790512084960938,22.437501907348633,26.758289337158203,18.1043758392334,32.2679443359375,18.932571411132812,24.1863956451416,18.083349227905273,24.046791076660156
000000000026,22.64839744567871,16.631874084472656,22.664688110351562,16.24336051940918,22.667823791503906,16.723976135253906,22.515527725219727,15.801959991455078,22.407302856445312,16.050352096557617,22.263708114624023,15.799236297607422,21.845502853393555,17.30813980102539,20.445953369140625,18.814498901367188,17.795425415039062,19.483686447143555,17.131595611572266,17.488237380981445,16.17637062072754,19.654277801513672
000000000027,20.46413803100586,21.86969566345215,20.45938491821289,21.793100357055664,20.449970245361328,21.935535430908203,20.434785842895508,21.974895477294922,20.403474807739258,23.01115608215332,20.394330978393555,22.815425872802734,20.345123291015625,21.69268035888672,20.30704689025879,21.22900390625,18.404869079589844,22.55626106262207,19.0154972076416,22.84950828552246,17.802446365356445,21.22455596923828
000000000028,nan,23.41952896118164,nan,23.422168731689453,nan,23.13498306274414,nan,24.093618392944336,nan,23.809770584106445,nan,23.710426330566406,nan,23.360645294189453,nan,23.458961486816406,nan,22.747920989990234,nan,24.212928771972656,nan,26.792675018310547
000000000029,24.50166130065918,14.651827812194824,24.524642944335938,15.082674980163574,24.589481353759766,15.76845932006836,24.654754638671875,15.08182144165039,24.09223175048828,16.880338668823242,23.635019302368164,25.720829010009766,23.35430908203125,23.917675018310547,21.565696716308594,23.930892944335938,22.121084213256836,22.89166831970215,22.02748680114746,14.25891399383545,20.278587341308594,18.072072982788086
000000000030,19.900102615356445,16.012950897216797,19.901409149169922,15.827037811279297,19.881052017211914,15.91503620147705,19.77930450439453,15.444003105163574,19.742164611816406,16.563241958618164,19.339197158813477,15.515921592712402,18.956165313720703,19.636516571044922,18.544292449951172,21.76171112060547,18.495464324951172,22.436193466186523,18.479045867919922,23.665233612060547,17.815284729003906,23.390941619873047
000000000031,32.64159393310547,20.96286964416504,32.63571548461914,20.882457733154297,32.5377197265625,20.85382080078125,32.38066101074219,20.44764518737793,32.321231842041016,20.671070098876953,32.00007247924805,20.642009735107422,30.705642700195312,20.763751983642578,29.894460678100586,21.63404655456543,31.00358772277832,20.062255859375,24.424026489257812,21.693510055541992,21.547636032104492,23.640844345092773
000000000032,23.71624183654785,15.905401229858398,23.726430892944336,16.11383819580078,23.7403564453125,16.1370792388916,23.76226806640625,16.643997192382812,23.672170639038086,16.86738395690918,23.550704956054688,17.4594783782959,23.438020706176758,17.634185791015625,23.268396377563477,18.715944290161133,22.219911575317383,19.791507720947266,19.82777976989746,21.150421142578125,18.887195587158203,18.597625732421875
000000000033,26.43852424621582,18.5750789642334,26.450927734375,18.531164169311523,26.494436264038086,18.529624938964844,26.432865142822266,17.42481803894043,26.30409049987793,17.930082321166992,25.98642349243164,17.46123504638672,25.18939208984375,21.141887664794922,23.959699630737305,21.321897506713867,23.273412704467773,24.164182662963867,19.844024658203125,18.523141860961914,18.548261642456055,18.63592529296875
000000000034,nan,22.957162857055664,nan,22.63426399230957,nan,22.968042373657227,nan,23.456167221069336,nan,22.647363662719727,nan,22.824748992919922,nan,23.302783966064453,nan,31.881404876708984,nan,35.596839904785156,nan,33.45073699951172,nan,34.44186019897461
000000000035,nan,16.387405395507812,nan,16.438671112060547,nan,18.031051635742188,nan,23.788291931152344,nan,24.124496459960938,nan,21.731855392456055,nan,22.236486434936523,nan,25.191328048706055,nan,25.234758377075195,nan,24.767324447631836,nan,27.633983612060547
000000000036,27.306535720825195,13.361969947814941,27.314741134643555,13.521172523498535,27.322010040283203,13.740418434143066,27.386537551879883,13.490086555480957,27.202709197998047,13.519081115722656,26.979883193969727,13.674152374267578,26.41617202758789,14.293970108032227,24.239933013916016,17.586254119873047,23.989154815673828,20.48748207092285,22.983253479003906,20.855379104614258,20.494482040405273,19.627649307250977
000000000037,20.82889175415039,15.469245910644531,20.8203067779541,15.471580505371094,20.814483642578125,14.661221504211426,20.773618698120117,13.120107650756836,20.688711166381836,13.400201797485352,20.280019760131836,13.349315643310547,19.469091415405273,13.924421310424805,19.15260124206543,17.12302017211914,19.352819442749023,16.00136375427246,19.598621368408203,15.615716934204102,19.383106231689453,14.132610321044922
000000000038,21.56854820251465,15.584593772888184,21.565940856933594,15.397512435913086,21.572717666625977,15.510444641113281,21.57615089416504,15.542608261108398,21.568992614746094,15.371232032775879,21.567928314208984,15.779265403747559,21.53506088256836,15.393508911132812,21.35344123840332,16.2288875579834,20.818283081054688,15.869243621826172,21.279191970825195,15.916097640991211,20.61473274230957,16.775087356567383
000000000039,22.468242645263672,26.1741943359375,22.475229263305664,26.181190490722656,22.464611053466797,26.081382751464844,22.393321990966797,26.159500122070312,22.28292465209961,26.414085388183594,21.962217330932617,26.099491119384766,21.36518669128418,25.304216384887695,20.557628631591797,24.63434410095215,19.4705810546875,24.891525268554688,18.801700592041016,23.997819900512695,18.22770118713379,22.639867782592773
000000000040,32.00395965576172,23.279983520507812,32.00695037841797,23.35429573059082,32.02729797363281,23.342008590698242,32.136802673339844,23.3763370513916,32.0710563659668,23.180309295654297,31.916107177734375,21.470937728881836,31.874441146850586,22.04976463317871,29.916278839111328,23.204023361206055,27.08237648010254,29.95232582092285,27.494808197021484,29.79863929748535,26.638591766357422,25.560224533081055
000000000041,31.371356964111328,16.685256958007812,31.37552833557129,16.680755615234375,31.375967025756836,17.25400733947754,31.319547653198242,19.3393611907959,31.145591735839844,19.532922744750977,31.406835556030273,24.0571231842041,31.28615379333496,25.600460052490234,30.848690032958984,23.956396102905273,30.48583221435547,24.253759384155273,26.777931213378906,25.560829162597656,25.480558395385742,23.653564453125
000000000042,25.862037658691406,22.612533569335938,25.87215232849121,23.66944122314453,25.863622665405273,21.86837387084961,25.340707778930664,21.314525604248047,25.216445922851562,21.78738021850586,23.32662582397461,19.682443618774414,22.354970932006836,20.72107696533203,21.324851989746094,21.127822875976562,20.389711380004883,22.422637939453125,19.074045181274414,21.043540954589844,16.982013702392578,17.898468017578125
000000000043,27.495038986206055,21.14972686767578,27.495471954345703,21.36835479736328,27.50003433227539,21.206886291503906,27.50088119506836,20.449562072753906,27.477083206176758,20.55582046508789,27.45465850830078,22.033458709716797,27.201539993286133,23.10654640197754,25.82777976989746,23.63600730895996,24.467464447021484,24.312728881835938,22.52761459350586,23.30635643005371,20.405778884887695,22.1958065032959
000000000044,26.110607147216797,22.3443660736084,26.113279342651367,22.612974166870117,26.110416412353516,22.867084503173828,26.129098892211914,22.420764923095703,26.012311935424805,22.845558166503906,25.85759735107422,25.962770462036133,25.550277709960938,28.04358673095703,24.05124855041504,27.186500549316406,24.038230895996094,27.299118041992188,20.5677490234375,28.09113311767578,18.706974029541016,27.316692352294922
000000000045,24.404666900634766,26.425079345703125,24.406057357788086,26.483049392700195,24.39670181274414,26.454193115234375,24.28380012512207,26.61966323852539,24.024503707885742,26.513940811157227,24.291948318481445,29.909503936767578,23.878890991210938,29.584667205810547,23.935571670532227,29.884225845336914,20.095985412597656,30.72928237915039,17.964643478393555,24.82245445251465,20.835548400878906,28.361051559448242
000000000046,nan,22.870948791503906,nan,22.758264541625977,nan,22.635725021362305,nan,23.122264862060547,nan,23.340862274169922,nan,23.563325881958008,nan,23.006988525390625,nan,23.036457061767578,nan,23.40435028076172,nan,23.802635192871094,nan,23.0107421875
000000000047,21.6330623626709,20.3098201751709,21.63446044921875,20.315921783447266,21.6321964263916,20.747188568115234,21.612215042114258,20.479759216308594,21.53873634338379,20.15216636657715,21.508955001831055,19.487842559814453,21.52603530883789,20.788270950317383,21.51727867126465,20.90395736694336,21.32245635986328,20.310752868652344,20.553335189819336,21.531551361083984,19.199464797973633,20.539077758789062
000000000048,40.555912017822266,22.23073959350586,40.57291793823242,22.262022018432617,40.56864547729492,22.003692626953125,40.52888870239258,22.0369930267334,40.509300231933594,21.91506576538086,40.43156814575195,21.811222076416016,40.40565872192383,21.939796447753906,39.97099685668945,22.132173538208008,39.1739501953125,22.25125503540039,38.39504623413086,21.993318557739258,37.1136589050293,21.511058807373047
000000000049,25.413475036621094,24.102493286132812,25.408781051635742,25.137096405029297,25.399198532104492,24.714357376098633,25.417394638061523,24.676496505737305,25.335805892944336,24.729366302490234,25.262643814086914,24.78231430053711,25.24250602722168,24.92612648010254,24.955446243286133,26.684659957885742,24.35561752319336,25.866586685180664,20.40938949584961,26.29059600830078,18.653209686279297,26.352142333984375
000000000050,24.22545623779297,17.860620498657227,24.193592071533203,18.43171501159668,24.087177276611328,17.451305389404297,23.839231491088867,17.09519386291504,23.543981552124023,17.819049835205078,23.39963150024414,16.85782241821289,23.033143997192383,18.0653133392334,21.929218292236328,18.840085983276367,17.762331008911133,20.172523498535156,16.196063995361328,18.49201011657715,13.75552749633789,17.646284103393555
000000000051,25.09239959716797,24.156230926513672,25.093704223632812,24.118227005004883,25.06825065612793,23.083803176879883,24.994823455810547,24.87278938293457,24.621522903442383,24.857933044433594,24.008377075195312,26.03706932067871,23.917774200439453,22.362478256225586,24.144756317138672,22.868255615234375,23.698017120361328,25.624671936035156,23.298952102661133,21.865449905395508,22.815025329589844,25.537952423095703
000000000052,43.36758804321289,20.041584014892578,43.36944580078125,21.01312828063965,43.358070373535156,20.974878311157227,43.307640075683594,21.825817108154297,43.24824142456055,21.63473892211914,49.240478515625,20.208263397216797,49.267791748046875,20.231727600097656,47.14231872558594,22.21352195739746,41.70234298706055,29.443225860595703,43.20536804199219,31.34748077392578,46.620933532714844,27.578067779541016
000000000053,23.263607025146484,22.06494140625,23.25360870361328,21.999130249023438,23.237457275390625,22.35276985168457,23.160945892333984,22.271684646606445,23.068187713623047,23.01193618774414,22.84842300415039,22.701730728149414,22.538715362548828,24.32589340209961,22.35219383239746,21.44194984436035,22.271711349487305,22.388202667236328,19.17145347595215,22.678062438964844,18.918231964111328,21.90833282470703
000000000054,21.056169509887695,19.097923278808594,21.04778480529785,19.53411102294922,21.070959091186523,19.607654571533203,21.070375442504883,18.250926971435547,20.893157958984375,17.35810661315918,20.796157836914062,19.294984817504883,20.019556045532227,21.426721572875977,19.396556854248047,19.485265731811523,18.063579559326172,19.541637420654297,16.512466430664062,23.29185676574707,14.357599258422852,18.56490135192871
000000000055,nan,24.834081649780273,nan,24.79945182800293,nan,25.267515182495117,nan,25.93352508544922,nan,27.71162986755371,nan,28.90196418762207,nan,29.774730682373047,nan,30.80124855041504,nan,29.385393142700195,nan,29.334402084350586,nan,28.50533676147461
000000000056,22.117055892944336,20.201480865478516,22.11774253845215,20.146991729736328,22.140766143798828,20.53075408935547,22.111011505126953,21.5527400970459,22.082866668701172,24.529863357543945,21.97678565979004,22.74075698852539,21.842082977294922,23.321685791015625,20.54958152770996,23.20159912109375,19.460132598876953,23.55872917175293,17.7085018157959,18.518936157226562,18.126441955566406,21.450769424438477
000000000057,nan,22.504520416259766,nan,22.659759521484375,nan,22.810237884521484,nan,22.96843910217285,nan,22.07784080505371,nan,21.98821258544922,nan,22.029481887817383,nan,22.41917610168457,nan,22.38972282409668,nan,19.794282913208008,nan,20.63202476501465
000000000058,23.319435119628906,18.31534194946289,23.325468063354492,18.172115325927734,23.291847229003906,17.592788696289062,23.253189086914062,17.236530303955078,23.195276260375977,17.42377471923828,23.11648941040039,18.936248779296875,22.316131591796875,18.760303497314453,21.506742477416992,14.489348411560059,19.380403518676758,17.458864212036133,17.164390563964844,16.031009674072266,14.564834594726562,18.649961471557617
000000000059,24.622468948364258,23.88872528076172,24.633344650268555,23.79377555847168,24.608104705810547,24.18285369873047,24.619430541992188,24.01812744140625,24.6258602142334,23.698556900024414,24.77151870727539,23.681293487548828,23.89792823791504,24.415306091308594,19.015291213989258,24.344532012939453,18.157270431518555,25.144433975219727,15.619062423706055,24.687421798706055,14.361868858337402,26.278579711914062
000000000060,32.43785858154297,22.198867797851562,32.462928771972656,22.178421020507812,32.47455978393555,22.443822860717773,32.479488372802734,23.049083709716797,32.42313766479492,23.467805862426758,32.37504196166992,23.203571319580078,32.30769348144531,22.781023025512695,31.400711059570312,23.570295333862305,29.53623390197754,24.315773010253906,25.20488929748535,25.868242263793945,27.57251739501953,22.044391632080078
000000000061,nan,23.256187438964844,nan,23.199138641357422,nan,23.065649032592773,nan,23.33038330078125,nan,23.464885711669922,nan,23.42432975769043,nan,23.567657470703125,nan,24.276960372924805,nan,25.010404586791992,nan,24.261341094970703,nan,25.444591522216797
000000000062,21.91728401184082,13.7727689743042,21.904077529907227,14.055286407470703,21.852195739746094,14.542686462402344,21.760236740112305,15.323856353759766,21.5723934173584,15.455605506896973,21.148601531982422,17.66136360168457,20.505578994750977,18.297561645507812,20.326702117919922,21.872631072998047,19.729700088500977,14.7506103515625,18.025815963745117,18.658891677856445,17.172239303588867,16.865358352661133
000000000063,30.47862434387207,22.43499183654785,30.469764709472656,22.983810424804688,30.463579177856445,21.61994171142578,30.399402618408203,21.472259521484375,30.266231536865234,20.78459930419922,30.07678985595703,21.213180541992188,29.340932846069336,21.801372528076172,27.678401947021484,21.520620346069336,26.212303161621094,20.90113067626953,24.807992935180664,21.416950225830078,23.83173942565918,20.927961349487305
000000000064,20.228721618652344,22.172466278076172,20.2332820892334,22.238704681396484,20.242324829101562,21.32147789001465,20.211336135864258,21.90059471130371,20.033967971801758,21.90701675415039,20.048391342163086,22.113319396972656,19.179197311401367,27.987258911132812,17.882192611694336,25.884157180786133,18.057954788208008,24.74728012084961,17.141780853271484,25.36199188232422,15.027368545532227,22.7515926361084
000000000065,24.479211807250977,18.81106185913086,24.479848861694336,18.782562255859375,24.492916107177734,19.781641006469727,24.45590591430664,18.163591384887695,24.24528694152832,19.637710571289062,24.005279541015625,19.340255737304688,23.96951675415039,18.93726921081543,23.298583984375,19.953685760498047,21.995681762695312,16.574848175048828,20.497222900390625,17.901283264160156,18.883136749267578,23.408689498901367
000000000066,nan,25.806299209594727,nan,26.23000717163086,nan,26.989925384521484,nan,26.814430236816406,nan,28.258848190307617,nan,29.848581314086914,nan,28.941661834716797,nan,30.575397491455078,nan,29.92203140258789,nan,33.94923400878906,nan,32.58143615722656
000000000067,24.397899627685547,18.34617805480957,24.406341552734375,19.1037540435791,24.399288177490234,19.22671127319336,24.287227630615234,18.432775497436523,24.36199378967285,15.699299812316895,24.31410026550293,17.59404945373535,23.084165573120117,16.105222702026367,22.91239356994629,20.092695236206055,22.476478576660156,18.454509735107422,21.17226791381836,17.567964553833008,19.576303482055664,15.911754608154297
000000000068,28.01695442199707,20.912229537963867,27.99854850769043,21.465282440185547,27.948488235473633,21.494808197021484,27.83194923400879,21.301605224609375,27.55565071105957,19.587535858154297,27.344146728515625,21.215898513793945,26.850784301757812,21.433635711669922,26.932937622070312,19.927581787109375,25.142601013183594,22.869277954101562,21.17566680908203,20.513731002807617,20.314838409423828,23.475051879882812
000000000069,34.41712951660156,14.62446403503418,34.309661865234375,14.894254684448242,33.895015716552734,15.433398246765137,32.85308074951172,17.68458366394043,32.390438079833984,17.64307403564453,31.965471267700195,22.38861083984375,33.188072204589844,23.7952880859375,31.464963912963867,27.476192474365234,30.431194305419922,24.295230865478516,31.354740142822266,26.367103576660156,30.719423294067383,26.61917495727539
000000000070,nan,25.62615966796875,nan,25.620174407958984,nan,25.214147567749023,nan,25.41944122314453,nan,25.481870651245117,nan,25.740617752075195,nan,26.348899841308594,nan,26.0889835357666,nan,25.00271224975586,nan,25.050485610961914,nan,26.026010513305664
000000000071,41.90770721435547,24.988069534301758,41.90961837768555,25.357999801635742,41.915283203125,25.072574615478516,41.89119338989258,24.677879333496094,41.89340591430664,25.031965255737305,41.91438674926758,23.855501174926758,41.709354400634766,24.456912994384766,40.858848571777344,24.178958892822266,33.25826644897461,26.245176315307617,29.24036407470703,27.639850616455078,16.213272094726562,24.650421142578125
000000000072,35.15780258178711,19.516260147094727,35.1467170715332,19.458040237426758,35.120601654052734,19.7180233001709,35.153968811035156,20.415111541748047,34.787322998046875,22.139211654663086,34.108062744140625,22.244293212890625,32.984092712402344,25.48818016052246,27.558259963989258,26.965269088745117,31.190032958984375,20.84771156311035,25.71290397644043,24.402713775634766,19.72796058654785,22.358217239379883
000000000073,32.7713623046875,23.527177810668945,32.76446533203125,23.471099853515625,32.787384033203125,23.875165939331055,32.785552978515625,24.328264236450195,32.8308219909668,24.686124801635742,32.7686767578125,24.387968063354492,32.74834060668945,24.61722183227539,32.452850341796875,24.59687042236328,30.74423599243164,24.136560440063477,30.219175338745117,24.657329559326172,28.481355667114258,24.455612182617188
000000000074,28.329225540161133,21.6190185546875,28.327978134155273,21.879833221435547,28.270069122314453,22.374784469604492,28.092260360717773,22.28952407836914,28.171497344970703,23.051532745361328,27.973360061645508,22.909690856933594,27.713350296020508,23.15723419189453,27.303518295288086,23.137632369995117,26.474475860595703,24.430438995361328,26.076013565063477,23.260498046875,25.279802322387695,24.159252166748047
000000000075,30.873106002807617,18.17244529724121,30.84608268737793,18.3016300201416,30.840864181518555,18.52735710144043,30.701223373413086,19.050777435302734,30.56361961364746,18.73503303527832,30.371240615844727,17.691186904907227,28.320438385009766,17.095487594604492,27.042978286743164,19.349435806274414,24.15827178955078,19.26191520690918,22.60555076599121,21.403413772583008,24.214689254760742,20.307636260986328
000000000076,23.221012115478516,18.931907653808594,23.226566314697266,19.118181228637695,23.225513458251953,19.094627380371094,23.187166213989258,19.483083724975586,22.940109252929688,19.73784828186035,22.804649353027344,19.10628890991211,22.04643440246582,20.201168060302734,20.56712532043457,20.653844833374023,19.506132125854492,20.405784606933594,18.182371139526367,20.6933536529541,16.50564193725586,20.272258758544922
000000000077,20.467655181884766,17.797529220581055,20.466556549072266,17.992136001586914,20.481372833251953,18.338218688964844,20.423364639282227,16.905691146850586,20.30962371826172,18.39104461669922,20.298568725585938,18.82678985595703,20.138479232788086,18.31008529663086,19.81691551208496,19.65020179748535,19.066438674926758,22.75959014892578,16.661911010742188,22.830171585083008,16.251100540161133,20.975561141967773
000000000078,29.530963897705078,14.542828559875488,29.538516998291016,14.211023330688477,29.519092559814453,14.626516342163086,29.499351501464844,14.826363563537598,29.39911651611328,14.626396179199219,29.212678909301758,14.864425659179688,28.758506774902344,16.135034561157227,27.9532470703125,18.731294631958008,27.592071533203125,22.313356399536133,25.84689712524414,22.325483322143555,23.744041442871094,24.10220718383789
000000000079,nan,21.589431762695312,nan,21.47110939025879,nan,21.34840202331543,nan,21.340932846069336,nan,22.51522445678711,nan,23.154516220092773,nan,21.74921989440918,nan,23.5452938079834,nan,23.373899459838867,nan,23.60886573791504,nan,22.60686683654785
000000000080,35.325904846191406,22.720455169677734,35.30414581298828,22.806644439697266,35.25632095336914,22.66487693786621,35.23130416870117,22.961042404174805,35.0048713684082,23.72703742980957,34.81351089477539,22.50767707824707,32.861541748046875,26.465070724487305,31.5248966217041,28.492141723632812,28.605451583862305,29.123294830322266,23.61055564880371,32.242496490478516,23.223468780517578,32.037498474121094
000000000081,22.248090744018555,18.47955322265625,22.250776290893555,19.21904945373535,22.244264602661133,18.865251541137695,22.190738677978516,20.66108512878418,22.162384033203125,21.94178009033203,22.0421199798584,19.141510009765625,21.855257034301758,20.877103805541992,20.043901443481445,18.824365615844727,19.34341049194336,19.38863754272461,18.682348251342773,18.718414306640625,17.85805892944336,14.99177360534668
000000000082,23.436260223388672,18.21975326538086,23.43802833557129,17.352724075317383,23.44842529296875,16.573156356811523,23.486440658569336,19.750425338745117,23.519554138183594,19.420543670654297,23.53607749938965,21.529075622558594,23.272287368774414,20.399391174316406,22.167985916137695,19.349878311157227,21.779600143432617,19.5622501373291,19.727375030517578,20.991426467895508,16.527080535888672,16.611412048339844
000000000083,28.888103485107422,19.258459091186523,28.91716766357422,19.129648208618164,28.9862003326416,19.27993392944336,28.9620361328125,18.133607864379883,28.871862411499023,19.54044532775879,28.40985107421875,20.553165435791016,28.59798812866211,19.413869857788086,28.111886978149414,20.32448959350586,26.140657424926758,20.845844268798828,22.893186569213867,17.850112915039062,15.562036514282227,19.085512161254883
000000000084,27.88294792175293,20.147659301757812,27.8878116607666,20.04952049255371,27.836105346679688,19.770994186401367,27.753807067871094,22.6201114654541,27.77907371520996,23.49616813659668,27.295928955078125,24.40763282775879,27.398181915283203,25.892358779907227,24.774757385253906,28.81041717529297,22.09315299987793,29.563152313232422,20.15888786315918,30.798583984375,18.267732620239258,29.006999969482422
000000000085,35.182926177978516,25.51358985900879,35.19160461425781,25.525218963623047,35.17552947998047,25.324443817138672,35.13697052001953,25.5653076171875,35.05247497558594,25.787105560302734,35.021793365478516,25.398963928222656,34.97737121582031,25.557661056518555,35.5973014831543,25.28021240234375,31.306194305419922,24.857940673828125,27.80746841430664,23.499195098876953,31.92900848388672,22.94570541381836
000000000086,29.952882766723633,20.22554588317871,30.00171661376953,20.13486099243164,30.045440673828125,20.10202980041504,30.085853576660156,20.248233795166016,30.21330451965332,20.09157943725586,29.915252685546875,19.944345474243164,29.031084060668945,20.474538803100586,26.042903900146484,20.765796661376953,25.23764991760254,20.224220275878906,24.163646697998047,21.133359909057617,22.033607482910156,21.609914779663086
000000000087,23.22669219970703,16.38363265991211,23.223379135131836,16.488433837890625,23.201284408569336,16.479564666748047,23.01346206665039,16.482778549194336,22.763721466064453,16.673429489135742,22.074848175048828,17.12755584716797,21.410192489624023,16.647357940673828,21.830242156982422,17.270814895629883,20.511503219604492,16.786151885986328,19.422868728637695,16.31327247619629,19.72658348083496,17.67221450805664
000000000088,19.092241287231445,15.42327880859375,19.092763900756836,16.066051483154297,19.097238540649414,16.036340713500977,19.08620834350586,16.107410430908203,18.87900733947754,15.277576446533203,19.02728271484375,14.780158042907715,18.933900833129883,16.819631576538086,18.492204666137695,15.360969543457031,18.167476654052734,15.342452049255371,16.263586044311523,15.458427429199219,17.138254165649414,16.042922973632812
000000000089,26.289859771728516,18.472923278808594,26.287338256835938,18.76767349243164,26.273908615112305,18.948392868041992,26.237028121948242,19.00901222229004,26.192913055419922,18.998289108276367,26.257722854614258,18.572397232055664,26.30030059814453,18.682693481445312,26.31852912902832,18.991931915283203,25.657567977905273,17.116174697875977,23.925268173217773,17.35126304626465,20.31585121154785,18.335298538208008
000000000090,50.582969665527344,29.53299331665039,50.58413314819336,29.108396530151367,50.595340728759766,29.967689514160156,50.37810134887695,28.1827449798584,50.065460205078125,26.93752670288086,50.006874084472656,28.07437515258789,46.94489669799805,25.217988967895508,37.55306625366211,23.89093780517578,35.34230422973633,25.20705223083496,23.254566192626953,23.85057258605957,22.96102523803711,25.680143356323242
000000000091,17.834436416625977,20.518781661987305,17.828643798828125,19.818227767944336,17.737873077392578,20.849878311157227,17.665056228637695,21.360549926757812,17.223684310913086,18.38318634033203,16.277650833129883,20.63257598876953,16.306215286254883,15.604439735412598,15.540148735046387,20.17302131652832,14.702230453491211,23.150840759277344,14.329358100891113,16.185033798217773,14.077844619750977,14.690308570861816
000000000092,20.538667678833008,16.96428871154785,20.54339599609375,16.908809661865234,20.554019927978516,17.32094383239746,20.479379653930664,17.300626754760742,20.50780487060547,17.4838809967041,19.106996536254883,20.297813415527344,18.406156539916992,21.72952651977539,18.13519859313965,21.144237518310547,18.746267318725586,20.143041610717773,17.336183547973633,22.09245491027832,17.988784790039062,21.462907791137695
000000000093,33.498016357421875,10.383868217468262,33.48307418823242,9.709662437438965,33.135284423828125,10.30229663848877,32.65674591064453,14.533912658691406,31.518436431884766,18.369970321655273,30.481098175048828,20.066282272338867,30.264184951782227,22.42976188659668,28.72799301147461,21.026588439941406,27.883636474609375,21.894567489624023,24.334144592285156,20.658340454101562,20.690204620361328,24.22408676147461
000000000094,23.677303314208984,12.970649719238281,23.67781639099121,12.68899154663086,23.685651779174805,12.807652473449707,23.690866470336914,12.89177131652832,23.654953002929688,12.983997344970703,23.627077102661133,13.057233810424805,23.52816390991211,12.806036949157715,22.42046546936035,13.605713844299316,21.01603889465332,13.860275268554688,17.16151237487793,15.344694137573242,16.682296752929688,21.540346145629883
000000000095,21.883617401123047,19.899484634399414,21.887319564819336,19.84743309020996,21.878549575805664,19.463687896728516,21.78652000427246,19.56821632385254,21.409547805786133,19.401954650878906,21.251493453979492,19.866857528686523,20.46692657470703,15.994308471679688,19.56317901611328,17.870929718017578,17.930583953857422,20.083845138549805,17.536500930786133,18.21104621887207,16.57099151611328,20.279098510742188
000000000096,nan,21.037883758544922,nan,21.18842887878418,nan,21.22900390625,nan,21.01685333251953,nan,21.15347671508789,nan,21.46747398376465,nan,21.398767471313477,nan,21.54319953918457,nan,23.101272583007812,nan,27.470869064331055,nan,25.88580894470215
000000000097,20.670942306518555,22.237882614135742,20.67680549621582,21.72168731689453,20.675554275512695,21.939939498901367,20.689998626708984,22.544742584228516,20.637218475341797,22.043224334716797,20.51535987854004,23.040287017822266,20.45038414001465,21.92607307434082,20.293685913085938,22.5561580657959,19.89740562438965,23.906326293945312,19.151691436767578,23.704023361206055,19.00747299194336,24.792251586914062
000000000098,36.393672943115234,21.557518005371094,36.221317291259766,21.810909271240234,36.058082580566406,21.895301818847656,35.79045104980469,21.4249267578125,36.672855377197266,21.928197860717773,36.543724060058594,21.592119216918945,36.50701141357422,20.74331283569336,34.809696197509766,21.170028686523438,32.090232849121094,20.73002052307129,30.750478744506836,22.328960418701172,24.550004959106445,26.520023345947266
000000000099,23.00037384033203,12.285375595092773,23.007183074951172,12.646870613098145,22.944591522216797,12.342741012573242,22.72011375427246,17.410709381103516,21.752826690673828,18.076068878173828,19.888347625732422,14.864984512329102,18.926870346069336,16.710596084594727,16.882699966430664,15.341338157653809,15.81846809387207,14.893235206604004,15.64004898071289,14.340654373168945,14.980735778808594,15.111331939697266
000000000100,36.245296478271484,30.216222763061523,36.22922897338867,30.652206420898438,36.256561279296875,29.990577697753906,36.154022216796875,29.084348678588867,35.92933654785156,29.93528175354004,35.866920471191406,27.152992248535156,35.1759147644043,27.863922119140625,35.35235595703125,28.589805603027344,33.49174118041992,29.187122344970703,28.82569122314453,28.768857955932617,25.24531364440918,29.110612869262695
000000000101,28.031734466552734,17.754405975341797,28.052833557128906,17.88286781311035,28.080528259277344,18.547006607055664,27.818805694580078,20.090980529785156,27.121728897094727,19.787553787231445,25.647809982299805,20.802263259887695,23.300687789916992,21.82778549194336,22.36490249633789,21.329736709594727,21.860395431518555,21.319278717041016,22.567411422729492,21.767318725585938,20.555845260620117,21.00131607055664
000000000102,29.0357608795166,22.794675827026367,28.985260009765625,22.946365356445312,28.9028377532959,23.256746292114258,28.78421974182129,23.111143112182617,28.55500030517578,26.1387882232666,27.843591690063477,25.50034523010254,27.456947326660156,23.17844581604004,26.836753845214844,25.28553009033203,22.5013370513916,23.90361213684082,21.30450439453125,24.9858341217041,21.914058685302734,23.27993392944336
000000000103,nan,23.413169860839844,nan,23.970613479614258,nan,25.454599380493164,nan,25.257009506225586,nan,25.726205825805664,nan,27.060598373413086,nan,26.75308609008789,nan,25.851694107055664,nan,24.282411575317383,nan,26.238998413085938,nan,29.393640518188477
000000000104,23.43455696105957,19.47601318359375,23.427595138549805,18.99462127685547,23.3564395904541,18.89708709716797,22.949451446533203,19.334016799926758,21.776567459106445,19.502464294433594,21.190616607666016,19.854232788085938,20.492656707763672,20.77741241455078,18.258060455322266,22.942707061767578,17.596445083618164,19.173891067504883,18.019926071166992,17.989761352539062,16.27329444885254,21.65420150756836
000000000105,16.327604293823242,21.311893463134766,16.325244903564453,21.439788818359375,16.3182315826416,21.824813842773438,16.29938316345215,21.967302322387695,16.277978897094727,21.957582473754883,16.300926208496094,21.62870216369629,16.230501174926758,21.820459365844727,16.113048553466797,22.620962142944336,15.753074645996094,23.331993103027344,14.17780590057373,22.55278205871582,13.482327461242676,22.314420700073242
000000000106,24.297592163085938,22.820999145507812,24.3015193939209,22.69338607788086,24.278461456298828,22.71487808227539,24.182964324951172,23.08904457092285,23.935670852661133,23.097177505493164,23.669994354248047,23.685260772705078,23.247068405151367,23.408662796020508,21.89958381652832,23.704593658447266,20.308727264404297,25.324708938598633,19.928579330444336,21.36424446105957,19.67196273803711,23.00165367126465
000000000107,17.835569381713867,23.78122901916504,17.831790924072266,23.597076416015625,17.84073829650879,23.454917907714844,17.8002986907959,23.112756729125977,17.786100387573242,23.917999267578125,17.820775985717773,23.505216598510742,17.63483428955078,23.115432739257812,17.561994552612305,22.699970245361328,17.239038467407227,23.39288330078125,15.90842056274414,22.884071350097656,16.24318504333496,22.86692237854004
000000000108,nan,13.496377944946289,nan,13.175352096557617,nan,13.695642471313477,nan,13.613493919372559,nan,20.04731559753418,nan,18.397781372070312,nan,25.17208480834961,nan,27.918991088867188,nan,19.91192626953125,nan,31.787771224975586,nan,26.942068099975586
000000000109,17.13590431213379,18.852989196777344,17.129697799682617,19.028987884521484,17.11699676513672,19.157699584960938,16.98746109008789,21.31239128112793,16.800556182861328,19.938879013061523,16.554410934448242,19.169530868530273,16.484914779663086,19.357437133789062,16.346887588500977,21.789501190185547,15.696386337280273,22.17934226989746,15.849109649658203,22.45197868347168,13.561251640319824,18.161911010742188
000000000110,26.998746871948242,11.372804641723633,27.005346298217773,11.618230819702148,27.01011848449707,11.310622215270996,27.001136779785156,11.528473854064941,27.004701614379883,12.517884254455566,26.991966247558594,15.42038631439209,26.576080322265625,21.31689453125,23.009323120117188,22.42854881286621,21.35395050048828,23.195323944091797,20.581846237182617,22.766361236572266,18.521556854248047,26.20794677734375
000000000111,31.106630325317383,16.412254333496094,31.123897552490234,16.469839096069336,31.09070587158203,16.45921516418457,30.795690536499023,16.254785537719727,30.33856964111328,16.357471466064453,29.433507919311523,17.079904556274414,26.551889419555664,22.432443618774414,26.427141189575195,20.745866775512695,25.070560455322266,19.408618927001953,23.266775131225586,20.74692726135254,22.72955322265625,20.478349685668945
000000000112,17.8331241607666,26.953369140625,17.834447860717773,26.744770050048828,17.812755584716797,26.243436813354492,17.78130340576172,25.98060417175293,17.816980361938477,26.549598693847656,17.707618713378906,24.96551513671875,17.403156280517578,26.619577407836914,16.989622116088867,28.018627166748047,14.062199592590332,23.686981201171875,13.430485725402832,21.052593231201172,12.953625679016113,19.519489288330078
000000000113,21.129858016967773,20.591379165649414,21.108938217163086,21.457448959350586,21.08845329284668,24.010406494140625,20.98935890197754,24.449142456054688,20.84255599975586,27.09178352355957,20.708572387695312,26.129940032958984,20.284542083740234,27.767839431762695,20.101118087768555,25.832622528076172,19.297595977783203,19.840608596801758,19.474300384521484,23.544048309326172,19.569002151489258,23.476482391357422
000000000114,nan,12.03809642791748,nan,12.707783699035645,nan,12.228753089904785,nan,13.15648078918457,nan,13.494539260864258,nan,13.644003868103027,nan,15.52701473236084,nan,15.524734497070312,nan,10.44533634185791,nan,13.082209587097168,nan,18.188016891479492
000000000115,30.44405174255371,23.40612030029297,30.418529510498047,23.613054275512695,30.401145935058594,23.89015007019043,29.93058967590332,24.365394592285156,29.125106811523438,23.38451385498047,26.44607162475586,23.411161422729492,25.094362258911133,23.8814697265625,24.694658279418945,25.486204147338867,24.273263931274414,24.804868698120117,20.69366455078125,24.19879150390625,18.080522537231445,22.24723243713379
000000000116,21.279203414916992,13.373242378234863,21.27577781677246,13.499347686767578,21.268545150756836,13.44765853881836,21.224882125854492,13.3396577835083,20.989376068115234,12.394752502441406,20.533981323242188,20.78949737548828,20.083232879638672,20.78986930847168,18.542312622070312,26.467483520507812,15.658557891845703,25.438806533813477,14.484676361083984,24.5873966217041,15.746123313903809,22.352447509765625
000000000117,27.45415687561035,15.745893478393555,27.470979690551758,15.737361907958984,27.486085891723633,15.767452239990234,27.479623794555664,15.802616119384766,27.54244613647461,16.132295608520508,27.56011390686035,16.199506759643555,27.178430557250977,16.323318481445312,26.556011199951172,16.74399757385254,24.97169303894043,20.139034271240234,21.148069381713867,21.591278076171875,16.231643676757812,26.22625160217285
000000000118,32.020137786865234,24.176593780517578,32.01762008666992,24.069091796875,32.0361213684082,24.537212371826172,32.00792694091797,24.59029769897461,31.990612030029297,25.4923038482666,31.92988395690918,26.129615783691406,31.634475708007812,25.803482055664062,30.860139846801758,25.821155548095703,30.34618377685547,25.422685623168945,31.088586807250977,24.84123420715332,30.850082397460938,26.073192596435547
000000000119,26.09925079345703,23.719348907470703,26.08857536315918,24.686439514160156,26.066600799560547,25.20323371887207,25.929975509643555,25.14564323425293,25.81773567199707,25.534486770629883,25.46441650390625,26.899436950683594,23.837068557739258,26.201379776000977,20.44335174560547,24.545944213867188,20.033628463745117,27.424806594848633,21.286773681640625,28.053083419799805,20.308584213256836,30.37645721435547
000000000120,27.918821334838867,19.548078536987305,27.8901424407959,19.796422958374023,27.833608627319336,20.073076248168945,27.619491577148438,21.2275333404541,27.602380752563477,24.935657501220703,27.31377410888672,26.629396438598633,26.89454460144043,26.853281021118164,26.485065460205078,27.213865280151367,24.691261291503906,26.911623001098633,22.156356811523438,26.48223114013672,14.473993301391602,24.908092498779297
000000000121,nan,24.782730102539062,nan,24.777090072631836,nan,25.331247329711914,nan,25.144689559936523,nan,24.804128646850586,nan,26.100557327270508,nan,26.976987838745117,nan,25.629100799560547,nan,25.738733291625977,nan,27.153730392456055,nan,26.03602409362793
000000000122,23.680463790893555,17.314674377441406,23.664508819580078,17.32233238220215,23.619352340698242,17.680456161499023,23.424734115600586,18.06592559814453,22.85152244567871,18.780866622924805,22.3995304107666,19.382884979248047,21.50067901611328,19.421831130981445,18.57896614074707,20.23443031311035,15.480975151062012,20.129032135009766,12.527328491210938,20.71336555480957,11.559069633483887,19.8330135345459
000000000123,33.24500274658203,20.820873260498047,33.239200592041016,20.7858829498291,33.1468620300293,20.87434196472168,32.120452880859375,21.24798011779785,32.10699462890625,21.66326141357422,31.421375274658203,22.103342056274414,30.839731216430664,21.747217178344727,29.217737197875977,21.763477325439453,26.29820442199707,21.968170166015625,20.634729385375977,20.058805465698242,21.561256408691406,24.580120086669922
000000000124,27.442066192626953,21.01955795288086,27.436294555664062,20.31730079650879,27.42404556274414,20.186819076538086,27.3045711517334,21.282560348510742,27.173404693603516,19.747671127319336,26.962095260620117,19.812746047973633,26.365636825561523,21.233427047729492,25.466949462890625,19.91929054260254,23.872892379760742,19.087690353393555,22.807695388793945,18.944961547851562,20.79043960571289,20.598447799682617
000000000125,32.07820129394531,14.365545272827148,32.08058166503906,14.863591194152832,32.09703826904297,14.016807556152344,32.060340881347656,13.661262512207031,32.069862365722656,14.293726921081543,32.09381103515625,14.012661933898926,32.053653717041016,15.859940528869629,31.940521240234375,15.51315975189209,32.04899215698242,16.300827026367188,24.228302001953125,18.731197357177734,22.443513870239258,26.90648651123047
000000000126,nan,17.963804244995117,nan,18.235933303833008,nan,18.419998168945312,nan,18.31414794921875,nan,18.91183853149414,nan,27.880767822265625,nan,28.524255752563477,nan,30.46463394165039,nan,29.591856002807617,nan,28.766376495361328,nan,29.6884708404541
000000000127,25.46599769592285,15.851009368896484,25.462522506713867,15.689754486083984,25.452594757080078,16.088098526000977,25.438629150390625,16.806079864501953,25.309917449951172,17.395967483520508,24.481884002685547,19.482990264892578,23.699724197387695,19.955068588256836,20.803462982177734,20.663393020629883,18.650880813598633,20.890287399291992,16.370811462402344,23.482803344726562,15.767926216125488,23.095439910888672
000000000128,nan,30.05940055847168,nan,29.787883758544922,nan,29.91114044189453,nan,29.7790470123291,nan,30.580392837524414,nan,30.270429611206055,nan,29.113048553466797,nan,31.23849105834961,nan,31.036046981811523,nan,31.359180450439453,nan,30.651641845703125
000000000129,21.284183502197266,26.190933227539062,21.29470443725586,27.06173324584961,21.313003540039062,27.68720054626465,21.226585388183594,28.291362762451172,20.84087562561035,28.374109268188477,20.26101303100586,28.817760467529297,19.72698974609375,28.54451560974121,18.788759231567383,24.022336959838867,16.08418083190918,21.411758422851562,17.44923973083496,22.748451232910156,15.308501243591309,23.508621215820312
000000000130,25.94921875,22.178627014160156,25.95635223388672,21.977632522583008,25.970739364624023,21.91404914855957,25.814842224121094,21.433025360107422,25.744096755981445,20.566904067993164,25.756317138671875,20.636369705200195,25.31760597229004,22.51539421081543,24.85650062561035,22.62157440185547,23.217424392700195,21.932153701782227,22.204425811767578,20.885955810546875,19.406307220458984,21.9085693359375
000000000131,19.183517456054688,27.868621826171875,19.179725646972656,27.50743293762207,19.174379348754883,27.802249908447266,19.173879623413086,27.470991134643555,19.147953033447266,27.1787166595459,19.093931198120117,27.58006477355957,19.083465576171875,27.493820190429688,19.002710342407227,26.91552734375,19.034570693969727,27.229135513305664,18.880359649658203,27.390098571777344,18.791772842407227,27.678329467773438
000000000132,24.73249626159668,20.677684783935547,24.729698181152344,20.266550064086914,24.711307525634766,19.676576614379883,24.59197998046875,21.20888900756836,24.64849090576172,20.74759864807129,24.44972038269043,20.940261840820312,24.077037811279297,19.666263580322266,22.644956588745117,22.385446548461914,20.717498779296875,17.31715202331543,20.06468963623047,16.568302154541016,20.135713577270508,21.60930824279785
000000000133,25.21207618713379,10.402596473693848,25.20328140258789,10.329572677612305,25.177875518798828,10.595037460327148,25.141511917114258,9.658743858337402,25.03457260131836,10.201045989990234,24.803083419799805,10.048768043518066,24.180967330932617,8.951669692993164,23.129138946533203,8.624564170837402,21.488262176513672,11.037388801574707,20.4216251373291,13.673043251037598,19.134540557861328,16.222248077392578
000000000134,37.034969329833984,22.16555404663086,37.0854377746582,22.05562973022461,37.210914611816406,22.540958404541016,37.32862091064453,22.60963249206543,37.3043212890625,23.341447830200195,37.591163635253906,23.346637725830078,37.601287841796875,23.423973083496094,34.12678909301758,24.772489547729492,36.00832748413086,25.123119354248047,36.07700729370117,25.47641372680664,32.97764587402344,22.703649520874023
000000000135,25.371463775634766,18.49976348876953,25.385658264160156,19.424652099609375,25.258255004882812,19.605449676513672,25.047191619873047,20.964263916015625,23.56779670715332,24.49069595336914,22.339900970458984,25.53479766845703,20.39061737060547,26.17034339904785,19.81025505065918,22.1253662109375,17.748952865600586,23.850688934326172,14.837423324584961,17.486370086669922,13.410786628723145,19.182910919189453
000000000136,27.061002731323242,18.773347854614258,27.073253631591797,18.919174194335938,27.092744827270508,19.066038131713867,27.07680892944336,19.50623321533203,27.060319900512695,19.991899490356445,26.82324981689453,20.01463508605957,26.422224044799805,19.929664611816406,23.874435424804688,21.29766082763672,20.888254165649414,21.568927764892578,19.00637435913086,23.714008331298828,16.926485061645508,18.31718635559082
000000000137,nan,24.170940399169922,nan,24.54311752319336,nan,24.797651290893555,nan,24.61936378479004,nan,25.015180587768555,nan,24.496891021728516,nan,25.9974365234375,nan,27.833820343017578,nan,26.380264282226562,nan,32.375431060791016,nan,30.999422073364258
000000000138,21.652868270874023,21.340850830078125,21.6453800201416,21.299785614013672,21.62859344482422,20.989242553710938,21.584524154663086,21.235824584960938,21.36951446533203,21.277036666870117,21.18744659423828,21.369001388549805,21.22848892211914,21.261293411254883,20.466777801513672,21.11611557006836,18.466659545898438,21.181869506835938,18.667707443237305,21.724056243896484,17.793739318847656,21.264535903930664
000000000139,16.86334228515625,13.362682342529297,16.863906860351562,12.733734130859375,16.851139068603516,13.165847778320312,16.805660247802734,13.979281425476074,16.751502990722656,14.619694709777832,16.669889450073242,14.559647560119629,16.32549476623535,14.815934181213379,16.095890045166016,13.234482765197754,15.217695236206055,16.27689552307129,14.842264175415039,13.194963455200195,15.051223754882812,13.393548011779785
111000000000,22.952611923217773,14.321615219116211,22.95230484008789,14.435863494873047,22.80381965637207,14.450967788696289,22.115516662597656,14.648496627807617,21.23442268371582,15.03573226928711,20.127208709716797,15.482889175415039,20.38466453552246,15.63543701171875,19.328702926635742,20.42609977722168,17.987571716308594,21.09718894958496,19.28012466430664,17.39542579650879,19.427106857299805,14.286918640136719
111000000001,31.011024475097656,17.533626556396484,31.006196975708008,17.286209106445312,30.9605655670166,17.412761688232422,30.42317008972168,18.28701400756836,29.391183853149414,18.879730224609375,29.14887809753418,20.743072509765625,28.78316879272461,21.90160369873047,27.139427185058594,20.99518394470215,24.4251708984375,20.71014404296875,21.282670974731445,22.947677612304688,19.929004669189453,24.97024917602539
111000000002,38.22734069824219,14.694727897644043,38.19130325317383,15.09895133972168,38.08799362182617,14.999731063842773,37.2890625,15.728200912475586,34.84925079345703,16.223005294799805,31.272315979003906,17.632383346557617,27.548616409301758,20.420747756958008,23.827638626098633,23.680530548095703,20.059545516967773,14.093986511230469,18.881620407104492,19.637144088745117,18.942758560180664,14.338506698608398
111000000003,27.968830108642578,23.117368698120117,27.969331741333008,23.453716278076172,27.95307159423828,23.991092681884766,27.854307174682617,25.022109985351562,27.717540740966797,25.30154800415039,27.225040435791016,24.25253677368164,25.814916610717773,24.1151123046875,19.9171142578125,23.187042236328125,19.382827758789062,24.534963607788086,18.29090690612793,27.25448226928711,16.753406524658203,23.999488830566406
111000000004,22.022878646850586,14.012185096740723,22.035221099853516,14.00943374633789,22.034486770629883,14.06738567352295,22.041799545288086,14.108580589294434,21.988243103027344,14.096051216125488,21.913150787353516,14.176289558410645,21.832944869995117,13.757881164550781,21.25067901611328,15.00550651550293,19.689332962036133,15.655082702636719,18.48813247680664,18.030101776123047,16.60085105895996,15.584959030151367
111000000005,21.932472229003906,10.968732833862305,21.927358627319336,10.74498462677002,21.939342498779297,11.387697219848633,21.647802352905273,13.716279983520508,21.145376205444336,21.194847106933594,20.636146545410156,20.563232421875,20.245227813720703,16.230804443359375,20.30868148803711,14.708402633666992,19.4338321685791,13.992156028747559,17.66962432861328,12.125411987304688,15.612271308898926,12.270089149475098
111000000006,29.033742904663086,21.803852081298828,28.952836990356445,23.355796813964844,28.885223388671875,23.084321975708008,28.811294555664062,22.035362243652344,28.253459930419922,20.615947723388672,28.39388656616211,20.588102340698242,28.466434478759766,20.47962188720703,26.722270965576172,20.969486236572266,25.382648468017578,19.290504455566406,24.07927703857422,23.980064392089844,21.476350784301758,20.795207977294922
111000000007,27.967500686645508,12.82606315612793,27.98021697998047,12.928898811340332,27.990489959716797,12.229021072387695,27.92531394958496,12.554691314697266,27.790485382080078,13.216236114501953,26.915613174438477,16.422584533691406,26.428443908691406,16.06951332092285,24.743301391601562,19.49173355102539,23.118202209472656,13.401445388793945,20.539995193481445,18.457225799560547,19.692424774169922,26.873186111450195
111000000008,38.473270416259766,20.014188766479492,38.438568115234375,20.343860626220703,38.46645736694336,20.600250244140625,38.43323516845703,23.17033576965332,38.430870056152344,25.630468368530273,38.876739501953125,25.546785354614258,38.225650787353516,25.446678161621094,36.87071228027344,26.496458053588867,32.76847457885742,28.169626235961914,26.25217628479004,31.21756935119629,21.615337371826172,29.725343704223633
111000000009,24.975643157958984,16.67723846435547,24.97426414489746,16.739822387695312,25.023359298706055,16.763689041137695,24.878751754760742,16.953243255615234,24.333179473876953,17.324737548828125,22.379426956176758,18.577478408813477,19.999664306640625,18.304304122924805,18.8261661529541,17.15816879272461,16.711496353149414,23.464183807373047,15.696257591247559,24.6413516998291,14.312926292419434,23.548856735229492
112000000000,23.633991241455078,24.759334564208984,23.638341903686523,24.847488403320312,23.599788665771484,24.212106704711914,23.53596305847168,24.345081329345703,23.489112854003906,24.230581283569336,23.386865615844727,24.450109481811523,23.30440330505371,24.865896224975586,23.03519058227539,25.763113021850586,22.90416145324707,25.4572696685791,22.136812210083008,26.044607162475586,22.385713577270508,26.278451919555664
112000000001,20.532575607299805,15.26688003540039,20.534700393676758,16.106382369995117,20.470224380493164,17.065082550048828,20.263139724731445,18.192720413208008,19.974977493286133,19.274158477783203,19.13266944885254,17.344900131225586,18.24858856201172,16.704065322875977,15.878793716430664,16.47767448425293,14.724348068237305,14.36037540435791,14.32944393157959,14.838101387023926,14.081573486328125,17.19208335876465
112000000002,22.41019058227539,12.983550071716309,22.404935836791992,13.524434089660645,22.39180564880371,12.739232063293457,22.378971099853516,12.967693328857422,22.28328514099121,10.765419006347656,22.14930534362793,12.574480056762695,21.34280776977539,12.69091510772705,21.465791702270508,16.71536636352539,20.93397331237793,16.9565372467041,17.98039436340332,14.016047477722168,15.332503318786621,15.168383598327637
112000000003,21.72677993774414,17.423444747924805,21.72115135192871,18.59214973449707,21.709096908569336,19.68777084350586,21.54828643798828,19.849468231201172,21.317649841308594,22.166486740112305,20.891559600830078,15.897567749023438,20.450958251953125,17.716716766357422,20.394771575927734,16.834592819213867,17.22159194946289,16.42683219909668,15.05093002319336,18.312114715576172,17.19520378112793,20.70561408996582
112000000004,22.283615112304688,12.313675880432129,22.301244735717773,12.174336433410645,22.294614791870117,12.949973106384277,22.23371124267578,12.101009368896484,22.016559600830078,17.080951690673828,20.75725746154785,16.533100128173828,19.320528030395508,17.72019386291504,17.218509674072266,15.25285530090332,16.11467170715332,18.818052291870117,15.151683807373047,17.526674270629883,13.768617630004883,12.087292671203613
112000000005,18.532941818237305,16.218671798706055,18.557363510131836,15.530305862426758,18.625011444091797,16.64089584350586,18.484373092651367,16.569202423095703,18.241575241088867,17.109378814697266,17.586441040039062,16.74889373779297,16.98171043395996,18.146329879760742,16.280317306518555,23.075572967529297,15.81807804107666,20.095340728759766,16.062103271484375,14.336787223815918,14.276931762695312,17.190813064575195
112000000006,22.59339714050293,23.95073127746582,22.592618942260742,24.127817153930664,22.59644889831543,23.89712142944336,22.513525009155273,23.86717414855957,22.593366622924805,23.939077377319336,22.41606330871582,23.97429656982422,22.423463821411133,25.68599510192871,21.39698600769043,26.308536529541016,19.931514739990234,28.25343894958496,16.059539794921875,28.480350494384766,15.972278594970703,27.055660247802734
112000000007,20.094745635986328,23.30031394958496,20.096254348754883,23.255950927734375,20.068132400512695,23.320037841796875,19.925535202026367,22.054502487182617,19.71592140197754,21.990808486938477,19.269777297973633,27.354049682617188,18.57781410217285,26.502933502197266,16.2410888671875,27.900171279907227,15.512665748596191,27.77971839904785,15.987098693847656,27.49831771850586,15.66971206665039,27.11019515991211
112000000008,25.790748596191406,24.183189392089844,25.781023025512695,23.79555892944336,25.725200653076172,23.568817138671875,25.550228118896484,23.82585906982422,25.23406410217285,24.28694725036621,25.03777503967285,23.39301872253418,24.390403747558594,22.470624923706055,22.78192138671875,26.895736694335938,23.342336654663086,31.418865203857422,21.904714584350586,29.30154800415039,19.131759643554688,31.895160675048828
112000000009,21.43231964111328,21.24407958984375,21.444652557373047,20.932218551635742,21.435413360595703,21.36302947998047,21.388261795043945,22.15973663330078,21.15908432006836,22.000154495239258,20.796119689941406,21.682933807373047,19.860488891601562,21.794872283935547,18.693817138671875,22.098546981811523,17.492124557495117,22.15915870666504,16.801204681396484,21.474756240844727,16.768997192382812,21.169021606445312
113000000000,24.09414291381836,17.965486526489258,24.094802856445312,18.040874481201172,24.06532096862793,18.0068359375,23.911224365234375,18.203292846679688,23.571121215820312,26.044727325439453,23.54067611694336,26.12506675720215,23.116636276245117,24.016040802001953,20.41074562072754,23.337507247924805,20.06757354736328,27.134401321411133,19.012542724609375,28.33626937866211,19.55122947692871,21.733642578125
113000000001,33.350624084472656,14.078296661376953,33.39540481567383,14.138197898864746,33.50944900512695,14.514702796936035,33.69306564331055,15.138433456420898,33.78813171386719,14.940574645996094,33.244205474853516,16.51424217224121,33.6213493347168,15.453319549560547,30.9882755279541,19.110647201538086,28.657835006713867,21.65424346923828,24.515987396240234,17.342159271240234,22.910696029663086,14.64642333984375
113000000002,25.871070861816406,19.015233993530273,25.801652908325195,19.10169792175293,25.756168365478516,19.22180938720703,25.160688400268555,17.279016494750977,24.64755630493164,14.639264106750488,23.28561019897461,21.593517303466797,21.248126983642578,22.465532302856445,19.368152618408203,24.74293327331543,18.09480094909668,24.020511627197266,19.07842254638672,24.878780364990234,15.763996124267578,25.68248176574707
113000000003,26.639522552490234,23.752727508544922,26.638103485107422,23.432619094848633,26.559255599975586,23.713825225830078,26.12496566772461,23.91390037536621,25.506608963012695,26.25481414794922,24.687835693359375,26.412206649780273,23.5710391998291,25.82080078125,20.556318283081055,27.95657730102539,19.307130813598633,25.42043685913086,17.710935592651367,24.241086959838867,16.374177932739258,25.14776039123535
113000000004,21.994169235229492,19.43114471435547,21.989877700805664,19.904443740844727,21.977901458740234,20.927385330200195,21.821773529052734,22.936222076416016,21.334379196166992,22.91900634765625,20.787118911743164,21.975868225097656,20.7651309967041,22.44439125061035,18.481836318969727,22.48334312438965,18.63386344909668,19.142099380493164,16.072370529174805,19.209880828857422,17.3983154296875,19.015127182006836
113000000005,30.71649932861328,18.23372459411621,30.721736907958984,17.97415542602539,30.707401275634766,18.085712432861328,30.67950439453125,18.462352752685547,30.67363929748535,18.2774658203125,29.728445053100586,18.024038314819336,30.6635799407959,17.450288772583008,23.463537216186523,22.327051162719727,19.063915252685547,20.944517135620117,16.40912628173828,19.4447078704834,17.399484634399414,19.3100528717041
113000000006,25.543987274169922,19.553112030029297,25.548627853393555,19.89348793029785,25.567399978637695,20.26386833190918,25.4724178314209,18.686458587646484,25.48734474182129,19.098785400390625,25.42316246032715,20.13262176513672,24.510982513427734,19.336992263793945,21.149837493896484,20.70326805114746,23.396747589111328,18.674068450927734,20.553808212280273,18.603185653686523,18.9229793548584,20.122163772583008
113000000007,23.885740280151367,17.50322151184082,23.884275436401367,17.325328826904297,23.874221801757812,17.09153938293457,23.833202362060547,16.480472564697266,23.806535720825195,16.80007553100586,23.676877975463867,17.030813217163086,23.584442138671875,16.456022262573242,22.891284942626953,17.128395080566406,18.97757339477539,17.425277709960938,16.447084426879883,19.127521514892578,18.86554718017578,16.086917877197266
113000000008,20.145570755004883,17.92392349243164,20.145095825195312,17.99190902709961,20.05838394165039,17.686717987060547,19.87529945373535,17.718862533569336,19.392745971679688,16.062532424926758,19.00343894958496,18.379180908203125,18.72205924987793,16.76424217224121,17.21685218811035,23.529653549194336,16.58237075805664,21.722637176513672,15.780535697937012,22.384342193603516,15.673641204833984,20.176769256591797
113000000009,18.173599243164062,15.463858604431152,18.190309524536133,16.367704391479492,18.19063377380371,16.584945678710938,18.162342071533203,16.914939880371094,18.04853057861328,16.821857452392578,17.79014778137207,15.450650215148926,17.251598358154297,18.509248733520508,16.676191329956055,19.413942337036133,17.07401466369629,17.28590965270996,16.840770721435547,18.344440460205078,16.537811279296875,18.25963592529297
114000000000,23.088041305541992,18.278213500976562,23.0696964263916,18.252864837646484,22.984346389770508,17.880918502807617,22.839296340942383,18.253326416015625,22.63201904296875,19.08773422241211,22.396995544433594,19.21687889099121,20.15148162841797,19.88409996032715,17.55982780456543,18.2833309173584,18.963407516479492,17.258102416992188,15.973376274108887,22.62043571472168,15.422947883605957,15.920186042785645
114000000001,26.200761795043945,21.124462127685547,26.214439392089844,23.33460235595703,26.41195297241211,22.276418685913086,26.22687530517578,24.60881996154785,26.184467315673828,24.676416397094727,26.016359329223633,22.243091583251953,23.969165802001953,20.002609252929688,22.490345001220703,24.497716903686523,21.35862159729004,18.279802322387695,19.233583450317383,18.90351104736328,17.34292984008789,19.161287307739258
114000000002,22.696250915527344,20.99986457824707,22.698976516723633,21.19154167175293,22.694580078125,21.756093978881836,22.540456771850586,21.64432144165039,22.14720916748047,22.083614349365234,21.889677047729492,22.344966888427734,21.647939682006836,22.248905181884766,20.923866271972656,21.329668045043945,20.542747497558594,21.396240234375,19.64921760559082,20.988325119018555,17.45134162902832,21.712373733520508
114000000003,20.936702728271484,18.75684928894043,20.927997589111328,18.924171447753906,20.925073623657227,19.139907836914062,20.788341522216797,19.608198165893555,20.704805374145508,20.64472007751465,20.706302642822266,20.567853927612305,20.381155014038086,18.259929656982422,19.583715438842773,18.830482482910156,17.209430694580078,24.546770095825195,15.175347328186035,22.274356842041016,13.157451629638672,23.326457977294922
114000000004,28.037845611572266,25.376903533935547,28.041048049926758,25.792377471923828,28.03416633605957,25.451644897460938,27.951122283935547,25.652990341186523,27.95223045349121,25.878292083740234,27.75896644592285,26.07368278503418,27.454416275024414,25.99431037902832,23.017292022705078,27.697011947631836,20.722332000732422,27.29054069519043,20.563220977783203,27.664310455322266,17.957592010498047,26.10492706298828
114000000005,25.17877960205078,18.03150749206543,25.1752986907959,18.134193420410156,25.17596435546875,18.172048568725586,25.025163650512695,18.404539108276367,24.993072509765625,18.649843215942383,24.268253326416016,23.987146377563477,23.764659881591797,24.72977638244629,23.191421508789062,24.384782791137695,22.145763397216797,23.69976043701172,20.746850967407227,25.100929260253906,19.467178344726562,23.930065155029297
114000000006,24.632080078125,18.827463150024414,24.612363815307617,19.065380096435547,24.52520751953125,19.24356460571289,24.128456115722656,19.149497985839844,23.704471588134766,20.812021255493164,23.09383773803711,19.10374641418457,22.625818252563477,18.69637107849121,21.855140686035156,16.025009155273438,20.686845779418945,20.99384307861328,17.358539581298828,17.837602615356445,16.18840789794922,20.752147674560547
114000000007,25.204166412353516,13.784760475158691,25.207496643066406,13.870692253112793,25.169876098632812,12.94838809967041,24.888290405273438,11.611909866333008,24.578161239624023,22.753793716430664,24.035953521728516,18.56387710571289,23.5534725189209,22.398515701293945,23.13327980041504,22.692840576171875,18.44444465637207,19.869430541992188,16.595340728759766,22.608835220336914,15.533313751220703,23.13897705078125
114000000008,22.3605899810791,18.276273727416992,22.372114181518555,18.23080062866211,22.377506256103516,18.40958023071289,22.319717407226562,18.221378326416016,22.180370330810547,19.00425148010254,21.50167465209961,20.27094078063965,21.309123992919922,19.79133415222168,21.039546966552734,21.11028480529785,20.269521713256836,19.313243865966797,19.91720962524414,17.442733764648438,18.59906005859375,18.83290672302246
114000000009,23.586965560913086,18.969873428344727,23.57573699951172,18.76396942138672,23.556396484375,18.646814346313477,23.463481903076172,19.100618362426758,23.34351348876953,18.409320831298828,22.891862869262695,18.206674575805664,22.60684585571289,18.14853858947754,22.209333419799805,17.53704833984375,21.478017807006836,18.407615661621094,20.599468231201172,18.534378051757812,19.171600341796875,19.51384162902832
121000000000,22.39424705505371,19.3060359954834,22.40603256225586,19.487533569335938,22.401994705200195,19.877300262451172,22.358997344970703,19.891643524169922,22.17433738708496,20.012245178222656,21.456666946411133,19.805885314941406,19.83378028869629,21.048473358154297,17.333356857299805,17.717437744140625,18.54621696472168,20.06894874572754,18.779573440551758,20.352941513061523,17.412670135498047,21.219135284423828
121000000001,28.853641510009766,19.512332916259766,28.856653213500977,20.19953727722168,28.831748962402344,21.76470184326172,28.606582641601562,25.10317611694336,27.756946563720703,28.60516357421875,26.864423751831055,27.048677444458008,24.78368377685547,30.09874725341797,23.22733497619629,27.30678367614746,20.820802688598633,27.265077590942383,20.070478439331055,27.418188095092773,15.221101760864258,27.647655487060547
121000000002,22.7216739654541,14.616235733032227,22.72353744506836,14.936047554016113,22.725383758544922,21.447246551513672,22.665021896362305,25.01697540283203,22.509296417236328,25.433401107788086,21.88057518005371,25.340431213378906,20.90135383605957,25.020408630371094,20.540170669555664,23.94472312927246,20.476327896118164,23.540233612060547,20.714040756225586,23.34246253967285,18.166044235229492,23.275127410888672
121000000003,22.419588088989258,20.76723861694336,22.414127349853516,20.73383140563965,22.388572692871094,21.268800735473633,22.323936462402344,26.637130737304688,22.129926681518555,27.22736358642578,21.943849563598633,25.580612182617188,21.06452751159668,27.18724250793457,20.659292221069336,25.72074317932129,18.45147132873535,26.879613876342773,17.846433639526367,26.178503036499023,18.3947811126709,26.088035583496094
121000000004,22.703969955444336,15.132850646972656,22.705915451049805,15.131914138793945,22.64358901977539,15.86485481262207,22.41660499572754,15.969133377075195,21.87302017211914,18.382415771484375,21.801713943481445,20.982097625732422,20.827516555786133,23.468265533447266,19.625228881835938,14.444419860839844,18.935169219970703,21.110811233520508,18.252222061157227,19.794166564941406,17.475603103637695,13.367548942565918
121000000005,25.6697940826416,18.46079444885254,25.683818817138672,18.11383056640625,25.652727127075195,18.595603942871094,25.169193267822266,19.946422576904297,24.095111846923828,20.185136795043945,24.35849952697754,19.283018112182617,23.594018936157227,19.68306541442871,21.391843795776367,20.002933502197266,20.942060470581055,21.391538619995117,20.981481552124023,21.33616828918457,20.22374153137207,14.02892780303955
121000000006,26.060361862182617,14.166670799255371,26.05448341369629,14.294012069702148,26.044023513793945,14.332797050476074,25.95984649658203,14.8560791015625,25.403518676757812,16.178434371948242,24.330015182495117,16.3850040435791,23.1717586517334,18.682519912719727,22.220930099487305,19.950693130493164,22.19532012939453,18.830598831176758,22.331985473632812,13.947927474975586,21.361713409423828,14.204517364501953
121000000007,26.450666427612305,15.807962417602539,26.38690185546875,16.658567428588867,26.157920837402344,19.99751091003418,25.643049240112305,20.288330078125,25.280977249145508,20.67769432067871,24.60257339477539,20.76163101196289,23.6912841796875,21.964954376220703,21.103656768798828,22.157169342041016,20.36847686767578,23.099620819091797,19.468385696411133,24.95574951171875,21.15475082397461,18.63567543029785
121000000008,19.240848541259766,17.094566345214844,19.24022674560547,17.544694900512695,19.221975326538086,17.64260482788086,19.11211395263672,17.98452377319336,18.872373580932617,18.108766555786133,18.379989624023438,19.29125213623047,16.8088321685791,25.89370346069336,15.882277488708496,25.86914825439453,14.977057456970215,23.32863426208496,14.337454795837402,20.40806770324707,14.216428756713867,17.10567283630371
121000000009,27.07285499572754,12.562847137451172,27.004566192626953,14.02298641204834,26.82805061340332,15.479779243469238,26.49505615234375,15.840211868286133,25.651947021484375,19.353303909301758,23.712928771972656,25.172117233276367,22.162076950073242,24.08279800415039,21.40049171447754,22.110179901123047,20.537973403930664,23.070356369018555,21.494064331054688,25.24716567993164,22.31404685974121,21.529937744140625
122000000000,24.23807716369629,19.66985511779785,24.267770767211914,19.667509078979492,24.180471420288086,19.409093856811523,24.042591094970703,19.60500717163086,24.116945266723633,20.061094284057617,23.4232234954834,19.385009765625,20.628082275390625,27.42580223083496,16.294828414916992,28.954526901245117,16.51572608947754,25.910186767578125,15.409624099731445,27.050758361816406,14.527523040771484,25.26776885986328
122000000001,21.05257797241211,16.95342254638672,21.064315795898438,16.668100357055664,21.107872009277344,18.524524688720703,20.923776626586914,17.276439666748047,20.156408309936523,19.618122100830078,19.740680694580078,20.227283477783203,18.0233211517334,19.326818466186523,17.088396072387695,21.82010269165039,16.088912963867188,17.791086196899414,15.102287292480469,16.752010345458984,14.86778450012207,18.2287654876709
122000000002,25.150163650512695,12.597368240356445,25.149669647216797,12.595277786254883,25.144943237304688,12.478804588317871,24.99329948425293,12.733957290649414,24.474170684814453,10.7511568069458,23.870248794555664,12.53011703491211,21.875951766967773,16.215545654296875,19.120235443115234,16.085472106933594,18.86931037902832,13.868498802185059,17.298297882080078,12.27635383605957,16.131694793701172,13.677292823791504
122000000003,19.630748748779297,13.543778419494629,19.625629425048828,13.628825187683105,19.602745056152344,14.354568481445312,19.522872924804688,15.132906913757324,19.446455001831055,16.798995971679688,19.473588943481445,15.200942993164062,19.278810501098633,17.140235900878906,18.632349014282227,16.698734283447266,17.762287139892578,15.367332458496094,16.678407669067383,15.497562408447266,16.290874481201172,18.077077865600586
122000000004,28.085798263549805,15.345856666564941,28.082368850708008,15.204985618591309,28.047510147094727,15.302705764770508,27.98628807067871,15.353293418884277,27.9328670501709,15.36064338684082,27.83665657043457,14.966143608093262,27.36121940612793,16.267311096191406,24.144329071044922,18.95151710510254,21.26499366760254,18.4617919921875,23.99950408935547,19.785844802856445,21.994997024536133,20.872121810913086
122000000005,22.838531494140625,16.140239715576172,22.84131622314453,15.947508811950684,22.90810775756836,16.26838493347168,22.653493881225586,15.971465110778809,21.659698486328125,15.35925579071045,20.74186134338379,17.6710147857666,17.01572608947754,15.915985107421875,16.383136749267578,20.02403450012207,14.142447471618652,19.977840423583984,13.248977661132812,22.897491455078125,11.698111534118652,22.77431869506836
122000000006,23.905994415283203,18.432064056396484,23.914833068847656,18.427446365356445,23.90659523010254,19.20885467529297,23.82271957397461,18.582191467285156,23.50111961364746,19.726966857910156,23.059019088745117,18.846542358398438,22.366657257080078,21.318405151367188,19.32120704650879,27.678817749023438,19.892013549804688,26.029247283935547,19.20562171936035,29.320514678955078,18.820470809936523,29.345733642578125
122000000007,21.795257568359375,8.196226119995117,21.793668746948242,8.594522476196289,21.799867630004883,9.418033599853516,21.591135025024414,10.224405288696289,21.31973648071289,11.478372573852539,21.057449340820312,11.954792976379395,19.24835777282715,15.512662887573242,17.781166076660156,20.79017448425293,18.26767921447754,19.274755477905273,17.807418823242188,17.049318313598633,17.48531723022461,15.533486366271973
122000000008,24.316734313964844,14.070727348327637,24.317371368408203,14.344382286071777,24.30147933959961,13.934283256530762,24.297557830810547,14.045421600341797,24.32175636291504,14.1422119140625,24.08806800842285,14.415290832519531,22.746566772460938,18.14127540588379,19.482240676879883,23.967287063598633,17.28009796142578,11.345623016357422,19.939605712890625,14.827817916870117,19.429540634155273,16.409141540527344
122000000009,25.83309555053711,9.923065185546875,25.832517623901367,10.2474365234375,25.783023834228516,10.56180191040039,25.558128356933594,10.402770042419434,25.495817184448242,6.540009498596191,24.96816635131836,9.233711242675781,24.144500732421875,10.952542304992676,20.23297691345215,9.183549880981445,18.78957748413086,11.881451606750488,17.650590896606445,13.487269401550293,16.696029663085938,9.77318286895752
123000000000,22.489608764648438,18.099058151245117,22.479904174804688,18.1091365814209,22.313928604125977,18.859577178955078,21.824018478393555,18.947603225708008,20.40789031982422,16.925655364990234,19.271209716796875,18.02484703063965,17.392528533935547,21.246749877929688,16.805879592895508,21.05124282836914,15.348241806030273,19.758312225341797,14.528021812438965,21.274852752685547,13.705398559570312,16.773616790771484
123000000001,29.695606231689453,15.559412956237793,29.664979934692383,15.57164478302002,29.58076286315918,15.513284683227539,29.460281372070312,15.282333374023438,29.370271682739258,15.749110221862793,29.22467613220215,17.407629013061523,26.798717498779297,18.512588500976562,21.26650619506836,18.274837493896484,19.059316635131836,18.714452743530273,17.77882194519043,20.707393646240234,15.82678508758545,17.34520721435547
123000000002,27.69723892211914,11.518357276916504,27.69635009765625,11.468027114868164,27.633079528808594,9.650548934936523,27.496801376342773,10.250114440917969,25.825881958007812,13.119978904724121,26.27426528930664,13.633960723876953,25.959379196166992,18.80241584777832,22.33574104309082,12.951940536499023,21.056781768798828,10.441993713378906,18.428112030029297,19.378543853759766,14.439244270324707,17.802303314208984
123000000003,24.46877098083496,18.62720489501953,24.50821304321289,18.44771957397461,24.59429168701172,18.690868377685547,23.832246780395508,19.06000328063965,23.313827514648438,19.03616714477539,22.020456314086914,21.488168716430664,22.734121322631836,21.369585037231445,21.192707061767578,19.840044021606445,18.539216995239258,18.708709716796875,16.396024703979492,21.37021827697754,15.471549987792969,22.0380859375
123000000004,21.348417282104492,24.326641082763672,21.350452423095703,24.293664932250977,21.364723205566406,23.64276123046875,21.323898315429688,23.446577072143555,21.320053100585938,23.52187156677246,21.10610008239746,23.85256576538086,20.5188045501709,24.03087043762207,19.749359130859375,24.637907028198242,19.175601959228516,27.786354064941406,17.24535369873047,26.65882110595703,13.435243606567383,20.306196212768555
123000000005,23.380977630615234,13.084498405456543,23.375144958496094,12.916474342346191,23.342905044555664,12.732490539550781,23.22214698791504,12.84512710571289,22.96722984313965,14.028592109680176,22.713842391967773,14.754780769348145,21.770015716552734,16.2320556640625,20.23892593383789,17.820491790771484,18.75337791442871,21.375707626342773,18.124988555908203,22.20159149169922,17.211666107177734,22.016950607299805
123000000006,24.01024055480957,19.091949462890625,24.013294219970703,18.935142517089844,24.023345947265625,19.105470657348633,24.000518798828125,18.64392852783203,23.963552474975586,20.310016632080078,24.0201358795166,24.882526397705078,23.500181198120117,25.002944946289062,22.238418579101562,24.873628616333008,20.827857971191406,22.735210418701172,17.210325241088867,31.719070434570312,15.994438171386719,18.620336532592773
123000000007,24.372291564941406,17.299285888671875,24.3729248046875,17.382305145263672,24.371694564819336,17.545818328857422,24.281200408935547,17.38218879699707,24.207950592041016,17.22924041748047,24.082365036010742,18.020402908325195,22.934106826782227,16.23077964782715,21.150968551635742,18.57209587097168,20.56935691833496,20.05919647216797,19.357131958007812,19.525516510009766,17.351125717163086,19.4237117767334
123000000008,21.684999465942383,15.708303451538086,21.671630859375,15.459291458129883,21.644195556640625,15.948722839355469,21.495418548583984,16.029069900512695,21.527021408081055,16.646211624145508,21.2852840423584,15.538331985473633,20.94854736328125,15.85114574432373,20.717519760131836,15.797901153564453,18.374637603759766,16.02570343017578,18.90580177307129,13.664266586303711,18.264179229736328,15.12639331817627
123000000009,20.858753204345703,12.36199951171875,20.86602020263672,12.794169425964355,20.877033233642578,13.370119094848633,20.808244705200195,12.876544952392578,20.447412490844727,15.739351272583008,20.110668182373047,13.060837745666504,19.833845138549805,16.251798629760742,18.78339958190918,14.296822547912598,16.2789249420166,14.089116096496582,16.822654724121094,13.387112617492676,13.866377830505371,12.677070617675781
124000000000,26.51089096069336,19.56524658203125,26.495285034179688,19.747791290283203,26.506938934326172,19.12824249267578,26.55470085144043,19.698944091796875,26.455669403076172,17.99319839477539,26.172138214111328,16.565711975097656,25.579641342163086,17.185104370117188,24.535694122314453,21.723670959472656,23.403398513793945,21.629552841186523,24.23194122314453,20.497047424316406,22.495349884033203,21.714937210083008
124000000001,29.55994987487793,16.029844284057617,29.592193603515625,15.94725227355957,29.64314842224121,16.072044372558594,29.611202239990234,15.514421463012695,29.382614135742188,15.520877838134766,28.847557067871094,15.651363372802734,27.98676872253418,17.98146629333496,28.065898895263672,15.674633026123047,25.077869415283203,15.004684448242188,17.505123138427734,14.070311546325684,15.487544059753418,13.67513370513916
124000000002,33.40214538574219,12.586463928222656,33.38142776489258,12.53653335571289,33.24219512939453,12.473431587219238,32.75921630859375,12.12060832977295,32.55641174316406,12.735958099365234,31.820415496826172,12.965514183044434,32.48061752319336,13.273221015930176,30.641050338745117,14.842737197875977,27.33472442626953,18.618240356445312,26.083471298217773,21.584152221679688,24.164987564086914,21.798938751220703
124000000003,17.875062942504883,17.577266693115234,17.884355545043945,17.382776260375977,17.892728805541992,17.879850387573242,17.849109649658203,17.92776870727539,17.81939125061035,18.118255615234375,17.64969253540039,16.404075622558594,17.441898345947266,28.358531951904297,17.5048828125,29.194438934326172,17.505807876586914,25.982263565063477,17.70214080810547,16.66020965576172,17.202219009399414,16.493356704711914
124000000004,21.473987579345703,19.563432693481445,21.474855422973633,19.41440200805664,21.47012710571289,19.299495697021484,21.482990264892578,19.015779495239258,21.452354431152344,19.088802337646484,21.394174575805664,19.317977905273438,19.573156356811523,18.7816104888916,19.96312713623047,18.482177734375,18.415185928344727,25.716957092285156,16.73072052001953,22.350854873657227,15.351651191711426,17.11430549621582
124000000005,24.066930770874023,22.841049194335938,24.069841384887695,22.7607364654541,24.052785873413086,22.891708374023438,23.99199104309082,22.834209442138672,23.84027862548828,22.723255157470703,23.47991180419922,22.590118408203125,23.162567138671875,22.602252960205078,22.66089630126953,22.548906326293945,20.43524932861328,22.80035972595215,17.150171279907227,22.16097068786621,14.330164909362793,22.27251434326172
124000000006,25.464265823364258,15.168941497802734,25.46143341064453,15.508264541625977,25.443944931030273,15.511385917663574,25.399803161621094,15.598315238952637,25.258405685424805,15.962142944335938,24.648344039916992,17.002574920654297,24.05463218688965,16.34758758544922,22.307405471801758,15.280694007873535,22.86969566345215,13.904913902282715,21.647377014160156,13.909080505371094,18.82698631286621,16.68305015563965
124000000007,37.163639068603516,14.335325241088867,36.928165435791016,14.251754760742188,36.18716049194336,15.302144050598145,36.046138763427734,17.247760772705078,35.666648864746094,16.17271614074707,33.45692825317383,21.904951095581055,31.851760864257812,23.0551700592041,33.324222564697266,22.62116050720215,32.06935119628906,22.66517448425293,24.414260864257812,24.944446563720703,20.206411361694336,25.075838088989258
124000000008,29.05463409423828,13.498250961303711,29.06233024597168,13.403045654296875,29.109851837158203,13.07220458984375,29.065967559814453,12.764389991760254,28.86336898803711,11.939823150634766,28.947296142578125,13.526880264282227,28.834619522094727,14.839407920837402,27.789966583251953,15.653209686279297,25.426654815673828,14.922038078308105,24.090639114379883,17.66069793701172,23.427841186523438,12.336041450500488
124000000009,27.682771682739258,20.09075355529785,27.6901912689209,19.906726837158203,27.688756942749023,20.062801361083984,27.679458618164062,20.28554916381836,27.662717819213867,20.268095016479492,27.670848846435547,20.517789840698242,27.5975399017334,20.652420043945312,27.321514129638672,20.463289260864258,26.904035568237305,20.666391372680664,23.01226234436035,22.0393009185791,22.541973114013672,22.50790023803711
211000000000,27.516590118408203,24.19891357421875,27.50354766845703,24.076017379760742,27.49875831604004,24.119110107421875,27.375883102416992,27.984458923339844,27.351091384887695,29.60453987121582,26.39959716796875,27.4510498046875,25.36610221862793,28.816938400268555,23.710346221923828,27.591875076293945,22.89122200012207,26.064693450927734,19.880136489868164,29.40313148498535,20.185867309570312,30.968067169189453
211000000001,19.26827049255371,18.673259735107422,19.26415252685547,18.52039909362793,19.197429656982422,18.759193420410156,18.87483787536621,21.95327377319336,18.143587112426758,26.411378860473633,16.857219696044922,26.676097869873047,16.281949996948242,27.668806076049805,15.990692138671875,27.659198760986328,14.343257904052734,22.90826416015625,15.818920135498047,24.785890579223633,15.25904369354248,23.441598892211914
211000000002,nan,28.22954559326172,nan,28.30745506286621,nan,28.326171875,nan,28.48009490966797,nan,28.79839324951172,nan,30.24695587158203,nan,29.632234573364258,nan,30.172142028808594,nan,29.018783569335938,nan,28.739994049072266,nan,31.003454208374023
211000000003,nan,29.55707359313965,nan,29.477115631103516,nan,29.838424682617188,nan,29.686290740966797,nan,28.817689895629883,nan,28.653182983398438,nan,29.59091567993164,nan,28.73699378967285,nan,30.102188110351562,nan,29.93596839904785,nan,29.437801361083984
211000000004,nan,27.180164337158203,nan,27.610544204711914,nan,27.412355422973633,nan,26.733171463012695,nan,26.794010162353516,nan,27.070579528808594,nan,27.499910354614258,nan,25.611465454101562,nan,29.13755226135254,nan,25.27855110168457,nan,26.79549789428711
211000000005,24.83975601196289,20.667943954467773,24.846878051757812,20.519521713256836,24.849573135375977,20.246461868286133,24.821874618530273,21.08357810974121,24.675067901611328,20.838623046875,24.44357681274414,22.141651153564453,23.92513084411621,21.545103073120117,23.934036254882812,20.435405731201172,22.488021850585938,20.304758071899414,21.833728790283203,21.37986946105957,18.669416427612305,22.84144401550293
211000000006,nan,26.446056365966797,nan,26.348995208740234,nan,26.40774917602539,nan,26.25244903564453,nan,26.4689884185791,nan,26.214033126831055,nan,26.206701278686523,nan,26.183164596557617,nan,26.16700553894043,nan,26.736896514892578,nan,29.302995681762695
211000000007,nan,29.65956687927246,nan,29.886699676513672,nan,29.583274841308594,nan,30.08653450012207,nan,31.21343231201172,nan,30.03515625,nan,31.98355484008789,nan,31.28306007385254,nan,31.27492332458496,nan,30.669269561767578,nan,30.397003173828125
211000000008,nan,20.318796157836914,nan,20.593067169189453,nan,20.44780921936035,nan,20.433162689208984,nan,20.179357528686523,nan,20.44692611694336,nan,20.594999313354492,nan,20.49458885192871,nan,19.666423797607422,nan,20.49934959411621,nan,19.21187400817871
211000000009,27.793447494506836,29.600847244262695,27.787294387817383,29.522693634033203,27.791244506835938,29.417116165161133,27.78880500793457,29.437068939208984,27.26642417907715,29.956262588500977,27.698577880859375,29.32537269592285,26.997604370117188,30.961421966552734,24.343137741088867,30.633872985839844,25.494028091430664,25.559980392456055,23.428890228271484,30.18999481201172,26.039287567138672,30.261075973510742
212000000000,23.413803100585938,28.305267333984375,23.410383224487305,28.520771026611328,23.402128219604492,28.572717666625977,23.363676071166992,28.598403930664062,23.262399673461914,27.455196380615234,23.058876037597656,27.931398391723633,22.73384666442871,28.42491340637207,22.821247100830078,30.519235610961914,21.29596519470215,31.0638484954834,21.02231216430664,27.141874313354492,20.69708824157715,26.829647064208984
212000000001,25.171554565429688,18.469213485717773,25.179479598999023,18.55683708190918,25.19704818725586,18.286548614501953,25.229867935180664,18.653484344482422,25.035619735717773,21.53487777709961,25.255001068115234,20.16762924194336,24.80379295349121,20.60915184020996,24.602210998535156,20.1252498626709,23.3677921295166,20.534149169921875,17.199039459228516,18.323665618896484,15.035326957702637,20.561948776245117
212000000002,20.433837890625,18.87986946105957,20.440980911254883,19.19220733642578,20.42578125,19.41283416748047,20.348939895629883,20.254043579101562,20.087993621826172,20.6791934967041,19.52077293395996,22.845857620239258,19.277448654174805,23.05997085571289,18.598573684692383,20.69997787475586,15.607062339782715,21.107032775878906,14.709774017333984,19.27865982055664,14.460925102233887,19.061906814575195
212000000003,26.06478500366211,17.427488327026367,26.06907081604004,17.662446975708008,26.0499267578125,17.72807502746582,25.980884552001953,17.9449405670166,25.95067596435547,18.24732208251953,25.87699317932129,18.18997573852539,25.014768600463867,18.683910369873047,23.665237426757812,19.41138458251953,22.149232864379883,17.97041893005371,20.760303497314453,20.574050903320312,18.594545364379883,22.94938087463379
212000000004,24.642284393310547,10.37312126159668,24.603952407836914,10.743718147277832,24.541168212890625,10.322848320007324,24.353849411010742,11.37364673614502,24.03851318359375,11.745452880859375,23.914648056030273,10.722418785095215,23.75288200378418,10.36351203918457,23.522342681884766,10.94322681427002,22.70829963684082,12.201833724975586,21.07400894165039,21.4139404296875,21.272966384887695,23.890384674072266
212000000005,23.456266403198242,20.247238159179688,23.460466384887695,20.476465225219727,23.458097457885742,19.814851760864258,23.355802536010742,20.295551300048828,23.232770919799805,19.778242111206055,22.449867248535156,18.836009979248047,21.722238540649414,14.231612205505371,20.737319946289062,15.558788299560547,21.15261459350586,19.07131576538086,17.381389617919922,18.829191207885742,17.946815490722656,18.577205657958984
212000000006,nan,30.671417236328125,nan,31.418292999267578,nan,30.99016571044922,nan,32.745872497558594,nan,33.06245040893555,nan,32.904754638671875,nan,31.642776489257812,nan,31.996440887451172,nan,33.178340911865234,nan,30.83747673034668,nan,28.330373764038086
212000000007,24.100217819213867,24.433460235595703,24.09328842163086,24.98191261291504,24.078758239746094,24.054244995117188,24.06189727783203,24.842580795288086,23.969026565551758,26.840150833129883,23.5582218170166,24.97345542907715,22.932296752929688,28.255393981933594,22.395566940307617,26.994049072265625,22.403364181518555,25.716575622558594,19.951440811157227,27.59035301208496,19.852489471435547,29.368431091308594
212000000008,nan,15.47197151184082,nan,15.227235794067383,nan,15.397199630737305,nan,15.488340377807617,nan,15.979888916015625,nan,16.64468765258789,nan,15.877429008483887,nan,21.750883102416992,nan,24.13006591796875,nan,24.63030242919922,nan,24.899227142333984
212000000009,24.66600799560547,19.040908813476562,24.6646728515625,19.129091262817383,24.661588668823242,20.07527732849121,24.5764217376709,20.093887329101562,24.484176635742188,21.69234848022461,24.473106384277344,22.037124633789062,24.298246383666992,20.699060440063477,23.988136291503906,18.57917022705078,23.217750549316406,16.53842544555664,22.838865280151367,20.30310821533203,17.746356964111328,19.525527954101562
213000000000,41.79032897949219,25.539186477661133,41.74372482299805,25.694316864013672,41.68155288696289,25.561670303344727,41.484764099121094,24.522201538085938,41.068241119384766,24.833341598510742,40.80485916137695,24.248329162597656,32.60091018676758,29.209125518798828,39.60539627075195,22.24045181274414,40.15522384643555,25.610679626464844,40.264503479003906,27.581802368164062,28.659265518188477,27.540081024169922
213000000001,27.596647262573242,15.073370933532715,27.60397720336914,15.17636775970459,27.639833450317383,15.192176818847656,27.453594207763672,15.056951522827148,26.90015411376953,15.507661819458008,26.879859924316406,15.224963188171387,26.191925048828125,15.034079551696777,24.63004493713379,16.081253051757812,23.905561447143555,16.326539993286133,23.640626907348633,14.418542861938477,23.33228302001953,13.81233024597168
213000000002,31.562034606933594,25.201160430908203,31.56757164001465,25.566875457763672,31.612884521484375,25.609201431274414,31.746688842773438,25.828460693359375,31.691360473632812,26.09616470336914,30.831838607788086,26.15155601501465,30.410856246948242,26.720455169677734,29.054800033569336,26.130434036254883,27.717815399169922,23.258628845214844,26.352418899536133,24.750675201416016,23.79145050048828,25.698543548583984
213000000003,nan,25.421588897705078,nan,25.149322509765625,nan,25.645273208618164,nan,24.30898666381836,nan,26.02311134338379,nan,23.2369384765625,nan,24.373868942260742,nan,24.201536178588867,nan,23.52069854736328,nan,24.013357162475586,nan,23.747774124145508
213000000004,19.041597366333008,15.676596641540527,19.04366111755371,14.97547435760498,19.03098487854004,15.394491195678711,19.013717651367188,15.13632869720459,18.969608306884766,17.445636749267578,18.871536254882812,16.06574249267578,18.645822525024414,19.264877319335938,18.00210189819336,18.962722778320312,18.506900787353516,18.127208709716797,17.566308975219727,25.025772094726562,15.436781883239746,16.7122802734375
213000000005,24.605417251586914,29.062110900878906,24.59825325012207,29.142749786376953,24.591089248657227,29.163827896118164,24.581405639648438,29.27959632873535,24.54283332824707,29.477882385253906,24.53803062438965,29.27897834777832,24.299360275268555,29.011648178100586,23.886367797851562,29.0501766204834,21.06658363342285,28.567230224609375,19.777538299560547,28.422260284423828,18.6346492767334,24.53131103515625
213000000006,19.472862243652344,16.81294822692871,19.47397232055664,16.601171493530273,19.466796875,16.484155654907227,19.37847900390625,17.800464630126953,19.187997817993164,17.84379005432129,18.45046615600586,16.319074630737305,15.981083869934082,20.481531143188477,16.447092056274414,20.098922729492188,17.5178165435791,19.074541091918945,16.220129013061523,21.486042022705078,15.342437744140625,19.979137420654297
213000000007,31.752742767333984,24.242427825927734,31.786245346069336,24.376537322998047,31.72799301147461,24.456865310668945,31.578136444091797,25.348047256469727,31.334444046020508,25.041601181030273,30.645259857177734,24.217432022094727,29.024747848510742,23.213321685791016,26.437822341918945,23.31691551208496,25.045488357543945,22.357881546020508,22.38623809814453,23.52803611755371,20.49358558654785,22.326980590820312
213000000008,21.044145584106445,16.743139266967773,21.039592742919922,16.878496170043945,21.052013397216797,16.34001350402832,20.916404724121094,16.486286163330078,20.803361892700195,16.931270599365234,20.43252944946289,17.91965675354004,20.156049728393555,17.898353576660156,19.459674835205078,18.299850463867188,18.147138595581055,18.3953857421875,18.109663009643555,19.053123474121094,18.23050880432129,19.331449508666992
213000000009,nan,27.10678482055664,nan,27.01949119567871,nan,27.036380767822266,nan,27.374601364135742,nan,26.906070709228516,nan,26.74502944946289,nan,27.24950408935547,nan,27.68722152709961,nan,27.525964736938477,nan,26.891294479370117,nan,25.27347755432129
214000000000,nan,27.543365478515625,nan,27.69479751586914,nan,28.08113670349121,nan,28.25060272216797,nan,28.432905197143555,nan,28.396493911743164,nan,29.649574279785156,nan,28.368114471435547,nan,28.31937599182129,nan,28.78718376159668,nan,29.350194931030273
214000000001,19.806177139282227,17.302501678466797,19.81978416442871,17.442712783813477,19.773117065429688,17.464826583862305,19.664024353027344,23.726795196533203,19.16994857788086,17.857036590576172,19.079376220703125,23.263996124267578,19.087047576904297,24.893198013305664,18.957443237304688,23.03486442565918,18.757564544677734,21.50034523010254,17.889070510864258,22.657581329345703,17.716325759887695,22.404449462890625
214000000002,34.80045700073242,23.36583137512207,34.80739212036133,23.15955924987793,34.85368347167969,23.447004318237305,34.92318344116211,23.3262996673584,34.49483871459961,24.45001220703125,33.717430114746094,24.342458724975586,34.19429016113281,24.793928146362305,31.26753044128418,27.361085891723633,33.96417236328125,26.407867431640625,24.74626350402832,26.900577545166016,23.863492965698242,25.224267959594727
214000000003,24.8286075592041,12.20195198059082,24.816011428833008,12.06456470489502,24.79344940185547,12.341814994812012,24.78142547607422,12.055143356323242,24.55198860168457,11.712091445922852,24.305862426757812,11.68629264831543,24.425796508789062,12.26369857788086,24.147579193115234,13.60454273223877,22.250404357910156,14.526602745056152,20.702604293823242,18.313608169555664,20.43570899963379,14.035489082336426
214000000004,22.8782958984375,18.186914443969727,22.879783630371094,18.713497161865234,22.879911422729492,18.820730209350586,22.921815872192383,18.99224853515625,22.884395599365234,18.377866744995117,22.88042640686035,19.042625427246094,22.84218406677246,19.039125442504883,22.81050682067871,19.72119140625,22.812259674072266,17.20662498474121,22.763898849487305,18.537282943725586,22.15043067932129,19.218210220336914
214000000005,nan,20.97655487060547,nan,20.92670440673828,nan,21.09726333618164,nan,21.87272071838379,nan,26.433382034301758,nan,24.452669143676758,nan,24.248699188232422,nan,24.12799072265625,nan,26.42347526550293,nan,28.2139949798584,nan,26.907894134521484
214000000006,21.783897399902344,13.642212867736816,21.773319244384766,13.608153343200684,21.724239349365234,13.866790771484375,21.64430046081543,14.42721176147461,21.543014526367188,14.317849159240723,21.503450393676758,14.032184600830078,21.342605590820312,15.39128589630127,19.324020385742188,13.72977352142334,18.262313842773438,15.7684326171875,18.820280075073242,15.001018524169922,18.015213012695312,21.166259765625
214000000007,nan,21.642541885375977,nan,21.754470825195312,nan,21.866756439208984,nan,22.14765167236328,nan,21.980314254760742,nan,22.125751495361328,nan,21.963804244995117,nan,22.021875381469727,nan,22.607608795166016,nan,23.118955612182617,nan,22.885520935058594
214000000008,nan,18.20479965209961,nan,17.751617431640625,nan,17.364574432373047,nan,18.711626052856445,nan,16.493396759033203,nan,22.334552764892578,nan,23.87828826904297,nan,23.43866729736328,nan,21.64848518371582,nan,22.756803512573242,nan,19.532272338867188
214000000009,27.03878402709961,17.939882278442383,27.04178810119629,18.306371688842773,27.018695831298828,18.713069915771484,26.951034545898438,18.913522720336914,26.758031845092773,18.917505264282227,26.570491790771484,19.612335205078125,25.951019287109375,18.998607635498047,25.38165855407715,21.235654830932617,24.233623504638672,25.130647659301758,24.9777774810791,23.695035934448242,19.69588279724121,24.4477481842041
221000000000,24.862516403198242,16.120943069458008,24.86603355407715,15.941614151000977,24.857221603393555,16.678884506225586,24.77103614807129,16.7388973236084,24.736398696899414,17.421829223632812,24.62957000732422,17.45590591430664,24.40321922302246,17.898725509643555,23.185277938842773,18.82183265686035,21.602354049682617,18.696807861328125,21.216590881347656,18.85016632080078,20.308290481567383,20.40273666381836
221000000001,23.10689353942871,20.050609588623047,23.114355087280273,19.955875396728516,23.140098571777344,20.041969299316406,23.107036590576172,20.844974517822266,23.069995880126953,20.78090476989746,23.09859848022461,20.986934661865234,23.011924743652344,21.272594451904297,22.687969207763672,20.71330451965332,22.618249893188477,19.105587005615234,20.16022300720215,24.010469436645508,20.288555145263672,22.59027862548828
221000000002,24.355514526367188,23.321523666381836,24.352813720703125,23.48551368713379,24.37705421447754,23.398534774780273,24.42607307434082,23.036659240722656,24.30877685546875,23.19083023071289,24.21976661682129,23.135833740234375,23.42766761779785,23.2367000579834,22.57343101501465,23.155797958374023,18.876169204711914,22.37537956237793,14.578380584716797,24.412649154663086,18.688676834106445,23.174041748046875
221000000003,21.071474075317383,23.606517791748047,21.077495574951172,23.932228088378906,21.076662063598633,24.091938018798828,21.062503814697266,24.130046844482422,20.929330825805664,24.238964080810547,20.755903244018555,24.728870391845703,20.4669189453125,24.643102645874023,20.700916290283203,24.38020133972168,20.80844497680664,24.140830993652344,20.539472579956055,24.95447540283203,19.95250129699707,27.91530418395996
221000000004,22.877607345581055,19.09518051147461,22.876466751098633,19.40984535217285,22.885339736938477,19.09723472595215,22.8287410736084,19.462589263916016,22.62654685974121,20.663829803466797,22.6531925201416,20.726320266723633,22.601078033447266,20.256298065185547,22.21643829345703,20.38787078857422,22.29606819152832,20.200777053833008,21.73786735534668,20.3617000579834,20.748979568481445,18.906017303466797
221000000005,26.49117088317871,25.178220748901367,26.478425979614258,25.53516387939453,26.440032958984375,25.552806854248047,26.35057258605957,25.26283836364746,26.13779067993164,25.31848907470703,26.104589462280273,25.39126205444336,25.550472259521484,24.854055404663086,25.02540397644043,25.10337257385254,25.360239028930664,25.124300003051758,24.378463745117188,25.516643524169922,23.440624237060547,25.422731399536133
221000000006,22.614974975585938,17.946073532104492,22.619308471679688,18.16379737854004,22.642446517944336,18.083200454711914,22.6695499420166,17.869709014892578,22.602928161621094,19.183881759643555,22.572046279907227,18.756256103515625,22.391536712646484,17.890857696533203,21.924217224121094,20.617958068847656,20.8479061126709,19.87605094909668,19.365949630737305,18.333478927612305,17.1229305267334,20.202600479125977
221000000007,nan,22.65125274658203,nan,22.673660278320312,nan,22.709897994995117,nan,22.69512367248535,nan,22.628799438476562,nan,22.842857360839844,nan,22.954099655151367,nan,22.877138137817383,nan,24.074228286743164,nan,23.670124053955078,nan,24.318593978881836
221000000008,23.206209182739258,20.949792861938477,23.205232620239258,20.87788963317871,23.204368591308594,20.817794799804688,23.02766227722168,20.79803466796875,23.07040786743164,21.02886390686035,22.783077239990234,21.562000274658203,22.79440689086914,22.398101806640625,22.56363868713379,22.348268508911133,20.31037712097168,28.253429412841797,20.948440551757812,28.948265075683594,19.044065475463867,23.40032958984375
221000000009,nan,26.334857940673828,nan,26.06663703918457,nan,26.391094207763672,nan,26.024066925048828,nan,26.229719161987305,nan,26.929927825927734,nan,26.28838348388672,nan,25.66419792175293,nan,25.7955379486084,nan,27.170259475708008,nan,25.38078498840332
222000000000,nan,27.448999404907227,nan,27.61176300048828,nan,27.22911262512207,nan,27.60527801513672,nan,27.73299217224121,nan,27.612659454345703,nan,27.624385833740234,nan,27.94440460205078,nan,28.47561264038086,nan,28.948598861694336,nan,30.461257934570312
222000000001,26.92106056213379,23.690488815307617,26.916271209716797,23.63579750061035,26.89963722229004,22.97327423095703,26.8383846282959,20.939800262451172,26.75485610961914,20.928863525390625,26.67531394958496,22.9937744140625,26.75386619567871,22.97412109375,25.82562255859375,20.93661880493164,22.24980354309082,16.10631561279297,20.75044822692871,20.856311798095703,21.901477813720703,18.452083587646484
222000000002,nan,15.470996856689453,nan,14.487913131713867,nan,15.8370943069458,nan,15.012174606323242,nan,13.953879356384277,nan,15.690933227539062,nan,15.998101234436035,nan,18.25818634033203,nan,21.625167846679688,nan,27.788997650146484,nan,21.11720848083496
222000000003,24.853994369506836,20.95450782775879,24.83759307861328,21.78642463684082,24.85088348388672,21.350616455078125,24.710317611694336,22.189023971557617,24.680559158325195,22.231548309326172,24.3651180267334,21.46476173400879,24.28286361694336,21.583667755126953,22.85670280456543,22.649654388427734,21.0374698638916,21.878772735595703,19.891902923583984,23.144203186035156,18.585994720458984,24.495819091796875
222000000004,20.661470413208008,18.54705810546875,20.60659408569336,18.6396427154541,20.55701446533203,19.029272079467773,20.33442497253418,19.616270065307617,20.24897003173828,19.448162078857422,19.926654815673828,18.887676239013672,19.5891056060791,17.807342529296875,18.626407623291016,13.367554664611816,16.73662567138672,26.104896545410156,16.923242568969727,16.544248580932617,16.46337127685547,14.98599910736084
222000000005,28.017961502075195,17.508146286010742,27.983217239379883,17.4311466217041,27.932710647583008,17.429325103759766,27.467267990112305,17.73940658569336,26.653366088867188,19.697519302368164,26.233007431030273,22.947486877441406,24.963214874267578,24.27437973022461,22.182857513427734,22.480562210083008,20.228084564208984,23.501691818237305,20.692096710205078,24.553678512573242,18.83397674560547,14.682811737060547
222000000006,24.26983642578125,23.123798370361328,24.252933502197266,23.258432388305664,24.218154907226562,22.93578338623047,24.161588668823242,21.39139175415039,24.22035026550293,22.439451217651367,24.220067977905273,24.908252716064453,24.28765869140625,22.818737030029297,23.182472229003906,21.69225311279297,18.796268463134766,22.210573196411133,17.64984703063965,22.309831619262695,15.892691612243652,20.6478214263916
222000000007,26.942594528198242,22.176620483398438,26.947389602661133,22.209640502929688,26.941984176635742,21.760690689086914,26.860708236694336,22.061830520629883,26.8392391204834,22.36758804321289,26.732851028442383,22.46596336364746,26.130695343017578,22.544830322265625,25.326671600341797,23.189315795898438,24.78158187866211,23.78605842590332,23.72858428955078,22.34452247619629,22.590576171875,22.572898864746094
222000000008,26.673545837402344,18.89434814453125,26.686080932617188,18.58041000366211,26.704334259033203,18.1705322265625,26.645814895629883,19.48812484741211,26.03250503540039,19.728412628173828,25.391109466552734,18.927478790283203,23.13888168334961,20.73568344116211,20.863250732421875,22.172630310058594,18.852487564086914,23.573495864868164,15.450303077697754,21.480205535888672,14.655061721801758,17.07753562927246
222000000009,22.991735458374023,23.32579231262207,22.988910675048828,23.571521759033203,22.978185653686523,23.90701675415039,22.907133102416992,24.56201934814453,22.894718170166016,24.77613639831543,22.75782012939453,25.06541633605957,22.500354766845703,25.715627670288086,20.95746612548828,24.351415634155273,20.663528442382812,22.815805435180664,19.985383987426758,22.906143188476562,14.772099494934082,15.643705368041992
223000000000,27.313020706176758,16.807126998901367,27.32016372680664,16.731647491455078,27.405763626098633,16.908382415771484,27.173099517822266,16.97257423400879,26.86701202392578,16.75628662109375,26.34087562561035,17.138111114501953,24.59035301208496,16.357952117919922,22.124155044555664,16.74055290222168,20.940519332885742,19.64291000366211,19.422801971435547,22.78158950805664,20.91514778137207,19.722925186157227
223000000001,30.110652923583984,21.74746322631836,30.10620880126953,21.80164909362793,30.162738800048828,22.437685012817383,29.96927261352539,21.79729652404785,28.846481323242188,21.5660343170166,27.292659759521484,20.727283477783203,26.1988468170166,22.26951789855957,24.259174346923828,21.956634521484375,23.516075134277344,25.51521110534668,21.915071487426758,24.692590713500977,21.059053421020508,27.718782424926758
223000000002,nan,20.32356834411621,nan,20.380611419677734,nan,20.828651428222656,nan,21.19609832763672,nan,21.987594604492188,nan,21.761449813842773,nan,20.653377532958984,nan,21.346471786499023,nan,24.368059158325195,nan,25.541364669799805,nan,26.670425415039062
223000000003,nan,26.70799446105957,nan,26.617733001708984,nan,26.33397674560547,nan,26.426326751708984,nan,26.143434524536133,nan,26.624006271362305,nan,28.47789192199707,nan,27.29792594909668,nan,26.79353904724121,nan,23.59619903564453,nan,28.579879760742188
223000000004,nan,30.051916122436523,nan,29.80857276916504,nan,29.684036254882812,nan,29.706478118896484,nan,29.973857879638672,nan,29.5474796295166,nan,29.77341651916504,nan,29.591529846191406,nan,29.59052848815918,nan,24.01140022277832,nan,25.38822364807129
223000000005,nan,19.773183822631836,nan,19.792036056518555,nan,19.982410430908203,nan,20.098478317260742,nan,20.443117141723633,nan,20.53557014465332,nan,23.287185668945312,nan,23.24400520324707,nan,24.160093307495117,nan,23.515501022338867,nan,24.6873836517334
223000000006,26.760881423950195,14.549718856811523,26.75631332397461,14.442412376403809,26.74435806274414,13.936871528625488,26.7244930267334,14.634873390197754,26.74325180053711,13.97128677368164,26.250940322875977,15.316763877868652,26.346080780029297,15.59410572052002,22.634685516357422,17.627656936645508,22.53632354736328,19.112136840820312,21.748737335205078,18.929548263549805,19.919273376464844,21.870534896850586
223000000007,30.234424591064453,24.056684494018555,30.20015525817871,24.202425003051758,30.155935287475586,24.00794792175293,30.141693115234375,23.812314987182617,30.130048751831055,24.00992202758789,30.044221878051758,22.67995834350586,29.657546997070312,27.605443954467773,29.19489288330078,32.092018127441406,29.26604461669922,30.685115814208984,25.98796272277832,25.863325119018555,24.958545684814453,25.074464797973633
223000000008,nan,29.74153709411621,nan,29.705589294433594,nan,29.801454544067383,nan,29.8402042388916,nan,29.379451751708984,nan,29.141170501708984,nan,29.473899841308594,nan,29.117631912231445,nan,29.6300048828125,nan,28.56216049194336,nan,27.977783203125
223000000009,nan,21.343584060668945,nan,21.409738540649414,nan,21.345230102539062,nan,21.321069717407227,nan,21.39189910888672,nan,21.617361068725586,nan,21.637388229370117,nan,21.331993103027344,nan,22.27215003967285,nan,21.117145538330078,nan,19.084413528442383
224000000000,30.397808074951172,19.473447799682617,30.413175582885742,19.567045211791992,30.493066787719727,19.5990047454834,30.583364486694336,19.88627815246582,30.631208419799805,19.8414363861084,30.44296646118164,19.957551956176758,30.04884910583496,19.88656234741211,29.89311981201172,20.471529006958008,26.22556495666504,23.341642379760742,26.04524803161621,24.018857955932617,22.08478355407715,24.013919830322266
224000000001,nan,28.597381591796875,nan,28.7386474609375,nan,28.668964385986328,nan,29.166540145874023,nan,28.31854248046875,nan,29.27434539794922,nan,28.08820915222168,nan,28.40290641784668,nan,29.87582015991211,nan,28.92131805419922,nan,23.832775115966797
224000000002,26.443132400512695,21.289283752441406,26.445526123046875,21.11724090576172,26.43878173828125,21.083810806274414,26.354040145874023,21.289901733398438,26.260541915893555,21.07617950439453,25.704185485839844,22.297195434570312,26.258909225463867,21.86516761779785,22.515363693237305,22.65298080444336,25.392925262451172,21.680448532104492,15.770899772644043,20.907743453979492,17.415414810180664,23.566808700561523
224000000003,25.396869659423828,27.007308959960938,25.37798309326172,27.019804000854492,25.309255599975586,27.19145965576172,25.074172973632812,27.017017364501953,24.58256721496582,26.408035278320312,24.506032943725586,27.05959129333496,23.941999435424805,26.968551635742188,24.153636932373047,26.497268676757812,24.088937759399414,26.660167694091797,22.474695205688477,23.276016235351562,20.055715560913086,29.741758346557617
224000000004,nan,15.27998161315918,nan,15.427043914794922,nan,15.218368530273438,nan,15.002534866333008,nan,20.56861686706543,nan,20.786561965942383,nan,22.844308853149414,nan,27.730226516723633,nan,27.67164421081543,nan,26.657861709594727,nan,26.719322204589844
224000000005,29.505014419555664,26.206085205078125,29.52142906188965,26.097196578979492,29.593931198120117,26.11747932434082,29.43552589416504,26.228321075439453,29.34188461303711,25.864482879638672,29.33405113220215,25.892309188842773,28.7612247467041,26.701801300048828,27.129167556762695,25.9920654296875,26.027084350585938,26.72581672668457,26.79172134399414,25.19024085998535,25.525249481201172,25.9271183013916
224000000006,36.177093505859375,24.395362854003906,36.18356704711914,24.47632598876953,36.159061431884766,24.400375366210938,36.09514236450195,24.255878448486328,35.99069595336914,24.369924545288086,35.9200325012207,25.39731788635254,35.65504837036133,25.29774284362793,34.93922424316406,25.439653396606445,33.34025955200195,23.907806396484375,31.369144439697266,25.374570846557617,27.798614501953125,25.039756774902344
224000000007,nan,19.159135818481445,nan,19.162994384765625,nan,19.550508499145508,nan,19.3399658203125,nan,19.490375518798828,nan,19.522968292236328,nan,20.07914161682129,nan,20.659446716308594,nan,24.348888397216797,nan,25.110807418823242,nan,22.97599983215332
224000000008,26.0429630279541,19.933231353759766,26.047809600830078,19.256183624267578,26.0107421875,19.443885803222656,25.899595260620117,20.149030685424805,25.99878692626953,20.67502212524414,26.003448486328125,23.67176628112793,25.65856170654297,23.065099716186523,24.61601448059082,19.86310577392578,22.761255264282227,23.50529670715332,21.318212509155273,24.50043296813965,20.60769271850586,17.960548400878906
224000000009,24.286222457885742,25.356929779052734,24.291044235229492,25.649188995361328,24.293794631958008,25.882244110107422,24.217124938964844,23.371448516845703,24.33915138244629,23.324600219726562,24.192882537841797,25.3846492767334,23.854833602905273,23.924776077270508,24.084976196289062,25.359052658081055,24.276248931884766,27.065431594848633,23.66693115234375,30.675283432006836,22.079143524169922,31.02046775817871
311000000000,29.772069931030273,11.872821807861328,29.775928497314453,12.008028984069824,29.84788703918457,12.003702163696289,29.827341079711914,12.09229564666748,29.05036163330078,11.054628372192383,27.46574592590332,11.72528076171875,26.5281925201416,11.983196258544922,26.061397552490234,11.958969116210938,23.78217124938965,14.11136531829834,20.765853881835938,11.45673942565918,17.129974365234375,10.555535316467285
311000000001,26.87860870361328,14.551061630249023,26.866165161132812,14.454558372497559,26.847471237182617,14.101222038269043,26.635574340820312,14.218521118164062,26.17597770690918,14.17429256439209,24.537090301513672,13.705809593200684,22.7793025970459,13.075648307800293,19.95063018798828,12.139047622680664,18.20630645751953,10.636585235595703,15.309202194213867,7.218872547149658,15.307144165039062,7.898542881011963
311000000002,20.025558471679688,17.846363067626953,20.0162296295166,18.007518768310547,19.979501724243164,18.30947494506836,19.87667465209961,18.054763793945312,19.685758590698242,18.12630844116211,19.459558486938477,18.217464447021484,19.335599899291992,19.063087463378906,18.093120574951172,17.772279739379883,15.4844388961792,16.70342254638672,15.914349555969238,14.839498519897461,15.416542053222656,17.4903564453125
311000000003,24.22235107421875,10.984006881713867,24.216493606567383,10.550894737243652,24.22221565246582,10.802271842956543,24.099889755249023,10.72946834564209,24.01443862915039,18.404781341552734,23.820524215698242,14.882491111755371,23.29388427734375,15.561400413513184,21.942424774169922,7.601130962371826,20.690519332885742,12.225316047668457,20.639080047607422,19.598196029663086,18.8460636138916,17.292572021484375
311000000004,19.86977195739746,18.991985321044922,19.866065979003906,19.373794555664062,19.837133407592773,20.25691032409668,19.715787887573242,20.019466400146484,19.381099700927734,21.499568939208984,18.523681640625,18.34711456298828,17.77859878540039,20.566429138183594,17.284198760986328,19.44544219970703,16.074020385742188,19.681188583374023,16.12982177734375,19.187257766723633,15.144731521606445,19.038227081298828
311000000005,20.679025650024414,15.489398002624512,20.67623519897461,15.760980606079102,20.672151565551758,15.546428680419922,20.551647186279297,15.160322189331055,20.40946388244629,19.2276668548584,19.91143035888672,17.032238006591797,19.191560745239258,17.68682861328125,18.761093139648438,15.995296478271484,17.414199829101562,19.37440299987793,15.449590682983398,20.29245948791504,13.350432395935059,18.308887481689453
311000000006,25.50383758544922,20.56045913696289,25.50401496887207,20.61062240600586,25.549375534057617,20.769235610961914,25.496335983276367,20.654409408569336,25.52324867248535,20.630491256713867,25.359458923339844,22.964529037475586,25.17283821105957,15.96650505065918,23.009239196777344,20.779508590698242,21.884252548217773,24.39778709411621,18.619365692138672,18.306848526000977,17.929616928100586,17.402570724487305
311000000007,23.880882263183594,15.08993911743164,23.895191192626953,15.290440559387207,23.933399200439453,15.324396133422852,23.832822799682617,15.211945533752441,23.49336814880371,15.592016220092773,21.36672019958496,19.293739318847656,22.707067489624023,13.74184799194336,21.662675857543945,15.699410438537598,20.22226333618164,14.764460563659668,19.448392868041992,14.812231063842773,16.996686935424805,18.085102081298828
311000000008,21.370346069335938,26.651004791259766,21.35886573791504,26.676427841186523,21.347549438476562,26.451414108276367,21.333463668823242,26.669082641601562,21.3149471282959,26.689970016479492,21.196205139160156,27.42030906677246,21.02324676513672,27.686946868896484,20.913875579833984,26.792341232299805,20.144962310791016,25.444746017456055,19.812740325927734,26.10035514831543,20.218557357788086,26.451751708984375
311000000009,30.763975143432617,24.711734771728516,30.777454376220703,24.5722713470459,30.75975799560547,24.662979125976562,30.742870330810547,24.57851791381836,30.655488967895508,24.597225189208984,30.583391189575195,24.465946197509766,30.617887496948242,24.090112686157227,30.676376342773438,23.593530654907227,29.827547073364258,23.585002899169922,23.82603645324707,25.913291931152344,20.899860382080078,26.052513122558594
312000000000,21.06575584411621,12.120487213134766,21.06597900390625,11.926339149475098,21.051658630371094,12.189539909362793,20.90327262878418,10.792566299438477,20.40787696838379,10.927999496459961,19.868804931640625,13.027034759521484,19.832597732543945,13.160284996032715,18.838428497314453,12.974739074707031,18.433460235595703,10.39237117767334,17.695886611938477,8.212847709655762,17.059513092041016,9.203351020812988
312000000001,19.674043655395508,12.95917797088623,19.65949249267578,12.4857816696167,19.655590057373047,13.093487739562988,19.50476837158203,14.180524826049805,19.013919830322266,11.472790718078613,17.605592727661133,13.701164245605469,16.371877670288086,14.084574699401855,15.523222923278809,11.45482063293457,14.192282676696777,13.704270362854004,12.982588768005371,15.06969928741455,12.698307991027832,14.666378021240234
312000000002,21.83950424194336,13.08753490447998,21.83965492248535,13.26889705657959,21.85318946838379,13.669787406921387,21.724973678588867,13.282299041748047,21.498395919799805,15.77755355834961,20.856569290161133,14.377530097961426,18.43328857421875,18.097990036010742,17.25457191467285,17.84473991394043,17.107349395751953,17.457294464111328,16.336219787597656,20.038150787353516,14.861735343933105,18.381872177124023
312000000003,19.094322204589844,14.112436294555664,19.089590072631836,14.181544303894043,19.076204299926758,14.173975944519043,19.05101203918457,14.084747314453125,18.99011993408203,14.209212303161621,18.997886657714844,14.176589012145996,18.827198028564453,14.577701568603516,18.269554138183594,13.610735893249512,17.422672271728516,12.491826057434082,17.784637451171875,13.583846092224121,16.986770629882812,14.577802658081055
312000000004,23.67142677307129,16.38705825805664,23.687833786010742,16.257051467895508,23.703365325927734,16.552248001098633,23.608457565307617,16.850154876708984,22.934528350830078,18.154956817626953,22.25762176513672,20.01995086669922,20.92759895324707,18.833688735961914,19.492679595947266,16.509658813476562,17.841703414916992,18.077672958374023,17.83604621887207,19.728256225585938,16.977325439453125,22.535860061645508
312000000005,18.643829345703125,10.671917915344238,18.63580894470215,10.245878219604492,18.56266975402832,9.753204345703125,18.524553298950195,9.413433074951172,18.24993133544922,8.663466453552246,17.334718704223633,13.315075874328613,17.5072021484375,16.36788558959961,16.493751525878906,11.589855194091797,16.79606819152832,14.607003211975098,16.61085319519043,13.892468452453613,16.721759796142578,8.715876579284668
312000000006,32.13530349731445,16.249540328979492,32.137168884277344,16.270801544189453,32.15575408935547,16.17361068725586,32.18444061279297,16.346904754638672,32.18192672729492,16.41792106628418,32.15635681152344,15.79102611541748,32.158958435058594,16.635557174682617,32.03818893432617,16.16330337524414,30.672929763793945,17.32131004333496,28.39689826965332,16.33501434326172,26.272891998291016,14.130651473999023
312000000007,24.813535690307617,18.013402938842773,24.810440063476562,18.049448013305664,24.821632385253906,18.221851348876953,24.725921630859375,17.42912483215332,24.384368896484375,18.626497268676758,24.170551300048828,19.12381935119629,23.654102325439453,17.829214096069336,20.674880981445312,23.983705520629883,19.39700698852539,25.335205078125,18.445642471313477,27.050817489624023,19.221622467041016,23.635921478271484
312000000008,18.74677085876465,11.62768268585205,18.753536224365234,11.648635864257812,18.748865127563477,11.312381744384766,18.662338256835938,11.365091323852539,18.532243728637695,11.3329496383667,18.42277717590332,11.376876831054688,17.767696380615234,13.964329719543457,15.858283042907715,15.741470336914062,16.24895668029785,14.938555717468262,14.872820854187012,13.785910606384277,12.02198600769043,11.22761344909668
312000000009,22.46851921081543,16.305103302001953,22.473798751831055,16.17655372619629,22.479074478149414,16.094070434570312,22.475189208984375,16.01448631286621,22.37236976623535,15.975838661193848,22.14901351928711,16.011262893676758,21.504655838012695,15.869757652282715,20.478254318237305,15.864212989807129,20.362926483154297,16.599090576171875,17.209562301635742,14.747097969055176,15.518975257873535,14.727899551391602
313000000000,19.990293502807617,22.738758087158203,19.995071411132812,22.612802505493164,20.008268356323242,22.630136489868164,19.908802032470703,22.43311309814453,19.909526824951172,22.489852905273438,19.101438522338867,22.191225051879883,18.45052719116211,24.833297729492188,18.87459945678711,22.396507263183594,16.65426254272461,20.927175521850586,16.695199966430664,22.919363021850586,15.651582717895508,24.714664459228516
313000000001,36.11231994628906,20.829620361328125,36.120819091796875,20.9183292388916,36.082496643066406,21.560462951660156,35.948944091796875,21.592187881469727,35.19749450683594,20.042211532592773,34.316959381103516,21.669769287109375,34.566444396972656,21.068214416503906,28.098142623901367,19.40178871154785,27.85504722595215,24.36617088317871,27.851905822753906,22.546113967895508,23.58162498474121,23.225322723388672
313000000002,23.207483291625977,20.70945167541504,23.19413948059082,20.721254348754883,23.173831939697266,20.83966636657715,23.121036529541016,20.79424476623535,23.076324462890625,20.879623413085938,22.86410903930664,21.061344146728516,22.582834243774414,21.495210647583008,22.141674041748047,21.3074951171875,20.953298568725586,21.317968368530273,18.491037368774414,21.586498260498047,16.14942741394043,20.390125274658203
313000000003,17.76644515991211,18.153295516967773,17.76972770690918,18.201213836669922,17.772550582885742,18.28022575378418,17.722684860229492,17.58319854736328,17.67165184020996,18.307498931884766,17.674476623535156,19.148496627807617,17.290273666381836,19.312875747680664,16.839189529418945,19.685897827148438,15.72653579711914,20.28648567199707,14.05020523071289,19.656648635864258,13.346856117248535,20.17847442626953
313000000004,26.23009490966797,12.637933731079102,26.22263526916504,13.953781127929688,26.224199295043945,12.703317642211914,25.788503646850586,14.342231750488281,25.276071548461914,15.628978729248047,24.62863540649414,17.263254165649414,23.396677017211914,16.340423583984375,18.38001251220703,14.590178489685059,16.419429779052734,19.061161041259766,16.064620971679688,18.539865493774414,15.886362075805664,19.28762435913086
313000000005,22.006162643432617,13.07656478881836,22.005170822143555,12.910697937011719,22.01389503479004,12.826204299926758,21.96442985534668,12.760543823242188,21.888858795166016,12.063753128051758,21.59952163696289,13.315937042236328,21.403535842895508,13.628384590148926,19.008607864379883,12.664200782775879,17.21965217590332,13.393669128417969,16.116043090820312,13.22604751586914,14.686004638671875,15.950228691101074
313000000006,24.90250587463379,19.57776641845703,24.902639389038086,19.38987159729004,24.885839462280273,19.1199951171875,24.81311798095703,19.10618782043457,24.858509063720703,19.218196868896484,24.45540428161621,18.995485305786133,23.821956634521484,17.68981170654297,21.97972869873047,16.58281898498535,16.892789840698242,18.578746795654297,15.491036415100098,18.593233108520508,15.705574989318848,21.30368423461914
313000000007,22.338693618774414,19.39998435974121,22.343774795532227,19.810657501220703,22.3483943939209,20.332996368408203,22.234663009643555,19.86324691772461,22.12168312072754,23.170211791992188,21.83361053466797,21.832143783569336,21.999958038330078,20.852094650268555,20.54115104675293,20.635042190551758,20.620668411254883,21.2253360748291,18.637615203857422,24.083526611328125,17.003673553466797,22.607168197631836
313000000008,23.484201431274414,11.879571914672852,23.484294891357422,11.686484336853027,23.481739044189453,12.019966125488281,23.44049835205078,12.409818649291992,23.288833618164062,14.46793270111084,22.602880477905273,13.257601737976074,22.733171463012695,10.543285369873047,22.300691604614258,16.810083389282227,22.084270477294922,11.64348030090332,21.034473419189453,20.82023048400879,20.656543731689453,17.799802780151367
313000000009,24.3101806640625,10.020383834838867,24.290857315063477,10.306715965270996,24.284669876098633,10.4647855758667,24.20004653930664,10.297507286071777,23.996023178100586,11.048396110534668,23.58352279663086,21.47577476501465,23.473346710205078,19.498367309570312,23.174785614013672,18.43489646911621,21.56952476501465,20.48271942138672,19.730594635009766,17.20442771911621,18.208036422729492,15.727755546569824
314000000000,24.85357093811035,16.062719345092773,24.847557067871094,16.083942413330078,24.848182678222656,16.102115631103516,24.780921936035156,16.024211883544922,24.690601348876953,16.094928741455078,24.162687301635742,16.14971923828125,23.13330841064453,16.222675323486328,21.829532623291016,16.515499114990234,20.779748916625977,16.100603103637695,16.95667266845703,16.80575942993164,13.795648574829102,16.024826049804688
314000000001,26.36446762084961,14.69080924987793,26.352724075317383,14.49289608001709,26.28916358947754,14.745271682739258,26.17709732055664,15.523931503295898,25.717453002929688,14.920989036560059,25.7523250579834,15.972820281982422,23.73392105102539,16.065698623657227,22.386926651000977,20.089075088500977,21.897668838500977,20.45789337158203,21.53301239013672,21.365901947021484,16.351564407348633,19.57474708557129
314000000002,25.208261489868164,20.164546966552734,25.191059112548828,20.46551513671875,25.160987854003906,20.867633819580078,25.090499877929688,19.99692726135254,25.026456832885742,19.38902473449707,24.71120834350586,19.454769134521484,24.140716552734375,21.834819793701172,23.432544708251953,20.960498809814453,21.619413375854492,22.61455726623535,18.455881118774414,21.53235626220703,15.559186935424805,22.562644958496094
314000000003,18.939748764038086,21.482343673706055,18.936208724975586,21.224712371826172,18.92484474182129,21.315067291259766,18.84480857849121,21.442079544067383,18.753881454467773,20.18251609802246,18.573043823242188,19.453582763671875,18.31728744506836,20.6260986328125,18.094850540161133,18.605514526367188,18.012920379638672,20.59731674194336,18.01685333251953,17.629024505615234,17.829723358154297,19.897796630859375
314000000004,23.933422088623047,23.156980514526367,23.92605972290039,23.851247787475586,23.91275405883789,23.39873504638672,23.869447708129883,23.272878646850586,23.7766170501709,25.08013916015625,23.72021484375,24.60888671875,23.347312927246094,23.487913131713867,22.39481544494629,24.890804290771484,22.160879135131836,24.91067123413086,21.977195739746094,25.184463500976562,20.903554916381836,25.332910537719727
314000000005,24.7515926361084,22.201038360595703,24.74172019958496,22.755327224731445,24.73664093017578,22.031726837158203,24.60711669921875,22.09628677368164,24.450035095214844,22.90448570251465,24.126989364624023,22.234769821166992,23.336166381835938,22.535091400146484,21.153181076049805,20.218875885009766,21.25397491455078,21.146913528442383,20.087078094482422,19.410552978515625,20.55687141418457,20.665847778320312
314000000006,20.883764266967773,20.666030883789062,20.873374938964844,20.618452072143555,20.82840919494629,20.642194747924805,20.78153419494629,20.644577026367188,20.784542083740234,20.98375701904297,20.75319480895996,21.12725830078125,20.77726173400879,24.454530715942383,20.632291793823242,21.31512451171875,18.16364860534668,20.14391326904297,19.415231704711914,20.451047897338867,18.841934204101562,19.33231544494629
314000000007,19.990184783935547,17.269975662231445,19.98702621459961,17.159454345703125,19.950183868408203,16.104066848754883,19.805877685546875,15.208980560302734,19.34734344482422,14.397849082946777,19.16998291015625,18.049728393554688,18.810468673706055,18.818906784057617,18.56150245666504,16.781906127929688,18.33378791809082,17.447525024414062,17.758953094482422,17.295551300048828,17.12469482421875,17.455629348754883
314000000008,21.575719833374023,16.87847137451172,21.570335388183594,17.006887435913086,21.53473472595215,17.409860610961914,21.453039169311523,17.514907836914062,21.35433578491211,18.335363388061523,20.537221908569336,18.467721939086914,20.94485092163086,17.863576889038086,20.5523624420166,17.59318733215332,19.33405876159668,17.864967346191406,18.236827850341797,17.276784896850586,18.432815551757812,17.400768280029297
314000000009,17.24573516845703,19.690202713012695,17.246301651000977,19.563644409179688,17.27477264404297,19.431900024414062,17.19648551940918,19.500776290893555,17.196928024291992,18.601221084594727,17.11444664001465,20.507030487060547,16.878679275512695,19.67121696472168,15.966769218444824,15.606096267700195,15.921988487243652,21.337738037109375,15.813360214233398,15.873411178588867,14.122624397277832,18.010324478149414
321000000000,23.755489349365234,11.839069366455078,23.781068801879883,12.936432838439941,23.74913787841797,12.95814323425293,23.581539154052734,12.32193374633789,23.414939880371094,12.109403610229492,22.861173629760742,12.69572639465332,22.425647735595703,15.013277053833008,19.583200454711914,17.446870803833008,19.90245246887207,16.775165557861328,19.111682891845703,12.228781700134277,19.352266311645508,12.416275024414062
321000000001,24.55857276916504,14.238168716430664,24.55833625793457,14.065731048583984,24.51043701171875,14.27050495147705,24.354875564575195,13.946527481079102,23.63427734375,13.953449249267578,22.800371170043945,12.822553634643555,22.220252990722656,14.225859642028809,20.820619583129883,14.415301322937012,19.621604919433594,18.13044548034668,19.455799102783203,18.245628356933594,16.710683822631836,18.0631160736084
321000000002,23.50377082824707,22.78434181213379,23.502126693725586,22.80243682861328,23.508203506469727,21.99588394165039,23.502498626708984,22.93478775024414,23.475387573242188,24.360063552856445,23.450599670410156,25.574541091918945,23.46860694885254,25.747358322143555,23.44303321838379,22.544469833374023,23.395288467407227,26.481616973876953,23.049348831176758,27.48365020751953,22.227262496948242,25.102373123168945
321000000003,23.952741622924805,13.777682304382324,23.99284553527832,14.237801551818848,24.041704177856445,14.27572250366211,23.84671401977539,14.265264511108398,23.571332931518555,15.019680976867676,23.065673828125,15.37331485748291,21.4601993560791,15.915542602539062,20.7875919342041,14.573075294494629,17.720565795898438,22.463911056518555,16.25275230407715,14.534838676452637,15.191285133361816,16.45568084716797
321000000004,19.45001220703125,11.56699275970459,19.45002555847168,11.734756469726562,19.433809280395508,11.687273979187012,19.390518188476562,11.699851989746094,19.22439956665039,14.475663185119629,18.984455108642578,14.944036483764648,18.241456985473633,14.661264419555664,17.161365509033203,16.128019332885742,18.493396759033203,12.614020347595215,17.833396911621094,16.585853576660156,15.656638145446777,12.7416353225708
321000000005,25.253833770751953,7.620395660400391,25.247642517089844,7.5319671630859375,25.1353759765625,7.471591949462891,24.848548889160156,7.6588335037231445,24.365123748779297,7.588033199310303,24.123214721679688,7.784636497497559,23.072063446044922,7.681021213531494,22.573139190673828,8.887656211853027,20.18093490600586,12.850356101989746,17.148286819458008,16.329265594482422,17.335655212402344,10.091465950012207
321000000006,25.554363250732422,14.895346641540527,25.559001922607422,15.340693473815918,25.463106155395508,14.632813453674316,25.3289794921875,14.710253715515137,25.047805786132812,15.681889533996582,24.905704498291016,13.026909828186035,23.66933250427246,11.70634937286377,22.16946029663086,18.679363250732422,21.67176055908203,19.4920711517334,18.557096481323242,16.957988739013672,15.585864067077637,17.58278465270996
321000000007,21.757492065429688,14.889958381652832,21.75235939025879,14.940841674804688,21.73202896118164,14.604812622070312,21.6242618560791,14.795745849609375,21.49903678894043,15.329805374145508,20.989242553710938,15.384838104248047,19.686052322387695,14.640283584594727,18.664447784423828,15.25900650024414,17.521509170532227,13.89736270904541,17.304048538208008,10.557489395141602,15.765231132507324,12.819602966308594
321000000008,16.70307731628418,18.449281692504883,16.70606231689453,19.20273208618164,16.699542999267578,19.86626434326172,16.66889762878418,19.953065872192383,16.563392639160156,22.364355087280273,16.398622512817383,22.44829750061035,15.984879493713379,24.295053482055664,15.408849716186523,21.778242111206055,15.439292907714844,13.94848346710205,15.107829093933105,21.684574127197266,14.12917709350586,19.045135498046875
321000000009,25.098154067993164,24.694868087768555,25.10822296142578,24.105539321899414,25.154640197753906,24.1153621673584,25.159793853759766,24.993635177612305,24.885173797607422,24.753070831298828,24.661333084106445,23.668359756469727,24.778432846069336,24.298837661743164,23.814050674438477,21.326974868774414,22.86629295349121,20.56779670715332,23.202556610107422,21.568927764892578,22.928211212158203,19.06092071533203
322000000000,22.12437629699707,12.902469635009766,22.116872787475586,12.78376579284668,22.06747055053711,12.386734962463379,21.799104690551758,14.862863540649414,21.8239803314209,13.124253273010254,21.438255310058594,13.491196632385254,20.646759033203125,13.446934700012207,19.269912719726562,17.731624603271484,18.3470401763916,15.376893043518066,17.081960678100586,17.357250213623047,17.595016479492188,17.372272491455078
322000000001,22.695886611938477,8.301566123962402,22.69154167175293,8.188775062561035,22.668859481811523,8.130364418029785,22.570720672607422,8.440731048583984,22.32142448425293,7.053803443908691,22.243572235107422,8.583455085754395,20.186843872070312,11.218293190002441,18.389789581298828,10.176560401916504,16.241689682006836,14.374783515930176,15.204824447631836,12.859333992004395,16.031837463378906,11.018940925598145
322000000002,22.53887367248535,9.134139060974121,22.54335594177246,7.374163627624512,22.529205322265625,7.604794979095459,22.354839324951172,12.502182960510254,22.293607711791992,9.329078674316406,22.100309371948242,8.478790283203125,21.337963104248047,9.004185676574707,19.64158821105957,10.104338645935059,17.238758087158203,8.135651588439941,17.407333374023438,11.472773551940918,15.903533935546875,8.79416561126709
322000000003,25.817930221557617,8.436058044433594,25.818370819091797,9.430153846740723,25.79958724975586,10.433460235595703,25.727983474731445,10.959670066833496,25.660322189331055,10.165349006652832,24.8685245513916,5.148097038269043,24.885269165039062,6.923182964324951,24.822168350219727,9.768756866455078,23.783597946166992,8.388134956359863,21.331218719482422,9.104883193969727,19.758419036865234,15.750702857971191
322000000004,22.606748580932617,16.795015335083008,22.60369873046875,16.775903701782227,22.596960067749023,16.428905487060547,22.550312042236328,15.73889446258545,22.486406326293945,14.987913131713867,22.048425674438477,17.26903533935547,21.61277961730957,17.19562339782715,20.535348892211914,15.120710372924805,19.582921981811523,15.8734130859375,18.941194534301758,15.87074089050293,17.66947364807129,13.98813533782959
322000000005,22.471433639526367,16.89327049255371,22.462587356567383,17.173072814941406,22.421287536621094,16.044055938720703,22.130260467529297,17.065481185913086,21.948657989501953,16.806724548339844,21.38222312927246,17.46058464050293,19.68618392944336,17.626413345336914,18.69631576538086,20.02635383605957,17.981462478637695,19.89834976196289,16.52683448791504,19.69535255432129,14.381694793701172,19.714738845825195
322000000006,27.769840240478516,14.913362503051758,27.74909019470215,14.550158500671387,27.6971378326416,14.44890022277832,27.58834457397461,13.451905250549316,27.428552627563477,13.737091064453125,26.834190368652344,14.572822570800781,25.947908401489258,13.483309745788574,24.79896354675293,13.522538185119629,21.780216217041016,12.866531372070312,17.968889236450195,16.0838565826416,14.497599601745605,14.116959571838379
322000000007,19.07373046875,10.907144546508789,19.074691772460938,12.10484790802002,19.04451560974121,10.85416030883789,18.91521644592285,10.589372634887695,18.601613998413086,10.129852294921875,18.335346221923828,9.162760734558105,17.73579978942871,12.668792724609375,17.12235450744629,20.60244369506836,15.115058898925781,13.89123821258545,16.456195831298828,10.37466049194336,15.17708969116211,9.551091194152832
322000000008,20.949312210083008,18.39220428466797,20.951688766479492,17.794349670410156,20.967161178588867,17.437063217163086,20.897340774536133,18.755956649780273,20.64249038696289,17.010297775268555,20.58437156677246,17.816139221191406,20.41118049621582,17.465377807617188,18.843711853027344,17.679744720458984,18.20323371887207,18.0670166015625,17.36748504638672,22.11717414855957,18.423051834106445,24.089649200439453
322000000009,23.250160217285156,10.566648483276367,23.24863624572754,10.498663902282715,23.244544982910156,10.932709693908691,23.19321632385254,10.647903442382812,23.043140411376953,9.801122665405273,23.01186180114746,9.661706924438477,22.64855194091797,8.67418384552002,22.12357521057129,7.138705253601074,21.281917572021484,11.646051406860352,19.290607452392578,10.766276359558105,17.14118766784668,14.351065635681152
323000000000,24.189743041992188,23.198148727416992,24.186912536621094,23.915016174316406,24.18607521057129,23.39450454711914,24.11174201965332,23.841676712036133,23.57577896118164,23.236312866210938,23.175031661987305,23.223798751831055,22.13454818725586,21.75161361694336,21.065391540527344,16.329282760620117,18.821273803710938,19.522830963134766,17.654035568237305,22.536745071411133,17.394559860229492,11.940458297729492
323000000001,23.698196411132812,9.117293357849121,23.69209861755371,9.069890975952148,23.693235397338867,9.563149452209473,23.67721939086914,9.6076078414917,23.61511993408203,11.50012493133545,23.628074645996094,9.043184280395508,23.49640655517578,9.290069580078125,22.024415969848633,10.312969207763672,21.355144500732422,10.814030647277832,19.01367950439453,8.327716827392578,16.199295043945312,8.062064170837402
323000000002,20.796602249145508,28.47772216796875,20.787181854248047,28.133291244506836,20.77081871032715,27.716917037963867,20.72519874572754,27.315061569213867,20.686683654785156,27.768266677856445,20.594280242919922,25.747745513916016,20.62847137451172,26.76744842529297,19.976381301879883,27.179014205932617,18.59722900390625,22.03443717956543,16.610620498657227,21.48995018005371,15.867923736572266,23.204326629638672
323000000003,29.0113525390625,15.908804893493652,29.040006637573242,15.719827651977539,29.1685733795166,15.851792335510254,29.02909278869629,15.388824462890625,28.702857971191406,15.566741943359375,28.836973190307617,15.42831802368164,28.09539222717285,15.655194282531738,26.4401912689209,19.119436264038086,27.256959915161133,20.256561279296875,22.738500595092773,22.806957244873047,14.562366485595703,21.867156982421875
323000000004,25.2366886138916,15.8873291015625,25.242530822753906,15.705280303955078,25.232572555541992,14.946438789367676,25.21926498413086,14.879480361938477,25.258134841918945,17.885005950927734,25.06830406188965,15.937009811401367,24.014253616333008,20.401973724365234,24.525732040405273,18.076786041259766,23.793109893798828,18.231639862060547,18.98546028137207,19.735864639282227,18.74462890625,19.41779327392578
323000000005,20.05872344970703,25.82331657409668,20.05845832824707,25.77913475036621,20.0751953125,25.891023635864258,20.08173370361328,26.028352737426758,20.068790435791016,26.46278190612793,19.990121841430664,26.217552185058594,19.891271591186523,26.418394088745117,19.851438522338867,26.372438430786133,19.026424407958984,26.448640823364258,18.952953338623047,26.472383499145508,17.765615463256836,26.18703842163086
323000000006,24.001855850219727,16.87537384033203,24.01239585876465,16.92315673828125,24.064857482910156,16.93938446044922,24.012998580932617,17.214553833007812,23.802165985107422,17.026737213134766,23.151336669921875,17.7509822845459,22.555246353149414,17.966951370239258,20.329530715942383,17.274967193603516,18.928791046142578,20.323768615722656,16.116052627563477,16.936866760253906,14.917680740356445,23.86580467224121
323000000007,24.13140296936035,20.99997329711914,24.133502960205078,21.103836059570312,24.137414932250977,21.033084869384766,24.05436897277832,20.427799224853516,23.865259170532227,20.43524169921875,23.69956398010254,20.88099479675293,23.37157440185547,20.340999603271484,22.554834365844727,20.466999053955078,20.744890213012695,20.014284133911133,19.09716796875,18.553144454956055,18.313188552856445,17.66037368774414
323000000008,21.121789932250977,20.427095413208008,21.126615524291992,20.54007911682129,21.128036499023438,20.512575149536133,21.16217803955078,20.866519927978516,21.100605010986328,21.246007919311523,20.92560577392578,20.858055114746094,20.432403564453125,21.387819290161133,19.986827850341797,22.298826217651367,18.405975341796875,21.28366470336914,16.015195846557617,22.413772583007812,13.862773895263672,21.67125129699707
323000000009,20.868364334106445,14.036726951599121,20.86591339111328,14.722657203674316,20.857398986816406,13.748449325561523,20.779497146606445,14.046356201171875,20.577077865600586,12.162666320800781,20.43338394165039,16.888872146606445,19.82822608947754,19.662349700927734,19.27780532836914,15.244826316833496,18.674787521362305,15.404619216918945,17.505908966064453,18.881834030151367,15.287245750427246,16.410314559936523
324000000000,26.007808685302734,18.85920524597168,25.993104934692383,18.65994644165039,25.87012481689453,18.755521774291992,25.10880470275879,18.925920486450195,23.74201011657715,19.43801498413086,23.785154342651367,19.306751251220703,21.913637161254883,20.661001205444336,18.882829666137695,24.190448760986328,15.685342788696289,24.330249786376953,14.843305587768555,26.856487274169922,14.625284194946289,26.048009872436523
324000000001,24.694997787475586,25.279396057128906,24.697784423828125,25.12625503540039,24.683320999145508,25.29387092590332,24.62968635559082,25.676986694335938,24.67015838623047,25.53797149658203,24.679044723510742,25.02218246459961,24.562456130981445,25.336193084716797,24.533353805541992,26.56011199951172,24.392696380615234,26.411741256713867,23.720605850219727,24.524688720703125,22.940763473510742,25.558895111083984
324000000002,27.736652374267578,19.935707092285156,27.677043914794922,20.025577545166016,27.553176879882812,20.220535278320312,27.05167007446289,20.431583404541016,25.322162628173828,20.945619583129883,24.561552047729492,24.11076545715332,23.234485626220703,20.349666595458984,22.179723739624023,20.309431076049805,20.41415023803711,21.807748794555664,19.681550979614258,24.016929626464844,19.001195907592773,22.908111572265625
324000000003,23.1939754486084,18.192358016967773,23.177757263183594,18.21368408203125,23.133955001831055,21.127105712890625,22.973613739013672,19.994495391845703,22.813858032226562,19.372753143310547,22.224365234375,27.07766342163086,21.13848876953125,25.03888702392578,19.723159790039062,24.00495147705078,19.2051944732666,19.477188110351562,18.3687801361084,20.890308380126953,17.569683074951172,22.614452362060547
324000000004,23.863527297973633,17.855628967285156,23.847986221313477,17.422515869140625,23.84528350830078,17.70048713684082,23.77006721496582,18.574867248535156,23.71183967590332,17.80259895324707,23.679380416870117,17.813669204711914,23.712587356567383,17.944053649902344,23.67505645751953,18.139318466186523,22.707141876220703,18.477937698364258,20.203327178955078,17.910152435302734,18.871261596679688,17.753490447998047
324000000005,24.07073402404785,18.054195404052734,24.063976287841797,18.018800735473633,24.043779373168945,18.185598373413086,24.024721145629883,18.335247039794922,24.037111282348633,17.664623260498047,24.08391571044922,18.56891441345215,24.07953453063965,18.42714500427246,23.914281845092773,18.862268447875977,23.606836318969727,18.361127853393555,22.731616973876953,18.104528427124023,19.88852310180664,17.991365432739258
324000000006,21.80162811279297,15.777935028076172,21.818695068359375,15.258644104003906,21.867164611816406,15.968504905700684,21.793222427368164,15.413247108459473,21.441959381103516,15.204754829406738,21.098114013671875,16.04176139831543,19.793514251708984,17.12122917175293,19.294597625732422,16.07635498046875,18.838726043701172,13.349810600280762,15.896940231323242,15.499238967895508,13.945135116577148,15.410682678222656
324000000007,24.722448348999023,22.63382339477539,24.714462280273438,22.77647590637207,24.653274536132812,22.618871688842773,24.70123863220215,22.54754638671875,24.450029373168945,22.52102279663086,24.74393081665039,22.179380416870117,24.514034271240234,22.484975814819336,24.304615020751953,21.655929565429688,24.34969139099121,23.20386505126953,23.46189308166504,22.593307495117188,23.02882957458496,24.093828201293945
324000000008,19.486766815185547,20.115854263305664,19.48819351196289,19.95490264892578,19.486013412475586,19.44316864013672,19.472715377807617,19.53192138671875,19.430023193359375,19.62506675720215,19.451086044311523,20.347135543823242,18.88459014892578,22.80312156677246,17.761489868164062,22.484333038330078,17.60012435913086,19.172748565673828,17.17144203186035,20.490402221679688,14.839759826660156,21.02532386779785
324000000009,20.403085708618164,13.007213592529297,20.404659271240234,13.037676811218262,20.38727378845215,13.252689361572266,20.329299926757812,13.532916069030762,20.351469039916992,12.858549118041992,20.188899993896484,14.384958267211914,19.78725814819336,13.921894073486328,18.95914077758789,12.503775596618652,18.618032455444336,14.141765594482422,18.08372688293457,14.59233570098877,16.612693786621094,13.236230850219727
411000000000,19.824960708618164,18.109163284301758,19.826004028320312,17.940032958984375,19.85228729248047,17.991374969482422,19.851829528808594,17.89842414855957,19.782331466674805,18.245615005493164,19.70970344543457,17.92961883544922,19.703933715820312,17.678579330444336,19.317110061645508,17.810060501098633,19.261850357055664,17.63783073425293,17.728193283081055,18.13228988647461,17.06890296936035,20.93195343017578
411000000001,22.317922592163086,24.331226348876953,22.323463439941406,24.254745483398438,22.326866149902344,23.877439498901367,22.266653060913086,23.624177932739258,22.179075241088867,24.05223846435547,22.21837043762207,23.351640701293945,21.90500831604004,22.527605056762695,21.43716049194336,21.855873107910156,21.430387496948242,23.760705947875977,19.939178466796875,23.686603546142578,19.79851531982422,25.751001358032227
411000000002,30.61894416809082,22.884794235229492,30.61902618408203,22.97530746459961,30.621143341064453,22.843521118164062,30.6460018157959,22.965856552124023,30.630754470825195,23.292890548706055,30.530858993530273,23.280784606933594,30.41452980041504,23.164382934570312,30.265840530395508,23.29620361328125,30.04412078857422,23.23301124572754,28.989194869995117,24.294958114624023,23.542722702026367,28.54446792602539
411000000003,nan,23.306060791015625,nan,23.643354415893555,nan,23.979217529296875,nan,24.17064666748047,nan,23.707313537597656,nan,24.6112060546875,nan,23.421070098876953,nan,25.205928802490234,nan,24.532123565673828,nan,23.79153823852539,nan,23.49263572692871
411000000004,22.107141494750977,18.69159507751465,22.106990814208984,18.65038299560547,22.09678840637207,18.86860466003418,22.074485778808594,18.66289710998535,22.036348342895508,19.701982498168945,21.921894073486328,19.85025405883789,21.719730377197266,19.314809799194336,20.9260196685791,19.59376335144043,20.429420471191406,19.709157943725586,20.070537567138672,20.142831802368164,18.507375717163086,19.60687255859375
412000000000,25.339990615844727,20.080184936523438,25.337705612182617,19.991498947143555,25.32415199279785,19.78521728515625,25.207515716552734,19.94172477722168,25.16993522644043,19.050277709960938,24.88021469116211,22.980819702148438,24.14583969116211,21.123857498168945,23.750133514404297,17.030487060546875,23.066787719726562,18.360097885131836,22.239871978759766,18.984529495239258,18.65648078918457,18.703819274902344
412000000001,nan,23.634294509887695,nan,23.569583892822266,nan,22.774150848388672,nan,22.488649368286133,nan,21.371118545532227,nan,20.27836799621582,nan,21.80495834350586,nan,22.90114974975586,nan,21.14310646057129,nan,23.643692016601562,nan,12.007001876831055
412000000002,21.346132278442383,17.70853614807129,21.339345932006836,17.5762939453125,21.29828453063965,17.17784881591797,21.22950553894043,18.79558563232422,20.953832626342773,21.205318450927734,20.681821823120117,22.700624465942383,20.161781311035156,22.415369033813477,19.89215660095215,21.419126510620117,17.96652603149414,21.992074966430664,16.026762008666992,18.50791358947754,16.12769317626953,23.591419219970703
412000000003,26.04777717590332,20.470991134643555,26.048446655273438,20.596508026123047,26.052623748779297,20.63401222229004,26.02214813232422,20.65969467163086,26.03724479675293,20.84449577331543,25.867773056030273,20.72870445251465,25.414844512939453,20.095993041992188,23.915626525878906,21.40349769592285,24.045406341552734,18.751201629638672,22.046024322509766,20.8945255279541,20.050579071044922,18.855693817138672
412000000004,22.058927536010742,19.41455841064453,22.04586410522461,19.47149658203125,21.99852180480957,19.474470138549805,21.90623664855957,19.079566955566406,21.335355758666992,23.47642707824707,19.460628509521484,23.729700088500977,19.487539291381836,22.79140281677246,16.701488494873047,18.682348251342773,16.496740341186523,17.250263214111328,19.00690269470215,24.166166305541992,18.803808212280273,22.15451431274414
413000000000,19.724695205688477,23.794963836669922,19.72034454345703,24.124732971191406,19.72042465209961,23.695358276367188,19.713611602783203,23.630996704101562,19.651229858398438,24.174522399902344,19.6475887298584,23.36094093322754,19.226163864135742,26.067543029785156,18.333003997802734,23.938724517822266,17.62127685546875,22.09324073791504,17.923748016357422,26.932710647583008,17.856334686279297,25.112892150878906
413000000001,26.197267532348633,25.80083656311035,26.193098068237305,25.614538192749023,26.19063377380371,25.7631778717041,26.146642684936523,25.837909698486328,26.01957893371582,25.789113998413086,25.81472396850586,26.681554794311523,25.59955596923828,25.350791931152344,26.36610221862793,26.161819458007812,24.21693992614746,26.481449127197266,20.819671630859375,27.914655685424805,16.99131202697754,27.484834671020508
413000000002,24.629350662231445,19.04496192932129,24.627248764038086,18.640207290649414,24.62380027770996,18.54941177368164,24.5321044921875,18.55613136291504,24.46202278137207,18.937692642211914,23.61431121826172,17.241500854492188,23.2081356048584,18.193986892700195,21.78011703491211,17.561384201049805,20.218008041381836,20.332380294799805,19.38800621032715,19.003664016723633,15.906852722167969,14.274398803710938
413000000003,21.151350021362305,17.362186431884766,21.115367889404297,17.427274703979492,21.0172061920166,17.376220703125,20.623451232910156,17.428770065307617,20.017757415771484,20.568634033203125,19.25202751159668,20.132455825805664,17.919933319091797,17.92355728149414,16.79599952697754,20.762699127197266,16.0704402923584,16.722414016723633,16.87067985534668,15.047179222106934,15.384164810180664,17.168886184692383
413000000004,36.883827209472656,27.796846389770508,36.8335075378418,27.753915786743164,36.85462188720703,27.663606643676758,36.98903274536133,27.941370010375977,36.91313171386719,29.442279815673828,36.597679138183594,28.445907592773438,34.484806060791016,28.121545791625977,34.58939743041992,25.46038246154785,34.714515686035156,27.272554397583008,25.364601135253906,24.344331741333008,18.96625328063965,27.358991622924805
414000000000,23.889835357666016,17.12974739074707,23.874448776245117,18.38207244873047,23.827592849731445,17.388689041137695,23.590173721313477,17.871187210083008,23.297496795654297,18.45863151550293,22.91704559326172,18.960098266601562,22.786453247070312,18.34360122680664,21.883174896240234,17.293018341064453,20.942039489746094,18.33505630493164,18.957185745239258,20.48118782043457,17.881059646606445,19.516569137573242
414000000001,22.34741973876953,28.853321075439453,22.34935760498047,28.987159729003906,22.367382049560547,29.00049591064453,22.355289459228516,28.72815704345703,22.26954460144043,29.46748161315918,21.72506332397461,27.904151916503906,21.373077392578125,27.38002586364746,21.517610549926758,27.12854766845703,21.010814666748047,26.16102409362793,21.077783584594727,27.66103172302246,21.550621032714844,28.093994140625
414000000002,27.53928565979004,22.26773452758789,27.543134689331055,22.1324405670166,27.55877685546875,22.832063674926758,27.56595230102539,23.151874542236328,27.58009147644043,23.163570404052734,27.48179054260254,22.776975631713867,27.41068458557129,22.30312728881836,27.159759521484375,22.551584243774414,27.295137405395508,22.268768310546875,26.856184005737305,23.710420608520508,27.29426383972168,24.94500732421875
414000000003,26.225242614746094,16.976022720336914,26.209121704101562,16.526763916015625,26.152463912963867,16.84821128845215,25.986371994018555,17.54399871826172,25.47840690612793,18.50398826599121,24.426958084106445,18.173295974731445,22.952014923095703,19.64312744140625,20.811084747314453,16.927555084228516,18.417552947998047,20.006790161132812,15.626315116882324,20.588472366333008,13.837848663330078,20.081130981445312
414000000004,23.291336059570312,27.29351806640625,23.299636840820312,28.273082733154297,23.306835174560547,27.179908752441406,23.198762893676758,27.019655227661133,22.558971405029297,26.922130584716797,22.330841064453125,27.684009552001953,21.56553840637207,27.18825340270996,20.937774658203125,26.82388687133789,20.46474838256836,27.853118896484375,19.37659454345703,27.96040153503418,17.116252899169922,25.12034797668457
421000000000,21.04541778564453,23.27941131591797,21.04153060913086,24.10746955871582,20.992502212524414,24.690683364868164,20.88372802734375,24.821693420410156,20.70493507385254,24.007293701171875,20.605445861816406,23.98053741455078,20.150259017944336,29.114187240600586,18.405372619628906,29.210281372070312,19.112741470336914,25.303184509277344,18.646047592163086,32.670101165771484,12.718679428100586,24.374923706054688
421000000001,23.63063621520996,27.517642974853516,23.6292667388916,27.32051658630371,23.632953643798828,27.84375,23.61859893798828,27.9395751953125,23.592927932739258,27.343582153320312,23.62004852294922,28.036758422851562,23.620365142822266,29.509178161621094,23.567276000976562,27.302623748779297,22.426502227783203,27.86043357849121,18.274547576904297,23.299009323120117,19.867746353149414,23.67301368713379
421000000002,27.145071029663086,24.90799331665039,27.153575897216797,25.043428421020508,27.10393714904785,25.073671340942383,27.04849624633789,25.56792449951172,26.93317413330078,25.121471405029297,26.7141170501709,25.32905387878418,26.5048828125,25.721662521362305,26.110578536987305,25.373056411743164,25.48658561706543,24.831932067871094,25.407634735107422,24.937665939331055,25.021272659301758,24.16860008239746
421000000003,32.307899475097656,22.10778045654297,32.320167541503906,22.390790939331055,32.2387580871582,22.393356323242188,32.48395919799805,22.75477409362793,31.21187973022461,22.63690948486328,32.103328704833984,22.310585021972656,32.35383987426758,23.26526641845703,30.339426040649414,22.087730407714844,30.097640991210938,23.37549591064453,23.541444778442383,18.977806091308594,22.35995101928711,20.344743728637695
421000000004,26.372512817382812,24.36574363708496,26.373342514038086,24.28982925415039,26.368305206298828,24.243005752563477,26.193084716796875,24.3829345703125,26.0279541015625,24.30360221862793,25.847131729125977,24.226961135864258,26.19906234741211,24.238468170166016,26.430301666259766,24.174604415893555,25.30751609802246,25.508190155029297,26.330421447753906,25.179174423217773,25.685224533081055,24.577938079833984
422000000000,26.800769805908203,14.428960800170898,26.795827865600586,14.584859848022461,26.790447235107422,14.287996292114258,26.714868545532227,14.499536514282227,26.486513137817383,14.728492736816406,26.19114875793457,14.463874816894531,26.209869384765625,14.14369010925293,26.03455924987793,13.08333683013916,22.391706466674805,15.168002128601074,21.16827392578125,14.093236923217773,15.811725616455078,14.509880065917969
422000000001,24.556272506713867,22.38875389099121,24.551116943359375,22.512310028076172,24.532041549682617,22.169754028320312,24.373735427856445,22.091480255126953,24.157676696777344,21.860855102539062,23.845531463623047,22.25713348388672,22.83019256591797,22.5332088470459,21.480581283569336,23.1862735748291,21.761171340942383,24.07802391052246,17.00627899169922,18.001482009887695,15.196446418762207,19.91354751586914
422000000002,23.147159576416016,7.499462127685547,23.150163650512695,7.532020092010498,23.17197036743164,7.7190070152282715,23.161752700805664,8.528706550598145,23.13913345336914,10.350357055664062,22.995677947998047,9.431246757507324,22.618799209594727,10.066507339477539,21.99996566772461,8.911678314208984,19.7753849029541,5.693856716156006,18.729568481445312,9.4636869430542,18.395994186401367,10.668848037719727
422000000003,25.684911727905273,18.503381729125977,25.67437744140625,18.719646453857422,25.687654495239258,18.313369750976562,25.55998420715332,18.974069595336914,25.44709587097168,18.112716674804688,24.978940963745117,19.453838348388672,23.146093368530273,16.360742568969727,21.270648956298828,11.854986190795898,20.803462982177734,13.708824157714844,18.36122703552246,14.34904956817627,16.154705047607422,16.09669303894043
422000000004,28.951740264892578,14.841026306152344,28.960477828979492,14.22697925567627,28.999622344970703,14.797978401184082,29.026269912719727,14.769051551818848,28.94044303894043,14.594581604003906,28.84131622314453,15.1339693069458,28.74561309814453,14.86923885345459,28.31572151184082,15.922422409057617,26.87916374206543,20.580129623413086,20.21410369873047,16.82984161376953,18.8546142578125,18.536203384399414
423000000000,32.147789001464844,17.814844131469727,32.15748977661133,17.99013328552246,32.20655059814453,18.06483268737793,32.14853286743164,18.645566940307617,31.960721969604492,15.809002876281738,29.75741195678711,22.415117263793945,24.181072235107422,25.76022720336914,22.774595260620117,23.231515884399414,17.317182540893555,24.36726188659668,18.269136428833008,24.86195182800293,18.897464752197266,25.29161262512207
423000000001,22.66634178161621,20.0078067779541,22.66042709350586,20.403078079223633,22.65190887451172,19.22347640991211,22.57644271850586,18.876543045043945,22.545299530029297,18.998266220092773,21.898441314697266,17.668638229370117,19.60594367980957,16.498233795166016,18.78131103515625,18.46820640563965,14.781335830688477,19.524839401245117,12.62669849395752,17.796398162841797,12.085941314697266,20.823823928833008
423000000002,22.920358657836914,23.909269332885742,22.925962448120117,24.023778915405273,22.904809951782227,23.89011001586914,22.850244522094727,23.51150894165039,22.574565887451172,23.244365692138672,22.727645874023438,22.88750648498535,22.740297317504883,22.066465377807617,21.857873916625977,21.503921508789062,17.6138916015625,26.501480102539062,16.78911590576172,28.646963119506836,16.402437210083008,28.310129165649414
423000000003,nan,21.925203323364258,nan,21.82136344909668,nan,21.672840118408203,nan,21.630170822143555,nan,21.41727638244629,nan,22.127431869506836,nan,21.772830963134766,nan,22.267683029174805,nan,21.781530380249023,nan,22.393898010253906,nan,21.902565002441406
423000000004,27.717683792114258,23.14940643310547,27.729501724243164,23.127979278564453,27.766019821166992,23.049156188964844,27.767683029174805,22.57500648498535,27.559194564819336,22.74278450012207,27.253677368164062,22.562541961669922,26.412263870239258,23.269807815551758,24.124298095703125,23.13103675842285,21.03901481628418,21.586406707763672,18.99078369140625,21.17578887939453,17.98546028137207,23.55669593811035
424000000000,21.753700256347656,20.94419288635254,21.748950958251953,20.914134979248047,21.760221481323242,20.900632858276367,21.720348358154297,21.018922805786133,21.707555770874023,21.41469383239746,21.69605827331543,21.186647415161133,21.719541549682617,21.340452194213867,21.689624786376953,21.421911239624023,21.487611770629883,21.066911697387695,20.767799377441406,20.868717193603516,17.55446434020996,21.956321716308594
424000000001,29.610069274902344,17.623666763305664,29.616104125976562,17.51274299621582,29.636999130249023,18.10238265991211,29.43954086303711,17.94463348388672,29.456998825073242,17.905941009521484,29.314455032348633,18.774587631225586,29.5476131439209,18.477365493774414,26.752307891845703,20.841060638427734,26.159330368041992,22.565404891967773,23.681560516357422,22.788057327270508,24.47820472717285,22.09459114074707
424000000002,23.508098602294922,20.512123107910156,23.507816314697266,20.54356575012207,23.49173355102539,20.328460693359375,23.508548736572266,20.39943504333496,23.49535369873047,19.025310516357422,23.503026962280273,20.293092727661133,23.64342498779297,21.220077514648438,23.2725887298584,20.18323516845703,22.703603744506836,20.108444213867188,21.45987319946289,19.990276336669922,18.795242309570312,23.898942947387695
424000000003,nan,22.92360496520996,nan,22.903690338134766,nan,22.83061981201172,nan,22.817710876464844,nan,22.394100189208984,nan,22.92864990234375,nan,22.062570571899414,nan,22.992048263549805,nan,22.91869354248047,nan,21.863056182861328,nan,22.315988540649414
424000000004,28.163049697875977,22.850343704223633,28.153045654296875,22.90215492248535,28.153343200683594,22.86389923095703,27.87211036682129,22.602453231811523,27.589723587036133,22.677928924560547,27.278343200683594,22.565231323242188,27.083139419555664,21.929763793945312,26.283987045288086,22.23190689086914,26.436443328857422,23.294591903686523,25.847640991210938,23.00151824951172,24.79836654663086,23.602252960205078
511000000000,38.176387786865234,17.625871658325195,38.183902740478516,18.978734970092773,38.1218147277832,18.897802352905273,37.77292251586914,19.252111434936523,35.974769592285156,18.093029022216797,34.97212219238281,18.298786163330078,29.984786987304688,19.99817657470703,26.481639862060547,20.00220489501953,22.365949630737305,19.000118255615234,19.864498138427734,15.464876174926758,17.37614631652832,20.725177764892578
511000000001,nan,30.128314971923828,nan,30.19186019897461,nan,30.106597900390625,nan,28.94135093688965,nan,29.32540512084961,nan,30.00933265686035,nan,31.850189208984375,nan,31.38922691345215,nan,31.13902473449707,nan,31.2960205078125,nan,28.856521606445312
511000000002,40.7194709777832,19.29097557067871,40.746337890625,18.909311294555664,40.8404655456543,19.241710662841797,39.602508544921875,19.217668533325195,38.23255157470703,19.579835891723633,38.782127380371094,19.71014976501465,40.577239990234375,19.444194793701172,35.37897491455078,19.897926330566406,31.343828201293945,20.037221908569336,25.124603271484375,20.55450439453125,22.234066009521484,23.36273765563965
511000000003,24.71319580078125,21.22759246826172,24.722883224487305,21.052026748657227,24.746599197387695,21.08594512939453,24.720251083374023,21.095428466796875,24.68044662475586,21.16985321044922,24.491655349731445,20.823198318481445,24.274120330810547,21.145212173461914,23.732858657836914,20.639814376831055,23.392465591430664,20.586599349975586,21.75705337524414,20.593109130859375,21.85808563232422,20.655405044555664
511000000004,20.602130889892578,19.176162719726562,20.595394134521484,19.693500518798828,20.591859817504883,19.38168716430664,20.58409309387207,19.830659866333008,20.54487419128418,19.655366897583008,20.54029655456543,20.278942108154297,20.459943771362305,20.222959518432617,19.769006729125977,19.956039428710938,17.71661949157715,18.02075958251953,16.673843383789062,18.579736709594727,15.205877304077148,20.629009246826172
512000000000,24.602493286132812,19.05695915222168,24.596683502197266,18.678850173950195,24.58442497253418,19.20098876953125,24.514591217041016,19.036108016967773,24.385793685913086,19.130056381225586,24.085281372070312,17.871397018432617,23.77326011657715,17.146482467651367,22.91988754272461,17.979856491088867,21.503833770751953,16.69235610961914,17.98964500427246,16.197736740112305,17.272703170776367,19.433992385864258
512000000001,23.133434295654297,23.113082885742188,23.12518310546875,22.830162048339844,23.117055892944336,23.02924156188965,23.08422088623047,23.059463500976562,23.04618263244629,24.33929443359375,22.99795913696289,26.651594161987305,22.906185150146484,26.054006576538086,22.899070739746094,25.514331817626953,22.64452362060547,24.30776023864746,22.655460357666016,24.942323684692383,21.450986862182617,26.167028427124023
512000000002,21.11854362487793,17.142040252685547,21.114336013793945,16.898286819458008,21.131925582885742,17.007545471191406,21.04021644592285,16.084857940673828,20.81963539123535,16.743200302124023,20.964160919189453,18.41034507751465,21.023181915283203,17.89188003540039,20.019309997558594,18.380361557006836,16.85664939880371,19.30752944946289,14.754053115844727,16.052204132080078,13.399344444274902,18.361988067626953
512000000003,21.874988555908203,18.5220947265625,21.879474639892578,18.548465728759766,21.8837890625,18.71036148071289,21.87331771850586,18.398359298706055,21.87494659423828,18.511667251586914,21.868358612060547,18.400527954101562,21.862091064453125,18.513198852539062,21.862417221069336,19.450511932373047,19.865665435791016,19.896230697631836,19.520917892456055,18.428804397583008,21.161359786987305,19.329124450683594
512000000004,21.372364044189453,12.105488777160645,21.374706268310547,12.09415340423584,21.369478225708008,12.628203392028809,21.36389923095703,13.26190185546875,21.360815048217773,13.176849365234375,21.324098587036133,13.686716079711914,21.253862380981445,12.150571823120117,21.258514404296875,11.901016235351562,18.90731430053711,12.199626922607422,17.893457412719727,11.500697135925293,17.215723037719727,12.574666976928711
513000000000,24.06807518005371,21.807632446289062,24.06672477722168,22.368301391601562,24.063125610351562,21.995994567871094,24.056947708129883,22.12405776977539,24.04121208190918,21.920339584350586,24.033836364746094,19.43390655517578,23.524499893188477,21.231334686279297,22.92339515686035,21.41649627685547,21.620983123779297,22.517255783081055,23.341508865356445,20.613372802734375,21.83942222595215,21.086015701293945
513000000001,25.864587783813477,22.049617767333984,25.86113739013672,22.144304275512695,25.848236083984375,21.921741485595703,25.859792709350586,22.361839294433594,25.835494995117188,21.86301612854004,25.826744079589844,22.495800018310547,25.822559356689453,21.887710571289062,25.84933090209961,23.06720542907715,25.801761627197266,22.849300384521484,24.556533813476562,23.25725555419922,22.76494026184082,22.247072219848633
513000000002,26.295299530029297,16.47812843322754,26.28523826599121,16.948863983154297,26.269372940063477,16.245615005493164,26.176753997802734,16.944446563720703,26.125717163085938,16.68450164794922,26.129220962524414,16.485212326049805,25.90543556213379,19.324691772460938,25.422760009765625,18.5079345703125,23.041908264160156,18.62936019897461,21.731765747070312,18.679601669311523,21.69560432434082,22.5789794921875
513000000003,22.101308822631836,7.4476094245910645,22.10135841369629,7.4412689208984375,22.11069107055664,7.303141117095947,22.11505889892578,7.555863857269287,22.115299224853516,7.0578999519348145,22.104957580566406,7.745835304260254,20.905956268310547,6.729464054107666,20.967430114746094,7.432214736938477,21.67460823059082,7.008160591125488,20.67600440979004,5.725108623504639,21.082233428955078,14.791011810302734
513000000004,24.17215347290039,16.430877685546875,24.16429328918457,16.776201248168945,24.16707420349121,17.98903465270996,24.10551643371582,18.855363845825195,23.850200653076172,16.563074111938477,23.752758026123047,19.186201095581055,23.138126373291016,20.239213943481445,19.47698974609375,19.26755714416504,17.345577239990234,15.275382995605469,15.26736831665039,15.036535263061523,14.521627426147461,13.942035675048828
514000000000,nan,25.49753761291504,nan,25.6566162109375,nan,25.507938385009766,nan,25.059635162353516,nan,25.41287612915039,nan,25.50014305114746,nan,26.492708206176758,nan,25.405263900756836,nan,25.556076049804688,nan,25.24896240234375,nan,25.33772850036621
514000000001,21.773426055908203,22.27189826965332,21.77423858642578,22.29647445678711,21.776840209960938,22.243669509887695,21.77586555480957,22.3238582611084,21.776105880737305,22.387964248657227,21.65084457397461,22.30518341064453,21.245580673217773,22.334936141967773,20.509876251220703,23.08169174194336,20.860519409179688,22.63724708557129,17.95655632019043,20.946273803710938,19.971906661987305,19.889432907104492
514000000002,17.137535095214844,16.189777374267578,17.142621994018555,16.92108726501465,17.147441864013672,17.079248428344727,17.145732879638672,16.713022232055664,17.15040397644043,16.699119567871094,17.131982803344727,16.623668670654297,17.07142448425293,17.17889976501465,17.004058837890625,16.28933334350586,16.82090187072754,18.31147003173828,16.686424255371094,17.70730209350586,16.638870239257812,17.55493927001953
514000000003,21.409835815429688,22.896583557128906,21.397796630859375,22.839401245117188,21.378602981567383,22.761693954467773,21.274307250976562,22.838010787963867,21.129751205444336,22.5787353515625,20.74618148803711,22.468557357788086,20.303794860839844,24.654888153076172,18.387136459350586,22.458295822143555,17.77040672302246,23.210918426513672,16.448776245117188,22.331418991088867,15.414390563964844,23.486841201782227
514000000004,nan,28.052812576293945,nan,28.141456604003906,nan,28.128341674804688,nan,28.21881866455078,nan,28.034526824951172,nan,28.145885467529297,nan,28.531116485595703,nan,28.348913192749023,nan,27.899860382080078,nan,27.650611877441406,nan,28.527629852294922
521000000000,22.778745651245117,21.825315475463867,22.78545570373535,21.664655685424805,22.78693199157715,21.70633316040039,22.795352935791016,21.612186431884766,22.770294189453125,21.48479652404785,22.704345703125,21.503101348876953,22.564767837524414,21.414854049682617,22.053028106689453,21.492719650268555,21.195714950561523,19.22420883178711,20.142919540405273,22.039541244506836,18.795759201049805,19.813928604125977
521000000001,21.727632522583008,27.476001739501953,21.729236602783203,27.282238006591797,21.732160568237305,27.823348999023438,21.73329734802246,27.797962188720703,21.70525550842285,27.640390396118164,21.692428588867188,26.81642723083496,21.66727638244629,25.18959617614746,21.63599395751953,28.257328033447266,21.435949325561523,29.407817840576172,21.140336990356445,24.080493927001953,20.411911010742188,28.112060546875
521000000002,25.88710594177246,24.692218780517578,25.894224166870117,24.792882919311523,25.930021286010742,24.977489471435547,25.951107025146484,25.3443660736084,25.705820083618164,24.68642807006836,25.42774772644043,24.599435806274414,24.865875244140625,25.802772521972656,24.470714569091797,25.717985153198242,22.511743545532227,25.374614715576172,20.667205810546875,25.890981674194336,21.167404174804688,23.866926193237305
521000000003,24.735166549682617,24.446435928344727,24.74309730529785,24.47093391418457,24.757049560546875,24.55367660522461,24.699169158935547,24.50625991821289,24.656192779541016,24.493175506591797,24.69773292541504,24.424663543701172,24.59139633178711,24.358753204345703,24.619495391845703,24.23768424987793,24.474781036376953,24.022668838500977,24.617900848388672,25.06892967224121,24.296550750732422,25.090023040771484
521000000004,27.021331787109375,27.39601707458496,27.017181396484375,27.34878921508789,27.013906478881836,27.529884338378906,27.006629943847656,27.480077743530273,26.982765197753906,27.618152618408203,26.910917282104492,28.24125862121582,26.911788940429688,28.127479553222656,26.851640701293945,25.553285598754883,26.75440788269043,27.144765853881836,26.39806365966797,26.672277450561523,23.081806182861328,26.364988327026367
522000000000,30.470558166503906,23.982707977294922,30.473621368408203,23.721101760864258,30.49639129638672,23.733570098876953,30.45193099975586,24.2816162109375,30.28801727294922,24.2104434967041,30.108152389526367,24.45733070373535,29.592994689941406,24.111860275268555,26.844167709350586,24.458873748779297,29.94258689880371,24.962541580200195,29.153486251831055,23.956621170043945,16.111181259155273,22.4542293548584
522000000001,21.191574096679688,14.295937538146973,21.195085525512695,14.200470924377441,21.18084144592285,14.057477951049805,21.09889793395996,14.468905448913574,21.04878807067871,13.635009765625,20.87299346923828,16.20872688293457,19.980056762695312,12.43922233581543,18.04384994506836,15.503636360168457,17.11914825439453,12.097719192504883,17.98565673828125,9.965356826782227,17.467254638671875,9.38222885131836
522000000002,25.216388702392578,22.80025863647461,25.214468002319336,23.148706436157227,25.20036506652832,23.493377685546875,25.1817626953125,22.57712745666504,25.035869598388672,23.063804626464844,25.275266647338867,23.491689682006836,25.280597686767578,23.731597900390625,25.00926971435547,22.749292373657227,19.58350372314453,22.98505973815918,20.955718994140625,21.46677017211914,21.034290313720703,21.32339859008789
522000000003,23.957988739013672,18.934736251831055,23.95970916748047,18.87103271484375,23.956777572631836,18.94158172607422,23.951520919799805,19.35224151611328,23.908771514892578,18.990690231323242,23.650754928588867,19.662715911865234,23.414960861206055,18.15432357788086,23.09980010986328,19.626813888549805,22.86211585998535,21.714599609375,21.431509017944336,20.452009201049805,17.840057373046875,14.318140983581543
522000000004,19.851097106933594,10.785637855529785,19.849931716918945,11.207575798034668,19.840890884399414,11.135053634643555,19.80025863647461,10.930671691894531,19.771968841552734,11.409537315368652,19.7498779296875,11.353269577026367,19.634868621826172,11.708629608154297,19.28727149963379,12.41458511352539,18.537818908691406,13.66884708404541,16.068490982055664,14.66177749633789,16.033266067504883,13.02981948852539
523000000000,nan,27.04472541809082,nan,27.088329315185547,nan,26.995962142944336,nan,26.955175399780273,nan,27.070327758789062,nan,26.69889259338379,nan,25.310569763183594,nan,25.764678955078125,nan,26.152074813842773,nan,26.17005157470703,nan,26.35919189453125
523000000001,27.352787017822266,28.128074645996094,27.355037689208984,28.160242080688477,27.357627868652344,28.153005599975586,27.35536766052246,28.11918830871582,27.32833480834961,28.064638137817383,27.313953399658203,27.96294403076172,27.013486862182617,26.59366798400879,25.55877685546875,28.113311767578125,23.715909957885742,27.67130470275879,24.063634872436523,24.16835594177246,23.135595321655273,26.947477340698242
523000000002,22.81878089904785,27.834888458251953,22.818222045898438,27.98910140991211,22.817869186401367,27.855321884155273,22.82209014892578,28.140926361083984,22.81732749938965,28.23331642150879,22.817119598388672,28.215526580810547,22.780622482299805,28.532548904418945,22.78494644165039,27.972530364990234,22.82103729248047,27.967971801757812,22.798070907592773,28.714000701904297,22.697139739990234,27.283615112304688
523000000003,23.51491355895996,29.00838851928711,23.50128746032715,29.480161666870117,23.4823055267334,29.281965255737305,23.478796005249023,28.636199951171875,23.446229934692383,28.96484375,23.43428611755371,28.95561981201172,23.26877212524414,29.288190841674805,22.668535232543945,27.76091957092285,21.545185089111328,28.79042625427246,20.591333389282227,28.62317657470703,21.07069206237793,27.76156997680664
523000000004,32.489585876464844,24.906761169433594,32.48383331298828,24.930381774902344,32.48956298828125,24.8830623626709,32.474369049072266,25.080739974975586,32.45109176635742,24.744457244873047,32.4451789855957,24.81671142578125,32.29890441894531,24.813459396362305,31.891353607177734,25.3427677154541,31.027042388916016,24.834829330444336,30.71369171142578,25.08146095275879,25.508859634399414,23.886411666870117
524000000000,nan,23.513187408447266,nan,23.649307250976562,nan,23.548206329345703,nan,23.66063690185547,nan,23.548402786254883,nan,23.77017593383789,nan,23.65475082397461,nan,25.129472732543945,nan,24.078882217407227,nan,23.82390594482422,nan,24.771621704101562
524000000001,25.4785213470459,22.675521850585938,25.47654914855957,22.6806583404541,25.465585708618164,22.625364303588867,25.455533981323242,22.8597469329834,25.418128967285156,23.292224884033203,25.279804229736328,22.565523147583008,25.006811141967773,21.923038482666016,25.11960792541504,23.007694244384766,24.66173553466797,22.229772567749023,24.036420822143555,23.49117660522461,23.371366500854492,22.052318572998047
524000000002,22.832975387573242,19.91851043701172,22.827932357788086,19.97025489807129,22.830982208251953,20.002206802368164,22.768903732299805,19.184696197509766,22.551143646240234,19.192432403564453,22.511432647705078,19.852577209472656,22.171226501464844,19.129253387451172,21.09588050842285,19.03935432434082,21.104461669921875,19.164752960205078,20.493213653564453,21.51380729675293,18.406766891479492,23.074087142944336
524000000003,31.0548038482666,22.139192581176758,31.02157974243164,22.466751098632812,30.988801956176758,21.91282844543457,30.7034969329834,22.20660400390625,30.702606201171875,21.971628189086914,30.851505279541016,21.87087059020996,30.42399024963379,22.461383819580078,30.093624114990234,21.184707641601562,29.035640716552734,23.271150588989258,29.319408416748047,23.279769897460938,29.29852294921875,23.72161293029785
524000000004,20.056598663330078,30.198760986328125,20.055049896240234,30.59675407409668,20.037485122680664,30.993619918823242,19.919620513916016,31.775331497192383,19.855764389038086,29.002288818359375,19.917560577392578,28.977447509765625,19.672163009643555,25.68729019165039,19.110525131225586,30.96465492248535,18.173185348510742,31.968175888061523,18.587459564208984,32.19766616821289,19.482511520385742,31.335670471191406
611000000000,30.82845115661621,13.706485748291016,30.822193145751953,13.827893257141113,30.83460235595703,14.002513885498047,30.766149520874023,13.470743179321289,30.65265464782715,13.784018516540527,30.668251037597656,13.59405517578125,30.711565017700195,13.750100135803223,30.60152816772461,14.185005187988281,30.056533813476562,14.127487182617188,29.06570816040039,15.231473922729492,29.541961669921875,16.890256881713867
611000000001,17.568899154663086,10.711305618286133,17.565332412719727,10.92541790008545,17.550962448120117,11.479969024658203,17.49714469909668,11.02428150177002,17.307950973510742,10.846211433410645,17.276498794555664,12.066414833068848,16.776981353759766,10.928084373474121,15.677184104919434,10.07302188873291,15.420526504516602,9.185053825378418,14.451336860656738,12.01983642578125,13.405683517456055,17.61171531677246
611000000002,23.369787216186523,16.379940032958984,23.371946334838867,16.671058654785156,23.42905616760254,16.18599510192871,23.348438262939453,17.864110946655273,23.368270874023438,17.001426696777344,23.0135440826416,17.149269104003906,22.760839462280273,17.995094299316406,21.517738342285156,18.009849548339844,21.232006072998047,25.608781814575195,17.614849090576172,15.925529479980469,17.437807083129883,16.88520622253418
611000000003,19.0250301361084,14.417794227600098,19.023672103881836,14.372003555297852,19.022876739501953,14.623552322387695,19.04928970336914,14.473837852478027,18.997297286987305,14.828168869018555,18.804128646850586,14.61922550201416,18.43685531616211,15.667923927307129,18.49419403076172,16.02492904663086,17.921611785888672,16.835920333862305,17.842947006225586,19.853761672973633,17.354019165039062,19.152050018310547
611000000004,30.197580337524414,20.45755386352539,30.201618194580078,20.455623626708984,30.245437622070312,20.437150955200195,30.173242568969727,20.67039680480957,30.021610260009766,20.972463607788086,29.760435104370117,21.09002685546875,28.467071533203125,21.0174617767334,28.12251853942871,22.179475784301758,27.44700813293457,21.528221130371094,28.52651596069336,23.078519821166992,23.661972045898438,21.68210792541504
612000000000,nan,26.601219177246094,nan,26.5233211517334,nan,25.93129539489746,nan,26.561481475830078,nan,26.38913345336914,nan,26.89312744140625,nan,26.356128692626953,nan,25.62333869934082,nan,25.428699493408203,nan,24.670488357543945,nan,25.094568252563477
612000000001,18.783246994018555,22.114349365234375,18.78643226623535,22.072101593017578,18.79608154296875,21.639711380004883,18.814790725708008,21.433618545532227,18.830354690551758,21.51535987854004,18.818151473999023,21.279939651489258,18.75562286376953,20.88848114013672,18.489904403686523,21.329761505126953,18.262378692626953,22.4549560546875,14.95998764038086,24.918766021728516,14.840022087097168,23.343605041503906
612000000002,32.31791305541992,18.720918655395508,32.31512451171875,18.91550636291504,32.30135726928711,18.595626831054688,32.209781646728516,18.770959854125977,31.933273315429688,19.484846115112305,31.606340408325195,21.612628936767578,30.864805221557617,19.738082885742188,30.361595153808594,19.132722854614258,30.754770278930664,21.61556053161621,30.00583267211914,22.49163055419922,18.09758186340332,24.49684715270996
612000000003,24.249380111694336,18.674936294555664,24.20356559753418,17.902738571166992,24.0701904296875,18.00859260559082,23.843786239624023,18.36622428894043,23.528099060058594,18.6289119720459,23.76081657409668,18.8469295501709,23.038883209228516,18.6585636138916,20.434436798095703,16.266557693481445,18.523927688598633,17.955463409423828,15.22500228881836,18.699960708618164,13.988242149353027,23.72960662841797
612000000004,21.684856414794922,8.295759201049805,21.683069229125977,8.162585258483887,21.676942825317383,8.489081382751465,21.652257919311523,9.109672546386719,21.614343643188477,9.386544227600098,21.52999496459961,9.806731224060059,21.368671417236328,10.349337577819824,21.02387237548828,10.747249603271484,20.70639419555664,9.476908683776855,20.176084518432617,9.936383247375488,20.043474197387695,10.011677742004395
613000000000,18.589284896850586,17.234882354736328,18.594148635864258,17.254484176635742,18.594364166259766,17.52900505065918,18.569721221923828,17.830142974853516,18.414766311645508,16.720979690551758,17.897720336914062,16.630531311035156,16.572019577026367,18.51951789855957,16.283069610595703,22.10034942626953,15.114628791809082,20.468551635742188,14.997570037841797,19.457901000976562,14.303995132446289,19.975719451904297
613000000001,23.19546890258789,18.675270080566406,23.21234893798828,18.67300796508789,23.230802536010742,18.422624588012695,23.23242950439453,17.94354248046875,23.18177032470703,17.502208709716797,23.051420211791992,19.23401641845703,22.291494369506836,22.819229125976562,21.958322525024414,23.94786834716797,18.423789978027344,27.783599853515625,15.986263275146484,23.712543487548828,14.66283893585205,17.274463653564453
613000000002,22.215726852416992,15.794983863830566,22.22391128540039,15.725488662719727,22.227962493896484,16.275300979614258,22.165836334228516,15.579192161560059,21.953752517700195,15.93974494934082,21.907827377319336,17.046579360961914,21.553258895874023,16.002256393432617,20.381120681762695,14.407669067382812,18.48979949951172,16.151615142822266,16.8244571685791,17.839168548583984,14.553671836853027,16.18753433227539
613000000003,28.18973159790039,22.269638061523438,28.188688278198242,22.081501007080078,28.23370361328125,22.064836502075195,28.177980422973633,22.15557098388672,28.187231063842773,22.04949951171875,27.441823959350586,22.551870346069336,26.297800064086914,22.499292373657227,24.99872589111328,22.161653518676758,24.362159729003906,24.073869705200195,22.969573974609375,21.09311294555664,22.108179092407227,22.254037857055664
613000000004,20.78093147277832,18.091941833496094,20.79200553894043,17.399084091186523,20.77969741821289,18.053682327270508,20.6588077545166,18.115812301635742,20.47422981262207,17.93186378479004,19.85003662109375,17.218551635742188,19.319583892822266,18.13715934753418,17.534257888793945,19.56122589111328,17.03438377380371,20.933181762695312,16.837156295776367,18.15744972229004,17.080766677856445,20.187841415405273
614000000000,27.729543685913086,19.057992935180664,27.725271224975586,19.233619689941406,27.719667434692383,19.993263244628906,27.700468063354492,20.04057502746582,27.529876708984375,19.020814895629883,26.07661247253418,19.44354248046875,25.69080352783203,18.681875228881836,21.114490509033203,19.113073348999023,17.51915740966797,19.713619232177734,22.013729095458984,22.035274505615234,22.30562973022461,19.391145706176758
614000000001,26.31526756286621,22.766403198242188,26.32341766357422,22.877498626708984,26.329198837280273,23.208290100097656,26.370481491088867,24.147205352783203,26.33565330505371,25.254512786865234,26.324928283691406,26.151954650878906,25.81220054626465,26.587127685546875,24.708629608154297,26.707517623901367,22.630584716796875,27.107393264770508,20.84682846069336,26.86634635925293,18.307861328125,26.97905921936035
614000000002,34.26760482788086,21.028539657592773,34.24321365356445,21.05622673034668,34.23587417602539,20.848052978515625,34.104270935058594,20.52619171142578,34.0775260925293,20.80670928955078,33.998443603515625,21.925323486328125,30.959699630737305,22.246843338012695,29.567346572875977,21.661026000976562,25.003673553466797,22.491477966308594,17.61417007446289,22.65401840209961,15.338194847106934,22.457866668701172
614000000003,27.343154907226562,23.084186553955078,27.340377807617188,23.204532623291016,27.34039878845215,22.997356414794922,27.392351150512695,23.206478118896484,27.278125762939453,22.921287536621094,27.14261245727539,23.46991539001465,26.810386657714844,23.53822135925293,24.47022819519043,24.316211700439453,25.97081756591797,24.811660766601562,21.082212448120117,24.144468307495117,19.855852127075195,23.123998641967773
614000000004,24.041072845458984,20.569839477539062,24.04033851623535,20.592891693115234,24.049888610839844,21.041744232177734,23.897937774658203,20.676692962646484,23.85671043395996,20.71906852722168,23.956600189208984,21.868986129760742,22.955385208129883,20.76483154296875,20.83881378173828,21.769868850708008,15.667244911193848,21.609336853027344,14.755034446716309,22.367137908935547,14.048041343688965,22.719932556152344
621000000000,21.094860076904297,20.409841537475586,21.095869064331055,20.51650619506836,21.092571258544922,20.60929298400879,21.052757263183594,20.71061134338379,21.029895782470703,21.25555992126465,21.06934928894043,21.04090690612793,21.068435668945312,21.048614501953125,20.98439598083496,19.230302810668945,20.944238662719727,18.958332061767578,20.225061416625977,21.376882553100586,19.755523681640625,20.94924545288086
621000000001,27.800153732299805,22.662084579467773,27.779739379882812,22.685970306396484,27.33608627319336,22.787874221801758,27.09101104736328,23.385417938232422,26.377403259277344,23.73996353149414,25.61990737915039,24.0003604888916,24.465084075927734,24.85394859313965,22.908645629882812,25.849740982055664,21.38230323791504,26.482946395874023,18.96761131286621,27.929946899414062,17.589962005615234,28.717395782470703
621000000002,27.427644729614258,18.9516658782959,27.464496612548828,19.245609283447266,27.50985336303711,19.387388229370117,27.397294998168945,20.791696548461914,26.92934799194336,22.42955207824707,26.575441360473633,22.919769287109375,26.336994171142578,22.256711959838867,25.3631591796875,23.6120662689209,24.163623809814453,24.66407585144043,25.85293197631836,24.455408096313477,23.36155891418457,25.36098289489746
621000000003,23.680513381958008,21.788116455078125,23.69601821899414,21.709779739379883,23.62579917907715,21.730133056640625,23.450899124145508,22.483402252197266,23.293468475341797,22.157024383544922,22.918323516845703,21.52307891845703,22.553735733032227,20.660017013549805,22.130002975463867,24.05516815185547,20.974422454833984,20.905277252197266,19.559959411621094,22.928451538085938,19.083595275878906,27.236873626708984
621000000004,26.418947219848633,20.27980613708496,26.41300392150879,20.275554656982422,26.42076301574707,20.160680770874023,26.373929977416992,20.362703323364258,26.277612686157227,20.23274040222168,26.067480087280273,20.8668270111084,25.50855827331543,20.088565826416016,25.357824325561523,20.130577087402344,24.504552841186523,20.61231803894043,23.954397201538086,20.111055374145508,24.01180648803711,18.969350814819336
622000000000,31.9371395111084,18.105009078979492,31.91692352294922,18.172496795654297,31.883909225463867,18.204397201538086,31.740943908691406,18.2063045501709,31.720626831054688,18.61346435546875,31.438194274902344,16.066238403320312,30.69400978088379,17.86420249938965,29.682640075683594,18.499080657958984,29.06462287902832,16.92104148864746,21.592164993286133,24.260805130004883,17.343069076538086,26.91073989868164
622000000001,18.21488380432129,13.557367324829102,18.232391357421875,14.096504211425781,18.245864868164062,13.440068244934082,18.134763717651367,13.306304931640625,17.9667911529541,13.642329216003418,18.025348663330078,13.204203605651855,17.905994415283203,12.301301002502441,17.71399688720703,15.876102447509766,17.079219818115234,16.287439346313477,16.404308319091797,20.039234161376953,15.870260238647461,20.616540908813477
622000000002,24.84701156616211,16.368175506591797,24.877296447753906,16.346294403076172,24.918420791625977,16.36592674255371,24.66498374938965,15.666678428649902,24.931535720825195,16.45534896850586,23.47739028930664,17.145870208740234,24.4353084564209,17.48448944091797,23.440603256225586,16.535690307617188,22.296245574951172,18.16071891784668,21.609527587890625,18.46646499633789,16.820314407348633,15.84922981262207
622000000003,31.568382263183594,20.208480834960938,31.597360610961914,20.23063087463379,31.58295249938965,20.389429092407227,31.433622360229492,20.952505111694336,31.21478843688965,20.86142349243164,30.791410446166992,20.756610870361328,29.787891387939453,21.440101623535156,27.869251251220703,21.781782150268555,20.96034049987793,20.99005126953125,22.61586570739746,24.6687068939209,20.654247283935547,25.320682525634766
622000000004,26.547378540039062,15.407651901245117,26.542207717895508,15.505308151245117,26.534500122070312,15.884730339050293,26.424514770507812,15.924485206604004,25.38637924194336,15.900257110595703,24.17218780517578,15.039831161499023,24.770009994506836,14.463912010192871,22.588014602661133,14.959200859069824,21.39430809020996,18.45790672302246,18.730464935302734,18.88335609436035,16.20549201965332,17.82794952392578
623000000000,26.04763412475586,22.558534622192383,26.04882049560547,22.931489944458008,26.04154396057129,22.742467880249023,25.95181655883789,22.564193725585938,25.4377384185791,22.486831665039062,25.444353103637695,24.168453216552734,22.761085510253906,23.837644577026367,21.108386993408203,23.93425178527832,19.434688568115234,24.013412475585938,18.934717178344727,23.00217628479004,18.17685317993164,23.921875
623000000001,24.46276092529297,20.57500648498535,24.45013999938965,19.912803649902344,24.412660598754883,19.97125244140625,24.263559341430664,20.182687759399414,24.031408309936523,19.88750648498535,24.043886184692383,24.048391342163086,23.722309112548828,25.864215850830078,23.697254180908203,23.14390754699707,23.58621597290039,21.5229549407959,23.561504364013672,22.02752685546875,22.9035587310791,22.13193130493164
623000000002,26.35588264465332,22.569393157958984,26.353975296020508,22.543052673339844,26.336040496826172,22.596450805664062,26.24996566772461,22.50577163696289,26.170013427734375,22.519285202026367,25.810359954833984,22.480932235717773,25.489604949951172,23.008302688598633,21.66815185546875,24.688522338867188,17.84299087524414,23.440128326416016,18.68380355834961,26.437503814697266,17.946557998657227,15.926980972290039
623000000003,27.26553726196289,12.145940780639648,27.281402587890625,12.581727027893066,27.328811645507812,11.719536781311035,27.257104873657227,12.82672119140625,27.26004409790039,11.860086441040039,27.15223503112793,12.42094898223877,27.238445281982422,12.999643325805664,26.747276306152344,11.823481559753418,24.61663818359375,13.079041481018066,21.893220901489258,12.155583381652832,22.240644454956055,12.28834342956543
623000000004,25.59394645690918,10.877008438110352,25.581924438476562,10.774698257446289,25.538164138793945,11.093454360961914,25.490543365478516,11.341838836669922,25.321624755859375,14.139409065246582,24.890167236328125,11.501468658447266,23.78783416748047,10.555148124694824,21.075281143188477,11.840359687805176,18.5673828125,16.444522857666016,16.60330581665039,20.844804763793945,15.993486404418945,19.50801658630371
624000000000,27.261754989624023,24.51976203918457,27.249801635742188,24.58319664001465,27.23370933532715,24.683917999267578,27.22049903869629,24.506221771240234,27.142887115478516,24.71224594116211,27.31502914428711,24.564611434936523,27.320266723632812,24.259605407714844,27.259580612182617,23.772127151489258,27.329484939575195,24.07843589782715,26.399072647094727,24.591115951538086,23.84042739868164,26.887134552001953
624000000001,20.91139793395996,17.683284759521484,20.905376434326172,17.733562469482422,20.900833129882812,17.683917999267578,20.875667572021484,17.66645050048828,20.824848175048828,17.24888038635254,20.77264976501465,19.403146743774414,20.546424865722656,18.40251922607422,20.065185546875,16.830541610717773,19.532899856567383,20.391817092895508,17.438400268554688,19.2668399810791,15.742486000061035,21.732765197753906
624000000002,20.79299545288086,11.124099731445312,20.794147491455078,10.979837417602539,20.796695709228516,10.916622161865234,20.774389266967773,10.577238082885742,20.729740142822266,10.855206489562988,20.717796325683594,11.506694793701172,20.666065216064453,11.461872100830078,20.424484252929688,10.620735168457031,19.776586532592773,12.668577194213867,19.269351959228516,17.44106674194336,20.2705135345459,16.567790985107422
624000000003,18.554841995239258,21.188980102539062,18.54955291748047,21.626142501831055,18.541831970214844,21.353878021240234,18.503652572631836,21.122926712036133,18.456010818481445,21.49689483642578,18.42626190185547,21.89743423461914,18.05066680908203,21.217220306396484,18.024051666259766,20.846942901611328,16.984437942504883,22.697507858276367,16.705135345458984,24.160429000854492,15.722403526306152,23.795001983642578
624000000004,20.117082595825195,15.50181770324707,20.113740921020508,15.191489219665527,20.116125106811523,15.178153038024902,20.01337432861328,15.844789505004883,19.801128387451172,14.842313766479492,19.539209365844727,15.838217735290527,19.04415512084961,16.345401763916016,18.177005767822266,17.43869400024414,16.973108291625977,15.978545188903809,15.762977600097656,19.216514587402344,15.455084800720215,17.71612548828125
711000000000,36.92964553833008,22.371824264526367,36.892696380615234,21.804540634155273,36.54747772216797,22.166963577270508,35.91267395019531,23.040739059448242,34.461063385009766,21.757015228271484,31.818140029907227,21.818382263183594,30.02020835876465,21.43276596069336,24.024494171142578,24.994060516357422,22.490550994873047,25.489723205566406,19.726985931396484,31.056026458740234,21.580947875976562,28.129894256591797
711000000001,30.69168472290039,22.288249969482422,30.680519104003906,22.237957000732422,30.708538055419922,22.236766815185547,30.58675193786621,22.293764114379883,30.50314712524414,22.012184143066406,30.2515926361084,22.270488739013672,30.092205047607422,22.153564453125,30.240968704223633,21.828006744384766,28.784481048583984,21.645341873168945,27.097238540649414,22.41836929321289,27.76228141784668,21.407758712768555
711000000002,31.12342071533203,24.234506607055664,31.150556564331055,23.888408660888672,31.33941650390625,24.582294464111328,31.08340072631836,24.095365524291992,31.0241641998291,23.849885940551758,31.38038444519043,24.679256439208984,30.480571746826172,23.469921112060547,30.120792388916016,23.739160537719727,26.216463088989258,25.33649253845215,24.507661819458008,26.28426170349121,32.4317626953125,26.0751953125
711000000003,37.908660888671875,28.93320083618164,37.92668533325195,29.018136978149414,38.09473419189453,29.07955551147461,38.38633346557617,29.612228393554688,38.423301696777344,30.201250076293945,38.16164016723633,29.325443267822266,38.17422866821289,30.683528900146484,31.968406677246094,31.651874542236328,28.44856071472168,30.195236206054688,26.742820739746094,30.573440551757812,22.679096221923828,33.58592987060547
711000000004,37.06185531616211,19.469284057617188,37.07606506347656,19.44573211669922,36.986515045166016,19.50226593017578,36.81645584106445,19.25398063659668,36.475032806396484,19.528783798217773,32.562339782714844,19.847936630249023,28.388832092285156,18.55017852783203,26.25177574157715,17.60784339904785,23.39805793762207,19.216272354125977,19.835689544677734,21.32187271118164,16.599159240722656,19.962860107421875
712000000000,24.501392364501953,19.517765045166016,24.494611740112305,19.88409423828125,24.322383880615234,19.693912506103516,23.932655334472656,19.541873931884766,23.446374893188477,20.330595016479492,23.443017959594727,23.6431884765625,21.45849609375,27.77025604248047,21.191316604614258,31.80522346496582,19.634397506713867,29.597097396850586,17.065391540527344,28.331438064575195,13.821492195129395,24.527484893798828
712000000001,46.777347564697266,18.15739631652832,46.811309814453125,18.152677536010742,46.64662551879883,18.527551651000977,46.194297790527344,18.46416664123535,45.33980178833008,18.353248596191406,44.4211540222168,19.048236846923828,40.90579605102539,23.60919952392578,36.75440979003906,23.400209426879883,34.514244079589844,29.409561157226562,27.629629135131836,28.128570556640625,24.078683853149414,29.127967834472656
712000000002,25.37209129333496,20.711841583251953,25.37570571899414,20.85622787475586,25.390405654907227,21.296342849731445,25.193191528320312,21.6683292388916,24.990087509155273,22.46227264404297,24.75335121154785,24.081527709960938,23.565383911132812,25.36763572692871,23.023141860961914,28.7996768951416,19.33742332458496,27.987682342529297,18.393634796142578,34.153568267822266,17.304826736450195,25.11269760131836
712000000003,28.645902633666992,31.526046752929688,28.64733123779297,31.416109085083008,28.512170791625977,31.329578399658203,28.431509017944336,30.165130615234375,28.245779037475586,30.01187515258789,27.932397842407227,30.695146560668945,26.981704711914062,28.84567642211914,25.00759506225586,27.2708683013916,22.496604919433594,27.0235652923584,20.976198196411133,27.93804168701172,18.949237823486328,24.74510383605957
712000000004,28.07416343688965,17.18585205078125,28.06365203857422,17.117673873901367,28.125385284423828,17.369007110595703,28.382488250732422,17.928054809570312,28.140718460083008,17.545818328857422,28.05384063720703,17.249788284301758,27.77073860168457,17.51297378540039,27.504772186279297,17.69464683532715,21.180532455444336,21.580129623413086,19.699825286865234,16.561758041381836,19.654842376708984,16.47786521911621
713000000000,20.124284744262695,22.351598739624023,20.12135124206543,21.84001350402832,20.126075744628906,21.696096420288086,20.058908462524414,22.816015243530273,19.912979125976562,21.43350601196289,19.7012882232666,21.118366241455078,19.53389549255371,23.050052642822266,18.746829986572266,18.035879135131836,17.49887466430664,21.74279022216797,16.834779739379883,20.78195571899414,15.885106086730957,16.717451095581055
713000000001,23.152620315551758,23.359161376953125,23.163576126098633,23.502641677856445,23.155818939208984,23.556615829467773,23.056753158569336,22.91904067993164,23.073657989501953,23.9716739654541,22.74456214904785,21.463850021362305,21.898319244384766,22.555097579956055,20.809110641479492,22.79210662841797,20.179889678955078,23.26279640197754,18.741487503051758,22.433307647705078,16.995031356811523,23.871965408325195
713000000002,31.01209259033203,24.062923431396484,31.00604248046875,23.5261173248291,30.913246154785156,23.026121139526367,30.863744735717773,22.894760131835938,30.84754753112793,23.21482276916504,30.367355346679688,22.836185455322266,30.016210556030273,23.86649513244629,27.787269592285156,23.863325119018555,25.286630630493164,24.183317184448242,23.96617889404297,24.195749282836914,22.9727840423584,25.876134872436523
713000000003,23.722211837768555,21.80030632019043,23.7353458404541,21.77503776550293,23.739795684814453,22.111251831054688,23.614086151123047,21.35799217224121,22.58608627319336,22.743906021118164,22.113306045532227,23.60306739807129,22.85318374633789,22.790884017944336,21.371137619018555,19.926681518554688,20.53164291381836,20.79316520690918,18.885770797729492,23.50754737854004,17.90072250366211,22.826398849487305
713000000004,20.509611129760742,23.333419799804688,20.51177978515625,23.359256744384766,20.503286361694336,23.463438034057617,20.506614685058594,23.36404800415039,20.456127166748047,23.582761764526367,20.46414566040039,23.152902603149414,20.02622413635254,23.930932998657227,19.624624252319336,24.730331420898438,18.797447204589844,23.522701263427734,17.974735260009766,25.0921630859375,18.445581436157227,24.708404541015625
714000000000,35.05827331542969,25.5301513671875,35.01816177368164,25.74547576904297,34.880252838134766,25.976181030273438,34.35089874267578,25.515281677246094,33.888832092285156,26.803302764892578,33.29487991333008,27.76765251159668,32.29171371459961,30.514175415039062,32.00904083251953,30.748132705688477,25.78363037109375,29.203001022338867,26.108407974243164,28.910572052001953,24.774538040161133,25.05560302734375
714000000001,26.787208557128906,21.834352493286133,26.797231674194336,21.8055362701416,26.807147979736328,21.839702606201172,26.76901626586914,21.78350830078125,26.788986206054688,21.898773193359375,26.716224670410156,22.206396102905273,26.662153244018555,22.122028350830078,26.540586471557617,21.74258804321289,26.0130672454834,21.592254638671875,24.298866271972656,21.101186752319336,22.69670295715332,22.58745002746582
714000000002,21.666210174560547,21.162811279296875,21.6635799407959,21.068435668945312,21.629634857177734,21.358449935913086,21.556367874145508,20.58034324645996,21.463363647460938,21.75518035888672,21.352645874023438,20.982593536376953,20.123414993286133,21.020383834838867,19.01249885559082,21.69297981262207,17.1834716796875,20.67039680480957,16.86212730407715,20.926847457885742,15.558979988098145,21.281034469604492
714000000003,31.33415985107422,23.46587562561035,31.32146453857422,23.47571563720703,31.27797508239746,23.738054275512695,31.19172477722168,23.276329040527344,31.014196395874023,23.589418411254883,30.731929779052734,23.51650619506836,30.70905113220215,23.12278175354004,29.704391479492188,23.026901245117188,29.35702133178711,23.330482482910156,28.07539939880371,23.460872650146484,26.511831283569336,22.792009353637695
714000000004,21.848163604736328,26.364097595214844,21.84064483642578,26.41630744934082,21.82388687133789,26.519596099853516,21.656490325927734,26.443052291870117,21.45473861694336,25.848400115966797,20.363508224487305,25.894418716430664,20.403606414794922,26.071088790893555,18.691272735595703,26.616413116455078,16.595500946044922,25.722179412841797,17.47818374633789,26.133506774902344,16.785171508789062,27.454662322998047
721000000000,23.972843170166016,20.37677764892578,23.971227645874023,20.308879852294922,23.970046997070312,20.246009826660156,23.960786819458008,20.394723892211914,23.902137756347656,20.7633056640625,23.86008071899414,20.332151412963867,23.63126564025879,19.98786163330078,22.977365493774414,21.476205825805664,21.076072692871094,21.333396911621094,20.52587127685547,22.05318260192871,18.728843688964844,21.770265579223633
721000000001,24.870262145996094,21.566978454589844,24.87308692932129,21.8658504486084,24.889448165893555,22.223979949951172,24.756113052368164,22.28510856628418,24.405115127563477,21.772457122802734,24.074853897094727,22.23668098449707,24.165523529052734,21.91989517211914,23.535404205322266,23.553293228149414,23.06846809387207,21.930742263793945,20.486074447631836,23.82023048400879,19.080333709716797,23.345500946044922
721000000002,23.81861114501953,24.841083526611328,23.816438674926758,24.91390037536621,23.8206787109375,24.57825469970703,23.687898635864258,24.575780868530273,23.49303436279297,24.77479362487793,23.09105682373047,24.63762092590332,22.75977897644043,24.256410598754883,22.402145385742188,23.820070266723633,22.344324111938477,25.41336441040039,20.306476593017578,24.869680404663086,18.610450744628906,26.320871353149414
721000000003,25.069894790649414,25.444841384887695,25.07855224609375,25.753475189208984,25.07253646850586,25.651948928833008,25.031599044799805,25.737152099609375,24.870363235473633,25.311037063598633,24.768531799316406,25.975927352905273,24.6165771484375,25.450742721557617,23.457550048828125,25.4417781829834,23.797714233398438,25.49406623840332,20.517162322998047,27.446073532104492,19.610816955566406,27.13337516784668
721000000004,30.162864685058594,29.707059860229492,30.136085510253906,29.620868682861328,30.0097713470459,29.31056022644043,29.812265396118164,29.38242530822754,29.42292594909668,29.924137115478516,28.534961700439453,29.533641815185547,27.577808380126953,30.135339736938477,27.42530059814453,29.82286262512207,26.48831558227539,29.965049743652344,25.29825210571289,30.61722183227539,23.06034278869629,28.128135681152344
722000000000,30.71184539794922,19.533231735229492,30.696632385253906,19.61379623413086,30.67850685119629,19.80736541748047,30.631067276000977,20.150529861450195,30.50254249572754,20.117984771728516,30.303138732910156,20.748924255371094,29.34370231628418,21.54128074645996,28.807647705078125,22.11577796936035,26.84895896911621,21.47908592224121,24.985733032226562,23.930099487304688,22.275114059448242,22.364845275878906
722000000001,26.25700569152832,13.576597213745117,26.251001358032227,13.70846939086914,26.215534210205078,13.968033790588379,26.003583908081055,13.700265884399414,25.586353302001953,13.632878303527832,24.130756378173828,13.681147575378418,24.370929718017578,17.462230682373047,23.363750457763672,22.317869186401367,20.355995178222656,24.180858612060547,17.284778594970703,20.454065322875977,17.27886962890625,18.297636032104492
722000000002,21.733335494995117,23.3433895111084,21.7454776763916,23.294193267822266,21.742000579833984,23.24325942993164,21.64446258544922,23.063589096069336,21.613862991333008,22.719057083129883,21.4975528717041,22.98503303527832,19.390344619750977,22.115222930908203,19.500669479370117,24.707361221313477,19.570758819580078,25.358915328979492,15.026897430419922,23.84556770324707,16.80973243713379,25.307024002075195
722000000003,39.01237487792969,21.849830627441406,38.98004150390625,21.3560791015625,38.942230224609375,21.488983154296875,38.804683685302734,21.574586868286133,38.856903076171875,21.98777198791504,38.92744064331055,21.801862716674805,36.95708465576172,22.36733627319336,35.251102447509766,21.99020767211914,22.879365921020508,24.293821334838867,16.33060646057129,25.08816146850586,14.261648178100586,24.182064056396484
722000000004,30.14884376525879,24.286041259765625,30.14345359802246,24.27699851989746,30.125598907470703,24.33983612060547,30.111915588378906,24.349903106689453,30.05600929260254,24.44857406616211,30.07801055908203,24.746131896972656,30.226703643798828,25.139909744262695,30.031343460083008,24.945249557495117,30.15839385986328,24.890533447265625,27.497861862182617,25.636199951171875,22.656566619873047,25.544946670532227
723000000000,33.0356559753418,20.4705753326416,33.01803207397461,20.656370162963867,32.81403732299805,20.700031280517578,32.619300842285156,20.101282119750977,32.065635681152344,20.387542724609375,30.685150146484375,20.1986141204834,26.177453994750977,21.8076114654541,24.549957275390625,22.008853912353516,22.65273666381836,21.2930850982666,22.386497497558594,22.534135818481445,19.16152572631836,24.354084014892578
723000000001,19.91558265686035,15.132206916809082,19.915952682495117,15.226268768310547,19.87584686279297,15.130725860595703,19.79380989074707,15.53327751159668,19.625919342041016,15.534710884094238,19.30870246887207,15.337438583374023,19.498720169067383,15.148194313049316,19.36985206604004,14.069364547729492,18.407751083374023,14.304902076721191,15.448369026184082,17.341333389282227,16.579118728637695,15.019793510437012
723000000002,23.91939926147461,26.342641830444336,23.827486038208008,26.413349151611328,23.72305679321289,26.530147552490234,23.48832893371582,27.153051376342773,23.25274085998535,28.321319580078125,22.061050415039062,27.126773834228516,21.78905487060547,29.33615493774414,20.547433853149414,30.63484764099121,19.161596298217773,33.43815612792969,17.307872772216797,32.177574157714844,18.038742065429688,29.071733474731445
723000000003,23.308597564697266,25.603252410888672,23.306377410888672,26.38741111755371,23.29045867919922,24.867782592773438,23.12074089050293,24.624876022338867,23.03970718383789,25.8814754486084,22.689943313598633,25.024150848388672,21.503042221069336,25.357181549072266,19.701416015625,27.125131607055664,15.99521541595459,26.564428329467773,14.092899322509766,26.4008731842041,12.806612014770508,21.88156509399414
723000000004,24.582353591918945,18.580604553222656,24.59185791015625,18.54973793029785,24.478559494018555,19.19312286376953,24.402942657470703,17.75004005432129,24.478364944458008,20.10958480834961,24.180553436279297,21.049205780029297,18.959836959838867,19.60496711730957,17.288991928100586,24.57349395751953,15.088338851928711,22.46021842956543,16.381956100463867,17.305023193359375,16.43124771118164,20.825498580932617
724000000000,35.70652389526367,22.559722900390625,35.753517150878906,22.49959373474121,35.782474517822266,22.278100967407227,35.29576873779297,22.449085235595703,34.838966369628906,22.014488220214844,35.16166305541992,21.918115615844727,33.13441848754883,23.083877563476562,30.12184715270996,23.9467830657959,29.760000228881836,23.573974609375,29.213016510009766,23.057025909423828,27.3387451171875,23.213417053222656
724000000001,23.089845657348633,24.275619506835938,23.084585189819336,24.48659896850586,23.069271087646484,24.48114013671875,23.044939041137695,24.266630172729492,23.18013572692871,24.69510269165039,23.17340087890625,24.632028579711914,23.0589656829834,24.22743034362793,22.891611099243164,24.64800453186035,22.721561431884766,24.07303237915039,22.508556365966797,24.629173278808594,21.920961380004883,25.24285316467285
724000000002,22.295177459716797,19.12607192993164,22.2936954498291,18.654396057128906,22.292011260986328,18.546310424804688,22.217679977416992,18.106523513793945,22.089311599731445,18.91359519958496,22.112367630004883,19.41547966003418,21.87860679626465,18.463071823120117,21.69838523864746,18.118677139282227,21.16094970703125,19.690168380737305,19.48832893371582,16.8372802734375,15.388032913208008,18.397340774536133
724000000003,34.188621520996094,25.71514892578125,34.21965026855469,25.884521484375,34.25433349609375,25.917720794677734,34.334224700927734,25.733715057373047,34.47966384887695,25.59041976928711,33.38164138793945,26.01287078857422,32.40562057495117,26.111217498779297,32.02336502075195,26.029542922973633,28.49480438232422,25.375465393066406,29.599348068237305,24.710453033447266,26.997398376464844,26.471364974975586
724000000004,21.7623233795166,17.479198455810547,21.75271987915039,17.6476993560791,21.727758407592773,17.554935455322266,21.585800170898438,17.124887466430664,21.116853713989258,16.850433349609375,21.069747924804688,17.74405288696289,20.594324111938477,17.250244140625,20.140085220336914,18.403329849243164,20.05927848815918,16.65125274658203,19.12354278564453,16.099912643432617,16.931482315063477,16.983970642089844
811000000000,25.096111297607422,12.873470306396484,25.1090030670166,13.195382118225098,25.09395980834961,13.18057918548584,24.877159118652344,11.816884994506836,23.986207962036133,12.21103572845459,22.96000862121582,6.457608222961426,20.40158462524414,8.65509033203125,18.42438507080078,15.983539581298828,17.890180587768555,17.5450382232666,16.973257064819336,18.044668197631836,15.1071195602417,23.125198364257812
811000000001,18.523250579833984,24.441280364990234,18.526214599609375,24.191787719726562,18.52573585510254,23.967506408691406,18.4869441986084,23.911823272705078,18.45458984375,24.07597541809082,18.358945846557617,24.618288040161133,18.21004867553711,24.517105102539062,17.425077438354492,27.09513282775879,16.570741653442383,26.72772979736328,15.248897552490234,26.644861221313477,14.56274700164795,24.99481201171875
811000000002,22.387855529785156,24.583858489990234,22.40056037902832,24.789113998413086,22.382015228271484,24.640878677368164,22.27033042907715,24.450632095336914,22.02704429626465,23.695594787597656,21.92180633544922,23.71054458618164,20.70902442932129,24.820667266845703,20.95718002319336,24.28293228149414,20.302968978881836,25.431453704833984,19.225521087646484,26.785968780517578,19.02057456970215,26.351219177246094
811000000003,27.892446517944336,16.05364418029785,27.89146614074707,15.997031211853027,27.902769088745117,16.835886001586914,27.868404388427734,16.595243453979492,27.854581832885742,16.52212905883789,27.906118392944336,16.253768920898438,27.602523803710938,16.722436904907227,20.97010612487793,21.152193069458008,21.650209426879883,18.561628341674805,20.34381103515625,22.782087326049805,17.899017333984375,20.007190704345703
811000000004,21.662851333618164,26.69746208190918,21.660892486572266,26.280593872070312,21.677370071411133,26.55475425720215,21.698225021362305,25.91657257080078,21.73691177368164,26.111125946044922,21.753154754638672,26.075849533081055,21.46908950805664,27.540180206298828,20.560401916503906,26.304641723632812,20.700441360473633,27.591947555541992,21.06999969482422,28.020889282226562,20.56636619567871,29.268247604370117
811000000005,17.950958251953125,23.468585968017578,17.95697784423828,23.66997528076172,17.962106704711914,23.54930305480957,17.889217376708984,23.63962745666504,17.75680160522461,23.697513580322266,17.68784523010254,23.041854858398438,16.993274688720703,21.300182342529297,14.869078636169434,23.49474334716797,15.039365768432617,20.421749114990234,14.757216453552246,20.113433837890625,14.132259368896484,22.85236167907715
811000000006,21.768779754638672,22.474952697753906,21.770166397094727,22.373794555664062,21.772214889526367,22.563432693481445,21.738140106201172,22.29708480834961,21.747587203979492,22.467926025390625,21.695091247558594,22.55367088317871,21.716154098510742,21.355283737182617,21.564022064208984,21.791494369506836,21.518901824951172,22.222169876098633,21.642900466918945,24.787654876708984,21.372798919677734,30.48458480834961
811000000007,19.571561813354492,19.450517654418945,19.579998016357422,19.961305618286133,19.5631160736084,19.1534366607666,19.500978469848633,19.84746551513672,19.430688858032227,19.278886795043945,19.38706398010254,19.589115142822266,19.312416076660156,20.062021255493164,18.560062408447266,21.49920082092285,18.489362716674805,21.116867065429688,18.560522079467773,23.306522369384766,18.680282592773438,23.7783203125
811000000008,nan,22.29143524169922,nan,22.553739547729492,nan,22.160411834716797,nan,22.603506088256836,nan,24.341764450073242,nan,22.777809143066406,nan,26.941781997680664,nan,27.262514114379883,nan,30.61358642578125,nan,29.55113410949707,nan,29.554880142211914
811000000009,18.140249252319336,17.767101287841797,18.144742965698242,17.66042709350586,18.143089294433594,17.711332321166992,18.134578704833984,17.16800308227539,18.139419555664062,17.51416015625,18.136831283569336,18.272014617919922,17.95174217224121,17.51498031616211,17.164339065551758,18.878360748291016,16.163484573364258,18.529943466186523,15.771419525146484,19.54578399658203,14.533175468444824,17.290979385375977
812000000000,24.25189971923828,15.905854225158691,24.256420135498047,16.127241134643555,24.257286071777344,15.736404418945312,24.152956008911133,15.80800724029541,23.882953643798828,17.304813385009766,24.022640228271484,17.60670280456543,23.510223388671875,18.26875877380371,23.274024963378906,17.845279693603516,19.599842071533203,20.24105453491211,19.066728591918945,21.5406551361084,17.75505256652832,18.544330596923828
812000000001,18.612825393676758,12.702591896057129,18.61087989807129,12.452467918395996,18.59714698791504,13.099723815917969,18.51759147644043,12.498546600341797,18.044172286987305,12.315781593322754,17.801963806152344,11.37484359741211,17.629623413085938,14.428079605102539,17.017974853515625,14.477218627929688,17.164363861083984,14.133482933044434,17.122032165527344,16.512866973876953,17.361034393310547,16.583337783813477
812000000002,24.51375961303711,22.809701919555664,24.520130157470703,22.567459106445312,24.539533615112305,22.628530502319336,24.53183937072754,23.136642456054688,24.110610961914062,23.12116050720215,24.28990936279297,22.594844818115234,24.19683074951172,23.843202590942383,22.985271453857422,24.475053787231445,18.745203018188477,23.484201431274414,18.29672622680664,27.147668838500977,15.088029861450195,26.660411834716797
812000000003,nan,16.162948608398438,nan,16.263702392578125,nan,16.162031173706055,nan,16.35380744934082,nan,16.512929916381836,nan,16.473506927490234,nan,16.133769989013672,nan,17.195642471313477,nan,19.447507858276367,nan,20.656904220581055,nan,20.738801956176758
812000000004,23.01422691345215,14.916276931762695,23.010034561157227,15.015196800231934,22.967369079589844,15.632624626159668,22.805023193359375,15.131071090698242,22.679859161376953,15.02257251739502,22.479263305664062,15.65255355834961,21.138263702392578,16.73245620727539,20.02210807800293,14.976814270019531,18.567716598510742,15.615270614624023,16.396190643310547,18.985599517822266,15.376605987548828,16.529869079589844
812000000005,24.54299545288086,28.719919204711914,24.5648136138916,28.774547576904297,24.59152603149414,28.74925422668457,24.62693214416504,28.739591598510742,24.407062530517578,28.490520477294922,24.249971389770508,28.396574020385742,23.68792724609375,28.977907180786133,23.19844627380371,28.758121490478516,21.460634231567383,29.94758415222168,20.778039932250977,30.44590950012207,17.59477996826172,29.58123779296875
812000000006,24.124242782592773,28.032365798950195,24.12076187133789,27.987056732177734,24.113746643066406,27.97359275817871,24.06185531616211,28.24199867248535,24.061771392822266,31.032854080200195,23.908096313476562,30.342329025268555,23.947511672973633,30.903196334838867,22.001432418823242,31.56666374206543,18.607412338256836,34.369808197021484,17.73263168334961,33.26662063598633,17.480579376220703,30.025508880615234
812000000007,nan,28.360477447509766,nan,28.21395492553711,nan,28.610530853271484,nan,28.405925750732422,nan,28.42676544189453,nan,28.616125106811523,nan,28.510438919067383,nan,28.962013244628906,nan,29.254161834716797,nan,27.592395782470703,nan,26.521821975708008
812000000008,25.00802230834961,17.845069885253906,25.012874603271484,17.552154541015625,24.857240676879883,18.073421478271484,24.58533477783203,18.029958724975586,24.488292694091797,17.692249298095703,23.70502471923828,18.162141799926758,21.740859985351562,17.258275985717773,21.85902976989746,20.125261306762695,19.89030647277832,21.90238380432129,19.930662155151367,20.421113967895508,19.004844665527344,24.662137985229492
812000000009,24.709877014160156,19.914609909057617,24.71371841430664,20.054595947265625,24.712446212768555,19.552257537841797,24.592527389526367,19.675216674804688,24.36592674255371,19.568294525146484,23.958572387695312,20.051620483398438,23.925172805786133,20.899614334106445,23.54580307006836,25.11768341064453,23.031295776367188,28.74002456665039,22.034696578979492,23.14743423461914,21.152029037475586,27.34168815612793
813000000000,22.658140182495117,25.86857032775879,22.65285873413086,26.53662872314453,22.65481948852539,26.07952880859375,22.628416061401367,26.2758846282959,22.615324020385742,26.331985473632812,22.41822624206543,25.307363510131836,22.36508560180664,24.14209747314453,22.030269622802734,21.00237464904785,20.820724487304688,26.576000213623047,20.380311965942383,24.090707778930664,20.60774040222168,24.55115509033203
813000000001,22.725749969482422,17.314796447753906,22.721948623657227,17.554899215698242,22.694276809692383,17.24422264099121,22.488847732543945,17.285600662231445,22.237947463989258,17.498004913330078,21.743959426879883,16.11212730407715,20.790971755981445,18.979106903076172,20.80977439880371,19.26370620727539,20.33713150024414,17.90013313293457,19.794017791748047,20.840423583984375,18.92241859436035,19.169845581054688
813000000002,21.67989158630371,13.822558403015137,21.684490203857422,15.16125202178955,21.680566787719727,12.218997955322266,21.65662956237793,11.988580703735352,21.25212860107422,17.16790199279785,21.223365783691406,21.43927764892578,20.01990509033203,22.673931121826172,19.117399215698242,23.218215942382812,18.067564010620117,22.123573303222656,17.958507537841797,22.82194709777832,17.15091896057129,14.851405143737793
813000000003,28.693828582763672,22.768497467041016,28.70923614501953,23.115631103515625,28.710168838500977,22.697521209716797,28.712709426879883,22.723791122436523,28.638883590698242,22.56639289855957,28.52007484436035,23.606107711791992,27.527908325195312,22.29545021057129,26.016803741455078,24.195858001708984,21.189477920532227,29.125932693481445,21.845748901367188,27.018413543701172,18.314546585083008,28.260629653930664
813000000004,28.247941970825195,25.512100219726562,28.259552001953125,25.537017822265625,28.28508758544922,25.529170989990234,28.186782836914062,25.205398559570312,28.0161075592041,24.316692352294922,27.121305465698242,27.34896469116211,27.303964614868164,21.85204315185547,20.752479553222656,28.41920280456543,19.373504638671875,20.204341888427734,20.822416305541992,25.07886505126953,19.208250045776367,29.202211380004883
813000000005,24.055004119873047,24.730113983154297,24.0489444732666,24.909069061279297,24.04155921936035,24.50914192199707,24.004560470581055,25.340578079223633,23.804094314575195,25.708818435668945,23.341419219970703,24.253833770751953,22.80990219116211,24.5031681060791,21.907636642456055,23.23407745361328,21.787351608276367,23.62905502319336,21.039859771728516,23.04997444152832,18.720035552978516,24.584228515625
813000000006,23.394039154052734,17.31134796142578,23.403573989868164,17.463891983032227,23.395328521728516,16.08110237121582,23.326513290405273,16.17494773864746,23.047826766967773,17.072668075561523,22.819250106811523,16.84010887145996,22.52993392944336,17.336009979248047,20.58297348022461,18.431581497192383,20.96790885925293,23.852691650390625,19.70549201965332,20.957332611083984,17.91994857788086,18.973865509033203
813000000007,23.4140625,26.600086212158203,23.42010498046875,26.99211311340332,23.45064353942871,25.18128204345703,23.437925338745117,24.174209594726562,23.396820068359375,24.772258758544922,23.342456817626953,26.129186630249023,23.10917854309082,28.653324127197266,22.672269821166992,29.06997299194336,21.92591667175293,27.77298927307129,21.989885330200195,25.37624168395996,21.9788818359375,24.81158447265625
813000000008,25.687904357910156,14.664986610412598,25.689773559570312,14.710237503051758,25.695310592651367,13.382953643798828,25.643911361694336,14.20248794555664,25.445541381835938,16.964712142944336,25.18988609313965,16.20655059814453,24.129499435424805,15.698310852050781,23.260562896728516,16.6749267578125,21.782978057861328,18.42581558227539,20.04745101928711,21.76132583618164,18.712299346923828,20.45667266845703
813000000009,28.48579216003418,14.24390697479248,28.456377029418945,14.793600082397461,28.328125,15.148509979248047,27.98277473449707,16.48632049560547,27.66539192199707,17.28280258178711,27.476272583007812,19.26215171813965,26.531673431396484,18.53130340576172,26.9429988861084,22.353416442871094,22.972864151000977,28.707275390625,21.837459564208984,29.70884132385254,21.037179946899414,26.985858917236328
814000000000,24.80190086364746,17.400428771972656,24.791248321533203,17.243637084960938,24.772003173828125,17.347715377807617,24.705482482910156,17.516185760498047,24.707855224609375,19.618690490722656,24.5721492767334,20.37299919128418,24.543010711669922,18.791091918945312,23.985271453857422,19.156511306762695,23.912372589111328,21.965084075927734,23.675127029418945,21.82775115966797,23.67181968688965,22.47542381286621
814000000001,24.52692985534668,19.8748779296875,24.51175308227539,19.61309242248535,24.464111328125,19.318775177001953,24.270187377929688,19.46730613708496,23.612964630126953,18.023588180541992,22.62575340270996,20.08676528930664,21.711559295654297,24.10214614868164,18.571815490722656,21.69451141357422,18.278165817260742,21.87148094177246,15.067510604858398,24.539918899536133,12.985556602478027,27.621845245361328
814000000002,39.987186431884766,22.87173843383789,39.89927291870117,22.3428955078125,39.66098403930664,21.96278190612793,39.15373992919922,23.293054580688477,38.64007568359375,23.544878005981445,38.18849182128906,23.655845642089844,38.17034149169922,23.572296142578125,36.98302459716797,23.266115188598633,34.99057388305664,23.173234939575195,31.44679832458496,24.472951889038086,28.539688110351562,22.691417694091797
814000000003,nan,18.035659790039062,nan,18.585893630981445,nan,18.30808448791504,nan,18.107210159301758,nan,20.934104919433594,nan,21.02750587463379,nan,23.548095703125,nan,24.419418334960938,nan,25.253868103027344,nan,24.163972854614258,nan,21.4890079498291
814000000004,41.108890533447266,24.526288986206055,41.046451568603516,24.017133712768555,40.922157287597656,26.776206970214844,40.28164291381836,29.72347640991211,39.43490219116211,33.12900161743164,37.649070739746094,32.0626220703125,36.39261245727539,31.70098876953125,33.21997833251953,33.33218002319336,28.745487213134766,32.99565887451172,26.328306198120117,32.42463684082031,26.45166015625,32.25381851196289
814000000005,nan,26.231962203979492,nan,26.13132095336914,nan,26.354412078857422,nan,26.553112030029297,nan,26.372304916381836,nan,26.292818069458008,nan,26.273313522338867,nan,26.470016479492188,nan,26.746824264526367,nan,26.470476150512695,nan,26.97835922241211
814000000006,nan,24.50069236755371,nan,24.264781951904297,nan,25.106489181518555,nan,26.431612014770508,nan,26.025577545166016,nan,24.452543258666992,nan,24.13182258605957,nan,23.780826568603516,nan,25.87945556640625,nan,25.064451217651367,nan,26.759654998779297
814000000007,25.207836151123047,21.18413734436035,25.214494705200195,21.136838912963867,25.225452423095703,21.506591796875,25.296199798583984,21.508153915405273,25.297332763671875,21.511157989501953,25.06688117980957,20.733243942260742,24.980274200439453,19.7022647857666,24.854888916015625,18.749433517456055,23.2239990234375,20.885543823242188,21.941396713256836,20.71124267578125,20.678064346313477,22.63686180114746
814000000008,nan,22.006160736083984,nan,22.42548370361328,nan,22.058115005493164,nan,22.3011474609375,nan,20.421939849853516,nan,22.325504302978516,nan,24.908607482910156,nan,29.647552490234375,nan,30.979732513427734,nan,30.28972816467285,nan,28.715137481689453
814000000009,27.160837173461914,21.909137725830078,27.14566993713379,21.746488571166992,27.086091995239258,21.814056396484375,27.078332901000977,22.7922420501709,27.049049377441406,22.802825927734375,27.046260833740234,23.397151947021484,26.952070236206055,22.4055118560791,24.8898983001709,21.920915603637695,22.946517944335938,23.085773468017578,22.129878997802734,23.519380569458008,23.314945220947266,24.099578857421875
821000000000,23.997718811035156,19.982620239257812,23.998058319091797,19.760501861572266,23.98442840576172,20.870872497558594,23.92277717590332,21.909786224365234,23.85372543334961,20.58233070373535,23.785930633544922,19.364044189453125,23.690961837768555,24.345626831054688,23.623065948486328,19.664106369018555,23.19545555114746,20.23065757751465,19.421072006225586,19.72299575805664,17.87653923034668,19.800701141357422
821000000001,24.460201263427734,25.795286178588867,24.411684036254883,25.809215545654297,24.304908752441406,25.756385803222656,24.05694007873535,25.626691818237305,23.669620513916016,25.750381469726562,23.119306564331055,25.620948791503906,22.5341854095459,25.660076141357422,22.31829833984375,25.79901885986328,21.99082374572754,28.039997100830078,21.098709106445312,28.553586959838867,17.92966079711914,27.777111053466797
821000000002,nan,23.145275115966797,nan,23.504758834838867,nan,23.50680160522461,nan,23.495149612426758,nan,23.778095245361328,nan,24.23745346069336,nan,25.8551025390625,nan,25.21573257446289,nan,26.04928970336914,nan,24.77467155456543,nan,24.38338279724121
821000000003,22.584436416625977,23.16966438293457,22.589340209960938,23.138538360595703,22.574787139892578,23.82154083251953,22.531503677368164,25.22716522216797,22.452787399291992,24.186717987060547,22.457765579223633,23.743398666381836,22.266260147094727,25.685352325439453,22.15498161315918,26.16958999633789,20.868391036987305,26.2298526763916,18.621665954589844,26.610380172729492,17.11346435546875,26.700410842895508
821000000004,20.34278678894043,20.626623153686523,20.345703125,20.47475814819336,20.35015106201172,21.2273006439209,20.280115127563477,21.428796768188477,20.1796932220459,21.720977783203125,19.992835998535156,21.36326789855957,19.873071670532227,21.408950805664062,19.744159698486328,20.049514770507812,19.33013343811035,19.709470748901367,18.315994262695312,24.76665687561035,16.473602294921875,25.400144577026367
821000000005,nan,22.0058536529541,nan,22.599445343017578,nan,22.07309913635254,nan,21.720956802368164,nan,21.48965835571289,nan,23.797054290771484,nan,26.43589973449707,nan,28.92494773864746,nan,26.593334197998047,nan,27.021324157714844,nan,22.355670928955078
821000000006,23.836341857910156,19.163785934448242,23.830934524536133,18.780542373657227,23.755725860595703,19.681249618530273,23.568212509155273,18.76095199584961,23.166217803955078,18.106462478637695,22.680217742919922,20.084407806396484,22.187454223632812,15.05606746673584,20.653644561767578,19.589170455932617,19.937183380126953,16.91350555419922,17.96278190612793,18.296762466430664,19.659753799438477,15.774330139160156
821000000007,22.95071792602539,19.931028366088867,22.949888229370117,20.05542755126953,22.949106216430664,20.264846801757812,22.746601104736328,19.81161117553711,22.802518844604492,20.187437057495117,22.720664978027344,19.791719436645508,22.508426666259766,19.37519645690918,22.18010902404785,19.566041946411133,21.90965461730957,22.602157592773438,18.653839111328125,19.91396141052246,18.3043212890625,19.381145477294922
821000000008,24.560823440551758,19.83625030517578,24.543848037719727,19.951169967651367,24.503890991210938,19.619550704956055,24.40936279296875,18.89903450012207,24.176908493041992,16.89090919494629,23.741453170776367,21.812368392944336,23.141712188720703,23.98616600036621,22.320697784423828,23.174837112426758,21.383502960205078,24.062376022338867,19.9838924407959,24.841968536376953,18.07394027709961,28.74298667907715
821000000009,21.52874183654785,15.152507781982422,21.535465240478516,15.489400863647461,21.55442237854004,16.0003662109375,21.546785354614258,16.25967788696289,21.489795684814453,16.879587173461914,21.369571685791016,17.222270965576172,20.95763397216797,22.380287170410156,20.902389526367188,19.25614356994629,20.437973022460938,21.54446792602539,19.366445541381836,21.56618881225586,17.904565811157227,20.679521560668945
822000000000,26.19734001159668,18.693565368652344,26.2086124420166,19.202980041503906,26.180118560791016,19.75762176513672,26.12423324584961,19.188858032226562,25.832313537597656,18.95931053161621,25.92304801940918,18.241355895996094,25.789779663085938,19.207895278930664,24.4417667388916,19.948413848876953,24.757902145385742,21.382713317871094,22.95784568786621,21.70347785949707,21.28342628479004,23.25435447692871
822000000001,23.134674072265625,24.589420318603516,23.13763999938965,24.842933654785156,23.141366958618164,24.65328025817871,23.00110626220703,25.03197479248047,22.929134368896484,24.374523162841797,22.83534812927246,25.224733352661133,22.485586166381836,25.53693389892578,21.31209945678711,23.376554489135742,18.656930923461914,25.981014251708984,18.245258331298828,26.948564529418945,17.09027099609375,27.47577476501465
822000000002,32.0987434387207,20.342138290405273,32.12523651123047,20.59600067138672,32.13273239135742,20.826730728149414,32.1472282409668,20.931076049804688,32.02254867553711,21.103195190429688,32.17294692993164,21.02359962463379,31.9753475189209,22.581716537475586,31.60216522216797,23.005342483520508,30.62160301208496,23.15474510192871,24.56169891357422,22.20345115661621,22.517776489257812,24.44645118713379
822000000003,27.26239776611328,18.833450317382812,27.25516128540039,19.152278900146484,27.23665428161621,19.174026489257812,27.032499313354492,19.588903427124023,25.714080810546875,27.290943145751953,23.80056381225586,28.36483383178711,21.925804138183594,28.16132354736328,21.964332580566406,28.3601131439209,22.30487632751465,30.036401748657227,21.23321533203125,27.31737518310547,21.34462547302246,26.675748825073242
822000000004,24.497886657714844,18.35218048095703,24.496585845947266,18.58169174194336,24.530668258666992,18.27505874633789,24.45433235168457,17.888179779052734,24.281206130981445,17.40955924987793,24.285261154174805,16.83039093017578,23.821632385253906,18.91476821899414,23.059539794921875,22.332094192504883,21.513280868530273,24.066146850585938,21.504169464111328,24.147287368774414,22.449851989746094,20.50691032409668
822000000005,31.495929718017578,18.28697967529297,31.537132263183594,18.810766220092773,31.534515380859375,18.370071411132812,31.46343421936035,18.159284591674805,30.731151580810547,20.306821823120117,30.249107360839844,24.053621292114258,28.68754005432129,24.913982391357422,28.281877517700195,26.34921646118164,25.808147430419922,23.246456146240234,22.0286922454834,23.238805770874023,22.54082679748535,22.684675216674805
822000000006,25.8133544921875,20.2554931640625,25.83396339416504,20.42850112915039,25.863584518432617,20.398191452026367,25.526865005493164,20.4865779876709,25.30299186706543,26.08982276916504,24.1574764251709,24.89372444152832,20.38361930847168,24.767473220825195,19.425817489624023,30.42839241027832,18.066242218017578,27.81977081298828,17.719682693481445,29.147228240966797,20.072668075561523,27.896011352539062
822000000007,30.798555374145508,21.77335548400879,30.783756256103516,21.600337982177734,30.77356719970703,21.805435180664062,30.710338592529297,20.43993377685547,30.51889991760254,19.215852737426758,30.448524475097656,21.13890266418457,30.402402877807617,23.74321174621582,30.28666877746582,25.7908935546875,29.338132858276367,28.832895278930664,25.684152603149414,25.932249069213867,26.318984985351562,25.810077667236328
822000000008,27.06655502319336,16.926576614379883,27.043582916259766,17.821632385253906,26.870365142822266,19.09598731994629,26.362642288208008,19.796293258666992,25.599817276000977,20.30859375,23.91212272644043,20.88439178466797,20.30047607421875,23.390111923217773,18.841978073120117,24.48518943786621,17.636775970458984,24.22580337524414,17.733991622924805,26.301950454711914,17.0180606842041,27.963417053222656
822000000009,26.303041458129883,25.99925994873047,26.31398582458496,25.805192947387695,26.33406639099121,25.4669189453125,26.179521560668945,25.64963150024414,25.704055786132812,27.77474594116211,25.225648880004883,28.10892105102539,24.528593063354492,29.889142990112305,18.79877281188965,29.8852596282959,17.70977210998535,29.174345016479492,16.283937454223633,26.329998016357422,16.525802612304688,25.980911254882812
823000000000,23.453224182128906,12.645151138305664,23.44048500061035,12.299262046813965,23.4390869140625,12.391419410705566,23.361919403076172,13.506057739257812,23.26158332824707,18.617300033569336,23.221160888671875,14.824491500854492,22.86785888671875,18.6152400970459,22.418704986572266,20.29426383972168,21.723674774169922,17.07500457763672,19.635162353515625,26.586854934692383,17.869937896728516,26.6047420501709
823000000001,22.425222396850586,24.26531410217285,22.435747146606445,24.102479934692383,22.464107513427734,24.409896850585938,22.40907859802246,25.070180892944336,22.34538459777832,24.64996910095215,22.039451599121094,23.78097915649414,20.935970306396484,25.720882415771484,19.489471435546875,22.042972564697266,17.182340621948242,27.33161735534668,16.126873016357422,29.359113693237305,15.581289291381836,29.054773330688477
823000000002,26.897289276123047,16.841999053955078,26.889421463012695,16.575271606445312,26.88372802734375,16.637208938598633,26.79477310180664,17.042377471923828,26.62853240966797,17.60651397705078,26.375282287597656,18.463680267333984,26.20125389099121,17.490859985351562,26.04487419128418,17.17449378967285,24.71280860900879,19.92386245727539,22.175874710083008,20.306852340698242,21.30645751953125,15.02971076965332
823000000003,28.793851852416992,17.008922576904297,28.777389526367188,16.53238296508789,28.735549926757812,17.793004989624023,28.620227813720703,13.316975593566895,28.4842472076416,14.34625244140625,26.60916519165039,20.028526306152344,26.33287811279297,18.40563201904297,20.862625122070312,17.294559478759766,18.89891242980957,18.023908615112305,20.94657325744629,19.119186401367188,17.486719131469727,20.863418579101562
823000000004,23.55923843383789,23.50541114807129,23.571460723876953,23.727863311767578,23.559072494506836,23.99370002746582,23.48921012878418,23.66539764404297,23.204378128051758,24.156240463256836,22.807092666625977,25.051605224609375,21.950939178466797,25.364521026611328,19.35627555847168,22.55629539489746,17.059682846069336,24.36792755126953,13.877297401428223,29.36602020263672,12.039054870605469,26.58577537536621
823000000005,19.602581024169922,18.532054901123047,19.59950828552246,17.78338623046875,19.609912872314453,17.567249298095703,19.588329315185547,18.019210815429688,19.551820755004883,19.233821868896484,19.36577796936035,19.336679458618164,18.534996032714844,21.20475196838379,18.035964965820312,25.98930549621582,17.64622688293457,21.10826301574707,16.8364315032959,21.425607681274414,15.934181213378906,21.97091293334961
823000000006,33.73660659790039,19.396028518676758,33.74271774291992,19.965417861938477,33.74891662597656,19.758420944213867,33.536170959472656,20.463953018188477,32.90447998046875,19.41253662109375,33.2075309753418,19.34133529663086,30.42909812927246,22.340972900390625,30.376249313354492,21.855792999267578,28.2287540435791,26.59299087524414,26.580928802490234,26.189910888671875,26.640869140625,27.20548439025879
823000000007,nan,18.282054901123047,nan,18.561878204345703,nan,19.279367446899414,nan,19.552001953125,nan,19.71933364868164,nan,19.730194091796875,nan,19.262239456176758,nan,23.366195678710938,nan,20.238435745239258,nan,26.587135314941406,nan,22.398025512695312
823000000008,29.6727294921875,20.556625366210938,29.7127628326416,20.32294273376465,29.80191421508789,20.857105255126953,29.985614776611328,20.513460159301758,29.01913070678711,21.61357879638672,27.04900360107422,20.3397274017334,25.908876419067383,22.323545455932617,19.75202751159668,20.900779724121094,18.711212158203125,28.929000854492188,17.54338836669922,27.408611297607422,17.461177825927734,25.988218307495117
823000000009,25.787132263183594,18.06500244140625,25.78955078125,18.030914306640625,25.784570693969727,19.00666046142578,25.77715492248535,18.052274703979492,25.686838150024414,17.49873924255371,25.634441375732422,17.775218963623047,25.36214256286621,21.149578094482422,24.034589767456055,19.67913246154785,22.340255737304688,21.252195358276367,22.99822998046875,17.27351188659668,19.976335525512695,21.08342933654785
824000000000,28.717937469482422,16.919145584106445,28.683637619018555,16.938865661621094,28.68726348876953,18.14189910888672,28.609596252441406,18.131202697753906,28.520620346069336,17.75602149963379,28.29645538330078,18.017894744873047,28.281240463256836,19.66754913330078,28.132410049438477,20.083436965942383,24.858430862426758,21.373645782470703,21.618635177612305,21.170074462890625,20.13843536376953,22.05622673034668
824000000001,31.05745506286621,14.975372314453125,31.102067947387695,14.904800415039062,31.135156631469727,15.386541366577148,31.186119079589844,14.486501693725586,31.310510635375977,15.56706714630127,31.348854064941406,17.008901596069336,30.19793701171875,22.117454528808594,29.823904037475586,24.689146041870117,23.84999656677246,26.870710372924805,23.194507598876953,27.44093894958496,22.588062286376953,28.683080673217773
824000000002,19.66649627685547,12.00592041015625,19.666179656982422,12.175017356872559,19.65311622619629,12.087425231933594,19.58424186706543,12.484733581542969,19.54719352722168,12.378571510314941,19.506290435791016,13.386845588684082,19.49016761779785,15.398512840270996,19.44662857055664,14.574980735778809,18.801923751831055,13.738245010375977,18.27608299255371,12.028055191040039,16.896839141845703,17.826274871826172
824000000003,32.87606430053711,17.689640045166016,32.944461822509766,17.87162971496582,32.960479736328125,19.20559310913086,32.06016540527344,19.510950088500977,32.81236267089844,19.106592178344727,32.434722900390625,24.107650756835938,31.872581481933594,24.99159812927246,32.88290786743164,29.96382713317871,32.728187561035156,26.570098876953125,32.68906784057617,25.652381896972656,31.467763900756836,28.698925018310547
824000000004,28.899669647216797,23.867313385009766,28.918684005737305,24.0202579498291,28.995845794677734,23.975954055786133,28.93964385986328,23.97147560119629,28.73724937438965,23.92190170288086,28.400066375732422,23.50027084350586,28.488542556762695,24.040729522705078,27.831825256347656,24.557668685913086,25.340660095214844,24.729785919189453,21.858219146728516,30.740949630737305,21.923377990722656,26.369428634643555
824000000005,27.917240142822266,20.496118545532227,27.8950138092041,20.333406448364258,27.891298294067383,20.60373878479004,27.861738204956055,20.322736740112305,27.786348342895508,20.49034309387207,27.600540161132812,20.61202621459961,27.507238388061523,20.664037704467773,27.081804275512695,21.27165412902832,25.525957107543945,22.634675979614258,23.786640167236328,21.950027465820312,20.955245971679688,22.81703758239746
824000000006,23.373502731323242,17.97412872314453,23.378488540649414,17.89011573791504,23.376930236816406,17.798799514770508,23.379648208618164,17.7394962310791,23.403554916381836,18.095674514770508,23.384233474731445,17.91830062866211,23.366168975830078,17.198810577392578,23.257083892822266,17.52446746826172,22.5303955078125,17.95073127746582,20.397409439086914,18.691200256347656,18.209802627563477,18.311012268066406
824000000007,30.43724822998047,19.94703483581543,30.44828987121582,19.908079147338867,30.53638458251953,21.01006507873535,30.448801040649414,20.411643981933594,29.8852481842041,19.88492202758789,29.731584548950195,20.63616371154785,29.401620864868164,20.45955467224121,27.055587768554688,22.26470184326172,27.419729232788086,18.363983154296875,27.80765724182129,20.93752670288086,27.404869079589844,19.610742568969727
824000000008,29.478727340698242,16.289350509643555,29.481464385986328,16.231739044189453,29.490781784057617,16.16567611694336,29.46767807006836,17.32931900024414,28.958776473999023,17.229982376098633,28.447179794311523,16.1573429107666,28.238922119140625,16.081331253051758,26.08168601989746,18.965238571166992,26.043582916259766,21.321224212646484,25.674217224121094,23.30617332458496,24.28883171081543,22.697389602661133
824000000009,31.2176513671875,20.23050308227539,31.233213424682617,20.095876693725586,31.26030158996582,20.251686096191406,31.123384475708008,19.89194107055664,30.93859100341797,19.01923370361328,29.690412521362305,23.245344161987305,28.417646408081055,23.531034469604492,28.104597091674805,22.919023513793945,26.074499130249023,21.632469177246094,22.409252166748047,20.965476989746094,16.686725616455078,25.40019989013672
911000000000,nan,27.396282196044922,nan,27.545583724975586,nan,27.095043182373047,nan,27.62982940673828,nan,27.426549911499023,nan,30.729204177856445,nan,30.55847930908203,nan,30.178176879882812,nan,30.503520965576172,nan,29.668933868408203,nan,29.139745712280273
911000000001,nan,20.69475555419922,nan,20.695859909057617,nan,20.67487907409668,nan,20.647790908813477,nan,21.1398983001709,nan,20.970661163330078,nan,21.085250854492188,nan,20.711881637573242,nan,21.096864700317383,nan,20.9916934967041,nan,20.990312576293945
911000000002,nan,23.754039764404297,nan,23.761810302734375,nan,24.043289184570312,nan,23.87153434753418,nan,23.73699188232422,nan,24.482072830200195,nan,24.067541122436523,nan,23.45780372619629,nan,24.611948013305664,nan,23.724031448364258,nan,25.832874298095703
911000000003,nan,25.03252601623535,nan,25.547435760498047,nan,25.362628936767578,nan,24.277379989624023,nan,27.041793823242188,nan,25.74411964416504,nan,26.648880004882812,nan,27.564943313598633,nan,28.244754791259766,nan,31.56698989868164,nan,31.753110885620117
911000000004,nan,26.228015899658203,nan,26.172887802124023,nan,27.10664939880371,nan,27.386507034301758,nan,26.52524757385254,nan,25.63106918334961,nan,26.015010833740234,nan,27.059284210205078,nan,26.886892318725586,nan,26.021299362182617,nan,23.306913375854492
911000000005,nan,27.76050567626953,nan,28.12814712524414,nan,27.896339416503906,nan,26.59613800048828,nan,25.78485679626465,nan,29.1231746673584,nan,28.71578025817871,nan,27.30621910095215,nan,25.149738311767578,nan,25.296789169311523,nan,27.409893035888672
911000000006,nan,31.26449966430664,nan,31.52436637878418,nan,31.0493106842041,nan,31.002593994140625,nan,30.024433135986328,nan,30.270278930664062,nan,29.97126579284668,nan,29.91642951965332,nan,30.056943893432617,nan,28.742969512939453,nan,28.324026107788086
911000000007,38.7759895324707,19.928247451782227,38.68403244018555,19.74773597717285,38.56836700439453,20.19217872619629,38.00508117675781,20.5006103515625,36.37270736694336,20.5479736328125,35.12604904174805,20.882997512817383,31.97005844116211,22.21474266052246,29.54762840270996,23.019180297851562,28.101930618286133,23.700937271118164,19.15587043762207,24.419206619262695,21.506296157836914,25.701696395874023
911000000008,nan,30.86771011352539,nan,29.929166793823242,nan,30.581825256347656,nan,30.72902488708496,nan,31.39980125427246,nan,31.100385665893555,nan,28.510168075561523,nan,28.957908630371094,nan,30.194833755493164,nan,32.51130294799805,nan,33.77627182006836
911000000009,nan,27.43471908569336,nan,27.407032012939453,nan,27.39777946472168,nan,27.5543155670166,nan,28.0211124420166,nan,27.801040649414062,nan,27.407428741455078,nan,27.544206619262695,nan,25.427669525146484,nan,28.433258056640625,nan,23.337507247924805
912000000000,nan,25.00969696044922,nan,24.964548110961914,nan,25.07561492919922,nan,25.149513244628906,nan,25.50513458251953,nan,26.215791702270508,nan,23.418212890625,nan,24.6613712310791,nan,25.29819107055664,nan,24.760751724243164,nan,29.630643844604492
912000000001,nan,24.665788650512695,nan,24.630096435546875,nan,24.999649047851562,nan,27.65013313293457,nan,27.545326232910156,nan,26.011913299560547,nan,33.283836364746094,nan,33.7879524230957,nan,32.667423248291016,nan,30.811946868896484,nan,29.191987991333008
912000000002,nan,19.182353973388672,nan,20.37922477722168,nan,23.207901000976562,nan,22.306007385253906,nan,27.603912353515625,nan,22.92856788635254,nan,24.343154907226562,nan,24.45318031311035,nan,26.033857345581055,nan,30.70926284790039,nan,33.80459976196289
912000000003,nan,16.72186279296875,nan,16.877695083618164,nan,17.516279220581055,nan,17.44465446472168,nan,17.49079132080078,nan,18.25958824157715,nan,17.464134216308594,nan,18.824573516845703,nan,17.002925872802734,nan,19.731754302978516,nan,20.233715057373047
912000000004,nan,26.07593536376953,nan,25.90540885925293,nan,26.388246536254883,nan,26.288450241088867,nan,26.899906158447266,nan,27.6301212310791,nan,26.193857192993164,nan,23.776248931884766,nan,25.540119171142578,nan,24.805566787719727,nan,26.648557662963867
912000000005,nan,24.513084411621094,nan,24.34453010559082,nan,24.401643753051758,nan,25.543685913085938,nan,25.205976486206055,nan,25.42559242248535,nan,24.449975967407227,nan,25.569164276123047,nan,27.317523956298828,nan,29.290884017944336,nan,26.475208282470703
912000000006,nan,24.87218475341797,nan,25.071006774902344,nan,25.0734806060791,nan,26.101181030273438,nan,26.017642974853516,nan,26.43693733215332,nan,26.504676818847656,nan,28.138071060180664,nan,26.090452194213867,nan,26.40824317932129,nan,27.740215301513672
912000000007,nan,24.169374465942383,nan,23.97279167175293,nan,23.984848022460938,nan,23.41702651977539,nan,24.837764739990234,nan,27.163230895996094,nan,23.1114559173584,nan,24.448833465576172,nan,22.557832717895508,nan,16.974079132080078,nan,19.33888816833496
912000000008,nan,17.62445640563965,nan,17.50522232055664,nan,16.322410583496094,nan,17.767005920410156,nan,17.591115951538086,nan,16.8137149810791,nan,19.000896453857422,nan,26.044570922851562,nan,27.962440490722656,nan,31.48537254333496,nan,29.077714920043945
912000000009,nan,23.061979293823242,nan,23.04770851135254,nan,22.85650634765625,nan,24.0386905670166,nan,25.131479263305664,nan,25.229549407958984,nan,27.318334579467773,nan,28.97287940979004,nan,24.615615844726562,nan,22.90981674194336,nan,23.358341217041016
913000000000,20.227100372314453,16.865686416625977,20.228151321411133,16.77727699279785,20.20943260192871,16.773056030273438,20.11788558959961,16.977542877197266,19.974544525146484,17.051654815673828,19.960981369018555,17.343080520629883,19.602535247802734,16.459495544433594,18.311065673828125,18.973060607910156,16.936603546142578,19.654983520507812,16.097984313964844,19.964126586914062,15.645508766174316,17.02327537536621
913000000001,nan,30.867570877075195,nan,30.861133575439453,nan,30.49943733215332,nan,30.95296859741211,nan,30.949174880981445,nan,29.934171676635742,nan,29.46982765197754,nan,30.484926223754883,nan,30.891647338867188,nan,31.134334564208984,nan,31.57944679260254
913000000002,nan,29.763395309448242,nan,29.950651168823242,nan,30.392990112304688,nan,30.00653076171875,nan,31.09054183959961,nan,34.05302429199219,nan,33.02904510498047,nan,33.152286529541016,nan,34.92403030395508,nan,31.50649070739746,nan,36.03984832763672
913000000003,nan,22.001087188720703,nan,22.12737274169922,nan,22.734439849853516,nan,22.522001266479492,nan,21.152990341186523,nan,23.472986221313477,nan,28.18208885192871,nan,32.38518524169922,nan,29.928409576416016,nan,31.236413955688477,nan,31.413650512695312
913000000004,nan,22.378999710083008,nan,23.588031768798828,nan,23.51320457458496,nan,23.78546714782715,nan,27.29693603515625,nan,27.978090286254883,nan,26.553016662597656,nan,25.36835289001465,nan,26.31315040588379,nan,24.550987243652344,nan,20.160686492919922
913000000005,nan,28.235742568969727,nan,28.857364654541016,nan,29.881275177001953,nan,29.72511100769043,nan,30.436267852783203,nan,29.459110260009766,nan,32.124267578125,nan,31.065073013305664,nan,26.0350284576416,nan,22.756736755371094,nan,25.119077682495117
913000000006,nan,26.878231048583984,nan,27.130168914794922,nan,26.302900314331055,nan,26.775588989257812,nan,26.965686798095703,nan,26.899948120117188,nan,29.402463912963867,nan,28.726642608642578,nan,29.331737518310547,nan,28.623823165893555,nan,23.629255294799805
913000000007,nan,28.443992614746094,nan,28.42500877380371,nan,28.1743221282959,nan,28.18372917175293,nan,27.77954864501953,nan,28.347427368164062,nan,28.476173400878906,nan,28.15180206298828,nan,27.764684677124023,nan,28.028457641601562,nan,27.204370498657227
913000000008,nan,29.233173370361328,nan,29.3179988861084,nan,29.7368221282959,nan,29.49262046813965,nan,30.174297332763672,nan,30.462520599365234,nan,30.004602432250977,nan,31.564170837402344,nan,31.262414932250977,nan,32.06471633911133,nan,30.505292892456055
913000000009,nan,26.036602020263672,nan,26.31154441833496,nan,25.822681427001953,nan,26.072778701782227,nan,25.647375106811523,nan,25.617807388305664,nan,26.217151641845703,nan,27.685897827148438,nan,27.335044860839844,nan,25.978004455566406,nan,24.44461441040039
914000000000,nan,30.088991165161133,nan,30.122589111328125,nan,30.44489288330078,nan,29.690595626831055,nan,30.29129409790039,nan,30.666118621826172,nan,31.511445999145508,nan,32.38899230957031,nan,30.66898536682129,nan,27.188222885131836,nan,28.569477081298828
914000000001,nan,22.57598876953125,nan,23.050094604492188,nan,23.09471321105957,nan,23.707624435424805,nan,24.112895965576172,nan,23.535388946533203,nan,24.87841796875,nan,23.786991119384766,nan,25.242324829101562,nan,24.553363800048828,nan,24.19883918762207
914000000002,nan,26.715213775634766,nan,26.612571716308594,nan,26.832786560058594,nan,26.673200607299805,nan,26.712614059448242,nan,26.957050323486328,nan,26.3949031829834,nan,26.59848976135254,nan,26.713348388671875,nan,27.61867332458496,nan,27.25953483581543
914000000003,nan,26.771133422851562,nan,26.637189865112305,nan,26.849529266357422,nan,26.383075714111328,nan,26.914871215820312,nan,26.094106674194336,nan,25.983030319213867,nan,26.724403381347656,nan,24.06279182434082,nan,25.05620765686035,nan,24.950794219970703
914000000004,nan,29.82211685180664,nan,29.4223690032959,nan,29.842632293701172,nan,30.001726150512695,nan,29.742801666259766,nan,29.34589958190918,nan,29.79743194580078,nan,29.720867156982422,nan,29.715320587158203,nan,29.58643341064453,nan,29.338258743286133
914000000005,nan,17.36916160583496,nan,17.03120231628418,nan,17.265064239501953,nan,17.76669692993164,nan,17.732255935668945,nan,18.01323890686035,nan,15.763118743896484,nan,19.777935028076172,nan,21.725486755371094,nan,23.601795196533203,nan,21.12000274658203
914000000006,nan,21.72504425048828,nan,21.777116775512695,nan,21.869197845458984,nan,22.143632888793945,nan,22.921743392944336,nan,22.23440170288086,nan,24.363460540771484,nan,23.097957611083984,nan,26.254302978515625,nan,25.407812118530273,nan,27.634498596191406
914000000007,nan,24.499876022338867,nan,25.117290496826172,nan,25.380653381347656,nan,25.75691032409668,nan,25.63125228881836,nan,26.448471069335938,nan,27.22591209411621,nan,27.406736373901367,nan,27.19223403930664,nan,27.410945892333984,nan,29.05382537841797
914000000008,nan,21.21106719970703,nan,21.658294677734375,nan,20.46412467956543,nan,20.401256561279297,nan,20.590295791625977,nan,20.364782333374023,nan,19.718238830566406,nan,20.571413040161133,nan,20.167470932006836,nan,20.67955207824707,nan,21.713966369628906
914000000009,nan,30.228445053100586,nan,30.538639068603516,nan,29.86898422241211,nan,29.807640075683594,nan,30.504179000854492,nan,30.317142486572266,nan,29.521747589111328,nan,31.136646270751953,nan,29.31596565246582,nan,28.109451293945312,nan,26.293827056884766
921000000000,nan,20.050315856933594,nan,20.027137756347656,nan,20.368391036987305,nan,20.77713394165039,nan,21.356672286987305,nan,20.918529510498047,nan,18.3110408782959,nan,19.492305755615234,nan,22.37443733215332,nan,23.379173278808594,nan,25.438426971435547
921000000001,nan,22.62372589111328,nan,22.723285675048828,nan,23.30263328552246,nan,23.761642456054688,nan,25.00423240661621,nan,25.856578826904297,nan,26.587692260742188,nan,27.47672462463379,nan,25.60193634033203,nan,21.638023376464844,nan,21.128442764282227
921000000002,nan,31.955095291137695,nan,31.694873809814453,nan,31.164413452148438,nan,31.761470794677734,nan,31.02599334716797,nan,31.78453826904297,nan,30.099498748779297,nan,32.477935791015625,nan,30.452800750732422,nan,32.782920837402344,nan,31.266313552856445
921000000003,nan,26.691091537475586,nan,26.84852409362793,nan,26.681434631347656,nan,27.013290405273438,nan,27.278831481933594,nan,27.03614616394043,nan,26.609920501708984,nan,26.956998825073242,nan,26.088581085205078,nan,31.70131492614746,nan,30.544340133666992
921000000004,nan,15.237201690673828,nan,15.730045318603516,nan,15.127809524536133,nan,15.494139671325684,nan,15.57030963897705,nan,15.484613418579102,nan,13.72175407409668,nan,18.263427734375,nan,22.639257431030273,nan,23.83897590637207,nan,24.416732788085938
921000000005,nan,21.2746524810791,nan,21.5911922454834,nan,21.72759246826172,nan,21.856285095214844,nan,22.021190643310547,nan,22.006919860839844,nan,22.7895565032959,nan,23.360151290893555,nan,29.079965591430664,nan,27.93053436279297,nan,30.475536346435547
921000000006,nan,24.557798385620117,nan,24.324169158935547,nan,23.9127197265625,nan,23.825944900512695,nan,24.36900520324707,nan,24.39110565185547,nan,26.812379837036133,nan,24.94553565979004,nan,27.566162109375,nan,25.77592658996582,nan,30.319421768188477
921000000007,nan,23.040956497192383,nan,23.449796676635742,nan,23.287687301635742,nan,23.053958892822266,nan,23.64417839050293,nan,23.64487648010254,nan,22.37905502319336,nan,21.727373123168945,nan,29.11780548095703,nan,27.815174102783203,nan,28.554439544677734
921000000008,nan,24.509571075439453,nan,24.370012283325195,nan,24.715492248535156,nan,24.775068283081055,nan,24.907695770263672,nan,24.393739700317383,nan,27.036502838134766,nan,25.40883445739746,nan,28.650846481323242,nan,28.047218322753906,nan,26.229167938232422
921000000009,nan,27.587696075439453,nan,27.826204299926758,nan,27.90906524658203,nan,28.098573684692383,nan,28.27691650390625,nan,28.05466651916504,nan,27.59237289428711,nan,28.452571868896484,nan,28.21536636352539,nan,28.282794952392578,nan,27.340227127075195
922000000000,nan,16.080102920532227,nan,16.490074157714844,nan,16.109949111938477,nan,15.435139656066895,nan,16.503063201904297,nan,18.026260375976562,nan,26.271224975585938,nan,24.335067749023438,nan,28.51952362060547,nan,28.935108184814453,nan,24.242517471313477
922000000001,nan,15.128556251525879,nan,15.308095932006836,nan,14.688480377197266,nan,13.503715515136719,nan,15.421493530273438,nan,12.600387573242188,nan,24.40455436706543,nan,26.872840881347656,nan,21.534696578979492,nan,26.417600631713867,nan,34.21031188964844
922000000002,nan,23.339801788330078,nan,23.397613525390625,nan,24.156253814697266,nan,24.182693481445312,nan,25.773822784423828,nan,29.639751434326172,nan,32.496376037597656,nan,32.15774154663086,nan,30.732044219970703,nan,28.335294723510742,nan,26.006269454956055
922000000003,nan,20.06134605407715,nan,19.779754638671875,nan,19.233577728271484,nan,19.294038772583008,nan,19.205799102783203,nan,20.535152435302734,nan,21.305498123168945,nan,19.359176635742188,nan,17.970094680786133,nan,17.506441116333008,nan,21.295455932617188
922000000004,nan,19.451383590698242,nan,19.739540100097656,nan,21.644973754882812,nan,19.789621353149414,nan,21.6336669921875,nan,24.627225875854492,nan,24.798770904541016,nan,26.933923721313477,nan,24.64638900756836,nan,27.45140838623047,nan,26.245582580566406
922000000005,nan,29.307477951049805,nan,29.194904327392578,nan,28.983509063720703,nan,29.280122756958008,nan,26.93266487121582,nan,26.518213272094727,nan,23.743677139282227,nan,24.635181427001953,nan,21.599674224853516,nan,24.24457359313965,nan,26.789674758911133
922000000006,nan,19.272668838500977,nan,18.868118286132812,nan,18.243610382080078,nan,18.406843185424805,nan,17.95661735534668,nan,16.888336181640625,nan,18.348112106323242,nan,20.130327224731445,nan,28.105205535888672,nan,29.59694480895996,nan,17.147668838500977
922000000007,nan,22.621774673461914,nan,22.84634017944336,nan,22.902263641357422,nan,22.50600242614746,nan,22.941783905029297,nan,28.316255569458008,nan,27.506935119628906,nan,30.020660400390625,nan,30.510578155517578,nan,28.743457794189453,nan,27.640527725219727
922000000008,nan,19.013294219970703,nan,19.369739532470703,nan,22.365825653076172,nan,23.639816284179688,nan,28.537460327148438,nan,31.423646926879883,nan,30.78741455078125,nan,29.896556854248047,nan,15.638616561889648,nan,29.44213104248047,nan,16.762096405029297
922000000009,nan,21.50214958190918,nan,21.150344848632812,nan,21.23578453063965,nan,21.02079963684082,nan,20.391361236572266,nan,21.16193389892578,nan,19.965290069580078,nan,19.68942642211914,nan,20.616212844848633,nan,24.097305297851562,nan,21.129005432128906
923000000000,nan,27.16765785217285,nan,27.45779800415039,nan,27.822818756103516,nan,28.265541076660156,nan,28.51485824584961,nan,24.810667037963867,nan,28.00658416748047,nan,28.219301223754883,nan,28.647560119628906,nan,27.480173110961914,nan,25.218421936035156
923000000001,nan,14.175382614135742,nan,14.232627868652344,nan,13.901951789855957,nan,14.151310920715332,nan,15.031838417053223,nan,16.176298141479492,nan,20.056434631347656,nan,22.77737808227539,nan,28.398889541625977,nan,26.946882247924805,nan,27.528459548950195
923000000002,nan,23.714733123779297,nan,23.84894561767578,nan,23.698837280273438,nan,23.381046295166016,nan,23.494503021240234,nan,24.820140838623047,nan,24.978008270263672,nan,22.607786178588867,nan,28.78945541381836,nan,27.68867301940918,nan,28.03194808959961
923000000003,nan,21.88351058959961,nan,21.490585327148438,nan,21.669748306274414,nan,21.636749267578125,nan,21.44933319091797,nan,21.495332717895508,nan,22.03672218322754,nan,23.939491271972656,nan,24.19622039794922,nan,22.686784744262695,nan,22.162353515625
923000000004,nan,24.266555786132812,nan,24.385883331298828,nan,24.827186584472656,nan,24.080476760864258,nan,23.76296615600586,nan,22.496196746826172,nan,22.135839462280273,nan,21.64763069152832,nan,23.810997009277344,nan,26.78791618347168,nan,28.44327163696289
923000000005,nan,22.20668601989746,nan,22.685991287231445,nan,23.13774871826172,nan,23.22103500366211,nan,23.074392318725586,nan,22.89661979675293,nan,22.609046936035156,nan,22.865001678466797,nan,21.10236358642578,nan,23.355144500732422,nan,25.161510467529297
923000000006,nan,21.283466339111328,nan,21.361373901367188,nan,21.090394973754883,nan,21.520620346069336,nan,21.644487380981445,nan,21.20046043395996,nan,21.233224868774414,nan,18.042438507080078,nan,23.535490036010742,nan,21.287124633789062,nan,23.240686416625977
923000000007,nan,15.451663970947266,nan,15.518342971801758,nan,15.555212020874023,nan,15.41423225402832,nan,16.34927749633789,nan,15.937134742736816,nan,17.054588317871094,nan,17.258562088012695,nan,20.516517639160156,nan,18.604766845703125,nan,19.624103546142578
923000000008,nan,26.031028747558594,nan,25.880258560180664,nan,26.171619415283203,nan,26.467191696166992,nan,26.71365737915039,nan,26.595264434814453,nan,26.391780853271484,nan,28.16094207763672,nan,26.135318756103516,nan,24.356006622314453,nan,25.78032684326172
923000000009,nan,20.56053924560547,nan,20.884857177734375,nan,21.11636734008789,nan,21.94685173034668,nan,22.39833641052246,nan,21.862564086914062,nan,23.317428588867188,nan,25.315929412841797,nan,27.18040657043457,nan,28.561534881591797,nan,21.793153762817383
924000000000,nan,17.969547271728516,nan,18.315120697021484,nan,18.51156997680664,nan,18.70570945739746,nan,18.60373878479004,nan,18.90360450744629,nan,18.99799919128418,nan,19.039121627807617,nan,19.39580535888672,nan,24.615638732910156,nan,24.984025955200195
924000000001,nan,20.996278762817383,nan,21.357568740844727,nan,21.48284912109375,nan,22.199743270874023,nan,26.482423782348633,nan,27.043622970581055,nan,27.361541748046875,nan,27.869384765625,nan,28.720468521118164,nan,29.027572631835938,nan,27.17815589904785
924000000002,nan,20.909481048583984,nan,20.899169921875,nan,21.49099349975586,nan,22.084054946899414,nan,21.389081954956055,nan,21.308124542236328,nan,23.474105834960938,nan,27.131593704223633,nan,28.290218353271484,nan,28.906261444091797,nan,28.575956344604492
924000000003,nan,21.392431259155273,nan,21.490880966186523,nan,21.375226974487305,nan,21.411508560180664,nan,21.654306411743164,nan,21.678939819335938,nan,22.02186393737793,nan,21.865320205688477,nan,21.463281631469727,nan,27.15066146850586,nan,27.362442016601562
924000000004,nan,26.44003677368164,nan,26.499361038208008,nan,26.184341430664062,nan,26.223960876464844,nan,26.1964054107666,nan,25.33721351623535,nan,26.41788673400879,nan,26.006513595581055,nan,26.266399383544922,nan,22.049909591674805,nan,24.80558967590332
924000000005,nan,23.881710052490234,nan,23.71746826171875,nan,23.406604766845703,nan,23.61725616455078,nan,23.993961334228516,nan,24.13658332824707,nan,24.56900405883789,nan,23.95871353149414,nan,24.878334045410156,nan,23.432748794555664,nan,28.95193099975586
924000000006,nan,20.901865005493164,nan,21.0245361328125,nan,21.5146541595459,nan,22.352293014526367,nan,21.836933135986328,nan,22.114521026611328,nan,24.206947326660156,nan,28.936969757080078,nan,27.403207778930664,nan,27.072275161743164,nan,28.018463134765625
924000000007,nan,23.377134323120117,nan,23.017616271972656,nan,23.66881561279297,nan,23.64204216003418,nan,23.8121337890625,nan,24.09784698486328,nan,24.657800674438477,nan,24.092159271240234,nan,24.749113082885742,nan,26.49485206604004,nan,28.759130477905273
924000000008,nan,18.177703857421875,nan,18.395170211791992,nan,18.34688949584961,nan,18.323017120361328,nan,18.48746109008789,nan,18.332523345947266,nan,18.660444259643555,nan,19.851844787597656,nan,18.857641220092773,nan,21.73430061340332,nan,26.133464813232422
924000000009,nan,17.686046600341797,nan,17.818256378173828,nan,18.02317237854004,nan,18.06997299194336,nan,17.758251190185547,nan,17.286659240722656,nan,18.318023681640625,nan,14.211471557617188,nan,19.778064727783203,nan,31.865619659423828,nan,33.120296478271484
