sample_id,category,t_start,t_end,t_delta,whole_psnr,clip_edited,image_path
0,0_random_140,0.0,0.0,0.15,27.444458,0.222502,/data/home/mirick/ChordEdit/ablation_outputs/grid_metrics_sdturbo_top_20260626_104807/0_random_140_000000000000/t_delta_0p15/cells/t_start_0p0__t_end_0p0.png
0,0_random_140,0.1,0.0,0.15,27.43461,0.222855,/data/home/mirick/ChordEdit/ablation_outputs/grid_metrics_sdturbo_top_20260626_104807/0_random_140_000000000000/t_delta_0p15/cells/t_start_0p1__t_end_0p0.png
0,0_random_140,0.2,0.0,0.15,27.416234,0.221767,/data/home/mirick/ChordEdit/ablation_outputs/grid_metrics_sdturbo_top_20260626_104807/0_random_140_000000000000/t_delta_0p15/cells/t_start_0p2__t_end_0p0.png
0,0_random_140,0.3,0.0,0.15,27.361269,0.222221,/data/home/mirick/ChordEdit/ablation_outputs/grid_metrics_sdturbo_top_20260626_104807/0_random_140_000000000000/t_delta_0p15/cells/t_start_0p3__t_end_0p0.png
0,0_random_140,0.4,0.0,0.15,27.25023,0.224078,/data/home/mirick/ChordEdit/ablation_outputs/grid_metrics_sdturbo_top_20260626_104807/0_random_140_000000000000/t_delta_0p15/cells/t_start_0p4__t_end_0p0.png
0,0_random_140,0.5,0.0,0.15,26.885932,0.226765,/data/home/mirick/ChordEdit/ablation_outputs/grid_metrics_sdturbo_top_20260626_104807/0_random_140_000000000000/t_delta_0p15/cells/t_start_0p5__t_end_0p0.png
0,0_random_140,0.6,0.0,0.15,25.902114,0.228312,/data/home/mirick/ChordEdit/ablation_outputs/grid_metrics_sdturbo_top_20260626_104807/0_random_140_000000000000/t_delta_0p15/cells/t_start_0p6__t_end_0p0.png
0,0_random_140,0.7,0.0,0.15,23.278321,0.22966,/data/home/mirick/ChordEdit/ablation_outputs/grid_metrics_sdturbo_top_20260626_104807/0_random_140_000000000000/t_delta_0p15/cells/t_start_0p7__t_end_0p0.png
0,0_random_140,0.8,0.0,0.15,19.545728,0.237734,/data/home/mirick/ChordEdit/ablation_outputs/grid_metrics_sdturbo_top_20260626_104807/0_random_140_000000000000/t_delta_0p15/cells/t_start_0p8__t_end_0p0.png
0,0_random_140,0.9,0.0,0.15,16.85272,0.232784,/data/home/mirick/ChordEdit/ablation_outputs/grid_metrics_sdturbo_top_20260626_104807/0_random_140_000000000000/t_delta_0p15/cells/t_start_0p9__t_end_0p0.png
0,0_random_140,1.0,0.0,0.15,14.406916,0.229155,/data/home/mirick/ChordEdit/ablation_outputs/grid_metrics_sdturbo_top_20260626_104807/0_random_140_000000000000/t_delta_0p15/cells/t_start_1p0__t_end_0p0.png
0,0_random_140,0.0,0.1,0.15,23.882679,0.225546,/data/home/mirick/ChordEdit/ablation_outputs/grid_metrics_sdturbo_top_20260626_104807/0_random_140_000000000000/t_delta_0p15/cells/t_start_0p0__t_end_0p1.png
0,0_random_140,0.1,0.1,0.15,23.877293,0.225499,/data/home/mirick/ChordEdit/ablation_outputs/grid_metrics_sdturbo_top_20260626_104807/0_random_140_000000000000/t_delta_0p15/cells/t_start_0p1__t_end_0p1.png
0,0_random_140,0.2,0.1,0.15,23.878677,0.224948,/data/home/mirick/ChordEdit/ablation_outputs/grid_metrics_sdturbo_top_20260626_104807/0_random_140_000000000000/t_delta_0p15/cells/t_start_0p2__t_end_0p1.png
0,0_random_140,0.3,0.1,0.15,23.85983,0.224605,/data/home/mirick/ChordEdit/ablation_outputs/grid_metrics_sdturbo_top_20260626_104807/0_random_140_000000000000/t_delta_0p15/cells/t_start_0p3__t_end_0p1.png
0,0_random_140,0.4,0.1,0.15,23.809144,0.224638,/data/home/mirick/ChordEdit/ablation_outputs/grid_metrics_sdturbo_top_20260626_104807/0_random_140_000000000000/t_delta_0p15/cells/t_start_0p4__t_end_0p1.png
0,0_random_140,0.5,0.1,0.15,23.684936,0.225121,/data/home/mirick/ChordEdit/ablation_outputs/grid_metrics_sdturbo_top_20260626_104807/0_random_140_000000000000/t_delta_0p15/cells/t_start_0p5__t_end_0p1.png
0,0_random_140,0.6,0.1,0.15,23.338674,0.224883,/data/home/mirick/ChordEdit/ablation_outputs/grid_metrics_sdturbo_top_20260626_104807/0_random_140_000000000000/t_delta_0p15/cells/t_start_0p6__t_end_0p1.png
0,0_random_140,0.7,0.1,0.15,22.234335,0.229027,/data/home/mirick/ChordEdit/ablation_outputs/grid_metrics_sdturbo_top_20260626_104807/0_random_140_000000000000/t_delta_0p15/cells/t_start_0p7__t_end_0p1.png
0,0_random_140,0.8,0.1,0.15,19.501066,0.229486,/data/home/mirick/ChordEdit/ablation_outputs/grid_metrics_sdturbo_top_20260626_104807/0_random_140_000000000000/t_delta_0p15/cells/t_start_0p8__t_end_0p1.png
0,0_random_140,0.9,0.1,0.15,17.419934,0.244984,/data/home/mirick/ChordEdit/ablation_outputs/grid_metrics_sdturbo_top_20260626_104807/0_random_140_000000000000/t_delta_0p15/cells/t_start_0p9__t_end_0p1.png
0,0_random_140,1.0,0.1,0.15,14.80298,0.216924,/data/home/mirick/ChordEdit/ablation_outputs/grid_metrics_sdturbo_top_20260626_104807/0_random_140_000000000000/t_delta_0p15/cells/t_start_1p0__t_end_0p1.png
0,0_random_140,0.0,0.2,0.15,21.990025,0.223854,/data/home/mirick/ChordEdit/ablation_outputs/grid_metrics_sdturbo_top_20260626_104807/0_random_140_000000000000/t_delta_0p15/cells/t_start_0p0__t_end_0p2.png
0,0_random_140,0.1,0.2,0.15,21.996533,0.224098,/data/home/mirick/ChordEdit/ablation_outputs/grid_metrics_sdturbo_top_20260626_104807/0_random_140_000000000000/t_delta_0p15/cells/t_start_0p1__t_end_0p2.png
0,0_random_140,0.2,0.2,0.15,22.002069,0.22413,/data/home/mirick/ChordEdit/ablation_outputs/grid_metrics_sdturbo_top_20260626_104807/0_random_140_000000000000/t_delta_0p15/cells/t_start_0p2__t_end_0p2.png
0,0_random_140,0.3,0.2,0.15,22.00153,0.224099,/data/home/mirick/ChordEdit/ablation_outputs/grid_metrics_sdturbo_top_20260626_104807/0_random_140_000000000000/t_delta_0p15/cells/t_start_0p3__t_end_0p2.png
0,0_random_140,0.4,0.2,0.15,21.955841,0.223714,/data/home/mirick/ChordEdit/ablation_outputs/grid_metrics_sdturbo_top_20260626_104807/0_random_140_000000000000/t_delta_0p15/cells/t_start_0p4__t_end_0p2.png
0,0_random_140,0.5,0.2,0.15,21.847966,0.224969,/data/home/mirick/ChordEdit/ablation_outputs/grid_metrics_sdturbo_top_20260626_104807/0_random_140_000000000000/t_delta_0p15/cells/t_start_0p5__t_end_0p2.png
0,0_random_140,0.6,0.2,0.15,21.624854,0.225106,/data/home/mirick/ChordEdit/ablation_outputs/grid_metrics_sdturbo_top_20260626_104807/0_random_140_000000000000/t_delta_0p15/cells/t_start_0p6__t_end_0p2.png
0,0_random_140,0.7,0.2,0.15,20.884767,0.230403,/data/home/mirick/ChordEdit/ablation_outputs/grid_metrics_sdturbo_top_20260626_104807/0_random_140_000000000000/t_delta_0p15/cells/t_start_0p7__t_end_0p2.png
0,0_random_140,0.8,0.2,0.15,18.782121,0.230573,/data/home/mirick/ChordEdit/ablation_outputs/grid_metrics_sdturbo_top_20260626_104807/0_random_140_000000000000/t_delta_0p15/cells/t_start_0p8__t_end_0p2.png
0,0_random_140,0.9,0.2,0.15,17.403104,0.233964,/data/home/mirick/ChordEdit/ablation_outputs/grid_metrics_sdturbo_top_20260626_104807/0_random_140_000000000000/t_delta_0p15/cells/t_start_0p9__t_end_0p2.png
0,0_random_140,1.0,0.2,0.15,15.006278,0.2223,/data/home/mirick/ChordEdit/ablation_outputs/grid_metrics_sdturbo_top_20260626_104807/0_random_140_000000000000/t_delta_0p15/cells/t_start_1p0__t_end_0p2.png
0,0_random_140,0.0,0.3,0.15,20.386382,0.225036,/data/home/mirick/ChordEdit/ablation_outputs/grid_metrics_sdturbo_top_20260626_104807/0_random_140_000000000000/t_delta_0p15/cells/t_start_0p0__t_end_0p3.png
0,0_random_140,0.1,0.3,0.15,20.391756,0.22543,/data/home/mirick/ChordEdit/ablation_outputs/grid_metrics_sdturbo_top_20260626_104807/0_random_140_000000000000/t_delta_0p15/cells/t_start_0p1__t_end_0p3.png
0,0_random_140,0.2,0.3,0.15,20.39957,0.225052,/data/home/mirick/ChordEdit/ablation_outputs/grid_metrics_sdturbo_top_20260626_104807/0_random_140_000000000000/t_delta_0p15/cells/t_start_0p2__t_end_0p3.png
0,0_random_140,0.3,0.3,0.15,20.410791,0.226363,/data/home/mirick/ChordEdit/ablation_outputs/grid_metrics_sdturbo_top_20260626_104807/0_random_140_000000000000/t_delta_0p15/cells/t_start_0p3__t_end_0p3.png
0,0_random_140,0.4,0.3,0.15,20.370954,0.224766,/data/home/mirick/ChordEdit/ablation_outputs/grid_metrics_sdturbo_top_20260626_104807/0_random_140_000000000000/t_delta_0p15/cells/t_start_0p4__t_end_0p3.png
0,0_random_140,0.5,0.3,0.15,20.286551,0.227272,/data/home/mirick/ChordEdit/ablation_outputs/grid_metrics_sdturbo_top_20260626_104807/0_random_140_000000000000/t_delta_0p15/cells/t_start_0p5__t_end_0p3.png
0,0_random_140,0.6,0.3,0.15,20.060835,0.226029,/data/home/mirick/ChordEdit/ablation_outputs/grid_metrics_sdturbo_top_20260626_104807/0_random_140_000000000000/t_delta_0p15/cells/t_start_0p6__t_end_0p3.png
0,0_random_140,0.7,0.3,0.15,19.48847,0.225893,/data/home/mirick/ChordEdit/ablation_outputs/grid_metrics_sdturbo_top_20260626_104807/0_random_140_000000000000/t_delta_0p15/cells/t_start_0p7__t_end_0p3.png
0,0_random_140,0.8,0.3,0.15,17.790638,0.230709,/data/home/mirick/ChordEdit/ablation_outputs/grid_metrics_sdturbo_top_20260626_104807/0_random_140_000000000000/t_delta_0p15/cells/t_start_0p8__t_end_0p3.png
0,0_random_140,0.9,0.3,0.15,16.821802,0.231876,/data/home/mirick/ChordEdit/ablation_outputs/grid_metrics_sdturbo_top_20260626_104807/0_random_140_000000000000/t_delta_0p15/cells/t_start_0p9__t_end_0p3.png
0,0_random_140,1.0,0.3,0.15,15.082393,0.232706,/data/home/mirick/ChordEdit/ablation_outputs/grid_metrics_sdturbo_top_20260626_104807/0_random_140_000000000000/t_delta_0p15/cells/t_start_1p0__t_end_0p3.png
0,0_random_140,0.0,0.4,0.15,18.57323,0.229883,/data/home/mirick/ChordEdit/ablation_outputs/grid_metrics_sdturbo_top_20260626_104807/0_random_140_000000000000/t_delta_0p15/cells/t_start_0p0__t_end_0p4.png
0,0_random_140,0.1,0.4,0.15,18.574576,0.230773,/data/home/mirick/ChordEdit/ablation_outputs/grid_metrics_sdturbo_top_20260626_104807/0_random_140_000000000000/t_delta_0p15/cells/t_start_0p1__t_end_0p4.png
0,0_random_140,0.2,0.4,0.15,18.576557,0.231284,/data/home/mirick/ChordEdit/ablation_outputs/grid_metrics_sdturbo_top_20260626_104807/0_random_140_000000000000/t_delta_0p15/cells/t_start_0p2__t_end_0p4.png
0,0_random_140,0.3,0.4,0.15,18.590167,0.232908,/data/home/mirick/ChordEdit/ablation_outputs/grid_metrics_sdturbo_top_20260626_104807/0_random_140_000000000000/t_delta_0p15/cells/t_start_0p3__t_end_0p4.png
0,0_random_140,0.4,0.4,0.15,18.579891,0.233918,/data/home/mirick/ChordEdit/ablation_outputs/grid_metrics_sdturbo_top_20260626_104807/0_random_140_000000000000/t_delta_0p15/cells/t_start_0p4__t_end_0p4.png
0,0_random_140,0.5,0.4,0.15,18.519977,0.233998,/data/home/mirick/ChordEdit/ablation_outputs/grid_metrics_sdturbo_top_20260626_104807/0_random_140_000000000000/t_delta_0p15/cells/t_start_0p5__t_end_0p4.png
0,0_random_140,0.6,0.4,0.15,18.224954,0.229461,/data/home/mirick/ChordEdit/ablation_outputs/grid_metrics_sdturbo_top_20260626_104807/0_random_140_000000000000/t_delta_0p15/cells/t_start_0p6__t_end_0p4.png
0,0_random_140,0.7,0.4,0.15,17.947289,0.227833,/data/home/mirick/ChordEdit/ablation_outputs/grid_metrics_sdturbo_top_20260626_104807/0_random_140_000000000000/t_delta_0p15/cells/t_start_0p7__t_end_0p4.png
0,0_random_140,0.8,0.4,0.15,16.650355,0.232521,/data/home/mirick/ChordEdit/ablation_outputs/grid_metrics_sdturbo_top_20260626_104807/0_random_140_000000000000/t_delta_0p15/cells/t_start_0p8__t_end_0p4.png
0,0_random_140,0.9,0.4,0.15,15.622527,0.234898,/data/home/mirick/ChordEdit/ablation_outputs/grid_metrics_sdturbo_top_20260626_104807/0_random_140_000000000000/t_delta_0p15/cells/t_start_0p9__t_end_0p4.png
0,0_random_140,1.0,0.4,0.15,14.591551,0.231207,/data/home/mirick/ChordEdit/ablation_outputs/grid_metrics_sdturbo_top_20260626_104807/0_random_140_000000000000/t_delta_0p15/cells/t_start_1p0__t_end_0p4.png
0,0_random_140,0.0,0.5,0.15,16.630036,0.234583,/data/home/mirick/ChordEdit/ablation_outputs/grid_metrics_sdturbo_top_20260626_104807/0_random_140_000000000000/t_delta_0p15/cells/t_start_0p0__t_end_0p5.png
0,0_random_140,0.1,0.5,0.15,16.63015,0.234424,/data/home/mirick/ChordEdit/ablation_outputs/grid_metrics_sdturbo_top_20260626_104807/0_random_140_000000000000/t_delta_0p15/cells/t_start_0p1__t_end_0p5.png
0,0_random_140,0.2,0.5,0.15,16.632211,0.234924,/data/home/mirick/ChordEdit/ablation_outputs/grid_metrics_sdturbo_top_20260626_104807/0_random_140_000000000000/t_delta_0p15/cells/t_start_0p2__t_end_0p5.png
0,0_random_140,0.3,0.5,0.15,16.635277,0.235085,/data/home/mirick/ChordEdit/ablation_outputs/grid_metrics_sdturbo_top_20260626_104807/0_random_140_000000000000/t_delta_0p15/cells/t_start_0p3__t_end_0p5.png
0,0_random_140,0.4,0.5,0.15,16.639957,0.234477,/data/home/mirick/ChordEdit/ablation_outputs/grid_metrics_sdturbo_top_20260626_104807/0_random_140_000000000000/t_delta_0p15/cells/t_start_0p4__t_end_0p5.png
0,0_random_140,0.5,0.5,0.15,16.609827,0.234473,/data/home/mirick/ChordEdit/ablation_outputs/grid_metrics_sdturbo_top_20260626_104807/0_random_140_000000000000/t_delta_0p15/cells/t_start_0p5__t_end_0p5.png
0,0_random_140,0.6,0.5,0.15,16.517365,0.236559,/data/home/mirick/ChordEdit/ablation_outputs/grid_metrics_sdturbo_top_20260626_104807/0_random_140_000000000000/t_delta_0p15/cells/t_start_0p6__t_end_0p5.png
0,0_random_140,0.7,0.5,0.15,16.28802,0.234687,/data/home/mirick/ChordEdit/ablation_outputs/grid_metrics_sdturbo_top_20260626_104807/0_random_140_000000000000/t_delta_0p15/cells/t_start_0p7__t_end_0p5.png
0,0_random_140,0.8,0.5,0.15,15.28755,0.240423,/data/home/mirick/ChordEdit/ablation_outputs/grid_metrics_sdturbo_top_20260626_104807/0_random_140_000000000000/t_delta_0p15/cells/t_start_0p8__t_end_0p5.png
0,0_random_140,0.9,0.5,0.15,14.217825,0.242595,/data/home/mirick/ChordEdit/ablation_outputs/grid_metrics_sdturbo_top_20260626_104807/0_random_140_000000000000/t_delta_0p15/cells/t_start_0p9__t_end_0p5.png
0,0_random_140,1.0,0.5,0.15,13.697097,0.232521,/data/home/mirick/ChordEdit/ablation_outputs/grid_metrics_sdturbo_top_20260626_104807/0_random_140_000000000000/t_delta_0p15/cells/t_start_1p0__t_end_0p5.png
0,0_random_140,0.0,0.6,0.15,15.142937,0.241249,/data/home/mirick/ChordEdit/ablation_outputs/grid_metrics_sdturbo_top_20260626_104807/0_random_140_000000000000/t_delta_0p15/cells/t_start_0p0__t_end_0p6.png
0,0_random_140,0.1,0.6,0.15,15.141973,0.241827,/data/home/mirick/ChordEdit/ablation_outputs/grid_metrics_sdturbo_top_20260626_104807/0_random_140_000000000000/t_delta_0p15/cells/t_start_0p1__t_end_0p6.png
0,0_random_140,0.2,0.6,0.15,15.144445,0.242127,/data/home/mirick/ChordEdit/ablation_outputs/grid_metrics_sdturbo_top_20260626_104807/0_random_140_000000000000/t_delta_0p15/cells/t_start_0p2__t_end_0p6.png
0,0_random_140,0.3,0.6,0.15,15.147738,0.242133,/data/home/mirick/ChordEdit/ablation_outputs/grid_metrics_sdturbo_top_20260626_104807/0_random_140_000000000000/t_delta_0p15/cells/t_start_0p3__t_end_0p6.png
0,0_random_140,0.4,0.6,0.15,15.139523,0.243018,/data/home/mirick/ChordEdit/ablation_outputs/grid_metrics_sdturbo_top_20260626_104807/0_random_140_000000000000/t_delta_0p15/cells/t_start_0p4__t_end_0p6.png
0,0_random_140,0.5,0.6,0.15,15.094698,0.239807,/data/home/mirick/ChordEdit/ablation_outputs/grid_metrics_sdturbo_top_20260626_104807/0_random_140_000000000000/t_delta_0p15/cells/t_start_0p5__t_end_0p6.png
0,0_random_140,0.6,0.6,0.15,14.967373,0.236695,/data/home/mirick/ChordEdit/ablation_outputs/grid_metrics_sdturbo_top_20260626_104807/0_random_140_000000000000/t_delta_0p15/cells/t_start_0p6__t_end_0p6.png
0,0_random_140,0.7,0.6,0.15,14.681174,0.234961,/data/home/mirick/ChordEdit/ablation_outputs/grid_metrics_sdturbo_top_20260626_104807/0_random_140_000000000000/t_delta_0p15/cells/t_start_0p7__t_end_0p6.png
0,0_random_140,0.8,0.6,0.15,14.072736,0.242724,/data/home/mirick/ChordEdit/ablation_outputs/grid_metrics_sdturbo_top_20260626_104807/0_random_140_000000000000/t_delta_0p15/cells/t_start_0p8__t_end_0p6.png
0,0_random_140,0.9,0.6,0.15,12.895221,0.232638,/data/home/mirick/ChordEdit/ablation_outputs/grid_metrics_sdturbo_top_20260626_104807/0_random_140_000000000000/t_delta_0p15/cells/t_start_0p9__t_end_0p6.png
0,0_random_140,1.0,0.6,0.15,12.679664,0.228724,/data/home/mirick/ChordEdit/ablation_outputs/grid_metrics_sdturbo_top_20260626_104807/0_random_140_000000000000/t_delta_0p15/cells/t_start_1p0__t_end_0p6.png
0,0_random_140,0.0,0.7,0.15,12.539421,0.23544,/data/home/mirick/ChordEdit/ablation_outputs/grid_metrics_sdturbo_top_20260626_104807/0_random_140_000000000000/t_delta_0p15/cells/t_start_0p0__t_end_0p7.png
0,0_random_140,0.1,0.7,0.15,12.539225,0.235794,/data/home/mirick/ChordEdit/ablation_outputs/grid_metrics_sdturbo_top_20260626_104807/0_random_140_000000000000/t_delta_0p15/cells/t_start_0p1__t_end_0p7.png
0,0_random_140,0.2,0.7,0.15,12.537763,0.235621,/data/home/mirick/ChordEdit/ablation_outputs/grid_metrics_sdturbo_top_20260626_104807/0_random_140_000000000000/t_delta_0p15/cells/t_start_0p2__t_end_0p7.png
0,0_random_140,0.3,0.7,0.15,12.530159,0.234906,/data/home/mirick/ChordEdit/ablation_outputs/grid_metrics_sdturbo_top_20260626_104807/0_random_140_000000000000/t_delta_0p15/cells/t_start_0p3__t_end_0p7.png
0,0_random_140,0.4,0.7,0.15,12.50362,0.234445,/data/home/mirick/ChordEdit/ablation_outputs/grid_metrics_sdturbo_top_20260626_104807/0_random_140_000000000000/t_delta_0p15/cells/t_start_0p4__t_end_0p7.png
0,0_random_140,0.5,0.7,0.15,12.458079,0.233938,/data/home/mirick/ChordEdit/ablation_outputs/grid_metrics_sdturbo_top_20260626_104807/0_random_140_000000000000/t_delta_0p15/cells/t_start_0p5__t_end_0p7.png
0,0_random_140,0.6,0.7,0.15,12.359867,0.238735,/data/home/mirick/ChordEdit/ablation_outputs/grid_metrics_sdturbo_top_20260626_104807/0_random_140_000000000000/t_delta_0p15/cells/t_start_0p6__t_end_0p7.png
0,0_random_140,0.7,0.7,0.15,11.976432,0.237452,/data/home/mirick/ChordEdit/ablation_outputs/grid_metrics_sdturbo_top_20260626_104807/0_random_140_000000000000/t_delta_0p15/cells/t_start_0p7__t_end_0p7.png
0,0_random_140,0.8,0.7,0.15,11.882358,0.240958,/data/home/mirick/ChordEdit/ablation_outputs/grid_metrics_sdturbo_top_20260626_104807/0_random_140_000000000000/t_delta_0p15/cells/t_start_0p8__t_end_0p7.png
0,0_random_140,0.9,0.7,0.15,11.320652,0.250567,/data/home/mirick/ChordEdit/ablation_outputs/grid_metrics_sdturbo_top_20260626_104807/0_random_140_000000000000/t_delta_0p15/cells/t_start_0p9__t_end_0p7.png
0,0_random_140,1.0,0.7,0.15,11.180619,0.235383,/data/home/mirick/ChordEdit/ablation_outputs/grid_metrics_sdturbo_top_20260626_104807/0_random_140_000000000000/t_delta_0p15/cells/t_start_1p0__t_end_0p7.png
0,0_random_140,0.0,0.8,0.15,10.634018,0.227943,/data/home/mirick/ChordEdit/ablation_outputs/grid_metrics_sdturbo_top_20260626_104807/0_random_140_000000000000/t_delta_0p15/cells/t_start_0p0__t_end_0p8.png
0,0_random_140,0.1,0.8,0.15,10.633604,0.22817,/data/home/mirick/ChordEdit/ablation_outputs/grid_metrics_sdturbo_top_20260626_104807/0_random_140_000000000000/t_delta_0p15/cells/t_start_0p1__t_end_0p8.png
0,0_random_140,0.2,0.8,0.15,10.631991,0.227677,/data/home/mirick/ChordEdit/ablation_outputs/grid_metrics_sdturbo_top_20260626_104807/0_random_140_000000000000/t_delta_0p15/cells/t_start_0p2__t_end_0p8.png
0,0_random_140,0.3,0.8,0.15,10.631387,0.226957,/data/home/mirick/ChordEdit/ablation_outputs/grid_metrics_sdturbo_top_20260626_104807/0_random_140_000000000000/t_delta_0p15/cells/t_start_0p3__t_end_0p8.png
0,0_random_140,0.4,0.8,0.15,10.621583,0.226871,/data/home/mirick/ChordEdit/ablation_outputs/grid_metrics_sdturbo_top_20260626_104807/0_random_140_000000000000/t_delta_0p15/cells/t_start_0p4__t_end_0p8.png
0,0_random_140,0.5,0.8,0.15,10.624761,0.226117,/data/home/mirick/ChordEdit/ablation_outputs/grid_metrics_sdturbo_top_20260626_104807/0_random_140_000000000000/t_delta_0p15/cells/t_start_0p5__t_end_0p8.png
0,0_random_140,0.6,0.8,0.15,10.607627,0.23069,/data/home/mirick/ChordEdit/ablation_outputs/grid_metrics_sdturbo_top_20260626_104807/0_random_140_000000000000/t_delta_0p15/cells/t_start_0p6__t_end_0p8.png
0,0_random_140,0.7,0.8,0.15,10.501506,0.235626,/data/home/mirick/ChordEdit/ablation_outputs/grid_metrics_sdturbo_top_20260626_104807/0_random_140_000000000000/t_delta_0p15/cells/t_start_0p7__t_end_0p8.png
0,0_random_140,0.8,0.8,0.15,10.673822,0.237926,/data/home/mirick/ChordEdit/ablation_outputs/grid_metrics_sdturbo_top_20260626_104807/0_random_140_000000000000/t_delta_0p15/cells/t_start_0p8__t_end_0p8.png
0,0_random_140,0.9,0.8,0.15,10.296599,0.2524,/data/home/mirick/ChordEdit/ablation_outputs/grid_metrics_sdturbo_top_20260626_104807/0_random_140_000000000000/t_delta_0p15/cells/t_start_0p9__t_end_0p8.png
0,0_random_140,1.0,0.8,0.15,10.079488,0.235623,/data/home/mirick/ChordEdit/ablation_outputs/grid_metrics_sdturbo_top_20260626_104807/0_random_140_000000000000/t_delta_0p15/cells/t_start_1p0__t_end_0p8.png
0,0_random_140,0.0,0.9,0.15,9.618628,0.219986,/data/home/mirick/ChordEdit/ablation_outputs/grid_metrics_sdturbo_top_20260626_104807/0_random_140_000000000000/t_delta_0p15/cells/t_start_0p0__t_end_0p9.png
0,0_random_140,0.1,0.9,0.15,9.618675,0.219737,/data/home/mirick/ChordEdit/ablation_outputs/grid_metrics_sdturbo_top_20260626_104807/0_random_140_000000000000/t_delta_0p15/cells/t_start_0p1__t_end_0p9.png
0,0_random_140,0.2,0.9,0.15,9.61883,0.219477,/data/home/mirick/ChordEdit/ablation_outputs/grid_metrics_sdturbo_top_20260626_104807/0_random_140_000000000000/t_delta_0p15/cells/t_start_0p2__t_end_0p9.png
0,0_random_140,0.3,0.9,0.15,9.617568,0.221016,/data/home/mirick/ChordEdit/ablation_outputs/grid_metrics_sdturbo_top_20260626_104807/0_random_140_000000000000/t_delta_0p15/cells/t_start_0p3__t_end_0p9.png
0,0_random_140,0.4,0.9,0.15,9.61539,0.220532,/data/home/mirick/ChordEdit/ablation_outputs/grid_metrics_sdturbo_top_20260626_104807/0_random_140_000000000000/t_delta_0p15/cells/t_start_0p4__t_end_0p9.png
0,0_random_140,0.5,0.9,0.15,9.619666,0.222551,/data/home/mirick/ChordEdit/ablation_outputs/grid_metrics_sdturbo_top_20260626_104807/0_random_140_000000000000/t_delta_0p15/cells/t_start_0p5__t_end_0p9.png
0,0_random_140,0.6,0.9,0.15,9.653842,0.223747,/data/home/mirick/ChordEdit/ablation_outputs/grid_metrics_sdturbo_top_20260626_104807/0_random_140_000000000000/t_delta_0p15/cells/t_start_0p6__t_end_0p9.png
0,0_random_140,0.7,0.9,0.15,9.618065,0.226401,/data/home/mirick/ChordEdit/ablation_outputs/grid_metrics_sdturbo_top_20260626_104807/0_random_140_000000000000/t_delta_0p15/cells/t_start_0p7__t_end_0p9.png
0,0_random_140,0.8,0.9,0.15,9.661886,0.231872,/data/home/mirick/ChordEdit/ablation_outputs/grid_metrics_sdturbo_top_20260626_104807/0_random_140_000000000000/t_delta_0p15/cells/t_start_0p8__t_end_0p9.png
0,0_random_140,0.9,0.9,0.15,9.31054,0.216255,/data/home/mirick/ChordEdit/ablation_outputs/grid_metrics_sdturbo_top_20260626_104807/0_random_140_000000000000/t_delta_0p15/cells/t_start_0p9__t_end_0p9.png
0,0_random_140,1.0,0.9,0.15,9.374106,0.227743,/data/home/mirick/ChordEdit/ablation_outputs/grid_metrics_sdturbo_top_20260626_104807/0_random_140_000000000000/t_delta_0p15/cells/t_start_1p0__t_end_0p9.png
0,0_random_140,0.0,1.0,0.15,9.043481,0.198174,/data/home/mirick/ChordEdit/ablation_outputs/grid_metrics_sdturbo_top_20260626_104807/0_random_140_000000000000/t_delta_0p15/cells/t_start_0p0__t_end_1p0.png
0,0_random_140,0.1,1.0,0.15,9.043085,0.198681,/data/home/mirick/ChordEdit/ablation_outputs/grid_metrics_sdturbo_top_20260626_104807/0_random_140_000000000000/t_delta_0p15/cells/t_start_0p1__t_end_1p0.png
0,0_random_140,0.2,1.0,0.15,9.043569,0.198421,/data/home/mirick/ChordEdit/ablation_outputs/grid_metrics_sdturbo_top_20260626_104807/0_random_140_000000000000/t_delta_0p15/cells/t_start_0p2__t_end_1p0.png
0,0_random_140,0.3,1.0,0.15,9.041952,0.199015,/data/home/mirick/ChordEdit/ablation_outputs/grid_metrics_sdturbo_top_20260626_104807/0_random_140_000000000000/t_delta_0p15/cells/t_start_0p3__t_end_1p0.png
0,0_random_140,0.4,1.0,0.15,9.040033,0.199378,/data/home/mirick/ChordEdit/ablation_outputs/grid_metrics_sdturbo_top_20260626_104807/0_random_140_000000000000/t_delta_0p15/cells/t_start_0p4__t_end_1p0.png
0,0_random_140,0.5,1.0,0.15,9.039734,0.197332,/data/home/mirick/ChordEdit/ablation_outputs/grid_metrics_sdturbo_top_20260626_104807/0_random_140_000000000000/t_delta_0p15/cells/t_start_0p5__t_end_1p0.png
0,0_random_140,0.6,1.0,0.15,9.060888,0.206415,/data/home/mirick/ChordEdit/ablation_outputs/grid_metrics_sdturbo_top_20260626_104807/0_random_140_000000000000/t_delta_0p15/cells/t_start_0p6__t_end_1p0.png
0,0_random_140,0.7,1.0,0.15,9.095051,0.195162,/data/home/mirick/ChordEdit/ablation_outputs/grid_metrics_sdturbo_top_20260626_104807/0_random_140_000000000000/t_delta_0p15/cells/t_start_0p7__t_end_1p0.png
0,0_random_140,0.8,1.0,0.15,9.181052,0.211536,/data/home/mirick/ChordEdit/ablation_outputs/grid_metrics_sdturbo_top_20260626_104807/0_random_140_000000000000/t_delta_0p15/cells/t_start_0p8__t_end_1p0.png
0,0_random_140,0.9,1.0,0.15,9.075276,0.202077,/data/home/mirick/ChordEdit/ablation_outputs/grid_metrics_sdturbo_top_20260626_104807/0_random_140_000000000000/t_delta_0p15/cells/t_start_0p9__t_end_1p0.png
0,0_random_140,1.0,1.0,0.15,9.244811,0.207999,/data/home/mirick/ChordEdit/ablation_outputs/grid_metrics_sdturbo_top_20260626_104807/0_random_140_000000000000/t_delta_0p15/cells/t_start_1p0__t_end_1p0.png
0,0_random_140,0.0,0.0,0.0,27.444458,0.222502,/data/home/mirick/ChordEdit/ablation_outputs/grid_metrics_sdturbo_top_20260626_104807/0_random_140_000000000000/t_delta_0/cells/t_start_0p0__t_end_0p0.png
0,0_random_140,0.1,0.0,0.0,27.418894,0.222791,/data/home/mirick/ChordEdit/ablation_outputs/grid_metrics_sdturbo_top_20260626_104807/0_random_140_000000000000/t_delta_0/cells/t_start_0p1__t_end_0p0.png
0,0_random_140,0.2,0.0,0.0,27.370325,0.222159,/data/home/mirick/ChordEdit/ablation_outputs/grid_metrics_sdturbo_top_20260626_104807/0_random_140_000000000000/t_delta_0/cells/t_start_0p2__t_end_0p0.png
0,0_random_140,0.3,0.0,0.0,27.196665,0.223639,/data/home/mirick/ChordEdit/ablation_outputs/grid_metrics_sdturbo_top_20260626_104807/0_random_140_000000000000/t_delta_0/cells/t_start_0p3__t_end_0p0.png
0,0_random_140,0.4,0.0,0.0,26.740963,0.228281,/data/home/mirick/ChordEdit/ablation_outputs/grid_metrics_sdturbo_top_20260626_104807/0_random_140_000000000000/t_delta_0/cells/t_start_0p4__t_end_0p0.png
0,0_random_140,0.5,0.0,0.0,25.300981,0.227598,/data/home/mirick/ChordEdit/ablation_outputs/grid_metrics_sdturbo_top_20260626_104807/0_random_140_000000000000/t_delta_0/cells/t_start_0p5__t_end_0p0.png
0,0_random_140,0.6,0.0,0.0,21.477166,0.233341,/data/home/mirick/ChordEdit/ablation_outputs/grid_metrics_sdturbo_top_20260626_104807/0_random_140_000000000000/t_delta_0/cells/t_start_0p6__t_end_0p0.png
0,0_random_140,0.7,0.0,0.0,17.965273,0.23984,/data/home/mirick/ChordEdit/ablation_outputs/grid_metrics_sdturbo_top_20260626_104807/0_random_140_000000000000/t_delta_0/cells/t_start_0p7__t_end_0p0.png
0,0_random_140,0.8,0.0,0.0,14.510024,0.229793,/data/home/mirick/ChordEdit/ablation_outputs/grid_metrics_sdturbo_top_20260626_104807/0_random_140_000000000000/t_delta_0/cells/t_start_0p8__t_end_0p0.png
0,0_random_140,0.9,0.0,0.0,13.149576,0.222609,/data/home/mirick/ChordEdit/ablation_outputs/grid_metrics_sdturbo_top_20260626_104807/0_random_140_000000000000/t_delta_0/cells/t_start_0p9__t_end_0p0.png
0,0_random_140,1.0,0.0,0.0,12.85875,0.216648,/data/home/mirick/ChordEdit/ablation_outputs/grid_metrics_sdturbo_top_20260626_104807/0_random_140_000000000000/t_delta_0/cells/t_start_1p0__t_end_0p0.png
0,0_random_140,0.0,0.1,0.0,23.882679,0.225546,/data/home/mirick/ChordEdit/ablation_outputs/grid_metrics_sdturbo_top_20260626_104807/0_random_140_000000000000/t_delta_0/cells/t_start_0p0__t_end_0p1.png
0,0_random_140,0.1,0.1,0.0,23.873482,0.225229,/data/home/mirick/ChordEdit/ablation_outputs/grid_metrics_sdturbo_top_20260626_104807/0_random_140_000000000000/t_delta_0/cells/t_start_0p1__t_end_0p1.png
0,0_random_140,0.2,0.1,0.0,23.864978,0.224949,/data/home/mirick/ChordEdit/ablation_outputs/grid_metrics_sdturbo_top_20260626_104807/0_random_140_000000000000/t_delta_0/cells/t_start_0p2__t_end_0p1.png
0,0_random_140,0.3,0.1,0.0,23.81598,0.224433,/data/home/mirick/ChordEdit/ablation_outputs/grid_metrics_sdturbo_top_20260626_104807/0_random_140_000000000000/t_delta_0/cells/t_start_0p3__t_end_0p1.png
0,0_random_140,0.4,0.1,0.0,23.614877,0.22531,/data/home/mirick/ChordEdit/ablation_outputs/grid_metrics_sdturbo_top_20260626_104807/0_random_140_000000000000/t_delta_0/cells/t_start_0p4__t_end_0p1.png
0,0_random_140,0.5,0.1,0.0,23.28098,0.226864,/data/home/mirick/ChordEdit/ablation_outputs/grid_metrics_sdturbo_top_20260626_104807/0_random_140_000000000000/t_delta_0/cells/t_start_0p5__t_end_0p1.png
0,0_random_140,0.6,0.1,0.0,20.91137,0.230577,/data/home/mirick/ChordEdit/ablation_outputs/grid_metrics_sdturbo_top_20260626_104807/0_random_140_000000000000/t_delta_0/cells/t_start_0p6__t_end_0p1.png
0,0_random_140,0.7,0.1,0.0,18.23251,0.237689,/data/home/mirick/ChordEdit/ablation_outputs/grid_metrics_sdturbo_top_20260626_104807/0_random_140_000000000000/t_delta_0/cells/t_start_0p7__t_end_0p1.png
0,0_random_140,0.8,0.1,0.0,15.02597,0.232771,/data/home/mirick/ChordEdit/ablation_outputs/grid_metrics_sdturbo_top_20260626_104807/0_random_140_000000000000/t_delta_0/cells/t_start_0p8__t_end_0p1.png
0,0_random_140,0.9,0.1,0.0,13.456135,0.204876,/data/home/mirick/ChordEdit/ablation_outputs/grid_metrics_sdturbo_top_20260626_104807/0_random_140_000000000000/t_delta_0/cells/t_start_0p9__t_end_0p1.png
0,0_random_140,1.0,0.1,0.0,13.063127,0.211724,/data/home/mirick/ChordEdit/ablation_outputs/grid_metrics_sdturbo_top_20260626_104807/0_random_140_000000000000/t_delta_0/cells/t_start_1p0__t_end_0p1.png
0,0_random_140,0.0,0.2,0.0,21.990025,0.223854,/data/home/mirick/ChordEdit/ablation_outputs/grid_metrics_sdturbo_top_20260626_104807/0_random_140_000000000000/t_delta_0/cells/t_start_0p0__t_end_0p2.png
0,0_random_140,0.1,0.2,0.0,22.002184,0.223983,/data/home/mirick/ChordEdit/ablation_outputs/grid_metrics_sdturbo_top_20260626_104807/0_random_140_000000000000/t_delta_0/cells/t_start_0p1__t_end_0p2.png
0,0_random_140,0.2,0.2,0.0,22.008607,0.224089,/data/home/mirick/ChordEdit/ablation_outputs/grid_metrics_sdturbo_top_20260626_104807/0_random_140_000000000000/t_delta_0/cells/t_start_0p2__t_end_0p2.png
0,0_random_140,0.3,0.2,0.0,21.954803,0.224293,/data/home/mirick/ChordEdit/ablation_outputs/grid_metrics_sdturbo_top_20260626_104807/0_random_140_000000000000/t_delta_0/cells/t_start_0p3__t_end_0p2.png
0,0_random_140,0.4,0.2,0.0,21.798768,0.225,/data/home/mirick/ChordEdit/ablation_outputs/grid_metrics_sdturbo_top_20260626_104807/0_random_140_000000000000/t_delta_0/cells/t_start_0p4__t_end_0p2.png
0,0_random_140,0.5,0.2,0.0,21.6261,0.225676,/data/home/mirick/ChordEdit/ablation_outputs/grid_metrics_sdturbo_top_20260626_104807/0_random_140_000000000000/t_delta_0/cells/t_start_0p5__t_end_0p2.png
0,0_random_140,0.6,0.2,0.0,19.892759,0.232009,/data/home/mirick/ChordEdit/ablation_outputs/grid_metrics_sdturbo_top_20260626_104807/0_random_140_000000000000/t_delta_0/cells/t_start_0p6__t_end_0p2.png
0,0_random_140,0.7,0.2,0.0,17.920214,0.238012,/data/home/mirick/ChordEdit/ablation_outputs/grid_metrics_sdturbo_top_20260626_104807/0_random_140_000000000000/t_delta_0/cells/t_start_0p7__t_end_0p2.png
0,0_random_140,0.8,0.2,0.0,15.315968,0.228563,/data/home/mirick/ChordEdit/ablation_outputs/grid_metrics_sdturbo_top_20260626_104807/0_random_140_000000000000/t_delta_0/cells/t_start_0p8__t_end_0p2.png
0,0_random_140,0.9,0.2,0.0,13.589569,0.205023,/data/home/mirick/ChordEdit/ablation_outputs/grid_metrics_sdturbo_top_20260626_104807/0_random_140_000000000000/t_delta_0/cells/t_start_0p9__t_end_0p2.png
0,0_random_140,1.0,0.2,0.0,13.186316,0.206364,/data/home/mirick/ChordEdit/ablation_outputs/grid_metrics_sdturbo_top_20260626_104807/0_random_140_000000000000/t_delta_0/cells/t_start_1p0__t_end_0p2.png
0,0_random_140,0.0,0.3,0.0,20.386382,0.225036,/data/home/mirick/ChordEdit/ablation_outputs/grid_metrics_sdturbo_top_20260626_104807/0_random_140_000000000000/t_delta_0/cells/t_start_0p0__t_end_0p3.png
0,0_random_140,0.1,0.3,0.0,20.396953,0.225466,/data/home/mirick/ChordEdit/ablation_outputs/grid_metrics_sdturbo_top_20260626_104807/0_random_140_000000000000/t_delta_0/cells/t_start_0p1__t_end_0p3.png
0,0_random_140,0.2,0.3,0.0,20.410167,0.225729,/data/home/mirick/ChordEdit/ablation_outputs/grid_metrics_sdturbo_top_20260626_104807/0_random_140_000000000000/t_delta_0/cells/t_start_0p2__t_end_0p3.png
0,0_random_140,0.3,0.3,0.0,20.388673,0.225796,/data/home/mirick/ChordEdit/ablation_outputs/grid_metrics_sdturbo_top_20260626_104807/0_random_140_000000000000/t_delta_0/cells/t_start_0p3__t_end_0p3.png
0,0_random_140,0.4,0.3,0.0,20.235165,0.226752,/data/home/mirick/ChordEdit/ablation_outputs/grid_metrics_sdturbo_top_20260626_104807/0_random_140_000000000000/t_delta_0/cells/t_start_0p4__t_end_0p3.png
0,0_random_140,0.5,0.3,0.0,20.093759,0.22569,/data/home/mirick/ChordEdit/ablation_outputs/grid_metrics_sdturbo_top_20260626_104807/0_random_140_000000000000/t_delta_0/cells/t_start_0p5__t_end_0p3.png
0,0_random_140,0.6,0.3,0.0,18.714966,0.228678,/data/home/mirick/ChordEdit/ablation_outputs/grid_metrics_sdturbo_top_20260626_104807/0_random_140_000000000000/t_delta_0/cells/t_start_0p6__t_end_0p3.png
0,0_random_140,0.7,0.3,0.0,17.368363,0.235137,/data/home/mirick/ChordEdit/ablation_outputs/grid_metrics_sdturbo_top_20260626_104807/0_random_140_000000000000/t_delta_0/cells/t_start_0p7__t_end_0p3.png
0,0_random_140,0.8,0.3,0.0,15.251,0.231159,/data/home/mirick/ChordEdit/ablation_outputs/grid_metrics_sdturbo_top_20260626_104807/0_random_140_000000000000/t_delta_0/cells/t_start_0p8__t_end_0p3.png
0,0_random_140,0.9,0.3,0.0,13.665096,0.211501,/data/home/mirick/ChordEdit/ablation_outputs/grid_metrics_sdturbo_top_20260626_104807/0_random_140_000000000000/t_delta_0/cells/t_start_0p9__t_end_0p3.png
0,0_random_140,1.0,0.3,0.0,13.1875,0.227375,/data/home/mirick/ChordEdit/ablation_outputs/grid_metrics_sdturbo_top_20260626_104807/0_random_140_000000000000/t_delta_0/cells/t_start_1p0__t_end_0p3.png
0,0_random_140,0.0,0.4,0.0,18.57323,0.229883,/data/home/mirick/ChordEdit/ablation_outputs/grid_metrics_sdturbo_top_20260626_104807/0_random_140_000000000000/t_delta_0/cells/t_start_0p0__t_end_0p4.png
0,0_random_140,0.1,0.4,0.0,18.575741,0.23121,/data/home/mirick/ChordEdit/ablation_outputs/grid_metrics_sdturbo_top_20260626_104807/0_random_140_000000000000/t_delta_0/cells/t_start_0p1__t_end_0p4.png
0,0_random_140,0.2,0.4,0.0,18.581622,0.232575,/data/home/mirick/ChordEdit/ablation_outputs/grid_metrics_sdturbo_top_20260626_104807/0_random_140_000000000000/t_delta_0/cells/t_start_0p2__t_end_0p4.png
0,0_random_140,0.3,0.4,0.0,18.617356,0.234207,/data/home/mirick/ChordEdit/ablation_outputs/grid_metrics_sdturbo_top_20260626_104807/0_random_140_000000000000/t_delta_0/cells/t_start_0p3__t_end_0p4.png
0,0_random_140,0.4,0.4,0.0,18.49392,0.235339,/data/home/mirick/ChordEdit/ablation_outputs/grid_metrics_sdturbo_top_20260626_104807/0_random_140_000000000000/t_delta_0/cells/t_start_0p4__t_end_0p4.png
0,0_random_140,0.5,0.4,0.0,18.327615,0.22792,/data/home/mirick/ChordEdit/ablation_outputs/grid_metrics_sdturbo_top_20260626_104807/0_random_140_000000000000/t_delta_0/cells/t_start_0p5__t_end_0p4.png
0,0_random_140,0.6,0.4,0.0,17.361361,0.224082,/data/home/mirick/ChordEdit/ablation_outputs/grid_metrics_sdturbo_top_20260626_104807/0_random_140_000000000000/t_delta_0/cells/t_start_0p6__t_end_0p4.png
0,0_random_140,0.7,0.4,0.0,16.380237,0.23522,/data/home/mirick/ChordEdit/ablation_outputs/grid_metrics_sdturbo_top_20260626_104807/0_random_140_000000000000/t_delta_0/cells/t_start_0p7__t_end_0p4.png
0,0_random_140,0.8,0.4,0.0,14.70647,0.22854,/data/home/mirick/ChordEdit/ablation_outputs/grid_metrics_sdturbo_top_20260626_104807/0_random_140_000000000000/t_delta_0/cells/t_start_0p8__t_end_0p4.png
0,0_random_140,0.9,0.4,0.0,13.473717,0.236681,/data/home/mirick/ChordEdit/ablation_outputs/grid_metrics_sdturbo_top_20260626_104807/0_random_140_000000000000/t_delta_0/cells/t_start_0p9__t_end_0p4.png
0,0_random_140,1.0,0.4,0.0,12.918159,0.242238,/data/home/mirick/ChordEdit/ablation_outputs/grid_metrics_sdturbo_top_20260626_104807/0_random_140_000000000000/t_delta_0/cells/t_start_1p0__t_end_0p4.png
0,0_random_140,0.0,0.5,0.0,16.630036,0.234583,/data/home/mirick/ChordEdit/ablation_outputs/grid_metrics_sdturbo_top_20260626_104807/0_random_140_000000000000/t_delta_0/cells/t_start_0p0__t_end_0p5.png
0,0_random_140,0.1,0.5,0.0,16.629862,0.234883,/data/home/mirick/ChordEdit/ablation_outputs/grid_metrics_sdturbo_top_20260626_104807/0_random_140_000000000000/t_delta_0/cells/t_start_0p1__t_end_0p5.png
0,0_random_140,0.2,0.5,0.0,16.635108,0.235223,/data/home/mirick/ChordEdit/ablation_outputs/grid_metrics_sdturbo_top_20260626_104807/0_random_140_000000000000/t_delta_0/cells/t_start_0p2__t_end_0p5.png
0,0_random_140,0.3,0.5,0.0,16.641302,0.234955,/data/home/mirick/ChordEdit/ablation_outputs/grid_metrics_sdturbo_top_20260626_104807/0_random_140_000000000000/t_delta_0/cells/t_start_0p3__t_end_0p5.png
0,0_random_140,0.4,0.5,0.0,16.62561,0.234387,/data/home/mirick/ChordEdit/ablation_outputs/grid_metrics_sdturbo_top_20260626_104807/0_random_140_000000000000/t_delta_0/cells/t_start_0p4__t_end_0p5.png
0,0_random_140,0.5,0.5,0.0,16.529886,0.234487,/data/home/mirick/ChordEdit/ablation_outputs/grid_metrics_sdturbo_top_20260626_104807/0_random_140_000000000000/t_delta_0/cells/t_start_0p5__t_end_0p5.png
0,0_random_140,0.6,0.5,0.0,15.911166,0.228616,/data/home/mirick/ChordEdit/ablation_outputs/grid_metrics_sdturbo_top_20260626_104807/0_random_140_000000000000/t_delta_0/cells/t_start_0p6__t_end_0p5.png
0,0_random_140,0.7,0.5,0.0,15.10749,0.242923,/data/home/mirick/ChordEdit/ablation_outputs/grid_metrics_sdturbo_top_20260626_104807/0_random_140_000000000000/t_delta_0/cells/t_start_0p7__t_end_0p5.png
0,0_random_140,0.8,0.5,0.0,13.77771,0.227671,/data/home/mirick/ChordEdit/ablation_outputs/grid_metrics_sdturbo_top_20260626_104807/0_random_140_000000000000/t_delta_0/cells/t_start_0p8__t_end_0p5.png
0,0_random_140,0.9,0.5,0.0,13.172868,0.235651,/data/home/mirick/ChordEdit/ablation_outputs/grid_metrics_sdturbo_top_20260626_104807/0_random_140_000000000000/t_delta_0/cells/t_start_0p9__t_end_0p5.png
0,0_random_140,1.0,0.5,0.0,12.551568,0.231948,/data/home/mirick/ChordEdit/ablation_outputs/grid_metrics_sdturbo_top_20260626_104807/0_random_140_000000000000/t_delta_0/cells/t_start_1p0__t_end_0p5.png
0,0_random_140,0.0,0.6,0.0,15.142937,0.241249,/data/home/mirick/ChordEdit/ablation_outputs/grid_metrics_sdturbo_top_20260626_104807/0_random_140_000000000000/t_delta_0/cells/t_start_0p0__t_end_0p6.png
0,0_random_140,0.1,0.6,0.0,15.141221,0.242175,/data/home/mirick/ChordEdit/ablation_outputs/grid_metrics_sdturbo_top_20260626_104807/0_random_140_000000000000/t_delta_0/cells/t_start_0p1__t_end_0p6.png
0,0_random_140,0.2,0.6,0.0,15.149167,0.242547,/data/home/mirick/ChordEdit/ablation_outputs/grid_metrics_sdturbo_top_20260626_104807/0_random_140_000000000000/t_delta_0/cells/t_start_0p2__t_end_0p6.png
0,0_random_140,0.3,0.6,0.0,15.154069,0.242175,/data/home/mirick/ChordEdit/ablation_outputs/grid_metrics_sdturbo_top_20260626_104807/0_random_140_000000000000/t_delta_0/cells/t_start_0p3__t_end_0p6.png
0,0_random_140,0.4,0.6,0.0,15.109685,0.243615,/data/home/mirick/ChordEdit/ablation_outputs/grid_metrics_sdturbo_top_20260626_104807/0_random_140_000000000000/t_delta_0/cells/t_start_0p4__t_end_0p6.png
0,0_random_140,0.5,0.6,0.0,14.971512,0.239015,/data/home/mirick/ChordEdit/ablation_outputs/grid_metrics_sdturbo_top_20260626_104807/0_random_140_000000000000/t_delta_0/cells/t_start_0p5__t_end_0p6.png
0,0_random_140,0.6,0.6,0.0,14.623795,0.232167,/data/home/mirick/ChordEdit/ablation_outputs/grid_metrics_sdturbo_top_20260626_104807/0_random_140_000000000000/t_delta_0/cells/t_start_0p6__t_end_0p6.png
0,0_random_140,0.7,0.6,0.0,13.550943,0.240802,/data/home/mirick/ChordEdit/ablation_outputs/grid_metrics_sdturbo_top_20260626_104807/0_random_140_000000000000/t_delta_0/cells/t_start_0p7__t_end_0p6.png
0,0_random_140,0.8,0.6,0.0,12.463286,0.240913,/data/home/mirick/ChordEdit/ablation_outputs/grid_metrics_sdturbo_top_20260626_104807/0_random_140_000000000000/t_delta_0/cells/t_start_0p8__t_end_0p6.png
0,0_random_140,0.9,0.6,0.0,12.445773,0.227565,/data/home/mirick/ChordEdit/ablation_outputs/grid_metrics_sdturbo_top_20260626_104807/0_random_140_000000000000/t_delta_0/cells/t_start_0p9__t_end_0p6.png
0,0_random_140,1.0,0.6,0.0,11.932618,0.236462,/data/home/mirick/ChordEdit/ablation_outputs/grid_metrics_sdturbo_top_20260626_104807/0_random_140_000000000000/t_delta_0/cells/t_start_1p0__t_end_0p6.png
0,0_random_140,0.0,0.7,0.0,12.539421,0.23544,/data/home/mirick/ChordEdit/ablation_outputs/grid_metrics_sdturbo_top_20260626_104807/0_random_140_000000000000/t_delta_0/cells/t_start_0p0__t_end_0p7.png
0,0_random_140,0.1,0.7,0.0,12.539525,0.234968,/data/home/mirick/ChordEdit/ablation_outputs/grid_metrics_sdturbo_top_20260626_104807/0_random_140_000000000000/t_delta_0/cells/t_start_0p1__t_end_0p7.png
0,0_random_140,0.2,0.7,0.0,12.537059,0.235669,/data/home/mirick/ChordEdit/ablation_outputs/grid_metrics_sdturbo_top_20260626_104807/0_random_140_000000000000/t_delta_0/cells/t_start_0p2__t_end_0p7.png
0,0_random_140,0.3,0.7,0.0,12.511746,0.234893,/data/home/mirick/ChordEdit/ablation_outputs/grid_metrics_sdturbo_top_20260626_104807/0_random_140_000000000000/t_delta_0/cells/t_start_0p3__t_end_0p7.png
0,0_random_140,0.4,0.7,0.0,12.448473,0.235733,/data/home/mirick/ChordEdit/ablation_outputs/grid_metrics_sdturbo_top_20260626_104807/0_random_140_000000000000/t_delta_0/cells/t_start_0p4__t_end_0p7.png
0,0_random_140,0.5,0.7,0.0,12.355583,0.237003,/data/home/mirick/ChordEdit/ablation_outputs/grid_metrics_sdturbo_top_20260626_104807/0_random_140_000000000000/t_delta_0/cells/t_start_0p5__t_end_0p7.png
0,0_random_140,0.6,0.7,0.0,12.052022,0.23657,/data/home/mirick/ChordEdit/ablation_outputs/grid_metrics_sdturbo_top_20260626_104807/0_random_140_000000000000/t_delta_0/cells/t_start_0p6__t_end_0p7.png
0,0_random_140,0.7,0.7,0.0,11.605898,0.244198,/data/home/mirick/ChordEdit/ablation_outputs/grid_metrics_sdturbo_top_20260626_104807/0_random_140_000000000000/t_delta_0/cells/t_start_0p7__t_end_0p7.png
0,0_random_140,0.8,0.7,0.0,11.289166,0.240055,/data/home/mirick/ChordEdit/ablation_outputs/grid_metrics_sdturbo_top_20260626_104807/0_random_140_000000000000/t_delta_0/cells/t_start_0p8__t_end_0p7.png
0,0_random_140,0.9,0.7,0.0,11.285839,0.246487,/data/home/mirick/ChordEdit/ablation_outputs/grid_metrics_sdturbo_top_20260626_104807/0_random_140_000000000000/t_delta_0/cells/t_start_0p9__t_end_0p7.png
0,0_random_140,1.0,0.7,0.0,11.264602,0.247771,/data/home/mirick/ChordEdit/ablation_outputs/grid_metrics_sdturbo_top_20260626_104807/0_random_140_000000000000/t_delta_0/cells/t_start_1p0__t_end_0p7.png
0,0_random_140,0.0,0.8,0.0,10.634018,0.227943,/data/home/mirick/ChordEdit/ablation_outputs/grid_metrics_sdturbo_top_20260626_104807/0_random_140_000000000000/t_delta_0/cells/t_start_0p0__t_end_0p8.png
0,0_random_140,0.1,0.8,0.0,10.632557,0.227582,/data/home/mirick/ChordEdit/ablation_outputs/grid_metrics_sdturbo_top_20260626_104807/0_random_140_000000000000/t_delta_0/cells/t_start_0p1__t_end_0p8.png
0,0_random_140,0.2,0.8,0.0,10.630253,0.227307,/data/home/mirick/ChordEdit/ablation_outputs/grid_metrics_sdturbo_top_20260626_104807/0_random_140_000000000000/t_delta_0/cells/t_start_0p2__t_end_0p8.png
0,0_random_140,0.3,0.8,0.0,10.631672,0.227077,/data/home/mirick/ChordEdit/ablation_outputs/grid_metrics_sdturbo_top_20260626_104807/0_random_140_000000000000/t_delta_0/cells/t_start_0p3__t_end_0p8.png
0,0_random_140,0.4,0.8,0.0,10.599293,0.23018,/data/home/mirick/ChordEdit/ablation_outputs/grid_metrics_sdturbo_top_20260626_104807/0_random_140_000000000000/t_delta_0/cells/t_start_0p4__t_end_0p8.png
0,0_random_140,0.5,0.8,0.0,10.646974,0.227344,/data/home/mirick/ChordEdit/ablation_outputs/grid_metrics_sdturbo_top_20260626_104807/0_random_140_000000000000/t_delta_0/cells/t_start_0p5__t_end_0p8.png
0,0_random_140,0.6,0.8,0.0,10.700673,0.231448,/data/home/mirick/ChordEdit/ablation_outputs/grid_metrics_sdturbo_top_20260626_104807/0_random_140_000000000000/t_delta_0/cells/t_start_0p6__t_end_0p8.png
0,0_random_140,0.7,0.8,0.0,10.387567,0.236601,/data/home/mirick/ChordEdit/ablation_outputs/grid_metrics_sdturbo_top_20260626_104807/0_random_140_000000000000/t_delta_0/cells/t_start_0p7__t_end_0p8.png
0,0_random_140,0.8,0.8,0.0,10.251272,0.238477,/data/home/mirick/ChordEdit/ablation_outputs/grid_metrics_sdturbo_top_20260626_104807/0_random_140_000000000000/t_delta_0/cells/t_start_0p8__t_end_0p8.png
0,0_random_140,0.9,0.8,0.0,9.803587,0.241462,/data/home/mirick/ChordEdit/ablation_outputs/grid_metrics_sdturbo_top_20260626_104807/0_random_140_000000000000/t_delta_0/cells/t_start_0p9__t_end_0p8.png
0,0_random_140,1.0,0.8,0.0,9.841938,0.2222,/data/home/mirick/ChordEdit/ablation_outputs/grid_metrics_sdturbo_top_20260626_104807/0_random_140_000000000000/t_delta_0/cells/t_start_1p0__t_end_0p8.png
0,0_random_140,0.0,0.9,0.0,9.618628,0.219986,/data/home/mirick/ChordEdit/ablation_outputs/grid_metrics_sdturbo_top_20260626_104807/0_random_140_000000000000/t_delta_0/cells/t_start_0p0__t_end_0p9.png
0,0_random_140,0.1,0.9,0.0,9.618775,0.219667,/data/home/mirick/ChordEdit/ablation_outputs/grid_metrics_sdturbo_top_20260626_104807/0_random_140_000000000000/t_delta_0/cells/t_start_0p1__t_end_0p9.png
0,0_random_140,0.2,0.9,0.0,9.617535,0.21956,/data/home/mirick/ChordEdit/ablation_outputs/grid_metrics_sdturbo_top_20260626_104807/0_random_140_000000000000/t_delta_0/cells/t_start_0p2__t_end_0p9.png
0,0_random_140,0.3,0.9,0.0,9.617725,0.222195,/data/home/mirick/ChordEdit/ablation_outputs/grid_metrics_sdturbo_top_20260626_104807/0_random_140_000000000000/t_delta_0/cells/t_start_0p3__t_end_0p9.png
0,0_random_140,0.4,0.9,0.0,9.616828,0.22479,/data/home/mirick/ChordEdit/ablation_outputs/grid_metrics_sdturbo_top_20260626_104807/0_random_140_000000000000/t_delta_0/cells/t_start_0p4__t_end_0p9.png
0,0_random_140,0.5,0.9,0.0,9.641535,0.228138,/data/home/mirick/ChordEdit/ablation_outputs/grid_metrics_sdturbo_top_20260626_104807/0_random_140_000000000000/t_delta_0/cells/t_start_0p5__t_end_0p9.png
0,0_random_140,0.6,0.9,0.0,9.678726,0.230631,/data/home/mirick/ChordEdit/ablation_outputs/grid_metrics_sdturbo_top_20260626_104807/0_random_140_000000000000/t_delta_0/cells/t_start_0p6__t_end_0p9.png
0,0_random_140,0.7,0.9,0.0,9.521533,0.225095,/data/home/mirick/ChordEdit/ablation_outputs/grid_metrics_sdturbo_top_20260626_104807/0_random_140_000000000000/t_delta_0/cells/t_start_0p7__t_end_0p9.png
0,0_random_140,0.8,0.9,0.0,9.358075,0.219652,/data/home/mirick/ChordEdit/ablation_outputs/grid_metrics_sdturbo_top_20260626_104807/0_random_140_000000000000/t_delta_0/cells/t_start_0p8__t_end_0p9.png
0,0_random_140,0.9,0.9,0.0,9.13194,0.230678,/data/home/mirick/ChordEdit/ablation_outputs/grid_metrics_sdturbo_top_20260626_104807/0_random_140_000000000000/t_delta_0/cells/t_start_0p9__t_end_0p9.png
0,0_random_140,1.0,0.9,0.0,9.210877,0.223453,/data/home/mirick/ChordEdit/ablation_outputs/grid_metrics_sdturbo_top_20260626_104807/0_random_140_000000000000/t_delta_0/cells/t_start_1p0__t_end_0p9.png
0,0_random_140,0.0,1.0,0.0,9.043481,0.198174,/data/home/mirick/ChordEdit/ablation_outputs/grid_metrics_sdturbo_top_20260626_104807/0_random_140_000000000000/t_delta_0/cells/t_start_0p0__t_end_1p0.png
0,0_random_140,0.1,1.0,0.0,9.043223,0.198503,/data/home/mirick/ChordEdit/ablation_outputs/grid_metrics_sdturbo_top_20260626_104807/0_random_140_000000000000/t_delta_0/cells/t_start_0p1__t_end_1p0.png
0,0_random_140,0.2,1.0,0.0,9.043217,0.198898,/data/home/mirick/ChordEdit/ablation_outputs/grid_metrics_sdturbo_top_20260626_104807/0_random_140_000000000000/t_delta_0/cells/t_start_0p2__t_end_1p0.png
0,0_random_140,0.3,1.0,0.0,9.039518,0.19931,/data/home/mirick/ChordEdit/ablation_outputs/grid_metrics_sdturbo_top_20260626_104807/0_random_140_000000000000/t_delta_0/cells/t_start_0p3__t_end_1p0.png
0,0_random_140,0.4,1.0,0.0,9.035357,0.198364,/data/home/mirick/ChordEdit/ablation_outputs/grid_metrics_sdturbo_top_20260626_104807/0_random_140_000000000000/t_delta_0/cells/t_start_0p4__t_end_1p0.png
0,0_random_140,0.5,1.0,0.0,9.048011,0.204279,/data/home/mirick/ChordEdit/ablation_outputs/grid_metrics_sdturbo_top_20260626_104807/0_random_140_000000000000/t_delta_0/cells/t_start_0p5__t_end_1p0.png
0,0_random_140,0.6,1.0,0.0,9.139828,0.208366,/data/home/mirick/ChordEdit/ablation_outputs/grid_metrics_sdturbo_top_20260626_104807/0_random_140_000000000000/t_delta_0/cells/t_start_0p6__t_end_1p0.png
0,0_random_140,0.7,1.0,0.0,9.108787,0.204334,/data/home/mirick/ChordEdit/ablation_outputs/grid_metrics_sdturbo_top_20260626_104807/0_random_140_000000000000/t_delta_0/cells/t_start_0p7__t_end_1p0.png
0,0_random_140,0.8,1.0,0.0,9.065868,0.223073,/data/home/mirick/ChordEdit/ablation_outputs/grid_metrics_sdturbo_top_20260626_104807/0_random_140_000000000000/t_delta_0/cells/t_start_0p8__t_end_1p0.png
0,0_random_140,0.9,1.0,0.0,9.167622,0.222762,/data/home/mirick/ChordEdit/ablation_outputs/grid_metrics_sdturbo_top_20260626_104807/0_random_140_000000000000/t_delta_0/cells/t_start_0p9__t_end_1p0.png
0,0_random_140,1.0,1.0,0.0,9.130391,0.232948,/data/home/mirick/ChordEdit/ablation_outputs/grid_metrics_sdturbo_top_20260626_104807/0_random_140_000000000000/t_delta_0/cells/t_start_1p0__t_end_1p0.png
1,0_random_140,0.0,0.0,0.15,28.346129,0.229198,/data/home/mirick/ChordEdit/ablation_outputs/grid_metrics_sdturbo_top_20260626_104807/0_random_140_000000000001/t_delta_0p15/cells/t_start_0p0__t_end_0p0.png
1,0_random_140,0.1,0.0,0.15,28.343341,0.229563,/data/home/mirick/ChordEdit/ablation_outputs/grid_metrics_sdturbo_top_20260626_104807/0_random_140_000000000001/t_delta_0p15/cells/t_start_0p1__t_end_0p0.png
1,0_random_140,0.2,0.0,0.15,28.333145,0.230651,/data/home/mirick/ChordEdit/ablation_outputs/grid_metrics_sdturbo_top_20260626_104807/0_random_140_000000000001/t_delta_0p15/cells/t_start_0p2__t_end_0p0.png
1,0_random_140,0.3,0.0,0.15,28.318049,0.231264,/data/home/mirick/ChordEdit/ablation_outputs/grid_metrics_sdturbo_top_20260626_104807/0_random_140_000000000001/t_delta_0p15/cells/t_start_0p3__t_end_0p0.png
1,0_random_140,0.4,0.0,0.15,28.254877,0.228931,/data/home/mirick/ChordEdit/ablation_outputs/grid_metrics_sdturbo_top_20260626_104807/0_random_140_000000000001/t_delta_0p15/cells/t_start_0p4__t_end_0p0.png
1,0_random_140,0.5,0.0,0.15,28.149484,0.229954,/data/home/mirick/ChordEdit/ablation_outputs/grid_metrics_sdturbo_top_20260626_104807/0_random_140_000000000001/t_delta_0p15/cells/t_start_0p5__t_end_0p0.png
1,0_random_140,0.6,0.0,0.15,27.763416,0.22416,/data/home/mirick/ChordEdit/ablation_outputs/grid_metrics_sdturbo_top_20260626_104807/0_random_140_000000000001/t_delta_0p15/cells/t_start_0p6__t_end_0p0.png
1,0_random_140,0.7,0.0,0.15,26.399113,0.232114,/data/home/mirick/ChordEdit/ablation_outputs/grid_metrics_sdturbo_top_20260626_104807/0_random_140_000000000001/t_delta_0p15/cells/t_start_0p7__t_end_0p0.png
1,0_random_140,0.8,0.0,0.15,23.320686,0.246539,/data/home/mirick/ChordEdit/ablation_outputs/grid_metrics_sdturbo_top_20260626_104807/0_random_140_000000000001/t_delta_0p15/cells/t_start_0p8__t_end_0p0.png
1,0_random_140,0.9,0.0,0.15,19.267517,0.258568,/data/home/mirick/ChordEdit/ablation_outputs/grid_metrics_sdturbo_top_20260626_104807/0_random_140_000000000001/t_delta_0p15/cells/t_start_0p9__t_end_0p0.png
1,0_random_140,1.0,0.0,0.15,17.105742,0.213028,/data/home/mirick/ChordEdit/ablation_outputs/grid_metrics_sdturbo_top_20260626_104807/0_random_140_000000000001/t_delta_0p15/cells/t_start_1p0__t_end_0p0.png
1,0_random_140,0.0,0.1,0.15,25.288846,0.230065,/data/home/mirick/ChordEdit/ablation_outputs/grid_metrics_sdturbo_top_20260626_104807/0_random_140_000000000001/t_delta_0p15/cells/t_start_0p0__t_end_0p1.png
1,0_random_140,0.1,0.1,0.15,25.284109,0.230697,/data/home/mirick/ChordEdit/ablation_outputs/grid_metrics_sdturbo_top_20260626_104807/0_random_140_000000000001/t_delta_0p15/cells/t_start_0p1__t_end_0p1.png
1,0_random_140,0.2,0.1,0.15,25.284708,0.233388,/data/home/mirick/ChordEdit/ablation_outputs/grid_metrics_sdturbo_top_20260626_104807/0_random_140_000000000001/t_delta_0p15/cells/t_start_0p2__t_end_0p1.png
1,0_random_140,0.3,0.1,0.15,25.274025,0.234557,/data/home/mirick/ChordEdit/ablation_outputs/grid_metrics_sdturbo_top_20260626_104807/0_random_140_000000000001/t_delta_0p15/cells/t_start_0p3__t_end_0p1.png
1,0_random_140,0.4,0.1,0.15,25.242314,0.234903,/data/home/mirick/ChordEdit/ablation_outputs/grid_metrics_sdturbo_top_20260626_104807/0_random_140_000000000001/t_delta_0p15/cells/t_start_0p4__t_end_0p1.png
1,0_random_140,0.5,0.1,0.15,25.187933,0.234007,/data/home/mirick/ChordEdit/ablation_outputs/grid_metrics_sdturbo_top_20260626_104807/0_random_140_000000000001/t_delta_0p15/cells/t_start_0p5__t_end_0p1.png
1,0_random_140,0.6,0.1,0.15,25.106246,0.230992,/data/home/mirick/ChordEdit/ablation_outputs/grid_metrics_sdturbo_top_20260626_104807/0_random_140_000000000001/t_delta_0p15/cells/t_start_0p6__t_end_0p1.png
1,0_random_140,0.7,0.1,0.15,24.617276,0.224319,/data/home/mirick/ChordEdit/ablation_outputs/grid_metrics_sdturbo_top_20260626_104807/0_random_140_000000000001/t_delta_0p15/cells/t_start_0p7__t_end_0p1.png
1,0_random_140,0.8,0.1,0.15,23.007682,0.228933,/data/home/mirick/ChordEdit/ablation_outputs/grid_metrics_sdturbo_top_20260626_104807/0_random_140_000000000001/t_delta_0p15/cells/t_start_0p8__t_end_0p1.png
1,0_random_140,0.9,0.1,0.15,19.53527,0.251257,/data/home/mirick/ChordEdit/ablation_outputs/grid_metrics_sdturbo_top_20260626_104807/0_random_140_000000000001/t_delta_0p15/cells/t_start_0p9__t_end_0p1.png
1,0_random_140,1.0,0.1,0.15,17.393174,0.254084,/data/home/mirick/ChordEdit/ablation_outputs/grid_metrics_sdturbo_top_20260626_104807/0_random_140_000000000001/t_delta_0p15/cells/t_start_1p0__t_end_0p1.png
1,0_random_140,0.0,0.2,0.15,23.327579,0.229207,/data/home/mirick/ChordEdit/ablation_outputs/grid_metrics_sdturbo_top_20260626_104807/0_random_140_000000000001/t_delta_0p15/cells/t_start_0p0__t_end_0p2.png
1,0_random_140,0.1,0.2,0.15,23.326692,0.231152,/data/home/mirick/ChordEdit/ablation_outputs/grid_metrics_sdturbo_top_20260626_104807/0_random_140_000000000001/t_delta_0p15/cells/t_start_0p1__t_end_0p2.png
1,0_random_140,0.2,0.2,0.15,23.333273,0.233607,/data/home/mirick/ChordEdit/ablation_outputs/grid_metrics_sdturbo_top_20260626_104807/0_random_140_000000000001/t_delta_0p15/cells/t_start_0p2__t_end_0p2.png
1,0_random_140,0.3,0.2,0.15,23.334089,0.23404,/data/home/mirick/ChordEdit/ablation_outputs/grid_metrics_sdturbo_top_20260626_104807/0_random_140_000000000001/t_delta_0p15/cells/t_start_0p3__t_end_0p2.png
1,0_random_140,0.4,0.2,0.15,23.294385,0.235432,/data/home/mirick/ChordEdit/ablation_outputs/grid_metrics_sdturbo_top_20260626_104807/0_random_140_000000000001/t_delta_0p15/cells/t_start_0p4__t_end_0p2.png
1,0_random_140,0.5,0.2,0.15,23.255757,0.235723,/data/home/mirick/ChordEdit/ablation_outputs/grid_metrics_sdturbo_top_20260626_104807/0_random_140_000000000001/t_delta_0p15/cells/t_start_0p5__t_end_0p2.png
1,0_random_140,0.6,0.2,0.15,23.182421,0.237479,/data/home/mirick/ChordEdit/ablation_outputs/grid_metrics_sdturbo_top_20260626_104807/0_random_140_000000000001/t_delta_0p15/cells/t_start_0p6__t_end_0p2.png
1,0_random_140,0.7,0.2,0.15,22.89939,0.227843,/data/home/mirick/ChordEdit/ablation_outputs/grid_metrics_sdturbo_top_20260626_104807/0_random_140_000000000001/t_delta_0p15/cells/t_start_0p7__t_end_0p2.png
1,0_random_140,0.8,0.2,0.15,22.027706,0.232443,/data/home/mirick/ChordEdit/ablation_outputs/grid_metrics_sdturbo_top_20260626_104807/0_random_140_000000000001/t_delta_0p15/cells/t_start_0p8__t_end_0p2.png
1,0_random_140,0.9,0.2,0.15,18.947852,0.260016,/data/home/mirick/ChordEdit/ablation_outputs/grid_metrics_sdturbo_top_20260626_104807/0_random_140_000000000001/t_delta_0p15/cells/t_start_0p9__t_end_0p2.png
1,0_random_140,1.0,0.2,0.15,17.220881,0.264835,/data/home/mirick/ChordEdit/ablation_outputs/grid_metrics_sdturbo_top_20260626_104807/0_random_140_000000000001/t_delta_0p15/cells/t_start_1p0__t_end_0p2.png
1,0_random_140,0.0,0.3,0.15,21.676814,0.234185,/data/home/mirick/ChordEdit/ablation_outputs/grid_metrics_sdturbo_top_20260626_104807/0_random_140_000000000001/t_delta_0p15/cells/t_start_0p0__t_end_0p3.png
1,0_random_140,0.1,0.3,0.15,21.675539,0.235503,/data/home/mirick/ChordEdit/ablation_outputs/grid_metrics_sdturbo_top_20260626_104807/0_random_140_000000000001/t_delta_0p15/cells/t_start_0p1__t_end_0p3.png
1,0_random_140,0.2,0.3,0.15,21.67566,0.235862,/data/home/mirick/ChordEdit/ablation_outputs/grid_metrics_sdturbo_top_20260626_104807/0_random_140_000000000001/t_delta_0p15/cells/t_start_0p2__t_end_0p3.png
1,0_random_140,0.3,0.3,0.15,21.664553,0.235587,/data/home/mirick/ChordEdit/ablation_outputs/grid_metrics_sdturbo_top_20260626_104807/0_random_140_000000000001/t_delta_0p15/cells/t_start_0p3__t_end_0p3.png
1,0_random_140,0.4,0.3,0.15,21.628395,0.237484,/data/home/mirick/ChordEdit/ablation_outputs/grid_metrics_sdturbo_top_20260626_104807/0_random_140_000000000001/t_delta_0p15/cells/t_start_0p4__t_end_0p3.png
1,0_random_140,0.5,0.3,0.15,21.577266,0.237394,/data/home/mirick/ChordEdit/ablation_outputs/grid_metrics_sdturbo_top_20260626_104807/0_random_140_000000000001/t_delta_0p15/cells/t_start_0p5__t_end_0p3.png
1,0_random_140,0.6,0.3,0.15,21.475603,0.241075,/data/home/mirick/ChordEdit/ablation_outputs/grid_metrics_sdturbo_top_20260626_104807/0_random_140_000000000001/t_delta_0p15/cells/t_start_0p6__t_end_0p3.png
1,0_random_140,0.7,0.3,0.15,21.284032,0.236036,/data/home/mirick/ChordEdit/ablation_outputs/grid_metrics_sdturbo_top_20260626_104807/0_random_140_000000000001/t_delta_0p15/cells/t_start_0p7__t_end_0p3.png
1,0_random_140,0.8,0.3,0.15,20.665494,0.242164,/data/home/mirick/ChordEdit/ablation_outputs/grid_metrics_sdturbo_top_20260626_104807/0_random_140_000000000001/t_delta_0p15/cells/t_start_0p8__t_end_0p3.png
1,0_random_140,0.9,0.3,0.15,18.078672,0.262899,/data/home/mirick/ChordEdit/ablation_outputs/grid_metrics_sdturbo_top_20260626_104807/0_random_140_000000000001/t_delta_0p15/cells/t_start_0p9__t_end_0p3.png
1,0_random_140,1.0,0.3,0.15,16.873407,0.26641,/data/home/mirick/ChordEdit/ablation_outputs/grid_metrics_sdturbo_top_20260626_104807/0_random_140_000000000001/t_delta_0p15/cells/t_start_1p0__t_end_0p3.png
1,0_random_140,0.0,0.4,0.15,19.76547,0.231878,/data/home/mirick/ChordEdit/ablation_outputs/grid_metrics_sdturbo_top_20260626_104807/0_random_140_000000000001/t_delta_0p15/cells/t_start_0p0__t_end_0p4.png
1,0_random_140,0.1,0.4,0.15,19.765478,0.232995,/data/home/mirick/ChordEdit/ablation_outputs/grid_metrics_sdturbo_top_20260626_104807/0_random_140_000000000001/t_delta_0p15/cells/t_start_0p1__t_end_0p4.png
1,0_random_140,0.2,0.4,0.15,19.764951,0.233665,/data/home/mirick/ChordEdit/ablation_outputs/grid_metrics_sdturbo_top_20260626_104807/0_random_140_000000000001/t_delta_0p15/cells/t_start_0p2__t_end_0p4.png
1,0_random_140,0.3,0.4,0.15,19.749758,0.234434,/data/home/mirick/ChordEdit/ablation_outputs/grid_metrics_sdturbo_top_20260626_104807/0_random_140_000000000001/t_delta_0p15/cells/t_start_0p3__t_end_0p4.png
1,0_random_140,0.4,0.4,0.15,19.633474,0.2346,/data/home/mirick/ChordEdit/ablation_outputs/grid_metrics_sdturbo_top_20260626_104807/0_random_140_000000000001/t_delta_0p15/cells/t_start_0p4__t_end_0p4.png
1,0_random_140,0.5,0.4,0.15,19.619394,0.235633,/data/home/mirick/ChordEdit/ablation_outputs/grid_metrics_sdturbo_top_20260626_104807/0_random_140_000000000001/t_delta_0p15/cells/t_start_0p5__t_end_0p4.png
1,0_random_140,0.6,0.4,0.15,19.543764,0.233973,/data/home/mirick/ChordEdit/ablation_outputs/grid_metrics_sdturbo_top_20260626_104807/0_random_140_000000000001/t_delta_0p15/cells/t_start_0p6__t_end_0p4.png
1,0_random_140,0.7,0.4,0.15,19.439383,0.231037,/data/home/mirick/ChordEdit/ablation_outputs/grid_metrics_sdturbo_top_20260626_104807/0_random_140_000000000001/t_delta_0p15/cells/t_start_0p7__t_end_0p4.png
1,0_random_140,0.8,0.4,0.15,18.640623,0.248953,/data/home/mirick/ChordEdit/ablation_outputs/grid_metrics_sdturbo_top_20260626_104807/0_random_140_000000000001/t_delta_0p15/cells/t_start_0p8__t_end_0p4.png
1,0_random_140,0.9,0.4,0.15,16.972945,0.271388,/data/home/mirick/ChordEdit/ablation_outputs/grid_metrics_sdturbo_top_20260626_104807/0_random_140_000000000001/t_delta_0p15/cells/t_start_0p9__t_end_0p4.png
1,0_random_140,1.0,0.4,0.15,16.115668,0.266661,/data/home/mirick/ChordEdit/ablation_outputs/grid_metrics_sdturbo_top_20260626_104807/0_random_140_000000000001/t_delta_0p15/cells/t_start_1p0__t_end_0p4.png
1,0_random_140,0.0,0.5,0.15,17.707368,0.215554,/data/home/mirick/ChordEdit/ablation_outputs/grid_metrics_sdturbo_top_20260626_104807/0_random_140_000000000001/t_delta_0p15/cells/t_start_0p0__t_end_0p5.png
1,0_random_140,0.1,0.5,0.15,17.706193,0.215493,/data/home/mirick/ChordEdit/ablation_outputs/grid_metrics_sdturbo_top_20260626_104807/0_random_140_000000000001/t_delta_0p15/cells/t_start_0p1__t_end_0p5.png
1,0_random_140,0.2,0.5,0.15,17.701691,0.216361,/data/home/mirick/ChordEdit/ablation_outputs/grid_metrics_sdturbo_top_20260626_104807/0_random_140_000000000001/t_delta_0p15/cells/t_start_0p2__t_end_0p5.png
1,0_random_140,0.3,0.5,0.15,17.69314,0.216123,/data/home/mirick/ChordEdit/ablation_outputs/grid_metrics_sdturbo_top_20260626_104807/0_random_140_000000000001/t_delta_0p15/cells/t_start_0p3__t_end_0p5.png
1,0_random_140,0.4,0.5,0.15,17.685872,0.215551,/data/home/mirick/ChordEdit/ablation_outputs/grid_metrics_sdturbo_top_20260626_104807/0_random_140_000000000001/t_delta_0p15/cells/t_start_0p4__t_end_0p5.png
1,0_random_140,0.5,0.5,0.15,17.645308,0.216087,/data/home/mirick/ChordEdit/ablation_outputs/grid_metrics_sdturbo_top_20260626_104807/0_random_140_000000000001/t_delta_0p15/cells/t_start_0p5__t_end_0p5.png
1,0_random_140,0.6,0.5,0.15,17.665257,0.216638,/data/home/mirick/ChordEdit/ablation_outputs/grid_metrics_sdturbo_top_20260626_104807/0_random_140_000000000001/t_delta_0p15/cells/t_start_0p6__t_end_0p5.png
1,0_random_140,0.7,0.5,0.15,17.497054,0.219049,/data/home/mirick/ChordEdit/ablation_outputs/grid_metrics_sdturbo_top_20260626_104807/0_random_140_000000000001/t_delta_0p15/cells/t_start_0p7__t_end_0p5.png
1,0_random_140,0.8,0.5,0.15,16.991742,0.267073,/data/home/mirick/ChordEdit/ablation_outputs/grid_metrics_sdturbo_top_20260626_104807/0_random_140_000000000001/t_delta_0p15/cells/t_start_0p8__t_end_0p5.png
1,0_random_140,0.9,0.5,0.15,16.098257,0.272795,/data/home/mirick/ChordEdit/ablation_outputs/grid_metrics_sdturbo_top_20260626_104807/0_random_140_000000000001/t_delta_0p15/cells/t_start_0p9__t_end_0p5.png
1,0_random_140,1.0,0.5,0.15,15.38229,0.262951,/data/home/mirick/ChordEdit/ablation_outputs/grid_metrics_sdturbo_top_20260626_104807/0_random_140_000000000001/t_delta_0p15/cells/t_start_1p0__t_end_0p5.png
1,0_random_140,0.0,0.6,0.15,16.208265,0.210475,/data/home/mirick/ChordEdit/ablation_outputs/grid_metrics_sdturbo_top_20260626_104807/0_random_140_000000000001/t_delta_0p15/cells/t_start_0p0__t_end_0p6.png
1,0_random_140,0.1,0.6,0.15,16.207441,0.21039,/data/home/mirick/ChordEdit/ablation_outputs/grid_metrics_sdturbo_top_20260626_104807/0_random_140_000000000001/t_delta_0p15/cells/t_start_0p1__t_end_0p6.png
1,0_random_140,0.2,0.6,0.15,16.210809,0.209685,/data/home/mirick/ChordEdit/ablation_outputs/grid_metrics_sdturbo_top_20260626_104807/0_random_140_000000000001/t_delta_0p15/cells/t_start_0p2__t_end_0p6.png
1,0_random_140,0.3,0.6,0.15,16.207678,0.208619,/data/home/mirick/ChordEdit/ablation_outputs/grid_metrics_sdturbo_top_20260626_104807/0_random_140_000000000001/t_delta_0p15/cells/t_start_0p3__t_end_0p6.png
1,0_random_140,0.4,0.6,0.15,16.201788,0.210313,/data/home/mirick/ChordEdit/ablation_outputs/grid_metrics_sdturbo_top_20260626_104807/0_random_140_000000000001/t_delta_0p15/cells/t_start_0p4__t_end_0p6.png
1,0_random_140,0.5,0.6,0.15,16.172826,0.20888,/data/home/mirick/ChordEdit/ablation_outputs/grid_metrics_sdturbo_top_20260626_104807/0_random_140_000000000001/t_delta_0p15/cells/t_start_0p5__t_end_0p6.png
1,0_random_140,0.6,0.6,0.15,16.139118,0.208493,/data/home/mirick/ChordEdit/ablation_outputs/grid_metrics_sdturbo_top_20260626_104807/0_random_140_000000000001/t_delta_0p15/cells/t_start_0p6__t_end_0p6.png
1,0_random_140,0.7,0.6,0.15,16.017751,0.240093,/data/home/mirick/ChordEdit/ablation_outputs/grid_metrics_sdturbo_top_20260626_104807/0_random_140_000000000001/t_delta_0p15/cells/t_start_0p7__t_end_0p6.png
1,0_random_140,0.8,0.6,0.15,15.471644,0.262743,/data/home/mirick/ChordEdit/ablation_outputs/grid_metrics_sdturbo_top_20260626_104807/0_random_140_000000000001/t_delta_0p15/cells/t_start_0p8__t_end_0p6.png
1,0_random_140,0.9,0.6,0.15,14.890685,0.272264,/data/home/mirick/ChordEdit/ablation_outputs/grid_metrics_sdturbo_top_20260626_104807/0_random_140_000000000001/t_delta_0p15/cells/t_start_0p9__t_end_0p6.png
1,0_random_140,1.0,0.6,0.15,14.561016,0.267491,/data/home/mirick/ChordEdit/ablation_outputs/grid_metrics_sdturbo_top_20260626_104807/0_random_140_000000000001/t_delta_0p15/cells/t_start_1p0__t_end_0p6.png
1,0_random_140,0.0,0.7,0.15,13.958862,0.258017,/data/home/mirick/ChordEdit/ablation_outputs/grid_metrics_sdturbo_top_20260626_104807/0_random_140_000000000001/t_delta_0p15/cells/t_start_0p0__t_end_0p7.png
1,0_random_140,0.1,0.7,0.15,13.95805,0.258559,/data/home/mirick/ChordEdit/ablation_outputs/grid_metrics_sdturbo_top_20260626_104807/0_random_140_000000000001/t_delta_0p15/cells/t_start_0p1__t_end_0p7.png
1,0_random_140,0.2,0.7,0.15,13.959463,0.25742,/data/home/mirick/ChordEdit/ablation_outputs/grid_metrics_sdturbo_top_20260626_104807/0_random_140_000000000001/t_delta_0p15/cells/t_start_0p2__t_end_0p7.png
1,0_random_140,0.3,0.7,0.15,13.957117,0.257904,/data/home/mirick/ChordEdit/ablation_outputs/grid_metrics_sdturbo_top_20260626_104807/0_random_140_000000000001/t_delta_0p15/cells/t_start_0p3__t_end_0p7.png
1,0_random_140,0.4,0.7,0.15,13.951144,0.259049,/data/home/mirick/ChordEdit/ablation_outputs/grid_metrics_sdturbo_top_20260626_104807/0_random_140_000000000001/t_delta_0p15/cells/t_start_0p4__t_end_0p7.png
1,0_random_140,0.5,0.7,0.15,13.939451,0.25912,/data/home/mirick/ChordEdit/ablation_outputs/grid_metrics_sdturbo_top_20260626_104807/0_random_140_000000000001/t_delta_0p15/cells/t_start_0p5__t_end_0p7.png
1,0_random_140,0.6,0.7,0.15,13.899742,0.260105,/data/home/mirick/ChordEdit/ablation_outputs/grid_metrics_sdturbo_top_20260626_104807/0_random_140_000000000001/t_delta_0p15/cells/t_start_0p6__t_end_0p7.png
1,0_random_140,0.7,0.7,0.15,13.713265,0.250814,/data/home/mirick/ChordEdit/ablation_outputs/grid_metrics_sdturbo_top_20260626_104807/0_random_140_000000000001/t_delta_0p15/cells/t_start_0p7__t_end_0p7.png
1,0_random_140,0.8,0.7,0.15,13.766503,0.251115,/data/home/mirick/ChordEdit/ablation_outputs/grid_metrics_sdturbo_top_20260626_104807/0_random_140_000000000001/t_delta_0p15/cells/t_start_0p8__t_end_0p7.png
1,0_random_140,0.9,0.7,0.15,13.377054,0.258123,/data/home/mirick/ChordEdit/ablation_outputs/grid_metrics_sdturbo_top_20260626_104807/0_random_140_000000000001/t_delta_0p15/cells/t_start_0p9__t_end_0p7.png
1,0_random_140,1.0,0.7,0.15,13.433301,0.275375,/data/home/mirick/ChordEdit/ablation_outputs/grid_metrics_sdturbo_top_20260626_104807/0_random_140_000000000001/t_delta_0p15/cells/t_start_1p0__t_end_0p7.png
1,0_random_140,0.0,0.8,0.15,12.210704,0.259198,/data/home/mirick/ChordEdit/ablation_outputs/grid_metrics_sdturbo_top_20260626_104807/0_random_140_000000000001/t_delta_0p15/cells/t_start_0p0__t_end_0p8.png
1,0_random_140,0.1,0.8,0.15,12.21229,0.258168,/data/home/mirick/ChordEdit/ablation_outputs/grid_metrics_sdturbo_top_20260626_104807/0_random_140_000000000001/t_delta_0p15/cells/t_start_0p1__t_end_0p8.png
1,0_random_140,0.2,0.8,0.15,12.213085,0.257973,/data/home/mirick/ChordEdit/ablation_outputs/grid_metrics_sdturbo_top_20260626_104807/0_random_140_000000000001/t_delta_0p15/cells/t_start_0p2__t_end_0p8.png
1,0_random_140,0.3,0.8,0.15,12.21621,0.258078,/data/home/mirick/ChordEdit/ablation_outputs/grid_metrics_sdturbo_top_20260626_104807/0_random_140_000000000001/t_delta_0p15/cells/t_start_0p3__t_end_0p8.png
1,0_random_140,0.4,0.8,0.15,12.220186,0.25756,/data/home/mirick/ChordEdit/ablation_outputs/grid_metrics_sdturbo_top_20260626_104807/0_random_140_000000000001/t_delta_0p15/cells/t_start_0p4__t_end_0p8.png
1,0_random_140,0.5,0.8,0.15,12.227637,0.257473,/data/home/mirick/ChordEdit/ablation_outputs/grid_metrics_sdturbo_top_20260626_104807/0_random_140_000000000001/t_delta_0p15/cells/t_start_0p5__t_end_0p8.png
1,0_random_140,0.6,0.8,0.15,12.244722,0.254189,/data/home/mirick/ChordEdit/ablation_outputs/grid_metrics_sdturbo_top_20260626_104807/0_random_140_000000000001/t_delta_0p15/cells/t_start_0p6__t_end_0p8.png
1,0_random_140,0.7,0.8,0.15,12.205116,0.261698,/data/home/mirick/ChordEdit/ablation_outputs/grid_metrics_sdturbo_top_20260626_104807/0_random_140_000000000001/t_delta_0p15/cells/t_start_0p7__t_end_0p8.png
1,0_random_140,0.8,0.8,0.15,12.120565,0.260709,/data/home/mirick/ChordEdit/ablation_outputs/grid_metrics_sdturbo_top_20260626_104807/0_random_140_000000000001/t_delta_0p15/cells/t_start_0p8__t_end_0p8.png
1,0_random_140,0.9,0.8,0.15,12.194611,0.264608,/data/home/mirick/ChordEdit/ablation_outputs/grid_metrics_sdturbo_top_20260626_104807/0_random_140_000000000001/t_delta_0p15/cells/t_start_0p9__t_end_0p8.png
1,0_random_140,1.0,0.8,0.15,12.049912,0.260563,/data/home/mirick/ChordEdit/ablation_outputs/grid_metrics_sdturbo_top_20260626_104807/0_random_140_000000000001/t_delta_0p15/cells/t_start_1p0__t_end_0p8.png
1,0_random_140,0.0,0.9,0.15,11.720403,0.255236,/data/home/mirick/ChordEdit/ablation_outputs/grid_metrics_sdturbo_top_20260626_104807/0_random_140_000000000001/t_delta_0p15/cells/t_start_0p0__t_end_0p9.png
1,0_random_140,0.1,0.9,0.15,11.72028,0.255168,/data/home/mirick/ChordEdit/ablation_outputs/grid_metrics_sdturbo_top_20260626_104807/0_random_140_000000000001/t_delta_0p15/cells/t_start_0p1__t_end_0p9.png
1,0_random_140,0.2,0.9,0.15,11.720561,0.25457,/data/home/mirick/ChordEdit/ablation_outputs/grid_metrics_sdturbo_top_20260626_104807/0_random_140_000000000001/t_delta_0p15/cells/t_start_0p2__t_end_0p9.png
1,0_random_140,0.3,0.9,0.15,11.719225,0.25413,/data/home/mirick/ChordEdit/ablation_outputs/grid_metrics_sdturbo_top_20260626_104807/0_random_140_000000000001/t_delta_0p15/cells/t_start_0p3__t_end_0p9.png
1,0_random_140,0.4,0.9,0.15,11.716909,0.254104,/data/home/mirick/ChordEdit/ablation_outputs/grid_metrics_sdturbo_top_20260626_104807/0_random_140_000000000001/t_delta_0p15/cells/t_start_0p4__t_end_0p9.png
1,0_random_140,0.5,0.9,0.15,11.712488,0.253488,/data/home/mirick/ChordEdit/ablation_outputs/grid_metrics_sdturbo_top_20260626_104807/0_random_140_000000000001/t_delta_0p15/cells/t_start_0p5__t_end_0p9.png
1,0_random_140,0.6,0.9,0.15,11.705712,0.25375,/data/home/mirick/ChordEdit/ablation_outputs/grid_metrics_sdturbo_top_20260626_104807/0_random_140_000000000001/t_delta_0p15/cells/t_start_0p6__t_end_0p9.png
1,0_random_140,0.7,0.9,0.15,11.706187,0.254803,/data/home/mirick/ChordEdit/ablation_outputs/grid_metrics_sdturbo_top_20260626_104807/0_random_140_000000000001/t_delta_0p15/cells/t_start_0p7__t_end_0p9.png
1,0_random_140,0.8,0.9,0.15,11.844912,0.256242,/data/home/mirick/ChordEdit/ablation_outputs/grid_metrics_sdturbo_top_20260626_104807/0_random_140_000000000001/t_delta_0p15/cells/t_start_0p8__t_end_0p9.png
1,0_random_140,0.9,0.9,0.15,11.737531,0.252832,/data/home/mirick/ChordEdit/ablation_outputs/grid_metrics_sdturbo_top_20260626_104807/0_random_140_000000000001/t_delta_0p15/cells/t_start_0p9__t_end_0p9.png
1,0_random_140,1.0,0.9,0.15,11.81239,0.250393,/data/home/mirick/ChordEdit/ablation_outputs/grid_metrics_sdturbo_top_20260626_104807/0_random_140_000000000001/t_delta_0p15/cells/t_start_1p0__t_end_0p9.png
1,0_random_140,0.0,1.0,0.15,11.662609,0.254706,/data/home/mirick/ChordEdit/ablation_outputs/grid_metrics_sdturbo_top_20260626_104807/0_random_140_000000000001/t_delta_0p15/cells/t_start_0p0__t_end_1p0.png
1,0_random_140,0.1,1.0,0.15,11.662452,0.254831,/data/home/mirick/ChordEdit/ablation_outputs/grid_metrics_sdturbo_top_20260626_104807/0_random_140_000000000001/t_delta_0p15/cells/t_start_0p1__t_end_1p0.png
1,0_random_140,0.2,1.0,0.15,11.664234,0.254753,/data/home/mirick/ChordEdit/ablation_outputs/grid_metrics_sdturbo_top_20260626_104807/0_random_140_000000000001/t_delta_0p15/cells/t_start_0p2__t_end_1p0.png
1,0_random_140,0.3,1.0,0.15,11.663998,0.253971,/data/home/mirick/ChordEdit/ablation_outputs/grid_metrics_sdturbo_top_20260626_104807/0_random_140_000000000001/t_delta_0p15/cells/t_start_0p3__t_end_1p0.png
1,0_random_140,0.4,1.0,0.15,11.667153,0.253598,/data/home/mirick/ChordEdit/ablation_outputs/grid_metrics_sdturbo_top_20260626_104807/0_random_140_000000000001/t_delta_0p15/cells/t_start_0p4__t_end_1p0.png
1,0_random_140,0.5,1.0,0.15,11.669968,0.253927,/data/home/mirick/ChordEdit/ablation_outputs/grid_metrics_sdturbo_top_20260626_104807/0_random_140_000000000001/t_delta_0p15/cells/t_start_0p5__t_end_1p0.png
1,0_random_140,0.6,1.0,0.15,11.670321,0.25311,/data/home/mirick/ChordEdit/ablation_outputs/grid_metrics_sdturbo_top_20260626_104807/0_random_140_000000000001/t_delta_0p15/cells/t_start_0p6__t_end_1p0.png
1,0_random_140,0.7,1.0,0.15,11.667196,0.254892,/data/home/mirick/ChordEdit/ablation_outputs/grid_metrics_sdturbo_top_20260626_104807/0_random_140_000000000001/t_delta_0p15/cells/t_start_0p7__t_end_1p0.png
1,0_random_140,0.8,1.0,0.15,11.680393,0.253862,/data/home/mirick/ChordEdit/ablation_outputs/grid_metrics_sdturbo_top_20260626_104807/0_random_140_000000000001/t_delta_0p15/cells/t_start_0p8__t_end_1p0.png
1,0_random_140,0.9,1.0,0.15,11.59985,0.25385,/data/home/mirick/ChordEdit/ablation_outputs/grid_metrics_sdturbo_top_20260626_104807/0_random_140_000000000001/t_delta_0p15/cells/t_start_0p9__t_end_1p0.png
1,0_random_140,1.0,1.0,0.15,11.53286,0.262874,/data/home/mirick/ChordEdit/ablation_outputs/grid_metrics_sdturbo_top_20260626_104807/0_random_140_000000000001/t_delta_0p15/cells/t_start_1p0__t_end_1p0.png
1,0_random_140,0.0,0.0,0.0,28.346129,0.229198,/data/home/mirick/ChordEdit/ablation_outputs/grid_metrics_sdturbo_top_20260626_104807/0_random_140_000000000001/t_delta_0/cells/t_start_0p0__t_end_0p0.png
1,0_random_140,0.1,0.0,0.0,28.335325,0.233663,/data/home/mirick/ChordEdit/ablation_outputs/grid_metrics_sdturbo_top_20260626_104807/0_random_140_000000000001/t_delta_0/cells/t_start_0p1__t_end_0p0.png
1,0_random_140,0.2,0.0,0.0,28.301218,0.231558,/data/home/mirick/ChordEdit/ablation_outputs/grid_metrics_sdturbo_top_20260626_104807/0_random_140_000000000001/t_delta_0/cells/t_start_0p2__t_end_0p0.png
1,0_random_140,0.3,0.0,0.0,28.26656,0.230322,/data/home/mirick/ChordEdit/ablation_outputs/grid_metrics_sdturbo_top_20260626_104807/0_random_140_000000000001/t_delta_0/cells/t_start_0p3__t_end_0p0.png
1,0_random_140,0.4,0.0,0.0,27.689947,0.232644,/data/home/mirick/ChordEdit/ablation_outputs/grid_metrics_sdturbo_top_20260626_104807/0_random_140_000000000001/t_delta_0/cells/t_start_0p4__t_end_0p0.png
1,0_random_140,0.5,0.0,0.0,27.492568,0.227762,/data/home/mirick/ChordEdit/ablation_outputs/grid_metrics_sdturbo_top_20260626_104807/0_random_140_000000000001/t_delta_0/cells/t_start_0p5__t_end_0p0.png
1,0_random_140,0.6,0.0,0.0,25.372697,0.228704,/data/home/mirick/ChordEdit/ablation_outputs/grid_metrics_sdturbo_top_20260626_104807/0_random_140_000000000001/t_delta_0/cells/t_start_0p6__t_end_0p0.png
1,0_random_140,0.7,0.0,0.0,20.208994,0.266671,/data/home/mirick/ChordEdit/ablation_outputs/grid_metrics_sdturbo_top_20260626_104807/0_random_140_000000000001/t_delta_0/cells/t_start_0p7__t_end_0p0.png
1,0_random_140,0.8,0.0,0.0,17.773878,0.231798,/data/home/mirick/ChordEdit/ablation_outputs/grid_metrics_sdturbo_top_20260626_104807/0_random_140_000000000001/t_delta_0/cells/t_start_0p8__t_end_0p0.png
1,0_random_140,0.9,0.0,0.0,15.753101,0.263115,/data/home/mirick/ChordEdit/ablation_outputs/grid_metrics_sdturbo_top_20260626_104807/0_random_140_000000000001/t_delta_0/cells/t_start_0p9__t_end_0p0.png
1,0_random_140,1.0,0.0,0.0,15.976177,0.273602,/data/home/mirick/ChordEdit/ablation_outputs/grid_metrics_sdturbo_top_20260626_104807/0_random_140_000000000001/t_delta_0/cells/t_start_1p0__t_end_0p0.png
1,0_random_140,0.0,0.1,0.0,25.288846,0.230065,/data/home/mirick/ChordEdit/ablation_outputs/grid_metrics_sdturbo_top_20260626_104807/0_random_140_000000000001/t_delta_0/cells/t_start_0p0__t_end_0p1.png
1,0_random_140,0.1,0.1,0.0,25.276213,0.23385,/data/home/mirick/ChordEdit/ablation_outputs/grid_metrics_sdturbo_top_20260626_104807/0_random_140_000000000001/t_delta_0/cells/t_start_0p1__t_end_0p1.png
1,0_random_140,0.2,0.1,0.0,25.270663,0.23694,/data/home/mirick/ChordEdit/ablation_outputs/grid_metrics_sdturbo_top_20260626_104807/0_random_140_000000000001/t_delta_0/cells/t_start_0p2__t_end_0p1.png
1,0_random_140,0.3,0.1,0.0,25.250943,0.235686,/data/home/mirick/ChordEdit/ablation_outputs/grid_metrics_sdturbo_top_20260626_104807/0_random_140_000000000001/t_delta_0/cells/t_start_0p3__t_end_0p1.png
1,0_random_140,0.4,0.1,0.0,25.04298,0.236172,/data/home/mirick/ChordEdit/ablation_outputs/grid_metrics_sdturbo_top_20260626_104807/0_random_140_000000000001/t_delta_0/cells/t_start_0p4__t_end_0p1.png
1,0_random_140,0.5,0.1,0.0,24.991617,0.230505,/data/home/mirick/ChordEdit/ablation_outputs/grid_metrics_sdturbo_top_20260626_104807/0_random_140_000000000001/t_delta_0/cells/t_start_0p5__t_end_0p1.png
1,0_random_140,0.6,0.1,0.0,24.252034,0.230648,/data/home/mirick/ChordEdit/ablation_outputs/grid_metrics_sdturbo_top_20260626_104807/0_random_140_000000000001/t_delta_0/cells/t_start_0p6__t_end_0p1.png
1,0_random_140,0.7,0.1,0.0,20.164275,0.260044,/data/home/mirick/ChordEdit/ablation_outputs/grid_metrics_sdturbo_top_20260626_104807/0_random_140_000000000001/t_delta_0/cells/t_start_0p7__t_end_0p1.png
1,0_random_140,0.8,0.1,0.0,18.018704,0.243861,/data/home/mirick/ChordEdit/ablation_outputs/grid_metrics_sdturbo_top_20260626_104807/0_random_140_000000000001/t_delta_0/cells/t_start_0p8__t_end_0p1.png
1,0_random_140,0.9,0.1,0.0,16.057388,0.274912,/data/home/mirick/ChordEdit/ablation_outputs/grid_metrics_sdturbo_top_20260626_104807/0_random_140_000000000001/t_delta_0/cells/t_start_0p9__t_end_0p1.png
1,0_random_140,1.0,0.1,0.0,16.124696,0.264578,/data/home/mirick/ChordEdit/ablation_outputs/grid_metrics_sdturbo_top_20260626_104807/0_random_140_000000000001/t_delta_0/cells/t_start_1p0__t_end_0p1.png
1,0_random_140,0.0,0.2,0.0,23.327579,0.229207,/data/home/mirick/ChordEdit/ablation_outputs/grid_metrics_sdturbo_top_20260626_104807/0_random_140_000000000001/t_delta_0/cells/t_start_0p0__t_end_0p2.png
1,0_random_140,0.1,0.2,0.0,23.325053,0.231748,/data/home/mirick/ChordEdit/ablation_outputs/grid_metrics_sdturbo_top_20260626_104807/0_random_140_000000000001/t_delta_0/cells/t_start_0p1__t_end_0p2.png
1,0_random_140,0.2,0.2,0.0,23.32255,0.234467,/data/home/mirick/ChordEdit/ablation_outputs/grid_metrics_sdturbo_top_20260626_104807/0_random_140_000000000001/t_delta_0/cells/t_start_0p2__t_end_0p2.png
1,0_random_140,0.3,0.2,0.0,23.305125,0.235937,/data/home/mirick/ChordEdit/ablation_outputs/grid_metrics_sdturbo_top_20260626_104807/0_random_140_000000000001/t_delta_0/cells/t_start_0p3__t_end_0p2.png
1,0_random_140,0.4,0.2,0.0,23.183958,0.236444,/data/home/mirick/ChordEdit/ablation_outputs/grid_metrics_sdturbo_top_20260626_104807/0_random_140_000000000001/t_delta_0/cells/t_start_0p4__t_end_0p2.png
1,0_random_140,0.5,0.2,0.0,23.116129,0.236051,/data/home/mirick/ChordEdit/ablation_outputs/grid_metrics_sdturbo_top_20260626_104807/0_random_140_000000000001/t_delta_0/cells/t_start_0p5__t_end_0p2.png
1,0_random_140,0.6,0.2,0.0,22.835517,0.23029,/data/home/mirick/ChordEdit/ablation_outputs/grid_metrics_sdturbo_top_20260626_104807/0_random_140_000000000001/t_delta_0/cells/t_start_0p6__t_end_0p2.png
1,0_random_140,0.7,0.2,0.0,19.438028,0.257394,/data/home/mirick/ChordEdit/ablation_outputs/grid_metrics_sdturbo_top_20260626_104807/0_random_140_000000000001/t_delta_0/cells/t_start_0p7__t_end_0p2.png
1,0_random_140,0.8,0.2,0.0,17.671262,0.259981,/data/home/mirick/ChordEdit/ablation_outputs/grid_metrics_sdturbo_top_20260626_104807/0_random_140_000000000001/t_delta_0/cells/t_start_0p8__t_end_0p2.png
1,0_random_140,0.9,0.2,0.0,16.088742,0.254148,/data/home/mirick/ChordEdit/ablation_outputs/grid_metrics_sdturbo_top_20260626_104807/0_random_140_000000000001/t_delta_0/cells/t_start_0p9__t_end_0p2.png
1,0_random_140,1.0,0.2,0.0,16.131501,0.261249,/data/home/mirick/ChordEdit/ablation_outputs/grid_metrics_sdturbo_top_20260626_104807/0_random_140_000000000001/t_delta_0/cells/t_start_1p0__t_end_0p2.png
1,0_random_140,0.0,0.3,0.0,21.676814,0.234185,/data/home/mirick/ChordEdit/ablation_outputs/grid_metrics_sdturbo_top_20260626_104807/0_random_140_000000000001/t_delta_0/cells/t_start_0p0__t_end_0p3.png
1,0_random_140,0.1,0.3,0.0,21.673008,0.234813,/data/home/mirick/ChordEdit/ablation_outputs/grid_metrics_sdturbo_top_20260626_104807/0_random_140_000000000001/t_delta_0/cells/t_start_0p1__t_end_0p3.png
1,0_random_140,0.2,0.3,0.0,21.672562,0.235449,/data/home/mirick/ChordEdit/ablation_outputs/grid_metrics_sdturbo_top_20260626_104807/0_random_140_000000000001/t_delta_0/cells/t_start_0p2__t_end_0p3.png
1,0_random_140,0.3,0.3,0.0,21.634488,0.237222,/data/home/mirick/ChordEdit/ablation_outputs/grid_metrics_sdturbo_top_20260626_104807/0_random_140_000000000001/t_delta_0/cells/t_start_0p3__t_end_0p3.png
1,0_random_140,0.4,0.3,0.0,21.461658,0.240817,/data/home/mirick/ChordEdit/ablation_outputs/grid_metrics_sdturbo_top_20260626_104807/0_random_140_000000000001/t_delta_0/cells/t_start_0p4__t_end_0p3.png
1,0_random_140,0.5,0.3,0.0,21.402645,0.237858,/data/home/mirick/ChordEdit/ablation_outputs/grid_metrics_sdturbo_top_20260626_104807/0_random_140_000000000001/t_delta_0/cells/t_start_0p5__t_end_0p3.png
1,0_random_140,0.6,0.3,0.0,21.313421,0.230895,/data/home/mirick/ChordEdit/ablation_outputs/grid_metrics_sdturbo_top_20260626_104807/0_random_140_000000000001/t_delta_0/cells/t_start_0p6__t_end_0p3.png
1,0_random_140,0.7,0.3,0.0,18.468716,0.259836,/data/home/mirick/ChordEdit/ablation_outputs/grid_metrics_sdturbo_top_20260626_104807/0_random_140_000000000001/t_delta_0/cells/t_start_0p7__t_end_0p3.png
1,0_random_140,0.8,0.3,0.0,17.03586,0.276367,/data/home/mirick/ChordEdit/ablation_outputs/grid_metrics_sdturbo_top_20260626_104807/0_random_140_000000000001/t_delta_0/cells/t_start_0p8__t_end_0p3.png
1,0_random_140,0.9,0.3,0.0,15.870255,0.256896,/data/home/mirick/ChordEdit/ablation_outputs/grid_metrics_sdturbo_top_20260626_104807/0_random_140_000000000001/t_delta_0/cells/t_start_0p9__t_end_0p3.png
1,0_random_140,1.0,0.3,0.0,16.011769,0.255643,/data/home/mirick/ChordEdit/ablation_outputs/grid_metrics_sdturbo_top_20260626_104807/0_random_140_000000000001/t_delta_0/cells/t_start_1p0__t_end_0p3.png
1,0_random_140,0.0,0.4,0.0,19.76547,0.231878,/data/home/mirick/ChordEdit/ablation_outputs/grid_metrics_sdturbo_top_20260626_104807/0_random_140_000000000001/t_delta_0/cells/t_start_0p0__t_end_0p4.png
1,0_random_140,0.1,0.4,0.0,19.765004,0.232698,/data/home/mirick/ChordEdit/ablation_outputs/grid_metrics_sdturbo_top_20260626_104807/0_random_140_000000000001/t_delta_0/cells/t_start_0p1__t_end_0p4.png
1,0_random_140,0.2,0.4,0.0,19.762189,0.23323,/data/home/mirick/ChordEdit/ablation_outputs/grid_metrics_sdturbo_top_20260626_104807/0_random_140_000000000001/t_delta_0/cells/t_start_0p2__t_end_0p4.png
1,0_random_140,0.3,0.4,0.0,19.733465,0.235121,/data/home/mirick/ChordEdit/ablation_outputs/grid_metrics_sdturbo_top_20260626_104807/0_random_140_000000000001/t_delta_0/cells/t_start_0p3__t_end_0p4.png
1,0_random_140,0.4,0.4,0.0,19.508341,0.233657,/data/home/mirick/ChordEdit/ablation_outputs/grid_metrics_sdturbo_top_20260626_104807/0_random_140_000000000001/t_delta_0/cells/t_start_0p4__t_end_0p4.png
1,0_random_140,0.5,0.4,0.0,19.348382,0.234257,/data/home/mirick/ChordEdit/ablation_outputs/grid_metrics_sdturbo_top_20260626_104807/0_random_140_000000000001/t_delta_0/cells/t_start_0p5__t_end_0p4.png
1,0_random_140,0.6,0.4,0.0,19.630415,0.233181,/data/home/mirick/ChordEdit/ablation_outputs/grid_metrics_sdturbo_top_20260626_104807/0_random_140_000000000001/t_delta_0/cells/t_start_0p6__t_end_0p4.png
1,0_random_140,0.7,0.4,0.0,17.00515,0.269701,/data/home/mirick/ChordEdit/ablation_outputs/grid_metrics_sdturbo_top_20260626_104807/0_random_140_000000000001/t_delta_0/cells/t_start_0p7__t_end_0p4.png
1,0_random_140,0.8,0.4,0.0,16.088688,0.274979,/data/home/mirick/ChordEdit/ablation_outputs/grid_metrics_sdturbo_top_20260626_104807/0_random_140_000000000001/t_delta_0/cells/t_start_0p8__t_end_0p4.png
1,0_random_140,0.9,0.4,0.0,15.446627,0.261755,/data/home/mirick/ChordEdit/ablation_outputs/grid_metrics_sdturbo_top_20260626_104807/0_random_140_000000000001/t_delta_0/cells/t_start_0p9__t_end_0p4.png
1,0_random_140,1.0,0.4,0.0,15.607611,0.253749,/data/home/mirick/ChordEdit/ablation_outputs/grid_metrics_sdturbo_top_20260626_104807/0_random_140_000000000001/t_delta_0/cells/t_start_1p0__t_end_0p4.png
1,0_random_140,0.0,0.5,0.0,17.707368,0.215554,/data/home/mirick/ChordEdit/ablation_outputs/grid_metrics_sdturbo_top_20260626_104807/0_random_140_000000000001/t_delta_0/cells/t_start_0p0__t_end_0p5.png
1,0_random_140,0.1,0.5,0.0,17.704659,0.215925,/data/home/mirick/ChordEdit/ablation_outputs/grid_metrics_sdturbo_top_20260626_104807/0_random_140_000000000001/t_delta_0/cells/t_start_0p1__t_end_0p5.png
1,0_random_140,0.2,0.5,0.0,17.695375,0.216209,/data/home/mirick/ChordEdit/ablation_outputs/grid_metrics_sdturbo_top_20260626_104807/0_random_140_000000000001/t_delta_0/cells/t_start_0p2__t_end_0p5.png
1,0_random_140,0.3,0.5,0.0,17.675963,0.216079,/data/home/mirick/ChordEdit/ablation_outputs/grid_metrics_sdturbo_top_20260626_104807/0_random_140_000000000001/t_delta_0/cells/t_start_0p3__t_end_0p5.png
1,0_random_140,0.4,0.5,0.0,17.685415,0.215575,/data/home/mirick/ChordEdit/ablation_outputs/grid_metrics_sdturbo_top_20260626_104807/0_random_140_000000000001/t_delta_0/cells/t_start_0p4__t_end_0p5.png
1,0_random_140,0.5,0.5,0.0,17.569683,0.215793,/data/home/mirick/ChordEdit/ablation_outputs/grid_metrics_sdturbo_top_20260626_104807/0_random_140_000000000001/t_delta_0/cells/t_start_0p5__t_end_0p5.png
1,0_random_140,0.6,0.5,0.0,17.607029,0.218369,/data/home/mirick/ChordEdit/ablation_outputs/grid_metrics_sdturbo_top_20260626_104807/0_random_140_000000000001/t_delta_0/cells/t_start_0p6__t_end_0p5.png
1,0_random_140,0.7,0.5,0.0,15.936339,0.265031,/data/home/mirick/ChordEdit/ablation_outputs/grid_metrics_sdturbo_top_20260626_104807/0_random_140_000000000001/t_delta_0/cells/t_start_0p7__t_end_0p5.png
1,0_random_140,0.8,0.5,0.0,15.384901,0.270397,/data/home/mirick/ChordEdit/ablation_outputs/grid_metrics_sdturbo_top_20260626_104807/0_random_140_000000000001/t_delta_0/cells/t_start_0p8__t_end_0p5.png
1,0_random_140,0.9,0.5,0.0,15.030013,0.259468,/data/home/mirick/ChordEdit/ablation_outputs/grid_metrics_sdturbo_top_20260626_104807/0_random_140_000000000001/t_delta_0/cells/t_start_0p9__t_end_0p5.png
1,0_random_140,1.0,0.5,0.0,14.96695,0.255922,/data/home/mirick/ChordEdit/ablation_outputs/grid_metrics_sdturbo_top_20260626_104807/0_random_140_000000000001/t_delta_0/cells/t_start_1p0__t_end_0p5.png
1,0_random_140,0.0,0.6,0.0,16.208265,0.210475,/data/home/mirick/ChordEdit/ablation_outputs/grid_metrics_sdturbo_top_20260626_104807/0_random_140_000000000001/t_delta_0/cells/t_start_0p0__t_end_0p6.png
1,0_random_140,0.1,0.6,0.0,16.20684,0.210273,/data/home/mirick/ChordEdit/ablation_outputs/grid_metrics_sdturbo_top_20260626_104807/0_random_140_000000000001/t_delta_0/cells/t_start_0p1__t_end_0p6.png
1,0_random_140,0.2,0.6,0.0,16.215761,0.209685,/data/home/mirick/ChordEdit/ablation_outputs/grid_metrics_sdturbo_top_20260626_104807/0_random_140_000000000001/t_delta_0/cells/t_start_0p2__t_end_0p6.png
1,0_random_140,0.3,0.6,0.0,16.208126,0.209871,/data/home/mirick/ChordEdit/ablation_outputs/grid_metrics_sdturbo_top_20260626_104807/0_random_140_000000000001/t_delta_0/cells/t_start_0p3__t_end_0p6.png
1,0_random_140,0.4,0.6,0.0,16.173088,0.208237,/data/home/mirick/ChordEdit/ablation_outputs/grid_metrics_sdturbo_top_20260626_104807/0_random_140_000000000001/t_delta_0/cells/t_start_0p4__t_end_0p6.png
1,0_random_140,0.5,0.6,0.0,16.129079,0.20726,/data/home/mirick/ChordEdit/ablation_outputs/grid_metrics_sdturbo_top_20260626_104807/0_random_140_000000000001/t_delta_0/cells/t_start_0p5__t_end_0p6.png
1,0_random_140,0.6,0.6,0.0,16.115843,0.214843,/data/home/mirick/ChordEdit/ablation_outputs/grid_metrics_sdturbo_top_20260626_104807/0_random_140_000000000001/t_delta_0/cells/t_start_0p6__t_end_0p6.png
1,0_random_140,0.7,0.6,0.0,14.930709,0.263392,/data/home/mirick/ChordEdit/ablation_outputs/grid_metrics_sdturbo_top_20260626_104807/0_random_140_000000000001/t_delta_0/cells/t_start_0p7__t_end_0p6.png
1,0_random_140,0.8,0.6,0.0,14.477101,0.277261,/data/home/mirick/ChordEdit/ablation_outputs/grid_metrics_sdturbo_top_20260626_104807/0_random_140_000000000001/t_delta_0/cells/t_start_0p8__t_end_0p6.png
1,0_random_140,0.9,0.6,0.0,13.885719,0.265997,/data/home/mirick/ChordEdit/ablation_outputs/grid_metrics_sdturbo_top_20260626_104807/0_random_140_000000000001/t_delta_0/cells/t_start_0p9__t_end_0p6.png
1,0_random_140,1.0,0.6,0.0,13.968638,0.253288,/data/home/mirick/ChordEdit/ablation_outputs/grid_metrics_sdturbo_top_20260626_104807/0_random_140_000000000001/t_delta_0/cells/t_start_1p0__t_end_0p6.png
1,0_random_140,0.0,0.7,0.0,13.958862,0.258017,/data/home/mirick/ChordEdit/ablation_outputs/grid_metrics_sdturbo_top_20260626_104807/0_random_140_000000000001/t_delta_0/cells/t_start_0p0__t_end_0p7.png
1,0_random_140,0.1,0.7,0.0,13.958024,0.258637,/data/home/mirick/ChordEdit/ablation_outputs/grid_metrics_sdturbo_top_20260626_104807/0_random_140_000000000001/t_delta_0/cells/t_start_0p1__t_end_0p7.png
1,0_random_140,0.2,0.7,0.0,13.960382,0.258489,/data/home/mirick/ChordEdit/ablation_outputs/grid_metrics_sdturbo_top_20260626_104807/0_random_140_000000000001/t_delta_0/cells/t_start_0p2__t_end_0p7.png
1,0_random_140,0.3,0.7,0.0,13.954024,0.258899,/data/home/mirick/ChordEdit/ablation_outputs/grid_metrics_sdturbo_top_20260626_104807/0_random_140_000000000001/t_delta_0/cells/t_start_0p3__t_end_0p7.png
1,0_random_140,0.4,0.7,0.0,13.93501,0.257804,/data/home/mirick/ChordEdit/ablation_outputs/grid_metrics_sdturbo_top_20260626_104807/0_random_140_000000000001/t_delta_0/cells/t_start_0p4__t_end_0p7.png
1,0_random_140,0.5,0.7,0.0,13.894111,0.260498,/data/home/mirick/ChordEdit/ablation_outputs/grid_metrics_sdturbo_top_20260626_104807/0_random_140_000000000001/t_delta_0/cells/t_start_0p5__t_end_0p7.png
1,0_random_140,0.6,0.7,0.0,13.838539,0.259292,/data/home/mirick/ChordEdit/ablation_outputs/grid_metrics_sdturbo_top_20260626_104807/0_random_140_000000000001/t_delta_0/cells/t_start_0p6__t_end_0p7.png
1,0_random_140,0.7,0.7,0.0,13.453547,0.244676,/data/home/mirick/ChordEdit/ablation_outputs/grid_metrics_sdturbo_top_20260626_104807/0_random_140_000000000001/t_delta_0/cells/t_start_0p7__t_end_0p7.png
1,0_random_140,0.8,0.7,0.0,12.937604,0.273416,/data/home/mirick/ChordEdit/ablation_outputs/grid_metrics_sdturbo_top_20260626_104807/0_random_140_000000000001/t_delta_0/cells/t_start_0p8__t_end_0p7.png
1,0_random_140,0.9,0.7,0.0,12.87593,0.263597,/data/home/mirick/ChordEdit/ablation_outputs/grid_metrics_sdturbo_top_20260626_104807/0_random_140_000000000001/t_delta_0/cells/t_start_0p9__t_end_0p7.png
1,0_random_140,1.0,0.7,0.0,13.071161,0.261114,/data/home/mirick/ChordEdit/ablation_outputs/grid_metrics_sdturbo_top_20260626_104807/0_random_140_000000000001/t_delta_0/cells/t_start_1p0__t_end_0p7.png
1,0_random_140,0.0,0.8,0.0,12.210704,0.259198,/data/home/mirick/ChordEdit/ablation_outputs/grid_metrics_sdturbo_top_20260626_104807/0_random_140_000000000001/t_delta_0/cells/t_start_0p0__t_end_0p8.png
1,0_random_140,0.1,0.8,0.0,12.214327,0.257447,/data/home/mirick/ChordEdit/ablation_outputs/grid_metrics_sdturbo_top_20260626_104807/0_random_140_000000000001/t_delta_0/cells/t_start_0p1__t_end_0p8.png
1,0_random_140,0.2,0.8,0.0,12.217369,0.257788,/data/home/mirick/ChordEdit/ablation_outputs/grid_metrics_sdturbo_top_20260626_104807/0_random_140_000000000001/t_delta_0/cells/t_start_0p2__t_end_0p8.png
1,0_random_140,0.3,0.8,0.0,12.214502,0.258546,/data/home/mirick/ChordEdit/ablation_outputs/grid_metrics_sdturbo_top_20260626_104807/0_random_140_000000000001/t_delta_0/cells/t_start_0p3__t_end_0p8.png
1,0_random_140,0.4,0.8,0.0,12.227239,0.255364,/data/home/mirick/ChordEdit/ablation_outputs/grid_metrics_sdturbo_top_20260626_104807/0_random_140_000000000001/t_delta_0/cells/t_start_0p4__t_end_0p8.png
1,0_random_140,0.5,0.8,0.0,12.238336,0.255371,/data/home/mirick/ChordEdit/ablation_outputs/grid_metrics_sdturbo_top_20260626_104807/0_random_140_000000000001/t_delta_0/cells/t_start_0p5__t_end_0p8.png
1,0_random_140,0.6,0.8,0.0,12.270671,0.255808,/data/home/mirick/ChordEdit/ablation_outputs/grid_metrics_sdturbo_top_20260626_104807/0_random_140_000000000001/t_delta_0/cells/t_start_0p6__t_end_0p8.png
1,0_random_140,0.7,0.8,0.0,12.07836,0.251268,/data/home/mirick/ChordEdit/ablation_outputs/grid_metrics_sdturbo_top_20260626_104807/0_random_140_000000000001/t_delta_0/cells/t_start_0p7__t_end_0p8.png
1,0_random_140,0.8,0.8,0.0,12.189855,0.257843,/data/home/mirick/ChordEdit/ablation_outputs/grid_metrics_sdturbo_top_20260626_104807/0_random_140_000000000001/t_delta_0/cells/t_start_0p8__t_end_0p8.png
1,0_random_140,0.9,0.8,0.0,12.077404,0.260023,/data/home/mirick/ChordEdit/ablation_outputs/grid_metrics_sdturbo_top_20260626_104807/0_random_140_000000000001/t_delta_0/cells/t_start_0p9__t_end_0p8.png
1,0_random_140,1.0,0.8,0.0,12.315541,0.263476,/data/home/mirick/ChordEdit/ablation_outputs/grid_metrics_sdturbo_top_20260626_104807/0_random_140_000000000001/t_delta_0/cells/t_start_1p0__t_end_0p8.png
1,0_random_140,0.0,0.9,0.0,11.720403,0.255236,/data/home/mirick/ChordEdit/ablation_outputs/grid_metrics_sdturbo_top_20260626_104807/0_random_140_000000000001/t_delta_0/cells/t_start_0p0__t_end_0p9.png
1,0_random_140,0.1,0.9,0.0,11.7202,0.255547,/data/home/mirick/ChordEdit/ablation_outputs/grid_metrics_sdturbo_top_20260626_104807/0_random_140_000000000001/t_delta_0/cells/t_start_0p1__t_end_0p9.png
1,0_random_140,0.2,0.9,0.0,11.721166,0.254029,/data/home/mirick/ChordEdit/ablation_outputs/grid_metrics_sdturbo_top_20260626_104807/0_random_140_000000000001/t_delta_0/cells/t_start_0p2__t_end_0p9.png
1,0_random_140,0.3,0.9,0.0,11.718924,0.253528,/data/home/mirick/ChordEdit/ablation_outputs/grid_metrics_sdturbo_top_20260626_104807/0_random_140_000000000001/t_delta_0/cells/t_start_0p3__t_end_0p9.png
1,0_random_140,0.4,0.9,0.0,11.711798,0.25331,/data/home/mirick/ChordEdit/ablation_outputs/grid_metrics_sdturbo_top_20260626_104807/0_random_140_000000000001/t_delta_0/cells/t_start_0p4__t_end_0p9.png
1,0_random_140,0.5,0.9,0.0,11.698201,0.253534,/data/home/mirick/ChordEdit/ablation_outputs/grid_metrics_sdturbo_top_20260626_104807/0_random_140_000000000001/t_delta_0/cells/t_start_0p5__t_end_0p9.png
1,0_random_140,0.6,0.9,0.0,11.712534,0.251243,/data/home/mirick/ChordEdit/ablation_outputs/grid_metrics_sdturbo_top_20260626_104807/0_random_140_000000000001/t_delta_0/cells/t_start_0p6__t_end_0p9.png
1,0_random_140,0.7,0.9,0.0,11.783002,0.262197,/data/home/mirick/ChordEdit/ablation_outputs/grid_metrics_sdturbo_top_20260626_104807/0_random_140_000000000001/t_delta_0/cells/t_start_0p7__t_end_0p9.png
1,0_random_140,0.8,0.9,0.0,11.773504,0.250053,/data/home/mirick/ChordEdit/ablation_outputs/grid_metrics_sdturbo_top_20260626_104807/0_random_140_000000000001/t_delta_0/cells/t_start_0p8__t_end_0p9.png
1,0_random_140,0.9,0.9,0.0,11.795183,0.253481,/data/home/mirick/ChordEdit/ablation_outputs/grid_metrics_sdturbo_top_20260626_104807/0_random_140_000000000001/t_delta_0/cells/t_start_0p9__t_end_0p9.png
1,0_random_140,1.0,0.9,0.0,11.662912,0.251071,/data/home/mirick/ChordEdit/ablation_outputs/grid_metrics_sdturbo_top_20260626_104807/0_random_140_000000000001/t_delta_0/cells/t_start_1p0__t_end_0p9.png
1,0_random_140,0.0,1.0,0.0,11.662609,0.254706,/data/home/mirick/ChordEdit/ablation_outputs/grid_metrics_sdturbo_top_20260626_104807/0_random_140_000000000001/t_delta_0/cells/t_start_0p0__t_end_1p0.png
1,0_random_140,0.1,1.0,0.0,11.662116,0.253887,/data/home/mirick/ChordEdit/ablation_outputs/grid_metrics_sdturbo_top_20260626_104807/0_random_140_000000000001/t_delta_0/cells/t_start_0p1__t_end_1p0.png
1,0_random_140,0.2,1.0,0.0,11.666199,0.254391,/data/home/mirick/ChordEdit/ablation_outputs/grid_metrics_sdturbo_top_20260626_104807/0_random_140_000000000001/t_delta_0/cells/t_start_0p2__t_end_1p0.png
1,0_random_140,0.3,1.0,0.0,11.666393,0.25287,/data/home/mirick/ChordEdit/ablation_outputs/grid_metrics_sdturbo_top_20260626_104807/0_random_140_000000000001/t_delta_0/cells/t_start_0p3__t_end_1p0.png
1,0_random_140,0.4,1.0,0.0,11.673595,0.253236,/data/home/mirick/ChordEdit/ablation_outputs/grid_metrics_sdturbo_top_20260626_104807/0_random_140_000000000001/t_delta_0/cells/t_start_0p4__t_end_1p0.png
1,0_random_140,0.5,1.0,0.0,11.676413,0.253829,/data/home/mirick/ChordEdit/ablation_outputs/grid_metrics_sdturbo_top_20260626_104807/0_random_140_000000000001/t_delta_0/cells/t_start_0p5__t_end_1p0.png
1,0_random_140,0.6,1.0,0.0,11.657418,0.254916,/data/home/mirick/ChordEdit/ablation_outputs/grid_metrics_sdturbo_top_20260626_104807/0_random_140_000000000001/t_delta_0/cells/t_start_0p6__t_end_1p0.png
1,0_random_140,0.7,1.0,0.0,11.611558,0.255279,/data/home/mirick/ChordEdit/ablation_outputs/grid_metrics_sdturbo_top_20260626_104807/0_random_140_000000000001/t_delta_0/cells/t_start_0p7__t_end_1p0.png
1,0_random_140,0.8,1.0,0.0,11.649636,0.256209,/data/home/mirick/ChordEdit/ablation_outputs/grid_metrics_sdturbo_top_20260626_104807/0_random_140_000000000001/t_delta_0/cells/t_start_0p8__t_end_1p0.png
1,0_random_140,0.9,1.0,0.0,11.549843,0.25849,/data/home/mirick/ChordEdit/ablation_outputs/grid_metrics_sdturbo_top_20260626_104807/0_random_140_000000000001/t_delta_0/cells/t_start_0p9__t_end_1p0.png
1,0_random_140,1.0,1.0,0.0,11.443569,0.251725,/data/home/mirick/ChordEdit/ablation_outputs/grid_metrics_sdturbo_top_20260626_104807/0_random_140_000000000001/t_delta_0/cells/t_start_1p0__t_end_1p0.png
2,0_random_140,0.0,0.0,0.15,28.255616,0.138977,/data/home/mirick/ChordEdit/ablation_outputs/grid_metrics_sdturbo_top_20260626_104807/0_random_140_000000000002/t_delta_0p15/cells/t_start_0p0__t_end_0p0.png
2,0_random_140,0.1,0.0,0.15,28.231525,0.138989,/data/home/mirick/ChordEdit/ablation_outputs/grid_metrics_sdturbo_top_20260626_104807/0_random_140_000000000002/t_delta_0p15/cells/t_start_0p1__t_end_0p0.png
2,0_random_140,0.2,0.0,0.15,28.132219,0.140026,/data/home/mirick/ChordEdit/ablation_outputs/grid_metrics_sdturbo_top_20260626_104807/0_random_140_000000000002/t_delta_0p15/cells/t_start_0p2__t_end_0p0.png
2,0_random_140,0.3,0.0,0.15,27.821823,0.14244,/data/home/mirick/ChordEdit/ablation_outputs/grid_metrics_sdturbo_top_20260626_104807/0_random_140_000000000002/t_delta_0p15/cells/t_start_0p3__t_end_0p0.png
2,0_random_140,0.4,0.0,0.15,26.992128,0.149294,/data/home/mirick/ChordEdit/ablation_outputs/grid_metrics_sdturbo_top_20260626_104807/0_random_140_000000000002/t_delta_0p15/cells/t_start_0p4__t_end_0p0.png
2,0_random_140,0.5,0.0,0.15,25.058048,0.156703,/data/home/mirick/ChordEdit/ablation_outputs/grid_metrics_sdturbo_top_20260626_104807/0_random_140_000000000002/t_delta_0p15/cells/t_start_0p5__t_end_0p0.png
2,0_random_140,0.6,0.0,0.15,23.094559,0.16514,/data/home/mirick/ChordEdit/ablation_outputs/grid_metrics_sdturbo_top_20260626_104807/0_random_140_000000000002/t_delta_0p15/cells/t_start_0p6__t_end_0p0.png
2,0_random_140,0.7,0.0,0.15,20.318855,0.164218,/data/home/mirick/ChordEdit/ablation_outputs/grid_metrics_sdturbo_top_20260626_104807/0_random_140_000000000002/t_delta_0p15/cells/t_start_0p7__t_end_0p0.png
2,0_random_140,0.8,0.0,0.15,18.150182,0.165346,/data/home/mirick/ChordEdit/ablation_outputs/grid_metrics_sdturbo_top_20260626_104807/0_random_140_000000000002/t_delta_0p15/cells/t_start_0p8__t_end_0p0.png
2,0_random_140,0.9,0.0,0.15,16.498092,0.151124,/data/home/mirick/ChordEdit/ablation_outputs/grid_metrics_sdturbo_top_20260626_104807/0_random_140_000000000002/t_delta_0p15/cells/t_start_0p9__t_end_0p0.png
2,0_random_140,1.0,0.0,0.15,16.775493,0.136282,/data/home/mirick/ChordEdit/ablation_outputs/grid_metrics_sdturbo_top_20260626_104807/0_random_140_000000000002/t_delta_0p15/cells/t_start_1p0__t_end_0p0.png
2,0_random_140,0.0,0.1,0.15,25.133114,0.14223,/data/home/mirick/ChordEdit/ablation_outputs/grid_metrics_sdturbo_top_20260626_104807/0_random_140_000000000002/t_delta_0p15/cells/t_start_0p0__t_end_0p1.png
2,0_random_140,0.1,0.1,0.15,25.088536,0.139793,/data/home/mirick/ChordEdit/ablation_outputs/grid_metrics_sdturbo_top_20260626_104807/0_random_140_000000000002/t_delta_0p15/cells/t_start_0p1__t_end_0p1.png
2,0_random_140,0.2,0.1,0.15,25.013186,0.138708,/data/home/mirick/ChordEdit/ablation_outputs/grid_metrics_sdturbo_top_20260626_104807/0_random_140_000000000002/t_delta_0p15/cells/t_start_0p2__t_end_0p1.png
2,0_random_140,0.3,0.1,0.15,24.796461,0.138842,/data/home/mirick/ChordEdit/ablation_outputs/grid_metrics_sdturbo_top_20260626_104807/0_random_140_000000000002/t_delta_0p15/cells/t_start_0p3__t_end_0p1.png
2,0_random_140,0.4,0.1,0.15,24.430077,0.138295,/data/home/mirick/ChordEdit/ablation_outputs/grid_metrics_sdturbo_top_20260626_104807/0_random_140_000000000002/t_delta_0p15/cells/t_start_0p4__t_end_0p1.png
2,0_random_140,0.5,0.1,0.15,23.45403,0.1411,/data/home/mirick/ChordEdit/ablation_outputs/grid_metrics_sdturbo_top_20260626_104807/0_random_140_000000000002/t_delta_0p15/cells/t_start_0p5__t_end_0p1.png
2,0_random_140,0.6,0.1,0.15,22.192191,0.204909,/data/home/mirick/ChordEdit/ablation_outputs/grid_metrics_sdturbo_top_20260626_104807/0_random_140_000000000002/t_delta_0p15/cells/t_start_0p6__t_end_0p1.png
2,0_random_140,0.7,0.1,0.15,20.040612,0.214979,/data/home/mirick/ChordEdit/ablation_outputs/grid_metrics_sdturbo_top_20260626_104807/0_random_140_000000000002/t_delta_0p15/cells/t_start_0p7__t_end_0p1.png
2,0_random_140,0.8,0.1,0.15,18.308428,0.161922,/data/home/mirick/ChordEdit/ablation_outputs/grid_metrics_sdturbo_top_20260626_104807/0_random_140_000000000002/t_delta_0p15/cells/t_start_0p8__t_end_0p1.png
2,0_random_140,0.9,0.1,0.15,16.567898,0.17124,/data/home/mirick/ChordEdit/ablation_outputs/grid_metrics_sdturbo_top_20260626_104807/0_random_140_000000000002/t_delta_0p15/cells/t_start_0p9__t_end_0p1.png
2,0_random_140,1.0,0.1,0.15,16.953809,0.160235,/data/home/mirick/ChordEdit/ablation_outputs/grid_metrics_sdturbo_top_20260626_104807/0_random_140_000000000002/t_delta_0p15/cells/t_start_1p0__t_end_0p1.png
2,0_random_140,0.0,0.2,0.15,23.313718,0.14119,/data/home/mirick/ChordEdit/ablation_outputs/grid_metrics_sdturbo_top_20260626_104807/0_random_140_000000000002/t_delta_0p15/cells/t_start_0p0__t_end_0p2.png
2,0_random_140,0.1,0.2,0.15,23.276643,0.14013,/data/home/mirick/ChordEdit/ablation_outputs/grid_metrics_sdturbo_top_20260626_104807/0_random_140_000000000002/t_delta_0p15/cells/t_start_0p1__t_end_0p2.png
2,0_random_140,0.2,0.2,0.15,23.189526,0.14044,/data/home/mirick/ChordEdit/ablation_outputs/grid_metrics_sdturbo_top_20260626_104807/0_random_140_000000000002/t_delta_0p15/cells/t_start_0p2__t_end_0p2.png
2,0_random_140,0.3,0.2,0.15,22.985562,0.136274,/data/home/mirick/ChordEdit/ablation_outputs/grid_metrics_sdturbo_top_20260626_104807/0_random_140_000000000002/t_delta_0p15/cells/t_start_0p3__t_end_0p2.png
2,0_random_140,0.4,0.2,0.15,22.65529,0.134337,/data/home/mirick/ChordEdit/ablation_outputs/grid_metrics_sdturbo_top_20260626_104807/0_random_140_000000000002/t_delta_0p15/cells/t_start_0p4__t_end_0p2.png
2,0_random_140,0.5,0.2,0.15,21.852341,0.165491,/data/home/mirick/ChordEdit/ablation_outputs/grid_metrics_sdturbo_top_20260626_104807/0_random_140_000000000002/t_delta_0p15/cells/t_start_0p5__t_end_0p2.png
2,0_random_140,0.6,0.2,0.15,21.01883,0.203348,/data/home/mirick/ChordEdit/ablation_outputs/grid_metrics_sdturbo_top_20260626_104807/0_random_140_000000000002/t_delta_0p15/cells/t_start_0p6__t_end_0p2.png
2,0_random_140,0.7,0.2,0.15,19.38789,0.217246,/data/home/mirick/ChordEdit/ablation_outputs/grid_metrics_sdturbo_top_20260626_104807/0_random_140_000000000002/t_delta_0p15/cells/t_start_0p7__t_end_0p2.png
2,0_random_140,0.8,0.2,0.15,18.09558,0.224865,/data/home/mirick/ChordEdit/ablation_outputs/grid_metrics_sdturbo_top_20260626_104807/0_random_140_000000000002/t_delta_0p15/cells/t_start_0p8__t_end_0p2.png
2,0_random_140,0.9,0.2,0.15,16.349659,0.218203,/data/home/mirick/ChordEdit/ablation_outputs/grid_metrics_sdturbo_top_20260626_104807/0_random_140_000000000002/t_delta_0p15/cells/t_start_0p9__t_end_0p2.png
2,0_random_140,1.0,0.2,0.15,16.778156,0.210649,/data/home/mirick/ChordEdit/ablation_outputs/grid_metrics_sdturbo_top_20260626_104807/0_random_140_000000000002/t_delta_0p15/cells/t_start_1p0__t_end_0p2.png
2,0_random_140,0.0,0.3,0.15,21.465608,0.133567,/data/home/mirick/ChordEdit/ablation_outputs/grid_metrics_sdturbo_top_20260626_104807/0_random_140_000000000002/t_delta_0p15/cells/t_start_0p0__t_end_0p3.png
2,0_random_140,0.1,0.3,0.15,21.44391,0.133005,/data/home/mirick/ChordEdit/ablation_outputs/grid_metrics_sdturbo_top_20260626_104807/0_random_140_000000000002/t_delta_0p15/cells/t_start_0p1__t_end_0p3.png
2,0_random_140,0.2,0.3,0.15,21.389465,0.131384,/data/home/mirick/ChordEdit/ablation_outputs/grid_metrics_sdturbo_top_20260626_104807/0_random_140_000000000002/t_delta_0p15/cells/t_start_0p2__t_end_0p3.png
2,0_random_140,0.3,0.3,0.15,21.232257,0.12869,/data/home/mirick/ChordEdit/ablation_outputs/grid_metrics_sdturbo_top_20260626_104807/0_random_140_000000000002/t_delta_0p15/cells/t_start_0p3__t_end_0p3.png
2,0_random_140,0.4,0.3,0.15,20.872613,0.137879,/data/home/mirick/ChordEdit/ablation_outputs/grid_metrics_sdturbo_top_20260626_104807/0_random_140_000000000002/t_delta_0p15/cells/t_start_0p4__t_end_0p3.png
2,0_random_140,0.5,0.3,0.15,20.254245,0.193903,/data/home/mirick/ChordEdit/ablation_outputs/grid_metrics_sdturbo_top_20260626_104807/0_random_140_000000000002/t_delta_0p15/cells/t_start_0p5__t_end_0p3.png
2,0_random_140,0.6,0.3,0.15,19.623459,0.199655,/data/home/mirick/ChordEdit/ablation_outputs/grid_metrics_sdturbo_top_20260626_104807/0_random_140_000000000002/t_delta_0p15/cells/t_start_0p6__t_end_0p3.png
2,0_random_140,0.7,0.3,0.15,18.379423,0.21263,/data/home/mirick/ChordEdit/ablation_outputs/grid_metrics_sdturbo_top_20260626_104807/0_random_140_000000000002/t_delta_0p15/cells/t_start_0p7__t_end_0p3.png
2,0_random_140,0.8,0.3,0.15,17.453701,0.228977,/data/home/mirick/ChordEdit/ablation_outputs/grid_metrics_sdturbo_top_20260626_104807/0_random_140_000000000002/t_delta_0p15/cells/t_start_0p8__t_end_0p3.png
2,0_random_140,0.9,0.3,0.15,15.866212,0.207953,/data/home/mirick/ChordEdit/ablation_outputs/grid_metrics_sdturbo_top_20260626_104807/0_random_140_000000000002/t_delta_0p15/cells/t_start_0p9__t_end_0p3.png
2,0_random_140,1.0,0.3,0.15,16.270578,0.205369,/data/home/mirick/ChordEdit/ablation_outputs/grid_metrics_sdturbo_top_20260626_104807/0_random_140_000000000002/t_delta_0p15/cells/t_start_1p0__t_end_0p3.png
2,0_random_140,0.0,0.4,0.15,19.100985,0.160648,/data/home/mirick/ChordEdit/ablation_outputs/grid_metrics_sdturbo_top_20260626_104807/0_random_140_000000000002/t_delta_0p15/cells/t_start_0p0__t_end_0p4.png
2,0_random_140,0.1,0.4,0.15,19.089283,0.163747,/data/home/mirick/ChordEdit/ablation_outputs/grid_metrics_sdturbo_top_20260626_104807/0_random_140_000000000002/t_delta_0p15/cells/t_start_0p1__t_end_0p4.png
2,0_random_140,0.2,0.4,0.15,19.059882,0.168357,/data/home/mirick/ChordEdit/ablation_outputs/grid_metrics_sdturbo_top_20260626_104807/0_random_140_000000000002/t_delta_0p15/cells/t_start_0p2__t_end_0p4.png
2,0_random_140,0.3,0.4,0.15,18.998871,0.185187,/data/home/mirick/ChordEdit/ablation_outputs/grid_metrics_sdturbo_top_20260626_104807/0_random_140_000000000002/t_delta_0p15/cells/t_start_0p3__t_end_0p4.png
2,0_random_140,0.4,0.4,0.15,18.778347,0.215012,/data/home/mirick/ChordEdit/ablation_outputs/grid_metrics_sdturbo_top_20260626_104807/0_random_140_000000000002/t_delta_0p15/cells/t_start_0p4__t_end_0p4.png
2,0_random_140,0.5,0.4,0.15,18.610922,0.197673,/data/home/mirick/ChordEdit/ablation_outputs/grid_metrics_sdturbo_top_20260626_104807/0_random_140_000000000002/t_delta_0p15/cells/t_start_0p5__t_end_0p4.png
2,0_random_140,0.6,0.4,0.15,17.974097,0.231232,/data/home/mirick/ChordEdit/ablation_outputs/grid_metrics_sdturbo_top_20260626_104807/0_random_140_000000000002/t_delta_0p15/cells/t_start_0p6__t_end_0p4.png
2,0_random_140,0.7,0.4,0.15,17.046193,0.197109,/data/home/mirick/ChordEdit/ablation_outputs/grid_metrics_sdturbo_top_20260626_104807/0_random_140_000000000002/t_delta_0p15/cells/t_start_0p7__t_end_0p4.png
2,0_random_140,0.8,0.4,0.15,16.202802,0.214218,/data/home/mirick/ChordEdit/ablation_outputs/grid_metrics_sdturbo_top_20260626_104807/0_random_140_000000000002/t_delta_0p15/cells/t_start_0p8__t_end_0p4.png
2,0_random_140,0.9,0.4,0.15,15.28868,0.198313,/data/home/mirick/ChordEdit/ablation_outputs/grid_metrics_sdturbo_top_20260626_104807/0_random_140_000000000002/t_delta_0p15/cells/t_start_0p9__t_end_0p4.png
2,0_random_140,1.0,0.4,0.15,15.589679,0.219367,/data/home/mirick/ChordEdit/ablation_outputs/grid_metrics_sdturbo_top_20260626_104807/0_random_140_000000000002/t_delta_0p15/cells/t_start_1p0__t_end_0p4.png
2,0_random_140,0.0,0.5,0.15,17.220351,0.226102,/data/home/mirick/ChordEdit/ablation_outputs/grid_metrics_sdturbo_top_20260626_104807/0_random_140_000000000002/t_delta_0p15/cells/t_start_0p0__t_end_0p5.png
2,0_random_140,0.1,0.5,0.15,17.209249,0.22561,/data/home/mirick/ChordEdit/ablation_outputs/grid_metrics_sdturbo_top_20260626_104807/0_random_140_000000000002/t_delta_0p15/cells/t_start_0p1__t_end_0p5.png
2,0_random_140,0.2,0.5,0.15,17.188318,0.226407,/data/home/mirick/ChordEdit/ablation_outputs/grid_metrics_sdturbo_top_20260626_104807/0_random_140_000000000002/t_delta_0p15/cells/t_start_0p2__t_end_0p5.png
2,0_random_140,0.3,0.5,0.15,17.146012,0.221847,/data/home/mirick/ChordEdit/ablation_outputs/grid_metrics_sdturbo_top_20260626_104807/0_random_140_000000000002/t_delta_0p15/cells/t_start_0p3__t_end_0p5.png
2,0_random_140,0.4,0.5,0.15,17.078182,0.219879,/data/home/mirick/ChordEdit/ablation_outputs/grid_metrics_sdturbo_top_20260626_104807/0_random_140_000000000002/t_delta_0p15/cells/t_start_0p4__t_end_0p5.png
2,0_random_140,0.5,0.5,0.15,16.927089,0.208343,/data/home/mirick/ChordEdit/ablation_outputs/grid_metrics_sdturbo_top_20260626_104807/0_random_140_000000000002/t_delta_0p15/cells/t_start_0p5__t_end_0p5.png
2,0_random_140,0.6,0.5,0.15,16.415204,0.224513,/data/home/mirick/ChordEdit/ablation_outputs/grid_metrics_sdturbo_top_20260626_104807/0_random_140_000000000002/t_delta_0p15/cells/t_start_0p6__t_end_0p5.png
2,0_random_140,0.7,0.5,0.15,15.877696,0.216558,/data/home/mirick/ChordEdit/ablation_outputs/grid_metrics_sdturbo_top_20260626_104807/0_random_140_000000000002/t_delta_0p15/cells/t_start_0p7__t_end_0p5.png
2,0_random_140,0.8,0.5,0.15,15.251788,0.216643,/data/home/mirick/ChordEdit/ablation_outputs/grid_metrics_sdturbo_top_20260626_104807/0_random_140_000000000002/t_delta_0p15/cells/t_start_0p8__t_end_0p5.png
2,0_random_140,0.9,0.5,0.15,14.603901,0.201797,/data/home/mirick/ChordEdit/ablation_outputs/grid_metrics_sdturbo_top_20260626_104807/0_random_140_000000000002/t_delta_0p15/cells/t_start_0p9__t_end_0p5.png
2,0_random_140,1.0,0.5,0.15,14.828879,0.198071,/data/home/mirick/ChordEdit/ablation_outputs/grid_metrics_sdturbo_top_20260626_104807/0_random_140_000000000002/t_delta_0p15/cells/t_start_1p0__t_end_0p5.png
2,0_random_140,0.0,0.6,0.15,15.32923,0.225261,/data/home/mirick/ChordEdit/ablation_outputs/grid_metrics_sdturbo_top_20260626_104807/0_random_140_000000000002/t_delta_0p15/cells/t_start_0p0__t_end_0p6.png
2,0_random_140,0.1,0.6,0.15,15.327346,0.225981,/data/home/mirick/ChordEdit/ablation_outputs/grid_metrics_sdturbo_top_20260626_104807/0_random_140_000000000002/t_delta_0p15/cells/t_start_0p1__t_end_0p6.png
2,0_random_140,0.2,0.6,0.15,15.321815,0.224785,/data/home/mirick/ChordEdit/ablation_outputs/grid_metrics_sdturbo_top_20260626_104807/0_random_140_000000000002/t_delta_0p15/cells/t_start_0p2__t_end_0p6.png
2,0_random_140,0.3,0.6,0.15,15.264919,0.217281,/data/home/mirick/ChordEdit/ablation_outputs/grid_metrics_sdturbo_top_20260626_104807/0_random_140_000000000002/t_delta_0p15/cells/t_start_0p3__t_end_0p6.png
2,0_random_140,0.4,0.6,0.15,15.282768,0.211798,/data/home/mirick/ChordEdit/ablation_outputs/grid_metrics_sdturbo_top_20260626_104807/0_random_140_000000000002/t_delta_0p15/cells/t_start_0p4__t_end_0p6.png
2,0_random_140,0.5,0.6,0.15,15.257951,0.201976,/data/home/mirick/ChordEdit/ablation_outputs/grid_metrics_sdturbo_top_20260626_104807/0_random_140_000000000002/t_delta_0p15/cells/t_start_0p5__t_end_0p6.png
2,0_random_140,0.6,0.6,0.15,14.947594,0.213182,/data/home/mirick/ChordEdit/ablation_outputs/grid_metrics_sdturbo_top_20260626_104807/0_random_140_000000000002/t_delta_0p15/cells/t_start_0p6__t_end_0p6.png
2,0_random_140,0.7,0.6,0.15,14.455751,0.202905,/data/home/mirick/ChordEdit/ablation_outputs/grid_metrics_sdturbo_top_20260626_104807/0_random_140_000000000002/t_delta_0p15/cells/t_start_0p7__t_end_0p6.png
2,0_random_140,0.8,0.6,0.15,14.103081,0.199282,/data/home/mirick/ChordEdit/ablation_outputs/grid_metrics_sdturbo_top_20260626_104807/0_random_140_000000000002/t_delta_0p15/cells/t_start_0p8__t_end_0p6.png
2,0_random_140,0.9,0.6,0.15,13.766167,0.194425,/data/home/mirick/ChordEdit/ablation_outputs/grid_metrics_sdturbo_top_20260626_104807/0_random_140_000000000002/t_delta_0p15/cells/t_start_0p9__t_end_0p6.png
2,0_random_140,1.0,0.6,0.15,13.662674,0.1883,/data/home/mirick/ChordEdit/ablation_outputs/grid_metrics_sdturbo_top_20260626_104807/0_random_140_000000000002/t_delta_0p15/cells/t_start_1p0__t_end_0p6.png
2,0_random_140,0.0,0.7,0.15,13.133875,0.191613,/data/home/mirick/ChordEdit/ablation_outputs/grid_metrics_sdturbo_top_20260626_104807/0_random_140_000000000002/t_delta_0p15/cells/t_start_0p0__t_end_0p7.png
2,0_random_140,0.1,0.7,0.15,13.128468,0.191556,/data/home/mirick/ChordEdit/ablation_outputs/grid_metrics_sdturbo_top_20260626_104807/0_random_140_000000000002/t_delta_0p15/cells/t_start_0p1__t_end_0p7.png
2,0_random_140,0.2,0.7,0.15,13.127546,0.192266,/data/home/mirick/ChordEdit/ablation_outputs/grid_metrics_sdturbo_top_20260626_104807/0_random_140_000000000002/t_delta_0p15/cells/t_start_0p2__t_end_0p7.png
2,0_random_140,0.3,0.7,0.15,13.121427,0.193103,/data/home/mirick/ChordEdit/ablation_outputs/grid_metrics_sdturbo_top_20260626_104807/0_random_140_000000000002/t_delta_0p15/cells/t_start_0p3__t_end_0p7.png
2,0_random_140,0.4,0.7,0.15,13.190576,0.191945,/data/home/mirick/ChordEdit/ablation_outputs/grid_metrics_sdturbo_top_20260626_104807/0_random_140_000000000002/t_delta_0p15/cells/t_start_0p4__t_end_0p7.png
2,0_random_140,0.5,0.7,0.15,13.218498,0.190646,/data/home/mirick/ChordEdit/ablation_outputs/grid_metrics_sdturbo_top_20260626_104807/0_random_140_000000000002/t_delta_0p15/cells/t_start_0p5__t_end_0p7.png
2,0_random_140,0.6,0.7,0.15,13.379999,0.191556,/data/home/mirick/ChordEdit/ablation_outputs/grid_metrics_sdturbo_top_20260626_104807/0_random_140_000000000002/t_delta_0p15/cells/t_start_0p6__t_end_0p7.png
2,0_random_140,0.7,0.7,0.15,13.121094,0.205591,/data/home/mirick/ChordEdit/ablation_outputs/grid_metrics_sdturbo_top_20260626_104807/0_random_140_000000000002/t_delta_0p15/cells/t_start_0p7__t_end_0p7.png
2,0_random_140,0.8,0.7,0.15,12.650588,0.21387,/data/home/mirick/ChordEdit/ablation_outputs/grid_metrics_sdturbo_top_20260626_104807/0_random_140_000000000002/t_delta_0p15/cells/t_start_0p8__t_end_0p7.png
2,0_random_140,0.9,0.7,0.15,12.449093,0.217986,/data/home/mirick/ChordEdit/ablation_outputs/grid_metrics_sdturbo_top_20260626_104807/0_random_140_000000000002/t_delta_0p15/cells/t_start_0p9__t_end_0p7.png
2,0_random_140,1.0,0.7,0.15,12.303442,0.20562,/data/home/mirick/ChordEdit/ablation_outputs/grid_metrics_sdturbo_top_20260626_104807/0_random_140_000000000002/t_delta_0p15/cells/t_start_1p0__t_end_0p7.png
2,0_random_140,0.0,0.8,0.15,11.806387,0.213423,/data/home/mirick/ChordEdit/ablation_outputs/grid_metrics_sdturbo_top_20260626_104807/0_random_140_000000000002/t_delta_0p15/cells/t_start_0p0__t_end_0p8.png
2,0_random_140,0.1,0.8,0.15,11.809319,0.213403,/data/home/mirick/ChordEdit/ablation_outputs/grid_metrics_sdturbo_top_20260626_104807/0_random_140_000000000002/t_delta_0p15/cells/t_start_0p1__t_end_0p8.png
2,0_random_140,0.2,0.8,0.15,11.818997,0.216727,/data/home/mirick/ChordEdit/ablation_outputs/grid_metrics_sdturbo_top_20260626_104807/0_random_140_000000000002/t_delta_0p15/cells/t_start_0p2__t_end_0p8.png
2,0_random_140,0.3,0.8,0.15,11.774457,0.214164,/data/home/mirick/ChordEdit/ablation_outputs/grid_metrics_sdturbo_top_20260626_104807/0_random_140_000000000002/t_delta_0p15/cells/t_start_0p3__t_end_0p8.png
2,0_random_140,0.4,0.8,0.15,11.772524,0.212508,/data/home/mirick/ChordEdit/ablation_outputs/grid_metrics_sdturbo_top_20260626_104807/0_random_140_000000000002/t_delta_0p15/cells/t_start_0p4__t_end_0p8.png
2,0_random_140,0.5,0.8,0.15,11.695432,0.208199,/data/home/mirick/ChordEdit/ablation_outputs/grid_metrics_sdturbo_top_20260626_104807/0_random_140_000000000002/t_delta_0p15/cells/t_start_0p5__t_end_0p8.png
2,0_random_140,0.6,0.8,0.15,11.983862,0.216463,/data/home/mirick/ChordEdit/ablation_outputs/grid_metrics_sdturbo_top_20260626_104807/0_random_140_000000000002/t_delta_0p15/cells/t_start_0p6__t_end_0p8.png
2,0_random_140,0.7,0.8,0.15,11.75212,0.217541,/data/home/mirick/ChordEdit/ablation_outputs/grid_metrics_sdturbo_top_20260626_104807/0_random_140_000000000002/t_delta_0p15/cells/t_start_0p7__t_end_0p8.png
2,0_random_140,0.8,0.8,0.15,11.575995,0.204493,/data/home/mirick/ChordEdit/ablation_outputs/grid_metrics_sdturbo_top_20260626_104807/0_random_140_000000000002/t_delta_0p15/cells/t_start_0p8__t_end_0p8.png
2,0_random_140,0.9,0.8,0.15,11.735507,0.219541,/data/home/mirick/ChordEdit/ablation_outputs/grid_metrics_sdturbo_top_20260626_104807/0_random_140_000000000002/t_delta_0p15/cells/t_start_0p9__t_end_0p8.png
2,0_random_140,1.0,0.8,0.15,11.11168,0.184438,/data/home/mirick/ChordEdit/ablation_outputs/grid_metrics_sdturbo_top_20260626_104807/0_random_140_000000000002/t_delta_0p15/cells/t_start_1p0__t_end_0p8.png
2,0_random_140,0.0,0.9,0.15,10.061776,0.238039,/data/home/mirick/ChordEdit/ablation_outputs/grid_metrics_sdturbo_top_20260626_104807/0_random_140_000000000002/t_delta_0p15/cells/t_start_0p0__t_end_0p9.png
2,0_random_140,0.1,0.9,0.15,10.057947,0.238686,/data/home/mirick/ChordEdit/ablation_outputs/grid_metrics_sdturbo_top_20260626_104807/0_random_140_000000000002/t_delta_0p15/cells/t_start_0p1__t_end_0p9.png
2,0_random_140,0.2,0.9,0.15,10.046678,0.240374,/data/home/mirick/ChordEdit/ablation_outputs/grid_metrics_sdturbo_top_20260626_104807/0_random_140_000000000002/t_delta_0p15/cells/t_start_0p2__t_end_0p9.png
2,0_random_140,0.3,0.9,0.15,10.023163,0.244754,/data/home/mirick/ChordEdit/ablation_outputs/grid_metrics_sdturbo_top_20260626_104807/0_random_140_000000000002/t_delta_0p15/cells/t_start_0p3__t_end_0p9.png
2,0_random_140,0.4,0.9,0.15,9.922271,0.245319,/data/home/mirick/ChordEdit/ablation_outputs/grid_metrics_sdturbo_top_20260626_104807/0_random_140_000000000002/t_delta_0p15/cells/t_start_0p4__t_end_0p9.png
2,0_random_140,0.5,0.9,0.15,9.905613,0.248882,/data/home/mirick/ChordEdit/ablation_outputs/grid_metrics_sdturbo_top_20260626_104807/0_random_140_000000000002/t_delta_0p15/cells/t_start_0p5__t_end_0p9.png
2,0_random_140,0.6,0.9,0.15,9.825335,0.23243,/data/home/mirick/ChordEdit/ablation_outputs/grid_metrics_sdturbo_top_20260626_104807/0_random_140_000000000002/t_delta_0p15/cells/t_start_0p6__t_end_0p9.png
2,0_random_140,0.7,0.9,0.15,9.957254,0.233569,/data/home/mirick/ChordEdit/ablation_outputs/grid_metrics_sdturbo_top_20260626_104807/0_random_140_000000000002/t_delta_0p15/cells/t_start_0p7__t_end_0p9.png
2,0_random_140,0.8,0.9,0.15,10.216234,0.237652,/data/home/mirick/ChordEdit/ablation_outputs/grid_metrics_sdturbo_top_20260626_104807/0_random_140_000000000002/t_delta_0p15/cells/t_start_0p8__t_end_0p9.png
2,0_random_140,0.9,0.9,0.15,10.291631,0.225719,/data/home/mirick/ChordEdit/ablation_outputs/grid_metrics_sdturbo_top_20260626_104807/0_random_140_000000000002/t_delta_0p15/cells/t_start_0p9__t_end_0p9.png
2,0_random_140,1.0,0.9,0.15,10.09658,0.221595,/data/home/mirick/ChordEdit/ablation_outputs/grid_metrics_sdturbo_top_20260626_104807/0_random_140_000000000002/t_delta_0p15/cells/t_start_1p0__t_end_0p9.png
2,0_random_140,0.0,1.0,0.15,9.928416,0.212475,/data/home/mirick/ChordEdit/ablation_outputs/grid_metrics_sdturbo_top_20260626_104807/0_random_140_000000000002/t_delta_0p15/cells/t_start_0p0__t_end_1p0.png
2,0_random_140,0.1,1.0,0.15,9.926982,0.210319,/data/home/mirick/ChordEdit/ablation_outputs/grid_metrics_sdturbo_top_20260626_104807/0_random_140_000000000002/t_delta_0p15/cells/t_start_0p1__t_end_1p0.png
2,0_random_140,0.2,1.0,0.15,9.925868,0.208043,/data/home/mirick/ChordEdit/ablation_outputs/grid_metrics_sdturbo_top_20260626_104807/0_random_140_000000000002/t_delta_0p15/cells/t_start_0p2__t_end_1p0.png
2,0_random_140,0.3,1.0,0.15,9.920903,0.209163,/data/home/mirick/ChordEdit/ablation_outputs/grid_metrics_sdturbo_top_20260626_104807/0_random_140_000000000002/t_delta_0p15/cells/t_start_0p3__t_end_1p0.png
2,0_random_140,0.4,1.0,0.15,9.915392,0.21149,/data/home/mirick/ChordEdit/ablation_outputs/grid_metrics_sdturbo_top_20260626_104807/0_random_140_000000000002/t_delta_0p15/cells/t_start_0p4__t_end_1p0.png
2,0_random_140,0.5,1.0,0.15,9.899179,0.216914,/data/home/mirick/ChordEdit/ablation_outputs/grid_metrics_sdturbo_top_20260626_104807/0_random_140_000000000002/t_delta_0p15/cells/t_start_0p5__t_end_1p0.png
2,0_random_140,0.6,1.0,0.15,9.862897,0.22623,/data/home/mirick/ChordEdit/ablation_outputs/grid_metrics_sdturbo_top_20260626_104807/0_random_140_000000000002/t_delta_0p15/cells/t_start_0p6__t_end_1p0.png
2,0_random_140,0.7,1.0,0.15,9.814861,0.225619,/data/home/mirick/ChordEdit/ablation_outputs/grid_metrics_sdturbo_top_20260626_104807/0_random_140_000000000002/t_delta_0p15/cells/t_start_0p7__t_end_1p0.png
2,0_random_140,0.8,1.0,0.15,9.759091,0.20033,/data/home/mirick/ChordEdit/ablation_outputs/grid_metrics_sdturbo_top_20260626_104807/0_random_140_000000000002/t_delta_0p15/cells/t_start_0p8__t_end_1p0.png
2,0_random_140,0.9,1.0,0.15,9.709957,0.230662,/data/home/mirick/ChordEdit/ablation_outputs/grid_metrics_sdturbo_top_20260626_104807/0_random_140_000000000002/t_delta_0p15/cells/t_start_0p9__t_end_1p0.png
2,0_random_140,1.0,1.0,0.15,9.918135,0.225928,/data/home/mirick/ChordEdit/ablation_outputs/grid_metrics_sdturbo_top_20260626_104807/0_random_140_000000000002/t_delta_0p15/cells/t_start_1p0__t_end_1p0.png
2,0_random_140,0.0,0.0,0.0,28.255616,0.138977,/data/home/mirick/ChordEdit/ablation_outputs/grid_metrics_sdturbo_top_20260626_104807/0_random_140_000000000002/t_delta_0/cells/t_start_0p0__t_end_0p0.png
2,0_random_140,0.1,0.0,0.0,28.164853,0.139573,/data/home/mirick/ChordEdit/ablation_outputs/grid_metrics_sdturbo_top_20260626_104807/0_random_140_000000000002/t_delta_0/cells/t_start_0p1__t_end_0p0.png
2,0_random_140,0.2,0.0,0.0,27.831834,0.142002,/data/home/mirick/ChordEdit/ablation_outputs/grid_metrics_sdturbo_top_20260626_104807/0_random_140_000000000002/t_delta_0/cells/t_start_0p2__t_end_0p0.png
2,0_random_140,0.3,0.0,0.0,26.86013,0.14708,/data/home/mirick/ChordEdit/ablation_outputs/grid_metrics_sdturbo_top_20260626_104807/0_random_140_000000000002/t_delta_0/cells/t_start_0p3__t_end_0p0.png
2,0_random_140,0.4,0.0,0.0,23.903554,0.162402,/data/home/mirick/ChordEdit/ablation_outputs/grid_metrics_sdturbo_top_20260626_104807/0_random_140_000000000002/t_delta_0/cells/t_start_0p4__t_end_0p0.png
2,0_random_140,0.5,0.0,0.0,21.166444,0.166164,/data/home/mirick/ChordEdit/ablation_outputs/grid_metrics_sdturbo_top_20260626_104807/0_random_140_000000000002/t_delta_0/cells/t_start_0p5__t_end_0p0.png
2,0_random_140,0.6,0.0,0.0,18.96679,0.164421,/data/home/mirick/ChordEdit/ablation_outputs/grid_metrics_sdturbo_top_20260626_104807/0_random_140_000000000002/t_delta_0/cells/t_start_0p6__t_end_0p0.png
2,0_random_140,0.7,0.0,0.0,16.312495,0.158573,/data/home/mirick/ChordEdit/ablation_outputs/grid_metrics_sdturbo_top_20260626_104807/0_random_140_000000000002/t_delta_0/cells/t_start_0p7__t_end_0p0.png
2,0_random_140,0.8,0.0,0.0,15.62034,0.143616,/data/home/mirick/ChordEdit/ablation_outputs/grid_metrics_sdturbo_top_20260626_104807/0_random_140_000000000002/t_delta_0/cells/t_start_0p8__t_end_0p0.png
2,0_random_140,0.9,0.0,0.0,15.018961,0.13661,/data/home/mirick/ChordEdit/ablation_outputs/grid_metrics_sdturbo_top_20260626_104807/0_random_140_000000000002/t_delta_0/cells/t_start_0p9__t_end_0p0.png
2,0_random_140,1.0,0.0,0.0,15.950821,0.147923,/data/home/mirick/ChordEdit/ablation_outputs/grid_metrics_sdturbo_top_20260626_104807/0_random_140_000000000002/t_delta_0/cells/t_start_1p0__t_end_0p0.png
2,0_random_140,0.0,0.1,0.0,25.133114,0.14223,/data/home/mirick/ChordEdit/ablation_outputs/grid_metrics_sdturbo_top_20260626_104807/0_random_140_000000000002/t_delta_0/cells/t_start_0p0__t_end_0p1.png
2,0_random_140,0.1,0.1,0.0,25.02716,0.139373,/data/home/mirick/ChordEdit/ablation_outputs/grid_metrics_sdturbo_top_20260626_104807/0_random_140_000000000002/t_delta_0/cells/t_start_0p1__t_end_0p1.png
2,0_random_140,0.2,0.1,0.0,24.811172,0.138268,/data/home/mirick/ChordEdit/ablation_outputs/grid_metrics_sdturbo_top_20260626_104807/0_random_140_000000000002/t_delta_0/cells/t_start_0p2__t_end_0p1.png
2,0_random_140,0.3,0.1,0.0,24.319683,0.14208,/data/home/mirick/ChordEdit/ablation_outputs/grid_metrics_sdturbo_top_20260626_104807/0_random_140_000000000002/t_delta_0/cells/t_start_0p3__t_end_0p1.png
2,0_random_140,0.4,0.1,0.0,22.692702,0.165603,/data/home/mirick/ChordEdit/ablation_outputs/grid_metrics_sdturbo_top_20260626_104807/0_random_140_000000000002/t_delta_0/cells/t_start_0p4__t_end_0p1.png
2,0_random_140,0.5,0.1,0.0,20.785497,0.200882,/data/home/mirick/ChordEdit/ablation_outputs/grid_metrics_sdturbo_top_20260626_104807/0_random_140_000000000002/t_delta_0/cells/t_start_0p5__t_end_0p1.png
2,0_random_140,0.6,0.1,0.0,18.858131,0.161725,/data/home/mirick/ChordEdit/ablation_outputs/grid_metrics_sdturbo_top_20260626_104807/0_random_140_000000000002/t_delta_0/cells/t_start_0p6__t_end_0p1.png
2,0_random_140,0.7,0.1,0.0,16.363963,0.158998,/data/home/mirick/ChordEdit/ablation_outputs/grid_metrics_sdturbo_top_20260626_104807/0_random_140_000000000002/t_delta_0/cells/t_start_0p7__t_end_0p1.png
2,0_random_140,0.8,0.1,0.0,15.779301,0.140217,/data/home/mirick/ChordEdit/ablation_outputs/grid_metrics_sdturbo_top_20260626_104807/0_random_140_000000000002/t_delta_0/cells/t_start_0p8__t_end_0p1.png
2,0_random_140,0.9,0.1,0.0,15.257915,0.15648,/data/home/mirick/ChordEdit/ablation_outputs/grid_metrics_sdturbo_top_20260626_104807/0_random_140_000000000002/t_delta_0/cells/t_start_0p9__t_end_0p1.png
2,0_random_140,1.0,0.1,0.0,16.273811,0.153974,/data/home/mirick/ChordEdit/ablation_outputs/grid_metrics_sdturbo_top_20260626_104807/0_random_140_000000000002/t_delta_0/cells/t_start_1p0__t_end_0p1.png
2,0_random_140,0.0,0.2,0.0,23.313718,0.14119,/data/home/mirick/ChordEdit/ablation_outputs/grid_metrics_sdturbo_top_20260626_104807/0_random_140_000000000002/t_delta_0/cells/t_start_0p0__t_end_0p2.png
2,0_random_140,0.1,0.2,0.0,23.23627,0.140029,/data/home/mirick/ChordEdit/ablation_outputs/grid_metrics_sdturbo_top_20260626_104807/0_random_140_000000000002/t_delta_0/cells/t_start_0p1__t_end_0p2.png
2,0_random_140,0.2,0.2,0.0,23.014583,0.137076,/data/home/mirick/ChordEdit/ablation_outputs/grid_metrics_sdturbo_top_20260626_104807/0_random_140_000000000002/t_delta_0/cells/t_start_0p2__t_end_0p2.png
2,0_random_140,0.3,0.2,0.0,22.563005,0.13783,/data/home/mirick/ChordEdit/ablation_outputs/grid_metrics_sdturbo_top_20260626_104807/0_random_140_000000000002/t_delta_0/cells/t_start_0p3__t_end_0p2.png
2,0_random_140,0.4,0.2,0.0,21.39231,0.199635,/data/home/mirick/ChordEdit/ablation_outputs/grid_metrics_sdturbo_top_20260626_104807/0_random_140_000000000002/t_delta_0/cells/t_start_0p4__t_end_0p2.png
2,0_random_140,0.5,0.2,0.0,20.050401,0.205046,/data/home/mirick/ChordEdit/ablation_outputs/grid_metrics_sdturbo_top_20260626_104807/0_random_140_000000000002/t_delta_0/cells/t_start_0p5__t_end_0p2.png
2,0_random_140,0.6,0.2,0.0,18.552851,0.222908,/data/home/mirick/ChordEdit/ablation_outputs/grid_metrics_sdturbo_top_20260626_104807/0_random_140_000000000002/t_delta_0/cells/t_start_0p6__t_end_0p2.png
2,0_random_140,0.7,0.2,0.0,16.168393,0.213023,/data/home/mirick/ChordEdit/ablation_outputs/grid_metrics_sdturbo_top_20260626_104807/0_random_140_000000000002/t_delta_0/cells/t_start_0p7__t_end_0p2.png
2,0_random_140,0.8,0.2,0.0,15.601568,0.197434,/data/home/mirick/ChordEdit/ablation_outputs/grid_metrics_sdturbo_top_20260626_104807/0_random_140_000000000002/t_delta_0/cells/t_start_0p8__t_end_0p2.png
2,0_random_140,0.9,0.2,0.0,15.213056,0.15733,/data/home/mirick/ChordEdit/ablation_outputs/grid_metrics_sdturbo_top_20260626_104807/0_random_140_000000000002/t_delta_0/cells/t_start_0p9__t_end_0p2.png
2,0_random_140,1.0,0.2,0.0,16.435963,0.156679,/data/home/mirick/ChordEdit/ablation_outputs/grid_metrics_sdturbo_top_20260626_104807/0_random_140_000000000002/t_delta_0/cells/t_start_1p0__t_end_0p2.png
2,0_random_140,0.0,0.3,0.0,21.465608,0.133567,/data/home/mirick/ChordEdit/ablation_outputs/grid_metrics_sdturbo_top_20260626_104807/0_random_140_000000000002/t_delta_0/cells/t_start_0p0__t_end_0p3.png
2,0_random_140,0.1,0.3,0.0,21.418673,0.131613,/data/home/mirick/ChordEdit/ablation_outputs/grid_metrics_sdturbo_top_20260626_104807/0_random_140_000000000002/t_delta_0/cells/t_start_0p1__t_end_0p3.png
2,0_random_140,0.2,0.3,0.0,21.302743,0.128951,/data/home/mirick/ChordEdit/ablation_outputs/grid_metrics_sdturbo_top_20260626_104807/0_random_140_000000000002/t_delta_0/cells/t_start_0p2__t_end_0p3.png
2,0_random_140,0.3,0.3,0.0,20.881604,0.129475,/data/home/mirick/ChordEdit/ablation_outputs/grid_metrics_sdturbo_top_20260626_104807/0_random_140_000000000002/t_delta_0/cells/t_start_0p3__t_end_0p3.png
2,0_random_140,0.4,0.3,0.0,19.752595,0.197407,/data/home/mirick/ChordEdit/ablation_outputs/grid_metrics_sdturbo_top_20260626_104807/0_random_140_000000000002/t_delta_0/cells/t_start_0p4__t_end_0p3.png
2,0_random_140,0.5,0.3,0.0,19.018081,0.212599,/data/home/mirick/ChordEdit/ablation_outputs/grid_metrics_sdturbo_top_20260626_104807/0_random_140_000000000002/t_delta_0/cells/t_start_0p5__t_end_0p3.png
2,0_random_140,0.6,0.3,0.0,17.773843,0.227695,/data/home/mirick/ChordEdit/ablation_outputs/grid_metrics_sdturbo_top_20260626_104807/0_random_140_000000000002/t_delta_0/cells/t_start_0p6__t_end_0p3.png
2,0_random_140,0.7,0.3,0.0,15.581944,0.206433,/data/home/mirick/ChordEdit/ablation_outputs/grid_metrics_sdturbo_top_20260626_104807/0_random_140_000000000002/t_delta_0/cells/t_start_0p7__t_end_0p3.png
2,0_random_140,0.8,0.3,0.0,15.229218,0.217819,/data/home/mirick/ChordEdit/ablation_outputs/grid_metrics_sdturbo_top_20260626_104807/0_random_140_000000000002/t_delta_0/cells/t_start_0p8__t_end_0p3.png
2,0_random_140,0.9,0.3,0.0,15.134464,0.198728,/data/home/mirick/ChordEdit/ablation_outputs/grid_metrics_sdturbo_top_20260626_104807/0_random_140_000000000002/t_delta_0/cells/t_start_0p9__t_end_0p3.png
2,0_random_140,1.0,0.3,0.0,16.360028,0.1667,/data/home/mirick/ChordEdit/ablation_outputs/grid_metrics_sdturbo_top_20260626_104807/0_random_140_000000000002/t_delta_0/cells/t_start_1p0__t_end_0p3.png
2,0_random_140,0.0,0.4,0.0,19.100985,0.160648,/data/home/mirick/ChordEdit/ablation_outputs/grid_metrics_sdturbo_top_20260626_104807/0_random_140_000000000002/t_delta_0/cells/t_start_0p0__t_end_0p4.png
2,0_random_140,0.1,0.4,0.0,19.07812,0.164948,/data/home/mirick/ChordEdit/ablation_outputs/grid_metrics_sdturbo_top_20260626_104807/0_random_140_000000000002/t_delta_0/cells/t_start_0p1__t_end_0p4.png
2,0_random_140,0.2,0.4,0.0,19.016172,0.179008,/data/home/mirick/ChordEdit/ablation_outputs/grid_metrics_sdturbo_top_20260626_104807/0_random_140_000000000002/t_delta_0/cells/t_start_0p2__t_end_0p4.png
2,0_random_140,0.3,0.4,0.0,18.86955,0.206283,/data/home/mirick/ChordEdit/ablation_outputs/grid_metrics_sdturbo_top_20260626_104807/0_random_140_000000000002/t_delta_0/cells/t_start_0p3__t_end_0p4.png
2,0_random_140,0.4,0.4,0.0,18.208066,0.24318,/data/home/mirick/ChordEdit/ablation_outputs/grid_metrics_sdturbo_top_20260626_104807/0_random_140_000000000002/t_delta_0/cells/t_start_0p4__t_end_0p4.png
2,0_random_140,0.5,0.4,0.0,17.439179,0.209081,/data/home/mirick/ChordEdit/ablation_outputs/grid_metrics_sdturbo_top_20260626_104807/0_random_140_000000000002/t_delta_0/cells/t_start_0p5__t_end_0p4.png
2,0_random_140,0.6,0.4,0.0,16.629156,0.206357,/data/home/mirick/ChordEdit/ablation_outputs/grid_metrics_sdturbo_top_20260626_104807/0_random_140_000000000002/t_delta_0/cells/t_start_0p6__t_end_0p4.png
2,0_random_140,0.7,0.4,0.0,15.031554,0.203977,/data/home/mirick/ChordEdit/ablation_outputs/grid_metrics_sdturbo_top_20260626_104807/0_random_140_000000000002/t_delta_0/cells/t_start_0p7__t_end_0p4.png
2,0_random_140,0.8,0.4,0.0,14.721916,0.21724,/data/home/mirick/ChordEdit/ablation_outputs/grid_metrics_sdturbo_top_20260626_104807/0_random_140_000000000002/t_delta_0/cells/t_start_0p8__t_end_0p4.png
2,0_random_140,0.9,0.4,0.0,14.969567,0.203197,/data/home/mirick/ChordEdit/ablation_outputs/grid_metrics_sdturbo_top_20260626_104807/0_random_140_000000000002/t_delta_0/cells/t_start_0p9__t_end_0p4.png
2,0_random_140,1.0,0.4,0.0,15.902737,0.231225,/data/home/mirick/ChordEdit/ablation_outputs/grid_metrics_sdturbo_top_20260626_104807/0_random_140_000000000002/t_delta_0/cells/t_start_1p0__t_end_0p4.png
2,0_random_140,0.0,0.5,0.0,17.220351,0.226102,/data/home/mirick/ChordEdit/ablation_outputs/grid_metrics_sdturbo_top_20260626_104807/0_random_140_000000000002/t_delta_0/cells/t_start_0p0__t_end_0p5.png
2,0_random_140,0.1,0.5,0.0,17.200956,0.226463,/data/home/mirick/ChordEdit/ablation_outputs/grid_metrics_sdturbo_top_20260626_104807/0_random_140_000000000002/t_delta_0/cells/t_start_0p1__t_end_0p5.png
2,0_random_140,0.2,0.5,0.0,17.15997,0.225492,/data/home/mirick/ChordEdit/ablation_outputs/grid_metrics_sdturbo_top_20260626_104807/0_random_140_000000000002/t_delta_0/cells/t_start_0p2__t_end_0p5.png
2,0_random_140,0.3,0.5,0.0,17.076277,0.215442,/data/home/mirick/ChordEdit/ablation_outputs/grid_metrics_sdturbo_top_20260626_104807/0_random_140_000000000002/t_delta_0/cells/t_start_0p3__t_end_0p5.png
2,0_random_140,0.4,0.5,0.0,16.876348,0.213956,/data/home/mirick/ChordEdit/ablation_outputs/grid_metrics_sdturbo_top_20260626_104807/0_random_140_000000000002/t_delta_0/cells/t_start_0p4__t_end_0p5.png
2,0_random_140,0.5,0.5,0.0,16.1868,0.231341,/data/home/mirick/ChordEdit/ablation_outputs/grid_metrics_sdturbo_top_20260626_104807/0_random_140_000000000002/t_delta_0/cells/t_start_0p5__t_end_0p5.png
2,0_random_140,0.6,0.5,0.0,15.596913,0.215438,/data/home/mirick/ChordEdit/ablation_outputs/grid_metrics_sdturbo_top_20260626_104807/0_random_140_000000000002/t_delta_0/cells/t_start_0p6__t_end_0p5.png
2,0_random_140,0.7,0.5,0.0,14.304715,0.192621,/data/home/mirick/ChordEdit/ablation_outputs/grid_metrics_sdturbo_top_20260626_104807/0_random_140_000000000002/t_delta_0/cells/t_start_0p7__t_end_0p5.png
2,0_random_140,0.8,0.5,0.0,13.865225,0.211912,/data/home/mirick/ChordEdit/ablation_outputs/grid_metrics_sdturbo_top_20260626_104807/0_random_140_000000000002/t_delta_0/cells/t_start_0p8__t_end_0p5.png
2,0_random_140,0.9,0.5,0.0,14.206042,0.204504,/data/home/mirick/ChordEdit/ablation_outputs/grid_metrics_sdturbo_top_20260626_104807/0_random_140_000000000002/t_delta_0/cells/t_start_0p9__t_end_0p5.png
2,0_random_140,1.0,0.5,0.0,14.992216,0.22453,/data/home/mirick/ChordEdit/ablation_outputs/grid_metrics_sdturbo_top_20260626_104807/0_random_140_000000000002/t_delta_0/cells/t_start_1p0__t_end_0p5.png
2,0_random_140,0.0,0.6,0.0,15.32923,0.225261,/data/home/mirick/ChordEdit/ablation_outputs/grid_metrics_sdturbo_top_20260626_104807/0_random_140_000000000002/t_delta_0/cells/t_start_0p0__t_end_0p6.png
2,0_random_140,0.1,0.6,0.0,15.326013,0.225597,/data/home/mirick/ChordEdit/ablation_outputs/grid_metrics_sdturbo_top_20260626_104807/0_random_140_000000000002/t_delta_0/cells/t_start_0p1__t_end_0p6.png
2,0_random_140,0.2,0.6,0.0,15.315039,0.222183,/data/home/mirick/ChordEdit/ablation_outputs/grid_metrics_sdturbo_top_20260626_104807/0_random_140_000000000002/t_delta_0/cells/t_start_0p2__t_end_0p6.png
2,0_random_140,0.3,0.6,0.0,15.217167,0.212888,/data/home/mirick/ChordEdit/ablation_outputs/grid_metrics_sdturbo_top_20260626_104807/0_random_140_000000000002/t_delta_0/cells/t_start_0p3__t_end_0p6.png
2,0_random_140,0.4,0.6,0.0,15.251511,0.20582,/data/home/mirick/ChordEdit/ablation_outputs/grid_metrics_sdturbo_top_20260626_104807/0_random_140_000000000002/t_delta_0/cells/t_start_0p4__t_end_0p6.png
2,0_random_140,0.5,0.6,0.0,14.876613,0.201839,/data/home/mirick/ChordEdit/ablation_outputs/grid_metrics_sdturbo_top_20260626_104807/0_random_140_000000000002/t_delta_0/cells/t_start_0p5__t_end_0p6.png
2,0_random_140,0.6,0.6,0.0,14.451021,0.207468,/data/home/mirick/ChordEdit/ablation_outputs/grid_metrics_sdturbo_top_20260626_104807/0_random_140_000000000002/t_delta_0/cells/t_start_0p6__t_end_0p6.png
2,0_random_140,0.7,0.6,0.0,13.463904,0.192302,/data/home/mirick/ChordEdit/ablation_outputs/grid_metrics_sdturbo_top_20260626_104807/0_random_140_000000000002/t_delta_0/cells/t_start_0p7__t_end_0p6.png
2,0_random_140,0.8,0.6,0.0,13.084338,0.21738,/data/home/mirick/ChordEdit/ablation_outputs/grid_metrics_sdturbo_top_20260626_104807/0_random_140_000000000002/t_delta_0/cells/t_start_0p8__t_end_0p6.png
2,0_random_140,0.9,0.6,0.0,13.690664,0.210206,/data/home/mirick/ChordEdit/ablation_outputs/grid_metrics_sdturbo_top_20260626_104807/0_random_140_000000000002/t_delta_0/cells/t_start_0p9__t_end_0p6.png
2,0_random_140,1.0,0.6,0.0,13.970305,0.211706,/data/home/mirick/ChordEdit/ablation_outputs/grid_metrics_sdturbo_top_20260626_104807/0_random_140_000000000002/t_delta_0/cells/t_start_1p0__t_end_0p6.png
2,0_random_140,0.0,0.7,0.0,13.133875,0.191613,/data/home/mirick/ChordEdit/ablation_outputs/grid_metrics_sdturbo_top_20260626_104807/0_random_140_000000000002/t_delta_0/cells/t_start_0p0__t_end_0p7.png
2,0_random_140,0.1,0.7,0.0,13.122917,0.192835,/data/home/mirick/ChordEdit/ablation_outputs/grid_metrics_sdturbo_top_20260626_104807/0_random_140_000000000002/t_delta_0/cells/t_start_0p1__t_end_0p7.png
2,0_random_140,0.2,0.7,0.0,13.126423,0.192581,/data/home/mirick/ChordEdit/ablation_outputs/grid_metrics_sdturbo_top_20260626_104807/0_random_140_000000000002/t_delta_0/cells/t_start_0p2__t_end_0p7.png
2,0_random_140,0.3,0.7,0.0,13.13123,0.196092,/data/home/mirick/ChordEdit/ablation_outputs/grid_metrics_sdturbo_top_20260626_104807/0_random_140_000000000002/t_delta_0/cells/t_start_0p3__t_end_0p7.png
2,0_random_140,0.4,0.7,0.0,13.351043,0.193659,/data/home/mirick/ChordEdit/ablation_outputs/grid_metrics_sdturbo_top_20260626_104807/0_random_140_000000000002/t_delta_0/cells/t_start_0p4__t_end_0p7.png
2,0_random_140,0.5,0.7,0.0,13.388545,0.200324,/data/home/mirick/ChordEdit/ablation_outputs/grid_metrics_sdturbo_top_20260626_104807/0_random_140_000000000002/t_delta_0/cells/t_start_0p5__t_end_0p7.png
2,0_random_140,0.6,0.7,0.0,13.38652,0.211555,/data/home/mirick/ChordEdit/ablation_outputs/grid_metrics_sdturbo_top_20260626_104807/0_random_140_000000000002/t_delta_0/cells/t_start_0p6__t_end_0p7.png
2,0_random_140,0.7,0.7,0.0,12.42442,0.21419,/data/home/mirick/ChordEdit/ablation_outputs/grid_metrics_sdturbo_top_20260626_104807/0_random_140_000000000002/t_delta_0/cells/t_start_0p7__t_end_0p7.png
2,0_random_140,0.8,0.7,0.0,12.269534,0.228481,/data/home/mirick/ChordEdit/ablation_outputs/grid_metrics_sdturbo_top_20260626_104807/0_random_140_000000000002/t_delta_0/cells/t_start_0p8__t_end_0p7.png
2,0_random_140,0.9,0.7,0.0,12.406982,0.177985,/data/home/mirick/ChordEdit/ablation_outputs/grid_metrics_sdturbo_top_20260626_104807/0_random_140_000000000002/t_delta_0/cells/t_start_0p9__t_end_0p7.png
2,0_random_140,1.0,0.7,0.0,12.498371,0.20685,/data/home/mirick/ChordEdit/ablation_outputs/grid_metrics_sdturbo_top_20260626_104807/0_random_140_000000000002/t_delta_0/cells/t_start_1p0__t_end_0p7.png
2,0_random_140,0.0,0.8,0.0,11.806387,0.213423,/data/home/mirick/ChordEdit/ablation_outputs/grid_metrics_sdturbo_top_20260626_104807/0_random_140_000000000002/t_delta_0/cells/t_start_0p0__t_end_0p8.png
2,0_random_140,0.1,0.8,0.0,11.813526,0.213841,/data/home/mirick/ChordEdit/ablation_outputs/grid_metrics_sdturbo_top_20260626_104807/0_random_140_000000000002/t_delta_0/cells/t_start_0p1__t_end_0p8.png
2,0_random_140,0.2,0.8,0.0,11.829872,0.21545,/data/home/mirick/ChordEdit/ablation_outputs/grid_metrics_sdturbo_top_20260626_104807/0_random_140_000000000002/t_delta_0/cells/t_start_0p2__t_end_0p8.png
2,0_random_140,0.3,0.8,0.0,11.706151,0.208169,/data/home/mirick/ChordEdit/ablation_outputs/grid_metrics_sdturbo_top_20260626_104807/0_random_140_000000000002/t_delta_0/cells/t_start_0p3__t_end_0p8.png
2,0_random_140,0.4,0.8,0.0,11.77137,0.209421,/data/home/mirick/ChordEdit/ablation_outputs/grid_metrics_sdturbo_top_20260626_104807/0_random_140_000000000002/t_delta_0/cells/t_start_0p4__t_end_0p8.png
2,0_random_140,0.5,0.8,0.0,11.89964,0.21533,/data/home/mirick/ChordEdit/ablation_outputs/grid_metrics_sdturbo_top_20260626_104807/0_random_140_000000000002/t_delta_0/cells/t_start_0p5__t_end_0p8.png
2,0_random_140,0.6,0.8,0.0,12.074184,0.215969,/data/home/mirick/ChordEdit/ablation_outputs/grid_metrics_sdturbo_top_20260626_104807/0_random_140_000000000002/t_delta_0/cells/t_start_0p6__t_end_0p8.png
2,0_random_140,0.7,0.8,0.0,11.833267,0.227254,/data/home/mirick/ChordEdit/ablation_outputs/grid_metrics_sdturbo_top_20260626_104807/0_random_140_000000000002/t_delta_0/cells/t_start_0p7__t_end_0p8.png
2,0_random_140,0.8,0.8,0.0,11.239358,0.227997,/data/home/mirick/ChordEdit/ablation_outputs/grid_metrics_sdturbo_top_20260626_104807/0_random_140_000000000002/t_delta_0/cells/t_start_0p8__t_end_0p8.png
2,0_random_140,0.9,0.8,0.0,11.555474,0.18533,/data/home/mirick/ChordEdit/ablation_outputs/grid_metrics_sdturbo_top_20260626_104807/0_random_140_000000000002/t_delta_0/cells/t_start_0p9__t_end_0p8.png
2,0_random_140,1.0,0.8,0.0,10.947368,0.196393,/data/home/mirick/ChordEdit/ablation_outputs/grid_metrics_sdturbo_top_20260626_104807/0_random_140_000000000002/t_delta_0/cells/t_start_1p0__t_end_0p8.png
2,0_random_140,0.0,0.9,0.0,10.061776,0.238039,/data/home/mirick/ChordEdit/ablation_outputs/grid_metrics_sdturbo_top_20260626_104807/0_random_140_000000000002/t_delta_0/cells/t_start_0p0__t_end_0p9.png
2,0_random_140,0.1,0.9,0.0,10.053704,0.235479,/data/home/mirick/ChordEdit/ablation_outputs/grid_metrics_sdturbo_top_20260626_104807/0_random_140_000000000002/t_delta_0/cells/t_start_0p1__t_end_0p9.png
2,0_random_140,0.2,0.9,0.0,10.028298,0.249635,/data/home/mirick/ChordEdit/ablation_outputs/grid_metrics_sdturbo_top_20260626_104807/0_random_140_000000000002/t_delta_0/cells/t_start_0p2__t_end_0p9.png
2,0_random_140,0.3,0.9,0.0,9.935091,0.252536,/data/home/mirick/ChordEdit/ablation_outputs/grid_metrics_sdturbo_top_20260626_104807/0_random_140_000000000002/t_delta_0/cells/t_start_0p3__t_end_0p9.png
2,0_random_140,0.4,0.9,0.0,9.892414,0.237769,/data/home/mirick/ChordEdit/ablation_outputs/grid_metrics_sdturbo_top_20260626_104807/0_random_140_000000000002/t_delta_0/cells/t_start_0p4__t_end_0p9.png
2,0_random_140,0.5,0.9,0.0,9.944269,0.229321,/data/home/mirick/ChordEdit/ablation_outputs/grid_metrics_sdturbo_top_20260626_104807/0_random_140_000000000002/t_delta_0/cells/t_start_0p5__t_end_0p9.png
2,0_random_140,0.6,0.9,0.0,9.876508,0.224368,/data/home/mirick/ChordEdit/ablation_outputs/grid_metrics_sdturbo_top_20260626_104807/0_random_140_000000000002/t_delta_0/cells/t_start_0p6__t_end_0p9.png
2,0_random_140,0.7,0.9,0.0,10.377471,0.247344,/data/home/mirick/ChordEdit/ablation_outputs/grid_metrics_sdturbo_top_20260626_104807/0_random_140_000000000002/t_delta_0/cells/t_start_0p7__t_end_0p9.png
2,0_random_140,0.8,0.9,0.0,10.788269,0.226739,/data/home/mirick/ChordEdit/ablation_outputs/grid_metrics_sdturbo_top_20260626_104807/0_random_140_000000000002/t_delta_0/cells/t_start_0p8__t_end_0p9.png
2,0_random_140,0.9,0.9,0.0,9.999327,0.194266,/data/home/mirick/ChordEdit/ablation_outputs/grid_metrics_sdturbo_top_20260626_104807/0_random_140_000000000002/t_delta_0/cells/t_start_0p9__t_end_0p9.png
2,0_random_140,1.0,0.9,0.0,10.284655,0.223749,/data/home/mirick/ChordEdit/ablation_outputs/grid_metrics_sdturbo_top_20260626_104807/0_random_140_000000000002/t_delta_0/cells/t_start_1p0__t_end_0p9.png
2,0_random_140,0.0,1.0,0.0,9.928416,0.212475,/data/home/mirick/ChordEdit/ablation_outputs/grid_metrics_sdturbo_top_20260626_104807/0_random_140_000000000002/t_delta_0/cells/t_start_0p0__t_end_1p0.png
2,0_random_140,0.1,1.0,0.0,9.92528,0.208209,/data/home/mirick/ChordEdit/ablation_outputs/grid_metrics_sdturbo_top_20260626_104807/0_random_140_000000000002/t_delta_0/cells/t_start_0p1__t_end_1p0.png
2,0_random_140,0.2,1.0,0.0,9.924273,0.206281,/data/home/mirick/ChordEdit/ablation_outputs/grid_metrics_sdturbo_top_20260626_104807/0_random_140_000000000002/t_delta_0/cells/t_start_0p2__t_end_1p0.png
2,0_random_140,0.3,1.0,0.0,9.91417,0.209119,/data/home/mirick/ChordEdit/ablation_outputs/grid_metrics_sdturbo_top_20260626_104807/0_random_140_000000000002/t_delta_0/cells/t_start_0p3__t_end_1p0.png
2,0_random_140,0.4,1.0,0.0,9.886233,0.223318,/data/home/mirick/ChordEdit/ablation_outputs/grid_metrics_sdturbo_top_20260626_104807/0_random_140_000000000002/t_delta_0/cells/t_start_0p4__t_end_1p0.png
2,0_random_140,0.5,1.0,0.0,9.85201,0.231468,/data/home/mirick/ChordEdit/ablation_outputs/grid_metrics_sdturbo_top_20260626_104807/0_random_140_000000000002/t_delta_0/cells/t_start_0p5__t_end_1p0.png
2,0_random_140,0.6,1.0,0.0,9.736456,0.226126,/data/home/mirick/ChordEdit/ablation_outputs/grid_metrics_sdturbo_top_20260626_104807/0_random_140_000000000002/t_delta_0/cells/t_start_0p6__t_end_1p0.png
2,0_random_140,0.7,1.0,0.0,9.764139,0.196419,/data/home/mirick/ChordEdit/ablation_outputs/grid_metrics_sdturbo_top_20260626_104807/0_random_140_000000000002/t_delta_0/cells/t_start_0p7__t_end_1p0.png
2,0_random_140,0.8,1.0,0.0,9.992195,0.196799,/data/home/mirick/ChordEdit/ablation_outputs/grid_metrics_sdturbo_top_20260626_104807/0_random_140_000000000002/t_delta_0/cells/t_start_0p8__t_end_1p0.png
2,0_random_140,0.9,1.0,0.0,9.791457,0.248864,/data/home/mirick/ChordEdit/ablation_outputs/grid_metrics_sdturbo_top_20260626_104807/0_random_140_000000000002/t_delta_0/cells/t_start_0p9__t_end_1p0.png
2,0_random_140,1.0,1.0,0.0,9.93773,0.214466,/data/home/mirick/ChordEdit/ablation_outputs/grid_metrics_sdturbo_top_20260626_104807/0_random_140_000000000002/t_delta_0/cells/t_start_1p0__t_end_1p0.png
3,0_random_140,0.0,0.0,0.15,27.876728,0.181479,/data/home/mirick/ChordEdit/ablation_outputs/grid_metrics_sdturbo_top_20260626_104807/0_random_140_000000000003/t_delta_0p15/cells/t_start_0p0__t_end_0p0.png
3,0_random_140,0.1,0.0,0.15,27.816732,0.180294,/data/home/mirick/ChordEdit/ablation_outputs/grid_metrics_sdturbo_top_20260626_104807/0_random_140_000000000003/t_delta_0p15/cells/t_start_0p1__t_end_0p0.png
3,0_random_140,0.2,0.0,0.15,27.598616,0.180041,/data/home/mirick/ChordEdit/ablation_outputs/grid_metrics_sdturbo_top_20260626_104807/0_random_140_000000000003/t_delta_0p15/cells/t_start_0p2__t_end_0p0.png
3,0_random_140,0.3,0.0,0.15,27.046911,0.184944,/data/home/mirick/ChordEdit/ablation_outputs/grid_metrics_sdturbo_top_20260626_104807/0_random_140_000000000003/t_delta_0p15/cells/t_start_0p3__t_end_0p0.png
3,0_random_140,0.4,0.0,0.15,26.175469,0.205375,/data/home/mirick/ChordEdit/ablation_outputs/grid_metrics_sdturbo_top_20260626_104807/0_random_140_000000000003/t_delta_0p15/cells/t_start_0p4__t_end_0p0.png
3,0_random_140,0.5,0.0,0.15,24.648269,0.208168,/data/home/mirick/ChordEdit/ablation_outputs/grid_metrics_sdturbo_top_20260626_104807/0_random_140_000000000003/t_delta_0p15/cells/t_start_0p5__t_end_0p0.png
3,0_random_140,0.6,0.0,0.15,22.327862,0.204739,/data/home/mirick/ChordEdit/ablation_outputs/grid_metrics_sdturbo_top_20260626_104807/0_random_140_000000000003/t_delta_0p15/cells/t_start_0p6__t_end_0p0.png
3,0_random_140,0.7,0.0,0.15,19.875625,0.190033,/data/home/mirick/ChordEdit/ablation_outputs/grid_metrics_sdturbo_top_20260626_104807/0_random_140_000000000003/t_delta_0p15/cells/t_start_0p7__t_end_0p0.png
3,0_random_140,0.8,0.0,0.15,17.837127,0.21304,/data/home/mirick/ChordEdit/ablation_outputs/grid_metrics_sdturbo_top_20260626_104807/0_random_140_000000000003/t_delta_0p15/cells/t_start_0p8__t_end_0p0.png
3,0_random_140,0.9,0.0,0.15,17.607386,0.187974,/data/home/mirick/ChordEdit/ablation_outputs/grid_metrics_sdturbo_top_20260626_104807/0_random_140_000000000003/t_delta_0p15/cells/t_start_0p9__t_end_0p0.png
3,0_random_140,1.0,0.0,0.15,16.074992,0.271251,/data/home/mirick/ChordEdit/ablation_outputs/grid_metrics_sdturbo_top_20260626_104807/0_random_140_000000000003/t_delta_0p15/cells/t_start_1p0__t_end_0p0.png
3,0_random_140,0.0,0.1,0.15,24.891638,0.200002,/data/home/mirick/ChordEdit/ablation_outputs/grid_metrics_sdturbo_top_20260626_104807/0_random_140_000000000003/t_delta_0p15/cells/t_start_0p0__t_end_0p1.png
3,0_random_140,0.1,0.1,0.15,24.834563,0.19998,/data/home/mirick/ChordEdit/ablation_outputs/grid_metrics_sdturbo_top_20260626_104807/0_random_140_000000000003/t_delta_0p15/cells/t_start_0p1__t_end_0p1.png
3,0_random_140,0.2,0.1,0.15,24.69996,0.214505,/data/home/mirick/ChordEdit/ablation_outputs/grid_metrics_sdturbo_top_20260626_104807/0_random_140_000000000003/t_delta_0p15/cells/t_start_0p2__t_end_0p1.png
3,0_random_140,0.3,0.1,0.15,24.411758,0.248879,/data/home/mirick/ChordEdit/ablation_outputs/grid_metrics_sdturbo_top_20260626_104807/0_random_140_000000000003/t_delta_0p15/cells/t_start_0p3__t_end_0p1.png
3,0_random_140,0.4,0.1,0.15,23.988406,0.282894,/data/home/mirick/ChordEdit/ablation_outputs/grid_metrics_sdturbo_top_20260626_104807/0_random_140_000000000003/t_delta_0p15/cells/t_start_0p4__t_end_0p1.png
3,0_random_140,0.5,0.1,0.15,23.128323,0.284405,/data/home/mirick/ChordEdit/ablation_outputs/grid_metrics_sdturbo_top_20260626_104807/0_random_140_000000000003/t_delta_0p15/cells/t_start_0p5__t_end_0p1.png
3,0_random_140,0.6,0.1,0.15,21.791277,0.301869,/data/home/mirick/ChordEdit/ablation_outputs/grid_metrics_sdturbo_top_20260626_104807/0_random_140_000000000003/t_delta_0p15/cells/t_start_0p6__t_end_0p1.png
3,0_random_140,0.7,0.1,0.15,19.576319,0.260278,/data/home/mirick/ChordEdit/ablation_outputs/grid_metrics_sdturbo_top_20260626_104807/0_random_140_000000000003/t_delta_0p15/cells/t_start_0p7__t_end_0p1.png
3,0_random_140,0.8,0.1,0.15,17.787215,0.25804,/data/home/mirick/ChordEdit/ablation_outputs/grid_metrics_sdturbo_top_20260626_104807/0_random_140_000000000003/t_delta_0p15/cells/t_start_0p8__t_end_0p1.png
3,0_random_140,0.9,0.1,0.15,17.641983,0.186204,/data/home/mirick/ChordEdit/ablation_outputs/grid_metrics_sdturbo_top_20260626_104807/0_random_140_000000000003/t_delta_0p15/cells/t_start_0p9__t_end_0p1.png
3,0_random_140,1.0,0.1,0.15,16.17437,0.305941,/data/home/mirick/ChordEdit/ablation_outputs/grid_metrics_sdturbo_top_20260626_104807/0_random_140_000000000003/t_delta_0p15/cells/t_start_1p0__t_end_0p1.png
3,0_random_140,0.0,0.2,0.15,23.241704,0.203676,/data/home/mirick/ChordEdit/ablation_outputs/grid_metrics_sdturbo_top_20260626_104807/0_random_140_000000000003/t_delta_0p15/cells/t_start_0p0__t_end_0p2.png
3,0_random_140,0.1,0.2,0.15,23.211221,0.216066,/data/home/mirick/ChordEdit/ablation_outputs/grid_metrics_sdturbo_top_20260626_104807/0_random_140_000000000003/t_delta_0p15/cells/t_start_0p1__t_end_0p2.png
3,0_random_140,0.2,0.2,0.15,23.099001,0.266269,/data/home/mirick/ChordEdit/ablation_outputs/grid_metrics_sdturbo_top_20260626_104807/0_random_140_000000000003/t_delta_0p15/cells/t_start_0p2__t_end_0p2.png
3,0_random_140,0.3,0.2,0.15,22.901448,0.283036,/data/home/mirick/ChordEdit/ablation_outputs/grid_metrics_sdturbo_top_20260626_104807/0_random_140_000000000003/t_delta_0p15/cells/t_start_0p3__t_end_0p2.png
3,0_random_140,0.4,0.2,0.15,22.578643,0.287873,/data/home/mirick/ChordEdit/ablation_outputs/grid_metrics_sdturbo_top_20260626_104807/0_random_140_000000000003/t_delta_0p15/cells/t_start_0p4__t_end_0p2.png
3,0_random_140,0.5,0.2,0.15,21.956719,0.305287,/data/home/mirick/ChordEdit/ablation_outputs/grid_metrics_sdturbo_top_20260626_104807/0_random_140_000000000003/t_delta_0p15/cells/t_start_0p5__t_end_0p2.png
3,0_random_140,0.6,0.2,0.15,21.002557,0.292782,/data/home/mirick/ChordEdit/ablation_outputs/grid_metrics_sdturbo_top_20260626_104807/0_random_140_000000000003/t_delta_0p15/cells/t_start_0p6__t_end_0p2.png
3,0_random_140,0.7,0.2,0.15,19.134478,0.292529,/data/home/mirick/ChordEdit/ablation_outputs/grid_metrics_sdturbo_top_20260626_104807/0_random_140_000000000003/t_delta_0p15/cells/t_start_0p7__t_end_0p2.png
3,0_random_140,0.8,0.2,0.15,17.668092,0.291285,/data/home/mirick/ChordEdit/ablation_outputs/grid_metrics_sdturbo_top_20260626_104807/0_random_140_000000000003/t_delta_0p15/cells/t_start_0p8__t_end_0p2.png
3,0_random_140,0.9,0.2,0.15,17.521597,0.272958,/data/home/mirick/ChordEdit/ablation_outputs/grid_metrics_sdturbo_top_20260626_104807/0_random_140_000000000003/t_delta_0p15/cells/t_start_0p9__t_end_0p2.png
3,0_random_140,1.0,0.2,0.15,16.106689,0.316208,/data/home/mirick/ChordEdit/ablation_outputs/grid_metrics_sdturbo_top_20260626_104807/0_random_140_000000000003/t_delta_0p15/cells/t_start_1p0__t_end_0p2.png
3,0_random_140,0.0,0.3,0.15,21.654917,0.309991,/data/home/mirick/ChordEdit/ablation_outputs/grid_metrics_sdturbo_top_20260626_104807/0_random_140_000000000003/t_delta_0p15/cells/t_start_0p0__t_end_0p3.png
3,0_random_140,0.1,0.3,0.15,21.629901,0.30931,/data/home/mirick/ChordEdit/ablation_outputs/grid_metrics_sdturbo_top_20260626_104807/0_random_140_000000000003/t_delta_0p15/cells/t_start_0p1__t_end_0p3.png
3,0_random_140,0.2,0.3,0.15,21.572218,0.309856,/data/home/mirick/ChordEdit/ablation_outputs/grid_metrics_sdturbo_top_20260626_104807/0_random_140_000000000003/t_delta_0p15/cells/t_start_0p2__t_end_0p3.png
3,0_random_140,0.3,0.3,0.15,21.334265,0.307525,/data/home/mirick/ChordEdit/ablation_outputs/grid_metrics_sdturbo_top_20260626_104807/0_random_140_000000000003/t_delta_0p15/cells/t_start_0p3__t_end_0p3.png
3,0_random_140,0.4,0.3,0.15,21.204518,0.307974,/data/home/mirick/ChordEdit/ablation_outputs/grid_metrics_sdturbo_top_20260626_104807/0_random_140_000000000003/t_delta_0p15/cells/t_start_0p4__t_end_0p3.png
3,0_random_140,0.5,0.3,0.15,20.625505,0.309083,/data/home/mirick/ChordEdit/ablation_outputs/grid_metrics_sdturbo_top_20260626_104807/0_random_140_000000000003/t_delta_0p15/cells/t_start_0p5__t_end_0p3.png
3,0_random_140,0.6,0.3,0.15,19.814604,0.297672,/data/home/mirick/ChordEdit/ablation_outputs/grid_metrics_sdturbo_top_20260626_104807/0_random_140_000000000003/t_delta_0p15/cells/t_start_0p6__t_end_0p3.png
3,0_random_140,0.7,0.3,0.15,18.34897,0.286152,/data/home/mirick/ChordEdit/ablation_outputs/grid_metrics_sdturbo_top_20260626_104807/0_random_140_000000000003/t_delta_0p15/cells/t_start_0p7__t_end_0p3.png
3,0_random_140,0.8,0.3,0.15,17.306665,0.251304,/data/home/mirick/ChordEdit/ablation_outputs/grid_metrics_sdturbo_top_20260626_104807/0_random_140_000000000003/t_delta_0p15/cells/t_start_0p8__t_end_0p3.png
3,0_random_140,0.9,0.3,0.15,17.131436,0.302529,/data/home/mirick/ChordEdit/ablation_outputs/grid_metrics_sdturbo_top_20260626_104807/0_random_140_000000000003/t_delta_0p15/cells/t_start_0p9__t_end_0p3.png
3,0_random_140,1.0,0.3,0.15,15.775566,0.314372,/data/home/mirick/ChordEdit/ablation_outputs/grid_metrics_sdturbo_top_20260626_104807/0_random_140_000000000003/t_delta_0p15/cells/t_start_1p0__t_end_0p3.png
3,0_random_140,0.0,0.4,0.15,19.945336,0.307485,/data/home/mirick/ChordEdit/ablation_outputs/grid_metrics_sdturbo_top_20260626_104807/0_random_140_000000000003/t_delta_0p15/cells/t_start_0p0__t_end_0p4.png
3,0_random_140,0.1,0.4,0.15,19.926493,0.30764,/data/home/mirick/ChordEdit/ablation_outputs/grid_metrics_sdturbo_top_20260626_104807/0_random_140_000000000003/t_delta_0p15/cells/t_start_0p1__t_end_0p4.png
3,0_random_140,0.2,0.4,0.15,19.900854,0.306744,/data/home/mirick/ChordEdit/ablation_outputs/grid_metrics_sdturbo_top_20260626_104807/0_random_140_000000000003/t_delta_0p15/cells/t_start_0p2__t_end_0p4.png
3,0_random_140,0.3,0.4,0.15,19.798236,0.304469,/data/home/mirick/ChordEdit/ablation_outputs/grid_metrics_sdturbo_top_20260626_104807/0_random_140_000000000003/t_delta_0p15/cells/t_start_0p3__t_end_0p4.png
3,0_random_140,0.4,0.4,0.15,19.569673,0.301288,/data/home/mirick/ChordEdit/ablation_outputs/grid_metrics_sdturbo_top_20260626_104807/0_random_140_000000000003/t_delta_0p15/cells/t_start_0p4__t_end_0p4.png
3,0_random_140,0.5,0.4,0.15,19.090342,0.29222,/data/home/mirick/ChordEdit/ablation_outputs/grid_metrics_sdturbo_top_20260626_104807/0_random_140_000000000003/t_delta_0p15/cells/t_start_0p5__t_end_0p4.png
3,0_random_140,0.6,0.4,0.15,18.51404,0.298592,/data/home/mirick/ChordEdit/ablation_outputs/grid_metrics_sdturbo_top_20260626_104807/0_random_140_000000000003/t_delta_0p15/cells/t_start_0p6__t_end_0p4.png
3,0_random_140,0.7,0.4,0.15,17.269418,0.302787,/data/home/mirick/ChordEdit/ablation_outputs/grid_metrics_sdturbo_top_20260626_104807/0_random_140_000000000003/t_delta_0p15/cells/t_start_0p7__t_end_0p4.png
3,0_random_140,0.8,0.4,0.15,16.47644,0.291176,/data/home/mirick/ChordEdit/ablation_outputs/grid_metrics_sdturbo_top_20260626_104807/0_random_140_000000000003/t_delta_0p15/cells/t_start_0p8__t_end_0p4.png
3,0_random_140,0.9,0.4,0.15,16.358248,0.302693,/data/home/mirick/ChordEdit/ablation_outputs/grid_metrics_sdturbo_top_20260626_104807/0_random_140_000000000003/t_delta_0p15/cells/t_start_0p9__t_end_0p4.png
3,0_random_140,1.0,0.4,0.15,15.164411,0.302337,/data/home/mirick/ChordEdit/ablation_outputs/grid_metrics_sdturbo_top_20260626_104807/0_random_140_000000000003/t_delta_0p15/cells/t_start_1p0__t_end_0p4.png
3,0_random_140,0.0,0.5,0.15,17.808342,0.296789,/data/home/mirick/ChordEdit/ablation_outputs/grid_metrics_sdturbo_top_20260626_104807/0_random_140_000000000003/t_delta_0p15/cells/t_start_0p0__t_end_0p5.png
3,0_random_140,0.1,0.5,0.15,17.783331,0.29583,/data/home/mirick/ChordEdit/ablation_outputs/grid_metrics_sdturbo_top_20260626_104807/0_random_140_000000000003/t_delta_0p15/cells/t_start_0p1__t_end_0p5.png
3,0_random_140,0.2,0.5,0.15,17.772619,0.297237,/data/home/mirick/ChordEdit/ablation_outputs/grid_metrics_sdturbo_top_20260626_104807/0_random_140_000000000003/t_delta_0p15/cells/t_start_0p2__t_end_0p5.png
3,0_random_140,0.3,0.5,0.15,17.754457,0.295098,/data/home/mirick/ChordEdit/ablation_outputs/grid_metrics_sdturbo_top_20260626_104807/0_random_140_000000000003/t_delta_0p15/cells/t_start_0p3__t_end_0p5.png
3,0_random_140,0.4,0.5,0.15,17.764247,0.298332,/data/home/mirick/ChordEdit/ablation_outputs/grid_metrics_sdturbo_top_20260626_104807/0_random_140_000000000003/t_delta_0p15/cells/t_start_0p4__t_end_0p5.png
3,0_random_140,0.5,0.5,0.15,17.318056,0.294577,/data/home/mirick/ChordEdit/ablation_outputs/grid_metrics_sdturbo_top_20260626_104807/0_random_140_000000000003/t_delta_0p15/cells/t_start_0p5__t_end_0p5.png
3,0_random_140,0.6,0.5,0.15,17.041082,0.284031,/data/home/mirick/ChordEdit/ablation_outputs/grid_metrics_sdturbo_top_20260626_104807/0_random_140_000000000003/t_delta_0p15/cells/t_start_0p6__t_end_0p5.png
3,0_random_140,0.7,0.5,0.15,16.302658,0.271854,/data/home/mirick/ChordEdit/ablation_outputs/grid_metrics_sdturbo_top_20260626_104807/0_random_140_000000000003/t_delta_0p15/cells/t_start_0p7__t_end_0p5.png
3,0_random_140,0.8,0.5,0.15,15.615743,0.259794,/data/home/mirick/ChordEdit/ablation_outputs/grid_metrics_sdturbo_top_20260626_104807/0_random_140_000000000003/t_delta_0p15/cells/t_start_0p8__t_end_0p5.png
3,0_random_140,0.9,0.5,0.15,15.489094,0.301918,/data/home/mirick/ChordEdit/ablation_outputs/grid_metrics_sdturbo_top_20260626_104807/0_random_140_000000000003/t_delta_0p15/cells/t_start_0p9__t_end_0p5.png
3,0_random_140,1.0,0.5,0.15,14.524202,0.299708,/data/home/mirick/ChordEdit/ablation_outputs/grid_metrics_sdturbo_top_20260626_104807/0_random_140_000000000003/t_delta_0p15/cells/t_start_1p0__t_end_0p5.png
3,0_random_140,0.0,0.6,0.15,16.125016,0.288791,/data/home/mirick/ChordEdit/ablation_outputs/grid_metrics_sdturbo_top_20260626_104807/0_random_140_000000000003/t_delta_0p15/cells/t_start_0p0__t_end_0p6.png
3,0_random_140,0.1,0.6,0.15,16.123544,0.294649,/data/home/mirick/ChordEdit/ablation_outputs/grid_metrics_sdturbo_top_20260626_104807/0_random_140_000000000003/t_delta_0p15/cells/t_start_0p1__t_end_0p6.png
3,0_random_140,0.2,0.6,0.15,16.154238,0.275593,/data/home/mirick/ChordEdit/ablation_outputs/grid_metrics_sdturbo_top_20260626_104807/0_random_140_000000000003/t_delta_0p15/cells/t_start_0p2__t_end_0p6.png
3,0_random_140,0.3,0.6,0.15,16.116029,0.262197,/data/home/mirick/ChordEdit/ablation_outputs/grid_metrics_sdturbo_top_20260626_104807/0_random_140_000000000003/t_delta_0p15/cells/t_start_0p3__t_end_0p6.png
3,0_random_140,0.4,0.6,0.15,16.148698,0.269187,/data/home/mirick/ChordEdit/ablation_outputs/grid_metrics_sdturbo_top_20260626_104807/0_random_140_000000000003/t_delta_0p15/cells/t_start_0p4__t_end_0p6.png
3,0_random_140,0.5,0.6,0.15,16.008827,0.285635,/data/home/mirick/ChordEdit/ablation_outputs/grid_metrics_sdturbo_top_20260626_104807/0_random_140_000000000003/t_delta_0p15/cells/t_start_0p5__t_end_0p6.png
3,0_random_140,0.6,0.6,0.15,15.980816,0.267272,/data/home/mirick/ChordEdit/ablation_outputs/grid_metrics_sdturbo_top_20260626_104807/0_random_140_000000000003/t_delta_0p15/cells/t_start_0p6__t_end_0p6.png
3,0_random_140,0.7,0.6,0.15,15.4784,0.277731,/data/home/mirick/ChordEdit/ablation_outputs/grid_metrics_sdturbo_top_20260626_104807/0_random_140_000000000003/t_delta_0p15/cells/t_start_0p7__t_end_0p6.png
3,0_random_140,0.8,0.6,0.15,14.720664,0.2624,/data/home/mirick/ChordEdit/ablation_outputs/grid_metrics_sdturbo_top_20260626_104807/0_random_140_000000000003/t_delta_0p15/cells/t_start_0p8__t_end_0p6.png
3,0_random_140,0.9,0.6,0.15,14.62687,0.287105,/data/home/mirick/ChordEdit/ablation_outputs/grid_metrics_sdturbo_top_20260626_104807/0_random_140_000000000003/t_delta_0p15/cells/t_start_0p9__t_end_0p6.png
3,0_random_140,1.0,0.6,0.15,13.891762,0.287596,/data/home/mirick/ChordEdit/ablation_outputs/grid_metrics_sdturbo_top_20260626_104807/0_random_140_000000000003/t_delta_0p15/cells/t_start_1p0__t_end_0p6.png
3,0_random_140,0.0,0.7,0.15,14.387881,0.298812,/data/home/mirick/ChordEdit/ablation_outputs/grid_metrics_sdturbo_top_20260626_104807/0_random_140_000000000003/t_delta_0p15/cells/t_start_0p0__t_end_0p7.png
3,0_random_140,0.1,0.7,0.15,14.389855,0.297755,/data/home/mirick/ChordEdit/ablation_outputs/grid_metrics_sdturbo_top_20260626_104807/0_random_140_000000000003/t_delta_0p15/cells/t_start_0p1__t_end_0p7.png
3,0_random_140,0.2,0.7,0.15,14.416037,0.294348,/data/home/mirick/ChordEdit/ablation_outputs/grid_metrics_sdturbo_top_20260626_104807/0_random_140_000000000003/t_delta_0p15/cells/t_start_0p2__t_end_0p7.png
3,0_random_140,0.3,0.7,0.15,14.49437,0.306334,/data/home/mirick/ChordEdit/ablation_outputs/grid_metrics_sdturbo_top_20260626_104807/0_random_140_000000000003/t_delta_0p15/cells/t_start_0p3__t_end_0p7.png
3,0_random_140,0.4,0.7,0.15,14.634587,0.306463,/data/home/mirick/ChordEdit/ablation_outputs/grid_metrics_sdturbo_top_20260626_104807/0_random_140_000000000003/t_delta_0p15/cells/t_start_0p4__t_end_0p7.png
3,0_random_140,0.5,0.7,0.15,14.483088,0.292107,/data/home/mirick/ChordEdit/ablation_outputs/grid_metrics_sdturbo_top_20260626_104807/0_random_140_000000000003/t_delta_0p15/cells/t_start_0p5__t_end_0p7.png
3,0_random_140,0.6,0.7,0.15,14.806256,0.307591,/data/home/mirick/ChordEdit/ablation_outputs/grid_metrics_sdturbo_top_20260626_104807/0_random_140_000000000003/t_delta_0p15/cells/t_start_0p6__t_end_0p7.png
3,0_random_140,0.7,0.7,0.15,14.38133,0.293972,/data/home/mirick/ChordEdit/ablation_outputs/grid_metrics_sdturbo_top_20260626_104807/0_random_140_000000000003/t_delta_0p15/cells/t_start_0p7__t_end_0p7.png
3,0_random_140,0.8,0.7,0.15,13.971547,0.285387,/data/home/mirick/ChordEdit/ablation_outputs/grid_metrics_sdturbo_top_20260626_104807/0_random_140_000000000003/t_delta_0p15/cells/t_start_0p8__t_end_0p7.png
3,0_random_140,0.9,0.7,0.15,13.71349,0.299074,/data/home/mirick/ChordEdit/ablation_outputs/grid_metrics_sdturbo_top_20260626_104807/0_random_140_000000000003/t_delta_0p15/cells/t_start_0p9__t_end_0p7.png
3,0_random_140,1.0,0.7,0.15,13.302918,0.286115,/data/home/mirick/ChordEdit/ablation_outputs/grid_metrics_sdturbo_top_20260626_104807/0_random_140_000000000003/t_delta_0p15/cells/t_start_1p0__t_end_0p7.png
3,0_random_140,0.0,0.8,0.15,13.470414,0.278555,/data/home/mirick/ChordEdit/ablation_outputs/grid_metrics_sdturbo_top_20260626_104807/0_random_140_000000000003/t_delta_0p15/cells/t_start_0p0__t_end_0p8.png
3,0_random_140,0.1,0.8,0.15,13.468199,0.280152,/data/home/mirick/ChordEdit/ablation_outputs/grid_metrics_sdturbo_top_20260626_104807/0_random_140_000000000003/t_delta_0p15/cells/t_start_0p1__t_end_0p8.png
3,0_random_140,0.2,0.8,0.15,13.465085,0.27936,/data/home/mirick/ChordEdit/ablation_outputs/grid_metrics_sdturbo_top_20260626_104807/0_random_140_000000000003/t_delta_0p15/cells/t_start_0p2__t_end_0p8.png
3,0_random_140,0.3,0.8,0.15,13.46222,0.287504,/data/home/mirick/ChordEdit/ablation_outputs/grid_metrics_sdturbo_top_20260626_104807/0_random_140_000000000003/t_delta_0p15/cells/t_start_0p3__t_end_0p8.png
3,0_random_140,0.4,0.8,0.15,13.4638,0.276145,/data/home/mirick/ChordEdit/ablation_outputs/grid_metrics_sdturbo_top_20260626_104807/0_random_140_000000000003/t_delta_0p15/cells/t_start_0p4__t_end_0p8.png
3,0_random_140,0.5,0.8,0.15,13.439048,0.293557,/data/home/mirick/ChordEdit/ablation_outputs/grid_metrics_sdturbo_top_20260626_104807/0_random_140_000000000003/t_delta_0p15/cells/t_start_0p5__t_end_0p8.png
3,0_random_140,0.6,0.8,0.15,13.358435,0.287001,/data/home/mirick/ChordEdit/ablation_outputs/grid_metrics_sdturbo_top_20260626_104807/0_random_140_000000000003/t_delta_0p15/cells/t_start_0p6__t_end_0p8.png
3,0_random_140,0.7,0.8,0.15,13.179086,0.310646,/data/home/mirick/ChordEdit/ablation_outputs/grid_metrics_sdturbo_top_20260626_104807/0_random_140_000000000003/t_delta_0p15/cells/t_start_0p7__t_end_0p8.png
3,0_random_140,0.8,0.8,0.15,12.824668,0.275013,/data/home/mirick/ChordEdit/ablation_outputs/grid_metrics_sdturbo_top_20260626_104807/0_random_140_000000000003/t_delta_0p15/cells/t_start_0p8__t_end_0p8.png
3,0_random_140,0.9,0.8,0.15,12.795201,0.303056,/data/home/mirick/ChordEdit/ablation_outputs/grid_metrics_sdturbo_top_20260626_104807/0_random_140_000000000003/t_delta_0p15/cells/t_start_0p9__t_end_0p8.png
3,0_random_140,1.0,0.8,0.15,12.48139,0.2902,/data/home/mirick/ChordEdit/ablation_outputs/grid_metrics_sdturbo_top_20260626_104807/0_random_140_000000000003/t_delta_0p15/cells/t_start_1p0__t_end_0p8.png
3,0_random_140,0.0,0.9,0.15,11.684363,0.273231,/data/home/mirick/ChordEdit/ablation_outputs/grid_metrics_sdturbo_top_20260626_104807/0_random_140_000000000003/t_delta_0p15/cells/t_start_0p0__t_end_0p9.png
3,0_random_140,0.1,0.9,0.15,11.68136,0.271974,/data/home/mirick/ChordEdit/ablation_outputs/grid_metrics_sdturbo_top_20260626_104807/0_random_140_000000000003/t_delta_0p15/cells/t_start_0p1__t_end_0p9.png
3,0_random_140,0.2,0.9,0.15,11.670052,0.27371,/data/home/mirick/ChordEdit/ablation_outputs/grid_metrics_sdturbo_top_20260626_104807/0_random_140_000000000003/t_delta_0p15/cells/t_start_0p2__t_end_0p9.png
3,0_random_140,0.3,0.9,0.15,11.656438,0.27203,/data/home/mirick/ChordEdit/ablation_outputs/grid_metrics_sdturbo_top_20260626_104807/0_random_140_000000000003/t_delta_0p15/cells/t_start_0p3__t_end_0p9.png
3,0_random_140,0.4,0.9,0.15,11.628945,0.270809,/data/home/mirick/ChordEdit/ablation_outputs/grid_metrics_sdturbo_top_20260626_104807/0_random_140_000000000003/t_delta_0p15/cells/t_start_0p4__t_end_0p9.png
3,0_random_140,0.5,0.9,0.15,11.601583,0.271547,/data/home/mirick/ChordEdit/ablation_outputs/grid_metrics_sdturbo_top_20260626_104807/0_random_140_000000000003/t_delta_0p15/cells/t_start_0p5__t_end_0p9.png
3,0_random_140,0.6,0.9,0.15,11.600057,0.273253,/data/home/mirick/ChordEdit/ablation_outputs/grid_metrics_sdturbo_top_20260626_104807/0_random_140_000000000003/t_delta_0p15/cells/t_start_0p6__t_end_0p9.png
3,0_random_140,0.7,0.9,0.15,11.817786,0.264591,/data/home/mirick/ChordEdit/ablation_outputs/grid_metrics_sdturbo_top_20260626_104807/0_random_140_000000000003/t_delta_0p15/cells/t_start_0p7__t_end_0p9.png
3,0_random_140,0.8,0.9,0.15,11.338029,0.253621,/data/home/mirick/ChordEdit/ablation_outputs/grid_metrics_sdturbo_top_20260626_104807/0_random_140_000000000003/t_delta_0p15/cells/t_start_0p8__t_end_0p9.png
3,0_random_140,0.9,0.9,0.15,11.277869,0.275011,/data/home/mirick/ChordEdit/ablation_outputs/grid_metrics_sdturbo_top_20260626_104807/0_random_140_000000000003/t_delta_0p15/cells/t_start_0p9__t_end_0p9.png
3,0_random_140,1.0,0.9,0.15,11.691798,0.260767,/data/home/mirick/ChordEdit/ablation_outputs/grid_metrics_sdturbo_top_20260626_104807/0_random_140_000000000003/t_delta_0p15/cells/t_start_1p0__t_end_0p9.png
3,0_random_140,0.0,1.0,0.15,11.671925,0.279694,/data/home/mirick/ChordEdit/ablation_outputs/grid_metrics_sdturbo_top_20260626_104807/0_random_140_000000000003/t_delta_0p15/cells/t_start_0p0__t_end_1p0.png
3,0_random_140,0.1,1.0,0.15,11.6709,0.278631,/data/home/mirick/ChordEdit/ablation_outputs/grid_metrics_sdturbo_top_20260626_104807/0_random_140_000000000003/t_delta_0p15/cells/t_start_0p1__t_end_1p0.png
3,0_random_140,0.2,1.0,0.15,11.668027,0.278654,/data/home/mirick/ChordEdit/ablation_outputs/grid_metrics_sdturbo_top_20260626_104807/0_random_140_000000000003/t_delta_0p15/cells/t_start_0p2__t_end_1p0.png
3,0_random_140,0.3,1.0,0.15,11.667712,0.277976,/data/home/mirick/ChordEdit/ablation_outputs/grid_metrics_sdturbo_top_20260626_104807/0_random_140_000000000003/t_delta_0p15/cells/t_start_0p3__t_end_1p0.png
3,0_random_140,0.4,1.0,0.15,11.66016,0.274492,/data/home/mirick/ChordEdit/ablation_outputs/grid_metrics_sdturbo_top_20260626_104807/0_random_140_000000000003/t_delta_0p15/cells/t_start_0p4__t_end_1p0.png
3,0_random_140,0.5,1.0,0.15,11.644729,0.270347,/data/home/mirick/ChordEdit/ablation_outputs/grid_metrics_sdturbo_top_20260626_104807/0_random_140_000000000003/t_delta_0p15/cells/t_start_0p5__t_end_1p0.png
3,0_random_140,0.6,1.0,0.15,11.633327,0.275742,/data/home/mirick/ChordEdit/ablation_outputs/grid_metrics_sdturbo_top_20260626_104807/0_random_140_000000000003/t_delta_0p15/cells/t_start_0p6__t_end_1p0.png
3,0_random_140,0.7,1.0,0.15,11.551399,0.288617,/data/home/mirick/ChordEdit/ablation_outputs/grid_metrics_sdturbo_top_20260626_104807/0_random_140_000000000003/t_delta_0p15/cells/t_start_0p7__t_end_1p0.png
3,0_random_140,0.8,1.0,0.15,11.289863,0.272652,/data/home/mirick/ChordEdit/ablation_outputs/grid_metrics_sdturbo_top_20260626_104807/0_random_140_000000000003/t_delta_0p15/cells/t_start_0p8__t_end_1p0.png
3,0_random_140,0.9,1.0,0.15,11.383363,0.267096,/data/home/mirick/ChordEdit/ablation_outputs/grid_metrics_sdturbo_top_20260626_104807/0_random_140_000000000003/t_delta_0p15/cells/t_start_0p9__t_end_1p0.png
3,0_random_140,1.0,1.0,0.15,11.133416,0.280403,/data/home/mirick/ChordEdit/ablation_outputs/grid_metrics_sdturbo_top_20260626_104807/0_random_140_000000000003/t_delta_0p15/cells/t_start_1p0__t_end_1p0.png
3,0_random_140,0.0,0.0,0.0,27.876728,0.181479,/data/home/mirick/ChordEdit/ablation_outputs/grid_metrics_sdturbo_top_20260626_104807/0_random_140_000000000003/t_delta_0/cells/t_start_0p0__t_end_0p0.png
3,0_random_140,0.1,0.0,0.0,27.670862,0.180244,/data/home/mirick/ChordEdit/ablation_outputs/grid_metrics_sdturbo_top_20260626_104807/0_random_140_000000000003/t_delta_0/cells/t_start_0p1__t_end_0p0.png
3,0_random_140,0.2,0.0,0.0,26.955548,0.188109,/data/home/mirick/ChordEdit/ablation_outputs/grid_metrics_sdturbo_top_20260626_104807/0_random_140_000000000003/t_delta_0/cells/t_start_0p2__t_end_0p0.png
3,0_random_140,0.3,0.0,0.0,25.82624,0.206105,/data/home/mirick/ChordEdit/ablation_outputs/grid_metrics_sdturbo_top_20260626_104807/0_random_140_000000000003/t_delta_0/cells/t_start_0p3__t_end_0p0.png
3,0_random_140,0.4,0.0,0.0,23.80153,0.202564,/data/home/mirick/ChordEdit/ablation_outputs/grid_metrics_sdturbo_top_20260626_104807/0_random_140_000000000003/t_delta_0/cells/t_start_0p4__t_end_0p0.png
3,0_random_140,0.5,0.0,0.0,20.548902,0.220894,/data/home/mirick/ChordEdit/ablation_outputs/grid_metrics_sdturbo_top_20260626_104807/0_random_140_000000000003/t_delta_0/cells/t_start_0p5__t_end_0p0.png
3,0_random_140,0.6,0.0,0.0,18.665198,0.199486,/data/home/mirick/ChordEdit/ablation_outputs/grid_metrics_sdturbo_top_20260626_104807/0_random_140_000000000003/t_delta_0/cells/t_start_0p6__t_end_0p0.png
3,0_random_140,0.7,0.0,0.0,16.7634,0.199027,/data/home/mirick/ChordEdit/ablation_outputs/grid_metrics_sdturbo_top_20260626_104807/0_random_140_000000000003/t_delta_0/cells/t_start_0p7__t_end_0p0.png
3,0_random_140,0.8,0.0,0.0,16.03911,0.206069,/data/home/mirick/ChordEdit/ablation_outputs/grid_metrics_sdturbo_top_20260626_104807/0_random_140_000000000003/t_delta_0/cells/t_start_0p8__t_end_0p0.png
3,0_random_140,0.9,0.0,0.0,14.007097,0.195118,/data/home/mirick/ChordEdit/ablation_outputs/grid_metrics_sdturbo_top_20260626_104807/0_random_140_000000000003/t_delta_0/cells/t_start_0p9__t_end_0p0.png
3,0_random_140,1.0,0.0,0.0,13.977363,0.199782,/data/home/mirick/ChordEdit/ablation_outputs/grid_metrics_sdturbo_top_20260626_104807/0_random_140_000000000003/t_delta_0/cells/t_start_1p0__t_end_0p0.png
3,0_random_140,0.0,0.1,0.0,24.891638,0.200002,/data/home/mirick/ChordEdit/ablation_outputs/grid_metrics_sdturbo_top_20260626_104807/0_random_140_000000000003/t_delta_0/cells/t_start_0p0__t_end_0p1.png
3,0_random_140,0.1,0.1,0.0,24.748509,0.203144,/data/home/mirick/ChordEdit/ablation_outputs/grid_metrics_sdturbo_top_20260626_104807/0_random_140_000000000003/t_delta_0/cells/t_start_0p1__t_end_0p1.png
3,0_random_140,0.2,0.1,0.0,24.409241,0.250466,/data/home/mirick/ChordEdit/ablation_outputs/grid_metrics_sdturbo_top_20260626_104807/0_random_140_000000000003/t_delta_0/cells/t_start_0p2__t_end_0p1.png
3,0_random_140,0.3,0.1,0.0,23.825254,0.282908,/data/home/mirick/ChordEdit/ablation_outputs/grid_metrics_sdturbo_top_20260626_104807/0_random_140_000000000003/t_delta_0/cells/t_start_0p3__t_end_0p1.png
3,0_random_140,0.4,0.1,0.0,22.785852,0.291476,/data/home/mirick/ChordEdit/ablation_outputs/grid_metrics_sdturbo_top_20260626_104807/0_random_140_000000000003/t_delta_0/cells/t_start_0p4__t_end_0p1.png
3,0_random_140,0.5,0.1,0.0,20.276985,0.299798,/data/home/mirick/ChordEdit/ablation_outputs/grid_metrics_sdturbo_top_20260626_104807/0_random_140_000000000003/t_delta_0/cells/t_start_0p5__t_end_0p1.png
3,0_random_140,0.6,0.1,0.0,18.583269,0.264885,/data/home/mirick/ChordEdit/ablation_outputs/grid_metrics_sdturbo_top_20260626_104807/0_random_140_000000000003/t_delta_0/cells/t_start_0p6__t_end_0p1.png
3,0_random_140,0.7,0.1,0.0,16.75897,0.284795,/data/home/mirick/ChordEdit/ablation_outputs/grid_metrics_sdturbo_top_20260626_104807/0_random_140_000000000003/t_delta_0/cells/t_start_0p7__t_end_0p1.png
3,0_random_140,0.8,0.1,0.0,16.163529,0.300093,/data/home/mirick/ChordEdit/ablation_outputs/grid_metrics_sdturbo_top_20260626_104807/0_random_140_000000000003/t_delta_0/cells/t_start_0p8__t_end_0p1.png
3,0_random_140,0.9,0.1,0.0,14.026211,0.25599,/data/home/mirick/ChordEdit/ablation_outputs/grid_metrics_sdturbo_top_20260626_104807/0_random_140_000000000003/t_delta_0/cells/t_start_0p9__t_end_0p1.png
3,0_random_140,1.0,0.1,0.0,13.94116,0.226422,/data/home/mirick/ChordEdit/ablation_outputs/grid_metrics_sdturbo_top_20260626_104807/0_random_140_000000000003/t_delta_0/cells/t_start_1p0__t_end_0p1.png
3,0_random_140,0.0,0.2,0.0,23.241704,0.203676,/data/home/mirick/ChordEdit/ablation_outputs/grid_metrics_sdturbo_top_20260626_104807/0_random_140_000000000003/t_delta_0/cells/t_start_0p0__t_end_0p2.png
3,0_random_140,0.1,0.2,0.0,23.164758,0.240231,/data/home/mirick/ChordEdit/ablation_outputs/grid_metrics_sdturbo_top_20260626_104807/0_random_140_000000000003/t_delta_0/cells/t_start_0p1__t_end_0p2.png
3,0_random_140,0.2,0.2,0.0,22.896003,0.285085,/data/home/mirick/ChordEdit/ablation_outputs/grid_metrics_sdturbo_top_20260626_104807/0_random_140_000000000003/t_delta_0/cells/t_start_0p2__t_end_0p2.png
3,0_random_140,0.3,0.2,0.0,22.457124,0.296669,/data/home/mirick/ChordEdit/ablation_outputs/grid_metrics_sdturbo_top_20260626_104807/0_random_140_000000000003/t_delta_0/cells/t_start_0p3__t_end_0p2.png
3,0_random_140,0.4,0.2,0.0,21.734545,0.297167,/data/home/mirick/ChordEdit/ablation_outputs/grid_metrics_sdturbo_top_20260626_104807/0_random_140_000000000003/t_delta_0/cells/t_start_0p4__t_end_0p2.png
3,0_random_140,0.5,0.2,0.0,19.848482,0.302351,/data/home/mirick/ChordEdit/ablation_outputs/grid_metrics_sdturbo_top_20260626_104807/0_random_140_000000000003/t_delta_0/cells/t_start_0p5__t_end_0p2.png
3,0_random_140,0.6,0.2,0.0,18.382524,0.291021,/data/home/mirick/ChordEdit/ablation_outputs/grid_metrics_sdturbo_top_20260626_104807/0_random_140_000000000003/t_delta_0/cells/t_start_0p6__t_end_0p2.png
3,0_random_140,0.7,0.2,0.0,16.640019,0.288545,/data/home/mirick/ChordEdit/ablation_outputs/grid_metrics_sdturbo_top_20260626_104807/0_random_140_000000000003/t_delta_0/cells/t_start_0p7__t_end_0p2.png
3,0_random_140,0.8,0.2,0.0,16.146485,0.301984,/data/home/mirick/ChordEdit/ablation_outputs/grid_metrics_sdturbo_top_20260626_104807/0_random_140_000000000003/t_delta_0/cells/t_start_0p8__t_end_0p2.png
3,0_random_140,0.9,0.2,0.0,13.947301,0.301585,/data/home/mirick/ChordEdit/ablation_outputs/grid_metrics_sdturbo_top_20260626_104807/0_random_140_000000000003/t_delta_0/cells/t_start_0p9__t_end_0p2.png
3,0_random_140,1.0,0.2,0.0,13.889405,0.260008,/data/home/mirick/ChordEdit/ablation_outputs/grid_metrics_sdturbo_top_20260626_104807/0_random_140_000000000003/t_delta_0/cells/t_start_1p0__t_end_0p2.png
3,0_random_140,0.0,0.3,0.0,21.654917,0.309991,/data/home/mirick/ChordEdit/ablation_outputs/grid_metrics_sdturbo_top_20260626_104807/0_random_140_000000000003/t_delta_0/cells/t_start_0p0__t_end_0p3.png
3,0_random_140,0.1,0.3,0.0,21.602521,0.308962,/data/home/mirick/ChordEdit/ablation_outputs/grid_metrics_sdturbo_top_20260626_104807/0_random_140_000000000003/t_delta_0/cells/t_start_0p1__t_end_0p3.png
3,0_random_140,0.2,0.3,0.0,21.470916,0.309244,/data/home/mirick/ChordEdit/ablation_outputs/grid_metrics_sdturbo_top_20260626_104807/0_random_140_000000000003/t_delta_0/cells/t_start_0p2__t_end_0p3.png
3,0_random_140,0.3,0.3,0.0,20.983938,0.305008,/data/home/mirick/ChordEdit/ablation_outputs/grid_metrics_sdturbo_top_20260626_104807/0_random_140_000000000003/t_delta_0/cells/t_start_0p3__t_end_0p3.png
3,0_random_140,0.4,0.3,0.0,20.427795,0.309337,/data/home/mirick/ChordEdit/ablation_outputs/grid_metrics_sdturbo_top_20260626_104807/0_random_140_000000000003/t_delta_0/cells/t_start_0p4__t_end_0p3.png
3,0_random_140,0.5,0.3,0.0,18.8316,0.307552,/data/home/mirick/ChordEdit/ablation_outputs/grid_metrics_sdturbo_top_20260626_104807/0_random_140_000000000003/t_delta_0/cells/t_start_0p5__t_end_0p3.png
3,0_random_140,0.6,0.3,0.0,17.830977,0.308372,/data/home/mirick/ChordEdit/ablation_outputs/grid_metrics_sdturbo_top_20260626_104807/0_random_140_000000000003/t_delta_0/cells/t_start_0p6__t_end_0p3.png
3,0_random_140,0.7,0.3,0.0,16.283499,0.277314,/data/home/mirick/ChordEdit/ablation_outputs/grid_metrics_sdturbo_top_20260626_104807/0_random_140_000000000003/t_delta_0/cells/t_start_0p7__t_end_0p3.png
3,0_random_140,0.8,0.3,0.0,15.946736,0.304037,/data/home/mirick/ChordEdit/ablation_outputs/grid_metrics_sdturbo_top_20260626_104807/0_random_140_000000000003/t_delta_0/cells/t_start_0p8__t_end_0p3.png
3,0_random_140,0.9,0.3,0.0,13.687512,0.298104,/data/home/mirick/ChordEdit/ablation_outputs/grid_metrics_sdturbo_top_20260626_104807/0_random_140_000000000003/t_delta_0/cells/t_start_0p9__t_end_0p3.png
3,0_random_140,1.0,0.3,0.0,13.796781,0.310537,/data/home/mirick/ChordEdit/ablation_outputs/grid_metrics_sdturbo_top_20260626_104807/0_random_140_000000000003/t_delta_0/cells/t_start_1p0__t_end_0p3.png
3,0_random_140,0.0,0.4,0.0,19.945336,0.307485,/data/home/mirick/ChordEdit/ablation_outputs/grid_metrics_sdturbo_top_20260626_104807/0_random_140_000000000003/t_delta_0/cells/t_start_0p0__t_end_0p4.png
3,0_random_140,0.1,0.4,0.0,19.900731,0.304836,/data/home/mirick/ChordEdit/ablation_outputs/grid_metrics_sdturbo_top_20260626_104807/0_random_140_000000000003/t_delta_0/cells/t_start_0p1__t_end_0p4.png
3,0_random_140,0.2,0.4,0.0,19.84104,0.303374,/data/home/mirick/ChordEdit/ablation_outputs/grid_metrics_sdturbo_top_20260626_104807/0_random_140_000000000003/t_delta_0/cells/t_start_0p2__t_end_0p4.png
3,0_random_140,0.3,0.4,0.0,19.583307,0.300304,/data/home/mirick/ChordEdit/ablation_outputs/grid_metrics_sdturbo_top_20260626_104807/0_random_140_000000000003/t_delta_0/cells/t_start_0p3__t_end_0p4.png
3,0_random_140,0.4,0.4,0.0,18.947024,0.292187,/data/home/mirick/ChordEdit/ablation_outputs/grid_metrics_sdturbo_top_20260626_104807/0_random_140_000000000003/t_delta_0/cells/t_start_0p4__t_end_0p4.png
3,0_random_140,0.5,0.4,0.0,17.742543,0.301684,/data/home/mirick/ChordEdit/ablation_outputs/grid_metrics_sdturbo_top_20260626_104807/0_random_140_000000000003/t_delta_0/cells/t_start_0p5__t_end_0p4.png
3,0_random_140,0.6,0.4,0.0,16.693058,0.278034,/data/home/mirick/ChordEdit/ablation_outputs/grid_metrics_sdturbo_top_20260626_104807/0_random_140_000000000003/t_delta_0/cells/t_start_0p6__t_end_0p4.png
3,0_random_140,0.7,0.4,0.0,15.873485,0.292188,/data/home/mirick/ChordEdit/ablation_outputs/grid_metrics_sdturbo_top_20260626_104807/0_random_140_000000000003/t_delta_0/cells/t_start_0p7__t_end_0p4.png
3,0_random_140,0.8,0.4,0.0,15.51458,0.297152,/data/home/mirick/ChordEdit/ablation_outputs/grid_metrics_sdturbo_top_20260626_104807/0_random_140_000000000003/t_delta_0/cells/t_start_0p8__t_end_0p4.png
3,0_random_140,0.9,0.4,0.0,13.357994,0.284933,/data/home/mirick/ChordEdit/ablation_outputs/grid_metrics_sdturbo_top_20260626_104807/0_random_140_000000000003/t_delta_0/cells/t_start_0p9__t_end_0p4.png
3,0_random_140,1.0,0.4,0.0,13.628254,0.308344,/data/home/mirick/ChordEdit/ablation_outputs/grid_metrics_sdturbo_top_20260626_104807/0_random_140_000000000003/t_delta_0/cells/t_start_1p0__t_end_0p4.png
3,0_random_140,0.0,0.5,0.0,17.808342,0.296789,/data/home/mirick/ChordEdit/ablation_outputs/grid_metrics_sdturbo_top_20260626_104807/0_random_140_000000000003/t_delta_0/cells/t_start_0p0__t_end_0p5.png
3,0_random_140,0.1,0.5,0.0,17.754633,0.29758,/data/home/mirick/ChordEdit/ablation_outputs/grid_metrics_sdturbo_top_20260626_104807/0_random_140_000000000003/t_delta_0/cells/t_start_0p1__t_end_0p5.png
3,0_random_140,0.2,0.5,0.0,17.769317,0.296063,/data/home/mirick/ChordEdit/ablation_outputs/grid_metrics_sdturbo_top_20260626_104807/0_random_140_000000000003/t_delta_0/cells/t_start_0p2__t_end_0p5.png
3,0_random_140,0.3,0.5,0.0,17.757494,0.295099,/data/home/mirick/ChordEdit/ablation_outputs/grid_metrics_sdturbo_top_20260626_104807/0_random_140_000000000003/t_delta_0/cells/t_start_0p3__t_end_0p5.png
3,0_random_140,0.4,0.5,0.0,17.56645,0.294021,/data/home/mirick/ChordEdit/ablation_outputs/grid_metrics_sdturbo_top_20260626_104807/0_random_140_000000000003/t_delta_0/cells/t_start_0p4__t_end_0p5.png
3,0_random_140,0.5,0.5,0.0,16.480112,0.300266,/data/home/mirick/ChordEdit/ablation_outputs/grid_metrics_sdturbo_top_20260626_104807/0_random_140_000000000003/t_delta_0/cells/t_start_0p5__t_end_0p5.png
3,0_random_140,0.6,0.5,0.0,15.791139,0.272691,/data/home/mirick/ChordEdit/ablation_outputs/grid_metrics_sdturbo_top_20260626_104807/0_random_140_000000000003/t_delta_0/cells/t_start_0p6__t_end_0p5.png
3,0_random_140,0.7,0.5,0.0,15.15051,0.277165,/data/home/mirick/ChordEdit/ablation_outputs/grid_metrics_sdturbo_top_20260626_104807/0_random_140_000000000003/t_delta_0/cells/t_start_0p7__t_end_0p5.png
3,0_random_140,0.8,0.5,0.0,14.780076,0.289438,/data/home/mirick/ChordEdit/ablation_outputs/grid_metrics_sdturbo_top_20260626_104807/0_random_140_000000000003/t_delta_0/cells/t_start_0p8__t_end_0p5.png
3,0_random_140,0.9,0.5,0.0,12.945103,0.276033,/data/home/mirick/ChordEdit/ablation_outputs/grid_metrics_sdturbo_top_20260626_104807/0_random_140_000000000003/t_delta_0/cells/t_start_0p9__t_end_0p5.png
3,0_random_140,1.0,0.5,0.0,13.151861,0.310589,/data/home/mirick/ChordEdit/ablation_outputs/grid_metrics_sdturbo_top_20260626_104807/0_random_140_000000000003/t_delta_0/cells/t_start_1p0__t_end_0p5.png
3,0_random_140,0.0,0.6,0.0,16.125016,0.288791,/data/home/mirick/ChordEdit/ablation_outputs/grid_metrics_sdturbo_top_20260626_104807/0_random_140_000000000003/t_delta_0/cells/t_start_0p0__t_end_0p6.png
3,0_random_140,0.1,0.6,0.0,16.134583,0.281047,/data/home/mirick/ChordEdit/ablation_outputs/grid_metrics_sdturbo_top_20260626_104807/0_random_140_000000000003/t_delta_0/cells/t_start_0p1__t_end_0p6.png
3,0_random_140,0.2,0.6,0.0,16.156399,0.269732,/data/home/mirick/ChordEdit/ablation_outputs/grid_metrics_sdturbo_top_20260626_104807/0_random_140_000000000003/t_delta_0/cells/t_start_0p2__t_end_0p6.png
3,0_random_140,0.3,0.6,0.0,16.092582,0.273244,/data/home/mirick/ChordEdit/ablation_outputs/grid_metrics_sdturbo_top_20260626_104807/0_random_140_000000000003/t_delta_0/cells/t_start_0p3__t_end_0p6.png
3,0_random_140,0.4,0.6,0.0,16.054875,0.291002,/data/home/mirick/ChordEdit/ablation_outputs/grid_metrics_sdturbo_top_20260626_104807/0_random_140_000000000003/t_delta_0/cells/t_start_0p4__t_end_0p6.png
3,0_random_140,0.5,0.6,0.0,15.702054,0.269739,/data/home/mirick/ChordEdit/ablation_outputs/grid_metrics_sdturbo_top_20260626_104807/0_random_140_000000000003/t_delta_0/cells/t_start_0p5__t_end_0p6.png
3,0_random_140,0.6,0.6,0.0,15.110874,0.261956,/data/home/mirick/ChordEdit/ablation_outputs/grid_metrics_sdturbo_top_20260626_104807/0_random_140_000000000003/t_delta_0/cells/t_start_0p6__t_end_0p6.png
3,0_random_140,0.7,0.6,0.0,14.520727,0.282763,/data/home/mirick/ChordEdit/ablation_outputs/grid_metrics_sdturbo_top_20260626_104807/0_random_140_000000000003/t_delta_0/cells/t_start_0p7__t_end_0p6.png
3,0_random_140,0.8,0.6,0.0,13.94039,0.282588,/data/home/mirick/ChordEdit/ablation_outputs/grid_metrics_sdturbo_top_20260626_104807/0_random_140_000000000003/t_delta_0/cells/t_start_0p8__t_end_0p6.png
3,0_random_140,0.9,0.6,0.0,12.415632,0.270252,/data/home/mirick/ChordEdit/ablation_outputs/grid_metrics_sdturbo_top_20260626_104807/0_random_140_000000000003/t_delta_0/cells/t_start_0p9__t_end_0p6.png
3,0_random_140,1.0,0.6,0.0,12.854249,0.287994,/data/home/mirick/ChordEdit/ablation_outputs/grid_metrics_sdturbo_top_20260626_104807/0_random_140_000000000003/t_delta_0/cells/t_start_1p0__t_end_0p6.png
3,0_random_140,0.0,0.7,0.0,14.387881,0.298812,/data/home/mirick/ChordEdit/ablation_outputs/grid_metrics_sdturbo_top_20260626_104807/0_random_140_000000000003/t_delta_0/cells/t_start_0p0__t_end_0p7.png
3,0_random_140,0.1,0.7,0.0,14.392512,0.2972,/data/home/mirick/ChordEdit/ablation_outputs/grid_metrics_sdturbo_top_20260626_104807/0_random_140_000000000003/t_delta_0/cells/t_start_0p1__t_end_0p7.png
3,0_random_140,0.2,0.7,0.0,14.448116,0.300819,/data/home/mirick/ChordEdit/ablation_outputs/grid_metrics_sdturbo_top_20260626_104807/0_random_140_000000000003/t_delta_0/cells/t_start_0p2__t_end_0p7.png
3,0_random_140,0.3,0.7,0.0,14.675123,0.30256,/data/home/mirick/ChordEdit/ablation_outputs/grid_metrics_sdturbo_top_20260626_104807/0_random_140_000000000003/t_delta_0/cells/t_start_0p3__t_end_0p7.png
3,0_random_140,0.4,0.7,0.0,14.632751,0.302748,/data/home/mirick/ChordEdit/ablation_outputs/grid_metrics_sdturbo_top_20260626_104807/0_random_140_000000000003/t_delta_0/cells/t_start_0p4__t_end_0p7.png
3,0_random_140,0.5,0.7,0.0,14.58092,0.30349,/data/home/mirick/ChordEdit/ablation_outputs/grid_metrics_sdturbo_top_20260626_104807/0_random_140_000000000003/t_delta_0/cells/t_start_0p5__t_end_0p7.png
3,0_random_140,0.6,0.7,0.0,14.375425,0.278345,/data/home/mirick/ChordEdit/ablation_outputs/grid_metrics_sdturbo_top_20260626_104807/0_random_140_000000000003/t_delta_0/cells/t_start_0p6__t_end_0p7.png
3,0_random_140,0.7,0.7,0.0,13.63016,0.287526,/data/home/mirick/ChordEdit/ablation_outputs/grid_metrics_sdturbo_top_20260626_104807/0_random_140_000000000003/t_delta_0/cells/t_start_0p7__t_end_0p7.png
3,0_random_140,0.8,0.7,0.0,13.411203,0.281651,/data/home/mirick/ChordEdit/ablation_outputs/grid_metrics_sdturbo_top_20260626_104807/0_random_140_000000000003/t_delta_0/cells/t_start_0p8__t_end_0p7.png
3,0_random_140,0.9,0.7,0.0,11.834544,0.255162,/data/home/mirick/ChordEdit/ablation_outputs/grid_metrics_sdturbo_top_20260626_104807/0_random_140_000000000003/t_delta_0/cells/t_start_0p9__t_end_0p7.png
3,0_random_140,1.0,0.7,0.0,12.206035,0.274662,/data/home/mirick/ChordEdit/ablation_outputs/grid_metrics_sdturbo_top_20260626_104807/0_random_140_000000000003/t_delta_0/cells/t_start_1p0__t_end_0p7.png
3,0_random_140,0.0,0.8,0.0,13.470414,0.278555,/data/home/mirick/ChordEdit/ablation_outputs/grid_metrics_sdturbo_top_20260626_104807/0_random_140_000000000003/t_delta_0/cells/t_start_0p0__t_end_0p8.png
3,0_random_140,0.1,0.8,0.0,13.467512,0.281423,/data/home/mirick/ChordEdit/ablation_outputs/grid_metrics_sdturbo_top_20260626_104807/0_random_140_000000000003/t_delta_0/cells/t_start_0p1__t_end_0p8.png
3,0_random_140,0.2,0.8,0.0,13.465552,0.290724,/data/home/mirick/ChordEdit/ablation_outputs/grid_metrics_sdturbo_top_20260626_104807/0_random_140_000000000003/t_delta_0/cells/t_start_0p2__t_end_0p8.png
3,0_random_140,0.3,0.8,0.0,13.4494,0.277022,/data/home/mirick/ChordEdit/ablation_outputs/grid_metrics_sdturbo_top_20260626_104807/0_random_140_000000000003/t_delta_0/cells/t_start_0p3__t_end_0p8.png
3,0_random_140,0.4,0.8,0.0,13.435697,0.275116,/data/home/mirick/ChordEdit/ablation_outputs/grid_metrics_sdturbo_top_20260626_104807/0_random_140_000000000003/t_delta_0/cells/t_start_0p4__t_end_0p8.png
3,0_random_140,0.5,0.8,0.0,13.526284,0.309885,/data/home/mirick/ChordEdit/ablation_outputs/grid_metrics_sdturbo_top_20260626_104807/0_random_140_000000000003/t_delta_0/cells/t_start_0p5__t_end_0p8.png
3,0_random_140,0.6,0.8,0.0,12.985972,0.285935,/data/home/mirick/ChordEdit/ablation_outputs/grid_metrics_sdturbo_top_20260626_104807/0_random_140_000000000003/t_delta_0/cells/t_start_0p6__t_end_0p8.png
3,0_random_140,0.7,0.8,0.0,12.582296,0.297172,/data/home/mirick/ChordEdit/ablation_outputs/grid_metrics_sdturbo_top_20260626_104807/0_random_140_000000000003/t_delta_0/cells/t_start_0p7__t_end_0p8.png
3,0_random_140,0.8,0.8,0.0,12.61058,0.299525,/data/home/mirick/ChordEdit/ablation_outputs/grid_metrics_sdturbo_top_20260626_104807/0_random_140_000000000003/t_delta_0/cells/t_start_0p8__t_end_0p8.png
3,0_random_140,0.9,0.8,0.0,11.662755,0.253184,/data/home/mirick/ChordEdit/ablation_outputs/grid_metrics_sdturbo_top_20260626_104807/0_random_140_000000000003/t_delta_0/cells/t_start_0p9__t_end_0p8.png
3,0_random_140,1.0,0.8,0.0,11.422274,0.24741,/data/home/mirick/ChordEdit/ablation_outputs/grid_metrics_sdturbo_top_20260626_104807/0_random_140_000000000003/t_delta_0/cells/t_start_1p0__t_end_0p8.png
3,0_random_140,0.0,0.9,0.0,11.684363,0.273231,/data/home/mirick/ChordEdit/ablation_outputs/grid_metrics_sdturbo_top_20260626_104807/0_random_140_000000000003/t_delta_0/cells/t_start_0p0__t_end_0p9.png
3,0_random_140,0.1,0.9,0.0,11.677133,0.2743,/data/home/mirick/ChordEdit/ablation_outputs/grid_metrics_sdturbo_top_20260626_104807/0_random_140_000000000003/t_delta_0/cells/t_start_0p1__t_end_0p9.png
3,0_random_140,0.2,0.9,0.0,11.654721,0.274654,/data/home/mirick/ChordEdit/ablation_outputs/grid_metrics_sdturbo_top_20260626_104807/0_random_140_000000000003/t_delta_0/cells/t_start_0p2__t_end_0p9.png
3,0_random_140,0.3,0.9,0.0,11.634732,0.270596,/data/home/mirick/ChordEdit/ablation_outputs/grid_metrics_sdturbo_top_20260626_104807/0_random_140_000000000003/t_delta_0/cells/t_start_0p3__t_end_0p9.png
3,0_random_140,0.4,0.9,0.0,11.568097,0.270781,/data/home/mirick/ChordEdit/ablation_outputs/grid_metrics_sdturbo_top_20260626_104807/0_random_140_000000000003/t_delta_0/cells/t_start_0p4__t_end_0p9.png
3,0_random_140,0.5,0.9,0.0,11.621737,0.279783,/data/home/mirick/ChordEdit/ablation_outputs/grid_metrics_sdturbo_top_20260626_104807/0_random_140_000000000003/t_delta_0/cells/t_start_0p5__t_end_0p9.png
3,0_random_140,0.6,0.9,0.0,11.679253,0.264536,/data/home/mirick/ChordEdit/ablation_outputs/grid_metrics_sdturbo_top_20260626_104807/0_random_140_000000000003/t_delta_0/cells/t_start_0p6__t_end_0p9.png
3,0_random_140,0.7,0.9,0.0,11.317241,0.267282,/data/home/mirick/ChordEdit/ablation_outputs/grid_metrics_sdturbo_top_20260626_104807/0_random_140_000000000003/t_delta_0/cells/t_start_0p7__t_end_0p9.png
3,0_random_140,0.8,0.9,0.0,11.507361,0.270248,/data/home/mirick/ChordEdit/ablation_outputs/grid_metrics_sdturbo_top_20260626_104807/0_random_140_000000000003/t_delta_0/cells/t_start_0p8__t_end_0p9.png
3,0_random_140,0.9,0.9,0.0,11.110559,0.252874,/data/home/mirick/ChordEdit/ablation_outputs/grid_metrics_sdturbo_top_20260626_104807/0_random_140_000000000003/t_delta_0/cells/t_start_0p9__t_end_0p9.png
3,0_random_140,1.0,0.9,0.0,11.113402,0.279744,/data/home/mirick/ChordEdit/ablation_outputs/grid_metrics_sdturbo_top_20260626_104807/0_random_140_000000000003/t_delta_0/cells/t_start_1p0__t_end_0p9.png
3,0_random_140,0.0,1.0,0.0,11.671925,0.279694,/data/home/mirick/ChordEdit/ablation_outputs/grid_metrics_sdturbo_top_20260626_104807/0_random_140_000000000003/t_delta_0/cells/t_start_0p0__t_end_1p0.png
3,0_random_140,0.1,1.0,0.0,11.669464,0.279626,/data/home/mirick/ChordEdit/ablation_outputs/grid_metrics_sdturbo_top_20260626_104807/0_random_140_000000000003/t_delta_0/cells/t_start_0p1__t_end_1p0.png
3,0_random_140,0.2,1.0,0.0,11.66205,0.277503,/data/home/mirick/ChordEdit/ablation_outputs/grid_metrics_sdturbo_top_20260626_104807/0_random_140_000000000003/t_delta_0/cells/t_start_0p2__t_end_1p0.png
3,0_random_140,0.3,1.0,0.0,11.67428,0.273905,/data/home/mirick/ChordEdit/ablation_outputs/grid_metrics_sdturbo_top_20260626_104807/0_random_140_000000000003/t_delta_0/cells/t_start_0p3__t_end_1p0.png
3,0_random_140,0.4,1.0,0.0,11.629374,0.273113,/data/home/mirick/ChordEdit/ablation_outputs/grid_metrics_sdturbo_top_20260626_104807/0_random_140_000000000003/t_delta_0/cells/t_start_0p4__t_end_1p0.png
3,0_random_140,0.5,1.0,0.0,11.632755,0.267982,/data/home/mirick/ChordEdit/ablation_outputs/grid_metrics_sdturbo_top_20260626_104807/0_random_140_000000000003/t_delta_0/cells/t_start_0p5__t_end_1p0.png
3,0_random_140,0.6,1.0,0.0,11.402341,0.284571,/data/home/mirick/ChordEdit/ablation_outputs/grid_metrics_sdturbo_top_20260626_104807/0_random_140_000000000003/t_delta_0/cells/t_start_0p6__t_end_1p0.png
3,0_random_140,0.7,1.0,0.0,11.246091,0.270552,/data/home/mirick/ChordEdit/ablation_outputs/grid_metrics_sdturbo_top_20260626_104807/0_random_140_000000000003/t_delta_0/cells/t_start_0p7__t_end_1p0.png
3,0_random_140,0.8,1.0,0.0,11.375836,0.271043,/data/home/mirick/ChordEdit/ablation_outputs/grid_metrics_sdturbo_top_20260626_104807/0_random_140_000000000003/t_delta_0/cells/t_start_0p8__t_end_1p0.png
3,0_random_140,0.9,1.0,0.0,11.247507,0.273332,/data/home/mirick/ChordEdit/ablation_outputs/grid_metrics_sdturbo_top_20260626_104807/0_random_140_000000000003/t_delta_0/cells/t_start_0p9__t_end_1p0.png
3,0_random_140,1.0,1.0,0.0,11.168674,0.281333,/data/home/mirick/ChordEdit/ablation_outputs/grid_metrics_sdturbo_top_20260626_104807/0_random_140_000000000003/t_delta_0/cells/t_start_1p0__t_end_1p0.png
4,0_random_140,0.0,0.0,0.15,31.750464,0.243715,/data/home/mirick/ChordEdit/ablation_outputs/grid_metrics_sdturbo_top_20260626_104807/0_random_140_000000000004/t_delta_0p15/cells/t_start_0p0__t_end_0p0.png
4,0_random_140,0.1,0.0,0.15,31.724261,0.244435,/data/home/mirick/ChordEdit/ablation_outputs/grid_metrics_sdturbo_top_20260626_104807/0_random_140_000000000004/t_delta_0p15/cells/t_start_0p1__t_end_0p0.png
4,0_random_140,0.2,0.0,0.15,31.624968,0.243299,/data/home/mirick/ChordEdit/ablation_outputs/grid_metrics_sdturbo_top_20260626_104807/0_random_140_000000000004/t_delta_0p15/cells/t_start_0p2__t_end_0p0.png
4,0_random_140,0.3,0.0,0.15,31.31351,0.243223,/data/home/mirick/ChordEdit/ablation_outputs/grid_metrics_sdturbo_top_20260626_104807/0_random_140_000000000004/t_delta_0p15/cells/t_start_0p3__t_end_0p0.png
4,0_random_140,0.4,0.0,0.15,30.426589,0.241642,/data/home/mirick/ChordEdit/ablation_outputs/grid_metrics_sdturbo_top_20260626_104807/0_random_140_000000000004/t_delta_0p15/cells/t_start_0p4__t_end_0p0.png
4,0_random_140,0.5,0.0,0.15,28.769531,0.240797,/data/home/mirick/ChordEdit/ablation_outputs/grid_metrics_sdturbo_top_20260626_104807/0_random_140_000000000004/t_delta_0p15/cells/t_start_0p5__t_end_0p0.png
4,0_random_140,0.6,0.0,0.15,26.54608,0.234727,/data/home/mirick/ChordEdit/ablation_outputs/grid_metrics_sdturbo_top_20260626_104807/0_random_140_000000000004/t_delta_0p15/cells/t_start_0p6__t_end_0p0.png
4,0_random_140,0.7,0.0,0.15,22.004652,0.223667,/data/home/mirick/ChordEdit/ablation_outputs/grid_metrics_sdturbo_top_20260626_104807/0_random_140_000000000004/t_delta_0p15/cells/t_start_0p7__t_end_0p0.png
4,0_random_140,0.8,0.0,0.15,18.49656,0.235996,/data/home/mirick/ChordEdit/ablation_outputs/grid_metrics_sdturbo_top_20260626_104807/0_random_140_000000000004/t_delta_0p15/cells/t_start_0p8__t_end_0p0.png
4,0_random_140,0.9,0.0,0.15,16.051249,0.244771,/data/home/mirick/ChordEdit/ablation_outputs/grid_metrics_sdturbo_top_20260626_104807/0_random_140_000000000004/t_delta_0p15/cells/t_start_0p9__t_end_0p0.png
4,0_random_140,1.0,0.0,0.15,15.719978,0.249366,/data/home/mirick/ChordEdit/ablation_outputs/grid_metrics_sdturbo_top_20260626_104807/0_random_140_000000000004/t_delta_0p15/cells/t_start_1p0__t_end_0p0.png
4,0_random_140,0.0,0.1,0.15,26.871311,0.23473,/data/home/mirick/ChordEdit/ablation_outputs/grid_metrics_sdturbo_top_20260626_104807/0_random_140_000000000004/t_delta_0p15/cells/t_start_0p0__t_end_0p1.png
4,0_random_140,0.1,0.1,0.15,26.851386,0.233269,/data/home/mirick/ChordEdit/ablation_outputs/grid_metrics_sdturbo_top_20260626_104807/0_random_140_000000000004/t_delta_0p15/cells/t_start_0p1__t_end_0p1.png
4,0_random_140,0.2,0.1,0.15,26.832146,0.233143,/data/home/mirick/ChordEdit/ablation_outputs/grid_metrics_sdturbo_top_20260626_104807/0_random_140_000000000004/t_delta_0p15/cells/t_start_0p2__t_end_0p1.png
4,0_random_140,0.3,0.1,0.15,26.718855,0.233831,/data/home/mirick/ChordEdit/ablation_outputs/grid_metrics_sdturbo_top_20260626_104807/0_random_140_000000000004/t_delta_0p15/cells/t_start_0p3__t_end_0p1.png
4,0_random_140,0.4,0.1,0.15,26.504854,0.231593,/data/home/mirick/ChordEdit/ablation_outputs/grid_metrics_sdturbo_top_20260626_104807/0_random_140_000000000004/t_delta_0p15/cells/t_start_0p4__t_end_0p1.png
4,0_random_140,0.5,0.1,0.15,26.121881,0.237484,/data/home/mirick/ChordEdit/ablation_outputs/grid_metrics_sdturbo_top_20260626_104807/0_random_140_000000000004/t_delta_0p15/cells/t_start_0p5__t_end_0p1.png
4,0_random_140,0.6,0.1,0.15,25.287195,0.245256,/data/home/mirick/ChordEdit/ablation_outputs/grid_metrics_sdturbo_top_20260626_104807/0_random_140_000000000004/t_delta_0p15/cells/t_start_0p6__t_end_0p1.png
4,0_random_140,0.7,0.1,0.15,22.468011,0.240033,/data/home/mirick/ChordEdit/ablation_outputs/grid_metrics_sdturbo_top_20260626_104807/0_random_140_000000000004/t_delta_0p15/cells/t_start_0p7__t_end_0p1.png
4,0_random_140,0.8,0.1,0.15,19.000251,0.25191,/data/home/mirick/ChordEdit/ablation_outputs/grid_metrics_sdturbo_top_20260626_104807/0_random_140_000000000004/t_delta_0p15/cells/t_start_0p8__t_end_0p1.png
4,0_random_140,0.9,0.1,0.15,16.37679,0.250351,/data/home/mirick/ChordEdit/ablation_outputs/grid_metrics_sdturbo_top_20260626_104807/0_random_140_000000000004/t_delta_0p15/cells/t_start_0p9__t_end_0p1.png
4,0_random_140,1.0,0.1,0.15,15.992419,0.260184,/data/home/mirick/ChordEdit/ablation_outputs/grid_metrics_sdturbo_top_20260626_104807/0_random_140_000000000004/t_delta_0p15/cells/t_start_1p0__t_end_0p1.png
4,0_random_140,0.0,0.2,0.15,24.867739,0.227806,/data/home/mirick/ChordEdit/ablation_outputs/grid_metrics_sdturbo_top_20260626_104807/0_random_140_000000000004/t_delta_0p15/cells/t_start_0p0__t_end_0p2.png
4,0_random_140,0.1,0.2,0.15,24.857914,0.227771,/data/home/mirick/ChordEdit/ablation_outputs/grid_metrics_sdturbo_top_20260626_104807/0_random_140_000000000004/t_delta_0p15/cells/t_start_0p1__t_end_0p2.png
4,0_random_140,0.2,0.2,0.15,24.827961,0.229997,/data/home/mirick/ChordEdit/ablation_outputs/grid_metrics_sdturbo_top_20260626_104807/0_random_140_000000000004/t_delta_0p15/cells/t_start_0p2__t_end_0p2.png
4,0_random_140,0.3,0.2,0.15,24.73715,0.228992,/data/home/mirick/ChordEdit/ablation_outputs/grid_metrics_sdturbo_top_20260626_104807/0_random_140_000000000004/t_delta_0p15/cells/t_start_0p3__t_end_0p2.png
4,0_random_140,0.4,0.2,0.15,24.521588,0.230607,/data/home/mirick/ChordEdit/ablation_outputs/grid_metrics_sdturbo_top_20260626_104807/0_random_140_000000000004/t_delta_0p15/cells/t_start_0p4__t_end_0p2.png
4,0_random_140,0.5,0.2,0.15,24.245271,0.233153,/data/home/mirick/ChordEdit/ablation_outputs/grid_metrics_sdturbo_top_20260626_104807/0_random_140_000000000004/t_delta_0p15/cells/t_start_0p5__t_end_0p2.png
4,0_random_140,0.6,0.2,0.15,23.68142,0.24296,/data/home/mirick/ChordEdit/ablation_outputs/grid_metrics_sdturbo_top_20260626_104807/0_random_140_000000000004/t_delta_0p15/cells/t_start_0p6__t_end_0p2.png
4,0_random_140,0.7,0.2,0.15,21.789223,0.251757,/data/home/mirick/ChordEdit/ablation_outputs/grid_metrics_sdturbo_top_20260626_104807/0_random_140_000000000004/t_delta_0p15/cells/t_start_0p7__t_end_0p2.png
4,0_random_140,0.8,0.2,0.15,18.568014,0.307174,/data/home/mirick/ChordEdit/ablation_outputs/grid_metrics_sdturbo_top_20260626_104807/0_random_140_000000000004/t_delta_0p15/cells/t_start_0p8__t_end_0p2.png
4,0_random_140,0.9,0.2,0.15,16.28673,0.307628,/data/home/mirick/ChordEdit/ablation_outputs/grid_metrics_sdturbo_top_20260626_104807/0_random_140_000000000004/t_delta_0p15/cells/t_start_0p9__t_end_0p2.png
4,0_random_140,1.0,0.2,0.15,16.016969,0.286175,/data/home/mirick/ChordEdit/ablation_outputs/grid_metrics_sdturbo_top_20260626_104807/0_random_140_000000000004/t_delta_0p15/cells/t_start_1p0__t_end_0p2.png
4,0_random_140,0.0,0.3,0.15,22.889054,0.223793,/data/home/mirick/ChordEdit/ablation_outputs/grid_metrics_sdturbo_top_20260626_104807/0_random_140_000000000004/t_delta_0p15/cells/t_start_0p0__t_end_0p3.png
4,0_random_140,0.1,0.3,0.15,22.889157,0.223225,/data/home/mirick/ChordEdit/ablation_outputs/grid_metrics_sdturbo_top_20260626_104807/0_random_140_000000000004/t_delta_0p15/cells/t_start_0p1__t_end_0p3.png
4,0_random_140,0.2,0.3,0.15,22.886238,0.223295,/data/home/mirick/ChordEdit/ablation_outputs/grid_metrics_sdturbo_top_20260626_104807/0_random_140_000000000004/t_delta_0p15/cells/t_start_0p2__t_end_0p3.png
4,0_random_140,0.3,0.3,0.15,22.804787,0.229829,/data/home/mirick/ChordEdit/ablation_outputs/grid_metrics_sdturbo_top_20260626_104807/0_random_140_000000000004/t_delta_0p15/cells/t_start_0p3__t_end_0p3.png
4,0_random_140,0.4,0.3,0.15,22.737626,0.235866,/data/home/mirick/ChordEdit/ablation_outputs/grid_metrics_sdturbo_top_20260626_104807/0_random_140_000000000004/t_delta_0p15/cells/t_start_0p4__t_end_0p3.png
4,0_random_140,0.5,0.3,0.15,22.421709,0.244731,/data/home/mirick/ChordEdit/ablation_outputs/grid_metrics_sdturbo_top_20260626_104807/0_random_140_000000000004/t_delta_0p15/cells/t_start_0p5__t_end_0p3.png
4,0_random_140,0.6,0.3,0.15,21.961768,0.251452,/data/home/mirick/ChordEdit/ablation_outputs/grid_metrics_sdturbo_top_20260626_104807/0_random_140_000000000004/t_delta_0p15/cells/t_start_0p6__t_end_0p3.png
4,0_random_140,0.7,0.3,0.15,20.43091,0.295179,/data/home/mirick/ChordEdit/ablation_outputs/grid_metrics_sdturbo_top_20260626_104807/0_random_140_000000000004/t_delta_0p15/cells/t_start_0p7__t_end_0p3.png
4,0_random_140,0.8,0.3,0.15,17.863637,0.301349,/data/home/mirick/ChordEdit/ablation_outputs/grid_metrics_sdturbo_top_20260626_104807/0_random_140_000000000004/t_delta_0p15/cells/t_start_0p8__t_end_0p3.png
4,0_random_140,0.9,0.3,0.15,15.971932,0.336016,/data/home/mirick/ChordEdit/ablation_outputs/grid_metrics_sdturbo_top_20260626_104807/0_random_140_000000000004/t_delta_0p15/cells/t_start_0p9__t_end_0p3.png
4,0_random_140,1.0,0.3,0.15,15.834758,0.316084,/data/home/mirick/ChordEdit/ablation_outputs/grid_metrics_sdturbo_top_20260626_104807/0_random_140_000000000004/t_delta_0p15/cells/t_start_1p0__t_end_0p3.png
4,0_random_140,0.0,0.4,0.15,20.952954,0.219454,/data/home/mirick/ChordEdit/ablation_outputs/grid_metrics_sdturbo_top_20260626_104807/0_random_140_000000000004/t_delta_0p15/cells/t_start_0p0__t_end_0p4.png
4,0_random_140,0.1,0.4,0.15,20.952311,0.220018,/data/home/mirick/ChordEdit/ablation_outputs/grid_metrics_sdturbo_top_20260626_104807/0_random_140_000000000004/t_delta_0p15/cells/t_start_0p1__t_end_0p4.png
4,0_random_140,0.2,0.4,0.15,20.958072,0.218142,/data/home/mirick/ChordEdit/ablation_outputs/grid_metrics_sdturbo_top_20260626_104807/0_random_140_000000000004/t_delta_0p15/cells/t_start_0p2__t_end_0p4.png
4,0_random_140,0.3,0.4,0.15,20.947137,0.214214,/data/home/mirick/ChordEdit/ablation_outputs/grid_metrics_sdturbo_top_20260626_104807/0_random_140_000000000004/t_delta_0p15/cells/t_start_0p3__t_end_0p4.png
4,0_random_140,0.4,0.4,0.15,20.823777,0.209762,/data/home/mirick/ChordEdit/ablation_outputs/grid_metrics_sdturbo_top_20260626_104807/0_random_140_000000000004/t_delta_0p15/cells/t_start_0p4__t_end_0p4.png
4,0_random_140,0.5,0.4,0.15,20.713955,0.222589,/data/home/mirick/ChordEdit/ablation_outputs/grid_metrics_sdturbo_top_20260626_104807/0_random_140_000000000004/t_delta_0p15/cells/t_start_0p5__t_end_0p4.png
4,0_random_140,0.6,0.4,0.15,20.348239,0.261218,/data/home/mirick/ChordEdit/ablation_outputs/grid_metrics_sdturbo_top_20260626_104807/0_random_140_000000000004/t_delta_0p15/cells/t_start_0p6__t_end_0p4.png
4,0_random_140,0.7,0.4,0.15,19.187645,0.311748,/data/home/mirick/ChordEdit/ablation_outputs/grid_metrics_sdturbo_top_20260626_104807/0_random_140_000000000004/t_delta_0p15/cells/t_start_0p7__t_end_0p4.png
4,0_random_140,0.8,0.4,0.15,16.720319,0.301177,/data/home/mirick/ChordEdit/ablation_outputs/grid_metrics_sdturbo_top_20260626_104807/0_random_140_000000000004/t_delta_0p15/cells/t_start_0p8__t_end_0p4.png
4,0_random_140,0.9,0.4,0.15,15.545913,0.333979,/data/home/mirick/ChordEdit/ablation_outputs/grid_metrics_sdturbo_top_20260626_104807/0_random_140_000000000004/t_delta_0p15/cells/t_start_0p9__t_end_0p4.png
4,0_random_140,1.0,0.4,0.15,15.608618,0.31985,/data/home/mirick/ChordEdit/ablation_outputs/grid_metrics_sdturbo_top_20260626_104807/0_random_140_000000000004/t_delta_0p15/cells/t_start_1p0__t_end_0p4.png
4,0_random_140,0.0,0.5,0.15,19.654028,0.22131,/data/home/mirick/ChordEdit/ablation_outputs/grid_metrics_sdturbo_top_20260626_104807/0_random_140_000000000004/t_delta_0p15/cells/t_start_0p0__t_end_0p5.png
4,0_random_140,0.1,0.5,0.15,19.655983,0.22214,/data/home/mirick/ChordEdit/ablation_outputs/grid_metrics_sdturbo_top_20260626_104807/0_random_140_000000000004/t_delta_0p15/cells/t_start_0p1__t_end_0p5.png
4,0_random_140,0.2,0.5,0.15,19.644807,0.222955,/data/home/mirick/ChordEdit/ablation_outputs/grid_metrics_sdturbo_top_20260626_104807/0_random_140_000000000004/t_delta_0p15/cells/t_start_0p2__t_end_0p5.png
4,0_random_140,0.3,0.5,0.15,19.623344,0.223986,/data/home/mirick/ChordEdit/ablation_outputs/grid_metrics_sdturbo_top_20260626_104807/0_random_140_000000000004/t_delta_0p15/cells/t_start_0p3__t_end_0p5.png
4,0_random_140,0.4,0.5,0.15,19.549439,0.222284,/data/home/mirick/ChordEdit/ablation_outputs/grid_metrics_sdturbo_top_20260626_104807/0_random_140_000000000004/t_delta_0p15/cells/t_start_0p4__t_end_0p5.png
4,0_random_140,0.5,0.5,0.15,19.416882,0.246075,/data/home/mirick/ChordEdit/ablation_outputs/grid_metrics_sdturbo_top_20260626_104807/0_random_140_000000000004/t_delta_0p15/cells/t_start_0p5__t_end_0p5.png
4,0_random_140,0.6,0.5,0.15,19.08568,0.281636,/data/home/mirick/ChordEdit/ablation_outputs/grid_metrics_sdturbo_top_20260626_104807/0_random_140_000000000004/t_delta_0p15/cells/t_start_0p6__t_end_0p5.png
4,0_random_140,0.7,0.5,0.15,18.076585,0.305064,/data/home/mirick/ChordEdit/ablation_outputs/grid_metrics_sdturbo_top_20260626_104807/0_random_140_000000000004/t_delta_0p15/cells/t_start_0p7__t_end_0p5.png
4,0_random_140,0.8,0.5,0.15,15.854595,0.346983,/data/home/mirick/ChordEdit/ablation_outputs/grid_metrics_sdturbo_top_20260626_104807/0_random_140_000000000004/t_delta_0p15/cells/t_start_0p8__t_end_0p5.png
4,0_random_140,0.9,0.5,0.15,15.206884,0.320103,/data/home/mirick/ChordEdit/ablation_outputs/grid_metrics_sdturbo_top_20260626_104807/0_random_140_000000000004/t_delta_0p15/cells/t_start_0p9__t_end_0p5.png
4,0_random_140,1.0,0.5,0.15,15.392754,0.316392,/data/home/mirick/ChordEdit/ablation_outputs/grid_metrics_sdturbo_top_20260626_104807/0_random_140_000000000004/t_delta_0p15/cells/t_start_1p0__t_end_0p5.png
4,0_random_140,0.0,0.6,0.15,16.292768,0.292921,/data/home/mirick/ChordEdit/ablation_outputs/grid_metrics_sdturbo_top_20260626_104807/0_random_140_000000000004/t_delta_0p15/cells/t_start_0p0__t_end_0p6.png
4,0_random_140,0.1,0.6,0.15,16.288131,0.294548,/data/home/mirick/ChordEdit/ablation_outputs/grid_metrics_sdturbo_top_20260626_104807/0_random_140_000000000004/t_delta_0p15/cells/t_start_0p1__t_end_0p6.png
4,0_random_140,0.2,0.6,0.15,16.278554,0.291343,/data/home/mirick/ChordEdit/ablation_outputs/grid_metrics_sdturbo_top_20260626_104807/0_random_140_000000000004/t_delta_0p15/cells/t_start_0p2__t_end_0p6.png
4,0_random_140,0.3,0.6,0.15,16.269098,0.282762,/data/home/mirick/ChordEdit/ablation_outputs/grid_metrics_sdturbo_top_20260626_104807/0_random_140_000000000004/t_delta_0p15/cells/t_start_0p3__t_end_0p6.png
4,0_random_140,0.4,0.6,0.15,16.28705,0.290003,/data/home/mirick/ChordEdit/ablation_outputs/grid_metrics_sdturbo_top_20260626_104807/0_random_140_000000000004/t_delta_0p15/cells/t_start_0p4__t_end_0p6.png
4,0_random_140,0.5,0.6,0.15,16.646563,0.308729,/data/home/mirick/ChordEdit/ablation_outputs/grid_metrics_sdturbo_top_20260626_104807/0_random_140_000000000004/t_delta_0p15/cells/t_start_0p5__t_end_0p6.png
4,0_random_140,0.6,0.6,0.15,16.772586,0.314388,/data/home/mirick/ChordEdit/ablation_outputs/grid_metrics_sdturbo_top_20260626_104807/0_random_140_000000000004/t_delta_0p15/cells/t_start_0p6__t_end_0p6.png
4,0_random_140,0.7,0.6,0.15,16.392482,0.312513,/data/home/mirick/ChordEdit/ablation_outputs/grid_metrics_sdturbo_top_20260626_104807/0_random_140_000000000004/t_delta_0p15/cells/t_start_0p7__t_end_0p6.png
4,0_random_140,0.8,0.6,0.15,15.199284,0.344227,/data/home/mirick/ChordEdit/ablation_outputs/grid_metrics_sdturbo_top_20260626_104807/0_random_140_000000000004/t_delta_0p15/cells/t_start_0p8__t_end_0p6.png
4,0_random_140,0.9,0.6,0.15,14.730749,0.307628,/data/home/mirick/ChordEdit/ablation_outputs/grid_metrics_sdturbo_top_20260626_104807/0_random_140_000000000004/t_delta_0p15/cells/t_start_0p9__t_end_0p6.png
4,0_random_140,1.0,0.6,0.15,14.976523,0.307332,/data/home/mirick/ChordEdit/ablation_outputs/grid_metrics_sdturbo_top_20260626_104807/0_random_140_000000000004/t_delta_0p15/cells/t_start_1p0__t_end_0p6.png
4,0_random_140,0.0,0.7,0.15,15.145671,0.302831,/data/home/mirick/ChordEdit/ablation_outputs/grid_metrics_sdturbo_top_20260626_104807/0_random_140_000000000004/t_delta_0p15/cells/t_start_0p0__t_end_0p7.png
4,0_random_140,0.1,0.7,0.15,15.143783,0.302916,/data/home/mirick/ChordEdit/ablation_outputs/grid_metrics_sdturbo_top_20260626_104807/0_random_140_000000000004/t_delta_0p15/cells/t_start_0p1__t_end_0p7.png
4,0_random_140,0.2,0.7,0.15,15.146078,0.302008,/data/home/mirick/ChordEdit/ablation_outputs/grid_metrics_sdturbo_top_20260626_104807/0_random_140_000000000004/t_delta_0p15/cells/t_start_0p2__t_end_0p7.png
4,0_random_140,0.3,0.7,0.15,15.145921,0.302771,/data/home/mirick/ChordEdit/ablation_outputs/grid_metrics_sdturbo_top_20260626_104807/0_random_140_000000000004/t_delta_0p15/cells/t_start_0p3__t_end_0p7.png
4,0_random_140,0.4,0.7,0.15,15.135276,0.30474,/data/home/mirick/ChordEdit/ablation_outputs/grid_metrics_sdturbo_top_20260626_104807/0_random_140_000000000004/t_delta_0p15/cells/t_start_0p4__t_end_0p7.png
4,0_random_140,0.5,0.7,0.15,15.090915,0.306131,/data/home/mirick/ChordEdit/ablation_outputs/grid_metrics_sdturbo_top_20260626_104807/0_random_140_000000000004/t_delta_0p15/cells/t_start_0p5__t_end_0p7.png
4,0_random_140,0.6,0.7,0.15,15.125172,0.308892,/data/home/mirick/ChordEdit/ablation_outputs/grid_metrics_sdturbo_top_20260626_104807/0_random_140_000000000004/t_delta_0p15/cells/t_start_0p6__t_end_0p7.png
4,0_random_140,0.7,0.7,0.15,15.213237,0.308388,/data/home/mirick/ChordEdit/ablation_outputs/grid_metrics_sdturbo_top_20260626_104807/0_random_140_000000000004/t_delta_0p15/cells/t_start_0p7__t_end_0p7.png
4,0_random_140,0.8,0.7,0.15,14.801231,0.34454,/data/home/mirick/ChordEdit/ablation_outputs/grid_metrics_sdturbo_top_20260626_104807/0_random_140_000000000004/t_delta_0p15/cells/t_start_0p8__t_end_0p7.png
4,0_random_140,0.9,0.7,0.15,14.319252,0.312458,/data/home/mirick/ChordEdit/ablation_outputs/grid_metrics_sdturbo_top_20260626_104807/0_random_140_000000000004/t_delta_0p15/cells/t_start_0p9__t_end_0p7.png
4,0_random_140,1.0,0.7,0.15,14.399085,0.310085,/data/home/mirick/ChordEdit/ablation_outputs/grid_metrics_sdturbo_top_20260626_104807/0_random_140_000000000004/t_delta_0p15/cells/t_start_1p0__t_end_0p7.png
4,0_random_140,0.0,0.8,0.15,14.277585,0.318344,/data/home/mirick/ChordEdit/ablation_outputs/grid_metrics_sdturbo_top_20260626_104807/0_random_140_000000000004/t_delta_0p15/cells/t_start_0p0__t_end_0p8.png
4,0_random_140,0.1,0.8,0.15,14.277407,0.319186,/data/home/mirick/ChordEdit/ablation_outputs/grid_metrics_sdturbo_top_20260626_104807/0_random_140_000000000004/t_delta_0p15/cells/t_start_0p1__t_end_0p8.png
4,0_random_140,0.2,0.8,0.15,14.280655,0.31943,/data/home/mirick/ChordEdit/ablation_outputs/grid_metrics_sdturbo_top_20260626_104807/0_random_140_000000000004/t_delta_0p15/cells/t_start_0p2__t_end_0p8.png
4,0_random_140,0.3,0.8,0.15,14.307901,0.317712,/data/home/mirick/ChordEdit/ablation_outputs/grid_metrics_sdturbo_top_20260626_104807/0_random_140_000000000004/t_delta_0p15/cells/t_start_0p3__t_end_0p8.png
4,0_random_140,0.4,0.8,0.15,14.309677,0.316793,/data/home/mirick/ChordEdit/ablation_outputs/grid_metrics_sdturbo_top_20260626_104807/0_random_140_000000000004/t_delta_0p15/cells/t_start_0p4__t_end_0p8.png
4,0_random_140,0.5,0.8,0.15,14.302725,0.310139,/data/home/mirick/ChordEdit/ablation_outputs/grid_metrics_sdturbo_top_20260626_104807/0_random_140_000000000004/t_delta_0p15/cells/t_start_0p5__t_end_0p8.png
4,0_random_140,0.6,0.8,0.15,14.272651,0.310973,/data/home/mirick/ChordEdit/ablation_outputs/grid_metrics_sdturbo_top_20260626_104807/0_random_140_000000000004/t_delta_0p15/cells/t_start_0p6__t_end_0p8.png
4,0_random_140,0.7,0.8,0.15,14.191855,0.299139,/data/home/mirick/ChordEdit/ablation_outputs/grid_metrics_sdturbo_top_20260626_104807/0_random_140_000000000004/t_delta_0p15/cells/t_start_0p7__t_end_0p8.png
4,0_random_140,0.8,0.8,0.15,14.025995,0.313381,/data/home/mirick/ChordEdit/ablation_outputs/grid_metrics_sdturbo_top_20260626_104807/0_random_140_000000000004/t_delta_0p15/cells/t_start_0p8__t_end_0p8.png
4,0_random_140,0.9,0.8,0.15,14.021928,0.320591,/data/home/mirick/ChordEdit/ablation_outputs/grid_metrics_sdturbo_top_20260626_104807/0_random_140_000000000004/t_delta_0p15/cells/t_start_0p9__t_end_0p8.png
4,0_random_140,1.0,0.8,0.15,14.037093,0.312895,/data/home/mirick/ChordEdit/ablation_outputs/grid_metrics_sdturbo_top_20260626_104807/0_random_140_000000000004/t_delta_0p15/cells/t_start_1p0__t_end_0p8.png
4,0_random_140,0.0,0.9,0.15,13.231406,0.317658,/data/home/mirick/ChordEdit/ablation_outputs/grid_metrics_sdturbo_top_20260626_104807/0_random_140_000000000004/t_delta_0p15/cells/t_start_0p0__t_end_0p9.png
4,0_random_140,0.1,0.9,0.15,13.23037,0.31735,/data/home/mirick/ChordEdit/ablation_outputs/grid_metrics_sdturbo_top_20260626_104807/0_random_140_000000000004/t_delta_0p15/cells/t_start_0p1__t_end_0p9.png
4,0_random_140,0.2,0.9,0.15,13.2305,0.318518,/data/home/mirick/ChordEdit/ablation_outputs/grid_metrics_sdturbo_top_20260626_104807/0_random_140_000000000004/t_delta_0p15/cells/t_start_0p2__t_end_0p9.png
4,0_random_140,0.3,0.9,0.15,13.232206,0.317508,/data/home/mirick/ChordEdit/ablation_outputs/grid_metrics_sdturbo_top_20260626_104807/0_random_140_000000000004/t_delta_0p15/cells/t_start_0p3__t_end_0p9.png
4,0_random_140,0.4,0.9,0.15,13.235848,0.319651,/data/home/mirick/ChordEdit/ablation_outputs/grid_metrics_sdturbo_top_20260626_104807/0_random_140_000000000004/t_delta_0p15/cells/t_start_0p4__t_end_0p9.png
4,0_random_140,0.5,0.9,0.15,13.28518,0.316851,/data/home/mirick/ChordEdit/ablation_outputs/grid_metrics_sdturbo_top_20260626_104807/0_random_140_000000000004/t_delta_0p15/cells/t_start_0p5__t_end_0p9.png
4,0_random_140,0.6,0.9,0.15,13.352375,0.321172,/data/home/mirick/ChordEdit/ablation_outputs/grid_metrics_sdturbo_top_20260626_104807/0_random_140_000000000004/t_delta_0p15/cells/t_start_0p6__t_end_0p9.png
4,0_random_140,0.7,0.9,0.15,13.394076,0.320468,/data/home/mirick/ChordEdit/ablation_outputs/grid_metrics_sdturbo_top_20260626_104807/0_random_140_000000000004/t_delta_0p15/cells/t_start_0p7__t_end_0p9.png
4,0_random_140,0.8,0.9,0.15,13.274503,0.316642,/data/home/mirick/ChordEdit/ablation_outputs/grid_metrics_sdturbo_top_20260626_104807/0_random_140_000000000004/t_delta_0p15/cells/t_start_0p8__t_end_0p9.png
4,0_random_140,0.9,0.9,0.15,12.991015,0.311551,/data/home/mirick/ChordEdit/ablation_outputs/grid_metrics_sdturbo_top_20260626_104807/0_random_140_000000000004/t_delta_0p15/cells/t_start_0p9__t_end_0p9.png
4,0_random_140,1.0,0.9,0.15,13.513195,0.311458,/data/home/mirick/ChordEdit/ablation_outputs/grid_metrics_sdturbo_top_20260626_104807/0_random_140_000000000004/t_delta_0p15/cells/t_start_1p0__t_end_0p9.png
4,0_random_140,0.0,1.0,0.15,11.78079,0.319835,/data/home/mirick/ChordEdit/ablation_outputs/grid_metrics_sdturbo_top_20260626_104807/0_random_140_000000000004/t_delta_0p15/cells/t_start_0p0__t_end_1p0.png
4,0_random_140,0.1,1.0,0.15,11.780163,0.319494,/data/home/mirick/ChordEdit/ablation_outputs/grid_metrics_sdturbo_top_20260626_104807/0_random_140_000000000004/t_delta_0p15/cells/t_start_0p1__t_end_1p0.png
4,0_random_140,0.2,1.0,0.15,11.777728,0.320449,/data/home/mirick/ChordEdit/ablation_outputs/grid_metrics_sdturbo_top_20260626_104807/0_random_140_000000000004/t_delta_0p15/cells/t_start_0p2__t_end_1p0.png
4,0_random_140,0.3,1.0,0.15,11.77703,0.319376,/data/home/mirick/ChordEdit/ablation_outputs/grid_metrics_sdturbo_top_20260626_104807/0_random_140_000000000004/t_delta_0p15/cells/t_start_0p3__t_end_1p0.png
4,0_random_140,0.4,1.0,0.15,11.77028,0.318934,/data/home/mirick/ChordEdit/ablation_outputs/grid_metrics_sdturbo_top_20260626_104807/0_random_140_000000000004/t_delta_0p15/cells/t_start_0p4__t_end_1p0.png
4,0_random_140,0.5,1.0,0.15,11.784991,0.316932,/data/home/mirick/ChordEdit/ablation_outputs/grid_metrics_sdturbo_top_20260626_104807/0_random_140_000000000004/t_delta_0p15/cells/t_start_0p5__t_end_1p0.png
4,0_random_140,0.6,1.0,0.15,11.783172,0.319642,/data/home/mirick/ChordEdit/ablation_outputs/grid_metrics_sdturbo_top_20260626_104807/0_random_140_000000000004/t_delta_0p15/cells/t_start_0p6__t_end_1p0.png
4,0_random_140,0.7,1.0,0.15,11.689218,0.332409,/data/home/mirick/ChordEdit/ablation_outputs/grid_metrics_sdturbo_top_20260626_104807/0_random_140_000000000004/t_delta_0p15/cells/t_start_0p7__t_end_1p0.png
4,0_random_140,0.8,1.0,0.15,11.662297,0.324468,/data/home/mirick/ChordEdit/ablation_outputs/grid_metrics_sdturbo_top_20260626_104807/0_random_140_000000000004/t_delta_0p15/cells/t_start_0p8__t_end_1p0.png
4,0_random_140,0.9,1.0,0.15,11.431804,0.33255,/data/home/mirick/ChordEdit/ablation_outputs/grid_metrics_sdturbo_top_20260626_104807/0_random_140_000000000004/t_delta_0p15/cells/t_start_0p9__t_end_1p0.png
4,0_random_140,1.0,1.0,0.15,11.649712,0.320127,/data/home/mirick/ChordEdit/ablation_outputs/grid_metrics_sdturbo_top_20260626_104807/0_random_140_000000000004/t_delta_0p15/cells/t_start_1p0__t_end_1p0.png
4,0_random_140,0.0,0.0,0.0,31.750464,0.243715,/data/home/mirick/ChordEdit/ablation_outputs/grid_metrics_sdturbo_top_20260626_104807/0_random_140_000000000004/t_delta_0/cells/t_start_0p0__t_end_0p0.png
4,0_random_140,0.1,0.0,0.0,31.65544,0.24426,/data/home/mirick/ChordEdit/ablation_outputs/grid_metrics_sdturbo_top_20260626_104807/0_random_140_000000000004/t_delta_0/cells/t_start_0p1__t_end_0p0.png
4,0_random_140,0.2,0.0,0.0,31.283603,0.243486,/data/home/mirick/ChordEdit/ablation_outputs/grid_metrics_sdturbo_top_20260626_104807/0_random_140_000000000004/t_delta_0/cells/t_start_0p2__t_end_0p0.png
4,0_random_140,0.3,0.0,0.0,30.319839,0.24174,/data/home/mirick/ChordEdit/ablation_outputs/grid_metrics_sdturbo_top_20260626_104807/0_random_140_000000000004/t_delta_0/cells/t_start_0p3__t_end_0p0.png
4,0_random_140,0.4,0.0,0.0,27.554646,0.231468,/data/home/mirick/ChordEdit/ablation_outputs/grid_metrics_sdturbo_top_20260626_104807/0_random_140_000000000004/t_delta_0/cells/t_start_0p4__t_end_0p0.png
4,0_random_140,0.5,0.0,0.0,24.147556,0.220524,/data/home/mirick/ChordEdit/ablation_outputs/grid_metrics_sdturbo_top_20260626_104807/0_random_140_000000000004/t_delta_0/cells/t_start_0p5__t_end_0p0.png
4,0_random_140,0.6,0.0,0.0,19.130377,0.259963,/data/home/mirick/ChordEdit/ablation_outputs/grid_metrics_sdturbo_top_20260626_104807/0_random_140_000000000004/t_delta_0/cells/t_start_0p6__t_end_0p0.png
4,0_random_140,0.7,0.0,0.0,16.56925,0.238124,/data/home/mirick/ChordEdit/ablation_outputs/grid_metrics_sdturbo_top_20260626_104807/0_random_140_000000000004/t_delta_0/cells/t_start_0p7__t_end_0p0.png
4,0_random_140,0.8,0.0,0.0,14.750482,0.253384,/data/home/mirick/ChordEdit/ablation_outputs/grid_metrics_sdturbo_top_20260626_104807/0_random_140_000000000004/t_delta_0/cells/t_start_0p8__t_end_0p0.png
4,0_random_140,0.9,0.0,0.0,14.395284,0.243073,/data/home/mirick/ChordEdit/ablation_outputs/grid_metrics_sdturbo_top_20260626_104807/0_random_140_000000000004/t_delta_0/cells/t_start_0p9__t_end_0p0.png
4,0_random_140,1.0,0.0,0.0,14.50405,0.226593,/data/home/mirick/ChordEdit/ablation_outputs/grid_metrics_sdturbo_top_20260626_104807/0_random_140_000000000004/t_delta_0/cells/t_start_1p0__t_end_0p0.png
4,0_random_140,0.0,0.1,0.0,26.871311,0.23473,/data/home/mirick/ChordEdit/ablation_outputs/grid_metrics_sdturbo_top_20260626_104807/0_random_140_000000000004/t_delta_0/cells/t_start_0p0__t_end_0p1.png
4,0_random_140,0.1,0.1,0.0,26.822802,0.233932,/data/home/mirick/ChordEdit/ablation_outputs/grid_metrics_sdturbo_top_20260626_104807/0_random_140_000000000004/t_delta_0/cells/t_start_0p1__t_end_0p1.png
4,0_random_140,0.2,0.1,0.0,26.727079,0.232147,/data/home/mirick/ChordEdit/ablation_outputs/grid_metrics_sdturbo_top_20260626_104807/0_random_140_000000000004/t_delta_0/cells/t_start_0p2__t_end_0p1.png
4,0_random_140,0.3,0.1,0.0,26.457749,0.23139,/data/home/mirick/ChordEdit/ablation_outputs/grid_metrics_sdturbo_top_20260626_104807/0_random_140_000000000004/t_delta_0/cells/t_start_0p3__t_end_0p1.png
4,0_random_140,0.4,0.1,0.0,25.625501,0.232522,/data/home/mirick/ChordEdit/ablation_outputs/grid_metrics_sdturbo_top_20260626_104807/0_random_140_000000000004/t_delta_0/cells/t_start_0p4__t_end_0p1.png
4,0_random_140,0.5,0.1,0.0,23.910929,0.218881,/data/home/mirick/ChordEdit/ablation_outputs/grid_metrics_sdturbo_top_20260626_104807/0_random_140_000000000004/t_delta_0/cells/t_start_0p5__t_end_0p1.png
4,0_random_140,0.6,0.1,0.0,19.682742,0.271583,/data/home/mirick/ChordEdit/ablation_outputs/grid_metrics_sdturbo_top_20260626_104807/0_random_140_000000000004/t_delta_0/cells/t_start_0p6__t_end_0p1.png
4,0_random_140,0.7,0.1,0.0,16.964714,0.270334,/data/home/mirick/ChordEdit/ablation_outputs/grid_metrics_sdturbo_top_20260626_104807/0_random_140_000000000004/t_delta_0/cells/t_start_0p7__t_end_0p1.png
4,0_random_140,0.8,0.1,0.0,15.095227,0.270315,/data/home/mirick/ChordEdit/ablation_outputs/grid_metrics_sdturbo_top_20260626_104807/0_random_140_000000000004/t_delta_0/cells/t_start_0p8__t_end_0p1.png
4,0_random_140,0.9,0.1,0.0,14.731915,0.291324,/data/home/mirick/ChordEdit/ablation_outputs/grid_metrics_sdturbo_top_20260626_104807/0_random_140_000000000004/t_delta_0/cells/t_start_0p9__t_end_0p1.png
4,0_random_140,1.0,0.1,0.0,14.786408,0.244182,/data/home/mirick/ChordEdit/ablation_outputs/grid_metrics_sdturbo_top_20260626_104807/0_random_140_000000000004/t_delta_0/cells/t_start_1p0__t_end_0p1.png
4,0_random_140,0.0,0.2,0.0,24.867739,0.227806,/data/home/mirick/ChordEdit/ablation_outputs/grid_metrics_sdturbo_top_20260626_104807/0_random_140_000000000004/t_delta_0/cells/t_start_0p0__t_end_0p2.png
4,0_random_140,0.1,0.2,0.0,24.84352,0.227286,/data/home/mirick/ChordEdit/ablation_outputs/grid_metrics_sdturbo_top_20260626_104807/0_random_140_000000000004/t_delta_0/cells/t_start_0p1__t_end_0p2.png
4,0_random_140,0.2,0.2,0.0,24.724789,0.23126,/data/home/mirick/ChordEdit/ablation_outputs/grid_metrics_sdturbo_top_20260626_104807/0_random_140_000000000004/t_delta_0/cells/t_start_0p2__t_end_0p2.png
4,0_random_140,0.3,0.2,0.0,24.468526,0.23099,/data/home/mirick/ChordEdit/ablation_outputs/grid_metrics_sdturbo_top_20260626_104807/0_random_140_000000000004/t_delta_0/cells/t_start_0p3__t_end_0p2.png
4,0_random_140,0.4,0.2,0.0,23.864163,0.226717,/data/home/mirick/ChordEdit/ablation_outputs/grid_metrics_sdturbo_top_20260626_104807/0_random_140_000000000004/t_delta_0/cells/t_start_0p4__t_end_0p2.png
4,0_random_140,0.5,0.2,0.0,22.907554,0.237128,/data/home/mirick/ChordEdit/ablation_outputs/grid_metrics_sdturbo_top_20260626_104807/0_random_140_000000000004/t_delta_0/cells/t_start_0p5__t_end_0p2.png
4,0_random_140,0.6,0.2,0.0,19.594565,0.283908,/data/home/mirick/ChordEdit/ablation_outputs/grid_metrics_sdturbo_top_20260626_104807/0_random_140_000000000004/t_delta_0/cells/t_start_0p6__t_end_0p2.png
4,0_random_140,0.7,0.2,0.0,16.710699,0.327903,/data/home/mirick/ChordEdit/ablation_outputs/grid_metrics_sdturbo_top_20260626_104807/0_random_140_000000000004/t_delta_0/cells/t_start_0p7__t_end_0p2.png
4,0_random_140,0.8,0.2,0.0,15.113853,0.334836,/data/home/mirick/ChordEdit/ablation_outputs/grid_metrics_sdturbo_top_20260626_104807/0_random_140_000000000004/t_delta_0/cells/t_start_0p8__t_end_0p2.png
4,0_random_140,0.9,0.2,0.0,14.893435,0.306985,/data/home/mirick/ChordEdit/ablation_outputs/grid_metrics_sdturbo_top_20260626_104807/0_random_140_000000000004/t_delta_0/cells/t_start_0p9__t_end_0p2.png
4,0_random_140,1.0,0.2,0.0,14.823662,0.311133,/data/home/mirick/ChordEdit/ablation_outputs/grid_metrics_sdturbo_top_20260626_104807/0_random_140_000000000004/t_delta_0/cells/t_start_1p0__t_end_0p2.png
4,0_random_140,0.0,0.3,0.0,22.889054,0.223793,/data/home/mirick/ChordEdit/ablation_outputs/grid_metrics_sdturbo_top_20260626_104807/0_random_140_000000000004/t_delta_0/cells/t_start_0p0__t_end_0p3.png
4,0_random_140,0.1,0.3,0.0,22.886651,0.224677,/data/home/mirick/ChordEdit/ablation_outputs/grid_metrics_sdturbo_top_20260626_104807/0_random_140_000000000004/t_delta_0/cells/t_start_0p1__t_end_0p3.png
4,0_random_140,0.2,0.3,0.0,22.853735,0.226091,/data/home/mirick/ChordEdit/ablation_outputs/grid_metrics_sdturbo_top_20260626_104807/0_random_140_000000000004/t_delta_0/cells/t_start_0p2__t_end_0p3.png
4,0_random_140,0.3,0.3,0.0,22.62061,0.237075,/data/home/mirick/ChordEdit/ablation_outputs/grid_metrics_sdturbo_top_20260626_104807/0_random_140_000000000004/t_delta_0/cells/t_start_0p3__t_end_0p3.png
4,0_random_140,0.4,0.3,0.0,22.145461,0.238346,/data/home/mirick/ChordEdit/ablation_outputs/grid_metrics_sdturbo_top_20260626_104807/0_random_140_000000000004/t_delta_0/cells/t_start_0p4__t_end_0p3.png
4,0_random_140,0.5,0.3,0.0,21.447714,0.269944,/data/home/mirick/ChordEdit/ablation_outputs/grid_metrics_sdturbo_top_20260626_104807/0_random_140_000000000004/t_delta_0/cells/t_start_0p5__t_end_0p3.png
4,0_random_140,0.6,0.3,0.0,18.878653,0.303256,/data/home/mirick/ChordEdit/ablation_outputs/grid_metrics_sdturbo_top_20260626_104807/0_random_140_000000000004/t_delta_0/cells/t_start_0p6__t_end_0p3.png
4,0_random_140,0.7,0.3,0.0,16.289232,0.318634,/data/home/mirick/ChordEdit/ablation_outputs/grid_metrics_sdturbo_top_20260626_104807/0_random_140_000000000004/t_delta_0/cells/t_start_0p7__t_end_0p3.png
4,0_random_140,0.8,0.3,0.0,14.961478,0.320561,/data/home/mirick/ChordEdit/ablation_outputs/grid_metrics_sdturbo_top_20260626_104807/0_random_140_000000000004/t_delta_0/cells/t_start_0p8__t_end_0p3.png
4,0_random_140,0.9,0.3,0.0,14.906661,0.311257,/data/home/mirick/ChordEdit/ablation_outputs/grid_metrics_sdturbo_top_20260626_104807/0_random_140_000000000004/t_delta_0/cells/t_start_0p9__t_end_0p3.png
4,0_random_140,1.0,0.3,0.0,14.778999,0.302061,/data/home/mirick/ChordEdit/ablation_outputs/grid_metrics_sdturbo_top_20260626_104807/0_random_140_000000000004/t_delta_0/cells/t_start_1p0__t_end_0p3.png
4,0_random_140,0.0,0.4,0.0,20.952954,0.219454,/data/home/mirick/ChordEdit/ablation_outputs/grid_metrics_sdturbo_top_20260626_104807/0_random_140_000000000004/t_delta_0/cells/t_start_0p0__t_end_0p4.png
4,0_random_140,0.1,0.4,0.0,20.95145,0.22124,/data/home/mirick/ChordEdit/ablation_outputs/grid_metrics_sdturbo_top_20260626_104807/0_random_140_000000000004/t_delta_0/cells/t_start_0p1__t_end_0p4.png
4,0_random_140,0.2,0.4,0.0,20.958942,0.210162,/data/home/mirick/ChordEdit/ablation_outputs/grid_metrics_sdturbo_top_20260626_104807/0_random_140_000000000004/t_delta_0/cells/t_start_0p2__t_end_0p4.png
4,0_random_140,0.3,0.4,0.0,20.897471,0.210144,/data/home/mirick/ChordEdit/ablation_outputs/grid_metrics_sdturbo_top_20260626_104807/0_random_140_000000000004/t_delta_0/cells/t_start_0p3__t_end_0p4.png
4,0_random_140,0.4,0.4,0.0,20.437446,0.214397,/data/home/mirick/ChordEdit/ablation_outputs/grid_metrics_sdturbo_top_20260626_104807/0_random_140_000000000004/t_delta_0/cells/t_start_0p4__t_end_0p4.png
4,0_random_140,0.5,0.4,0.0,19.925419,0.261247,/data/home/mirick/ChordEdit/ablation_outputs/grid_metrics_sdturbo_top_20260626_104807/0_random_140_000000000004/t_delta_0/cells/t_start_0p5__t_end_0p4.png
4,0_random_140,0.6,0.4,0.0,17.758371,0.303031,/data/home/mirick/ChordEdit/ablation_outputs/grid_metrics_sdturbo_top_20260626_104807/0_random_140_000000000004/t_delta_0/cells/t_start_0p6__t_end_0p4.png
4,0_random_140,0.7,0.4,0.0,15.933904,0.319155,/data/home/mirick/ChordEdit/ablation_outputs/grid_metrics_sdturbo_top_20260626_104807/0_random_140_000000000004/t_delta_0/cells/t_start_0p7__t_end_0p4.png
4,0_random_140,0.8,0.4,0.0,14.589726,0.33224,/data/home/mirick/ChordEdit/ablation_outputs/grid_metrics_sdturbo_top_20260626_104807/0_random_140_000000000004/t_delta_0/cells/t_start_0p8__t_end_0p4.png
4,0_random_140,0.9,0.4,0.0,14.81077,0.316614,/data/home/mirick/ChordEdit/ablation_outputs/grid_metrics_sdturbo_top_20260626_104807/0_random_140_000000000004/t_delta_0/cells/t_start_0p9__t_end_0p4.png
4,0_random_140,1.0,0.4,0.0,14.686287,0.317256,/data/home/mirick/ChordEdit/ablation_outputs/grid_metrics_sdturbo_top_20260626_104807/0_random_140_000000000004/t_delta_0/cells/t_start_1p0__t_end_0p4.png
4,0_random_140,0.0,0.5,0.0,19.654028,0.22131,/data/home/mirick/ChordEdit/ablation_outputs/grid_metrics_sdturbo_top_20260626_104807/0_random_140_000000000004/t_delta_0/cells/t_start_0p0__t_end_0p5.png
4,0_random_140,0.1,0.5,0.0,19.656536,0.22124,/data/home/mirick/ChordEdit/ablation_outputs/grid_metrics_sdturbo_top_20260626_104807/0_random_140_000000000004/t_delta_0/cells/t_start_0p1__t_end_0p5.png
4,0_random_140,0.2,0.5,0.0,19.611165,0.223383,/data/home/mirick/ChordEdit/ablation_outputs/grid_metrics_sdturbo_top_20260626_104807/0_random_140_000000000004/t_delta_0/cells/t_start_0p2__t_end_0p5.png
4,0_random_140,0.3,0.5,0.0,19.537285,0.21855,/data/home/mirick/ChordEdit/ablation_outputs/grid_metrics_sdturbo_top_20260626_104807/0_random_140_000000000004/t_delta_0/cells/t_start_0p3__t_end_0p5.png
4,0_random_140,0.4,0.5,0.0,19.333948,0.23555,/data/home/mirick/ChordEdit/ablation_outputs/grid_metrics_sdturbo_top_20260626_104807/0_random_140_000000000004/t_delta_0/cells/t_start_0p4__t_end_0p5.png
4,0_random_140,0.5,0.5,0.0,18.887727,0.283653,/data/home/mirick/ChordEdit/ablation_outputs/grid_metrics_sdturbo_top_20260626_104807/0_random_140_000000000004/t_delta_0/cells/t_start_0p5__t_end_0p5.png
4,0_random_140,0.6,0.5,0.0,16.339009,0.298571,/data/home/mirick/ChordEdit/ablation_outputs/grid_metrics_sdturbo_top_20260626_104807/0_random_140_000000000004/t_delta_0/cells/t_start_0p6__t_end_0p5.png
4,0_random_140,0.7,0.5,0.0,15.272292,0.335278,/data/home/mirick/ChordEdit/ablation_outputs/grid_metrics_sdturbo_top_20260626_104807/0_random_140_000000000004/t_delta_0/cells/t_start_0p7__t_end_0p5.png
4,0_random_140,0.8,0.5,0.0,14.121088,0.310987,/data/home/mirick/ChordEdit/ablation_outputs/grid_metrics_sdturbo_top_20260626_104807/0_random_140_000000000004/t_delta_0/cells/t_start_0p8__t_end_0p5.png
4,0_random_140,0.9,0.5,0.0,14.531307,0.330136,/data/home/mirick/ChordEdit/ablation_outputs/grid_metrics_sdturbo_top_20260626_104807/0_random_140_000000000004/t_delta_0/cells/t_start_0p9__t_end_0p5.png
4,0_random_140,1.0,0.5,0.0,14.399341,0.319801,/data/home/mirick/ChordEdit/ablation_outputs/grid_metrics_sdturbo_top_20260626_104807/0_random_140_000000000004/t_delta_0/cells/t_start_1p0__t_end_0p5.png
4,0_random_140,0.0,0.6,0.0,16.292768,0.292921,/data/home/mirick/ChordEdit/ablation_outputs/grid_metrics_sdturbo_top_20260626_104807/0_random_140_000000000004/t_delta_0/cells/t_start_0p0__t_end_0p6.png
4,0_random_140,0.1,0.6,0.0,16.283697,0.294059,/data/home/mirick/ChordEdit/ablation_outputs/grid_metrics_sdturbo_top_20260626_104807/0_random_140_000000000004/t_delta_0/cells/t_start_0p1__t_end_0p6.png
4,0_random_140,0.2,0.6,0.0,16.264947,0.288594,/data/home/mirick/ChordEdit/ablation_outputs/grid_metrics_sdturbo_top_20260626_104807/0_random_140_000000000004/t_delta_0/cells/t_start_0p2__t_end_0p6.png
4,0_random_140,0.3,0.6,0.0,16.257173,0.279717,/data/home/mirick/ChordEdit/ablation_outputs/grid_metrics_sdturbo_top_20260626_104807/0_random_140_000000000004/t_delta_0/cells/t_start_0p3__t_end_0p6.png
4,0_random_140,0.4,0.6,0.0,16.409151,0.309506,/data/home/mirick/ChordEdit/ablation_outputs/grid_metrics_sdturbo_top_20260626_104807/0_random_140_000000000004/t_delta_0/cells/t_start_0p4__t_end_0p6.png
4,0_random_140,0.5,0.6,0.0,17.280038,0.311301,/data/home/mirick/ChordEdit/ablation_outputs/grid_metrics_sdturbo_top_20260626_104807/0_random_140_000000000004/t_delta_0/cells/t_start_0p5__t_end_0p6.png
4,0_random_140,0.6,0.6,0.0,15.560986,0.342209,/data/home/mirick/ChordEdit/ablation_outputs/grid_metrics_sdturbo_top_20260626_104807/0_random_140_000000000004/t_delta_0/cells/t_start_0p6__t_end_0p6.png
4,0_random_140,0.7,0.6,0.0,14.734769,0.301795,/data/home/mirick/ChordEdit/ablation_outputs/grid_metrics_sdturbo_top_20260626_104807/0_random_140_000000000004/t_delta_0/cells/t_start_0p7__t_end_0p6.png
4,0_random_140,0.8,0.6,0.0,13.945377,0.316003,/data/home/mirick/ChordEdit/ablation_outputs/grid_metrics_sdturbo_top_20260626_104807/0_random_140_000000000004/t_delta_0/cells/t_start_0p8__t_end_0p6.png
4,0_random_140,0.9,0.6,0.0,14.520217,0.312958,/data/home/mirick/ChordEdit/ablation_outputs/grid_metrics_sdturbo_top_20260626_104807/0_random_140_000000000004/t_delta_0/cells/t_start_0p9__t_end_0p6.png
4,0_random_140,1.0,0.6,0.0,14.367221,0.333013,/data/home/mirick/ChordEdit/ablation_outputs/grid_metrics_sdturbo_top_20260626_104807/0_random_140_000000000004/t_delta_0/cells/t_start_1p0__t_end_0p6.png
4,0_random_140,0.0,0.7,0.0,15.145671,0.302831,/data/home/mirick/ChordEdit/ablation_outputs/grid_metrics_sdturbo_top_20260626_104807/0_random_140_000000000004/t_delta_0/cells/t_start_0p0__t_end_0p7.png
4,0_random_140,0.1,0.7,0.0,15.142842,0.302986,/data/home/mirick/ChordEdit/ablation_outputs/grid_metrics_sdturbo_top_20260626_104807/0_random_140_000000000004/t_delta_0/cells/t_start_0p1__t_end_0p7.png
4,0_random_140,0.2,0.7,0.0,15.145499,0.30148,/data/home/mirick/ChordEdit/ablation_outputs/grid_metrics_sdturbo_top_20260626_104807/0_random_140_000000000004/t_delta_0/cells/t_start_0p2__t_end_0p7.png
4,0_random_140,0.3,0.7,0.0,15.132627,0.306057,/data/home/mirick/ChordEdit/ablation_outputs/grid_metrics_sdturbo_top_20260626_104807/0_random_140_000000000004/t_delta_0/cells/t_start_0p3__t_end_0p7.png
4,0_random_140,0.4,0.7,0.0,15.086619,0.30442,/data/home/mirick/ChordEdit/ablation_outputs/grid_metrics_sdturbo_top_20260626_104807/0_random_140_000000000004/t_delta_0/cells/t_start_0p4__t_end_0p7.png
4,0_random_140,0.5,0.7,0.0,15.326675,0.316924,/data/home/mirick/ChordEdit/ablation_outputs/grid_metrics_sdturbo_top_20260626_104807/0_random_140_000000000004/t_delta_0/cells/t_start_0p5__t_end_0p7.png
4,0_random_140,0.6,0.7,0.0,15.16804,0.321256,/data/home/mirick/ChordEdit/ablation_outputs/grid_metrics_sdturbo_top_20260626_104807/0_random_140_000000000004/t_delta_0/cells/t_start_0p6__t_end_0p7.png
4,0_random_140,0.7,0.7,0.0,14.405484,0.320003,/data/home/mirick/ChordEdit/ablation_outputs/grid_metrics_sdturbo_top_20260626_104807/0_random_140_000000000004/t_delta_0/cells/t_start_0p7__t_end_0p7.png
4,0_random_140,0.8,0.7,0.0,13.471181,0.309883,/data/home/mirick/ChordEdit/ablation_outputs/grid_metrics_sdturbo_top_20260626_104807/0_random_140_000000000004/t_delta_0/cells/t_start_0p8__t_end_0p7.png
4,0_random_140,0.9,0.7,0.0,14.410767,0.314463,/data/home/mirick/ChordEdit/ablation_outputs/grid_metrics_sdturbo_top_20260626_104807/0_random_140_000000000004/t_delta_0/cells/t_start_0p9__t_end_0p7.png
4,0_random_140,1.0,0.7,0.0,14.023179,0.329765,/data/home/mirick/ChordEdit/ablation_outputs/grid_metrics_sdturbo_top_20260626_104807/0_random_140_000000000004/t_delta_0/cells/t_start_1p0__t_end_0p7.png
4,0_random_140,0.0,0.8,0.0,14.277585,0.318344,/data/home/mirick/ChordEdit/ablation_outputs/grid_metrics_sdturbo_top_20260626_104807/0_random_140_000000000004/t_delta_0/cells/t_start_0p0__t_end_0p8.png
4,0_random_140,0.1,0.8,0.0,14.278455,0.319663,/data/home/mirick/ChordEdit/ablation_outputs/grid_metrics_sdturbo_top_20260626_104807/0_random_140_000000000004/t_delta_0/cells/t_start_0p1__t_end_0p8.png
4,0_random_140,0.2,0.8,0.0,14.300074,0.317621,/data/home/mirick/ChordEdit/ablation_outputs/grid_metrics_sdturbo_top_20260626_104807/0_random_140_000000000004/t_delta_0/cells/t_start_0p2__t_end_0p8.png
4,0_random_140,0.3,0.8,0.0,14.307714,0.317158,/data/home/mirick/ChordEdit/ablation_outputs/grid_metrics_sdturbo_top_20260626_104807/0_random_140_000000000004/t_delta_0/cells/t_start_0p3__t_end_0p8.png
4,0_random_140,0.4,0.8,0.0,14.274466,0.319452,/data/home/mirick/ChordEdit/ablation_outputs/grid_metrics_sdturbo_top_20260626_104807/0_random_140_000000000004/t_delta_0/cells/t_start_0p4__t_end_0p8.png
4,0_random_140,0.5,0.8,0.0,14.253271,0.307012,/data/home/mirick/ChordEdit/ablation_outputs/grid_metrics_sdturbo_top_20260626_104807/0_random_140_000000000004/t_delta_0/cells/t_start_0p5__t_end_0p8.png
4,0_random_140,0.6,0.8,0.0,14.1338,0.321728,/data/home/mirick/ChordEdit/ablation_outputs/grid_metrics_sdturbo_top_20260626_104807/0_random_140_000000000004/t_delta_0/cells/t_start_0p6__t_end_0p8.png
4,0_random_140,0.7,0.8,0.0,13.899166,0.313929,/data/home/mirick/ChordEdit/ablation_outputs/grid_metrics_sdturbo_top_20260626_104807/0_random_140_000000000004/t_delta_0/cells/t_start_0p7__t_end_0p8.png
4,0_random_140,0.8,0.8,0.0,13.268562,0.331242,/data/home/mirick/ChordEdit/ablation_outputs/grid_metrics_sdturbo_top_20260626_104807/0_random_140_000000000004/t_delta_0/cells/t_start_0p8__t_end_0p8.png
4,0_random_140,0.9,0.8,0.0,13.908152,0.299238,/data/home/mirick/ChordEdit/ablation_outputs/grid_metrics_sdturbo_top_20260626_104807/0_random_140_000000000004/t_delta_0/cells/t_start_0p9__t_end_0p8.png
4,0_random_140,1.0,0.8,0.0,13.788823,0.325447,/data/home/mirick/ChordEdit/ablation_outputs/grid_metrics_sdturbo_top_20260626_104807/0_random_140_000000000004/t_delta_0/cells/t_start_1p0__t_end_0p8.png
4,0_random_140,0.0,0.9,0.0,13.231406,0.317658,/data/home/mirick/ChordEdit/ablation_outputs/grid_metrics_sdturbo_top_20260626_104807/0_random_140_000000000004/t_delta_0/cells/t_start_0p0__t_end_0p9.png
4,0_random_140,0.1,0.9,0.0,13.228768,0.317331,/data/home/mirick/ChordEdit/ablation_outputs/grid_metrics_sdturbo_top_20260626_104807/0_random_140_000000000004/t_delta_0/cells/t_start_0p1__t_end_0p9.png
4,0_random_140,0.2,0.9,0.0,13.228681,0.317465,/data/home/mirick/ChordEdit/ablation_outputs/grid_metrics_sdturbo_top_20260626_104807/0_random_140_000000000004/t_delta_0/cells/t_start_0p2__t_end_0p9.png
4,0_random_140,0.3,0.9,0.0,13.240235,0.316886,/data/home/mirick/ChordEdit/ablation_outputs/grid_metrics_sdturbo_top_20260626_104807/0_random_140_000000000004/t_delta_0/cells/t_start_0p3__t_end_0p9.png
4,0_random_140,0.4,0.9,0.0,13.249827,0.318895,/data/home/mirick/ChordEdit/ablation_outputs/grid_metrics_sdturbo_top_20260626_104807/0_random_140_000000000004/t_delta_0/cells/t_start_0p4__t_end_0p9.png
4,0_random_140,0.5,0.9,0.0,13.40957,0.318321,/data/home/mirick/ChordEdit/ablation_outputs/grid_metrics_sdturbo_top_20260626_104807/0_random_140_000000000004/t_delta_0/cells/t_start_0p5__t_end_0p9.png
4,0_random_140,0.6,0.9,0.0,13.39629,0.325066,/data/home/mirick/ChordEdit/ablation_outputs/grid_metrics_sdturbo_top_20260626_104807/0_random_140_000000000004/t_delta_0/cells/t_start_0p6__t_end_0p9.png
4,0_random_140,0.7,0.9,0.0,13.001938,0.316634,/data/home/mirick/ChordEdit/ablation_outputs/grid_metrics_sdturbo_top_20260626_104807/0_random_140_000000000004/t_delta_0/cells/t_start_0p7__t_end_0p9.png
4,0_random_140,0.8,0.9,0.0,13.772176,0.31549,/data/home/mirick/ChordEdit/ablation_outputs/grid_metrics_sdturbo_top_20260626_104807/0_random_140_000000000004/t_delta_0/cells/t_start_0p8__t_end_0p9.png
4,0_random_140,0.9,0.9,0.0,12.716968,0.312228,/data/home/mirick/ChordEdit/ablation_outputs/grid_metrics_sdturbo_top_20260626_104807/0_random_140_000000000004/t_delta_0/cells/t_start_0p9__t_end_0p9.png
4,0_random_140,1.0,0.9,0.0,12.518672,0.330137,/data/home/mirick/ChordEdit/ablation_outputs/grid_metrics_sdturbo_top_20260626_104807/0_random_140_000000000004/t_delta_0/cells/t_start_1p0__t_end_0p9.png
4,0_random_140,0.0,1.0,0.0,11.78079,0.319835,/data/home/mirick/ChordEdit/ablation_outputs/grid_metrics_sdturbo_top_20260626_104807/0_random_140_000000000004/t_delta_0/cells/t_start_0p0__t_end_1p0.png
4,0_random_140,0.1,1.0,0.0,11.780082,0.319078,/data/home/mirick/ChordEdit/ablation_outputs/grid_metrics_sdturbo_top_20260626_104807/0_random_140_000000000004/t_delta_0/cells/t_start_0p1__t_end_1p0.png
4,0_random_140,0.2,1.0,0.0,11.77482,0.319879,/data/home/mirick/ChordEdit/ablation_outputs/grid_metrics_sdturbo_top_20260626_104807/0_random_140_000000000004/t_delta_0/cells/t_start_0p2__t_end_1p0.png
4,0_random_140,0.3,1.0,0.0,11.777143,0.31825,/data/home/mirick/ChordEdit/ablation_outputs/grid_metrics_sdturbo_top_20260626_104807/0_random_140_000000000004/t_delta_0/cells/t_start_0p3__t_end_1p0.png
4,0_random_140,0.4,1.0,0.0,11.76797,0.319034,/data/home/mirick/ChordEdit/ablation_outputs/grid_metrics_sdturbo_top_20260626_104807/0_random_140_000000000004/t_delta_0/cells/t_start_0p4__t_end_1p0.png
4,0_random_140,0.5,1.0,0.0,11.810424,0.323207,/data/home/mirick/ChordEdit/ablation_outputs/grid_metrics_sdturbo_top_20260626_104807/0_random_140_000000000004/t_delta_0/cells/t_start_0p5__t_end_1p0.png
4,0_random_140,0.6,1.0,0.0,11.697321,0.332705,/data/home/mirick/ChordEdit/ablation_outputs/grid_metrics_sdturbo_top_20260626_104807/0_random_140_000000000004/t_delta_0/cells/t_start_0p6__t_end_1p0.png
4,0_random_140,0.7,1.0,0.0,11.522032,0.332084,/data/home/mirick/ChordEdit/ablation_outputs/grid_metrics_sdturbo_top_20260626_104807/0_random_140_000000000004/t_delta_0/cells/t_start_0p7__t_end_1p0.png
4,0_random_140,0.8,1.0,0.0,12.196152,0.328712,/data/home/mirick/ChordEdit/ablation_outputs/grid_metrics_sdturbo_top_20260626_104807/0_random_140_000000000004/t_delta_0/cells/t_start_0p8__t_end_1p0.png
4,0_random_140,0.9,1.0,0.0,11.614949,0.321359,/data/home/mirick/ChordEdit/ablation_outputs/grid_metrics_sdturbo_top_20260626_104807/0_random_140_000000000004/t_delta_0/cells/t_start_0p9__t_end_1p0.png
4,0_random_140,1.0,1.0,0.0,11.611373,0.331188,/data/home/mirick/ChordEdit/ablation_outputs/grid_metrics_sdturbo_top_20260626_104807/0_random_140_000000000004/t_delta_0/cells/t_start_1p0__t_end_1p0.png
5,0_random_140,0.0,0.0,0.15,33.585809,0.159688,/data/home/mirick/ChordEdit/ablation_outputs/grid_metrics_sdturbo_top_20260626_104807/0_random_140_000000000005/t_delta_0p15/cells/t_start_0p0__t_end_0p0.png
5,0_random_140,0.1,0.0,0.15,33.526412,0.158497,/data/home/mirick/ChordEdit/ablation_outputs/grid_metrics_sdturbo_top_20260626_104807/0_random_140_000000000005/t_delta_0p15/cells/t_start_0p1__t_end_0p0.png
5,0_random_140,0.2,0.0,0.15,33.347498,0.158386,/data/home/mirick/ChordEdit/ablation_outputs/grid_metrics_sdturbo_top_20260626_104807/0_random_140_000000000005/t_delta_0p15/cells/t_start_0p2__t_end_0p0.png
5,0_random_140,0.3,0.0,0.15,32.87637,0.15804,/data/home/mirick/ChordEdit/ablation_outputs/grid_metrics_sdturbo_top_20260626_104807/0_random_140_000000000005/t_delta_0p15/cells/t_start_0p3__t_end_0p0.png
5,0_random_140,0.4,0.0,0.15,32.083078,0.160707,/data/home/mirick/ChordEdit/ablation_outputs/grid_metrics_sdturbo_top_20260626_104807/0_random_140_000000000005/t_delta_0p15/cells/t_start_0p4__t_end_0p0.png
5,0_random_140,0.5,0.0,0.15,30.790929,0.149837,/data/home/mirick/ChordEdit/ablation_outputs/grid_metrics_sdturbo_top_20260626_104807/0_random_140_000000000005/t_delta_0p15/cells/t_start_0p5__t_end_0p0.png
5,0_random_140,0.6,0.0,0.15,29.341473,0.157891,/data/home/mirick/ChordEdit/ablation_outputs/grid_metrics_sdturbo_top_20260626_104807/0_random_140_000000000005/t_delta_0p15/cells/t_start_0p6__t_end_0p0.png
5,0_random_140,0.7,0.0,0.15,27.412848,0.151112,/data/home/mirick/ChordEdit/ablation_outputs/grid_metrics_sdturbo_top_20260626_104807/0_random_140_000000000005/t_delta_0p15/cells/t_start_0p7__t_end_0p0.png
5,0_random_140,0.8,0.0,0.15,23.020036,0.143297,/data/home/mirick/ChordEdit/ablation_outputs/grid_metrics_sdturbo_top_20260626_104807/0_random_140_000000000005/t_delta_0p15/cells/t_start_0p8__t_end_0p0.png
5,0_random_140,0.9,0.0,0.15,19.980593,0.159231,/data/home/mirick/ChordEdit/ablation_outputs/grid_metrics_sdturbo_top_20260626_104807/0_random_140_000000000005/t_delta_0p15/cells/t_start_0p9__t_end_0p0.png
5,0_random_140,1.0,0.0,0.15,15.515488,0.204721,/data/home/mirick/ChordEdit/ablation_outputs/grid_metrics_sdturbo_top_20260626_104807/0_random_140_000000000005/t_delta_0p15/cells/t_start_1p0__t_end_0p0.png
5,0_random_140,0.0,0.1,0.15,28.33201,0.155516,/data/home/mirick/ChordEdit/ablation_outputs/grid_metrics_sdturbo_top_20260626_104807/0_random_140_000000000005/t_delta_0p15/cells/t_start_0p0__t_end_0p1.png
5,0_random_140,0.1,0.1,0.15,28.318083,0.155891,/data/home/mirick/ChordEdit/ablation_outputs/grid_metrics_sdturbo_top_20260626_104807/0_random_140_000000000005/t_delta_0p15/cells/t_start_0p1__t_end_0p1.png
5,0_random_140,0.2,0.1,0.15,28.270357,0.155131,/data/home/mirick/ChordEdit/ablation_outputs/grid_metrics_sdturbo_top_20260626_104807/0_random_140_000000000005/t_delta_0p15/cells/t_start_0p2__t_end_0p1.png
5,0_random_140,0.3,0.1,0.15,28.125049,0.152949,/data/home/mirick/ChordEdit/ablation_outputs/grid_metrics_sdturbo_top_20260626_104807/0_random_140_000000000005/t_delta_0p15/cells/t_start_0p3__t_end_0p1.png
5,0_random_140,0.4,0.1,0.15,27.849497,0.156819,/data/home/mirick/ChordEdit/ablation_outputs/grid_metrics_sdturbo_top_20260626_104807/0_random_140_000000000005/t_delta_0p15/cells/t_start_0p4__t_end_0p1.png
5,0_random_140,0.5,0.1,0.15,27.396818,0.157675,/data/home/mirick/ChordEdit/ablation_outputs/grid_metrics_sdturbo_top_20260626_104807/0_random_140_000000000005/t_delta_0p15/cells/t_start_0p5__t_end_0p1.png
5,0_random_140,0.6,0.1,0.15,26.863376,0.170729,/data/home/mirick/ChordEdit/ablation_outputs/grid_metrics_sdturbo_top_20260626_104807/0_random_140_000000000005/t_delta_0p15/cells/t_start_0p6__t_end_0p1.png
5,0_random_140,0.7,0.1,0.15,25.846503,0.160323,/data/home/mirick/ChordEdit/ablation_outputs/grid_metrics_sdturbo_top_20260626_104807/0_random_140_000000000005/t_delta_0p15/cells/t_start_0p7__t_end_0p1.png
5,0_random_140,0.8,0.1,0.15,22.993924,0.167781,/data/home/mirick/ChordEdit/ablation_outputs/grid_metrics_sdturbo_top_20260626_104807/0_random_140_000000000005/t_delta_0p15/cells/t_start_0p8__t_end_0p1.png
5,0_random_140,0.9,0.1,0.15,20.200639,0.165302,/data/home/mirick/ChordEdit/ablation_outputs/grid_metrics_sdturbo_top_20260626_104807/0_random_140_000000000005/t_delta_0p15/cells/t_start_0p9__t_end_0p1.png
5,0_random_140,1.0,0.1,0.15,15.676604,0.225511,/data/home/mirick/ChordEdit/ablation_outputs/grid_metrics_sdturbo_top_20260626_104807/0_random_140_000000000005/t_delta_0p15/cells/t_start_1p0__t_end_0p1.png
5,0_random_140,0.0,0.2,0.15,26.012514,0.14585,/data/home/mirick/ChordEdit/ablation_outputs/grid_metrics_sdturbo_top_20260626_104807/0_random_140_000000000005/t_delta_0p15/cells/t_start_0p0__t_end_0p2.png
5,0_random_140,0.1,0.2,0.15,25.995355,0.145769,/data/home/mirick/ChordEdit/ablation_outputs/grid_metrics_sdturbo_top_20260626_104807/0_random_140_000000000005/t_delta_0p15/cells/t_start_0p1__t_end_0p2.png
5,0_random_140,0.2,0.2,0.15,25.934207,0.145583,/data/home/mirick/ChordEdit/ablation_outputs/grid_metrics_sdturbo_top_20260626_104807/0_random_140_000000000005/t_delta_0p15/cells/t_start_0p2__t_end_0p2.png
5,0_random_140,0.3,0.2,0.15,25.754347,0.146003,/data/home/mirick/ChordEdit/ablation_outputs/grid_metrics_sdturbo_top_20260626_104807/0_random_140_000000000005/t_delta_0p15/cells/t_start_0p3__t_end_0p2.png
5,0_random_140,0.4,0.2,0.15,25.504366,0.146836,/data/home/mirick/ChordEdit/ablation_outputs/grid_metrics_sdturbo_top_20260626_104807/0_random_140_000000000005/t_delta_0p15/cells/t_start_0p4__t_end_0p2.png
5,0_random_140,0.5,0.2,0.15,25.129476,0.148653,/data/home/mirick/ChordEdit/ablation_outputs/grid_metrics_sdturbo_top_20260626_104807/0_random_140_000000000005/t_delta_0p15/cells/t_start_0p5__t_end_0p2.png
5,0_random_140,0.6,0.2,0.15,24.896564,0.160785,/data/home/mirick/ChordEdit/ablation_outputs/grid_metrics_sdturbo_top_20260626_104807/0_random_140_000000000005/t_delta_0p15/cells/t_start_0p6__t_end_0p2.png
5,0_random_140,0.7,0.2,0.15,24.212571,0.149973,/data/home/mirick/ChordEdit/ablation_outputs/grid_metrics_sdturbo_top_20260626_104807/0_random_140_000000000005/t_delta_0p15/cells/t_start_0p7__t_end_0p2.png
5,0_random_140,0.8,0.2,0.15,22.317049,0.162025,/data/home/mirick/ChordEdit/ablation_outputs/grid_metrics_sdturbo_top_20260626_104807/0_random_140_000000000005/t_delta_0p15/cells/t_start_0p8__t_end_0p2.png
5,0_random_140,0.9,0.2,0.15,19.974678,0.163478,/data/home/mirick/ChordEdit/ablation_outputs/grid_metrics_sdturbo_top_20260626_104807/0_random_140_000000000005/t_delta_0p15/cells/t_start_0p9__t_end_0p2.png
5,0_random_140,1.0,0.2,0.15,15.596156,0.222169,/data/home/mirick/ChordEdit/ablation_outputs/grid_metrics_sdturbo_top_20260626_104807/0_random_140_000000000005/t_delta_0p15/cells/t_start_1p0__t_end_0p2.png
5,0_random_140,0.0,0.3,0.15,23.649631,0.149585,/data/home/mirick/ChordEdit/ablation_outputs/grid_metrics_sdturbo_top_20260626_104807/0_random_140_000000000005/t_delta_0p15/cells/t_start_0p0__t_end_0p3.png
5,0_random_140,0.1,0.3,0.15,23.637587,0.150318,/data/home/mirick/ChordEdit/ablation_outputs/grid_metrics_sdturbo_top_20260626_104807/0_random_140_000000000005/t_delta_0p15/cells/t_start_0p1__t_end_0p3.png
5,0_random_140,0.2,0.3,0.15,23.567954,0.1498,/data/home/mirick/ChordEdit/ablation_outputs/grid_metrics_sdturbo_top_20260626_104807/0_random_140_000000000005/t_delta_0p15/cells/t_start_0p2__t_end_0p3.png
5,0_random_140,0.3,0.3,0.15,23.303488,0.151777,/data/home/mirick/ChordEdit/ablation_outputs/grid_metrics_sdturbo_top_20260626_104807/0_random_140_000000000005/t_delta_0p15/cells/t_start_0p3__t_end_0p3.png
5,0_random_140,0.4,0.3,0.15,23.118663,0.152208,/data/home/mirick/ChordEdit/ablation_outputs/grid_metrics_sdturbo_top_20260626_104807/0_random_140_000000000005/t_delta_0p15/cells/t_start_0p4__t_end_0p3.png
5,0_random_140,0.5,0.3,0.15,22.778094,0.157119,/data/home/mirick/ChordEdit/ablation_outputs/grid_metrics_sdturbo_top_20260626_104807/0_random_140_000000000005/t_delta_0p15/cells/t_start_0p5__t_end_0p3.png
5,0_random_140,0.6,0.3,0.15,22.642881,0.167054,/data/home/mirick/ChordEdit/ablation_outputs/grid_metrics_sdturbo_top_20260626_104807/0_random_140_000000000005/t_delta_0p15/cells/t_start_0p6__t_end_0p3.png
5,0_random_140,0.7,0.3,0.15,22.151011,0.161161,/data/home/mirick/ChordEdit/ablation_outputs/grid_metrics_sdturbo_top_20260626_104807/0_random_140_000000000005/t_delta_0p15/cells/t_start_0p7__t_end_0p3.png
5,0_random_140,0.8,0.3,0.15,21.015577,0.166978,/data/home/mirick/ChordEdit/ablation_outputs/grid_metrics_sdturbo_top_20260626_104807/0_random_140_000000000005/t_delta_0p15/cells/t_start_0p8__t_end_0p3.png
5,0_random_140,0.9,0.3,0.15,19.464357,0.154669,/data/home/mirick/ChordEdit/ablation_outputs/grid_metrics_sdturbo_top_20260626_104807/0_random_140_000000000005/t_delta_0p15/cells/t_start_0p9__t_end_0p3.png
5,0_random_140,1.0,0.3,0.15,15.374017,0.237794,/data/home/mirick/ChordEdit/ablation_outputs/grid_metrics_sdturbo_top_20260626_104807/0_random_140_000000000005/t_delta_0p15/cells/t_start_1p0__t_end_0p3.png
5,0_random_140,0.0,0.4,0.15,21.148148,0.173841,/data/home/mirick/ChordEdit/ablation_outputs/grid_metrics_sdturbo_top_20260626_104807/0_random_140_000000000005/t_delta_0p15/cells/t_start_0p0__t_end_0p4.png
5,0_random_140,0.1,0.4,0.15,21.133153,0.172525,/data/home/mirick/ChordEdit/ablation_outputs/grid_metrics_sdturbo_top_20260626_104807/0_random_140_000000000005/t_delta_0p15/cells/t_start_0p1__t_end_0p4.png
5,0_random_140,0.2,0.4,0.15,21.113888,0.171811,/data/home/mirick/ChordEdit/ablation_outputs/grid_metrics_sdturbo_top_20260626_104807/0_random_140_000000000005/t_delta_0p15/cells/t_start_0p2__t_end_0p4.png
5,0_random_140,0.3,0.4,0.15,21.056621,0.171039,/data/home/mirick/ChordEdit/ablation_outputs/grid_metrics_sdturbo_top_20260626_104807/0_random_140_000000000005/t_delta_0p15/cells/t_start_0p3__t_end_0p4.png
5,0_random_140,0.4,0.4,0.15,20.926708,0.169348,/data/home/mirick/ChordEdit/ablation_outputs/grid_metrics_sdturbo_top_20260626_104807/0_random_140_000000000005/t_delta_0p15/cells/t_start_0p4__t_end_0p4.png
5,0_random_140,0.5,0.4,0.15,20.707798,0.168886,/data/home/mirick/ChordEdit/ablation_outputs/grid_metrics_sdturbo_top_20260626_104807/0_random_140_000000000005/t_delta_0p15/cells/t_start_0p5__t_end_0p4.png
5,0_random_140,0.6,0.4,0.15,20.511603,0.171572,/data/home/mirick/ChordEdit/ablation_outputs/grid_metrics_sdturbo_top_20260626_104807/0_random_140_000000000005/t_delta_0p15/cells/t_start_0p6__t_end_0p4.png
5,0_random_140,0.7,0.4,0.15,20.171188,0.170154,/data/home/mirick/ChordEdit/ablation_outputs/grid_metrics_sdturbo_top_20260626_104807/0_random_140_000000000005/t_delta_0p15/cells/t_start_0p7__t_end_0p4.png
5,0_random_140,0.8,0.4,0.15,19.390354,0.172765,/data/home/mirick/ChordEdit/ablation_outputs/grid_metrics_sdturbo_top_20260626_104807/0_random_140_000000000005/t_delta_0p15/cells/t_start_0p8__t_end_0p4.png
5,0_random_140,0.9,0.4,0.15,18.651763,0.172837,/data/home/mirick/ChordEdit/ablation_outputs/grid_metrics_sdturbo_top_20260626_104807/0_random_140_000000000005/t_delta_0p15/cells/t_start_0p9__t_end_0p4.png
5,0_random_140,1.0,0.4,0.15,15.189926,0.257297,/data/home/mirick/ChordEdit/ablation_outputs/grid_metrics_sdturbo_top_20260626_104807/0_random_140_000000000005/t_delta_0p15/cells/t_start_1p0__t_end_0p4.png
5,0_random_140,0.0,0.5,0.15,19.588016,0.176385,/data/home/mirick/ChordEdit/ablation_outputs/grid_metrics_sdturbo_top_20260626_104807/0_random_140_000000000005/t_delta_0p15/cells/t_start_0p0__t_end_0p5.png
5,0_random_140,0.1,0.5,0.15,19.574409,0.176466,/data/home/mirick/ChordEdit/ablation_outputs/grid_metrics_sdturbo_top_20260626_104807/0_random_140_000000000005/t_delta_0p15/cells/t_start_0p1__t_end_0p5.png
5,0_random_140,0.2,0.5,0.15,19.553412,0.175533,/data/home/mirick/ChordEdit/ablation_outputs/grid_metrics_sdturbo_top_20260626_104807/0_random_140_000000000005/t_delta_0p15/cells/t_start_0p2__t_end_0p5.png
5,0_random_140,0.3,0.5,0.15,19.525458,0.177268,/data/home/mirick/ChordEdit/ablation_outputs/grid_metrics_sdturbo_top_20260626_104807/0_random_140_000000000005/t_delta_0p15/cells/t_start_0p3__t_end_0p5.png
5,0_random_140,0.4,0.5,0.15,19.41146,0.171514,/data/home/mirick/ChordEdit/ablation_outputs/grid_metrics_sdturbo_top_20260626_104807/0_random_140_000000000005/t_delta_0p15/cells/t_start_0p4__t_end_0p5.png
5,0_random_140,0.5,0.5,0.15,19.258673,0.167912,/data/home/mirick/ChordEdit/ablation_outputs/grid_metrics_sdturbo_top_20260626_104807/0_random_140_000000000005/t_delta_0p15/cells/t_start_0p5__t_end_0p5.png
5,0_random_140,0.6,0.5,0.15,19.136353,0.165354,/data/home/mirick/ChordEdit/ablation_outputs/grid_metrics_sdturbo_top_20260626_104807/0_random_140_000000000005/t_delta_0p15/cells/t_start_0p6__t_end_0p5.png
5,0_random_140,0.7,0.5,0.15,18.761981,0.17694,/data/home/mirick/ChordEdit/ablation_outputs/grid_metrics_sdturbo_top_20260626_104807/0_random_140_000000000005/t_delta_0p15/cells/t_start_0p7__t_end_0p5.png
5,0_random_140,0.8,0.5,0.15,17.9944,0.171509,/data/home/mirick/ChordEdit/ablation_outputs/grid_metrics_sdturbo_top_20260626_104807/0_random_140_000000000005/t_delta_0p15/cells/t_start_0p8__t_end_0p5.png
5,0_random_140,0.9,0.5,0.15,17.451927,0.18967,/data/home/mirick/ChordEdit/ablation_outputs/grid_metrics_sdturbo_top_20260626_104807/0_random_140_000000000005/t_delta_0p15/cells/t_start_0p9__t_end_0p5.png
5,0_random_140,1.0,0.5,0.15,14.61571,0.261697,/data/home/mirick/ChordEdit/ablation_outputs/grid_metrics_sdturbo_top_20260626_104807/0_random_140_000000000005/t_delta_0p15/cells/t_start_1p0__t_end_0p5.png
5,0_random_140,0.0,0.6,0.15,17.890728,0.181612,/data/home/mirick/ChordEdit/ablation_outputs/grid_metrics_sdturbo_top_20260626_104807/0_random_140_000000000005/t_delta_0p15/cells/t_start_0p0__t_end_0p6.png
5,0_random_140,0.1,0.6,0.15,17.891085,0.180375,/data/home/mirick/ChordEdit/ablation_outputs/grid_metrics_sdturbo_top_20260626_104807/0_random_140_000000000005/t_delta_0p15/cells/t_start_0p1__t_end_0p6.png
5,0_random_140,0.2,0.6,0.15,17.888078,0.181842,/data/home/mirick/ChordEdit/ablation_outputs/grid_metrics_sdturbo_top_20260626_104807/0_random_140_000000000005/t_delta_0p15/cells/t_start_0p2__t_end_0p6.png
5,0_random_140,0.3,0.6,0.15,17.838974,0.185499,/data/home/mirick/ChordEdit/ablation_outputs/grid_metrics_sdturbo_top_20260626_104807/0_random_140_000000000005/t_delta_0p15/cells/t_start_0p3__t_end_0p6.png
5,0_random_140,0.4,0.6,0.15,17.768497,0.185642,/data/home/mirick/ChordEdit/ablation_outputs/grid_metrics_sdturbo_top_20260626_104807/0_random_140_000000000005/t_delta_0p15/cells/t_start_0p4__t_end_0p6.png
5,0_random_140,0.5,0.6,0.15,17.644199,0.183185,/data/home/mirick/ChordEdit/ablation_outputs/grid_metrics_sdturbo_top_20260626_104807/0_random_140_000000000005/t_delta_0p15/cells/t_start_0p5__t_end_0p6.png
5,0_random_140,0.6,0.6,0.15,17.525318,0.182005,/data/home/mirick/ChordEdit/ablation_outputs/grid_metrics_sdturbo_top_20260626_104807/0_random_140_000000000005/t_delta_0p15/cells/t_start_0p6__t_end_0p6.png
5,0_random_140,0.7,0.6,0.15,16.910997,0.177439,/data/home/mirick/ChordEdit/ablation_outputs/grid_metrics_sdturbo_top_20260626_104807/0_random_140_000000000005/t_delta_0p15/cells/t_start_0p7__t_end_0p6.png
5,0_random_140,0.8,0.6,0.15,16.32811,0.186745,/data/home/mirick/ChordEdit/ablation_outputs/grid_metrics_sdturbo_top_20260626_104807/0_random_140_000000000005/t_delta_0p15/cells/t_start_0p8__t_end_0p6.png
5,0_random_140,0.9,0.6,0.15,15.588013,0.198425,/data/home/mirick/ChordEdit/ablation_outputs/grid_metrics_sdturbo_top_20260626_104807/0_random_140_000000000005/t_delta_0p15/cells/t_start_0p9__t_end_0p6.png
5,0_random_140,1.0,0.6,0.15,13.757228,0.278867,/data/home/mirick/ChordEdit/ablation_outputs/grid_metrics_sdturbo_top_20260626_104807/0_random_140_000000000005/t_delta_0p15/cells/t_start_1p0__t_end_0p6.png
5,0_random_140,0.0,0.7,0.15,14.99877,0.197662,/data/home/mirick/ChordEdit/ablation_outputs/grid_metrics_sdturbo_top_20260626_104807/0_random_140_000000000005/t_delta_0p15/cells/t_start_0p0__t_end_0p7.png
5,0_random_140,0.1,0.7,0.15,14.997858,0.197102,/data/home/mirick/ChordEdit/ablation_outputs/grid_metrics_sdturbo_top_20260626_104807/0_random_140_000000000005/t_delta_0p15/cells/t_start_0p1__t_end_0p7.png
5,0_random_140,0.2,0.7,0.15,14.988598,0.196077,/data/home/mirick/ChordEdit/ablation_outputs/grid_metrics_sdturbo_top_20260626_104807/0_random_140_000000000005/t_delta_0p15/cells/t_start_0p2__t_end_0p7.png
5,0_random_140,0.3,0.7,0.15,14.969757,0.195854,/data/home/mirick/ChordEdit/ablation_outputs/grid_metrics_sdturbo_top_20260626_104807/0_random_140_000000000005/t_delta_0p15/cells/t_start_0p3__t_end_0p7.png
5,0_random_140,0.4,0.7,0.15,14.927734,0.198545,/data/home/mirick/ChordEdit/ablation_outputs/grid_metrics_sdturbo_top_20260626_104807/0_random_140_000000000005/t_delta_0p15/cells/t_start_0p4__t_end_0p7.png
5,0_random_140,0.5,0.7,0.15,14.838441,0.195555,/data/home/mirick/ChordEdit/ablation_outputs/grid_metrics_sdturbo_top_20260626_104807/0_random_140_000000000005/t_delta_0p15/cells/t_start_0p5__t_end_0p7.png
5,0_random_140,0.6,0.7,0.15,14.733512,0.199888,/data/home/mirick/ChordEdit/ablation_outputs/grid_metrics_sdturbo_top_20260626_104807/0_random_140_000000000005/t_delta_0p15/cells/t_start_0p6__t_end_0p7.png
5,0_random_140,0.7,0.7,0.15,14.559876,0.195961,/data/home/mirick/ChordEdit/ablation_outputs/grid_metrics_sdturbo_top_20260626_104807/0_random_140_000000000005/t_delta_0p15/cells/t_start_0p7__t_end_0p7.png
5,0_random_140,0.8,0.7,0.15,14.141362,0.206343,/data/home/mirick/ChordEdit/ablation_outputs/grid_metrics_sdturbo_top_20260626_104807/0_random_140_000000000005/t_delta_0p15/cells/t_start_0p8__t_end_0p7.png
5,0_random_140,0.9,0.7,0.15,13.816852,0.19189,/data/home/mirick/ChordEdit/ablation_outputs/grid_metrics_sdturbo_top_20260626_104807/0_random_140_000000000005/t_delta_0p15/cells/t_start_0p9__t_end_0p7.png
5,0_random_140,1.0,0.7,0.15,12.651076,0.244615,/data/home/mirick/ChordEdit/ablation_outputs/grid_metrics_sdturbo_top_20260626_104807/0_random_140_000000000005/t_delta_0p15/cells/t_start_1p0__t_end_0p7.png
5,0_random_140,0.0,0.8,0.15,12.272007,0.244566,/data/home/mirick/ChordEdit/ablation_outputs/grid_metrics_sdturbo_top_20260626_104807/0_random_140_000000000005/t_delta_0p15/cells/t_start_0p0__t_end_0p8.png
5,0_random_140,0.1,0.8,0.15,12.253714,0.243821,/data/home/mirick/ChordEdit/ablation_outputs/grid_metrics_sdturbo_top_20260626_104807/0_random_140_000000000005/t_delta_0p15/cells/t_start_0p1__t_end_0p8.png
5,0_random_140,0.2,0.8,0.15,12.227278,0.247521,/data/home/mirick/ChordEdit/ablation_outputs/grid_metrics_sdturbo_top_20260626_104807/0_random_140_000000000005/t_delta_0p15/cells/t_start_0p2__t_end_0p8.png
5,0_random_140,0.3,0.8,0.15,12.192239,0.241272,/data/home/mirick/ChordEdit/ablation_outputs/grid_metrics_sdturbo_top_20260626_104807/0_random_140_000000000005/t_delta_0p15/cells/t_start_0p3__t_end_0p8.png
5,0_random_140,0.4,0.8,0.15,12.118926,0.253197,/data/home/mirick/ChordEdit/ablation_outputs/grid_metrics_sdturbo_top_20260626_104807/0_random_140_000000000005/t_delta_0p15/cells/t_start_0p4__t_end_0p8.png
5,0_random_140,0.5,0.8,0.15,11.991665,0.250482,/data/home/mirick/ChordEdit/ablation_outputs/grid_metrics_sdturbo_top_20260626_104807/0_random_140_000000000005/t_delta_0p15/cells/t_start_0p5__t_end_0p8.png
5,0_random_140,0.6,0.8,0.15,11.828994,0.24146,/data/home/mirick/ChordEdit/ablation_outputs/grid_metrics_sdturbo_top_20260626_104807/0_random_140_000000000005/t_delta_0p15/cells/t_start_0p6__t_end_0p8.png
5,0_random_140,0.7,0.8,0.15,11.588054,0.243346,/data/home/mirick/ChordEdit/ablation_outputs/grid_metrics_sdturbo_top_20260626_104807/0_random_140_000000000005/t_delta_0p15/cells/t_start_0p7__t_end_0p8.png
5,0_random_140,0.8,0.8,0.15,11.800141,0.232181,/data/home/mirick/ChordEdit/ablation_outputs/grid_metrics_sdturbo_top_20260626_104807/0_random_140_000000000005/t_delta_0p15/cells/t_start_0p8__t_end_0p8.png
5,0_random_140,0.9,0.8,0.15,11.594679,0.234059,/data/home/mirick/ChordEdit/ablation_outputs/grid_metrics_sdturbo_top_20260626_104807/0_random_140_000000000005/t_delta_0p15/cells/t_start_0p9__t_end_0p8.png
5,0_random_140,1.0,0.8,0.15,11.734193,0.24339,/data/home/mirick/ChordEdit/ablation_outputs/grid_metrics_sdturbo_top_20260626_104807/0_random_140_000000000005/t_delta_0p15/cells/t_start_1p0__t_end_0p8.png
5,0_random_140,0.0,0.9,0.15,11.244532,0.217291,/data/home/mirick/ChordEdit/ablation_outputs/grid_metrics_sdturbo_top_20260626_104807/0_random_140_000000000005/t_delta_0p15/cells/t_start_0p0__t_end_0p9.png
5,0_random_140,0.1,0.9,0.15,11.242531,0.221371,/data/home/mirick/ChordEdit/ablation_outputs/grid_metrics_sdturbo_top_20260626_104807/0_random_140_000000000005/t_delta_0p15/cells/t_start_0p1__t_end_0p9.png
5,0_random_140,0.2,0.9,0.15,11.244757,0.222812,/data/home/mirick/ChordEdit/ablation_outputs/grid_metrics_sdturbo_top_20260626_104807/0_random_140_000000000005/t_delta_0p15/cells/t_start_0p2__t_end_0p9.png
5,0_random_140,0.3,0.9,0.15,11.243634,0.216852,/data/home/mirick/ChordEdit/ablation_outputs/grid_metrics_sdturbo_top_20260626_104807/0_random_140_000000000005/t_delta_0p15/cells/t_start_0p3__t_end_0p9.png
5,0_random_140,0.4,0.9,0.15,11.233915,0.218459,/data/home/mirick/ChordEdit/ablation_outputs/grid_metrics_sdturbo_top_20260626_104807/0_random_140_000000000005/t_delta_0p15/cells/t_start_0p4__t_end_0p9.png
5,0_random_140,0.5,0.9,0.15,11.214766,0.225873,/data/home/mirick/ChordEdit/ablation_outputs/grid_metrics_sdturbo_top_20260626_104807/0_random_140_000000000005/t_delta_0p15/cells/t_start_0p5__t_end_0p9.png
5,0_random_140,0.6,0.9,0.15,11.061815,0.256409,/data/home/mirick/ChordEdit/ablation_outputs/grid_metrics_sdturbo_top_20260626_104807/0_random_140_000000000005/t_delta_0p15/cells/t_start_0p6__t_end_0p9.png
5,0_random_140,0.7,0.9,0.15,10.811544,0.241464,/data/home/mirick/ChordEdit/ablation_outputs/grid_metrics_sdturbo_top_20260626_104807/0_random_140_000000000005/t_delta_0p15/cells/t_start_0p7__t_end_0p9.png
5,0_random_140,0.8,0.9,0.15,11.143839,0.254172,/data/home/mirick/ChordEdit/ablation_outputs/grid_metrics_sdturbo_top_20260626_104807/0_random_140_000000000005/t_delta_0p15/cells/t_start_0p8__t_end_0p9.png
5,0_random_140,0.9,0.9,0.15,10.990331,0.229478,/data/home/mirick/ChordEdit/ablation_outputs/grid_metrics_sdturbo_top_20260626_104807/0_random_140_000000000005/t_delta_0p15/cells/t_start_0p9__t_end_0p9.png
5,0_random_140,1.0,0.9,0.15,10.991059,0.222154,/data/home/mirick/ChordEdit/ablation_outputs/grid_metrics_sdturbo_top_20260626_104807/0_random_140_000000000005/t_delta_0p15/cells/t_start_1p0__t_end_0p9.png
5,0_random_140,0.0,1.0,0.15,10.075443,0.2313,/data/home/mirick/ChordEdit/ablation_outputs/grid_metrics_sdturbo_top_20260626_104807/0_random_140_000000000005/t_delta_0p15/cells/t_start_0p0__t_end_1p0.png
5,0_random_140,0.1,1.0,0.15,10.074625,0.229895,/data/home/mirick/ChordEdit/ablation_outputs/grid_metrics_sdturbo_top_20260626_104807/0_random_140_000000000005/t_delta_0p15/cells/t_start_0p1__t_end_1p0.png
5,0_random_140,0.2,1.0,0.15,10.077863,0.229363,/data/home/mirick/ChordEdit/ablation_outputs/grid_metrics_sdturbo_top_20260626_104807/0_random_140_000000000005/t_delta_0p15/cells/t_start_0p2__t_end_1p0.png
5,0_random_140,0.3,1.0,0.15,10.083292,0.228206,/data/home/mirick/ChordEdit/ablation_outputs/grid_metrics_sdturbo_top_20260626_104807/0_random_140_000000000005/t_delta_0p15/cells/t_start_0p3__t_end_1p0.png
5,0_random_140,0.4,1.0,0.15,10.093103,0.226682,/data/home/mirick/ChordEdit/ablation_outputs/grid_metrics_sdturbo_top_20260626_104807/0_random_140_000000000005/t_delta_0p15/cells/t_start_0p4__t_end_1p0.png
5,0_random_140,0.5,1.0,0.15,10.090141,0.225547,/data/home/mirick/ChordEdit/ablation_outputs/grid_metrics_sdturbo_top_20260626_104807/0_random_140_000000000005/t_delta_0p15/cells/t_start_0p5__t_end_1p0.png
5,0_random_140,0.6,1.0,0.15,10.122538,0.224565,/data/home/mirick/ChordEdit/ablation_outputs/grid_metrics_sdturbo_top_20260626_104807/0_random_140_000000000005/t_delta_0p15/cells/t_start_0p6__t_end_1p0.png
5,0_random_140,0.7,1.0,0.15,10.25625,0.2321,/data/home/mirick/ChordEdit/ablation_outputs/grid_metrics_sdturbo_top_20260626_104807/0_random_140_000000000005/t_delta_0p15/cells/t_start_0p7__t_end_1p0.png
5,0_random_140,0.8,1.0,0.15,10.53504,0.221921,/data/home/mirick/ChordEdit/ablation_outputs/grid_metrics_sdturbo_top_20260626_104807/0_random_140_000000000005/t_delta_0p15/cells/t_start_0p8__t_end_1p0.png
5,0_random_140,0.9,1.0,0.15,10.499826,0.224208,/data/home/mirick/ChordEdit/ablation_outputs/grid_metrics_sdturbo_top_20260626_104807/0_random_140_000000000005/t_delta_0p15/cells/t_start_0p9__t_end_1p0.png
5,0_random_140,1.0,1.0,0.15,10.261616,0.216973,/data/home/mirick/ChordEdit/ablation_outputs/grid_metrics_sdturbo_top_20260626_104807/0_random_140_000000000005/t_delta_0p15/cells/t_start_1p0__t_end_1p0.png
5,0_random_140,0.0,0.0,0.0,33.585809,0.159688,/data/home/mirick/ChordEdit/ablation_outputs/grid_metrics_sdturbo_top_20260626_104807/0_random_140_000000000005/t_delta_0/cells/t_start_0p0__t_end_0p0.png
5,0_random_140,0.1,0.0,0.0,33.393141,0.158919,/data/home/mirick/ChordEdit/ablation_outputs/grid_metrics_sdturbo_top_20260626_104807/0_random_140_000000000005/t_delta_0/cells/t_start_0p1__t_end_0p0.png
5,0_random_140,0.2,0.0,0.0,32.888941,0.160071,/data/home/mirick/ChordEdit/ablation_outputs/grid_metrics_sdturbo_top_20260626_104807/0_random_140_000000000005/t_delta_0/cells/t_start_0p2__t_end_0p0.png
5,0_random_140,0.3,0.0,0.0,31.635143,0.153973,/data/home/mirick/ChordEdit/ablation_outputs/grid_metrics_sdturbo_top_20260626_104807/0_random_140_000000000005/t_delta_0/cells/t_start_0p3__t_end_0p0.png
5,0_random_140,0.4,0.0,0.0,30.311464,0.154926,/data/home/mirick/ChordEdit/ablation_outputs/grid_metrics_sdturbo_top_20260626_104807/0_random_140_000000000005/t_delta_0/cells/t_start_0p4__t_end_0p0.png
5,0_random_140,0.5,0.0,0.0,28.729932,0.153758,/data/home/mirick/ChordEdit/ablation_outputs/grid_metrics_sdturbo_top_20260626_104807/0_random_140_000000000005/t_delta_0/cells/t_start_0p5__t_end_0p0.png
5,0_random_140,0.6,0.0,0.0,25.158208,0.139838,/data/home/mirick/ChordEdit/ablation_outputs/grid_metrics_sdturbo_top_20260626_104807/0_random_140_000000000005/t_delta_0/cells/t_start_0p6__t_end_0p0.png
5,0_random_140,0.7,0.0,0.0,20.678653,0.16284,/data/home/mirick/ChordEdit/ablation_outputs/grid_metrics_sdturbo_top_20260626_104807/0_random_140_000000000005/t_delta_0/cells/t_start_0p7__t_end_0p0.png
5,0_random_140,0.8,0.0,0.0,16.988397,0.162805,/data/home/mirick/ChordEdit/ablation_outputs/grid_metrics_sdturbo_top_20260626_104807/0_random_140_000000000005/t_delta_0/cells/t_start_0p8__t_end_0p0.png
5,0_random_140,0.9,0.0,0.0,14.752657,0.16821,/data/home/mirick/ChordEdit/ablation_outputs/grid_metrics_sdturbo_top_20260626_104807/0_random_140_000000000005/t_delta_0/cells/t_start_0p9__t_end_0p0.png
5,0_random_140,1.0,0.0,0.0,14.249615,0.175637,/data/home/mirick/ChordEdit/ablation_outputs/grid_metrics_sdturbo_top_20260626_104807/0_random_140_000000000005/t_delta_0/cells/t_start_1p0__t_end_0p0.png
5,0_random_140,0.0,0.1,0.0,28.33201,0.155516,/data/home/mirick/ChordEdit/ablation_outputs/grid_metrics_sdturbo_top_20260626_104807/0_random_140_000000000005/t_delta_0/cells/t_start_0p0__t_end_0p1.png
5,0_random_140,0.1,0.1,0.0,28.287556,0.155932,/data/home/mirick/ChordEdit/ablation_outputs/grid_metrics_sdturbo_top_20260626_104807/0_random_140_000000000005/t_delta_0/cells/t_start_0p1__t_end_0p1.png
5,0_random_140,0.2,0.1,0.0,28.136368,0.154388,/data/home/mirick/ChordEdit/ablation_outputs/grid_metrics_sdturbo_top_20260626_104807/0_random_140_000000000005/t_delta_0/cells/t_start_0p2__t_end_0p1.png
5,0_random_140,0.3,0.1,0.0,27.686483,0.155064,/data/home/mirick/ChordEdit/ablation_outputs/grid_metrics_sdturbo_top_20260626_104807/0_random_140_000000000005/t_delta_0/cells/t_start_0p3__t_end_0p1.png
5,0_random_140,0.4,0.1,0.0,27.211647,0.15919,/data/home/mirick/ChordEdit/ablation_outputs/grid_metrics_sdturbo_top_20260626_104807/0_random_140_000000000005/t_delta_0/cells/t_start_0p4__t_end_0p1.png
5,0_random_140,0.5,0.1,0.0,26.563199,0.168172,/data/home/mirick/ChordEdit/ablation_outputs/grid_metrics_sdturbo_top_20260626_104807/0_random_140_000000000005/t_delta_0/cells/t_start_0p5__t_end_0p1.png
5,0_random_140,0.6,0.1,0.0,24.528909,0.149477,/data/home/mirick/ChordEdit/ablation_outputs/grid_metrics_sdturbo_top_20260626_104807/0_random_140_000000000005/t_delta_0/cells/t_start_0p6__t_end_0p1.png
5,0_random_140,0.7,0.1,0.0,20.924589,0.175445,/data/home/mirick/ChordEdit/ablation_outputs/grid_metrics_sdturbo_top_20260626_104807/0_random_140_000000000005/t_delta_0/cells/t_start_0p7__t_end_0p1.png
5,0_random_140,0.8,0.1,0.0,17.493082,0.178163,/data/home/mirick/ChordEdit/ablation_outputs/grid_metrics_sdturbo_top_20260626_104807/0_random_140_000000000005/t_delta_0/cells/t_start_0p8__t_end_0p1.png
5,0_random_140,0.9,0.1,0.0,14.949461,0.179142,/data/home/mirick/ChordEdit/ablation_outputs/grid_metrics_sdturbo_top_20260626_104807/0_random_140_000000000005/t_delta_0/cells/t_start_0p9__t_end_0p1.png
5,0_random_140,1.0,0.1,0.0,14.398438,0.176794,/data/home/mirick/ChordEdit/ablation_outputs/grid_metrics_sdturbo_top_20260626_104807/0_random_140_000000000005/t_delta_0/cells/t_start_1p0__t_end_0p1.png
5,0_random_140,0.0,0.2,0.0,26.012514,0.14585,/data/home/mirick/ChordEdit/ablation_outputs/grid_metrics_sdturbo_top_20260626_104807/0_random_140_000000000005/t_delta_0/cells/t_start_0p0__t_end_0p2.png
5,0_random_140,0.1,0.2,0.0,25.971519,0.146041,/data/home/mirick/ChordEdit/ablation_outputs/grid_metrics_sdturbo_top_20260626_104807/0_random_140_000000000005/t_delta_0/cells/t_start_0p1__t_end_0p2.png
5,0_random_140,0.2,0.2,0.0,25.804316,0.144302,/data/home/mirick/ChordEdit/ablation_outputs/grid_metrics_sdturbo_top_20260626_104807/0_random_140_000000000005/t_delta_0/cells/t_start_0p2__t_end_0p2.png
5,0_random_140,0.3,0.2,0.0,25.06743,0.147266,/data/home/mirick/ChordEdit/ablation_outputs/grid_metrics_sdturbo_top_20260626_104807/0_random_140_000000000005/t_delta_0/cells/t_start_0p3__t_end_0p2.png
5,0_random_140,0.4,0.2,0.0,25.026144,0.149278,/data/home/mirick/ChordEdit/ablation_outputs/grid_metrics_sdturbo_top_20260626_104807/0_random_140_000000000005/t_delta_0/cells/t_start_0p4__t_end_0p2.png
5,0_random_140,0.5,0.2,0.0,24.598395,0.155904,/data/home/mirick/ChordEdit/ablation_outputs/grid_metrics_sdturbo_top_20260626_104807/0_random_140_000000000005/t_delta_0/cells/t_start_0p5__t_end_0p2.png
5,0_random_140,0.6,0.2,0.0,23.379206,0.157456,/data/home/mirick/ChordEdit/ablation_outputs/grid_metrics_sdturbo_top_20260626_104807/0_random_140_000000000005/t_delta_0/cells/t_start_0p6__t_end_0p2.png
5,0_random_140,0.7,0.2,0.0,20.539731,0.194795,/data/home/mirick/ChordEdit/ablation_outputs/grid_metrics_sdturbo_top_20260626_104807/0_random_140_000000000005/t_delta_0/cells/t_start_0p7__t_end_0p2.png
5,0_random_140,0.8,0.2,0.0,17.638442,0.197193,/data/home/mirick/ChordEdit/ablation_outputs/grid_metrics_sdturbo_top_20260626_104807/0_random_140_000000000005/t_delta_0/cells/t_start_0p8__t_end_0p2.png
5,0_random_140,0.9,0.2,0.0,14.94191,0.206465,/data/home/mirick/ChordEdit/ablation_outputs/grid_metrics_sdturbo_top_20260626_104807/0_random_140_000000000005/t_delta_0/cells/t_start_0p9__t_end_0p2.png
5,0_random_140,1.0,0.2,0.0,14.389238,0.185767,/data/home/mirick/ChordEdit/ablation_outputs/grid_metrics_sdturbo_top_20260626_104807/0_random_140_000000000005/t_delta_0/cells/t_start_1p0__t_end_0p2.png
5,0_random_140,0.0,0.3,0.0,23.649631,0.149585,/data/home/mirick/ChordEdit/ablation_outputs/grid_metrics_sdturbo_top_20260626_104807/0_random_140_000000000005/t_delta_0/cells/t_start_0p0__t_end_0p3.png
5,0_random_140,0.1,0.3,0.0,23.6196,0.148847,/data/home/mirick/ChordEdit/ablation_outputs/grid_metrics_sdturbo_top_20260626_104807/0_random_140_000000000005/t_delta_0/cells/t_start_0p1__t_end_0p3.png
5,0_random_140,0.2,0.3,0.0,23.449339,0.147509,/data/home/mirick/ChordEdit/ablation_outputs/grid_metrics_sdturbo_top_20260626_104807/0_random_140_000000000005/t_delta_0/cells/t_start_0p2__t_end_0p3.png
5,0_random_140,0.3,0.3,0.0,22.945709,0.159015,/data/home/mirick/ChordEdit/ablation_outputs/grid_metrics_sdturbo_top_20260626_104807/0_random_140_000000000005/t_delta_0/cells/t_start_0p3__t_end_0p3.png
5,0_random_140,0.4,0.3,0.0,22.730079,0.163324,/data/home/mirick/ChordEdit/ablation_outputs/grid_metrics_sdturbo_top_20260626_104807/0_random_140_000000000005/t_delta_0/cells/t_start_0p4__t_end_0p3.png
5,0_random_140,0.5,0.3,0.0,22.330005,0.176223,/data/home/mirick/ChordEdit/ablation_outputs/grid_metrics_sdturbo_top_20260626_104807/0_random_140_000000000005/t_delta_0/cells/t_start_0p5__t_end_0p3.png
5,0_random_140,0.6,0.3,0.0,21.725532,0.158415,/data/home/mirick/ChordEdit/ablation_outputs/grid_metrics_sdturbo_top_20260626_104807/0_random_140_000000000005/t_delta_0/cells/t_start_0p6__t_end_0p3.png
5,0_random_140,0.7,0.3,0.0,19.815472,0.192769,/data/home/mirick/ChordEdit/ablation_outputs/grid_metrics_sdturbo_top_20260626_104807/0_random_140_000000000005/t_delta_0/cells/t_start_0p7__t_end_0p3.png
5,0_random_140,0.8,0.3,0.0,17.4647,0.198781,/data/home/mirick/ChordEdit/ablation_outputs/grid_metrics_sdturbo_top_20260626_104807/0_random_140_000000000005/t_delta_0/cells/t_start_0p8__t_end_0p3.png
5,0_random_140,0.9,0.3,0.0,14.858898,0.233012,/data/home/mirick/ChordEdit/ablation_outputs/grid_metrics_sdturbo_top_20260626_104807/0_random_140_000000000005/t_delta_0/cells/t_start_0p9__t_end_0p3.png
5,0_random_140,1.0,0.3,0.0,14.347608,0.178486,/data/home/mirick/ChordEdit/ablation_outputs/grid_metrics_sdturbo_top_20260626_104807/0_random_140_000000000005/t_delta_0/cells/t_start_1p0__t_end_0p3.png
5,0_random_140,0.0,0.4,0.0,21.148148,0.173841,/data/home/mirick/ChordEdit/ablation_outputs/grid_metrics_sdturbo_top_20260626_104807/0_random_140_000000000005/t_delta_0/cells/t_start_0p0__t_end_0p4.png
5,0_random_140,0.1,0.4,0.0,21.115876,0.172873,/data/home/mirick/ChordEdit/ablation_outputs/grid_metrics_sdturbo_top_20260626_104807/0_random_140_000000000005/t_delta_0/cells/t_start_0p1__t_end_0p4.png
5,0_random_140,0.2,0.4,0.0,21.074767,0.170694,/data/home/mirick/ChordEdit/ablation_outputs/grid_metrics_sdturbo_top_20260626_104807/0_random_140_000000000005/t_delta_0/cells/t_start_0p2__t_end_0p4.png
5,0_random_140,0.3,0.4,0.0,21.033151,0.170858,/data/home/mirick/ChordEdit/ablation_outputs/grid_metrics_sdturbo_top_20260626_104807/0_random_140_000000000005/t_delta_0/cells/t_start_0p3__t_end_0p4.png
5,0_random_140,0.4,0.4,0.0,20.63966,0.16692,/data/home/mirick/ChordEdit/ablation_outputs/grid_metrics_sdturbo_top_20260626_104807/0_random_140_000000000005/t_delta_0/cells/t_start_0p4__t_end_0p4.png
5,0_random_140,0.5,0.4,0.0,20.40138,0.171068,/data/home/mirick/ChordEdit/ablation_outputs/grid_metrics_sdturbo_top_20260626_104807/0_random_140_000000000005/t_delta_0/cells/t_start_0p5__t_end_0p4.png
5,0_random_140,0.6,0.4,0.0,19.985067,0.168619,/data/home/mirick/ChordEdit/ablation_outputs/grid_metrics_sdturbo_top_20260626_104807/0_random_140_000000000005/t_delta_0/cells/t_start_0p6__t_end_0p4.png
5,0_random_140,0.7,0.4,0.0,18.76827,0.187995,/data/home/mirick/ChordEdit/ablation_outputs/grid_metrics_sdturbo_top_20260626_104807/0_random_140_000000000005/t_delta_0/cells/t_start_0p7__t_end_0p4.png
5,0_random_140,0.8,0.4,0.0,16.919486,0.205277,/data/home/mirick/ChordEdit/ablation_outputs/grid_metrics_sdturbo_top_20260626_104807/0_random_140_000000000005/t_delta_0/cells/t_start_0p8__t_end_0p4.png
5,0_random_140,0.9,0.4,0.0,14.797253,0.254881,/data/home/mirick/ChordEdit/ablation_outputs/grid_metrics_sdturbo_top_20260626_104807/0_random_140_000000000005/t_delta_0/cells/t_start_0p9__t_end_0p4.png
5,0_random_140,1.0,0.4,0.0,14.248148,0.207934,/data/home/mirick/ChordEdit/ablation_outputs/grid_metrics_sdturbo_top_20260626_104807/0_random_140_000000000005/t_delta_0/cells/t_start_1p0__t_end_0p4.png
5,0_random_140,0.0,0.5,0.0,19.588016,0.176385,/data/home/mirick/ChordEdit/ablation_outputs/grid_metrics_sdturbo_top_20260626_104807/0_random_140_000000000005/t_delta_0/cells/t_start_0p0__t_end_0p5.png
5,0_random_140,0.1,0.5,0.0,19.559755,0.176384,/data/home/mirick/ChordEdit/ablation_outputs/grid_metrics_sdturbo_top_20260626_104807/0_random_140_000000000005/t_delta_0/cells/t_start_0p1__t_end_0p5.png
5,0_random_140,0.2,0.5,0.0,19.519874,0.178758,/data/home/mirick/ChordEdit/ablation_outputs/grid_metrics_sdturbo_top_20260626_104807/0_random_140_000000000005/t_delta_0/cells/t_start_0p2__t_end_0p5.png
5,0_random_140,0.3,0.5,0.0,19.493048,0.17439,/data/home/mirick/ChordEdit/ablation_outputs/grid_metrics_sdturbo_top_20260626_104807/0_random_140_000000000005/t_delta_0/cells/t_start_0p3__t_end_0p5.png
5,0_random_140,0.4,0.5,0.0,19.182398,0.165003,/data/home/mirick/ChordEdit/ablation_outputs/grid_metrics_sdturbo_top_20260626_104807/0_random_140_000000000005/t_delta_0/cells/t_start_0p4__t_end_0p5.png
5,0_random_140,0.5,0.5,0.0,18.943595,0.16918,/data/home/mirick/ChordEdit/ablation_outputs/grid_metrics_sdturbo_top_20260626_104807/0_random_140_000000000005/t_delta_0/cells/t_start_0p5__t_end_0p5.png
5,0_random_140,0.6,0.5,0.0,18.488674,0.172442,/data/home/mirick/ChordEdit/ablation_outputs/grid_metrics_sdturbo_top_20260626_104807/0_random_140_000000000005/t_delta_0/cells/t_start_0p6__t_end_0p5.png
5,0_random_140,0.7,0.5,0.0,17.596078,0.187983,/data/home/mirick/ChordEdit/ablation_outputs/grid_metrics_sdturbo_top_20260626_104807/0_random_140_000000000005/t_delta_0/cells/t_start_0p7__t_end_0p5.png
5,0_random_140,0.8,0.5,0.0,16.104039,0.212563,/data/home/mirick/ChordEdit/ablation_outputs/grid_metrics_sdturbo_top_20260626_104807/0_random_140_000000000005/t_delta_0/cells/t_start_0p8__t_end_0p5.png
5,0_random_140,0.9,0.5,0.0,14.481925,0.250115,/data/home/mirick/ChordEdit/ablation_outputs/grid_metrics_sdturbo_top_20260626_104807/0_random_140_000000000005/t_delta_0/cells/t_start_0p9__t_end_0p5.png
5,0_random_140,1.0,0.5,0.0,14.052915,0.218048,/data/home/mirick/ChordEdit/ablation_outputs/grid_metrics_sdturbo_top_20260626_104807/0_random_140_000000000005/t_delta_0/cells/t_start_1p0__t_end_0p5.png
5,0_random_140,0.0,0.6,0.0,17.890728,0.181612,/data/home/mirick/ChordEdit/ablation_outputs/grid_metrics_sdturbo_top_20260626_104807/0_random_140_000000000005/t_delta_0/cells/t_start_0p0__t_end_0p6.png
5,0_random_140,0.1,0.6,0.0,17.890614,0.18003,/data/home/mirick/ChordEdit/ablation_outputs/grid_metrics_sdturbo_top_20260626_104807/0_random_140_000000000005/t_delta_0/cells/t_start_0p1__t_end_0p6.png
5,0_random_140,0.2,0.6,0.0,17.879686,0.181628,/data/home/mirick/ChordEdit/ablation_outputs/grid_metrics_sdturbo_top_20260626_104807/0_random_140_000000000005/t_delta_0/cells/t_start_0p2__t_end_0p6.png
5,0_random_140,0.3,0.6,0.0,17.701746,0.184838,/data/home/mirick/ChordEdit/ablation_outputs/grid_metrics_sdturbo_top_20260626_104807/0_random_140_000000000005/t_delta_0/cells/t_start_0p3__t_end_0p6.png
5,0_random_140,0.4,0.6,0.0,17.582207,0.17886,/data/home/mirick/ChordEdit/ablation_outputs/grid_metrics_sdturbo_top_20260626_104807/0_random_140_000000000005/t_delta_0/cells/t_start_0p4__t_end_0p6.png
5,0_random_140,0.5,0.6,0.0,17.335578,0.180083,/data/home/mirick/ChordEdit/ablation_outputs/grid_metrics_sdturbo_top_20260626_104807/0_random_140_000000000005/t_delta_0/cells/t_start_0p5__t_end_0p6.png
5,0_random_140,0.6,0.6,0.0,16.964034,0.177641,/data/home/mirick/ChordEdit/ablation_outputs/grid_metrics_sdturbo_top_20260626_104807/0_random_140_000000000005/t_delta_0/cells/t_start_0p6__t_end_0p6.png
5,0_random_140,0.7,0.6,0.0,16.039369,0.196427,/data/home/mirick/ChordEdit/ablation_outputs/grid_metrics_sdturbo_top_20260626_104807/0_random_140_000000000005/t_delta_0/cells/t_start_0p7__t_end_0p6.png
5,0_random_140,0.8,0.6,0.0,14.905469,0.20869,/data/home/mirick/ChordEdit/ablation_outputs/grid_metrics_sdturbo_top_20260626_104807/0_random_140_000000000005/t_delta_0/cells/t_start_0p8__t_end_0p6.png
5,0_random_140,0.9,0.6,0.0,13.89278,0.239858,/data/home/mirick/ChordEdit/ablation_outputs/grid_metrics_sdturbo_top_20260626_104807/0_random_140_000000000005/t_delta_0/cells/t_start_0p9__t_end_0p6.png
5,0_random_140,1.0,0.6,0.0,13.406288,0.224156,/data/home/mirick/ChordEdit/ablation_outputs/grid_metrics_sdturbo_top_20260626_104807/0_random_140_000000000005/t_delta_0/cells/t_start_1p0__t_end_0p6.png
5,0_random_140,0.0,0.7,0.0,14.99877,0.197662,/data/home/mirick/ChordEdit/ablation_outputs/grid_metrics_sdturbo_top_20260626_104807/0_random_140_000000000005/t_delta_0/cells/t_start_0p0__t_end_0p7.png
5,0_random_140,0.1,0.7,0.0,14.996712,0.197116,/data/home/mirick/ChordEdit/ablation_outputs/grid_metrics_sdturbo_top_20260626_104807/0_random_140_000000000005/t_delta_0/cells/t_start_0p1__t_end_0p7.png
5,0_random_140,0.2,0.7,0.0,14.974791,0.197268,/data/home/mirick/ChordEdit/ablation_outputs/grid_metrics_sdturbo_top_20260626_104807/0_random_140_000000000005/t_delta_0/cells/t_start_0p2__t_end_0p7.png
5,0_random_140,0.3,0.7,0.0,14.912932,0.194686,/data/home/mirick/ChordEdit/ablation_outputs/grid_metrics_sdturbo_top_20260626_104807/0_random_140_000000000005/t_delta_0/cells/t_start_0p3__t_end_0p7.png
5,0_random_140,0.4,0.7,0.0,14.844218,0.20158,/data/home/mirick/ChordEdit/ablation_outputs/grid_metrics_sdturbo_top_20260626_104807/0_random_140_000000000005/t_delta_0/cells/t_start_0p4__t_end_0p7.png
5,0_random_140,0.5,0.7,0.0,14.712495,0.196292,/data/home/mirick/ChordEdit/ablation_outputs/grid_metrics_sdturbo_top_20260626_104807/0_random_140_000000000005/t_delta_0/cells/t_start_0p5__t_end_0p7.png
5,0_random_140,0.6,0.7,0.0,14.791466,0.201498,/data/home/mirick/ChordEdit/ablation_outputs/grid_metrics_sdturbo_top_20260626_104807/0_random_140_000000000005/t_delta_0/cells/t_start_0p6__t_end_0p7.png
5,0_random_140,0.7,0.7,0.0,14.041092,0.1923,/data/home/mirick/ChordEdit/ablation_outputs/grid_metrics_sdturbo_top_20260626_104807/0_random_140_000000000005/t_delta_0/cells/t_start_0p7__t_end_0p7.png
5,0_random_140,0.8,0.7,0.0,13.267999,0.19673,/data/home/mirick/ChordEdit/ablation_outputs/grid_metrics_sdturbo_top_20260626_104807/0_random_140_000000000005/t_delta_0/cells/t_start_0p8__t_end_0p7.png
5,0_random_140,0.9,0.7,0.0,13.065567,0.231305,/data/home/mirick/ChordEdit/ablation_outputs/grid_metrics_sdturbo_top_20260626_104807/0_random_140_000000000005/t_delta_0/cells/t_start_0p9__t_end_0p7.png
5,0_random_140,1.0,0.7,0.0,12.65159,0.226235,/data/home/mirick/ChordEdit/ablation_outputs/grid_metrics_sdturbo_top_20260626_104807/0_random_140_000000000005/t_delta_0/cells/t_start_1p0__t_end_0p7.png
5,0_random_140,0.0,0.8,0.0,12.272007,0.244566,/data/home/mirick/ChordEdit/ablation_outputs/grid_metrics_sdturbo_top_20260626_104807/0_random_140_000000000005/t_delta_0/cells/t_start_0p0__t_end_0p8.png
5,0_random_140,0.1,0.8,0.0,12.234225,0.242938,/data/home/mirick/ChordEdit/ablation_outputs/grid_metrics_sdturbo_top_20260626_104807/0_random_140_000000000005/t_delta_0/cells/t_start_0p1__t_end_0p8.png
5,0_random_140,0.2,0.8,0.0,12.185689,0.243354,/data/home/mirick/ChordEdit/ablation_outputs/grid_metrics_sdturbo_top_20260626_104807/0_random_140_000000000005/t_delta_0/cells/t_start_0p2__t_end_0p8.png
5,0_random_140,0.3,0.8,0.0,12.135413,0.254406,/data/home/mirick/ChordEdit/ablation_outputs/grid_metrics_sdturbo_top_20260626_104807/0_random_140_000000000005/t_delta_0/cells/t_start_0p3__t_end_0p8.png
5,0_random_140,0.4,0.8,0.0,11.973835,0.251584,/data/home/mirick/ChordEdit/ablation_outputs/grid_metrics_sdturbo_top_20260626_104807/0_random_140_000000000005/t_delta_0/cells/t_start_0p4__t_end_0p8.png
5,0_random_140,0.5,0.8,0.0,11.803555,0.243618,/data/home/mirick/ChordEdit/ablation_outputs/grid_metrics_sdturbo_top_20260626_104807/0_random_140_000000000005/t_delta_0/cells/t_start_0p5__t_end_0p8.png
5,0_random_140,0.6,0.8,0.0,11.569973,0.242389,/data/home/mirick/ChordEdit/ablation_outputs/grid_metrics_sdturbo_top_20260626_104807/0_random_140_000000000005/t_delta_0/cells/t_start_0p6__t_end_0p8.png
5,0_random_140,0.7,0.8,0.0,11.739826,0.203255,/data/home/mirick/ChordEdit/ablation_outputs/grid_metrics_sdturbo_top_20260626_104807/0_random_140_000000000005/t_delta_0/cells/t_start_0p7__t_end_0p8.png
5,0_random_140,0.8,0.8,0.0,11.466756,0.221068,/data/home/mirick/ChordEdit/ablation_outputs/grid_metrics_sdturbo_top_20260626_104807/0_random_140_000000000005/t_delta_0/cells/t_start_0p8__t_end_0p8.png
5,0_random_140,0.9,0.8,0.0,12.037307,0.238422,/data/home/mirick/ChordEdit/ablation_outputs/grid_metrics_sdturbo_top_20260626_104807/0_random_140_000000000005/t_delta_0/cells/t_start_0p9__t_end_0p8.png
5,0_random_140,1.0,0.8,0.0,12.027178,0.226101,/data/home/mirick/ChordEdit/ablation_outputs/grid_metrics_sdturbo_top_20260626_104807/0_random_140_000000000005/t_delta_0/cells/t_start_1p0__t_end_0p8.png
5,0_random_140,0.0,0.9,0.0,11.244532,0.217291,/data/home/mirick/ChordEdit/ablation_outputs/grid_metrics_sdturbo_top_20260626_104807/0_random_140_000000000005/t_delta_0/cells/t_start_0p0__t_end_0p9.png
5,0_random_140,0.1,0.9,0.0,11.239397,0.222503,/data/home/mirick/ChordEdit/ablation_outputs/grid_metrics_sdturbo_top_20260626_104807/0_random_140_000000000005/t_delta_0/cells/t_start_0p1__t_end_0p9.png
5,0_random_140,0.2,0.9,0.0,11.240647,0.217097,/data/home/mirick/ChordEdit/ablation_outputs/grid_metrics_sdturbo_top_20260626_104807/0_random_140_000000000005/t_delta_0/cells/t_start_0p2__t_end_0p9.png
5,0_random_140,0.3,0.9,0.0,11.227269,0.222257,/data/home/mirick/ChordEdit/ablation_outputs/grid_metrics_sdturbo_top_20260626_104807/0_random_140_000000000005/t_delta_0/cells/t_start_0p3__t_end_0p9.png
5,0_random_140,0.4,0.9,0.0,11.226837,0.230023,/data/home/mirick/ChordEdit/ablation_outputs/grid_metrics_sdturbo_top_20260626_104807/0_random_140_000000000005/t_delta_0/cells/t_start_0p4__t_end_0p9.png
5,0_random_140,0.5,0.9,0.0,11.092429,0.247636,/data/home/mirick/ChordEdit/ablation_outputs/grid_metrics_sdturbo_top_20260626_104807/0_random_140_000000000005/t_delta_0/cells/t_start_0p5__t_end_0p9.png
5,0_random_140,0.6,0.9,0.0,10.567722,0.245255,/data/home/mirick/ChordEdit/ablation_outputs/grid_metrics_sdturbo_top_20260626_104807/0_random_140_000000000005/t_delta_0/cells/t_start_0p6__t_end_0p9.png
5,0_random_140,0.7,0.9,0.0,11.134444,0.229935,/data/home/mirick/ChordEdit/ablation_outputs/grid_metrics_sdturbo_top_20260626_104807/0_random_140_000000000005/t_delta_0/cells/t_start_0p7__t_end_0p9.png
5,0_random_140,0.8,0.9,0.0,10.585287,0.258998,/data/home/mirick/ChordEdit/ablation_outputs/grid_metrics_sdturbo_top_20260626_104807/0_random_140_000000000005/t_delta_0/cells/t_start_0p8__t_end_0p9.png
5,0_random_140,0.9,0.9,0.0,11.196974,0.233302,/data/home/mirick/ChordEdit/ablation_outputs/grid_metrics_sdturbo_top_20260626_104807/0_random_140_000000000005/t_delta_0/cells/t_start_0p9__t_end_0p9.png
5,0_random_140,1.0,0.9,0.0,11.106233,0.214092,/data/home/mirick/ChordEdit/ablation_outputs/grid_metrics_sdturbo_top_20260626_104807/0_random_140_000000000005/t_delta_0/cells/t_start_1p0__t_end_0p9.png
5,0_random_140,0.0,1.0,0.0,10.075443,0.2313,/data/home/mirick/ChordEdit/ablation_outputs/grid_metrics_sdturbo_top_20260626_104807/0_random_140_000000000005/t_delta_0/cells/t_start_0p0__t_end_1p0.png
5,0_random_140,0.1,1.0,0.0,10.073947,0.228627,/data/home/mirick/ChordEdit/ablation_outputs/grid_metrics_sdturbo_top_20260626_104807/0_random_140_000000000005/t_delta_0/cells/t_start_0p1__t_end_1p0.png
5,0_random_140,0.2,1.0,0.0,10.082348,0.227614,/data/home/mirick/ChordEdit/ablation_outputs/grid_metrics_sdturbo_top_20260626_104807/0_random_140_000000000005/t_delta_0/cells/t_start_0p2__t_end_1p0.png
5,0_random_140,0.3,1.0,0.0,10.096689,0.225588,/data/home/mirick/ChordEdit/ablation_outputs/grid_metrics_sdturbo_top_20260626_104807/0_random_140_000000000005/t_delta_0/cells/t_start_0p3__t_end_1p0.png
5,0_random_140,0.4,1.0,0.0,10.100256,0.22689,/data/home/mirick/ChordEdit/ablation_outputs/grid_metrics_sdturbo_top_20260626_104807/0_random_140_000000000005/t_delta_0/cells/t_start_0p4__t_end_1p0.png
5,0_random_140,0.5,1.0,0.0,10.111087,0.226473,/data/home/mirick/ChordEdit/ablation_outputs/grid_metrics_sdturbo_top_20260626_104807/0_random_140_000000000005/t_delta_0/cells/t_start_0p5__t_end_1p0.png
5,0_random_140,0.6,1.0,0.0,10.210928,0.220767,/data/home/mirick/ChordEdit/ablation_outputs/grid_metrics_sdturbo_top_20260626_104807/0_random_140_000000000005/t_delta_0/cells/t_start_0p6__t_end_1p0.png
5,0_random_140,0.7,1.0,0.0,10.393119,0.222909,/data/home/mirick/ChordEdit/ablation_outputs/grid_metrics_sdturbo_top_20260626_104807/0_random_140_000000000005/t_delta_0/cells/t_start_0p7__t_end_1p0.png
5,0_random_140,0.8,1.0,0.0,10.522481,0.230478,/data/home/mirick/ChordEdit/ablation_outputs/grid_metrics_sdturbo_top_20260626_104807/0_random_140_000000000005/t_delta_0/cells/t_start_0p8__t_end_1p0.png
5,0_random_140,0.9,1.0,0.0,10.747085,0.22371,/data/home/mirick/ChordEdit/ablation_outputs/grid_metrics_sdturbo_top_20260626_104807/0_random_140_000000000005/t_delta_0/cells/t_start_0p9__t_end_1p0.png
5,0_random_140,1.0,1.0,0.0,10.184184,0.221105,/data/home/mirick/ChordEdit/ablation_outputs/grid_metrics_sdturbo_top_20260626_104807/0_random_140_000000000005/t_delta_0/cells/t_start_1p0__t_end_1p0.png
6,0_random_140,0.0,0.0,0.15,36.487848,0.228531,/data/home/mirick/ChordEdit/ablation_outputs/grid_metrics_sdturbo_top_20260626_104807/0_random_140_000000000006/t_delta_0p15/cells/t_start_0p0__t_end_0p0.png
6,0_random_140,0.1,0.0,0.15,36.467518,0.228512,/data/home/mirick/ChordEdit/ablation_outputs/grid_metrics_sdturbo_top_20260626_104807/0_random_140_000000000006/t_delta_0p15/cells/t_start_0p1__t_end_0p0.png
6,0_random_140,0.2,0.0,0.15,36.330145,0.229046,/data/home/mirick/ChordEdit/ablation_outputs/grid_metrics_sdturbo_top_20260626_104807/0_random_140_000000000006/t_delta_0p15/cells/t_start_0p2__t_end_0p0.png
6,0_random_140,0.3,0.0,0.15,35.319965,0.228538,/data/home/mirick/ChordEdit/ablation_outputs/grid_metrics_sdturbo_top_20260626_104807/0_random_140_000000000006/t_delta_0p15/cells/t_start_0p3__t_end_0p0.png
6,0_random_140,0.4,0.0,0.15,32.218744,0.223377,/data/home/mirick/ChordEdit/ablation_outputs/grid_metrics_sdturbo_top_20260626_104807/0_random_140_000000000006/t_delta_0p15/cells/t_start_0p4__t_end_0p0.png
6,0_random_140,0.5,0.0,0.15,29.045694,0.227316,/data/home/mirick/ChordEdit/ablation_outputs/grid_metrics_sdturbo_top_20260626_104807/0_random_140_000000000006/t_delta_0p15/cells/t_start_0p5__t_end_0p0.png
6,0_random_140,0.6,0.0,0.15,26.901085,0.227772,/data/home/mirick/ChordEdit/ablation_outputs/grid_metrics_sdturbo_top_20260626_104807/0_random_140_000000000006/t_delta_0p15/cells/t_start_0p6__t_end_0p0.png
6,0_random_140,0.7,0.0,0.15,25.320034,0.205002,/data/home/mirick/ChordEdit/ablation_outputs/grid_metrics_sdturbo_top_20260626_104807/0_random_140_000000000006/t_delta_0p15/cells/t_start_0p7__t_end_0p0.png
6,0_random_140,0.8,0.0,0.15,22.95626,0.154979,/data/home/mirick/ChordEdit/ablation_outputs/grid_metrics_sdturbo_top_20260626_104807/0_random_140_000000000006/t_delta_0p15/cells/t_start_0p8__t_end_0p0.png
6,0_random_140,0.9,0.0,0.15,21.747791,0.174545,/data/home/mirick/ChordEdit/ablation_outputs/grid_metrics_sdturbo_top_20260626_104807/0_random_140_000000000006/t_delta_0p15/cells/t_start_0p9__t_end_0p0.png
6,0_random_140,1.0,0.0,0.15,17.383481,0.242308,/data/home/mirick/ChordEdit/ablation_outputs/grid_metrics_sdturbo_top_20260626_104807/0_random_140_000000000006/t_delta_0p15/cells/t_start_1p0__t_end_0p0.png
6,0_random_140,0.0,0.1,0.15,30.750537,0.223756,/data/home/mirick/ChordEdit/ablation_outputs/grid_metrics_sdturbo_top_20260626_104807/0_random_140_000000000006/t_delta_0p15/cells/t_start_0p0__t_end_0p1.png
6,0_random_140,0.1,0.1,0.15,30.720784,0.223204,/data/home/mirick/ChordEdit/ablation_outputs/grid_metrics_sdturbo_top_20260626_104807/0_random_140_000000000006/t_delta_0p15/cells/t_start_0p1__t_end_0p1.png
6,0_random_140,0.2,0.1,0.15,30.655492,0.224004,/data/home/mirick/ChordEdit/ablation_outputs/grid_metrics_sdturbo_top_20260626_104807/0_random_140_000000000006/t_delta_0p15/cells/t_start_0p2__t_end_0p1.png
6,0_random_140,0.3,0.1,0.15,30.277068,0.225524,/data/home/mirick/ChordEdit/ablation_outputs/grid_metrics_sdturbo_top_20260626_104807/0_random_140_000000000006/t_delta_0p15/cells/t_start_0p3__t_end_0p1.png
6,0_random_140,0.4,0.1,0.15,28.858442,0.239944,/data/home/mirick/ChordEdit/ablation_outputs/grid_metrics_sdturbo_top_20260626_104807/0_random_140_000000000006/t_delta_0p15/cells/t_start_0p4__t_end_0p1.png
6,0_random_140,0.5,0.1,0.15,27.410907,0.239199,/data/home/mirick/ChordEdit/ablation_outputs/grid_metrics_sdturbo_top_20260626_104807/0_random_140_000000000006/t_delta_0p15/cells/t_start_0p5__t_end_0p1.png
6,0_random_140,0.6,0.1,0.15,26.388428,0.280674,/data/home/mirick/ChordEdit/ablation_outputs/grid_metrics_sdturbo_top_20260626_104807/0_random_140_000000000006/t_delta_0p15/cells/t_start_0p6__t_end_0p1.png
6,0_random_140,0.7,0.1,0.15,25.065268,0.301164,/data/home/mirick/ChordEdit/ablation_outputs/grid_metrics_sdturbo_top_20260626_104807/0_random_140_000000000006/t_delta_0p15/cells/t_start_0p7__t_end_0p1.png
6,0_random_140,0.8,0.1,0.15,23.249566,0.310556,/data/home/mirick/ChordEdit/ablation_outputs/grid_metrics_sdturbo_top_20260626_104807/0_random_140_000000000006/t_delta_0p15/cells/t_start_0p8__t_end_0p1.png
6,0_random_140,0.9,0.1,0.15,22.249873,0.293548,/data/home/mirick/ChordEdit/ablation_outputs/grid_metrics_sdturbo_top_20260626_104807/0_random_140_000000000006/t_delta_0p15/cells/t_start_0p9__t_end_0p1.png
6,0_random_140,1.0,0.1,0.15,17.879759,0.305672,/data/home/mirick/ChordEdit/ablation_outputs/grid_metrics_sdturbo_top_20260626_104807/0_random_140_000000000006/t_delta_0p15/cells/t_start_1p0__t_end_0p1.png
6,0_random_140,0.0,0.2,0.15,27.795171,0.227577,/data/home/mirick/ChordEdit/ablation_outputs/grid_metrics_sdturbo_top_20260626_104807/0_random_140_000000000006/t_delta_0p15/cells/t_start_0p0__t_end_0p2.png
6,0_random_140,0.1,0.2,0.15,27.775044,0.227867,/data/home/mirick/ChordEdit/ablation_outputs/grid_metrics_sdturbo_top_20260626_104807/0_random_140_000000000006/t_delta_0p15/cells/t_start_0p1__t_end_0p2.png
6,0_random_140,0.2,0.2,0.15,27.656667,0.225878,/data/home/mirick/ChordEdit/ablation_outputs/grid_metrics_sdturbo_top_20260626_104807/0_random_140_000000000006/t_delta_0p15/cells/t_start_0p2__t_end_0p2.png
6,0_random_140,0.3,0.2,0.15,26.976517,0.246977,/data/home/mirick/ChordEdit/ablation_outputs/grid_metrics_sdturbo_top_20260626_104807/0_random_140_000000000006/t_delta_0p15/cells/t_start_0p3__t_end_0p2.png
6,0_random_140,0.4,0.2,0.15,26.190292,0.2659,/data/home/mirick/ChordEdit/ablation_outputs/grid_metrics_sdturbo_top_20260626_104807/0_random_140_000000000006/t_delta_0p15/cells/t_start_0p4__t_end_0p2.png
6,0_random_140,0.5,0.2,0.15,25.305973,0.285774,/data/home/mirick/ChordEdit/ablation_outputs/grid_metrics_sdturbo_top_20260626_104807/0_random_140_000000000006/t_delta_0p15/cells/t_start_0p5__t_end_0p2.png
6,0_random_140,0.6,0.2,0.15,24.995473,0.281353,/data/home/mirick/ChordEdit/ablation_outputs/grid_metrics_sdturbo_top_20260626_104807/0_random_140_000000000006/t_delta_0p15/cells/t_start_0p6__t_end_0p2.png
6,0_random_140,0.7,0.2,0.15,24.134844,0.305037,/data/home/mirick/ChordEdit/ablation_outputs/grid_metrics_sdturbo_top_20260626_104807/0_random_140_000000000006/t_delta_0p15/cells/t_start_0p7__t_end_0p2.png
6,0_random_140,0.8,0.2,0.15,22.645188,0.299638,/data/home/mirick/ChordEdit/ablation_outputs/grid_metrics_sdturbo_top_20260626_104807/0_random_140_000000000006/t_delta_0p15/cells/t_start_0p8__t_end_0p2.png
6,0_random_140,0.9,0.2,0.15,22.014469,0.296675,/data/home/mirick/ChordEdit/ablation_outputs/grid_metrics_sdturbo_top_20260626_104807/0_random_140_000000000006/t_delta_0p15/cells/t_start_0p9__t_end_0p2.png
6,0_random_140,1.0,0.2,0.15,18.025328,0.301143,/data/home/mirick/ChordEdit/ablation_outputs/grid_metrics_sdturbo_top_20260626_104807/0_random_140_000000000006/t_delta_0p15/cells/t_start_1p0__t_end_0p2.png
6,0_random_140,0.0,0.3,0.15,24.665442,0.29539,/data/home/mirick/ChordEdit/ablation_outputs/grid_metrics_sdturbo_top_20260626_104807/0_random_140_000000000006/t_delta_0p15/cells/t_start_0p0__t_end_0p3.png
6,0_random_140,0.1,0.3,0.15,24.658385,0.296401,/data/home/mirick/ChordEdit/ablation_outputs/grid_metrics_sdturbo_top_20260626_104807/0_random_140_000000000006/t_delta_0p15/cells/t_start_0p1__t_end_0p3.png
6,0_random_140,0.2,0.3,0.15,24.644346,0.296308,/data/home/mirick/ChordEdit/ablation_outputs/grid_metrics_sdturbo_top_20260626_104807/0_random_140_000000000006/t_delta_0p15/cells/t_start_0p2__t_end_0p3.png
6,0_random_140,0.3,0.3,0.15,24.220989,0.277705,/data/home/mirick/ChordEdit/ablation_outputs/grid_metrics_sdturbo_top_20260626_104807/0_random_140_000000000006/t_delta_0p15/cells/t_start_0p3__t_end_0p3.png
6,0_random_140,0.4,0.3,0.15,23.813117,0.267664,/data/home/mirick/ChordEdit/ablation_outputs/grid_metrics_sdturbo_top_20260626_104807/0_random_140_000000000006/t_delta_0p15/cells/t_start_0p4__t_end_0p3.png
6,0_random_140,0.5,0.3,0.15,23.392449,0.276727,/data/home/mirick/ChordEdit/ablation_outputs/grid_metrics_sdturbo_top_20260626_104807/0_random_140_000000000006/t_delta_0p15/cells/t_start_0p5__t_end_0p3.png
6,0_random_140,0.6,0.3,0.15,23.362812,0.248791,/data/home/mirick/ChordEdit/ablation_outputs/grid_metrics_sdturbo_top_20260626_104807/0_random_140_000000000006/t_delta_0p15/cells/t_start_0p6__t_end_0p3.png
6,0_random_140,0.7,0.3,0.15,22.904808,0.284079,/data/home/mirick/ChordEdit/ablation_outputs/grid_metrics_sdturbo_top_20260626_104807/0_random_140_000000000006/t_delta_0p15/cells/t_start_0p7__t_end_0p3.png
6,0_random_140,0.8,0.3,0.15,21.614026,0.276699,/data/home/mirick/ChordEdit/ablation_outputs/grid_metrics_sdturbo_top_20260626_104807/0_random_140_000000000006/t_delta_0p15/cells/t_start_0p8__t_end_0p3.png
6,0_random_140,0.9,0.3,0.15,21.043968,0.303579,/data/home/mirick/ChordEdit/ablation_outputs/grid_metrics_sdturbo_top_20260626_104807/0_random_140_000000000006/t_delta_0p15/cells/t_start_0p9__t_end_0p3.png
6,0_random_140,1.0,0.3,0.15,18.020724,0.307916,/data/home/mirick/ChordEdit/ablation_outputs/grid_metrics_sdturbo_top_20260626_104807/0_random_140_000000000006/t_delta_0p15/cells/t_start_1p0__t_end_0p3.png
6,0_random_140,0.0,0.4,0.15,22.452515,0.280362,/data/home/mirick/ChordEdit/ablation_outputs/grid_metrics_sdturbo_top_20260626_104807/0_random_140_000000000006/t_delta_0p15/cells/t_start_0p0__t_end_0p4.png
6,0_random_140,0.1,0.4,0.15,22.448059,0.283969,/data/home/mirick/ChordEdit/ablation_outputs/grid_metrics_sdturbo_top_20260626_104807/0_random_140_000000000006/t_delta_0p15/cells/t_start_0p1__t_end_0p4.png
6,0_random_140,0.2,0.4,0.15,22.427827,0.288628,/data/home/mirick/ChordEdit/ablation_outputs/grid_metrics_sdturbo_top_20260626_104807/0_random_140_000000000006/t_delta_0p15/cells/t_start_0p2__t_end_0p4.png
6,0_random_140,0.3,0.4,0.15,22.209236,0.289776,/data/home/mirick/ChordEdit/ablation_outputs/grid_metrics_sdturbo_top_20260626_104807/0_random_140_000000000006/t_delta_0p15/cells/t_start_0p3__t_end_0p4.png
6,0_random_140,0.4,0.4,0.15,21.924718,0.288357,/data/home/mirick/ChordEdit/ablation_outputs/grid_metrics_sdturbo_top_20260626_104807/0_random_140_000000000006/t_delta_0p15/cells/t_start_0p4__t_end_0p4.png
6,0_random_140,0.5,0.4,0.15,21.648819,0.239585,/data/home/mirick/ChordEdit/ablation_outputs/grid_metrics_sdturbo_top_20260626_104807/0_random_140_000000000006/t_delta_0p15/cells/t_start_0p5__t_end_0p4.png
6,0_random_140,0.6,0.4,0.15,21.523017,0.21271,/data/home/mirick/ChordEdit/ablation_outputs/grid_metrics_sdturbo_top_20260626_104807/0_random_140_000000000006/t_delta_0p15/cells/t_start_0p6__t_end_0p4.png
6,0_random_140,0.7,0.4,0.15,21.36837,0.292579,/data/home/mirick/ChordEdit/ablation_outputs/grid_metrics_sdturbo_top_20260626_104807/0_random_140_000000000006/t_delta_0p15/cells/t_start_0p7__t_end_0p4.png
6,0_random_140,0.8,0.4,0.15,20.438974,0.283756,/data/home/mirick/ChordEdit/ablation_outputs/grid_metrics_sdturbo_top_20260626_104807/0_random_140_000000000006/t_delta_0p15/cells/t_start_0p8__t_end_0p4.png
6,0_random_140,0.9,0.4,0.15,19.928483,0.306577,/data/home/mirick/ChordEdit/ablation_outputs/grid_metrics_sdturbo_top_20260626_104807/0_random_140_000000000006/t_delta_0p15/cells/t_start_0p9__t_end_0p4.png
6,0_random_140,1.0,0.4,0.15,17.800511,0.299295,/data/home/mirick/ChordEdit/ablation_outputs/grid_metrics_sdturbo_top_20260626_104807/0_random_140_000000000006/t_delta_0p15/cells/t_start_1p0__t_end_0p4.png
6,0_random_140,0.0,0.5,0.15,20.284036,0.293537,/data/home/mirick/ChordEdit/ablation_outputs/grid_metrics_sdturbo_top_20260626_104807/0_random_140_000000000006/t_delta_0p15/cells/t_start_0p0__t_end_0p5.png
6,0_random_140,0.1,0.5,0.15,20.285936,0.294767,/data/home/mirick/ChordEdit/ablation_outputs/grid_metrics_sdturbo_top_20260626_104807/0_random_140_000000000006/t_delta_0p15/cells/t_start_0p1__t_end_0p5.png
6,0_random_140,0.2,0.5,0.15,20.293659,0.292549,/data/home/mirick/ChordEdit/ablation_outputs/grid_metrics_sdturbo_top_20260626_104807/0_random_140_000000000006/t_delta_0p15/cells/t_start_0p2__t_end_0p5.png
6,0_random_140,0.3,0.5,0.15,20.199565,0.299505,/data/home/mirick/ChordEdit/ablation_outputs/grid_metrics_sdturbo_top_20260626_104807/0_random_140_000000000006/t_delta_0p15/cells/t_start_0p3__t_end_0p5.png
6,0_random_140,0.4,0.5,0.15,19.992535,0.297881,/data/home/mirick/ChordEdit/ablation_outputs/grid_metrics_sdturbo_top_20260626_104807/0_random_140_000000000006/t_delta_0p15/cells/t_start_0p4__t_end_0p5.png
6,0_random_140,0.5,0.5,0.15,19.871344,0.285813,/data/home/mirick/ChordEdit/ablation_outputs/grid_metrics_sdturbo_top_20260626_104807/0_random_140_000000000006/t_delta_0p15/cells/t_start_0p5__t_end_0p5.png
6,0_random_140,0.6,0.5,0.15,19.755579,0.288366,/data/home/mirick/ChordEdit/ablation_outputs/grid_metrics_sdturbo_top_20260626_104807/0_random_140_000000000006/t_delta_0p15/cells/t_start_0p6__t_end_0p5.png
6,0_random_140,0.7,0.5,0.15,19.560688,0.305643,/data/home/mirick/ChordEdit/ablation_outputs/grid_metrics_sdturbo_top_20260626_104807/0_random_140_000000000006/t_delta_0p15/cells/t_start_0p7__t_end_0p5.png
6,0_random_140,0.8,0.5,0.15,19.096108,0.297275,/data/home/mirick/ChordEdit/ablation_outputs/grid_metrics_sdturbo_top_20260626_104807/0_random_140_000000000006/t_delta_0p15/cells/t_start_0p8__t_end_0p5.png
6,0_random_140,0.9,0.5,0.15,18.698447,0.30639,/data/home/mirick/ChordEdit/ablation_outputs/grid_metrics_sdturbo_top_20260626_104807/0_random_140_000000000006/t_delta_0p15/cells/t_start_0p9__t_end_0p5.png
6,0_random_140,1.0,0.5,0.15,17.142385,0.302084,/data/home/mirick/ChordEdit/ablation_outputs/grid_metrics_sdturbo_top_20260626_104807/0_random_140_000000000006/t_delta_0p15/cells/t_start_1p0__t_end_0p5.png
6,0_random_140,0.0,0.6,0.15,18.3122,0.303283,/data/home/mirick/ChordEdit/ablation_outputs/grid_metrics_sdturbo_top_20260626_104807/0_random_140_000000000006/t_delta_0p15/cells/t_start_0p0__t_end_0p6.png
6,0_random_140,0.1,0.6,0.15,18.313277,0.303347,/data/home/mirick/ChordEdit/ablation_outputs/grid_metrics_sdturbo_top_20260626_104807/0_random_140_000000000006/t_delta_0p15/cells/t_start_0p1__t_end_0p6.png
6,0_random_140,0.2,0.6,0.15,18.31353,0.301813,/data/home/mirick/ChordEdit/ablation_outputs/grid_metrics_sdturbo_top_20260626_104807/0_random_140_000000000006/t_delta_0p15/cells/t_start_0p2__t_end_0p6.png
6,0_random_140,0.3,0.6,0.15,18.244931,0.295159,/data/home/mirick/ChordEdit/ablation_outputs/grid_metrics_sdturbo_top_20260626_104807/0_random_140_000000000006/t_delta_0p15/cells/t_start_0p3__t_end_0p6.png
6,0_random_140,0.4,0.6,0.15,18.165184,0.295287,/data/home/mirick/ChordEdit/ablation_outputs/grid_metrics_sdturbo_top_20260626_104807/0_random_140_000000000006/t_delta_0p15/cells/t_start_0p4__t_end_0p6.png
6,0_random_140,0.5,0.6,0.15,18.163139,0.295509,/data/home/mirick/ChordEdit/ablation_outputs/grid_metrics_sdturbo_top_20260626_104807/0_random_140_000000000006/t_delta_0p15/cells/t_start_0p5__t_end_0p6.png
6,0_random_140,0.6,0.6,0.15,18.111459,0.307969,/data/home/mirick/ChordEdit/ablation_outputs/grid_metrics_sdturbo_top_20260626_104807/0_random_140_000000000006/t_delta_0p15/cells/t_start_0p6__t_end_0p6.png
6,0_random_140,0.7,0.6,0.15,17.983854,0.311892,/data/home/mirick/ChordEdit/ablation_outputs/grid_metrics_sdturbo_top_20260626_104807/0_random_140_000000000006/t_delta_0p15/cells/t_start_0p7__t_end_0p6.png
6,0_random_140,0.8,0.6,0.15,17.652242,0.310611,/data/home/mirick/ChordEdit/ablation_outputs/grid_metrics_sdturbo_top_20260626_104807/0_random_140_000000000006/t_delta_0p15/cells/t_start_0p8__t_end_0p6.png
6,0_random_140,0.9,0.6,0.15,16.491534,0.306103,/data/home/mirick/ChordEdit/ablation_outputs/grid_metrics_sdturbo_top_20260626_104807/0_random_140_000000000006/t_delta_0p15/cells/t_start_0p9__t_end_0p6.png
6,0_random_140,1.0,0.6,0.15,15.936229,0.304643,/data/home/mirick/ChordEdit/ablation_outputs/grid_metrics_sdturbo_top_20260626_104807/0_random_140_000000000006/t_delta_0p15/cells/t_start_1p0__t_end_0p6.png
6,0_random_140,0.0,0.7,0.15,16.199091,0.303317,/data/home/mirick/ChordEdit/ablation_outputs/grid_metrics_sdturbo_top_20260626_104807/0_random_140_000000000006/t_delta_0p15/cells/t_start_0p0__t_end_0p7.png
6,0_random_140,0.1,0.7,0.15,16.198522,0.303774,/data/home/mirick/ChordEdit/ablation_outputs/grid_metrics_sdturbo_top_20260626_104807/0_random_140_000000000006/t_delta_0p15/cells/t_start_0p1__t_end_0p7.png
6,0_random_140,0.2,0.7,0.15,16.195454,0.304038,/data/home/mirick/ChordEdit/ablation_outputs/grid_metrics_sdturbo_top_20260626_104807/0_random_140_000000000006/t_delta_0p15/cells/t_start_0p2__t_end_0p7.png
6,0_random_140,0.3,0.7,0.15,16.151868,0.303768,/data/home/mirick/ChordEdit/ablation_outputs/grid_metrics_sdturbo_top_20260626_104807/0_random_140_000000000006/t_delta_0p15/cells/t_start_0p3__t_end_0p7.png
6,0_random_140,0.4,0.7,0.15,16.10806,0.302554,/data/home/mirick/ChordEdit/ablation_outputs/grid_metrics_sdturbo_top_20260626_104807/0_random_140_000000000006/t_delta_0p15/cells/t_start_0p4__t_end_0p7.png
6,0_random_140,0.5,0.7,0.15,16.092778,0.305085,/data/home/mirick/ChordEdit/ablation_outputs/grid_metrics_sdturbo_top_20260626_104807/0_random_140_000000000006/t_delta_0p15/cells/t_start_0p5__t_end_0p7.png
6,0_random_140,0.6,0.7,0.15,16.194776,0.306503,/data/home/mirick/ChordEdit/ablation_outputs/grid_metrics_sdturbo_top_20260626_104807/0_random_140_000000000006/t_delta_0p15/cells/t_start_0p6__t_end_0p7.png
6,0_random_140,0.7,0.7,0.15,16.074422,0.30846,/data/home/mirick/ChordEdit/ablation_outputs/grid_metrics_sdturbo_top_20260626_104807/0_random_140_000000000006/t_delta_0p15/cells/t_start_0p7__t_end_0p7.png
6,0_random_140,0.8,0.7,0.15,16.007134,0.315121,/data/home/mirick/ChordEdit/ablation_outputs/grid_metrics_sdturbo_top_20260626_104807/0_random_140_000000000006/t_delta_0p15/cells/t_start_0p8__t_end_0p7.png
6,0_random_140,0.9,0.7,0.15,15.661314,0.302906,/data/home/mirick/ChordEdit/ablation_outputs/grid_metrics_sdturbo_top_20260626_104807/0_random_140_000000000006/t_delta_0p15/cells/t_start_0p9__t_end_0p7.png
6,0_random_140,1.0,0.7,0.15,15.484997,0.298525,/data/home/mirick/ChordEdit/ablation_outputs/grid_metrics_sdturbo_top_20260626_104807/0_random_140_000000000006/t_delta_0p15/cells/t_start_1p0__t_end_0p7.png
6,0_random_140,0.0,0.8,0.15,15.53709,0.317976,/data/home/mirick/ChordEdit/ablation_outputs/grid_metrics_sdturbo_top_20260626_104807/0_random_140_000000000006/t_delta_0p15/cells/t_start_0p0__t_end_0p8.png
6,0_random_140,0.1,0.8,0.15,15.534491,0.318166,/data/home/mirick/ChordEdit/ablation_outputs/grid_metrics_sdturbo_top_20260626_104807/0_random_140_000000000006/t_delta_0p15/cells/t_start_0p1__t_end_0p8.png
6,0_random_140,0.2,0.8,0.15,15.532227,0.318871,/data/home/mirick/ChordEdit/ablation_outputs/grid_metrics_sdturbo_top_20260626_104807/0_random_140_000000000006/t_delta_0p15/cells/t_start_0p2__t_end_0p8.png
6,0_random_140,0.3,0.8,0.15,15.502965,0.317023,/data/home/mirick/ChordEdit/ablation_outputs/grid_metrics_sdturbo_top_20260626_104807/0_random_140_000000000006/t_delta_0p15/cells/t_start_0p3__t_end_0p8.png
6,0_random_140,0.4,0.8,0.15,15.502711,0.316893,/data/home/mirick/ChordEdit/ablation_outputs/grid_metrics_sdturbo_top_20260626_104807/0_random_140_000000000006/t_delta_0p15/cells/t_start_0p4__t_end_0p8.png
6,0_random_140,0.5,0.8,0.15,15.508491,0.315279,/data/home/mirick/ChordEdit/ablation_outputs/grid_metrics_sdturbo_top_20260626_104807/0_random_140_000000000006/t_delta_0p15/cells/t_start_0p5__t_end_0p8.png
6,0_random_140,0.6,0.8,0.15,15.564995,0.31547,/data/home/mirick/ChordEdit/ablation_outputs/grid_metrics_sdturbo_top_20260626_104807/0_random_140_000000000006/t_delta_0p15/cells/t_start_0p6__t_end_0p8.png
6,0_random_140,0.7,0.8,0.15,15.511285,0.311697,/data/home/mirick/ChordEdit/ablation_outputs/grid_metrics_sdturbo_top_20260626_104807/0_random_140_000000000006/t_delta_0p15/cells/t_start_0p7__t_end_0p8.png
6,0_random_140,0.8,0.8,0.15,15.4566,0.308169,/data/home/mirick/ChordEdit/ablation_outputs/grid_metrics_sdturbo_top_20260626_104807/0_random_140_000000000006/t_delta_0p15/cells/t_start_0p8__t_end_0p8.png
6,0_random_140,0.9,0.8,0.15,15.304719,0.300614,/data/home/mirick/ChordEdit/ablation_outputs/grid_metrics_sdturbo_top_20260626_104807/0_random_140_000000000006/t_delta_0p15/cells/t_start_0p9__t_end_0p8.png
6,0_random_140,1.0,0.8,0.15,15.23475,0.296423,/data/home/mirick/ChordEdit/ablation_outputs/grid_metrics_sdturbo_top_20260626_104807/0_random_140_000000000006/t_delta_0p15/cells/t_start_1p0__t_end_0p8.png
6,0_random_140,0.0,0.9,0.15,12.663016,0.304214,/data/home/mirick/ChordEdit/ablation_outputs/grid_metrics_sdturbo_top_20260626_104807/0_random_140_000000000006/t_delta_0p15/cells/t_start_0p0__t_end_0p9.png
6,0_random_140,0.1,0.9,0.15,12.662035,0.30353,/data/home/mirick/ChordEdit/ablation_outputs/grid_metrics_sdturbo_top_20260626_104807/0_random_140_000000000006/t_delta_0p15/cells/t_start_0p1__t_end_0p9.png
6,0_random_140,0.2,0.9,0.15,12.661168,0.303425,/data/home/mirick/ChordEdit/ablation_outputs/grid_metrics_sdturbo_top_20260626_104807/0_random_140_000000000006/t_delta_0p15/cells/t_start_0p2__t_end_0p9.png
6,0_random_140,0.3,0.9,0.15,12.666512,0.303658,/data/home/mirick/ChordEdit/ablation_outputs/grid_metrics_sdturbo_top_20260626_104807/0_random_140_000000000006/t_delta_0p15/cells/t_start_0p3__t_end_0p9.png
6,0_random_140,0.4,0.9,0.15,12.691564,0.302636,/data/home/mirick/ChordEdit/ablation_outputs/grid_metrics_sdturbo_top_20260626_104807/0_random_140_000000000006/t_delta_0p15/cells/t_start_0p4__t_end_0p9.png
6,0_random_140,0.5,0.9,0.15,12.753839,0.304058,/data/home/mirick/ChordEdit/ablation_outputs/grid_metrics_sdturbo_top_20260626_104807/0_random_140_000000000006/t_delta_0p15/cells/t_start_0p5__t_end_0p9.png
6,0_random_140,0.6,0.9,0.15,12.821411,0.299337,/data/home/mirick/ChordEdit/ablation_outputs/grid_metrics_sdturbo_top_20260626_104807/0_random_140_000000000006/t_delta_0p15/cells/t_start_0p6__t_end_0p9.png
6,0_random_140,0.7,0.9,0.15,12.916193,0.301839,/data/home/mirick/ChordEdit/ablation_outputs/grid_metrics_sdturbo_top_20260626_104807/0_random_140_000000000006/t_delta_0p15/cells/t_start_0p7__t_end_0p9.png
6,0_random_140,0.8,0.9,0.15,12.956797,0.303045,/data/home/mirick/ChordEdit/ablation_outputs/grid_metrics_sdturbo_top_20260626_104807/0_random_140_000000000006/t_delta_0p15/cells/t_start_0p8__t_end_0p9.png
6,0_random_140,0.9,0.9,0.15,12.828446,0.300287,/data/home/mirick/ChordEdit/ablation_outputs/grid_metrics_sdturbo_top_20260626_104807/0_random_140_000000000006/t_delta_0p15/cells/t_start_0p9__t_end_0p9.png
6,0_random_140,1.0,0.9,0.15,12.642003,0.307609,/data/home/mirick/ChordEdit/ablation_outputs/grid_metrics_sdturbo_top_20260626_104807/0_random_140_000000000006/t_delta_0p15/cells/t_start_1p0__t_end_0p9.png
6,0_random_140,0.0,1.0,0.15,10.365127,0.32172,/data/home/mirick/ChordEdit/ablation_outputs/grid_metrics_sdturbo_top_20260626_104807/0_random_140_000000000006/t_delta_0p15/cells/t_start_0p0__t_end_1p0.png
6,0_random_140,0.1,1.0,0.15,10.363599,0.321449,/data/home/mirick/ChordEdit/ablation_outputs/grid_metrics_sdturbo_top_20260626_104807/0_random_140_000000000006/t_delta_0p15/cells/t_start_0p1__t_end_1p0.png
6,0_random_140,0.2,1.0,0.15,10.364348,0.320989,/data/home/mirick/ChordEdit/ablation_outputs/grid_metrics_sdturbo_top_20260626_104807/0_random_140_000000000006/t_delta_0p15/cells/t_start_0p2__t_end_1p0.png
6,0_random_140,0.3,1.0,0.15,10.390019,0.322282,/data/home/mirick/ChordEdit/ablation_outputs/grid_metrics_sdturbo_top_20260626_104807/0_random_140_000000000006/t_delta_0p15/cells/t_start_0p3__t_end_1p0.png
6,0_random_140,0.4,1.0,0.15,10.436433,0.323644,/data/home/mirick/ChordEdit/ablation_outputs/grid_metrics_sdturbo_top_20260626_104807/0_random_140_000000000006/t_delta_0p15/cells/t_start_0p4__t_end_1p0.png
6,0_random_140,0.5,1.0,0.15,10.503064,0.323804,/data/home/mirick/ChordEdit/ablation_outputs/grid_metrics_sdturbo_top_20260626_104807/0_random_140_000000000006/t_delta_0p15/cells/t_start_0p5__t_end_1p0.png
6,0_random_140,0.6,1.0,0.15,10.559186,0.324436,/data/home/mirick/ChordEdit/ablation_outputs/grid_metrics_sdturbo_top_20260626_104807/0_random_140_000000000006/t_delta_0p15/cells/t_start_0p6__t_end_1p0.png
6,0_random_140,0.7,1.0,0.15,10.580682,0.327191,/data/home/mirick/ChordEdit/ablation_outputs/grid_metrics_sdturbo_top_20260626_104807/0_random_140_000000000006/t_delta_0p15/cells/t_start_0p7__t_end_1p0.png
6,0_random_140,0.8,1.0,0.15,10.485931,0.33113,/data/home/mirick/ChordEdit/ablation_outputs/grid_metrics_sdturbo_top_20260626_104807/0_random_140_000000000006/t_delta_0p15/cells/t_start_0p8__t_end_1p0.png
6,0_random_140,0.9,1.0,0.15,10.580792,0.328742,/data/home/mirick/ChordEdit/ablation_outputs/grid_metrics_sdturbo_top_20260626_104807/0_random_140_000000000006/t_delta_0p15/cells/t_start_0p9__t_end_1p0.png
6,0_random_140,1.0,1.0,0.15,10.410163,0.317047,/data/home/mirick/ChordEdit/ablation_outputs/grid_metrics_sdturbo_top_20260626_104807/0_random_140_000000000006/t_delta_0p15/cells/t_start_1p0__t_end_1p0.png
6,0_random_140,0.0,0.0,0.0,36.487848,0.228531,/data/home/mirick/ChordEdit/ablation_outputs/grid_metrics_sdturbo_top_20260626_104807/0_random_140_000000000006/t_delta_0/cells/t_start_0p0__t_end_0p0.png
6,0_random_140,0.1,0.0,0.0,36.429771,0.229106,/data/home/mirick/ChordEdit/ablation_outputs/grid_metrics_sdturbo_top_20260626_104807/0_random_140_000000000006/t_delta_0/cells/t_start_0p1__t_end_0p0.png
6,0_random_140,0.2,0.0,0.0,35.849557,0.227671,/data/home/mirick/ChordEdit/ablation_outputs/grid_metrics_sdturbo_top_20260626_104807/0_random_140_000000000006/t_delta_0/cells/t_start_0p2__t_end_0p0.png
6,0_random_140,0.3,0.0,0.0,30.563574,0.225976,/data/home/mirick/ChordEdit/ablation_outputs/grid_metrics_sdturbo_top_20260626_104807/0_random_140_000000000006/t_delta_0/cells/t_start_0p3__t_end_0p0.png
6,0_random_140,0.4,0.0,0.0,27.405039,0.211991,/data/home/mirick/ChordEdit/ablation_outputs/grid_metrics_sdturbo_top_20260626_104807/0_random_140_000000000006/t_delta_0/cells/t_start_0p4__t_end_0p0.png
6,0_random_140,0.5,0.0,0.0,25.862153,0.230506,/data/home/mirick/ChordEdit/ablation_outputs/grid_metrics_sdturbo_top_20260626_104807/0_random_140_000000000006/t_delta_0/cells/t_start_0p5__t_end_0p0.png
6,0_random_140,0.6,0.0,0.0,23.132726,0.182317,/data/home/mirick/ChordEdit/ablation_outputs/grid_metrics_sdturbo_top_20260626_104807/0_random_140_000000000006/t_delta_0/cells/t_start_0p6__t_end_0p0.png
6,0_random_140,0.7,0.0,0.0,21.462497,0.229559,/data/home/mirick/ChordEdit/ablation_outputs/grid_metrics_sdturbo_top_20260626_104807/0_random_140_000000000006/t_delta_0/cells/t_start_0p7__t_end_0p0.png
6,0_random_140,0.8,0.0,0.0,19.07843,0.19882,/data/home/mirick/ChordEdit/ablation_outputs/grid_metrics_sdturbo_top_20260626_104807/0_random_140_000000000006/t_delta_0/cells/t_start_0p8__t_end_0p0.png
6,0_random_140,0.9,0.0,0.0,15.924667,0.253092,/data/home/mirick/ChordEdit/ablation_outputs/grid_metrics_sdturbo_top_20260626_104807/0_random_140_000000000006/t_delta_0/cells/t_start_0p9__t_end_0p0.png
6,0_random_140,1.0,0.0,0.0,13.503198,0.195838,/data/home/mirick/ChordEdit/ablation_outputs/grid_metrics_sdturbo_top_20260626_104807/0_random_140_000000000006/t_delta_0/cells/t_start_1p0__t_end_0p0.png
6,0_random_140,0.0,0.1,0.0,30.750537,0.223756,/data/home/mirick/ChordEdit/ablation_outputs/grid_metrics_sdturbo_top_20260626_104807/0_random_140_000000000006/t_delta_0/cells/t_start_0p0__t_end_0p1.png
6,0_random_140,0.1,0.1,0.0,30.686705,0.222329,/data/home/mirick/ChordEdit/ablation_outputs/grid_metrics_sdturbo_top_20260626_104807/0_random_140_000000000006/t_delta_0/cells/t_start_0p1__t_end_0p1.png
6,0_random_140,0.2,0.1,0.0,30.461864,0.225928,/data/home/mirick/ChordEdit/ablation_outputs/grid_metrics_sdturbo_top_20260626_104807/0_random_140_000000000006/t_delta_0/cells/t_start_0p2__t_end_0p1.png
6,0_random_140,0.3,0.1,0.0,27.782972,0.242788,/data/home/mirick/ChordEdit/ablation_outputs/grid_metrics_sdturbo_top_20260626_104807/0_random_140_000000000006/t_delta_0/cells/t_start_0p3__t_end_0p1.png
6,0_random_140,0.4,0.1,0.0,26.543396,0.262891,/data/home/mirick/ChordEdit/ablation_outputs/grid_metrics_sdturbo_top_20260626_104807/0_random_140_000000000006/t_delta_0/cells/t_start_0p4__t_end_0p1.png
6,0_random_140,0.5,0.1,0.0,25.53778,0.286875,/data/home/mirick/ChordEdit/ablation_outputs/grid_metrics_sdturbo_top_20260626_104807/0_random_140_000000000006/t_delta_0/cells/t_start_0p5__t_end_0p1.png
6,0_random_140,0.6,0.1,0.0,23.394094,0.301715,/data/home/mirick/ChordEdit/ablation_outputs/grid_metrics_sdturbo_top_20260626_104807/0_random_140_000000000006/t_delta_0/cells/t_start_0p6__t_end_0p1.png
6,0_random_140,0.7,0.1,0.0,22.020752,0.29427,/data/home/mirick/ChordEdit/ablation_outputs/grid_metrics_sdturbo_top_20260626_104807/0_random_140_000000000006/t_delta_0/cells/t_start_0p7__t_end_0p1.png
6,0_random_140,0.8,0.1,0.0,19.509406,0.296934,/data/home/mirick/ChordEdit/ablation_outputs/grid_metrics_sdturbo_top_20260626_104807/0_random_140_000000000006/t_delta_0/cells/t_start_0p8__t_end_0p1.png
6,0_random_140,0.9,0.1,0.0,16.232771,0.284842,/data/home/mirick/ChordEdit/ablation_outputs/grid_metrics_sdturbo_top_20260626_104807/0_random_140_000000000006/t_delta_0/cells/t_start_0p9__t_end_0p1.png
6,0_random_140,1.0,0.1,0.0,13.623004,0.205159,/data/home/mirick/ChordEdit/ablation_outputs/grid_metrics_sdturbo_top_20260626_104807/0_random_140_000000000006/t_delta_0/cells/t_start_1p0__t_end_0p1.png
6,0_random_140,0.0,0.2,0.0,27.795171,0.227577,/data/home/mirick/ChordEdit/ablation_outputs/grid_metrics_sdturbo_top_20260626_104807/0_random_140_000000000006/t_delta_0/cells/t_start_0p0__t_end_0p2.png
6,0_random_140,0.1,0.2,0.0,27.754592,0.226615,/data/home/mirick/ChordEdit/ablation_outputs/grid_metrics_sdturbo_top_20260626_104807/0_random_140_000000000006/t_delta_0/cells/t_start_0p1__t_end_0p2.png
6,0_random_140,0.2,0.2,0.0,27.465911,0.223508,/data/home/mirick/ChordEdit/ablation_outputs/grid_metrics_sdturbo_top_20260626_104807/0_random_140_000000000006/t_delta_0/cells/t_start_0p2__t_end_0p2.png
6,0_random_140,0.3,0.2,0.0,25.427734,0.271619,/data/home/mirick/ChordEdit/ablation_outputs/grid_metrics_sdturbo_top_20260626_104807/0_random_140_000000000006/t_delta_0/cells/t_start_0p3__t_end_0p2.png
6,0_random_140,0.4,0.2,0.0,24.936273,0.290521,/data/home/mirick/ChordEdit/ablation_outputs/grid_metrics_sdturbo_top_20260626_104807/0_random_140_000000000006/t_delta_0/cells/t_start_0p4__t_end_0p2.png
6,0_random_140,0.5,0.2,0.0,24.448413,0.261059,/data/home/mirick/ChordEdit/ablation_outputs/grid_metrics_sdturbo_top_20260626_104807/0_random_140_000000000006/t_delta_0/cells/t_start_0p5__t_end_0p2.png
6,0_random_140,0.6,0.2,0.0,22.828148,0.312694,/data/home/mirick/ChordEdit/ablation_outputs/grid_metrics_sdturbo_top_20260626_104807/0_random_140_000000000006/t_delta_0/cells/t_start_0p6__t_end_0p2.png
6,0_random_140,0.7,0.2,0.0,21.863973,0.299393,/data/home/mirick/ChordEdit/ablation_outputs/grid_metrics_sdturbo_top_20260626_104807/0_random_140_000000000006/t_delta_0/cells/t_start_0p7__t_end_0p2.png
6,0_random_140,0.8,0.2,0.0,19.501896,0.303365,/data/home/mirick/ChordEdit/ablation_outputs/grid_metrics_sdturbo_top_20260626_104807/0_random_140_000000000006/t_delta_0/cells/t_start_0p8__t_end_0p2.png
6,0_random_140,0.9,0.2,0.0,16.297177,0.246475,/data/home/mirick/ChordEdit/ablation_outputs/grid_metrics_sdturbo_top_20260626_104807/0_random_140_000000000006/t_delta_0/cells/t_start_0p9__t_end_0p2.png
6,0_random_140,1.0,0.2,0.0,13.698447,0.203533,/data/home/mirick/ChordEdit/ablation_outputs/grid_metrics_sdturbo_top_20260626_104807/0_random_140_000000000006/t_delta_0/cells/t_start_1p0__t_end_0p2.png
6,0_random_140,0.0,0.3,0.0,24.665442,0.29539,/data/home/mirick/ChordEdit/ablation_outputs/grid_metrics_sdturbo_top_20260626_104807/0_random_140_000000000006/t_delta_0/cells/t_start_0p0__t_end_0p3.png
6,0_random_140,0.1,0.3,0.0,24.651398,0.296393,/data/home/mirick/ChordEdit/ablation_outputs/grid_metrics_sdturbo_top_20260626_104807/0_random_140_000000000006/t_delta_0/cells/t_start_0p1__t_end_0p3.png
6,0_random_140,0.2,0.3,0.0,24.625078,0.296621,/data/home/mirick/ChordEdit/ablation_outputs/grid_metrics_sdturbo_top_20260626_104807/0_random_140_000000000006/t_delta_0/cells/t_start_0p2__t_end_0p3.png
6,0_random_140,0.3,0.3,0.0,23.404739,0.270859,/data/home/mirick/ChordEdit/ablation_outputs/grid_metrics_sdturbo_top_20260626_104807/0_random_140_000000000006/t_delta_0/cells/t_start_0p3__t_end_0p3.png
6,0_random_140,0.4,0.3,0.0,23.160627,0.261653,/data/home/mirick/ChordEdit/ablation_outputs/grid_metrics_sdturbo_top_20260626_104807/0_random_140_000000000006/t_delta_0/cells/t_start_0p4__t_end_0p3.png
6,0_random_140,0.5,0.3,0.0,23.108801,0.225168,/data/home/mirick/ChordEdit/ablation_outputs/grid_metrics_sdturbo_top_20260626_104807/0_random_140_000000000006/t_delta_0/cells/t_start_0p5__t_end_0p3.png
6,0_random_140,0.6,0.3,0.0,21.924815,0.302831,/data/home/mirick/ChordEdit/ablation_outputs/grid_metrics_sdturbo_top_20260626_104807/0_random_140_000000000006/t_delta_0/cells/t_start_0p6__t_end_0p3.png
6,0_random_140,0.7,0.3,0.0,21.025119,0.29861,/data/home/mirick/ChordEdit/ablation_outputs/grid_metrics_sdturbo_top_20260626_104807/0_random_140_000000000006/t_delta_0/cells/t_start_0p7__t_end_0p3.png
6,0_random_140,0.8,0.3,0.0,19.306399,0.305234,/data/home/mirick/ChordEdit/ablation_outputs/grid_metrics_sdturbo_top_20260626_104807/0_random_140_000000000006/t_delta_0/cells/t_start_0p8__t_end_0p3.png
6,0_random_140,0.9,0.3,0.0,16.320667,0.244053,/data/home/mirick/ChordEdit/ablation_outputs/grid_metrics_sdturbo_top_20260626_104807/0_random_140_000000000006/t_delta_0/cells/t_start_0p9__t_end_0p3.png
6,0_random_140,1.0,0.3,0.0,13.785788,0.203787,/data/home/mirick/ChordEdit/ablation_outputs/grid_metrics_sdturbo_top_20260626_104807/0_random_140_000000000006/t_delta_0/cells/t_start_1p0__t_end_0p3.png
6,0_random_140,0.0,0.4,0.0,22.452515,0.280362,/data/home/mirick/ChordEdit/ablation_outputs/grid_metrics_sdturbo_top_20260626_104807/0_random_140_000000000006/t_delta_0/cells/t_start_0p0__t_end_0p4.png
6,0_random_140,0.1,0.4,0.0,22.443377,0.290329,/data/home/mirick/ChordEdit/ablation_outputs/grid_metrics_sdturbo_top_20260626_104807/0_random_140_000000000006/t_delta_0/cells/t_start_0p1__t_end_0p4.png
6,0_random_140,0.2,0.4,0.0,22.392636,0.288607,/data/home/mirick/ChordEdit/ablation_outputs/grid_metrics_sdturbo_top_20260626_104807/0_random_140_000000000006/t_delta_0/cells/t_start_0p2__t_end_0p4.png
6,0_random_140,0.3,0.4,0.0,21.753387,0.275639,/data/home/mirick/ChordEdit/ablation_outputs/grid_metrics_sdturbo_top_20260626_104807/0_random_140_000000000006/t_delta_0/cells/t_start_0p3__t_end_0p4.png
6,0_random_140,0.4,0.4,0.0,21.526524,0.258397,/data/home/mirick/ChordEdit/ablation_outputs/grid_metrics_sdturbo_top_20260626_104807/0_random_140_000000000006/t_delta_0/cells/t_start_0p4__t_end_0p4.png
6,0_random_140,0.5,0.4,0.0,21.30801,0.216679,/data/home/mirick/ChordEdit/ablation_outputs/grid_metrics_sdturbo_top_20260626_104807/0_random_140_000000000006/t_delta_0/cells/t_start_0p5__t_end_0p4.png
6,0_random_140,0.6,0.4,0.0,20.821592,0.303768,/data/home/mirick/ChordEdit/ablation_outputs/grid_metrics_sdturbo_top_20260626_104807/0_random_140_000000000006/t_delta_0/cells/t_start_0p6__t_end_0p4.png
6,0_random_140,0.7,0.4,0.0,19.987051,0.298428,/data/home/mirick/ChordEdit/ablation_outputs/grid_metrics_sdturbo_top_20260626_104807/0_random_140_000000000006/t_delta_0/cells/t_start_0p7__t_end_0p4.png
6,0_random_140,0.8,0.4,0.0,18.917954,0.306713,/data/home/mirick/ChordEdit/ablation_outputs/grid_metrics_sdturbo_top_20260626_104807/0_random_140_000000000006/t_delta_0/cells/t_start_0p8__t_end_0p4.png
6,0_random_140,0.9,0.4,0.0,16.202057,0.241354,/data/home/mirick/ChordEdit/ablation_outputs/grid_metrics_sdturbo_top_20260626_104807/0_random_140_000000000006/t_delta_0/cells/t_start_0p9__t_end_0p4.png
6,0_random_140,1.0,0.4,0.0,13.806554,0.213425,/data/home/mirick/ChordEdit/ablation_outputs/grid_metrics_sdturbo_top_20260626_104807/0_random_140_000000000006/t_delta_0/cells/t_start_1p0__t_end_0p4.png
6,0_random_140,0.0,0.5,0.0,20.284036,0.293537,/data/home/mirick/ChordEdit/ablation_outputs/grid_metrics_sdturbo_top_20260626_104807/0_random_140_000000000006/t_delta_0/cells/t_start_0p0__t_end_0p5.png
6,0_random_140,0.1,0.5,0.0,20.288558,0.293277,/data/home/mirick/ChordEdit/ablation_outputs/grid_metrics_sdturbo_top_20260626_104807/0_random_140_000000000006/t_delta_0/cells/t_start_0p1__t_end_0p5.png
6,0_random_140,0.2,0.5,0.0,20.288572,0.296387,/data/home/mirick/ChordEdit/ablation_outputs/grid_metrics_sdturbo_top_20260626_104807/0_random_140_000000000006/t_delta_0/cells/t_start_0p2__t_end_0p5.png
6,0_random_140,0.3,0.5,0.0,20.013026,0.278658,/data/home/mirick/ChordEdit/ablation_outputs/grid_metrics_sdturbo_top_20260626_104807/0_random_140_000000000006/t_delta_0/cells/t_start_0p3__t_end_0p5.png
6,0_random_140,0.4,0.5,0.0,19.839252,0.290136,/data/home/mirick/ChordEdit/ablation_outputs/grid_metrics_sdturbo_top_20260626_104807/0_random_140_000000000006/t_delta_0/cells/t_start_0p4__t_end_0p5.png
6,0_random_140,0.5,0.5,0.0,19.579892,0.290455,/data/home/mirick/ChordEdit/ablation_outputs/grid_metrics_sdturbo_top_20260626_104807/0_random_140_000000000006/t_delta_0/cells/t_start_0p5__t_end_0p5.png
6,0_random_140,0.6,0.5,0.0,19.270064,0.300855,/data/home/mirick/ChordEdit/ablation_outputs/grid_metrics_sdturbo_top_20260626_104807/0_random_140_000000000006/t_delta_0/cells/t_start_0p6__t_end_0p5.png
6,0_random_140,0.7,0.5,0.0,18.556637,0.298294,/data/home/mirick/ChordEdit/ablation_outputs/grid_metrics_sdturbo_top_20260626_104807/0_random_140_000000000006/t_delta_0/cells/t_start_0p7__t_end_0p5.png
6,0_random_140,0.8,0.5,0.0,17.94818,0.304672,/data/home/mirick/ChordEdit/ablation_outputs/grid_metrics_sdturbo_top_20260626_104807/0_random_140_000000000006/t_delta_0/cells/t_start_0p8__t_end_0p5.png
6,0_random_140,0.9,0.5,0.0,15.510475,0.219951,/data/home/mirick/ChordEdit/ablation_outputs/grid_metrics_sdturbo_top_20260626_104807/0_random_140_000000000006/t_delta_0/cells/t_start_0p9__t_end_0p5.png
6,0_random_140,1.0,0.5,0.0,13.646923,0.226933,/data/home/mirick/ChordEdit/ablation_outputs/grid_metrics_sdturbo_top_20260626_104807/0_random_140_000000000006/t_delta_0/cells/t_start_1p0__t_end_0p5.png
6,0_random_140,0.0,0.6,0.0,18.3122,0.303283,/data/home/mirick/ChordEdit/ablation_outputs/grid_metrics_sdturbo_top_20260626_104807/0_random_140_000000000006/t_delta_0/cells/t_start_0p0__t_end_0p6.png
6,0_random_140,0.1,0.6,0.0,18.31413,0.302654,/data/home/mirick/ChordEdit/ablation_outputs/grid_metrics_sdturbo_top_20260626_104807/0_random_140_000000000006/t_delta_0/cells/t_start_0p1__t_end_0p6.png
6,0_random_140,0.2,0.6,0.0,18.307625,0.297695,/data/home/mirick/ChordEdit/ablation_outputs/grid_metrics_sdturbo_top_20260626_104807/0_random_140_000000000006/t_delta_0/cells/t_start_0p2__t_end_0p6.png
6,0_random_140,0.3,0.6,0.0,18.087864,0.304317,/data/home/mirick/ChordEdit/ablation_outputs/grid_metrics_sdturbo_top_20260626_104807/0_random_140_000000000006/t_delta_0/cells/t_start_0p3__t_end_0p6.png
6,0_random_140,0.4,0.6,0.0,18.167591,0.296205,/data/home/mirick/ChordEdit/ablation_outputs/grid_metrics_sdturbo_top_20260626_104807/0_random_140_000000000006/t_delta_0/cells/t_start_0p4__t_end_0p6.png
6,0_random_140,0.5,0.6,0.0,18.077316,0.306941,/data/home/mirick/ChordEdit/ablation_outputs/grid_metrics_sdturbo_top_20260626_104807/0_random_140_000000000006/t_delta_0/cells/t_start_0p5__t_end_0p6.png
6,0_random_140,0.6,0.6,0.0,17.822368,0.310391,/data/home/mirick/ChordEdit/ablation_outputs/grid_metrics_sdturbo_top_20260626_104807/0_random_140_000000000006/t_delta_0/cells/t_start_0p6__t_end_0p6.png
6,0_random_140,0.7,0.6,0.0,16.944204,0.311068,/data/home/mirick/ChordEdit/ablation_outputs/grid_metrics_sdturbo_top_20260626_104807/0_random_140_000000000006/t_delta_0/cells/t_start_0p7__t_end_0p6.png
6,0_random_140,0.8,0.6,0.0,16.733739,0.300796,/data/home/mirick/ChordEdit/ablation_outputs/grid_metrics_sdturbo_top_20260626_104807/0_random_140_000000000006/t_delta_0/cells/t_start_0p8__t_end_0p6.png
6,0_random_140,0.9,0.6,0.0,14.647175,0.246297,/data/home/mirick/ChordEdit/ablation_outputs/grid_metrics_sdturbo_top_20260626_104807/0_random_140_000000000006/t_delta_0/cells/t_start_0p9__t_end_0p6.png
6,0_random_140,1.0,0.6,0.0,13.256682,0.281891,/data/home/mirick/ChordEdit/ablation_outputs/grid_metrics_sdturbo_top_20260626_104807/0_random_140_000000000006/t_delta_0/cells/t_start_1p0__t_end_0p6.png
6,0_random_140,0.0,0.7,0.0,16.199091,0.303317,/data/home/mirick/ChordEdit/ablation_outputs/grid_metrics_sdturbo_top_20260626_104807/0_random_140_000000000006/t_delta_0/cells/t_start_0p0__t_end_0p7.png
6,0_random_140,0.1,0.7,0.0,16.197903,0.303486,/data/home/mirick/ChordEdit/ablation_outputs/grid_metrics_sdturbo_top_20260626_104807/0_random_140_000000000006/t_delta_0/cells/t_start_0p1__t_end_0p7.png
6,0_random_140,0.2,0.7,0.0,16.189365,0.30503,/data/home/mirick/ChordEdit/ablation_outputs/grid_metrics_sdturbo_top_20260626_104807/0_random_140_000000000006/t_delta_0/cells/t_start_0p2__t_end_0p7.png
6,0_random_140,0.3,0.7,0.0,16.054743,0.305015,/data/home/mirick/ChordEdit/ablation_outputs/grid_metrics_sdturbo_top_20260626_104807/0_random_140_000000000006/t_delta_0/cells/t_start_0p3__t_end_0p7.png
6,0_random_140,0.4,0.7,0.0,16.110705,0.308512,/data/home/mirick/ChordEdit/ablation_outputs/grid_metrics_sdturbo_top_20260626_104807/0_random_140_000000000006/t_delta_0/cells/t_start_0p4__t_end_0p7.png
6,0_random_140,0.5,0.7,0.0,16.116881,0.308101,/data/home/mirick/ChordEdit/ablation_outputs/grid_metrics_sdturbo_top_20260626_104807/0_random_140_000000000006/t_delta_0/cells/t_start_0p5__t_end_0p7.png
6,0_random_140,0.6,0.7,0.0,16.582994,0.311559,/data/home/mirick/ChordEdit/ablation_outputs/grid_metrics_sdturbo_top_20260626_104807/0_random_140_000000000006/t_delta_0/cells/t_start_0p6__t_end_0p7.png
6,0_random_140,0.7,0.7,0.0,15.894413,0.314506,/data/home/mirick/ChordEdit/ablation_outputs/grid_metrics_sdturbo_top_20260626_104807/0_random_140_000000000006/t_delta_0/cells/t_start_0p7__t_end_0p7.png
6,0_random_140,0.8,0.7,0.0,15.627447,0.302671,/data/home/mirick/ChordEdit/ablation_outputs/grid_metrics_sdturbo_top_20260626_104807/0_random_140_000000000006/t_delta_0/cells/t_start_0p8__t_end_0p7.png
6,0_random_140,0.9,0.7,0.0,14.793338,0.303413,/data/home/mirick/ChordEdit/ablation_outputs/grid_metrics_sdturbo_top_20260626_104807/0_random_140_000000000006/t_delta_0/cells/t_start_0p9__t_end_0p7.png
6,0_random_140,1.0,0.7,0.0,13.003033,0.31082,/data/home/mirick/ChordEdit/ablation_outputs/grid_metrics_sdturbo_top_20260626_104807/0_random_140_000000000006/t_delta_0/cells/t_start_1p0__t_end_0p7.png
6,0_random_140,0.0,0.8,0.0,15.53709,0.317976,/data/home/mirick/ChordEdit/ablation_outputs/grid_metrics_sdturbo_top_20260626_104807/0_random_140_000000000006/t_delta_0/cells/t_start_0p0__t_end_0p8.png
6,0_random_140,0.1,0.8,0.0,15.532981,0.318603,/data/home/mirick/ChordEdit/ablation_outputs/grid_metrics_sdturbo_top_20260626_104807/0_random_140_000000000006/t_delta_0/cells/t_start_0p1__t_end_0p8.png
6,0_random_140,0.2,0.8,0.0,15.526628,0.318861,/data/home/mirick/ChordEdit/ablation_outputs/grid_metrics_sdturbo_top_20260626_104807/0_random_140_000000000006/t_delta_0/cells/t_start_0p2__t_end_0p8.png
6,0_random_140,0.3,0.8,0.0,15.482498,0.316844,/data/home/mirick/ChordEdit/ablation_outputs/grid_metrics_sdturbo_top_20260626_104807/0_random_140_000000000006/t_delta_0/cells/t_start_0p3__t_end_0p8.png
6,0_random_140,0.4,0.8,0.0,15.528672,0.311945,/data/home/mirick/ChordEdit/ablation_outputs/grid_metrics_sdturbo_top_20260626_104807/0_random_140_000000000006/t_delta_0/cells/t_start_0p4__t_end_0p8.png
6,0_random_140,0.5,0.8,0.0,15.54495,0.313589,/data/home/mirick/ChordEdit/ablation_outputs/grid_metrics_sdturbo_top_20260626_104807/0_random_140_000000000006/t_delta_0/cells/t_start_0p5__t_end_0p8.png
6,0_random_140,0.6,0.8,0.0,15.641051,0.315023,/data/home/mirick/ChordEdit/ablation_outputs/grid_metrics_sdturbo_top_20260626_104807/0_random_140_000000000006/t_delta_0/cells/t_start_0p6__t_end_0p8.png
6,0_random_140,0.7,0.8,0.0,15.304688,0.308837,/data/home/mirick/ChordEdit/ablation_outputs/grid_metrics_sdturbo_top_20260626_104807/0_random_140_000000000006/t_delta_0/cells/t_start_0p7__t_end_0p8.png
6,0_random_140,0.8,0.8,0.0,15.146774,0.295576,/data/home/mirick/ChordEdit/ablation_outputs/grid_metrics_sdturbo_top_20260626_104807/0_random_140_000000000006/t_delta_0/cells/t_start_0p8__t_end_0p8.png
6,0_random_140,0.9,0.8,0.0,14.512941,0.30637,/data/home/mirick/ChordEdit/ablation_outputs/grid_metrics_sdturbo_top_20260626_104807/0_random_140_000000000006/t_delta_0/cells/t_start_0p9__t_end_0p8.png
6,0_random_140,1.0,0.8,0.0,13.08262,0.324304,/data/home/mirick/ChordEdit/ablation_outputs/grid_metrics_sdturbo_top_20260626_104807/0_random_140_000000000006/t_delta_0/cells/t_start_1p0__t_end_0p8.png
6,0_random_140,0.0,0.9,0.0,12.663016,0.304214,/data/home/mirick/ChordEdit/ablation_outputs/grid_metrics_sdturbo_top_20260626_104807/0_random_140_000000000006/t_delta_0/cells/t_start_0p0__t_end_0p9.png
6,0_random_140,0.1,0.9,0.0,12.660823,0.303166,/data/home/mirick/ChordEdit/ablation_outputs/grid_metrics_sdturbo_top_20260626_104807/0_random_140_000000000006/t_delta_0/cells/t_start_0p1__t_end_0p9.png
6,0_random_140,0.2,0.9,0.0,12.660392,0.303115,/data/home/mirick/ChordEdit/ablation_outputs/grid_metrics_sdturbo_top_20260626_104807/0_random_140_000000000006/t_delta_0/cells/t_start_0p2__t_end_0p9.png
6,0_random_140,0.3,0.9,0.0,12.684473,0.30382,/data/home/mirick/ChordEdit/ablation_outputs/grid_metrics_sdturbo_top_20260626_104807/0_random_140_000000000006/t_delta_0/cells/t_start_0p3__t_end_0p9.png
6,0_random_140,0.4,0.9,0.0,12.766031,0.30184,/data/home/mirick/ChordEdit/ablation_outputs/grid_metrics_sdturbo_top_20260626_104807/0_random_140_000000000006/t_delta_0/cells/t_start_0p4__t_end_0p9.png
6,0_random_140,0.5,0.9,0.0,12.859916,0.300337,/data/home/mirick/ChordEdit/ablation_outputs/grid_metrics_sdturbo_top_20260626_104807/0_random_140_000000000006/t_delta_0/cells/t_start_0p5__t_end_0p9.png
6,0_random_140,0.6,0.9,0.0,12.891124,0.300524,/data/home/mirick/ChordEdit/ablation_outputs/grid_metrics_sdturbo_top_20260626_104807/0_random_140_000000000006/t_delta_0/cells/t_start_0p6__t_end_0p9.png
6,0_random_140,0.7,0.9,0.0,12.9328,0.304053,/data/home/mirick/ChordEdit/ablation_outputs/grid_metrics_sdturbo_top_20260626_104807/0_random_140_000000000006/t_delta_0/cells/t_start_0p7__t_end_0p9.png
6,0_random_140,0.8,0.9,0.0,12.925078,0.307025,/data/home/mirick/ChordEdit/ablation_outputs/grid_metrics_sdturbo_top_20260626_104807/0_random_140_000000000006/t_delta_0/cells/t_start_0p8__t_end_0p9.png
6,0_random_140,0.9,0.9,0.0,12.083908,0.306383,/data/home/mirick/ChordEdit/ablation_outputs/grid_metrics_sdturbo_top_20260626_104807/0_random_140_000000000006/t_delta_0/cells/t_start_0p9__t_end_0p9.png
6,0_random_140,1.0,0.9,0.0,11.940012,0.314209,/data/home/mirick/ChordEdit/ablation_outputs/grid_metrics_sdturbo_top_20260626_104807/0_random_140_000000000006/t_delta_0/cells/t_start_1p0__t_end_0p9.png
6,0_random_140,0.0,1.0,0.0,10.365127,0.32172,/data/home/mirick/ChordEdit/ablation_outputs/grid_metrics_sdturbo_top_20260626_104807/0_random_140_000000000006/t_delta_0/cells/t_start_0p0__t_end_1p0.png
6,0_random_140,0.1,1.0,0.0,10.362162,0.321626,/data/home/mirick/ChordEdit/ablation_outputs/grid_metrics_sdturbo_top_20260626_104807/0_random_140_000000000006/t_delta_0/cells/t_start_0p1__t_end_1p0.png
6,0_random_140,0.2,1.0,0.0,10.368149,0.321318,/data/home/mirick/ChordEdit/ablation_outputs/grid_metrics_sdturbo_top_20260626_104807/0_random_140_000000000006/t_delta_0/cells/t_start_0p2__t_end_1p0.png
6,0_random_140,0.3,1.0,0.0,10.443543,0.323858,/data/home/mirick/ChordEdit/ablation_outputs/grid_metrics_sdturbo_top_20260626_104807/0_random_140_000000000006/t_delta_0/cells/t_start_0p3__t_end_1p0.png
6,0_random_140,0.4,1.0,0.0,10.514623,0.324384,/data/home/mirick/ChordEdit/ablation_outputs/grid_metrics_sdturbo_top_20260626_104807/0_random_140_000000000006/t_delta_0/cells/t_start_0p4__t_end_1p0.png
6,0_random_140,0.5,1.0,0.0,10.591128,0.325181,/data/home/mirick/ChordEdit/ablation_outputs/grid_metrics_sdturbo_top_20260626_104807/0_random_140_000000000006/t_delta_0/cells/t_start_0p5__t_end_1p0.png
6,0_random_140,0.6,1.0,0.0,10.558527,0.323711,/data/home/mirick/ChordEdit/ablation_outputs/grid_metrics_sdturbo_top_20260626_104807/0_random_140_000000000006/t_delta_0/cells/t_start_0p6__t_end_1p0.png
6,0_random_140,0.7,1.0,0.0,10.571222,0.331121,/data/home/mirick/ChordEdit/ablation_outputs/grid_metrics_sdturbo_top_20260626_104807/0_random_140_000000000006/t_delta_0/cells/t_start_0p7__t_end_1p0.png
6,0_random_140,0.8,1.0,0.0,10.55317,0.330226,/data/home/mirick/ChordEdit/ablation_outputs/grid_metrics_sdturbo_top_20260626_104807/0_random_140_000000000006/t_delta_0/cells/t_start_0p8__t_end_1p0.png
6,0_random_140,0.9,1.0,0.0,10.846918,0.303859,/data/home/mirick/ChordEdit/ablation_outputs/grid_metrics_sdturbo_top_20260626_104807/0_random_140_000000000006/t_delta_0/cells/t_start_0p9__t_end_1p0.png
6,0_random_140,1.0,1.0,0.0,9.974088,0.270542,/data/home/mirick/ChordEdit/ablation_outputs/grid_metrics_sdturbo_top_20260626_104807/0_random_140_000000000006/t_delta_0/cells/t_start_1p0__t_end_1p0.png
7,0_random_140,0.0,0.0,0.15,26.829518,0.238995,/data/home/mirick/ChordEdit/ablation_outputs/grid_metrics_sdturbo_top_20260626_104807/0_random_140_000000000007/t_delta_0p15/cells/t_start_0p0__t_end_0p0.png
7,0_random_140,0.1,0.0,0.15,26.829983,0.239426,/data/home/mirick/ChordEdit/ablation_outputs/grid_metrics_sdturbo_top_20260626_104807/0_random_140_000000000007/t_delta_0p15/cells/t_start_0p1__t_end_0p0.png
7,0_random_140,0.2,0.0,0.15,26.82959,0.239109,/data/home/mirick/ChordEdit/ablation_outputs/grid_metrics_sdturbo_top_20260626_104807/0_random_140_000000000007/t_delta_0p15/cells/t_start_0p2__t_end_0p0.png
7,0_random_140,0.3,0.0,0.15,26.827037,0.238318,/data/home/mirick/ChordEdit/ablation_outputs/grid_metrics_sdturbo_top_20260626_104807/0_random_140_000000000007/t_delta_0p15/cells/t_start_0p3__t_end_0p0.png
7,0_random_140,0.4,0.0,0.15,26.81987,0.239438,/data/home/mirick/ChordEdit/ablation_outputs/grid_metrics_sdturbo_top_20260626_104807/0_random_140_000000000007/t_delta_0p15/cells/t_start_0p4__t_end_0p0.png
7,0_random_140,0.5,0.0,0.15,26.787917,0.239519,/data/home/mirick/ChordEdit/ablation_outputs/grid_metrics_sdturbo_top_20260626_104807/0_random_140_000000000007/t_delta_0p15/cells/t_start_0p5__t_end_0p0.png
7,0_random_140,0.6,0.0,0.15,26.695473,0.237712,/data/home/mirick/ChordEdit/ablation_outputs/grid_metrics_sdturbo_top_20260626_104807/0_random_140_000000000007/t_delta_0p15/cells/t_start_0p6__t_end_0p0.png
7,0_random_140,0.7,0.0,0.15,26.547876,0.241389,/data/home/mirick/ChordEdit/ablation_outputs/grid_metrics_sdturbo_top_20260626_104807/0_random_140_000000000007/t_delta_0p15/cells/t_start_0p7__t_end_0p0.png
7,0_random_140,0.8,0.0,0.15,26.349851,0.238007,/data/home/mirick/ChordEdit/ablation_outputs/grid_metrics_sdturbo_top_20260626_104807/0_random_140_000000000007/t_delta_0p15/cells/t_start_0p8__t_end_0p0.png
7,0_random_140,0.9,0.0,0.15,25.581398,0.248701,/data/home/mirick/ChordEdit/ablation_outputs/grid_metrics_sdturbo_top_20260626_104807/0_random_140_000000000007/t_delta_0p15/cells/t_start_0p9__t_end_0p0.png
7,0_random_140,1.0,0.0,0.15,25.387703,0.233767,/data/home/mirick/ChordEdit/ablation_outputs/grid_metrics_sdturbo_top_20260626_104807/0_random_140_000000000007/t_delta_0p15/cells/t_start_1p0__t_end_0p0.png
7,0_random_140,0.0,0.1,0.15,24.611805,0.249453,/data/home/mirick/ChordEdit/ablation_outputs/grid_metrics_sdturbo_top_20260626_104807/0_random_140_000000000007/t_delta_0p15/cells/t_start_0p0__t_end_0p1.png
7,0_random_140,0.1,0.1,0.15,24.610512,0.249901,/data/home/mirick/ChordEdit/ablation_outputs/grid_metrics_sdturbo_top_20260626_104807/0_random_140_000000000007/t_delta_0p15/cells/t_start_0p1__t_end_0p1.png
7,0_random_140,0.2,0.1,0.15,24.607029,0.250089,/data/home/mirick/ChordEdit/ablation_outputs/grid_metrics_sdturbo_top_20260626_104807/0_random_140_000000000007/t_delta_0p15/cells/t_start_0p2__t_end_0p1.png
7,0_random_140,0.3,0.1,0.15,24.601011,0.249357,/data/home/mirick/ChordEdit/ablation_outputs/grid_metrics_sdturbo_top_20260626_104807/0_random_140_000000000007/t_delta_0p15/cells/t_start_0p3__t_end_0p1.png
7,0_random_140,0.4,0.1,0.15,24.589584,0.249587,/data/home/mirick/ChordEdit/ablation_outputs/grid_metrics_sdturbo_top_20260626_104807/0_random_140_000000000007/t_delta_0p15/cells/t_start_0p4__t_end_0p1.png
7,0_random_140,0.5,0.1,0.15,24.567095,0.249263,/data/home/mirick/ChordEdit/ablation_outputs/grid_metrics_sdturbo_top_20260626_104807/0_random_140_000000000007/t_delta_0p15/cells/t_start_0p5__t_end_0p1.png
7,0_random_140,0.6,0.1,0.15,24.461956,0.25786,/data/home/mirick/ChordEdit/ablation_outputs/grid_metrics_sdturbo_top_20260626_104807/0_random_140_000000000007/t_delta_0p15/cells/t_start_0p6__t_end_0p1.png
7,0_random_140,0.7,0.1,0.15,24.33524,0.253233,/data/home/mirick/ChordEdit/ablation_outputs/grid_metrics_sdturbo_top_20260626_104807/0_random_140_000000000007/t_delta_0p15/cells/t_start_0p7__t_end_0p1.png
7,0_random_140,0.8,0.1,0.15,24.320388,0.245641,/data/home/mirick/ChordEdit/ablation_outputs/grid_metrics_sdturbo_top_20260626_104807/0_random_140_000000000007/t_delta_0p15/cells/t_start_0p8__t_end_0p1.png
7,0_random_140,0.9,0.1,0.15,24.108884,0.248116,/data/home/mirick/ChordEdit/ablation_outputs/grid_metrics_sdturbo_top_20260626_104807/0_random_140_000000000007/t_delta_0p15/cells/t_start_0p9__t_end_0p1.png
7,0_random_140,1.0,0.1,0.15,24.138414,0.247974,/data/home/mirick/ChordEdit/ablation_outputs/grid_metrics_sdturbo_top_20260626_104807/0_random_140_000000000007/t_delta_0p15/cells/t_start_1p0__t_end_0p1.png
7,0_random_140,0.0,0.2,0.15,23.251001,0.257126,/data/home/mirick/ChordEdit/ablation_outputs/grid_metrics_sdturbo_top_20260626_104807/0_random_140_000000000007/t_delta_0p15/cells/t_start_0p0__t_end_0p2.png
7,0_random_140,0.1,0.2,0.15,23.250808,0.257556,/data/home/mirick/ChordEdit/ablation_outputs/grid_metrics_sdturbo_top_20260626_104807/0_random_140_000000000007/t_delta_0p15/cells/t_start_0p1__t_end_0p2.png
7,0_random_140,0.2,0.2,0.15,23.248871,0.257578,/data/home/mirick/ChordEdit/ablation_outputs/grid_metrics_sdturbo_top_20260626_104807/0_random_140_000000000007/t_delta_0p15/cells/t_start_0p2__t_end_0p2.png
7,0_random_140,0.3,0.2,0.15,23.243464,0.257667,/data/home/mirick/ChordEdit/ablation_outputs/grid_metrics_sdturbo_top_20260626_104807/0_random_140_000000000007/t_delta_0p15/cells/t_start_0p3__t_end_0p2.png
7,0_random_140,0.4,0.2,0.15,23.227635,0.257359,/data/home/mirick/ChordEdit/ablation_outputs/grid_metrics_sdturbo_top_20260626_104807/0_random_140_000000000007/t_delta_0p15/cells/t_start_0p4__t_end_0p2.png
7,0_random_140,0.5,0.2,0.15,23.199866,0.25555,/data/home/mirick/ChordEdit/ablation_outputs/grid_metrics_sdturbo_top_20260626_104807/0_random_140_000000000007/t_delta_0p15/cells/t_start_0p5__t_end_0p2.png
7,0_random_140,0.6,0.2,0.15,23.075469,0.263895,/data/home/mirick/ChordEdit/ablation_outputs/grid_metrics_sdturbo_top_20260626_104807/0_random_140_000000000007/t_delta_0p15/cells/t_start_0p6__t_end_0p2.png
7,0_random_140,0.7,0.2,0.15,22.973613,0.261233,/data/home/mirick/ChordEdit/ablation_outputs/grid_metrics_sdturbo_top_20260626_104807/0_random_140_000000000007/t_delta_0p15/cells/t_start_0p7__t_end_0p2.png
7,0_random_140,0.8,0.2,0.15,22.953888,0.25401,/data/home/mirick/ChordEdit/ablation_outputs/grid_metrics_sdturbo_top_20260626_104807/0_random_140_000000000007/t_delta_0p15/cells/t_start_0p8__t_end_0p2.png
7,0_random_140,0.9,0.2,0.15,22.927577,0.253853,/data/home/mirick/ChordEdit/ablation_outputs/grid_metrics_sdturbo_top_20260626_104807/0_random_140_000000000007/t_delta_0p15/cells/t_start_0p9__t_end_0p2.png
7,0_random_140,1.0,0.2,0.15,22.932426,0.255036,/data/home/mirick/ChordEdit/ablation_outputs/grid_metrics_sdturbo_top_20260626_104807/0_random_140_000000000007/t_delta_0p15/cells/t_start_1p0__t_end_0p2.png
7,0_random_140,0.0,0.3,0.15,21.948107,0.25474,/data/home/mirick/ChordEdit/ablation_outputs/grid_metrics_sdturbo_top_20260626_104807/0_random_140_000000000007/t_delta_0p15/cells/t_start_0p0__t_end_0p3.png
7,0_random_140,0.1,0.3,0.15,21.94865,0.254544,/data/home/mirick/ChordEdit/ablation_outputs/grid_metrics_sdturbo_top_20260626_104807/0_random_140_000000000007/t_delta_0p15/cells/t_start_0p1__t_end_0p3.png
7,0_random_140,0.2,0.3,0.15,21.949231,0.254355,/data/home/mirick/ChordEdit/ablation_outputs/grid_metrics_sdturbo_top_20260626_104807/0_random_140_000000000007/t_delta_0p15/cells/t_start_0p2__t_end_0p3.png
7,0_random_140,0.3,0.3,0.15,21.947912,0.25459,/data/home/mirick/ChordEdit/ablation_outputs/grid_metrics_sdturbo_top_20260626_104807/0_random_140_000000000007/t_delta_0p15/cells/t_start_0p3__t_end_0p3.png
7,0_random_140,0.4,0.3,0.15,21.942668,0.255752,/data/home/mirick/ChordEdit/ablation_outputs/grid_metrics_sdturbo_top_20260626_104807/0_random_140_000000000007/t_delta_0p15/cells/t_start_0p4__t_end_0p3.png
7,0_random_140,0.5,0.3,0.15,21.921906,0.253945,/data/home/mirick/ChordEdit/ablation_outputs/grid_metrics_sdturbo_top_20260626_104807/0_random_140_000000000007/t_delta_0p15/cells/t_start_0p5__t_end_0p3.png
7,0_random_140,0.6,0.3,0.15,21.825001,0.260181,/data/home/mirick/ChordEdit/ablation_outputs/grid_metrics_sdturbo_top_20260626_104807/0_random_140_000000000007/t_delta_0p15/cells/t_start_0p6__t_end_0p3.png
7,0_random_140,0.7,0.3,0.15,21.754509,0.257023,/data/home/mirick/ChordEdit/ablation_outputs/grid_metrics_sdturbo_top_20260626_104807/0_random_140_000000000007/t_delta_0p15/cells/t_start_0p7__t_end_0p3.png
7,0_random_140,0.8,0.3,0.15,21.66594,0.255617,/data/home/mirick/ChordEdit/ablation_outputs/grid_metrics_sdturbo_top_20260626_104807/0_random_140_000000000007/t_delta_0p15/cells/t_start_0p8__t_end_0p3.png
7,0_random_140,0.9,0.3,0.15,21.690907,0.253541,/data/home/mirick/ChordEdit/ablation_outputs/grid_metrics_sdturbo_top_20260626_104807/0_random_140_000000000007/t_delta_0p15/cells/t_start_0p9__t_end_0p3.png
7,0_random_140,1.0,0.3,0.15,21.672764,0.253936,/data/home/mirick/ChordEdit/ablation_outputs/grid_metrics_sdturbo_top_20260626_104807/0_random_140_000000000007/t_delta_0p15/cells/t_start_1p0__t_end_0p3.png
7,0_random_140,0.0,0.4,0.15,20.619205,0.255665,/data/home/mirick/ChordEdit/ablation_outputs/grid_metrics_sdturbo_top_20260626_104807/0_random_140_000000000007/t_delta_0p15/cells/t_start_0p0__t_end_0p4.png
7,0_random_140,0.1,0.4,0.15,20.620182,0.256101,/data/home/mirick/ChordEdit/ablation_outputs/grid_metrics_sdturbo_top_20260626_104807/0_random_140_000000000007/t_delta_0p15/cells/t_start_0p1__t_end_0p4.png
7,0_random_140,0.2,0.4,0.15,20.620245,0.255995,/data/home/mirick/ChordEdit/ablation_outputs/grid_metrics_sdturbo_top_20260626_104807/0_random_140_000000000007/t_delta_0p15/cells/t_start_0p2__t_end_0p4.png
7,0_random_140,0.3,0.4,0.15,20.620171,0.256231,/data/home/mirick/ChordEdit/ablation_outputs/grid_metrics_sdturbo_top_20260626_104807/0_random_140_000000000007/t_delta_0p15/cells/t_start_0p3__t_end_0p4.png
7,0_random_140,0.4,0.4,0.15,20.611193,0.257367,/data/home/mirick/ChordEdit/ablation_outputs/grid_metrics_sdturbo_top_20260626_104807/0_random_140_000000000007/t_delta_0p15/cells/t_start_0p4__t_end_0p4.png
7,0_random_140,0.5,0.4,0.15,20.585264,0.25969,/data/home/mirick/ChordEdit/ablation_outputs/grid_metrics_sdturbo_top_20260626_104807/0_random_140_000000000007/t_delta_0p15/cells/t_start_0p5__t_end_0p4.png
7,0_random_140,0.6,0.4,0.15,20.526385,0.261006,/data/home/mirick/ChordEdit/ablation_outputs/grid_metrics_sdturbo_top_20260626_104807/0_random_140_000000000007/t_delta_0p15/cells/t_start_0p6__t_end_0p4.png
7,0_random_140,0.7,0.4,0.15,20.488422,0.257982,/data/home/mirick/ChordEdit/ablation_outputs/grid_metrics_sdturbo_top_20260626_104807/0_random_140_000000000007/t_delta_0p15/cells/t_start_0p7__t_end_0p4.png
7,0_random_140,0.8,0.4,0.15,20.371631,0.254381,/data/home/mirick/ChordEdit/ablation_outputs/grid_metrics_sdturbo_top_20260626_104807/0_random_140_000000000007/t_delta_0p15/cells/t_start_0p8__t_end_0p4.png
7,0_random_140,0.9,0.4,0.15,20.447135,0.254349,/data/home/mirick/ChordEdit/ablation_outputs/grid_metrics_sdturbo_top_20260626_104807/0_random_140_000000000007/t_delta_0p15/cells/t_start_0p9__t_end_0p4.png
7,0_random_140,1.0,0.4,0.15,20.382579,0.251744,/data/home/mirick/ChordEdit/ablation_outputs/grid_metrics_sdturbo_top_20260626_104807/0_random_140_000000000007/t_delta_0p15/cells/t_start_1p0__t_end_0p4.png
7,0_random_140,0.0,0.5,0.15,19.369882,0.261494,/data/home/mirick/ChordEdit/ablation_outputs/grid_metrics_sdturbo_top_20260626_104807/0_random_140_000000000007/t_delta_0p15/cells/t_start_0p0__t_end_0p5.png
7,0_random_140,0.1,0.5,0.15,19.370222,0.261062,/data/home/mirick/ChordEdit/ablation_outputs/grid_metrics_sdturbo_top_20260626_104807/0_random_140_000000000007/t_delta_0p15/cells/t_start_0p1__t_end_0p5.png
7,0_random_140,0.2,0.5,0.15,19.369947,0.261674,/data/home/mirick/ChordEdit/ablation_outputs/grid_metrics_sdturbo_top_20260626_104807/0_random_140_000000000007/t_delta_0p15/cells/t_start_0p2__t_end_0p5.png
7,0_random_140,0.3,0.5,0.15,19.368844,0.261937,/data/home/mirick/ChordEdit/ablation_outputs/grid_metrics_sdturbo_top_20260626_104807/0_random_140_000000000007/t_delta_0p15/cells/t_start_0p3__t_end_0p5.png
7,0_random_140,0.4,0.5,0.15,19.363826,0.262739,/data/home/mirick/ChordEdit/ablation_outputs/grid_metrics_sdturbo_top_20260626_104807/0_random_140_000000000007/t_delta_0p15/cells/t_start_0p4__t_end_0p5.png
7,0_random_140,0.5,0.5,0.15,19.334561,0.263161,/data/home/mirick/ChordEdit/ablation_outputs/grid_metrics_sdturbo_top_20260626_104807/0_random_140_000000000007/t_delta_0p15/cells/t_start_0p5__t_end_0p5.png
7,0_random_140,0.6,0.5,0.15,19.297389,0.26183,/data/home/mirick/ChordEdit/ablation_outputs/grid_metrics_sdturbo_top_20260626_104807/0_random_140_000000000007/t_delta_0p15/cells/t_start_0p6__t_end_0p5.png
7,0_random_140,0.7,0.5,0.15,19.175274,0.26093,/data/home/mirick/ChordEdit/ablation_outputs/grid_metrics_sdturbo_top_20260626_104807/0_random_140_000000000007/t_delta_0p15/cells/t_start_0p7__t_end_0p5.png
7,0_random_140,0.8,0.5,0.15,19.149401,0.256285,/data/home/mirick/ChordEdit/ablation_outputs/grid_metrics_sdturbo_top_20260626_104807/0_random_140_000000000007/t_delta_0p15/cells/t_start_0p8__t_end_0p5.png
7,0_random_140,0.9,0.5,0.15,19.24293,0.261417,/data/home/mirick/ChordEdit/ablation_outputs/grid_metrics_sdturbo_top_20260626_104807/0_random_140_000000000007/t_delta_0p15/cells/t_start_0p9__t_end_0p5.png
7,0_random_140,1.0,0.5,0.15,19.121086,0.253898,/data/home/mirick/ChordEdit/ablation_outputs/grid_metrics_sdturbo_top_20260626_104807/0_random_140_000000000007/t_delta_0p15/cells/t_start_1p0__t_end_0p5.png
7,0_random_140,0.0,0.6,0.15,18.12066,0.256827,/data/home/mirick/ChordEdit/ablation_outputs/grid_metrics_sdturbo_top_20260626_104807/0_random_140_000000000007/t_delta_0p15/cells/t_start_0p0__t_end_0p6.png
7,0_random_140,0.1,0.6,0.15,18.120644,0.256618,/data/home/mirick/ChordEdit/ablation_outputs/grid_metrics_sdturbo_top_20260626_104807/0_random_140_000000000007/t_delta_0p15/cells/t_start_0p1__t_end_0p6.png
7,0_random_140,0.2,0.6,0.15,18.119872,0.256161,/data/home/mirick/ChordEdit/ablation_outputs/grid_metrics_sdturbo_top_20260626_104807/0_random_140_000000000007/t_delta_0p15/cells/t_start_0p2__t_end_0p6.png
7,0_random_140,0.3,0.6,0.15,18.118661,0.257199,/data/home/mirick/ChordEdit/ablation_outputs/grid_metrics_sdturbo_top_20260626_104807/0_random_140_000000000007/t_delta_0p15/cells/t_start_0p3__t_end_0p6.png
7,0_random_140,0.4,0.6,0.15,18.114477,0.257978,/data/home/mirick/ChordEdit/ablation_outputs/grid_metrics_sdturbo_top_20260626_104807/0_random_140_000000000007/t_delta_0p15/cells/t_start_0p4__t_end_0p6.png
7,0_random_140,0.5,0.6,0.15,18.095117,0.256546,/data/home/mirick/ChordEdit/ablation_outputs/grid_metrics_sdturbo_top_20260626_104807/0_random_140_000000000007/t_delta_0p15/cells/t_start_0p5__t_end_0p6.png
7,0_random_140,0.6,0.6,0.15,18.041285,0.251377,/data/home/mirick/ChordEdit/ablation_outputs/grid_metrics_sdturbo_top_20260626_104807/0_random_140_000000000007/t_delta_0p15/cells/t_start_0p6__t_end_0p6.png
7,0_random_140,0.7,0.6,0.15,17.990908,0.252636,/data/home/mirick/ChordEdit/ablation_outputs/grid_metrics_sdturbo_top_20260626_104807/0_random_140_000000000007/t_delta_0p15/cells/t_start_0p7__t_end_0p6.png
7,0_random_140,0.8,0.6,0.15,17.908116,0.250277,/data/home/mirick/ChordEdit/ablation_outputs/grid_metrics_sdturbo_top_20260626_104807/0_random_140_000000000007/t_delta_0p15/cells/t_start_0p8__t_end_0p6.png
7,0_random_140,0.9,0.6,0.15,18.010258,0.249658,/data/home/mirick/ChordEdit/ablation_outputs/grid_metrics_sdturbo_top_20260626_104807/0_random_140_000000000007/t_delta_0p15/cells/t_start_0p9__t_end_0p6.png
7,0_random_140,1.0,0.6,0.15,17.827303,0.250191,/data/home/mirick/ChordEdit/ablation_outputs/grid_metrics_sdturbo_top_20260626_104807/0_random_140_000000000007/t_delta_0p15/cells/t_start_1p0__t_end_0p6.png
7,0_random_140,0.0,0.7,0.15,17.028042,0.243842,/data/home/mirick/ChordEdit/ablation_outputs/grid_metrics_sdturbo_top_20260626_104807/0_random_140_000000000007/t_delta_0p15/cells/t_start_0p0__t_end_0p7.png
7,0_random_140,0.1,0.7,0.15,17.026343,0.243717,/data/home/mirick/ChordEdit/ablation_outputs/grid_metrics_sdturbo_top_20260626_104807/0_random_140_000000000007/t_delta_0p15/cells/t_start_0p1__t_end_0p7.png
7,0_random_140,0.2,0.7,0.15,17.023882,0.243593,/data/home/mirick/ChordEdit/ablation_outputs/grid_metrics_sdturbo_top_20260626_104807/0_random_140_000000000007/t_delta_0p15/cells/t_start_0p2__t_end_0p7.png
7,0_random_140,0.3,0.7,0.15,17.02228,0.244126,/data/home/mirick/ChordEdit/ablation_outputs/grid_metrics_sdturbo_top_20260626_104807/0_random_140_000000000007/t_delta_0p15/cells/t_start_0p3__t_end_0p7.png
7,0_random_140,0.4,0.7,0.15,17.019865,0.245443,/data/home/mirick/ChordEdit/ablation_outputs/grid_metrics_sdturbo_top_20260626_104807/0_random_140_000000000007/t_delta_0p15/cells/t_start_0p4__t_end_0p7.png
7,0_random_140,0.5,0.7,0.15,17.014649,0.245789,/data/home/mirick/ChordEdit/ablation_outputs/grid_metrics_sdturbo_top_20260626_104807/0_random_140_000000000007/t_delta_0p15/cells/t_start_0p5__t_end_0p7.png
7,0_random_140,0.6,0.7,0.15,16.993524,0.245332,/data/home/mirick/ChordEdit/ablation_outputs/grid_metrics_sdturbo_top_20260626_104807/0_random_140_000000000007/t_delta_0p15/cells/t_start_0p6__t_end_0p7.png
7,0_random_140,0.7,0.7,0.15,16.951114,0.246276,/data/home/mirick/ChordEdit/ablation_outputs/grid_metrics_sdturbo_top_20260626_104807/0_random_140_000000000007/t_delta_0p15/cells/t_start_0p7__t_end_0p7.png
7,0_random_140,0.8,0.7,0.15,16.859375,0.243262,/data/home/mirick/ChordEdit/ablation_outputs/grid_metrics_sdturbo_top_20260626_104807/0_random_140_000000000007/t_delta_0p15/cells/t_start_0p8__t_end_0p7.png
7,0_random_140,0.9,0.7,0.15,16.724548,0.239446,/data/home/mirick/ChordEdit/ablation_outputs/grid_metrics_sdturbo_top_20260626_104807/0_random_140_000000000007/t_delta_0p15/cells/t_start_0p9__t_end_0p7.png
7,0_random_140,1.0,0.7,0.15,16.676159,0.246306,/data/home/mirick/ChordEdit/ablation_outputs/grid_metrics_sdturbo_top_20260626_104807/0_random_140_000000000007/t_delta_0p15/cells/t_start_1p0__t_end_0p7.png
7,0_random_140,0.0,0.8,0.15,15.524654,0.233864,/data/home/mirick/ChordEdit/ablation_outputs/grid_metrics_sdturbo_top_20260626_104807/0_random_140_000000000007/t_delta_0p15/cells/t_start_0p0__t_end_0p8.png
7,0_random_140,0.1,0.8,0.15,15.524287,0.234433,/data/home/mirick/ChordEdit/ablation_outputs/grid_metrics_sdturbo_top_20260626_104807/0_random_140_000000000007/t_delta_0p15/cells/t_start_0p1__t_end_0p8.png
7,0_random_140,0.2,0.8,0.15,15.524351,0.233908,/data/home/mirick/ChordEdit/ablation_outputs/grid_metrics_sdturbo_top_20260626_104807/0_random_140_000000000007/t_delta_0p15/cells/t_start_0p2__t_end_0p8.png
7,0_random_140,0.3,0.8,0.15,15.524283,0.23451,/data/home/mirick/ChordEdit/ablation_outputs/grid_metrics_sdturbo_top_20260626_104807/0_random_140_000000000007/t_delta_0p15/cells/t_start_0p3__t_end_0p8.png
7,0_random_140,0.4,0.8,0.15,15.52446,0.233695,/data/home/mirick/ChordEdit/ablation_outputs/grid_metrics_sdturbo_top_20260626_104807/0_random_140_000000000007/t_delta_0p15/cells/t_start_0p4__t_end_0p8.png
7,0_random_140,0.5,0.8,0.15,15.523097,0.234661,/data/home/mirick/ChordEdit/ablation_outputs/grid_metrics_sdturbo_top_20260626_104807/0_random_140_000000000007/t_delta_0p15/cells/t_start_0p5__t_end_0p8.png
7,0_random_140,0.6,0.8,0.15,15.517129,0.235486,/data/home/mirick/ChordEdit/ablation_outputs/grid_metrics_sdturbo_top_20260626_104807/0_random_140_000000000007/t_delta_0p15/cells/t_start_0p6__t_end_0p8.png
7,0_random_140,0.7,0.8,0.15,15.598953,0.252114,/data/home/mirick/ChordEdit/ablation_outputs/grid_metrics_sdturbo_top_20260626_104807/0_random_140_000000000007/t_delta_0p15/cells/t_start_0p7__t_end_0p8.png
7,0_random_140,0.8,0.8,0.15,15.501311,0.233766,/data/home/mirick/ChordEdit/ablation_outputs/grid_metrics_sdturbo_top_20260626_104807/0_random_140_000000000007/t_delta_0p15/cells/t_start_0p8__t_end_0p8.png
7,0_random_140,0.9,0.8,0.15,15.58657,0.244137,/data/home/mirick/ChordEdit/ablation_outputs/grid_metrics_sdturbo_top_20260626_104807/0_random_140_000000000007/t_delta_0p15/cells/t_start_0p9__t_end_0p8.png
7,0_random_140,1.0,0.8,0.15,15.353924,0.229812,/data/home/mirick/ChordEdit/ablation_outputs/grid_metrics_sdturbo_top_20260626_104807/0_random_140_000000000007/t_delta_0p15/cells/t_start_1p0__t_end_0p8.png
7,0_random_140,0.0,0.9,0.15,14.645909,0.225829,/data/home/mirick/ChordEdit/ablation_outputs/grid_metrics_sdturbo_top_20260626_104807/0_random_140_000000000007/t_delta_0p15/cells/t_start_0p0__t_end_0p9.png
7,0_random_140,0.1,0.9,0.15,14.646235,0.225601,/data/home/mirick/ChordEdit/ablation_outputs/grid_metrics_sdturbo_top_20260626_104807/0_random_140_000000000007/t_delta_0p15/cells/t_start_0p1__t_end_0p9.png
7,0_random_140,0.2,0.9,0.15,14.64659,0.22583,/data/home/mirick/ChordEdit/ablation_outputs/grid_metrics_sdturbo_top_20260626_104807/0_random_140_000000000007/t_delta_0p15/cells/t_start_0p2__t_end_0p9.png
7,0_random_140,0.3,0.9,0.15,14.64659,0.225492,/data/home/mirick/ChordEdit/ablation_outputs/grid_metrics_sdturbo_top_20260626_104807/0_random_140_000000000007/t_delta_0p15/cells/t_start_0p3__t_end_0p9.png
7,0_random_140,0.4,0.9,0.15,14.647693,0.225325,/data/home/mirick/ChordEdit/ablation_outputs/grid_metrics_sdturbo_top_20260626_104807/0_random_140_000000000007/t_delta_0p15/cells/t_start_0p4__t_end_0p9.png
7,0_random_140,0.5,0.9,0.15,14.645092,0.223658,/data/home/mirick/ChordEdit/ablation_outputs/grid_metrics_sdturbo_top_20260626_104807/0_random_140_000000000007/t_delta_0p15/cells/t_start_0p5__t_end_0p9.png
7,0_random_140,0.6,0.9,0.15,14.642382,0.220142,/data/home/mirick/ChordEdit/ablation_outputs/grid_metrics_sdturbo_top_20260626_104807/0_random_140_000000000007/t_delta_0p15/cells/t_start_0p6__t_end_0p9.png
7,0_random_140,0.7,0.9,0.15,14.671459,0.228515,/data/home/mirick/ChordEdit/ablation_outputs/grid_metrics_sdturbo_top_20260626_104807/0_random_140_000000000007/t_delta_0p15/cells/t_start_0p7__t_end_0p9.png
7,0_random_140,0.8,0.9,0.15,14.626945,0.225481,/data/home/mirick/ChordEdit/ablation_outputs/grid_metrics_sdturbo_top_20260626_104807/0_random_140_000000000007/t_delta_0p15/cells/t_start_0p8__t_end_0p9.png
7,0_random_140,0.9,0.9,0.15,14.914351,0.230177,/data/home/mirick/ChordEdit/ablation_outputs/grid_metrics_sdturbo_top_20260626_104807/0_random_140_000000000007/t_delta_0p15/cells/t_start_0p9__t_end_0p9.png
7,0_random_140,1.0,0.9,0.15,14.585491,0.231355,/data/home/mirick/ChordEdit/ablation_outputs/grid_metrics_sdturbo_top_20260626_104807/0_random_140_000000000007/t_delta_0p15/cells/t_start_1p0__t_end_0p9.png
7,0_random_140,0.0,1.0,0.15,13.344798,0.173814,/data/home/mirick/ChordEdit/ablation_outputs/grid_metrics_sdturbo_top_20260626_104807/0_random_140_000000000007/t_delta_0p15/cells/t_start_0p0__t_end_1p0.png
7,0_random_140,0.1,1.0,0.15,13.344461,0.174087,/data/home/mirick/ChordEdit/ablation_outputs/grid_metrics_sdturbo_top_20260626_104807/0_random_140_000000000007/t_delta_0p15/cells/t_start_0p1__t_end_1p0.png
7,0_random_140,0.2,1.0,0.15,13.345089,0.174255,/data/home/mirick/ChordEdit/ablation_outputs/grid_metrics_sdturbo_top_20260626_104807/0_random_140_000000000007/t_delta_0p15/cells/t_start_0p2__t_end_1p0.png
7,0_random_140,0.3,1.0,0.15,13.344882,0.173999,/data/home/mirick/ChordEdit/ablation_outputs/grid_metrics_sdturbo_top_20260626_104807/0_random_140_000000000007/t_delta_0p15/cells/t_start_0p3__t_end_1p0.png
7,0_random_140,0.4,1.0,0.15,13.345157,0.17321,/data/home/mirick/ChordEdit/ablation_outputs/grid_metrics_sdturbo_top_20260626_104807/0_random_140_000000000007/t_delta_0p15/cells/t_start_0p4__t_end_1p0.png
7,0_random_140,0.5,1.0,0.15,13.341141,0.174024,/data/home/mirick/ChordEdit/ablation_outputs/grid_metrics_sdturbo_top_20260626_104807/0_random_140_000000000007/t_delta_0p15/cells/t_start_0p5__t_end_1p0.png
7,0_random_140,0.6,1.0,0.15,13.335667,0.172741,/data/home/mirick/ChordEdit/ablation_outputs/grid_metrics_sdturbo_top_20260626_104807/0_random_140_000000000007/t_delta_0p15/cells/t_start_0p6__t_end_1p0.png
7,0_random_140,0.7,1.0,0.15,13.340143,0.17218,/data/home/mirick/ChordEdit/ablation_outputs/grid_metrics_sdturbo_top_20260626_104807/0_random_140_000000000007/t_delta_0p15/cells/t_start_0p7__t_end_1p0.png
7,0_random_140,0.8,1.0,0.15,13.30791,0.172733,/data/home/mirick/ChordEdit/ablation_outputs/grid_metrics_sdturbo_top_20260626_104807/0_random_140_000000000007/t_delta_0p15/cells/t_start_0p8__t_end_1p0.png
7,0_random_140,0.9,1.0,0.15,13.270898,0.177907,/data/home/mirick/ChordEdit/ablation_outputs/grid_metrics_sdturbo_top_20260626_104807/0_random_140_000000000007/t_delta_0p15/cells/t_start_0p9__t_end_1p0.png
7,0_random_140,1.0,1.0,0.15,13.052977,0.173893,/data/home/mirick/ChordEdit/ablation_outputs/grid_metrics_sdturbo_top_20260626_104807/0_random_140_000000000007/t_delta_0p15/cells/t_start_1p0__t_end_1p0.png
7,0_random_140,0.0,0.0,0.0,26.829518,0.238995,/data/home/mirick/ChordEdit/ablation_outputs/grid_metrics_sdturbo_top_20260626_104807/0_random_140_000000000007/t_delta_0/cells/t_start_0p0__t_end_0p0.png
7,0_random_140,0.1,0.0,0.0,26.830731,0.240023,/data/home/mirick/ChordEdit/ablation_outputs/grid_metrics_sdturbo_top_20260626_104807/0_random_140_000000000007/t_delta_0/cells/t_start_0p1__t_end_0p0.png
7,0_random_140,0.2,0.0,0.0,26.827464,0.238514,/data/home/mirick/ChordEdit/ablation_outputs/grid_metrics_sdturbo_top_20260626_104807/0_random_140_000000000007/t_delta_0/cells/t_start_0p2__t_end_0p0.png
7,0_random_140,0.3,0.0,0.0,26.819952,0.238515,/data/home/mirick/ChordEdit/ablation_outputs/grid_metrics_sdturbo_top_20260626_104807/0_random_140_000000000007/t_delta_0/cells/t_start_0p3__t_end_0p0.png
7,0_random_140,0.4,0.0,0.0,26.787872,0.23971,/data/home/mirick/ChordEdit/ablation_outputs/grid_metrics_sdturbo_top_20260626_104807/0_random_140_000000000007/t_delta_0/cells/t_start_0p4__t_end_0p0.png
7,0_random_140,0.5,0.0,0.0,26.600772,0.239538,/data/home/mirick/ChordEdit/ablation_outputs/grid_metrics_sdturbo_top_20260626_104807/0_random_140_000000000007/t_delta_0/cells/t_start_0p5__t_end_0p0.png
7,0_random_140,0.6,0.0,0.0,26.412826,0.239585,/data/home/mirick/ChordEdit/ablation_outputs/grid_metrics_sdturbo_top_20260626_104807/0_random_140_000000000007/t_delta_0/cells/t_start_0p6__t_end_0p0.png
7,0_random_140,0.7,0.0,0.0,25.203108,0.22734,/data/home/mirick/ChordEdit/ablation_outputs/grid_metrics_sdturbo_top_20260626_104807/0_random_140_000000000007/t_delta_0/cells/t_start_0p7__t_end_0p0.png
7,0_random_140,0.8,0.0,0.0,25.358182,0.225687,/data/home/mirick/ChordEdit/ablation_outputs/grid_metrics_sdturbo_top_20260626_104807/0_random_140_000000000007/t_delta_0/cells/t_start_0p8__t_end_0p0.png
7,0_random_140,0.9,0.0,0.0,22.577315,0.221733,/data/home/mirick/ChordEdit/ablation_outputs/grid_metrics_sdturbo_top_20260626_104807/0_random_140_000000000007/t_delta_0/cells/t_start_0p9__t_end_0p0.png
7,0_random_140,1.0,0.0,0.0,20.964862,0.231167,/data/home/mirick/ChordEdit/ablation_outputs/grid_metrics_sdturbo_top_20260626_104807/0_random_140_000000000007/t_delta_0/cells/t_start_1p0__t_end_0p0.png
7,0_random_140,0.0,0.1,0.0,24.611805,0.249453,/data/home/mirick/ChordEdit/ablation_outputs/grid_metrics_sdturbo_top_20260626_104807/0_random_140_000000000007/t_delta_0/cells/t_start_0p0__t_end_0p1.png
7,0_random_140,0.1,0.1,0.0,24.609469,0.250377,/data/home/mirick/ChordEdit/ablation_outputs/grid_metrics_sdturbo_top_20260626_104807/0_random_140_000000000007/t_delta_0/cells/t_start_0p1__t_end_0p1.png
7,0_random_140,0.2,0.1,0.0,24.600145,0.25072,/data/home/mirick/ChordEdit/ablation_outputs/grid_metrics_sdturbo_top_20260626_104807/0_random_140_000000000007/t_delta_0/cells/t_start_0p2__t_end_0p1.png
7,0_random_140,0.3,0.1,0.0,24.590452,0.249056,/data/home/mirick/ChordEdit/ablation_outputs/grid_metrics_sdturbo_top_20260626_104807/0_random_140_000000000007/t_delta_0/cells/t_start_0p3__t_end_0p1.png
7,0_random_140,0.4,0.1,0.0,24.564751,0.248439,/data/home/mirick/ChordEdit/ablation_outputs/grid_metrics_sdturbo_top_20260626_104807/0_random_140_000000000007/t_delta_0/cells/t_start_0p4__t_end_0p1.png
7,0_random_140,0.5,0.1,0.0,24.399855,0.260936,/data/home/mirick/ChordEdit/ablation_outputs/grid_metrics_sdturbo_top_20260626_104807/0_random_140_000000000007/t_delta_0/cells/t_start_0p5__t_end_0p1.png
7,0_random_140,0.6,0.1,0.0,24.282979,0.257924,/data/home/mirick/ChordEdit/ablation_outputs/grid_metrics_sdturbo_top_20260626_104807/0_random_140_000000000007/t_delta_0/cells/t_start_0p6__t_end_0p1.png
7,0_random_140,0.7,0.1,0.0,23.94787,0.227436,/data/home/mirick/ChordEdit/ablation_outputs/grid_metrics_sdturbo_top_20260626_104807/0_random_140_000000000007/t_delta_0/cells/t_start_0p7__t_end_0p1.png
7,0_random_140,0.8,0.1,0.0,24.110475,0.244061,/data/home/mirick/ChordEdit/ablation_outputs/grid_metrics_sdturbo_top_20260626_104807/0_random_140_000000000007/t_delta_0/cells/t_start_0p8__t_end_0p1.png
7,0_random_140,0.9,0.1,0.0,22.328091,0.233247,/data/home/mirick/ChordEdit/ablation_outputs/grid_metrics_sdturbo_top_20260626_104807/0_random_140_000000000007/t_delta_0/cells/t_start_0p9__t_end_0p1.png
7,0_random_140,1.0,0.1,0.0,21.016564,0.244479,/data/home/mirick/ChordEdit/ablation_outputs/grid_metrics_sdturbo_top_20260626_104807/0_random_140_000000000007/t_delta_0/cells/t_start_1p0__t_end_0p1.png
7,0_random_140,0.0,0.2,0.0,23.251001,0.257126,/data/home/mirick/ChordEdit/ablation_outputs/grid_metrics_sdturbo_top_20260626_104807/0_random_140_000000000007/t_delta_0/cells/t_start_0p0__t_end_0p2.png
7,0_random_140,0.1,0.2,0.0,23.250642,0.257068,/data/home/mirick/ChordEdit/ablation_outputs/grid_metrics_sdturbo_top_20260626_104807/0_random_140_000000000007/t_delta_0/cells/t_start_0p1__t_end_0p2.png
7,0_random_140,0.2,0.2,0.0,23.241918,0.258102,/data/home/mirick/ChordEdit/ablation_outputs/grid_metrics_sdturbo_top_20260626_104807/0_random_140_000000000007/t_delta_0/cells/t_start_0p2__t_end_0p2.png
7,0_random_140,0.3,0.2,0.0,23.230042,0.257474,/data/home/mirick/ChordEdit/ablation_outputs/grid_metrics_sdturbo_top_20260626_104807/0_random_140_000000000007/t_delta_0/cells/t_start_0p3__t_end_0p2.png
7,0_random_140,0.4,0.2,0.0,23.196086,0.256377,/data/home/mirick/ChordEdit/ablation_outputs/grid_metrics_sdturbo_top_20260626_104807/0_random_140_000000000007/t_delta_0/cells/t_start_0p4__t_end_0p2.png
7,0_random_140,0.5,0.2,0.0,23.032729,0.269326,/data/home/mirick/ChordEdit/ablation_outputs/grid_metrics_sdturbo_top_20260626_104807/0_random_140_000000000007/t_delta_0/cells/t_start_0p5__t_end_0p2.png
7,0_random_140,0.6,0.2,0.0,22.92895,0.266899,/data/home/mirick/ChordEdit/ablation_outputs/grid_metrics_sdturbo_top_20260626_104807/0_random_140_000000000007/t_delta_0/cells/t_start_0p6__t_end_0p2.png
7,0_random_140,0.7,0.2,0.0,22.893963,0.241237,/data/home/mirick/ChordEdit/ablation_outputs/grid_metrics_sdturbo_top_20260626_104807/0_random_140_000000000007/t_delta_0/cells/t_start_0p7__t_end_0p2.png
7,0_random_140,0.8,0.2,0.0,22.906681,0.254419,/data/home/mirick/ChordEdit/ablation_outputs/grid_metrics_sdturbo_top_20260626_104807/0_random_140_000000000007/t_delta_0/cells/t_start_0p8__t_end_0p2.png
7,0_random_140,0.9,0.2,0.0,21.890598,0.244869,/data/home/mirick/ChordEdit/ablation_outputs/grid_metrics_sdturbo_top_20260626_104807/0_random_140_000000000007/t_delta_0/cells/t_start_0p9__t_end_0p2.png
7,0_random_140,1.0,0.2,0.0,20.855418,0.251004,/data/home/mirick/ChordEdit/ablation_outputs/grid_metrics_sdturbo_top_20260626_104807/0_random_140_000000000007/t_delta_0/cells/t_start_1p0__t_end_0p2.png
7,0_random_140,0.0,0.3,0.0,21.948107,0.25474,/data/home/mirick/ChordEdit/ablation_outputs/grid_metrics_sdturbo_top_20260626_104807/0_random_140_000000000007/t_delta_0/cells/t_start_0p0__t_end_0p3.png
7,0_random_140,0.1,0.3,0.0,21.948937,0.254406,/data/home/mirick/ChordEdit/ablation_outputs/grid_metrics_sdturbo_top_20260626_104807/0_random_140_000000000007/t_delta_0/cells/t_start_0p1__t_end_0p3.png
7,0_random_140,0.2,0.3,0.0,21.949037,0.254828,/data/home/mirick/ChordEdit/ablation_outputs/grid_metrics_sdturbo_top_20260626_104807/0_random_140_000000000007/t_delta_0/cells/t_start_0p2__t_end_0p3.png
7,0_random_140,0.3,0.3,0.0,21.944533,0.254825,/data/home/mirick/ChordEdit/ablation_outputs/grid_metrics_sdturbo_top_20260626_104807/0_random_140_000000000007/t_delta_0/cells/t_start_0p3__t_end_0p3.png
7,0_random_140,0.4,0.3,0.0,21.911822,0.254624,/data/home/mirick/ChordEdit/ablation_outputs/grid_metrics_sdturbo_top_20260626_104807/0_random_140_000000000007/t_delta_0/cells/t_start_0p4__t_end_0p3.png
7,0_random_140,0.5,0.3,0.0,21.786498,0.267842,/data/home/mirick/ChordEdit/ablation_outputs/grid_metrics_sdturbo_top_20260626_104807/0_random_140_000000000007/t_delta_0/cells/t_start_0p5__t_end_0p3.png
7,0_random_140,0.6,0.3,0.0,21.692077,0.263196,/data/home/mirick/ChordEdit/ablation_outputs/grid_metrics_sdturbo_top_20260626_104807/0_random_140_000000000007/t_delta_0/cells/t_start_0p6__t_end_0p3.png
7,0_random_140,0.7,0.3,0.0,21.699856,0.245637,/data/home/mirick/ChordEdit/ablation_outputs/grid_metrics_sdturbo_top_20260626_104807/0_random_140_000000000007/t_delta_0/cells/t_start_0p7__t_end_0p3.png
7,0_random_140,0.8,0.3,0.0,21.649486,0.253269,/data/home/mirick/ChordEdit/ablation_outputs/grid_metrics_sdturbo_top_20260626_104807/0_random_140_000000000007/t_delta_0/cells/t_start_0p8__t_end_0p3.png
7,0_random_140,0.9,0.3,0.0,21.056576,0.251075,/data/home/mirick/ChordEdit/ablation_outputs/grid_metrics_sdturbo_top_20260626_104807/0_random_140_000000000007/t_delta_0/cells/t_start_0p9__t_end_0p3.png
7,0_random_140,1.0,0.3,0.0,20.476717,0.253945,/data/home/mirick/ChordEdit/ablation_outputs/grid_metrics_sdturbo_top_20260626_104807/0_random_140_000000000007/t_delta_0/cells/t_start_1p0__t_end_0p3.png
7,0_random_140,0.0,0.4,0.0,20.619205,0.255665,/data/home/mirick/ChordEdit/ablation_outputs/grid_metrics_sdturbo_top_20260626_104807/0_random_140_000000000007/t_delta_0/cells/t_start_0p0__t_end_0p4.png
7,0_random_140,0.1,0.4,0.0,20.621443,0.256324,/data/home/mirick/ChordEdit/ablation_outputs/grid_metrics_sdturbo_top_20260626_104807/0_random_140_000000000007/t_delta_0/cells/t_start_0p1__t_end_0p4.png
7,0_random_140,0.2,0.4,0.0,20.620358,0.256227,/data/home/mirick/ChordEdit/ablation_outputs/grid_metrics_sdturbo_top_20260626_104807/0_random_140_000000000007/t_delta_0/cells/t_start_0p2__t_end_0p4.png
7,0_random_140,0.3,0.4,0.0,20.616848,0.25671,/data/home/mirick/ChordEdit/ablation_outputs/grid_metrics_sdturbo_top_20260626_104807/0_random_140_000000000007/t_delta_0/cells/t_start_0p3__t_end_0p4.png
7,0_random_140,0.4,0.4,0.0,20.590949,0.259619,/data/home/mirick/ChordEdit/ablation_outputs/grid_metrics_sdturbo_top_20260626_104807/0_random_140_000000000007/t_delta_0/cells/t_start_0p4__t_end_0p4.png
7,0_random_140,0.5,0.4,0.0,20.510416,0.262627,/data/home/mirick/ChordEdit/ablation_outputs/grid_metrics_sdturbo_top_20260626_104807/0_random_140_000000000007/t_delta_0/cells/t_start_0p5__t_end_0p4.png
7,0_random_140,0.6,0.4,0.0,20.395057,0.256362,/data/home/mirick/ChordEdit/ablation_outputs/grid_metrics_sdturbo_top_20260626_104807/0_random_140_000000000007/t_delta_0/cells/t_start_0p6__t_end_0p4.png
7,0_random_140,0.7,0.4,0.0,20.412186,0.249197,/data/home/mirick/ChordEdit/ablation_outputs/grid_metrics_sdturbo_top_20260626_104807/0_random_140_000000000007/t_delta_0/cells/t_start_0p7__t_end_0p4.png
7,0_random_140,0.8,0.4,0.0,20.367838,0.256464,/data/home/mirick/ChordEdit/ablation_outputs/grid_metrics_sdturbo_top_20260626_104807/0_random_140_000000000007/t_delta_0/cells/t_start_0p8__t_end_0p4.png
7,0_random_140,0.9,0.4,0.0,19.920583,0.249605,/data/home/mirick/ChordEdit/ablation_outputs/grid_metrics_sdturbo_top_20260626_104807/0_random_140_000000000007/t_delta_0/cells/t_start_0p9__t_end_0p4.png
7,0_random_140,1.0,0.4,0.0,19.634295,0.252492,/data/home/mirick/ChordEdit/ablation_outputs/grid_metrics_sdturbo_top_20260626_104807/0_random_140_000000000007/t_delta_0/cells/t_start_1p0__t_end_0p4.png
7,0_random_140,0.0,0.5,0.0,19.369882,0.261494,/data/home/mirick/ChordEdit/ablation_outputs/grid_metrics_sdturbo_top_20260626_104807/0_random_140_000000000007/t_delta_0/cells/t_start_0p0__t_end_0p5.png
7,0_random_140,0.1,0.5,0.0,19.370602,0.26188,/data/home/mirick/ChordEdit/ablation_outputs/grid_metrics_sdturbo_top_20260626_104807/0_random_140_000000000007/t_delta_0/cells/t_start_0p1__t_end_0p5.png
7,0_random_140,0.2,0.5,0.0,19.369052,0.262361,/data/home/mirick/ChordEdit/ablation_outputs/grid_metrics_sdturbo_top_20260626_104807/0_random_140_000000000007/t_delta_0/cells/t_start_0p2__t_end_0p5.png
7,0_random_140,0.3,0.5,0.0,19.365406,0.262625,/data/home/mirick/ChordEdit/ablation_outputs/grid_metrics_sdturbo_top_20260626_104807/0_random_140_000000000007/t_delta_0/cells/t_start_0p3__t_end_0p5.png
7,0_random_140,0.4,0.5,0.0,19.351397,0.262782,/data/home/mirick/ChordEdit/ablation_outputs/grid_metrics_sdturbo_top_20260626_104807/0_random_140_000000000007/t_delta_0/cells/t_start_0p4__t_end_0p5.png
7,0_random_140,0.5,0.5,0.0,19.230288,0.26232,/data/home/mirick/ChordEdit/ablation_outputs/grid_metrics_sdturbo_top_20260626_104807/0_random_140_000000000007/t_delta_0/cells/t_start_0p5__t_end_0p5.png
7,0_random_140,0.6,0.5,0.0,19.193222,0.253236,/data/home/mirick/ChordEdit/ablation_outputs/grid_metrics_sdturbo_top_20260626_104807/0_random_140_000000000007/t_delta_0/cells/t_start_0p6__t_end_0p5.png
7,0_random_140,0.7,0.5,0.0,19.265547,0.255738,/data/home/mirick/ChordEdit/ablation_outputs/grid_metrics_sdturbo_top_20260626_104807/0_random_140_000000000007/t_delta_0/cells/t_start_0p7__t_end_0p5.png
7,0_random_140,0.8,0.5,0.0,19.119915,0.257267,/data/home/mirick/ChordEdit/ablation_outputs/grid_metrics_sdturbo_top_20260626_104807/0_random_140_000000000007/t_delta_0/cells/t_start_0p8__t_end_0p5.png
7,0_random_140,0.9,0.5,0.0,18.773246,0.247829,/data/home/mirick/ChordEdit/ablation_outputs/grid_metrics_sdturbo_top_20260626_104807/0_random_140_000000000007/t_delta_0/cells/t_start_0p9__t_end_0p5.png
7,0_random_140,1.0,0.5,0.0,18.550286,0.250213,/data/home/mirick/ChordEdit/ablation_outputs/grid_metrics_sdturbo_top_20260626_104807/0_random_140_000000000007/t_delta_0/cells/t_start_1p0__t_end_0p5.png
7,0_random_140,0.0,0.6,0.0,18.12066,0.256827,/data/home/mirick/ChordEdit/ablation_outputs/grid_metrics_sdturbo_top_20260626_104807/0_random_140_000000000007/t_delta_0/cells/t_start_0p0__t_end_0p6.png
7,0_random_140,0.1,0.6,0.0,18.12067,0.257212,/data/home/mirick/ChordEdit/ablation_outputs/grid_metrics_sdturbo_top_20260626_104807/0_random_140_000000000007/t_delta_0/cells/t_start_0p1__t_end_0p6.png
7,0_random_140,0.2,0.6,0.0,18.118546,0.257032,/data/home/mirick/ChordEdit/ablation_outputs/grid_metrics_sdturbo_top_20260626_104807/0_random_140_000000000007/t_delta_0/cells/t_start_0p2__t_end_0p6.png
7,0_random_140,0.3,0.6,0.0,18.116566,0.25755,/data/home/mirick/ChordEdit/ablation_outputs/grid_metrics_sdturbo_top_20260626_104807/0_random_140_000000000007/t_delta_0/cells/t_start_0p3__t_end_0p6.png
7,0_random_140,0.4,0.6,0.0,18.104856,0.258166,/data/home/mirick/ChordEdit/ablation_outputs/grid_metrics_sdturbo_top_20260626_104807/0_random_140_000000000007/t_delta_0/cells/t_start_0p4__t_end_0p6.png
7,0_random_140,0.5,0.6,0.0,18.035995,0.25431,/data/home/mirick/ChordEdit/ablation_outputs/grid_metrics_sdturbo_top_20260626_104807/0_random_140_000000000007/t_delta_0/cells/t_start_0p5__t_end_0p6.png
7,0_random_140,0.6,0.6,0.0,17.950084,0.254832,/data/home/mirick/ChordEdit/ablation_outputs/grid_metrics_sdturbo_top_20260626_104807/0_random_140_000000000007/t_delta_0/cells/t_start_0p6__t_end_0p6.png
7,0_random_140,0.7,0.6,0.0,17.958174,0.241549,/data/home/mirick/ChordEdit/ablation_outputs/grid_metrics_sdturbo_top_20260626_104807/0_random_140_000000000007/t_delta_0/cells/t_start_0p7__t_end_0p6.png
7,0_random_140,0.8,0.6,0.0,17.840296,0.256938,/data/home/mirick/ChordEdit/ablation_outputs/grid_metrics_sdturbo_top_20260626_104807/0_random_140_000000000007/t_delta_0/cells/t_start_0p8__t_end_0p6.png
7,0_random_140,0.9,0.6,0.0,17.724897,0.249593,/data/home/mirick/ChordEdit/ablation_outputs/grid_metrics_sdturbo_top_20260626_104807/0_random_140_000000000007/t_delta_0/cells/t_start_0p9__t_end_0p6.png
7,0_random_140,1.0,0.6,0.0,17.623232,0.246732,/data/home/mirick/ChordEdit/ablation_outputs/grid_metrics_sdturbo_top_20260626_104807/0_random_140_000000000007/t_delta_0/cells/t_start_1p0__t_end_0p6.png
7,0_random_140,0.0,0.7,0.0,17.028042,0.243842,/data/home/mirick/ChordEdit/ablation_outputs/grid_metrics_sdturbo_top_20260626_104807/0_random_140_000000000007/t_delta_0/cells/t_start_0p0__t_end_0p7.png
7,0_random_140,0.1,0.7,0.0,17.025509,0.243653,/data/home/mirick/ChordEdit/ablation_outputs/grid_metrics_sdturbo_top_20260626_104807/0_random_140_000000000007/t_delta_0/cells/t_start_0p1__t_end_0p7.png
7,0_random_140,0.2,0.7,0.0,17.020346,0.245277,/data/home/mirick/ChordEdit/ablation_outputs/grid_metrics_sdturbo_top_20260626_104807/0_random_140_000000000007/t_delta_0/cells/t_start_0p2__t_end_0p7.png
7,0_random_140,0.3,0.7,0.0,17.021078,0.245231,/data/home/mirick/ChordEdit/ablation_outputs/grid_metrics_sdturbo_top_20260626_104807/0_random_140_000000000007/t_delta_0/cells/t_start_0p3__t_end_0p7.png
7,0_random_140,0.4,0.7,0.0,17.01872,0.244466,/data/home/mirick/ChordEdit/ablation_outputs/grid_metrics_sdturbo_top_20260626_104807/0_random_140_000000000007/t_delta_0/cells/t_start_0p4__t_end_0p7.png
7,0_random_140,0.5,0.7,0.0,16.996158,0.246716,/data/home/mirick/ChordEdit/ablation_outputs/grid_metrics_sdturbo_top_20260626_104807/0_random_140_000000000007/t_delta_0/cells/t_start_0p5__t_end_0p7.png
7,0_random_140,0.6,0.7,0.0,16.909066,0.245838,/data/home/mirick/ChordEdit/ablation_outputs/grid_metrics_sdturbo_top_20260626_104807/0_random_140_000000000007/t_delta_0/cells/t_start_0p6__t_end_0p7.png
7,0_random_140,0.7,0.7,0.0,16.792631,0.234167,/data/home/mirick/ChordEdit/ablation_outputs/grid_metrics_sdturbo_top_20260626_104807/0_random_140_000000000007/t_delta_0/cells/t_start_0p7__t_end_0p7.png
7,0_random_140,0.8,0.7,0.0,16.681065,0.24262,/data/home/mirick/ChordEdit/ablation_outputs/grid_metrics_sdturbo_top_20260626_104807/0_random_140_000000000007/t_delta_0/cells/t_start_0p8__t_end_0p7.png
7,0_random_140,0.9,0.7,0.0,16.552189,0.246123,/data/home/mirick/ChordEdit/ablation_outputs/grid_metrics_sdturbo_top_20260626_104807/0_random_140_000000000007/t_delta_0/cells/t_start_0p9__t_end_0p7.png
7,0_random_140,1.0,0.7,0.0,16.456254,0.22767,/data/home/mirick/ChordEdit/ablation_outputs/grid_metrics_sdturbo_top_20260626_104807/0_random_140_000000000007/t_delta_0/cells/t_start_1p0__t_end_0p7.png
7,0_random_140,0.0,0.8,0.0,15.524654,0.233864,/data/home/mirick/ChordEdit/ablation_outputs/grid_metrics_sdturbo_top_20260626_104807/0_random_140_000000000007/t_delta_0/cells/t_start_0p0__t_end_0p8.png
7,0_random_140,0.1,0.8,0.0,15.52397,0.234059,/data/home/mirick/ChordEdit/ablation_outputs/grid_metrics_sdturbo_top_20260626_104807/0_random_140_000000000007/t_delta_0/cells/t_start_0p1__t_end_0p8.png
7,0_random_140,0.2,0.8,0.0,15.524111,0.234181,/data/home/mirick/ChordEdit/ablation_outputs/grid_metrics_sdturbo_top_20260626_104807/0_random_140_000000000007/t_delta_0/cells/t_start_0p2__t_end_0p8.png
7,0_random_140,0.3,0.8,0.0,15.524846,0.234782,/data/home/mirick/ChordEdit/ablation_outputs/grid_metrics_sdturbo_top_20260626_104807/0_random_140_000000000007/t_delta_0/cells/t_start_0p3__t_end_0p8.png
7,0_random_140,0.4,0.8,0.0,15.524716,0.235293,/data/home/mirick/ChordEdit/ablation_outputs/grid_metrics_sdturbo_top_20260626_104807/0_random_140_000000000007/t_delta_0/cells/t_start_0p4__t_end_0p8.png
7,0_random_140,0.5,0.8,0.0,15.515728,0.235098,/data/home/mirick/ChordEdit/ablation_outputs/grid_metrics_sdturbo_top_20260626_104807/0_random_140_000000000007/t_delta_0/cells/t_start_0p5__t_end_0p8.png
7,0_random_140,0.6,0.8,0.0,15.505592,0.239083,/data/home/mirick/ChordEdit/ablation_outputs/grid_metrics_sdturbo_top_20260626_104807/0_random_140_000000000007/t_delta_0/cells/t_start_0p6__t_end_0p8.png
7,0_random_140,0.7,0.8,0.0,15.655962,0.243255,/data/home/mirick/ChordEdit/ablation_outputs/grid_metrics_sdturbo_top_20260626_104807/0_random_140_000000000007/t_delta_0/cells/t_start_0p7__t_end_0p8.png
7,0_random_140,0.8,0.8,0.0,15.423485,0.240046,/data/home/mirick/ChordEdit/ablation_outputs/grid_metrics_sdturbo_top_20260626_104807/0_random_140_000000000007/t_delta_0/cells/t_start_0p8__t_end_0p8.png
7,0_random_140,0.9,0.8,0.0,15.338603,0.230249,/data/home/mirick/ChordEdit/ablation_outputs/grid_metrics_sdturbo_top_20260626_104807/0_random_140_000000000007/t_delta_0/cells/t_start_0p9__t_end_0p8.png
7,0_random_140,1.0,0.8,0.0,15.210835,0.228607,/data/home/mirick/ChordEdit/ablation_outputs/grid_metrics_sdturbo_top_20260626_104807/0_random_140_000000000007/t_delta_0/cells/t_start_1p0__t_end_0p8.png
7,0_random_140,0.0,0.9,0.0,14.645909,0.225829,/data/home/mirick/ChordEdit/ablation_outputs/grid_metrics_sdturbo_top_20260626_104807/0_random_140_000000000007/t_delta_0/cells/t_start_0p0__t_end_0p9.png
7,0_random_140,0.1,0.9,0.0,14.645992,0.225728,/data/home/mirick/ChordEdit/ablation_outputs/grid_metrics_sdturbo_top_20260626_104807/0_random_140_000000000007/t_delta_0/cells/t_start_0p1__t_end_0p9.png
7,0_random_140,0.2,0.9,0.0,14.646805,0.225993,/data/home/mirick/ChordEdit/ablation_outputs/grid_metrics_sdturbo_top_20260626_104807/0_random_140_000000000007/t_delta_0/cells/t_start_0p2__t_end_0p9.png
7,0_random_140,0.3,0.9,0.0,14.647318,0.225409,/data/home/mirick/ChordEdit/ablation_outputs/grid_metrics_sdturbo_top_20260626_104807/0_random_140_000000000007/t_delta_0/cells/t_start_0p3__t_end_0p9.png
7,0_random_140,0.4,0.9,0.0,14.64714,0.224795,/data/home/mirick/ChordEdit/ablation_outputs/grid_metrics_sdturbo_top_20260626_104807/0_random_140_000000000007/t_delta_0/cells/t_start_0p4__t_end_0p9.png
7,0_random_140,0.5,0.9,0.0,14.635724,0.21965,/data/home/mirick/ChordEdit/ablation_outputs/grid_metrics_sdturbo_top_20260626_104807/0_random_140_000000000007/t_delta_0/cells/t_start_0p5__t_end_0p9.png
7,0_random_140,0.6,0.9,0.0,14.639569,0.224861,/data/home/mirick/ChordEdit/ablation_outputs/grid_metrics_sdturbo_top_20260626_104807/0_random_140_000000000007/t_delta_0/cells/t_start_0p6__t_end_0p9.png
7,0_random_140,0.7,0.9,0.0,14.917707,0.231796,/data/home/mirick/ChordEdit/ablation_outputs/grid_metrics_sdturbo_top_20260626_104807/0_random_140_000000000007/t_delta_0/cells/t_start_0p7__t_end_0p9.png
7,0_random_140,0.8,0.9,0.0,14.631905,0.217936,/data/home/mirick/ChordEdit/ablation_outputs/grid_metrics_sdturbo_top_20260626_104807/0_random_140_000000000007/t_delta_0/cells/t_start_0p8__t_end_0p9.png
7,0_random_140,0.9,0.9,0.0,14.47177,0.220234,/data/home/mirick/ChordEdit/ablation_outputs/grid_metrics_sdturbo_top_20260626_104807/0_random_140_000000000007/t_delta_0/cells/t_start_0p9__t_end_0p9.png
7,0_random_140,1.0,0.9,0.0,14.524964,0.218223,/data/home/mirick/ChordEdit/ablation_outputs/grid_metrics_sdturbo_top_20260626_104807/0_random_140_000000000007/t_delta_0/cells/t_start_1p0__t_end_0p9.png
7,0_random_140,0.0,1.0,0.0,13.344798,0.173814,/data/home/mirick/ChordEdit/ablation_outputs/grid_metrics_sdturbo_top_20260626_104807/0_random_140_000000000007/t_delta_0/cells/t_start_0p0__t_end_1p0.png
7,0_random_140,0.1,1.0,0.0,13.343966,0.174531,/data/home/mirick/ChordEdit/ablation_outputs/grid_metrics_sdturbo_top_20260626_104807/0_random_140_000000000007/t_delta_0/cells/t_start_0p1__t_end_1p0.png
7,0_random_140,0.2,1.0,0.0,13.345111,0.174124,/data/home/mirick/ChordEdit/ablation_outputs/grid_metrics_sdturbo_top_20260626_104807/0_random_140_000000000007/t_delta_0/cells/t_start_0p2__t_end_1p0.png
7,0_random_140,0.3,1.0,0.0,13.345461,0.173254,/data/home/mirick/ChordEdit/ablation_outputs/grid_metrics_sdturbo_top_20260626_104807/0_random_140_000000000007/t_delta_0/cells/t_start_0p3__t_end_1p0.png
7,0_random_140,0.4,1.0,0.0,13.342132,0.173367,/data/home/mirick/ChordEdit/ablation_outputs/grid_metrics_sdturbo_top_20260626_104807/0_random_140_000000000007/t_delta_0/cells/t_start_0p4__t_end_1p0.png
7,0_random_140,0.5,1.0,0.0,13.32898,0.173374,/data/home/mirick/ChordEdit/ablation_outputs/grid_metrics_sdturbo_top_20260626_104807/0_random_140_000000000007/t_delta_0/cells/t_start_0p5__t_end_1p0.png
7,0_random_140,0.6,1.0,0.0,13.327884,0.172916,/data/home/mirick/ChordEdit/ablation_outputs/grid_metrics_sdturbo_top_20260626_104807/0_random_140_000000000007/t_delta_0/cells/t_start_0p6__t_end_1p0.png
7,0_random_140,0.7,1.0,0.0,13.389567,0.176094,/data/home/mirick/ChordEdit/ablation_outputs/grid_metrics_sdturbo_top_20260626_104807/0_random_140_000000000007/t_delta_0/cells/t_start_0p7__t_end_1p0.png
7,0_random_140,0.8,1.0,0.0,13.15514,0.174839,/data/home/mirick/ChordEdit/ablation_outputs/grid_metrics_sdturbo_top_20260626_104807/0_random_140_000000000007/t_delta_0/cells/t_start_0p8__t_end_1p0.png
7,0_random_140,0.9,1.0,0.0,12.981147,0.173449,/data/home/mirick/ChordEdit/ablation_outputs/grid_metrics_sdturbo_top_20260626_104807/0_random_140_000000000007/t_delta_0/cells/t_start_0p9__t_end_1p0.png
7,0_random_140,1.0,1.0,0.0,12.852441,0.185469,/data/home/mirick/ChordEdit/ablation_outputs/grid_metrics_sdturbo_top_20260626_104807/0_random_140_000000000007/t_delta_0/cells/t_start_1p0__t_end_1p0.png
8,0_random_140,0.0,0.0,0.15,31.66622,0.104496,/data/home/mirick/ChordEdit/ablation_outputs/grid_metrics_sdturbo_top_20260626_104807/0_random_140_000000000008/t_delta_0p15/cells/t_start_0p0__t_end_0p0.png
8,0_random_140,0.1,0.0,0.15,31.659658,0.104373,/data/home/mirick/ChordEdit/ablation_outputs/grid_metrics_sdturbo_top_20260626_104807/0_random_140_000000000008/t_delta_0p15/cells/t_start_0p1__t_end_0p0.png
8,0_random_140,0.2,0.0,0.15,31.611573,0.099219,/data/home/mirick/ChordEdit/ablation_outputs/grid_metrics_sdturbo_top_20260626_104807/0_random_140_000000000008/t_delta_0p15/cells/t_start_0p2__t_end_0p0.png
8,0_random_140,0.3,0.0,0.15,31.503976,0.090783,/data/home/mirick/ChordEdit/ablation_outputs/grid_metrics_sdturbo_top_20260626_104807/0_random_140_000000000008/t_delta_0p15/cells/t_start_0p3__t_end_0p0.png
8,0_random_140,0.4,0.0,0.15,31.322568,0.093797,/data/home/mirick/ChordEdit/ablation_outputs/grid_metrics_sdturbo_top_20260626_104807/0_random_140_000000000008/t_delta_0p15/cells/t_start_0p4__t_end_0p0.png
8,0_random_140,0.5,0.0,0.15,30.924102,0.099789,/data/home/mirick/ChordEdit/ablation_outputs/grid_metrics_sdturbo_top_20260626_104807/0_random_140_000000000008/t_delta_0p15/cells/t_start_0p5__t_end_0p0.png
8,0_random_140,0.6,0.0,0.15,29.309435,0.112073,/data/home/mirick/ChordEdit/ablation_outputs/grid_metrics_sdturbo_top_20260626_104807/0_random_140_000000000008/t_delta_0p15/cells/t_start_0p6__t_end_0p0.png
8,0_random_140,0.7,0.0,0.15,28.883448,0.102809,/data/home/mirick/ChordEdit/ablation_outputs/grid_metrics_sdturbo_top_20260626_104807/0_random_140_000000000008/t_delta_0p15/cells/t_start_0p7__t_end_0p0.png
8,0_random_140,0.8,0.0,0.15,26.222453,0.113632,/data/home/mirick/ChordEdit/ablation_outputs/grid_metrics_sdturbo_top_20260626_104807/0_random_140_000000000008/t_delta_0p15/cells/t_start_0p8__t_end_0p0.png
8,0_random_140,0.9,0.0,0.15,23.535152,0.108369,/data/home/mirick/ChordEdit/ablation_outputs/grid_metrics_sdturbo_top_20260626_104807/0_random_140_000000000008/t_delta_0p15/cells/t_start_0p9__t_end_0p0.png
8,0_random_140,1.0,0.0,0.15,21.546669,0.103962,/data/home/mirick/ChordEdit/ablation_outputs/grid_metrics_sdturbo_top_20260626_104807/0_random_140_000000000008/t_delta_0p15/cells/t_start_1p0__t_end_0p0.png
8,0_random_140,0.0,0.1,0.15,26.57048,0.102623,/data/home/mirick/ChordEdit/ablation_outputs/grid_metrics_sdturbo_top_20260626_104807/0_random_140_000000000008/t_delta_0p15/cells/t_start_0p0__t_end_0p1.png
8,0_random_140,0.1,0.1,0.15,26.560462,0.098978,/data/home/mirick/ChordEdit/ablation_outputs/grid_metrics_sdturbo_top_20260626_104807/0_random_140_000000000008/t_delta_0p15/cells/t_start_0p1__t_end_0p1.png
8,0_random_140,0.2,0.1,0.15,26.537076,0.093931,/data/home/mirick/ChordEdit/ablation_outputs/grid_metrics_sdturbo_top_20260626_104807/0_random_140_000000000008/t_delta_0p15/cells/t_start_0p2__t_end_0p1.png
8,0_random_140,0.3,0.1,0.15,26.507088,0.089699,/data/home/mirick/ChordEdit/ablation_outputs/grid_metrics_sdturbo_top_20260626_104807/0_random_140_000000000008/t_delta_0p15/cells/t_start_0p3__t_end_0p1.png
8,0_random_140,0.4,0.1,0.15,26.444865,0.086105,/data/home/mirick/ChordEdit/ablation_outputs/grid_metrics_sdturbo_top_20260626_104807/0_random_140_000000000008/t_delta_0p15/cells/t_start_0p4__t_end_0p1.png
8,0_random_140,0.5,0.1,0.15,26.370529,0.089502,/data/home/mirick/ChordEdit/ablation_outputs/grid_metrics_sdturbo_top_20260626_104807/0_random_140_000000000008/t_delta_0p15/cells/t_start_0p5__t_end_0p1.png
8,0_random_140,0.6,0.1,0.15,26.007216,0.096635,/data/home/mirick/ChordEdit/ablation_outputs/grid_metrics_sdturbo_top_20260626_104807/0_random_140_000000000008/t_delta_0p15/cells/t_start_0p6__t_end_0p1.png
8,0_random_140,0.7,0.1,0.15,25.969919,0.121099,/data/home/mirick/ChordEdit/ablation_outputs/grid_metrics_sdturbo_top_20260626_104807/0_random_140_000000000008/t_delta_0p15/cells/t_start_0p7__t_end_0p1.png
8,0_random_140,0.8,0.1,0.15,25.051204,0.114797,/data/home/mirick/ChordEdit/ablation_outputs/grid_metrics_sdturbo_top_20260626_104807/0_random_140_000000000008/t_delta_0p15/cells/t_start_0p8__t_end_0p1.png
8,0_random_140,0.9,0.1,0.15,23.39064,0.109728,/data/home/mirick/ChordEdit/ablation_outputs/grid_metrics_sdturbo_top_20260626_104807/0_random_140_000000000008/t_delta_0p15/cells/t_start_0p9__t_end_0p1.png
8,0_random_140,1.0,0.1,0.15,22.09785,0.109643,/data/home/mirick/ChordEdit/ablation_outputs/grid_metrics_sdturbo_top_20260626_104807/0_random_140_000000000008/t_delta_0p15/cells/t_start_1p0__t_end_0p1.png
8,0_random_140,0.0,0.2,0.15,24.295527,0.094836,/data/home/mirick/ChordEdit/ablation_outputs/grid_metrics_sdturbo_top_20260626_104807/0_random_140_000000000008/t_delta_0p15/cells/t_start_0p0__t_end_0p2.png
8,0_random_140,0.1,0.2,0.15,24.289661,0.092382,/data/home/mirick/ChordEdit/ablation_outputs/grid_metrics_sdturbo_top_20260626_104807/0_random_140_000000000008/t_delta_0p15/cells/t_start_0p1__t_end_0p2.png
8,0_random_140,0.2,0.2,0.15,24.275971,0.087232,/data/home/mirick/ChordEdit/ablation_outputs/grid_metrics_sdturbo_top_20260626_104807/0_random_140_000000000008/t_delta_0p15/cells/t_start_0p2__t_end_0p2.png
8,0_random_140,0.3,0.2,0.15,24.244354,0.080891,/data/home/mirick/ChordEdit/ablation_outputs/grid_metrics_sdturbo_top_20260626_104807/0_random_140_000000000008/t_delta_0p15/cells/t_start_0p3__t_end_0p2.png
8,0_random_140,0.4,0.2,0.15,24.193195,0.072276,/data/home/mirick/ChordEdit/ablation_outputs/grid_metrics_sdturbo_top_20260626_104807/0_random_140_000000000008/t_delta_0p15/cells/t_start_0p4__t_end_0p2.png
8,0_random_140,0.5,0.2,0.15,24.145538,0.073352,/data/home/mirick/ChordEdit/ablation_outputs/grid_metrics_sdturbo_top_20260626_104807/0_random_140_000000000008/t_delta_0p15/cells/t_start_0p5__t_end_0p2.png
8,0_random_140,0.6,0.2,0.15,23.810509,0.098551,/data/home/mirick/ChordEdit/ablation_outputs/grid_metrics_sdturbo_top_20260626_104807/0_random_140_000000000008/t_delta_0p15/cells/t_start_0p6__t_end_0p2.png
8,0_random_140,0.7,0.2,0.15,23.948421,0.106946,/data/home/mirick/ChordEdit/ablation_outputs/grid_metrics_sdturbo_top_20260626_104807/0_random_140_000000000008/t_delta_0p15/cells/t_start_0p7__t_end_0p2.png
8,0_random_140,0.8,0.2,0.15,23.435525,0.101838,/data/home/mirick/ChordEdit/ablation_outputs/grid_metrics_sdturbo_top_20260626_104807/0_random_140_000000000008/t_delta_0p15/cells/t_start_0p8__t_end_0p2.png
8,0_random_140,0.9,0.2,0.15,22.187462,0.10412,/data/home/mirick/ChordEdit/ablation_outputs/grid_metrics_sdturbo_top_20260626_104807/0_random_140_000000000008/t_delta_0p15/cells/t_start_0p9__t_end_0p2.png
8,0_random_140,1.0,0.2,0.15,21.524551,0.097322,/data/home/mirick/ChordEdit/ablation_outputs/grid_metrics_sdturbo_top_20260626_104807/0_random_140_000000000008/t_delta_0p15/cells/t_start_1p0__t_end_0p2.png
8,0_random_140,0.0,0.3,0.15,22.278885,0.081011,/data/home/mirick/ChordEdit/ablation_outputs/grid_metrics_sdturbo_top_20260626_104807/0_random_140_000000000008/t_delta_0p15/cells/t_start_0p0__t_end_0p3.png
8,0_random_140,0.1,0.3,0.15,22.274396,0.077449,/data/home/mirick/ChordEdit/ablation_outputs/grid_metrics_sdturbo_top_20260626_104807/0_random_140_000000000008/t_delta_0p15/cells/t_start_0p1__t_end_0p3.png
8,0_random_140,0.2,0.3,0.15,22.267069,0.072744,/data/home/mirick/ChordEdit/ablation_outputs/grid_metrics_sdturbo_top_20260626_104807/0_random_140_000000000008/t_delta_0p15/cells/t_start_0p2__t_end_0p3.png
8,0_random_140,0.3,0.3,0.15,22.2357,0.066382,/data/home/mirick/ChordEdit/ablation_outputs/grid_metrics_sdturbo_top_20260626_104807/0_random_140_000000000008/t_delta_0p15/cells/t_start_0p3__t_end_0p3.png
8,0_random_140,0.4,0.3,0.15,22.202151,0.078173,/data/home/mirick/ChordEdit/ablation_outputs/grid_metrics_sdturbo_top_20260626_104807/0_random_140_000000000008/t_delta_0p15/cells/t_start_0p4__t_end_0p3.png
8,0_random_140,0.5,0.3,0.15,22.116882,0.086187,/data/home/mirick/ChordEdit/ablation_outputs/grid_metrics_sdturbo_top_20260626_104807/0_random_140_000000000008/t_delta_0p15/cells/t_start_0p5__t_end_0p3.png
8,0_random_140,0.6,0.3,0.15,21.617967,0.10755,/data/home/mirick/ChordEdit/ablation_outputs/grid_metrics_sdturbo_top_20260626_104807/0_random_140_000000000008/t_delta_0p15/cells/t_start_0p6__t_end_0p3.png
8,0_random_140,0.7,0.3,0.15,21.930133,0.09033,/data/home/mirick/ChordEdit/ablation_outputs/grid_metrics_sdturbo_top_20260626_104807/0_random_140_000000000008/t_delta_0p15/cells/t_start_0p7__t_end_0p3.png
8,0_random_140,0.8,0.3,0.15,21.658024,0.090311,/data/home/mirick/ChordEdit/ablation_outputs/grid_metrics_sdturbo_top_20260626_104807/0_random_140_000000000008/t_delta_0p15/cells/t_start_0p8__t_end_0p3.png
8,0_random_140,0.9,0.3,0.15,20.590389,0.098426,/data/home/mirick/ChordEdit/ablation_outputs/grid_metrics_sdturbo_top_20260626_104807/0_random_140_000000000008/t_delta_0p15/cells/t_start_0p9__t_end_0p3.png
8,0_random_140,1.0,0.3,0.15,20.550813,0.093069,/data/home/mirick/ChordEdit/ablation_outputs/grid_metrics_sdturbo_top_20260626_104807/0_random_140_000000000008/t_delta_0p15/cells/t_start_1p0__t_end_0p3.png
8,0_random_140,0.0,0.4,0.15,20.302318,0.093156,/data/home/mirick/ChordEdit/ablation_outputs/grid_metrics_sdturbo_top_20260626_104807/0_random_140_000000000008/t_delta_0p15/cells/t_start_0p0__t_end_0p4.png
8,0_random_140,0.1,0.4,0.15,20.298283,0.09375,/data/home/mirick/ChordEdit/ablation_outputs/grid_metrics_sdturbo_top_20260626_104807/0_random_140_000000000008/t_delta_0p15/cells/t_start_0p1__t_end_0p4.png
8,0_random_140,0.2,0.4,0.15,20.292109,0.092211,/data/home/mirick/ChordEdit/ablation_outputs/grid_metrics_sdturbo_top_20260626_104807/0_random_140_000000000008/t_delta_0p15/cells/t_start_0p2__t_end_0p4.png
8,0_random_140,0.3,0.4,0.15,20.268482,0.095701,/data/home/mirick/ChordEdit/ablation_outputs/grid_metrics_sdturbo_top_20260626_104807/0_random_140_000000000008/t_delta_0p15/cells/t_start_0p3__t_end_0p4.png
8,0_random_140,0.4,0.4,0.15,20.222673,0.084832,/data/home/mirick/ChordEdit/ablation_outputs/grid_metrics_sdturbo_top_20260626_104807/0_random_140_000000000008/t_delta_0p15/cells/t_start_0p4__t_end_0p4.png
8,0_random_140,0.5,0.4,0.15,20.117048,0.086362,/data/home/mirick/ChordEdit/ablation_outputs/grid_metrics_sdturbo_top_20260626_104807/0_random_140_000000000008/t_delta_0p15/cells/t_start_0p5__t_end_0p4.png
8,0_random_140,0.6,0.4,0.15,19.748566,0.099197,/data/home/mirick/ChordEdit/ablation_outputs/grid_metrics_sdturbo_top_20260626_104807/0_random_140_000000000008/t_delta_0p15/cells/t_start_0p6__t_end_0p4.png
8,0_random_140,0.7,0.4,0.15,19.922899,0.090943,/data/home/mirick/ChordEdit/ablation_outputs/grid_metrics_sdturbo_top_20260626_104807/0_random_140_000000000008/t_delta_0p15/cells/t_start_0p7__t_end_0p4.png
8,0_random_140,0.8,0.4,0.15,19.835422,0.094326,/data/home/mirick/ChordEdit/ablation_outputs/grid_metrics_sdturbo_top_20260626_104807/0_random_140_000000000008/t_delta_0p15/cells/t_start_0p8__t_end_0p4.png
8,0_random_140,0.9,0.4,0.15,19.155524,0.094468,/data/home/mirick/ChordEdit/ablation_outputs/grid_metrics_sdturbo_top_20260626_104807/0_random_140_000000000008/t_delta_0p15/cells/t_start_0p9__t_end_0p4.png
8,0_random_140,1.0,0.4,0.15,18.51802,0.104633,/data/home/mirick/ChordEdit/ablation_outputs/grid_metrics_sdturbo_top_20260626_104807/0_random_140_000000000008/t_delta_0p15/cells/t_start_1p0__t_end_0p4.png
8,0_random_140,0.0,0.5,0.15,18.314271,0.100499,/data/home/mirick/ChordEdit/ablation_outputs/grid_metrics_sdturbo_top_20260626_104807/0_random_140_000000000008/t_delta_0p15/cells/t_start_0p0__t_end_0p5.png
8,0_random_140,0.1,0.5,0.15,18.317529,0.100012,/data/home/mirick/ChordEdit/ablation_outputs/grid_metrics_sdturbo_top_20260626_104807/0_random_140_000000000008/t_delta_0p15/cells/t_start_0p1__t_end_0p5.png
8,0_random_140,0.2,0.5,0.15,18.326299,0.097698,/data/home/mirick/ChordEdit/ablation_outputs/grid_metrics_sdturbo_top_20260626_104807/0_random_140_000000000008/t_delta_0p15/cells/t_start_0p2__t_end_0p5.png
8,0_random_140,0.3,0.5,0.15,18.334017,0.095685,/data/home/mirick/ChordEdit/ablation_outputs/grid_metrics_sdturbo_top_20260626_104807/0_random_140_000000000008/t_delta_0p15/cells/t_start_0p3__t_end_0p5.png
8,0_random_140,0.4,0.5,0.15,18.345555,0.095151,/data/home/mirick/ChordEdit/ablation_outputs/grid_metrics_sdturbo_top_20260626_104807/0_random_140_000000000008/t_delta_0p15/cells/t_start_0p4__t_end_0p5.png
8,0_random_140,0.5,0.5,0.15,18.170561,0.10174,/data/home/mirick/ChordEdit/ablation_outputs/grid_metrics_sdturbo_top_20260626_104807/0_random_140_000000000008/t_delta_0p15/cells/t_start_0p5__t_end_0p5.png
8,0_random_140,0.6,0.5,0.15,18.066689,0.104159,/data/home/mirick/ChordEdit/ablation_outputs/grid_metrics_sdturbo_top_20260626_104807/0_random_140_000000000008/t_delta_0p15/cells/t_start_0p6__t_end_0p5.png
8,0_random_140,0.7,0.5,0.15,17.812288,0.09959,/data/home/mirick/ChordEdit/ablation_outputs/grid_metrics_sdturbo_top_20260626_104807/0_random_140_000000000008/t_delta_0p15/cells/t_start_0p7__t_end_0p5.png
8,0_random_140,0.8,0.5,0.15,17.91199,0.073738,/data/home/mirick/ChordEdit/ablation_outputs/grid_metrics_sdturbo_top_20260626_104807/0_random_140_000000000008/t_delta_0p15/cells/t_start_0p8__t_end_0p5.png
8,0_random_140,0.9,0.5,0.15,17.742388,0.100867,/data/home/mirick/ChordEdit/ablation_outputs/grid_metrics_sdturbo_top_20260626_104807/0_random_140_000000000008/t_delta_0p15/cells/t_start_0p9__t_end_0p5.png
8,0_random_140,1.0,0.5,0.15,16.947029,0.113805,/data/home/mirick/ChordEdit/ablation_outputs/grid_metrics_sdturbo_top_20260626_104807/0_random_140_000000000008/t_delta_0p15/cells/t_start_1p0__t_end_0p5.png
8,0_random_140,0.0,0.6,0.15,16.684883,0.09546,/data/home/mirick/ChordEdit/ablation_outputs/grid_metrics_sdturbo_top_20260626_104807/0_random_140_000000000008/t_delta_0p15/cells/t_start_0p0__t_end_0p6.png
8,0_random_140,0.1,0.6,0.15,16.690123,0.095332,/data/home/mirick/ChordEdit/ablation_outputs/grid_metrics_sdturbo_top_20260626_104807/0_random_140_000000000008/t_delta_0p15/cells/t_start_0p1__t_end_0p6.png
8,0_random_140,0.2,0.6,0.15,16.69559,0.09625,/data/home/mirick/ChordEdit/ablation_outputs/grid_metrics_sdturbo_top_20260626_104807/0_random_140_000000000008/t_delta_0p15/cells/t_start_0p2__t_end_0p6.png
8,0_random_140,0.3,0.6,0.15,16.714392,0.098713,/data/home/mirick/ChordEdit/ablation_outputs/grid_metrics_sdturbo_top_20260626_104807/0_random_140_000000000008/t_delta_0p15/cells/t_start_0p3__t_end_0p6.png
8,0_random_140,0.4,0.6,0.15,16.682964,0.101395,/data/home/mirick/ChordEdit/ablation_outputs/grid_metrics_sdturbo_top_20260626_104807/0_random_140_000000000008/t_delta_0p15/cells/t_start_0p4__t_end_0p6.png
8,0_random_140,0.5,0.6,0.15,16.735801,0.089399,/data/home/mirick/ChordEdit/ablation_outputs/grid_metrics_sdturbo_top_20260626_104807/0_random_140_000000000008/t_delta_0p15/cells/t_start_0p5__t_end_0p6.png
8,0_random_140,0.6,0.6,0.15,16.497471,0.104534,/data/home/mirick/ChordEdit/ablation_outputs/grid_metrics_sdturbo_top_20260626_104807/0_random_140_000000000008/t_delta_0p15/cells/t_start_0p6__t_end_0p6.png
8,0_random_140,0.7,0.6,0.15,16.767352,0.121611,/data/home/mirick/ChordEdit/ablation_outputs/grid_metrics_sdturbo_top_20260626_104807/0_random_140_000000000008/t_delta_0p15/cells/t_start_0p7__t_end_0p6.png
8,0_random_140,0.8,0.6,0.15,16.684836,0.10155,/data/home/mirick/ChordEdit/ablation_outputs/grid_metrics_sdturbo_top_20260626_104807/0_random_140_000000000008/t_delta_0p15/cells/t_start_0p8__t_end_0p6.png
8,0_random_140,0.9,0.6,0.15,16.209188,0.104977,/data/home/mirick/ChordEdit/ablation_outputs/grid_metrics_sdturbo_top_20260626_104807/0_random_140_000000000008/t_delta_0p15/cells/t_start_0p9__t_end_0p6.png
8,0_random_140,1.0,0.6,0.15,15.749032,0.11863,/data/home/mirick/ChordEdit/ablation_outputs/grid_metrics_sdturbo_top_20260626_104807/0_random_140_000000000008/t_delta_0p15/cells/t_start_1p0__t_end_0p6.png
8,0_random_140,0.0,0.7,0.15,14.867802,0.073769,/data/home/mirick/ChordEdit/ablation_outputs/grid_metrics_sdturbo_top_20260626_104807/0_random_140_000000000008/t_delta_0p15/cells/t_start_0p0__t_end_0p7.png
8,0_random_140,0.1,0.7,0.15,14.865792,0.071395,/data/home/mirick/ChordEdit/ablation_outputs/grid_metrics_sdturbo_top_20260626_104807/0_random_140_000000000008/t_delta_0p15/cells/t_start_0p1__t_end_0p7.png
8,0_random_140,0.2,0.7,0.15,14.858742,0.067233,/data/home/mirick/ChordEdit/ablation_outputs/grid_metrics_sdturbo_top_20260626_104807/0_random_140_000000000008/t_delta_0p15/cells/t_start_0p2__t_end_0p7.png
8,0_random_140,0.3,0.7,0.15,14.853876,0.069298,/data/home/mirick/ChordEdit/ablation_outputs/grid_metrics_sdturbo_top_20260626_104807/0_random_140_000000000008/t_delta_0p15/cells/t_start_0p3__t_end_0p7.png
8,0_random_140,0.4,0.7,0.15,14.84604,0.075405,/data/home/mirick/ChordEdit/ablation_outputs/grid_metrics_sdturbo_top_20260626_104807/0_random_140_000000000008/t_delta_0p15/cells/t_start_0p4__t_end_0p7.png
8,0_random_140,0.5,0.7,0.15,14.86726,0.0899,/data/home/mirick/ChordEdit/ablation_outputs/grid_metrics_sdturbo_top_20260626_104807/0_random_140_000000000008/t_delta_0p15/cells/t_start_0p5__t_end_0p7.png
8,0_random_140,0.6,0.7,0.15,14.872404,0.07314,/data/home/mirick/ChordEdit/ablation_outputs/grid_metrics_sdturbo_top_20260626_104807/0_random_140_000000000008/t_delta_0p15/cells/t_start_0p6__t_end_0p7.png
8,0_random_140,0.7,0.7,0.15,14.806779,0.11456,/data/home/mirick/ChordEdit/ablation_outputs/grid_metrics_sdturbo_top_20260626_104807/0_random_140_000000000008/t_delta_0p15/cells/t_start_0p7__t_end_0p7.png
8,0_random_140,0.8,0.7,0.15,14.899888,0.125724,/data/home/mirick/ChordEdit/ablation_outputs/grid_metrics_sdturbo_top_20260626_104807/0_random_140_000000000008/t_delta_0p15/cells/t_start_0p8__t_end_0p7.png
8,0_random_140,0.9,0.7,0.15,14.492104,0.108292,/data/home/mirick/ChordEdit/ablation_outputs/grid_metrics_sdturbo_top_20260626_104807/0_random_140_000000000008/t_delta_0p15/cells/t_start_0p9__t_end_0p7.png
8,0_random_140,1.0,0.7,0.15,14.809619,0.080783,/data/home/mirick/ChordEdit/ablation_outputs/grid_metrics_sdturbo_top_20260626_104807/0_random_140_000000000008/t_delta_0p15/cells/t_start_1p0__t_end_0p7.png
8,0_random_140,0.0,0.8,0.15,13.300862,0.145869,/data/home/mirick/ChordEdit/ablation_outputs/grid_metrics_sdturbo_top_20260626_104807/0_random_140_000000000008/t_delta_0p15/cells/t_start_0p0__t_end_0p8.png
8,0_random_140,0.1,0.8,0.15,13.303301,0.146244,/data/home/mirick/ChordEdit/ablation_outputs/grid_metrics_sdturbo_top_20260626_104807/0_random_140_000000000008/t_delta_0p15/cells/t_start_0p1__t_end_0p8.png
8,0_random_140,0.2,0.8,0.15,13.299081,0.144827,/data/home/mirick/ChordEdit/ablation_outputs/grid_metrics_sdturbo_top_20260626_104807/0_random_140_000000000008/t_delta_0p15/cells/t_start_0p2__t_end_0p8.png
8,0_random_140,0.3,0.8,0.15,13.300561,0.144145,/data/home/mirick/ChordEdit/ablation_outputs/grid_metrics_sdturbo_top_20260626_104807/0_random_140_000000000008/t_delta_0p15/cells/t_start_0p3__t_end_0p8.png
8,0_random_140,0.4,0.8,0.15,13.277176,0.142568,/data/home/mirick/ChordEdit/ablation_outputs/grid_metrics_sdturbo_top_20260626_104807/0_random_140_000000000008/t_delta_0p15/cells/t_start_0p4__t_end_0p8.png
8,0_random_140,0.5,0.8,0.15,13.301166,0.143563,/data/home/mirick/ChordEdit/ablation_outputs/grid_metrics_sdturbo_top_20260626_104807/0_random_140_000000000008/t_delta_0p15/cells/t_start_0p5__t_end_0p8.png
8,0_random_140,0.6,0.8,0.15,13.249685,0.142775,/data/home/mirick/ChordEdit/ablation_outputs/grid_metrics_sdturbo_top_20260626_104807/0_random_140_000000000008/t_delta_0p15/cells/t_start_0p6__t_end_0p8.png
8,0_random_140,0.7,0.8,0.15,13.409057,0.137678,/data/home/mirick/ChordEdit/ablation_outputs/grid_metrics_sdturbo_top_20260626_104807/0_random_140_000000000008/t_delta_0p15/cells/t_start_0p7__t_end_0p8.png
8,0_random_140,0.8,0.8,0.15,13.376857,0.150735,/data/home/mirick/ChordEdit/ablation_outputs/grid_metrics_sdturbo_top_20260626_104807/0_random_140_000000000008/t_delta_0p15/cells/t_start_0p8__t_end_0p8.png
8,0_random_140,0.9,0.8,0.15,13.100934,0.140662,/data/home/mirick/ChordEdit/ablation_outputs/grid_metrics_sdturbo_top_20260626_104807/0_random_140_000000000008/t_delta_0p15/cells/t_start_0p9__t_end_0p8.png
8,0_random_140,1.0,0.8,0.15,13.291223,0.144558,/data/home/mirick/ChordEdit/ablation_outputs/grid_metrics_sdturbo_top_20260626_104807/0_random_140_000000000008/t_delta_0p15/cells/t_start_1p0__t_end_0p8.png
8,0_random_140,0.0,0.9,0.15,12.939395,0.123091,/data/home/mirick/ChordEdit/ablation_outputs/grid_metrics_sdturbo_top_20260626_104807/0_random_140_000000000008/t_delta_0p15/cells/t_start_0p0__t_end_0p9.png
8,0_random_140,0.1,0.9,0.15,12.937323,0.122541,/data/home/mirick/ChordEdit/ablation_outputs/grid_metrics_sdturbo_top_20260626_104807/0_random_140_000000000008/t_delta_0p15/cells/t_start_0p1__t_end_0p9.png
8,0_random_140,0.2,0.9,0.15,12.931727,0.122717,/data/home/mirick/ChordEdit/ablation_outputs/grid_metrics_sdturbo_top_20260626_104807/0_random_140_000000000008/t_delta_0p15/cells/t_start_0p2__t_end_0p9.png
8,0_random_140,0.3,0.9,0.15,12.925786,0.127201,/data/home/mirick/ChordEdit/ablation_outputs/grid_metrics_sdturbo_top_20260626_104807/0_random_140_000000000008/t_delta_0p15/cells/t_start_0p3__t_end_0p9.png
8,0_random_140,0.4,0.9,0.15,12.917654,0.126754,/data/home/mirick/ChordEdit/ablation_outputs/grid_metrics_sdturbo_top_20260626_104807/0_random_140_000000000008/t_delta_0p15/cells/t_start_0p4__t_end_0p9.png
8,0_random_140,0.5,0.9,0.15,12.944742,0.122008,/data/home/mirick/ChordEdit/ablation_outputs/grid_metrics_sdturbo_top_20260626_104807/0_random_140_000000000008/t_delta_0p15/cells/t_start_0p5__t_end_0p9.png
8,0_random_140,0.6,0.9,0.15,12.938337,0.117342,/data/home/mirick/ChordEdit/ablation_outputs/grid_metrics_sdturbo_top_20260626_104807/0_random_140_000000000008/t_delta_0p15/cells/t_start_0p6__t_end_0p9.png
8,0_random_140,0.7,0.9,0.15,12.963933,0.123209,/data/home/mirick/ChordEdit/ablation_outputs/grid_metrics_sdturbo_top_20260626_104807/0_random_140_000000000008/t_delta_0p15/cells/t_start_0p7__t_end_0p9.png
8,0_random_140,0.8,0.9,0.15,12.933383,0.12045,/data/home/mirick/ChordEdit/ablation_outputs/grid_metrics_sdturbo_top_20260626_104807/0_random_140_000000000008/t_delta_0p15/cells/t_start_0p8__t_end_0p9.png
8,0_random_140,0.9,0.9,0.15,12.627895,0.16945,/data/home/mirick/ChordEdit/ablation_outputs/grid_metrics_sdturbo_top_20260626_104807/0_random_140_000000000008/t_delta_0p15/cells/t_start_0p9__t_end_0p9.png
8,0_random_140,1.0,0.9,0.15,12.689854,0.145958,/data/home/mirick/ChordEdit/ablation_outputs/grid_metrics_sdturbo_top_20260626_104807/0_random_140_000000000008/t_delta_0p15/cells/t_start_1p0__t_end_0p9.png
8,0_random_140,0.0,1.0,0.15,11.645696,0.134909,/data/home/mirick/ChordEdit/ablation_outputs/grid_metrics_sdturbo_top_20260626_104807/0_random_140_000000000008/t_delta_0p15/cells/t_start_0p0__t_end_1p0.png
8,0_random_140,0.1,1.0,0.15,11.648487,0.134831,/data/home/mirick/ChordEdit/ablation_outputs/grid_metrics_sdturbo_top_20260626_104807/0_random_140_000000000008/t_delta_0p15/cells/t_start_0p1__t_end_1p0.png
8,0_random_140,0.2,1.0,0.15,11.651451,0.135185,/data/home/mirick/ChordEdit/ablation_outputs/grid_metrics_sdturbo_top_20260626_104807/0_random_140_000000000008/t_delta_0p15/cells/t_start_0p2__t_end_1p0.png
8,0_random_140,0.3,1.0,0.15,11.656126,0.13547,/data/home/mirick/ChordEdit/ablation_outputs/grid_metrics_sdturbo_top_20260626_104807/0_random_140_000000000008/t_delta_0p15/cells/t_start_0p3__t_end_1p0.png
8,0_random_140,0.4,1.0,0.15,11.657668,0.137449,/data/home/mirick/ChordEdit/ablation_outputs/grid_metrics_sdturbo_top_20260626_104807/0_random_140_000000000008/t_delta_0p15/cells/t_start_0p4__t_end_1p0.png
8,0_random_140,0.5,1.0,0.15,11.641648,0.133869,/data/home/mirick/ChordEdit/ablation_outputs/grid_metrics_sdturbo_top_20260626_104807/0_random_140_000000000008/t_delta_0p15/cells/t_start_0p5__t_end_1p0.png
8,0_random_140,0.6,1.0,0.15,11.633036,0.134448,/data/home/mirick/ChordEdit/ablation_outputs/grid_metrics_sdturbo_top_20260626_104807/0_random_140_000000000008/t_delta_0p15/cells/t_start_0p6__t_end_1p0.png
8,0_random_140,0.7,1.0,0.15,11.604098,0.128568,/data/home/mirick/ChordEdit/ablation_outputs/grid_metrics_sdturbo_top_20260626_104807/0_random_140_000000000008/t_delta_0p15/cells/t_start_0p7__t_end_1p0.png
8,0_random_140,0.8,1.0,0.15,11.572729,0.135316,/data/home/mirick/ChordEdit/ablation_outputs/grid_metrics_sdturbo_top_20260626_104807/0_random_140_000000000008/t_delta_0p15/cells/t_start_0p8__t_end_1p0.png
8,0_random_140,0.9,1.0,0.15,11.542745,0.153752,/data/home/mirick/ChordEdit/ablation_outputs/grid_metrics_sdturbo_top_20260626_104807/0_random_140_000000000008/t_delta_0p15/cells/t_start_0p9__t_end_1p0.png
8,0_random_140,1.0,1.0,0.15,11.570365,0.139008,/data/home/mirick/ChordEdit/ablation_outputs/grid_metrics_sdturbo_top_20260626_104807/0_random_140_000000000008/t_delta_0p15/cells/t_start_1p0__t_end_1p0.png
8,0_random_140,0.0,0.0,0.0,31.66622,0.104496,/data/home/mirick/ChordEdit/ablation_outputs/grid_metrics_sdturbo_top_20260626_104807/0_random_140_000000000008/t_delta_0/cells/t_start_0p0__t_end_0p0.png
8,0_random_140,0.1,0.0,0.0,31.617812,0.102553,/data/home/mirick/ChordEdit/ablation_outputs/grid_metrics_sdturbo_top_20260626_104807/0_random_140_000000000008/t_delta_0/cells/t_start_0p1__t_end_0p0.png
8,0_random_140,0.2,0.0,0.0,31.469897,0.093944,/data/home/mirick/ChordEdit/ablation_outputs/grid_metrics_sdturbo_top_20260626_104807/0_random_140_000000000008/t_delta_0/cells/t_start_0p2__t_end_0p0.png
8,0_random_140,0.3,0.0,0.0,31.202596,0.088293,/data/home/mirick/ChordEdit/ablation_outputs/grid_metrics_sdturbo_top_20260626_104807/0_random_140_000000000008/t_delta_0/cells/t_start_0p3__t_end_0p0.png
8,0_random_140,0.4,0.0,0.0,30.231982,0.10591,/data/home/mirick/ChordEdit/ablation_outputs/grid_metrics_sdturbo_top_20260626_104807/0_random_140_000000000008/t_delta_0/cells/t_start_0p4__t_end_0p0.png
8,0_random_140,0.5,0.0,0.0,29.207423,0.093974,/data/home/mirick/ChordEdit/ablation_outputs/grid_metrics_sdturbo_top_20260626_104807/0_random_140_000000000008/t_delta_0/cells/t_start_0p5__t_end_0p0.png
8,0_random_140,0.6,0.0,0.0,26.144201,0.117766,/data/home/mirick/ChordEdit/ablation_outputs/grid_metrics_sdturbo_top_20260626_104807/0_random_140_000000000008/t_delta_0/cells/t_start_0p6__t_end_0p0.png
8,0_random_140,0.7,0.0,0.0,24.578891,0.102723,/data/home/mirick/ChordEdit/ablation_outputs/grid_metrics_sdturbo_top_20260626_104807/0_random_140_000000000008/t_delta_0/cells/t_start_0p7__t_end_0p0.png
8,0_random_140,0.8,0.0,0.0,22.103561,0.115417,/data/home/mirick/ChordEdit/ablation_outputs/grid_metrics_sdturbo_top_20260626_104807/0_random_140_000000000008/t_delta_0/cells/t_start_0p8__t_end_0p0.png
8,0_random_140,0.9,0.0,0.0,19.216675,0.118612,/data/home/mirick/ChordEdit/ablation_outputs/grid_metrics_sdturbo_top_20260626_104807/0_random_140_000000000008/t_delta_0/cells/t_start_0p9__t_end_0p0.png
8,0_random_140,1.0,0.0,0.0,17.405086,0.124822,/data/home/mirick/ChordEdit/ablation_outputs/grid_metrics_sdturbo_top_20260626_104807/0_random_140_000000000008/t_delta_0/cells/t_start_1p0__t_end_0p0.png
8,0_random_140,0.0,0.1,0.0,26.57048,0.102623,/data/home/mirick/ChordEdit/ablation_outputs/grid_metrics_sdturbo_top_20260626_104807/0_random_140_000000000008/t_delta_0/cells/t_start_0p0__t_end_0p1.png
8,0_random_140,0.1,0.1,0.0,26.54616,0.095882,/data/home/mirick/ChordEdit/ablation_outputs/grid_metrics_sdturbo_top_20260626_104807/0_random_140_000000000008/t_delta_0/cells/t_start_0p1__t_end_0p1.png
8,0_random_140,0.2,0.1,0.0,26.498356,0.090362,/data/home/mirick/ChordEdit/ablation_outputs/grid_metrics_sdturbo_top_20260626_104807/0_random_140_000000000008/t_delta_0/cells/t_start_0p2__t_end_0p1.png
8,0_random_140,0.3,0.1,0.0,26.432554,0.076129,/data/home/mirick/ChordEdit/ablation_outputs/grid_metrics_sdturbo_top_20260626_104807/0_random_140_000000000008/t_delta_0/cells/t_start_0p3__t_end_0p1.png
8,0_random_140,0.4,0.1,0.0,26.147312,0.086075,/data/home/mirick/ChordEdit/ablation_outputs/grid_metrics_sdturbo_top_20260626_104807/0_random_140_000000000008/t_delta_0/cells/t_start_0p4__t_end_0p1.png
8,0_random_140,0.5,0.1,0.0,26.07609,0.105216,/data/home/mirick/ChordEdit/ablation_outputs/grid_metrics_sdturbo_top_20260626_104807/0_random_140_000000000008/t_delta_0/cells/t_start_0p5__t_end_0p1.png
8,0_random_140,0.6,0.1,0.0,25.004564,0.118613,/data/home/mirick/ChordEdit/ablation_outputs/grid_metrics_sdturbo_top_20260626_104807/0_random_140_000000000008/t_delta_0/cells/t_start_0p6__t_end_0p1.png
8,0_random_140,0.7,0.1,0.0,24.340983,0.110165,/data/home/mirick/ChordEdit/ablation_outputs/grid_metrics_sdturbo_top_20260626_104807/0_random_140_000000000008/t_delta_0/cells/t_start_0p7__t_end_0p1.png
8,0_random_140,0.8,0.1,0.0,22.402299,0.111656,/data/home/mirick/ChordEdit/ablation_outputs/grid_metrics_sdturbo_top_20260626_104807/0_random_140_000000000008/t_delta_0/cells/t_start_0p8__t_end_0p1.png
8,0_random_140,0.9,0.1,0.0,19.958326,0.110432,/data/home/mirick/ChordEdit/ablation_outputs/grid_metrics_sdturbo_top_20260626_104807/0_random_140_000000000008/t_delta_0/cells/t_start_0p9__t_end_0p1.png
8,0_random_140,1.0,0.1,0.0,18.020884,0.108032,/data/home/mirick/ChordEdit/ablation_outputs/grid_metrics_sdturbo_top_20260626_104807/0_random_140_000000000008/t_delta_0/cells/t_start_1p0__t_end_0p1.png
8,0_random_140,0.0,0.2,0.0,24.295527,0.094836,/data/home/mirick/ChordEdit/ablation_outputs/grid_metrics_sdturbo_top_20260626_104807/0_random_140_000000000008/t_delta_0/cells/t_start_0p0__t_end_0p2.png
8,0_random_140,0.1,0.2,0.0,24.280776,0.090868,/data/home/mirick/ChordEdit/ablation_outputs/grid_metrics_sdturbo_top_20260626_104807/0_random_140_000000000008/t_delta_0/cells/t_start_0p1__t_end_0p2.png
8,0_random_140,0.2,0.2,0.0,24.244461,0.084194,/data/home/mirick/ChordEdit/ablation_outputs/grid_metrics_sdturbo_top_20260626_104807/0_random_140_000000000008/t_delta_0/cells/t_start_0p2__t_end_0p2.png
8,0_random_140,0.3,0.2,0.0,24.17457,0.066264,/data/home/mirick/ChordEdit/ablation_outputs/grid_metrics_sdturbo_top_20260626_104807/0_random_140_000000000008/t_delta_0/cells/t_start_0p3__t_end_0p2.png
8,0_random_140,0.4,0.2,0.0,23.941222,0.091921,/data/home/mirick/ChordEdit/ablation_outputs/grid_metrics_sdturbo_top_20260626_104807/0_random_140_000000000008/t_delta_0/cells/t_start_0p4__t_end_0p2.png
8,0_random_140,0.5,0.2,0.0,24.069022,0.101282,/data/home/mirick/ChordEdit/ablation_outputs/grid_metrics_sdturbo_top_20260626_104807/0_random_140_000000000008/t_delta_0/cells/t_start_0p5__t_end_0p2.png
8,0_random_140,0.6,0.2,0.0,23.460256,0.10874,/data/home/mirick/ChordEdit/ablation_outputs/grid_metrics_sdturbo_top_20260626_104807/0_random_140_000000000008/t_delta_0/cells/t_start_0p6__t_end_0p2.png
8,0_random_140,0.7,0.2,0.0,22.962575,0.11249,/data/home/mirick/ChordEdit/ablation_outputs/grid_metrics_sdturbo_top_20260626_104807/0_random_140_000000000008/t_delta_0/cells/t_start_0p7__t_end_0p2.png
8,0_random_140,0.8,0.2,0.0,21.903752,0.099469,/data/home/mirick/ChordEdit/ablation_outputs/grid_metrics_sdturbo_top_20260626_104807/0_random_140_000000000008/t_delta_0/cells/t_start_0p8__t_end_0p2.png
8,0_random_140,0.9,0.2,0.0,19.842715,0.102385,/data/home/mirick/ChordEdit/ablation_outputs/grid_metrics_sdturbo_top_20260626_104807/0_random_140_000000000008/t_delta_0/cells/t_start_0p9__t_end_0p2.png
8,0_random_140,1.0,0.2,0.0,18.312301,0.085254,/data/home/mirick/ChordEdit/ablation_outputs/grid_metrics_sdturbo_top_20260626_104807/0_random_140_000000000008/t_delta_0/cells/t_start_1p0__t_end_0p2.png
8,0_random_140,0.0,0.3,0.0,22.278885,0.081011,/data/home/mirick/ChordEdit/ablation_outputs/grid_metrics_sdturbo_top_20260626_104807/0_random_140_000000000008/t_delta_0/cells/t_start_0p0__t_end_0p3.png
8,0_random_140,0.1,0.3,0.0,22.26991,0.075675,/data/home/mirick/ChordEdit/ablation_outputs/grid_metrics_sdturbo_top_20260626_104807/0_random_140_000000000008/t_delta_0/cells/t_start_0p1__t_end_0p3.png
8,0_random_140,0.2,0.3,0.0,22.25428,0.069986,/data/home/mirick/ChordEdit/ablation_outputs/grid_metrics_sdturbo_top_20260626_104807/0_random_140_000000000008/t_delta_0/cells/t_start_0p2__t_end_0p3.png
8,0_random_140,0.3,0.3,0.0,22.178349,0.062169,/data/home/mirick/ChordEdit/ablation_outputs/grid_metrics_sdturbo_top_20260626_104807/0_random_140_000000000008/t_delta_0/cells/t_start_0p3__t_end_0p3.png
8,0_random_140,0.4,0.3,0.0,21.919174,0.091085,/data/home/mirick/ChordEdit/ablation_outputs/grid_metrics_sdturbo_top_20260626_104807/0_random_140_000000000008/t_delta_0/cells/t_start_0p4__t_end_0p3.png
8,0_random_140,0.5,0.3,0.0,22.086787,0.089403,/data/home/mirick/ChordEdit/ablation_outputs/grid_metrics_sdturbo_top_20260626_104807/0_random_140_000000000008/t_delta_0/cells/t_start_0p5__t_end_0p3.png
8,0_random_140,0.6,0.3,0.0,21.723941,0.097744,/data/home/mirick/ChordEdit/ablation_outputs/grid_metrics_sdturbo_top_20260626_104807/0_random_140_000000000008/t_delta_0/cells/t_start_0p6__t_end_0p3.png
8,0_random_140,0.7,0.3,0.0,21.298284,0.102573,/data/home/mirick/ChordEdit/ablation_outputs/grid_metrics_sdturbo_top_20260626_104807/0_random_140_000000000008/t_delta_0/cells/t_start_0p7__t_end_0p3.png
8,0_random_140,0.8,0.3,0.0,20.508061,0.091691,/data/home/mirick/ChordEdit/ablation_outputs/grid_metrics_sdturbo_top_20260626_104807/0_random_140_000000000008/t_delta_0/cells/t_start_0p8__t_end_0p3.png
8,0_random_140,0.9,0.3,0.0,19.152858,0.11192,/data/home/mirick/ChordEdit/ablation_outputs/grid_metrics_sdturbo_top_20260626_104807/0_random_140_000000000008/t_delta_0/cells/t_start_0p9__t_end_0p3.png
8,0_random_140,1.0,0.3,0.0,18.157572,0.082426,/data/home/mirick/ChordEdit/ablation_outputs/grid_metrics_sdturbo_top_20260626_104807/0_random_140_000000000008/t_delta_0/cells/t_start_1p0__t_end_0p3.png
8,0_random_140,0.0,0.4,0.0,20.302318,0.093156,/data/home/mirick/ChordEdit/ablation_outputs/grid_metrics_sdturbo_top_20260626_104807/0_random_140_000000000008/t_delta_0/cells/t_start_0p0__t_end_0p4.png
8,0_random_140,0.1,0.4,0.0,20.295155,0.094727,/data/home/mirick/ChordEdit/ablation_outputs/grid_metrics_sdturbo_top_20260626_104807/0_random_140_000000000008/t_delta_0/cells/t_start_0p1__t_end_0p4.png
8,0_random_140,0.2,0.4,0.0,20.282351,0.09305,/data/home/mirick/ChordEdit/ablation_outputs/grid_metrics_sdturbo_top_20260626_104807/0_random_140_000000000008/t_delta_0/cells/t_start_0p2__t_end_0p4.png
8,0_random_140,0.3,0.4,0.0,20.238763,0.095497,/data/home/mirick/ChordEdit/ablation_outputs/grid_metrics_sdturbo_top_20260626_104807/0_random_140_000000000008/t_delta_0/cells/t_start_0p3__t_end_0p4.png
8,0_random_140,0.4,0.4,0.0,20.014726,0.07593,/data/home/mirick/ChordEdit/ablation_outputs/grid_metrics_sdturbo_top_20260626_104807/0_random_140_000000000008/t_delta_0/cells/t_start_0p4__t_end_0p4.png
8,0_random_140,0.5,0.4,0.0,19.902991,0.106135,/data/home/mirick/ChordEdit/ablation_outputs/grid_metrics_sdturbo_top_20260626_104807/0_random_140_000000000008/t_delta_0/cells/t_start_0p5__t_end_0p4.png
8,0_random_140,0.6,0.4,0.0,19.601943,0.098854,/data/home/mirick/ChordEdit/ablation_outputs/grid_metrics_sdturbo_top_20260626_104807/0_random_140_000000000008/t_delta_0/cells/t_start_0p6__t_end_0p4.png
8,0_random_140,0.7,0.4,0.0,19.546472,0.105701,/data/home/mirick/ChordEdit/ablation_outputs/grid_metrics_sdturbo_top_20260626_104807/0_random_140_000000000008/t_delta_0/cells/t_start_0p7__t_end_0p4.png
8,0_random_140,0.8,0.4,0.0,18.99791,0.095649,/data/home/mirick/ChordEdit/ablation_outputs/grid_metrics_sdturbo_top_20260626_104807/0_random_140_000000000008/t_delta_0/cells/t_start_0p8__t_end_0p4.png
8,0_random_140,0.9,0.4,0.0,17.744339,0.10507,/data/home/mirick/ChordEdit/ablation_outputs/grid_metrics_sdturbo_top_20260626_104807/0_random_140_000000000008/t_delta_0/cells/t_start_0p9__t_end_0p4.png
8,0_random_140,1.0,0.4,0.0,17.030228,0.080198,/data/home/mirick/ChordEdit/ablation_outputs/grid_metrics_sdturbo_top_20260626_104807/0_random_140_000000000008/t_delta_0/cells/t_start_1p0__t_end_0p4.png
8,0_random_140,0.0,0.5,0.0,18.314271,0.100499,/data/home/mirick/ChordEdit/ablation_outputs/grid_metrics_sdturbo_top_20260626_104807/0_random_140_000000000008/t_delta_0/cells/t_start_0p0__t_end_0p5.png
8,0_random_140,0.1,0.5,0.0,18.321777,0.098829,/data/home/mirick/ChordEdit/ablation_outputs/grid_metrics_sdturbo_top_20260626_104807/0_random_140_000000000008/t_delta_0/cells/t_start_0p1__t_end_0p5.png
8,0_random_140,0.2,0.5,0.0,18.351056,0.096327,/data/home/mirick/ChordEdit/ablation_outputs/grid_metrics_sdturbo_top_20260626_104807/0_random_140_000000000008/t_delta_0/cells/t_start_0p2__t_end_0p5.png
8,0_random_140,0.3,0.5,0.0,18.331699,0.095333,/data/home/mirick/ChordEdit/ablation_outputs/grid_metrics_sdturbo_top_20260626_104807/0_random_140_000000000008/t_delta_0/cells/t_start_0p3__t_end_0p5.png
8,0_random_140,0.4,0.5,0.0,18.282807,0.097944,/data/home/mirick/ChordEdit/ablation_outputs/grid_metrics_sdturbo_top_20260626_104807/0_random_140_000000000008/t_delta_0/cells/t_start_0p4__t_end_0p5.png
8,0_random_140,0.5,0.5,0.0,18.03275,0.110568,/data/home/mirick/ChordEdit/ablation_outputs/grid_metrics_sdturbo_top_20260626_104807/0_random_140_000000000008/t_delta_0/cells/t_start_0p5__t_end_0p5.png
8,0_random_140,0.6,0.5,0.0,17.866694,0.114853,/data/home/mirick/ChordEdit/ablation_outputs/grid_metrics_sdturbo_top_20260626_104807/0_random_140_000000000008/t_delta_0/cells/t_start_0p6__t_end_0p5.png
8,0_random_140,0.7,0.5,0.0,17.993736,0.087132,/data/home/mirick/ChordEdit/ablation_outputs/grid_metrics_sdturbo_top_20260626_104807/0_random_140_000000000008/t_delta_0/cells/t_start_0p7__t_end_0p5.png
8,0_random_140,0.8,0.5,0.0,17.329644,0.096832,/data/home/mirick/ChordEdit/ablation_outputs/grid_metrics_sdturbo_top_20260626_104807/0_random_140_000000000008/t_delta_0/cells/t_start_0p8__t_end_0p5.png
8,0_random_140,0.9,0.5,0.0,16.597493,0.13854,/data/home/mirick/ChordEdit/ablation_outputs/grid_metrics_sdturbo_top_20260626_104807/0_random_140_000000000008/t_delta_0/cells/t_start_0p9__t_end_0p5.png
8,0_random_140,1.0,0.5,0.0,16.298777,0.120844,/data/home/mirick/ChordEdit/ablation_outputs/grid_metrics_sdturbo_top_20260626_104807/0_random_140_000000000008/t_delta_0/cells/t_start_1p0__t_end_0p5.png
8,0_random_140,0.0,0.6,0.0,16.684883,0.09546,/data/home/mirick/ChordEdit/ablation_outputs/grid_metrics_sdturbo_top_20260626_104807/0_random_140_000000000008/t_delta_0/cells/t_start_0p0__t_end_0p6.png
8,0_random_140,0.1,0.6,0.0,16.697166,0.095451,/data/home/mirick/ChordEdit/ablation_outputs/grid_metrics_sdturbo_top_20260626_104807/0_random_140_000000000008/t_delta_0/cells/t_start_0p1__t_end_0p6.png
8,0_random_140,0.2,0.6,0.0,16.707896,0.097505,/data/home/mirick/ChordEdit/ablation_outputs/grid_metrics_sdturbo_top_20260626_104807/0_random_140_000000000008/t_delta_0/cells/t_start_0p2__t_end_0p6.png
8,0_random_140,0.3,0.6,0.0,16.750183,0.102524,/data/home/mirick/ChordEdit/ablation_outputs/grid_metrics_sdturbo_top_20260626_104807/0_random_140_000000000008/t_delta_0/cells/t_start_0p3__t_end_0p6.png
8,0_random_140,0.4,0.6,0.0,16.599415,0.099214,/data/home/mirick/ChordEdit/ablation_outputs/grid_metrics_sdturbo_top_20260626_104807/0_random_140_000000000008/t_delta_0/cells/t_start_0p4__t_end_0p6.png
8,0_random_140,0.5,0.6,0.0,16.74575,0.101304,/data/home/mirick/ChordEdit/ablation_outputs/grid_metrics_sdturbo_top_20260626_104807/0_random_140_000000000008/t_delta_0/cells/t_start_0p5__t_end_0p6.png
8,0_random_140,0.6,0.6,0.0,16.542721,0.107807,/data/home/mirick/ChordEdit/ablation_outputs/grid_metrics_sdturbo_top_20260626_104807/0_random_140_000000000008/t_delta_0/cells/t_start_0p6__t_end_0p6.png
8,0_random_140,0.7,0.6,0.0,16.720693,0.107263,/data/home/mirick/ChordEdit/ablation_outputs/grid_metrics_sdturbo_top_20260626_104807/0_random_140_000000000008/t_delta_0/cells/t_start_0p7__t_end_0p6.png
8,0_random_140,0.8,0.6,0.0,15.981986,0.083832,/data/home/mirick/ChordEdit/ablation_outputs/grid_metrics_sdturbo_top_20260626_104807/0_random_140_000000000008/t_delta_0/cells/t_start_0p8__t_end_0p6.png
8,0_random_140,0.9,0.6,0.0,15.529206,0.107746,/data/home/mirick/ChordEdit/ablation_outputs/grid_metrics_sdturbo_top_20260626_104807/0_random_140_000000000008/t_delta_0/cells/t_start_0p9__t_end_0p6.png
8,0_random_140,1.0,0.6,0.0,15.629062,0.111265,/data/home/mirick/ChordEdit/ablation_outputs/grid_metrics_sdturbo_top_20260626_104807/0_random_140_000000000008/t_delta_0/cells/t_start_1p0__t_end_0p6.png
8,0_random_140,0.0,0.7,0.0,14.867802,0.073769,/data/home/mirick/ChordEdit/ablation_outputs/grid_metrics_sdturbo_top_20260626_104807/0_random_140_000000000008/t_delta_0/cells/t_start_0p0__t_end_0p7.png
8,0_random_140,0.1,0.7,0.0,14.862631,0.067934,/data/home/mirick/ChordEdit/ablation_outputs/grid_metrics_sdturbo_top_20260626_104807/0_random_140_000000000008/t_delta_0/cells/t_start_0p1__t_end_0p7.png
8,0_random_140,0.2,0.7,0.0,14.848208,0.06763,/data/home/mirick/ChordEdit/ablation_outputs/grid_metrics_sdturbo_top_20260626_104807/0_random_140_000000000008/t_delta_0/cells/t_start_0p2__t_end_0p7.png
8,0_random_140,0.3,0.7,0.0,14.853553,0.081206,/data/home/mirick/ChordEdit/ablation_outputs/grid_metrics_sdturbo_top_20260626_104807/0_random_140_000000000008/t_delta_0/cells/t_start_0p3__t_end_0p7.png
8,0_random_140,0.4,0.7,0.0,14.857307,0.071557,/data/home/mirick/ChordEdit/ablation_outputs/grid_metrics_sdturbo_top_20260626_104807/0_random_140_000000000008/t_delta_0/cells/t_start_0p4__t_end_0p7.png
8,0_random_140,0.5,0.7,0.0,14.867272,0.11057,/data/home/mirick/ChordEdit/ablation_outputs/grid_metrics_sdturbo_top_20260626_104807/0_random_140_000000000008/t_delta_0/cells/t_start_0p5__t_end_0p7.png
8,0_random_140,0.6,0.7,0.0,14.85192,0.100654,/data/home/mirick/ChordEdit/ablation_outputs/grid_metrics_sdturbo_top_20260626_104807/0_random_140_000000000008/t_delta_0/cells/t_start_0p6__t_end_0p7.png
8,0_random_140,0.7,0.7,0.0,14.738245,0.140769,/data/home/mirick/ChordEdit/ablation_outputs/grid_metrics_sdturbo_top_20260626_104807/0_random_140_000000000008/t_delta_0/cells/t_start_0p7__t_end_0p7.png
8,0_random_140,0.8,0.7,0.0,14.600867,0.097569,/data/home/mirick/ChordEdit/ablation_outputs/grid_metrics_sdturbo_top_20260626_104807/0_random_140_000000000008/t_delta_0/cells/t_start_0p8__t_end_0p7.png
8,0_random_140,0.9,0.7,0.0,14.649476,0.113062,/data/home/mirick/ChordEdit/ablation_outputs/grid_metrics_sdturbo_top_20260626_104807/0_random_140_000000000008/t_delta_0/cells/t_start_0p9__t_end_0p7.png
8,0_random_140,1.0,0.7,0.0,14.45332,0.108553,/data/home/mirick/ChordEdit/ablation_outputs/grid_metrics_sdturbo_top_20260626_104807/0_random_140_000000000008/t_delta_0/cells/t_start_1p0__t_end_0p7.png
8,0_random_140,0.0,0.8,0.0,13.300862,0.145869,/data/home/mirick/ChordEdit/ablation_outputs/grid_metrics_sdturbo_top_20260626_104807/0_random_140_000000000008/t_delta_0/cells/t_start_0p0__t_end_0p8.png
8,0_random_140,0.1,0.8,0.0,13.305407,0.147052,/data/home/mirick/ChordEdit/ablation_outputs/grid_metrics_sdturbo_top_20260626_104807/0_random_140_000000000008/t_delta_0/cells/t_start_0p1__t_end_0p8.png
8,0_random_140,0.2,0.8,0.0,13.29188,0.144643,/data/home/mirick/ChordEdit/ablation_outputs/grid_metrics_sdturbo_top_20260626_104807/0_random_140_000000000008/t_delta_0/cells/t_start_0p2__t_end_0p8.png
8,0_random_140,0.3,0.8,0.0,13.302152,0.141608,/data/home/mirick/ChordEdit/ablation_outputs/grid_metrics_sdturbo_top_20260626_104807/0_random_140_000000000008/t_delta_0/cells/t_start_0p3__t_end_0p8.png
8,0_random_140,0.4,0.8,0.0,13.240676,0.14259,/data/home/mirick/ChordEdit/ablation_outputs/grid_metrics_sdturbo_top_20260626_104807/0_random_140_000000000008/t_delta_0/cells/t_start_0p4__t_end_0p8.png
8,0_random_140,0.5,0.8,0.0,13.360727,0.144933,/data/home/mirick/ChordEdit/ablation_outputs/grid_metrics_sdturbo_top_20260626_104807/0_random_140_000000000008/t_delta_0/cells/t_start_0p5__t_end_0p8.png
8,0_random_140,0.6,0.8,0.0,13.482338,0.141228,/data/home/mirick/ChordEdit/ablation_outputs/grid_metrics_sdturbo_top_20260626_104807/0_random_140_000000000008/t_delta_0/cells/t_start_0p6__t_end_0p8.png
8,0_random_140,0.7,0.8,0.0,13.428005,0.152906,/data/home/mirick/ChordEdit/ablation_outputs/grid_metrics_sdturbo_top_20260626_104807/0_random_140_000000000008/t_delta_0/cells/t_start_0p7__t_end_0p8.png
8,0_random_140,0.8,0.8,0.0,13.055441,0.140566,/data/home/mirick/ChordEdit/ablation_outputs/grid_metrics_sdturbo_top_20260626_104807/0_random_140_000000000008/t_delta_0/cells/t_start_0p8__t_end_0p8.png
8,0_random_140,0.9,0.8,0.0,13.32078,0.134568,/data/home/mirick/ChordEdit/ablation_outputs/grid_metrics_sdturbo_top_20260626_104807/0_random_140_000000000008/t_delta_0/cells/t_start_0p9__t_end_0p8.png
8,0_random_140,1.0,0.8,0.0,13.398184,0.097516,/data/home/mirick/ChordEdit/ablation_outputs/grid_metrics_sdturbo_top_20260626_104807/0_random_140_000000000008/t_delta_0/cells/t_start_1p0__t_end_0p8.png
8,0_random_140,0.0,0.9,0.0,12.939395,0.123091,/data/home/mirick/ChordEdit/ablation_outputs/grid_metrics_sdturbo_top_20260626_104807/0_random_140_000000000008/t_delta_0/cells/t_start_0p0__t_end_0p9.png
8,0_random_140,0.1,0.9,0.0,12.935369,0.121999,/data/home/mirick/ChordEdit/ablation_outputs/grid_metrics_sdturbo_top_20260626_104807/0_random_140_000000000008/t_delta_0/cells/t_start_0p1__t_end_0p9.png
8,0_random_140,0.2,0.9,0.0,12.923545,0.126956,/data/home/mirick/ChordEdit/ablation_outputs/grid_metrics_sdturbo_top_20260626_104807/0_random_140_000000000008/t_delta_0/cells/t_start_0p2__t_end_0p9.png
8,0_random_140,0.3,0.9,0.0,12.914777,0.129991,/data/home/mirick/ChordEdit/ablation_outputs/grid_metrics_sdturbo_top_20260626_104807/0_random_140_000000000008/t_delta_0/cells/t_start_0p3__t_end_0p9.png
8,0_random_140,0.4,0.9,0.0,12.923934,0.122177,/data/home/mirick/ChordEdit/ablation_outputs/grid_metrics_sdturbo_top_20260626_104807/0_random_140_000000000008/t_delta_0/cells/t_start_0p4__t_end_0p9.png
8,0_random_140,0.5,0.9,0.0,12.974302,0.121134,/data/home/mirick/ChordEdit/ablation_outputs/grid_metrics_sdturbo_top_20260626_104807/0_random_140_000000000008/t_delta_0/cells/t_start_0p5__t_end_0p9.png
8,0_random_140,0.6,0.9,0.0,12.961086,0.119572,/data/home/mirick/ChordEdit/ablation_outputs/grid_metrics_sdturbo_top_20260626_104807/0_random_140_000000000008/t_delta_0/cells/t_start_0p6__t_end_0p9.png
8,0_random_140,0.7,0.9,0.0,12.904694,0.1332,/data/home/mirick/ChordEdit/ablation_outputs/grid_metrics_sdturbo_top_20260626_104807/0_random_140_000000000008/t_delta_0/cells/t_start_0p7__t_end_0p9.png
8,0_random_140,0.8,0.9,0.0,12.699522,0.175418,/data/home/mirick/ChordEdit/ablation_outputs/grid_metrics_sdturbo_top_20260626_104807/0_random_140_000000000008/t_delta_0/cells/t_start_0p8__t_end_0p9.png
8,0_random_140,0.9,0.9,0.0,12.3914,0.108052,/data/home/mirick/ChordEdit/ablation_outputs/grid_metrics_sdturbo_top_20260626_104807/0_random_140_000000000008/t_delta_0/cells/t_start_0p9__t_end_0p9.png
8,0_random_140,1.0,0.9,0.0,12.774272,0.075132,/data/home/mirick/ChordEdit/ablation_outputs/grid_metrics_sdturbo_top_20260626_104807/0_random_140_000000000008/t_delta_0/cells/t_start_1p0__t_end_0p9.png
8,0_random_140,0.0,1.0,0.0,11.645696,0.134909,/data/home/mirick/ChordEdit/ablation_outputs/grid_metrics_sdturbo_top_20260626_104807/0_random_140_000000000008/t_delta_0/cells/t_start_0p0__t_end_1p0.png
8,0_random_140,0.1,1.0,0.0,11.649806,0.134545,/data/home/mirick/ChordEdit/ablation_outputs/grid_metrics_sdturbo_top_20260626_104807/0_random_140_000000000008/t_delta_0/cells/t_start_0p1__t_end_1p0.png
8,0_random_140,0.2,1.0,0.0,11.657068,0.136361,/data/home/mirick/ChordEdit/ablation_outputs/grid_metrics_sdturbo_top_20260626_104807/0_random_140_000000000008/t_delta_0/cells/t_start_0p2__t_end_1p0.png
8,0_random_140,0.3,1.0,0.0,11.661356,0.138339,/data/home/mirick/ChordEdit/ablation_outputs/grid_metrics_sdturbo_top_20260626_104807/0_random_140_000000000008/t_delta_0/cells/t_start_0p3__t_end_1p0.png
8,0_random_140,0.4,1.0,0.0,11.646897,0.138087,/data/home/mirick/ChordEdit/ablation_outputs/grid_metrics_sdturbo_top_20260626_104807/0_random_140_000000000008/t_delta_0/cells/t_start_0p4__t_end_1p0.png
8,0_random_140,0.5,1.0,0.0,11.61919,0.133874,/data/home/mirick/ChordEdit/ablation_outputs/grid_metrics_sdturbo_top_20260626_104807/0_random_140_000000000008/t_delta_0/cells/t_start_0p5__t_end_1p0.png
8,0_random_140,0.6,1.0,0.0,11.592449,0.128617,/data/home/mirick/ChordEdit/ablation_outputs/grid_metrics_sdturbo_top_20260626_104807/0_random_140_000000000008/t_delta_0/cells/t_start_0p6__t_end_1p0.png
8,0_random_140,0.7,1.0,0.0,11.575615,0.132292,/data/home/mirick/ChordEdit/ablation_outputs/grid_metrics_sdturbo_top_20260626_104807/0_random_140_000000000008/t_delta_0/cells/t_start_0p7__t_end_1p0.png
8,0_random_140,0.8,1.0,0.0,11.612558,0.148097,/data/home/mirick/ChordEdit/ablation_outputs/grid_metrics_sdturbo_top_20260626_104807/0_random_140_000000000008/t_delta_0/cells/t_start_0p8__t_end_1p0.png
8,0_random_140,0.9,1.0,0.0,11.785491,0.148382,/data/home/mirick/ChordEdit/ablation_outputs/grid_metrics_sdturbo_top_20260626_104807/0_random_140_000000000008/t_delta_0/cells/t_start_0p9__t_end_1p0.png
8,0_random_140,1.0,1.0,0.0,11.469842,0.153182,/data/home/mirick/ChordEdit/ablation_outputs/grid_metrics_sdturbo_top_20260626_104807/0_random_140_000000000008/t_delta_0/cells/t_start_1p0__t_end_1p0.png
9,0_random_140,0.0,0.0,0.15,35.233028,0.201857,/data/home/mirick/ChordEdit/ablation_outputs/grid_metrics_sdturbo_top_20260626_104807/0_random_140_000000000009/t_delta_0p15/cells/t_start_0p0__t_end_0p0.png
9,0_random_140,0.1,0.0,0.15,34.637801,0.20165,/data/home/mirick/ChordEdit/ablation_outputs/grid_metrics_sdturbo_top_20260626_104807/0_random_140_000000000009/t_delta_0p15/cells/t_start_0p1__t_end_0p0.png
9,0_random_140,0.2,0.0,0.15,33.041217,0.200881,/data/home/mirick/ChordEdit/ablation_outputs/grid_metrics_sdturbo_top_20260626_104807/0_random_140_000000000009/t_delta_0p15/cells/t_start_0p2__t_end_0p0.png
9,0_random_140,0.3,0.0,0.15,30.551703,0.195305,/data/home/mirick/ChordEdit/ablation_outputs/grid_metrics_sdturbo_top_20260626_104807/0_random_140_000000000009/t_delta_0p15/cells/t_start_0p3__t_end_0p0.png
9,0_random_140,0.4,0.0,0.15,27.932155,0.189889,/data/home/mirick/ChordEdit/ablation_outputs/grid_metrics_sdturbo_top_20260626_104807/0_random_140_000000000009/t_delta_0p15/cells/t_start_0p4__t_end_0p0.png
9,0_random_140,0.5,0.0,0.15,25.394736,0.194662,/data/home/mirick/ChordEdit/ablation_outputs/grid_metrics_sdturbo_top_20260626_104807/0_random_140_000000000009/t_delta_0p15/cells/t_start_0p5__t_end_0p0.png
9,0_random_140,0.6,0.0,0.15,23.563929,0.190156,/data/home/mirick/ChordEdit/ablation_outputs/grid_metrics_sdturbo_top_20260626_104807/0_random_140_000000000009/t_delta_0p15/cells/t_start_0p6__t_end_0p0.png
9,0_random_140,0.7,0.0,0.15,21.402052,0.182719,/data/home/mirick/ChordEdit/ablation_outputs/grid_metrics_sdturbo_top_20260626_104807/0_random_140_000000000009/t_delta_0p15/cells/t_start_0p7__t_end_0p0.png
9,0_random_140,0.8,0.0,0.15,19.117553,0.149595,/data/home/mirick/ChordEdit/ablation_outputs/grid_metrics_sdturbo_top_20260626_104807/0_random_140_000000000009/t_delta_0p15/cells/t_start_0p8__t_end_0p0.png
9,0_random_140,0.9,0.0,0.15,17.674219,0.169631,/data/home/mirick/ChordEdit/ablation_outputs/grid_metrics_sdturbo_top_20260626_104807/0_random_140_000000000009/t_delta_0p15/cells/t_start_0p9__t_end_0p0.png
9,0_random_140,1.0,0.0,0.15,16.798686,0.178515,/data/home/mirick/ChordEdit/ablation_outputs/grid_metrics_sdturbo_top_20260626_104807/0_random_140_000000000009/t_delta_0p15/cells/t_start_1p0__t_end_0p0.png
9,0_random_140,0.0,0.1,0.15,29.916057,0.201055,/data/home/mirick/ChordEdit/ablation_outputs/grid_metrics_sdturbo_top_20260626_104807/0_random_140_000000000009/t_delta_0p15/cells/t_start_0p0__t_end_0p1.png
9,0_random_140,0.1,0.1,0.15,29.457269,0.198386,/data/home/mirick/ChordEdit/ablation_outputs/grid_metrics_sdturbo_top_20260626_104807/0_random_140_000000000009/t_delta_0p15/cells/t_start_0p1__t_end_0p1.png
9,0_random_140,0.2,0.1,0.15,28.746823,0.195528,/data/home/mirick/ChordEdit/ablation_outputs/grid_metrics_sdturbo_top_20260626_104807/0_random_140_000000000009/t_delta_0p15/cells/t_start_0p2__t_end_0p1.png
9,0_random_140,0.3,0.1,0.15,27.65212,0.206136,/data/home/mirick/ChordEdit/ablation_outputs/grid_metrics_sdturbo_top_20260626_104807/0_random_140_000000000009/t_delta_0p15/cells/t_start_0p3__t_end_0p1.png
9,0_random_140,0.4,0.1,0.15,26.249391,0.26032,/data/home/mirick/ChordEdit/ablation_outputs/grid_metrics_sdturbo_top_20260626_104807/0_random_140_000000000009/t_delta_0p15/cells/t_start_0p4__t_end_0p1.png
9,0_random_140,0.5,0.1,0.15,24.563572,0.268858,/data/home/mirick/ChordEdit/ablation_outputs/grid_metrics_sdturbo_top_20260626_104807/0_random_140_000000000009/t_delta_0p15/cells/t_start_0p5__t_end_0p1.png
9,0_random_140,0.6,0.1,0.15,23.214339,0.261628,/data/home/mirick/ChordEdit/ablation_outputs/grid_metrics_sdturbo_top_20260626_104807/0_random_140_000000000009/t_delta_0p15/cells/t_start_0p6__t_end_0p1.png
9,0_random_140,0.7,0.1,0.15,21.435461,0.251198,/data/home/mirick/ChordEdit/ablation_outputs/grid_metrics_sdturbo_top_20260626_104807/0_random_140_000000000009/t_delta_0p15/cells/t_start_0p7__t_end_0p1.png
9,0_random_140,0.8,0.1,0.15,19.194512,0.179658,/data/home/mirick/ChordEdit/ablation_outputs/grid_metrics_sdturbo_top_20260626_104807/0_random_140_000000000009/t_delta_0p15/cells/t_start_0p8__t_end_0p1.png
9,0_random_140,0.9,0.1,0.15,17.724411,0.18431,/data/home/mirick/ChordEdit/ablation_outputs/grid_metrics_sdturbo_top_20260626_104807/0_random_140_000000000009/t_delta_0p15/cells/t_start_0p9__t_end_0p1.png
9,0_random_140,1.0,0.1,0.15,16.841082,0.203548,/data/home/mirick/ChordEdit/ablation_outputs/grid_metrics_sdturbo_top_20260626_104807/0_random_140_000000000009/t_delta_0p15/cells/t_start_1p0__t_end_0p1.png
9,0_random_140,0.0,0.2,0.15,27.111027,0.199441,/data/home/mirick/ChordEdit/ablation_outputs/grid_metrics_sdturbo_top_20260626_104807/0_random_140_000000000009/t_delta_0p15/cells/t_start_0p0__t_end_0p2.png
9,0_random_140,0.1,0.2,0.15,26.7973,0.199631,/data/home/mirick/ChordEdit/ablation_outputs/grid_metrics_sdturbo_top_20260626_104807/0_random_140_000000000009/t_delta_0p15/cells/t_start_0p1__t_end_0p2.png
9,0_random_140,0.2,0.2,0.15,26.314169,0.202046,/data/home/mirick/ChordEdit/ablation_outputs/grid_metrics_sdturbo_top_20260626_104807/0_random_140_000000000009/t_delta_0p15/cells/t_start_0p2__t_end_0p2.png
9,0_random_140,0.3,0.2,0.15,25.505411,0.246313,/data/home/mirick/ChordEdit/ablation_outputs/grid_metrics_sdturbo_top_20260626_104807/0_random_140_000000000009/t_delta_0p15/cells/t_start_0p3__t_end_0p2.png
9,0_random_140,0.4,0.2,0.15,24.495987,0.270393,/data/home/mirick/ChordEdit/ablation_outputs/grid_metrics_sdturbo_top_20260626_104807/0_random_140_000000000009/t_delta_0p15/cells/t_start_0p4__t_end_0p2.png
9,0_random_140,0.5,0.2,0.15,23.243035,0.266815,/data/home/mirick/ChordEdit/ablation_outputs/grid_metrics_sdturbo_top_20260626_104807/0_random_140_000000000009/t_delta_0p15/cells/t_start_0p5__t_end_0p2.png
9,0_random_140,0.6,0.2,0.15,22.225262,0.259873,/data/home/mirick/ChordEdit/ablation_outputs/grid_metrics_sdturbo_top_20260626_104807/0_random_140_000000000009/t_delta_0p15/cells/t_start_0p6__t_end_0p2.png
9,0_random_140,0.7,0.2,0.15,20.808019,0.258456,/data/home/mirick/ChordEdit/ablation_outputs/grid_metrics_sdturbo_top_20260626_104807/0_random_140_000000000009/t_delta_0p15/cells/t_start_0p7__t_end_0p2.png
9,0_random_140,0.8,0.2,0.15,19.071526,0.248538,/data/home/mirick/ChordEdit/ablation_outputs/grid_metrics_sdturbo_top_20260626_104807/0_random_140_000000000009/t_delta_0p15/cells/t_start_0p8__t_end_0p2.png
9,0_random_140,0.9,0.2,0.15,17.545456,0.230142,/data/home/mirick/ChordEdit/ablation_outputs/grid_metrics_sdturbo_top_20260626_104807/0_random_140_000000000009/t_delta_0p15/cells/t_start_0p9__t_end_0p2.png
9,0_random_140,1.0,0.2,0.15,16.698136,0.230428,/data/home/mirick/ChordEdit/ablation_outputs/grid_metrics_sdturbo_top_20260626_104807/0_random_140_000000000009/t_delta_0p15/cells/t_start_1p0__t_end_0p2.png
9,0_random_140,0.0,0.3,0.15,24.537821,0.206472,/data/home/mirick/ChordEdit/ablation_outputs/grid_metrics_sdturbo_top_20260626_104807/0_random_140_000000000009/t_delta_0p15/cells/t_start_0p0__t_end_0p3.png
9,0_random_140,0.1,0.3,0.15,24.347664,0.218749,/data/home/mirick/ChordEdit/ablation_outputs/grid_metrics_sdturbo_top_20260626_104807/0_random_140_000000000009/t_delta_0p15/cells/t_start_0p1__t_end_0p3.png
9,0_random_140,0.2,0.3,0.15,24.036168,0.251365,/data/home/mirick/ChordEdit/ablation_outputs/grid_metrics_sdturbo_top_20260626_104807/0_random_140_000000000009/t_delta_0p15/cells/t_start_0p2__t_end_0p3.png
9,0_random_140,0.3,0.3,0.15,23.464837,0.270479,/data/home/mirick/ChordEdit/ablation_outputs/grid_metrics_sdturbo_top_20260626_104807/0_random_140_000000000009/t_delta_0p15/cells/t_start_0p3__t_end_0p3.png
9,0_random_140,0.4,0.3,0.15,22.773671,0.264747,/data/home/mirick/ChordEdit/ablation_outputs/grid_metrics_sdturbo_top_20260626_104807/0_random_140_000000000009/t_delta_0p15/cells/t_start_0p4__t_end_0p3.png
9,0_random_140,0.5,0.3,0.15,21.898131,0.259971,/data/home/mirick/ChordEdit/ablation_outputs/grid_metrics_sdturbo_top_20260626_104807/0_random_140_000000000009/t_delta_0p15/cells/t_start_0p5__t_end_0p3.png
9,0_random_140,0.6,0.3,0.15,21.161402,0.25357,/data/home/mirick/ChordEdit/ablation_outputs/grid_metrics_sdturbo_top_20260626_104807/0_random_140_000000000009/t_delta_0p15/cells/t_start_0p6__t_end_0p3.png
9,0_random_140,0.7,0.3,0.15,19.934399,0.257707,/data/home/mirick/ChordEdit/ablation_outputs/grid_metrics_sdturbo_top_20260626_104807/0_random_140_000000000009/t_delta_0p15/cells/t_start_0p7__t_end_0p3.png
9,0_random_140,0.8,0.3,0.15,18.52077,0.261822,/data/home/mirick/ChordEdit/ablation_outputs/grid_metrics_sdturbo_top_20260626_104807/0_random_140_000000000009/t_delta_0p15/cells/t_start_0p8__t_end_0p3.png
9,0_random_140,0.9,0.3,0.15,17.211229,0.26466,/data/home/mirick/ChordEdit/ablation_outputs/grid_metrics_sdturbo_top_20260626_104807/0_random_140_000000000009/t_delta_0p15/cells/t_start_0p9__t_end_0p3.png
9,0_random_140,1.0,0.3,0.15,16.410309,0.255983,/data/home/mirick/ChordEdit/ablation_outputs/grid_metrics_sdturbo_top_20260626_104807/0_random_140_000000000009/t_delta_0p15/cells/t_start_1p0__t_end_0p3.png
9,0_random_140,0.0,0.4,0.15,22.098846,0.267598,/data/home/mirick/ChordEdit/ablation_outputs/grid_metrics_sdturbo_top_20260626_104807/0_random_140_000000000009/t_delta_0p15/cells/t_start_0p0__t_end_0p4.png
9,0_random_140,0.1,0.4,0.15,22.016609,0.270648,/data/home/mirick/ChordEdit/ablation_outputs/grid_metrics_sdturbo_top_20260626_104807/0_random_140_000000000009/t_delta_0p15/cells/t_start_0p1__t_end_0p4.png
9,0_random_140,0.2,0.4,0.15,21.870214,0.269468,/data/home/mirick/ChordEdit/ablation_outputs/grid_metrics_sdturbo_top_20260626_104807/0_random_140_000000000009/t_delta_0p15/cells/t_start_0p2__t_end_0p4.png
9,0_random_140,0.3,0.4,0.15,21.573447,0.267005,/data/home/mirick/ChordEdit/ablation_outputs/grid_metrics_sdturbo_top_20260626_104807/0_random_140_000000000009/t_delta_0p15/cells/t_start_0p3__t_end_0p4.png
9,0_random_140,0.4,0.4,0.15,21.167488,0.260068,/data/home/mirick/ChordEdit/ablation_outputs/grid_metrics_sdturbo_top_20260626_104807/0_random_140_000000000009/t_delta_0p15/cells/t_start_0p4__t_end_0p4.png
9,0_random_140,0.5,0.4,0.15,20.613061,0.257138,/data/home/mirick/ChordEdit/ablation_outputs/grid_metrics_sdturbo_top_20260626_104807/0_random_140_000000000009/t_delta_0p15/cells/t_start_0p5__t_end_0p4.png
9,0_random_140,0.6,0.4,0.15,20.045259,0.251526,/data/home/mirick/ChordEdit/ablation_outputs/grid_metrics_sdturbo_top_20260626_104807/0_random_140_000000000009/t_delta_0p15/cells/t_start_0p6__t_end_0p4.png
9,0_random_140,0.7,0.4,0.15,18.967386,0.255761,/data/home/mirick/ChordEdit/ablation_outputs/grid_metrics_sdturbo_top_20260626_104807/0_random_140_000000000009/t_delta_0p15/cells/t_start_0p7__t_end_0p4.png
9,0_random_140,0.8,0.4,0.15,17.717234,0.263592,/data/home/mirick/ChordEdit/ablation_outputs/grid_metrics_sdturbo_top_20260626_104807/0_random_140_000000000009/t_delta_0p15/cells/t_start_0p8__t_end_0p4.png
9,0_random_140,0.9,0.4,0.15,16.478311,0.259738,/data/home/mirick/ChordEdit/ablation_outputs/grid_metrics_sdturbo_top_20260626_104807/0_random_140_000000000009/t_delta_0p15/cells/t_start_0p9__t_end_0p4.png
9,0_random_140,1.0,0.4,0.15,15.595006,0.269317,/data/home/mirick/ChordEdit/ablation_outputs/grid_metrics_sdturbo_top_20260626_104807/0_random_140_000000000009/t_delta_0p15/cells/t_start_1p0__t_end_0p4.png
9,0_random_140,0.0,0.5,0.15,19.774281,0.267525,/data/home/mirick/ChordEdit/ablation_outputs/grid_metrics_sdturbo_top_20260626_104807/0_random_140_000000000009/t_delta_0p15/cells/t_start_0p0__t_end_0p5.png
9,0_random_140,0.1,0.5,0.15,19.78787,0.267156,/data/home/mirick/ChordEdit/ablation_outputs/grid_metrics_sdturbo_top_20260626_104807/0_random_140_000000000009/t_delta_0p15/cells/t_start_0p1__t_end_0p5.png
9,0_random_140,0.2,0.5,0.15,19.79285,0.26521,/data/home/mirick/ChordEdit/ablation_outputs/grid_metrics_sdturbo_top_20260626_104807/0_random_140_000000000009/t_delta_0p15/cells/t_start_0p2__t_end_0p5.png
9,0_random_140,0.3,0.5,0.15,19.730951,0.26194,/data/home/mirick/ChordEdit/ablation_outputs/grid_metrics_sdturbo_top_20260626_104807/0_random_140_000000000009/t_delta_0p15/cells/t_start_0p3__t_end_0p5.png
9,0_random_140,0.4,0.5,0.15,19.565029,0.25733,/data/home/mirick/ChordEdit/ablation_outputs/grid_metrics_sdturbo_top_20260626_104807/0_random_140_000000000009/t_delta_0p15/cells/t_start_0p4__t_end_0p5.png
9,0_random_140,0.5,0.5,0.15,19.216228,0.254991,/data/home/mirick/ChordEdit/ablation_outputs/grid_metrics_sdturbo_top_20260626_104807/0_random_140_000000000009/t_delta_0p15/cells/t_start_0p5__t_end_0p5.png
9,0_random_140,0.6,0.5,0.15,18.708929,0.252495,/data/home/mirick/ChordEdit/ablation_outputs/grid_metrics_sdturbo_top_20260626_104807/0_random_140_000000000009/t_delta_0p15/cells/t_start_0p6__t_end_0p5.png
9,0_random_140,0.7,0.5,0.15,17.797796,0.259773,/data/home/mirick/ChordEdit/ablation_outputs/grid_metrics_sdturbo_top_20260626_104807/0_random_140_000000000009/t_delta_0p15/cells/t_start_0p7__t_end_0p5.png
9,0_random_140,0.8,0.5,0.15,16.74855,0.262422,/data/home/mirick/ChordEdit/ablation_outputs/grid_metrics_sdturbo_top_20260626_104807/0_random_140_000000000009/t_delta_0p15/cells/t_start_0p8__t_end_0p5.png
9,0_random_140,0.9,0.5,0.15,15.744435,0.262287,/data/home/mirick/ChordEdit/ablation_outputs/grid_metrics_sdturbo_top_20260626_104807/0_random_140_000000000009/t_delta_0p15/cells/t_start_0p9__t_end_0p5.png
9,0_random_140,1.0,0.5,0.15,14.7864,0.266026,/data/home/mirick/ChordEdit/ablation_outputs/grid_metrics_sdturbo_top_20260626_104807/0_random_140_000000000009/t_delta_0p15/cells/t_start_1p0__t_end_0p5.png
9,0_random_140,0.0,0.6,0.15,17.554947,0.267643,/data/home/mirick/ChordEdit/ablation_outputs/grid_metrics_sdturbo_top_20260626_104807/0_random_140_000000000009/t_delta_0p15/cells/t_start_0p0__t_end_0p6.png
9,0_random_140,0.1,0.6,0.15,17.579598,0.266946,/data/home/mirick/ChordEdit/ablation_outputs/grid_metrics_sdturbo_top_20260626_104807/0_random_140_000000000009/t_delta_0p15/cells/t_start_0p1__t_end_0p6.png
9,0_random_140,0.2,0.6,0.15,17.623683,0.267801,/data/home/mirick/ChordEdit/ablation_outputs/grid_metrics_sdturbo_top_20260626_104807/0_random_140_000000000009/t_delta_0p15/cells/t_start_0p2__t_end_0p6.png
9,0_random_140,0.3,0.6,0.15,17.665795,0.264143,/data/home/mirick/ChordEdit/ablation_outputs/grid_metrics_sdturbo_top_20260626_104807/0_random_140_000000000009/t_delta_0p15/cells/t_start_0p3__t_end_0p6.png
9,0_random_140,0.4,0.6,0.15,17.732184,0.261259,/data/home/mirick/ChordEdit/ablation_outputs/grid_metrics_sdturbo_top_20260626_104807/0_random_140_000000000009/t_delta_0p15/cells/t_start_0p4__t_end_0p6.png
9,0_random_140,0.5,0.6,0.15,17.598291,0.262461,/data/home/mirick/ChordEdit/ablation_outputs/grid_metrics_sdturbo_top_20260626_104807/0_random_140_000000000009/t_delta_0p15/cells/t_start_0p5__t_end_0p6.png
9,0_random_140,0.6,0.6,0.15,17.231867,0.262476,/data/home/mirick/ChordEdit/ablation_outputs/grid_metrics_sdturbo_top_20260626_104807/0_random_140_000000000009/t_delta_0p15/cells/t_start_0p6__t_end_0p6.png
9,0_random_140,0.7,0.6,0.15,16.388818,0.269717,/data/home/mirick/ChordEdit/ablation_outputs/grid_metrics_sdturbo_top_20260626_104807/0_random_140_000000000009/t_delta_0p15/cells/t_start_0p7__t_end_0p6.png
9,0_random_140,0.8,0.6,0.15,15.668604,0.269258,/data/home/mirick/ChordEdit/ablation_outputs/grid_metrics_sdturbo_top_20260626_104807/0_random_140_000000000009/t_delta_0p15/cells/t_start_0p8__t_end_0p6.png
9,0_random_140,0.9,0.6,0.15,14.863689,0.261457,/data/home/mirick/ChordEdit/ablation_outputs/grid_metrics_sdturbo_top_20260626_104807/0_random_140_000000000009/t_delta_0p15/cells/t_start_0p9__t_end_0p6.png
9,0_random_140,1.0,0.6,0.15,14.001314,0.264371,/data/home/mirick/ChordEdit/ablation_outputs/grid_metrics_sdturbo_top_20260626_104807/0_random_140_000000000009/t_delta_0p15/cells/t_start_1p0__t_end_0p6.png
9,0_random_140,0.0,0.7,0.15,15.43505,0.268044,/data/home/mirick/ChordEdit/ablation_outputs/grid_metrics_sdturbo_top_20260626_104807/0_random_140_000000000009/t_delta_0p15/cells/t_start_0p0__t_end_0p7.png
9,0_random_140,0.1,0.7,0.15,15.439873,0.268128,/data/home/mirick/ChordEdit/ablation_outputs/grid_metrics_sdturbo_top_20260626_104807/0_random_140_000000000009/t_delta_0p15/cells/t_start_0p1__t_end_0p7.png
9,0_random_140,0.2,0.7,0.15,15.452013,0.265453,/data/home/mirick/ChordEdit/ablation_outputs/grid_metrics_sdturbo_top_20260626_104807/0_random_140_000000000009/t_delta_0p15/cells/t_start_0p2__t_end_0p7.png
9,0_random_140,0.3,0.7,0.15,15.471182,0.264485,/data/home/mirick/ChordEdit/ablation_outputs/grid_metrics_sdturbo_top_20260626_104807/0_random_140_000000000009/t_delta_0p15/cells/t_start_0p3__t_end_0p7.png
9,0_random_140,0.4,0.7,0.15,15.487427,0.262988,/data/home/mirick/ChordEdit/ablation_outputs/grid_metrics_sdturbo_top_20260626_104807/0_random_140_000000000009/t_delta_0p15/cells/t_start_0p4__t_end_0p7.png
9,0_random_140,0.5,0.7,0.15,15.408972,0.264934,/data/home/mirick/ChordEdit/ablation_outputs/grid_metrics_sdturbo_top_20260626_104807/0_random_140_000000000009/t_delta_0p15/cells/t_start_0p5__t_end_0p7.png
9,0_random_140,0.6,0.7,0.15,15.193359,0.269214,/data/home/mirick/ChordEdit/ablation_outputs/grid_metrics_sdturbo_top_20260626_104807/0_random_140_000000000009/t_delta_0p15/cells/t_start_0p6__t_end_0p7.png
9,0_random_140,0.7,0.7,0.15,14.690637,0.271878,/data/home/mirick/ChordEdit/ablation_outputs/grid_metrics_sdturbo_top_20260626_104807/0_random_140_000000000009/t_delta_0p15/cells/t_start_0p7__t_end_0p7.png
9,0_random_140,0.8,0.7,0.15,14.304789,0.26806,/data/home/mirick/ChordEdit/ablation_outputs/grid_metrics_sdturbo_top_20260626_104807/0_random_140_000000000009/t_delta_0p15/cells/t_start_0p8__t_end_0p7.png
9,0_random_140,0.9,0.7,0.15,13.725437,0.263331,/data/home/mirick/ChordEdit/ablation_outputs/grid_metrics_sdturbo_top_20260626_104807/0_random_140_000000000009/t_delta_0p15/cells/t_start_0p9__t_end_0p7.png
9,0_random_140,1.0,0.7,0.15,13.127722,0.265398,/data/home/mirick/ChordEdit/ablation_outputs/grid_metrics_sdturbo_top_20260626_104807/0_random_140_000000000009/t_delta_0p15/cells/t_start_1p0__t_end_0p7.png
9,0_random_140,0.0,0.8,0.15,13.820521,0.271689,/data/home/mirick/ChordEdit/ablation_outputs/grid_metrics_sdturbo_top_20260626_104807/0_random_140_000000000009/t_delta_0p15/cells/t_start_0p0__t_end_0p8.png
9,0_random_140,0.1,0.8,0.15,13.824334,0.271434,/data/home/mirick/ChordEdit/ablation_outputs/grid_metrics_sdturbo_top_20260626_104807/0_random_140_000000000009/t_delta_0p15/cells/t_start_0p1__t_end_0p8.png
9,0_random_140,0.2,0.8,0.15,13.827702,0.271944,/data/home/mirick/ChordEdit/ablation_outputs/grid_metrics_sdturbo_top_20260626_104807/0_random_140_000000000009/t_delta_0p15/cells/t_start_0p2__t_end_0p8.png
9,0_random_140,0.3,0.8,0.15,13.83161,0.269897,/data/home/mirick/ChordEdit/ablation_outputs/grid_metrics_sdturbo_top_20260626_104807/0_random_140_000000000009/t_delta_0p15/cells/t_start_0p3__t_end_0p8.png
9,0_random_140,0.4,0.8,0.15,13.824397,0.270033,/data/home/mirick/ChordEdit/ablation_outputs/grid_metrics_sdturbo_top_20260626_104807/0_random_140_000000000009/t_delta_0p15/cells/t_start_0p4__t_end_0p8.png
9,0_random_140,0.5,0.8,0.15,13.778155,0.26983,/data/home/mirick/ChordEdit/ablation_outputs/grid_metrics_sdturbo_top_20260626_104807/0_random_140_000000000009/t_delta_0p15/cells/t_start_0p5__t_end_0p8.png
9,0_random_140,0.6,0.8,0.15,13.694212,0.27015,/data/home/mirick/ChordEdit/ablation_outputs/grid_metrics_sdturbo_top_20260626_104807/0_random_140_000000000009/t_delta_0p15/cells/t_start_0p6__t_end_0p8.png
9,0_random_140,0.7,0.8,0.15,13.447856,0.269959,/data/home/mirick/ChordEdit/ablation_outputs/grid_metrics_sdturbo_top_20260626_104807/0_random_140_000000000009/t_delta_0p15/cells/t_start_0p7__t_end_0p8.png
9,0_random_140,0.8,0.8,0.15,13.027545,0.273382,/data/home/mirick/ChordEdit/ablation_outputs/grid_metrics_sdturbo_top_20260626_104807/0_random_140_000000000009/t_delta_0p15/cells/t_start_0p8__t_end_0p8.png
9,0_random_140,0.9,0.8,0.15,12.73933,0.273688,/data/home/mirick/ChordEdit/ablation_outputs/grid_metrics_sdturbo_top_20260626_104807/0_random_140_000000000009/t_delta_0p15/cells/t_start_0p9__t_end_0p8.png
9,0_random_140,1.0,0.8,0.15,12.33265,0.268305,/data/home/mirick/ChordEdit/ablation_outputs/grid_metrics_sdturbo_top_20260626_104807/0_random_140_000000000009/t_delta_0p15/cells/t_start_1p0__t_end_0p8.png
9,0_random_140,0.0,0.9,0.15,12.229107,0.276457,/data/home/mirick/ChordEdit/ablation_outputs/grid_metrics_sdturbo_top_20260626_104807/0_random_140_000000000009/t_delta_0p15/cells/t_start_0p0__t_end_0p9.png
9,0_random_140,0.1,0.9,0.15,12.238879,0.275926,/data/home/mirick/ChordEdit/ablation_outputs/grid_metrics_sdturbo_top_20260626_104807/0_random_140_000000000009/t_delta_0p15/cells/t_start_0p1__t_end_0p9.png
9,0_random_140,0.2,0.9,0.15,12.249539,0.276387,/data/home/mirick/ChordEdit/ablation_outputs/grid_metrics_sdturbo_top_20260626_104807/0_random_140_000000000009/t_delta_0p15/cells/t_start_0p2__t_end_0p9.png
9,0_random_140,0.3,0.9,0.15,12.25123,0.275268,/data/home/mirick/ChordEdit/ablation_outputs/grid_metrics_sdturbo_top_20260626_104807/0_random_140_000000000009/t_delta_0p15/cells/t_start_0p3__t_end_0p9.png
9,0_random_140,0.4,0.9,0.15,12.256219,0.275602,/data/home/mirick/ChordEdit/ablation_outputs/grid_metrics_sdturbo_top_20260626_104807/0_random_140_000000000009/t_delta_0p15/cells/t_start_0p4__t_end_0p9.png
9,0_random_140,0.5,0.9,0.15,12.233693,0.274386,/data/home/mirick/ChordEdit/ablation_outputs/grid_metrics_sdturbo_top_20260626_104807/0_random_140_000000000009/t_delta_0p15/cells/t_start_0p5__t_end_0p9.png
9,0_random_140,0.6,0.9,0.15,12.21256,0.275083,/data/home/mirick/ChordEdit/ablation_outputs/grid_metrics_sdturbo_top_20260626_104807/0_random_140_000000000009/t_delta_0p15/cells/t_start_0p6__t_end_0p9.png
9,0_random_140,0.7,0.9,0.15,12.112828,0.275651,/data/home/mirick/ChordEdit/ablation_outputs/grid_metrics_sdturbo_top_20260626_104807/0_random_140_000000000009/t_delta_0p15/cells/t_start_0p7__t_end_0p9.png
9,0_random_140,0.8,0.9,0.15,12.070379,0.27231,/data/home/mirick/ChordEdit/ablation_outputs/grid_metrics_sdturbo_top_20260626_104807/0_random_140_000000000009/t_delta_0p15/cells/t_start_0p8__t_end_0p9.png
9,0_random_140,0.9,0.9,0.15,11.607135,0.270169,/data/home/mirick/ChordEdit/ablation_outputs/grid_metrics_sdturbo_top_20260626_104807/0_random_140_000000000009/t_delta_0p15/cells/t_start_0p9__t_end_0p9.png
9,0_random_140,1.0,0.9,0.15,11.3178,0.269042,/data/home/mirick/ChordEdit/ablation_outputs/grid_metrics_sdturbo_top_20260626_104807/0_random_140_000000000009/t_delta_0p15/cells/t_start_1p0__t_end_0p9.png
9,0_random_140,0.0,1.0,0.15,10.875146,0.273213,/data/home/mirick/ChordEdit/ablation_outputs/grid_metrics_sdturbo_top_20260626_104807/0_random_140_000000000009/t_delta_0p15/cells/t_start_0p0__t_end_1p0.png
9,0_random_140,0.1,1.0,0.15,10.873035,0.272392,/data/home/mirick/ChordEdit/ablation_outputs/grid_metrics_sdturbo_top_20260626_104807/0_random_140_000000000009/t_delta_0p15/cells/t_start_0p1__t_end_1p0.png
9,0_random_140,0.2,1.0,0.15,10.870578,0.272202,/data/home/mirick/ChordEdit/ablation_outputs/grid_metrics_sdturbo_top_20260626_104807/0_random_140_000000000009/t_delta_0p15/cells/t_start_0p2__t_end_1p0.png
9,0_random_140,0.3,1.0,0.15,10.864763,0.272896,/data/home/mirick/ChordEdit/ablation_outputs/grid_metrics_sdturbo_top_20260626_104807/0_random_140_000000000009/t_delta_0p15/cells/t_start_0p3__t_end_1p0.png
9,0_random_140,0.4,1.0,0.15,10.851151,0.274577,/data/home/mirick/ChordEdit/ablation_outputs/grid_metrics_sdturbo_top_20260626_104807/0_random_140_000000000009/t_delta_0p15/cells/t_start_0p4__t_end_1p0.png
9,0_random_140,0.5,1.0,0.15,10.804445,0.276461,/data/home/mirick/ChordEdit/ablation_outputs/grid_metrics_sdturbo_top_20260626_104807/0_random_140_000000000009/t_delta_0p15/cells/t_start_0p5__t_end_1p0.png
9,0_random_140,0.6,1.0,0.15,10.703412,0.276002,/data/home/mirick/ChordEdit/ablation_outputs/grid_metrics_sdturbo_top_20260626_104807/0_random_140_000000000009/t_delta_0p15/cells/t_start_0p6__t_end_1p0.png
9,0_random_140,0.7,1.0,0.15,10.638826,0.277801,/data/home/mirick/ChordEdit/ablation_outputs/grid_metrics_sdturbo_top_20260626_104807/0_random_140_000000000009/t_delta_0p15/cells/t_start_0p7__t_end_1p0.png
9,0_random_140,0.8,1.0,0.15,10.593435,0.273919,/data/home/mirick/ChordEdit/ablation_outputs/grid_metrics_sdturbo_top_20260626_104807/0_random_140_000000000009/t_delta_0p15/cells/t_start_0p8__t_end_1p0.png
9,0_random_140,0.9,1.0,0.15,10.490703,0.271562,/data/home/mirick/ChordEdit/ablation_outputs/grid_metrics_sdturbo_top_20260626_104807/0_random_140_000000000009/t_delta_0p15/cells/t_start_0p9__t_end_1p0.png
9,0_random_140,1.0,1.0,0.15,10.332071,0.265326,/data/home/mirick/ChordEdit/ablation_outputs/grid_metrics_sdturbo_top_20260626_104807/0_random_140_000000000009/t_delta_0p15/cells/t_start_1p0__t_end_1p0.png
9,0_random_140,0.0,0.0,0.0,35.233028,0.201857,/data/home/mirick/ChordEdit/ablation_outputs/grid_metrics_sdturbo_top_20260626_104807/0_random_140_000000000009/t_delta_0/cells/t_start_0p0__t_end_0p0.png
9,0_random_140,0.1,0.0,0.0,33.368866,0.200642,/data/home/mirick/ChordEdit/ablation_outputs/grid_metrics_sdturbo_top_20260626_104807/0_random_140_000000000009/t_delta_0/cells/t_start_0p1__t_end_0p0.png
9,0_random_140,0.2,0.0,0.0,30.491405,0.194582,/data/home/mirick/ChordEdit/ablation_outputs/grid_metrics_sdturbo_top_20260626_104807/0_random_140_000000000009/t_delta_0/cells/t_start_0p2__t_end_0p0.png
9,0_random_140,0.3,0.0,0.0,27.346761,0.190645,/data/home/mirick/ChordEdit/ablation_outputs/grid_metrics_sdturbo_top_20260626_104807/0_random_140_000000000009/t_delta_0/cells/t_start_0p3__t_end_0p0.png
9,0_random_140,0.4,0.0,0.0,24.508131,0.201118,/data/home/mirick/ChordEdit/ablation_outputs/grid_metrics_sdturbo_top_20260626_104807/0_random_140_000000000009/t_delta_0/cells/t_start_0p4__t_end_0p0.png
9,0_random_140,0.5,0.0,0.0,22.076834,0.184754,/data/home/mirick/ChordEdit/ablation_outputs/grid_metrics_sdturbo_top_20260626_104807/0_random_140_000000000009/t_delta_0/cells/t_start_0p5__t_end_0p0.png
9,0_random_140,0.6,0.0,0.0,19.986029,0.165579,/data/home/mirick/ChordEdit/ablation_outputs/grid_metrics_sdturbo_top_20260626_104807/0_random_140_000000000009/t_delta_0/cells/t_start_0p6__t_end_0p0.png
9,0_random_140,0.7,0.0,0.0,17.660074,0.164371,/data/home/mirick/ChordEdit/ablation_outputs/grid_metrics_sdturbo_top_20260626_104807/0_random_140_000000000009/t_delta_0/cells/t_start_0p7__t_end_0p0.png
9,0_random_140,0.8,0.0,0.0,16.580031,0.180685,/data/home/mirick/ChordEdit/ablation_outputs/grid_metrics_sdturbo_top_20260626_104807/0_random_140_000000000009/t_delta_0/cells/t_start_0p8__t_end_0p0.png
9,0_random_140,0.9,0.0,0.0,14.054781,0.191768,/data/home/mirick/ChordEdit/ablation_outputs/grid_metrics_sdturbo_top_20260626_104807/0_random_140_000000000009/t_delta_0/cells/t_start_0p9__t_end_0p0.png
9,0_random_140,1.0,0.0,0.0,12.071135,0.191484,/data/home/mirick/ChordEdit/ablation_outputs/grid_metrics_sdturbo_top_20260626_104807/0_random_140_000000000009/t_delta_0/cells/t_start_1p0__t_end_0p0.png
9,0_random_140,0.0,0.1,0.0,29.916057,0.201055,/data/home/mirick/ChordEdit/ablation_outputs/grid_metrics_sdturbo_top_20260626_104807/0_random_140_000000000009/t_delta_0/cells/t_start_0p0__t_end_0p1.png
9,0_random_140,0.1,0.1,0.0,28.897416,0.195101,/data/home/mirick/ChordEdit/ablation_outputs/grid_metrics_sdturbo_top_20260626_104807/0_random_140_000000000009/t_delta_0/cells/t_start_0p1__t_end_0p1.png
9,0_random_140,0.2,0.1,0.0,27.625009,0.202724,/data/home/mirick/ChordEdit/ablation_outputs/grid_metrics_sdturbo_top_20260626_104807/0_random_140_000000000009/t_delta_0/cells/t_start_0p2__t_end_0p1.png
9,0_random_140,0.3,0.1,0.0,25.854929,0.266447,/data/home/mirick/ChordEdit/ablation_outputs/grid_metrics_sdturbo_top_20260626_104807/0_random_140_000000000009/t_delta_0/cells/t_start_0p3__t_end_0p1.png
9,0_random_140,0.4,0.1,0.0,23.911028,0.267908,/data/home/mirick/ChordEdit/ablation_outputs/grid_metrics_sdturbo_top_20260626_104807/0_random_140_000000000009/t_delta_0/cells/t_start_0p4__t_end_0p1.png
9,0_random_140,0.5,0.1,0.0,21.982439,0.256624,/data/home/mirick/ChordEdit/ablation_outputs/grid_metrics_sdturbo_top_20260626_104807/0_random_140_000000000009/t_delta_0/cells/t_start_0p5__t_end_0p1.png
9,0_random_140,0.6,0.1,0.0,20.202116,0.214436,/data/home/mirick/ChordEdit/ablation_outputs/grid_metrics_sdturbo_top_20260626_104807/0_random_140_000000000009/t_delta_0/cells/t_start_0p6__t_end_0p1.png
9,0_random_140,0.7,0.1,0.0,17.687225,0.189922,/data/home/mirick/ChordEdit/ablation_outputs/grid_metrics_sdturbo_top_20260626_104807/0_random_140_000000000009/t_delta_0/cells/t_start_0p7__t_end_0p1.png
9,0_random_140,0.8,0.1,0.0,16.632126,0.194952,/data/home/mirick/ChordEdit/ablation_outputs/grid_metrics_sdturbo_top_20260626_104807/0_random_140_000000000009/t_delta_0/cells/t_start_0p8__t_end_0p1.png
9,0_random_140,0.9,0.1,0.0,14.103261,0.247496,/data/home/mirick/ChordEdit/ablation_outputs/grid_metrics_sdturbo_top_20260626_104807/0_random_140_000000000009/t_delta_0/cells/t_start_0p9__t_end_0p1.png
9,0_random_140,1.0,0.1,0.0,12.10566,0.225838,/data/home/mirick/ChordEdit/ablation_outputs/grid_metrics_sdturbo_top_20260626_104807/0_random_140_000000000009/t_delta_0/cells/t_start_1p0__t_end_0p1.png
9,0_random_140,0.0,0.2,0.0,27.111027,0.199441,/data/home/mirick/ChordEdit/ablation_outputs/grid_metrics_sdturbo_top_20260626_104807/0_random_140_000000000009/t_delta_0/cells/t_start_0p0__t_end_0p2.png
9,0_random_140,0.1,0.2,0.0,26.46131,0.20032,/data/home/mirick/ChordEdit/ablation_outputs/grid_metrics_sdturbo_top_20260626_104807/0_random_140_000000000009/t_delta_0/cells/t_start_0p1__t_end_0p2.png
9,0_random_140,0.2,0.2,0.0,25.603774,0.229522,/data/home/mirick/ChordEdit/ablation_outputs/grid_metrics_sdturbo_top_20260626_104807/0_random_140_000000000009/t_delta_0/cells/t_start_0p2__t_end_0p2.png
9,0_random_140,0.3,0.2,0.0,24.241382,0.269851,/data/home/mirick/ChordEdit/ablation_outputs/grid_metrics_sdturbo_top_20260626_104807/0_random_140_000000000009/t_delta_0/cells/t_start_0p3__t_end_0p2.png
9,0_random_140,0.4,0.2,0.0,22.785824,0.265183,/data/home/mirick/ChordEdit/ablation_outputs/grid_metrics_sdturbo_top_20260626_104807/0_random_140_000000000009/t_delta_0/cells/t_start_0p4__t_end_0p2.png
9,0_random_140,0.5,0.2,0.0,21.327392,0.256089,/data/home/mirick/ChordEdit/ablation_outputs/grid_metrics_sdturbo_top_20260626_104807/0_random_140_000000000009/t_delta_0/cells/t_start_0p5__t_end_0p2.png
9,0_random_140,0.6,0.2,0.0,20.039305,0.25853,/data/home/mirick/ChordEdit/ablation_outputs/grid_metrics_sdturbo_top_20260626_104807/0_random_140_000000000009/t_delta_0/cells/t_start_0p6__t_end_0p2.png
9,0_random_140,0.7,0.2,0.0,17.502491,0.231792,/data/home/mirick/ChordEdit/ablation_outputs/grid_metrics_sdturbo_top_20260626_104807/0_random_140_000000000009/t_delta_0/cells/t_start_0p7__t_end_0p2.png
9,0_random_140,0.8,0.2,0.0,16.447457,0.252358,/data/home/mirick/ChordEdit/ablation_outputs/grid_metrics_sdturbo_top_20260626_104807/0_random_140_000000000009/t_delta_0/cells/t_start_0p8__t_end_0p2.png
9,0_random_140,0.9,0.2,0.0,14.024762,0.260514,/data/home/mirick/ChordEdit/ablation_outputs/grid_metrics_sdturbo_top_20260626_104807/0_random_140_000000000009/t_delta_0/cells/t_start_0p9__t_end_0p2.png
9,0_random_140,1.0,0.2,0.0,12.08513,0.253952,/data/home/mirick/ChordEdit/ablation_outputs/grid_metrics_sdturbo_top_20260626_104807/0_random_140_000000000009/t_delta_0/cells/t_start_1p0__t_end_0p2.png
9,0_random_140,0.0,0.3,0.0,24.537821,0.206472,/data/home/mirick/ChordEdit/ablation_outputs/grid_metrics_sdturbo_top_20260626_104807/0_random_140_000000000009/t_delta_0/cells/t_start_0p0__t_end_0p3.png
9,0_random_140,0.1,0.3,0.0,24.157,0.240984,/data/home/mirick/ChordEdit/ablation_outputs/grid_metrics_sdturbo_top_20260626_104807/0_random_140_000000000009/t_delta_0/cells/t_start_0p1__t_end_0p3.png
9,0_random_140,0.2,0.3,0.0,23.610494,0.26929,/data/home/mirick/ChordEdit/ablation_outputs/grid_metrics_sdturbo_top_20260626_104807/0_random_140_000000000009/t_delta_0/cells/t_start_0p2__t_end_0p3.png
9,0_random_140,0.3,0.3,0.0,22.666934,0.264244,/data/home/mirick/ChordEdit/ablation_outputs/grid_metrics_sdturbo_top_20260626_104807/0_random_140_000000000009/t_delta_0/cells/t_start_0p3__t_end_0p3.png
9,0_random_140,0.4,0.3,0.0,21.60994,0.259784,/data/home/mirick/ChordEdit/ablation_outputs/grid_metrics_sdturbo_top_20260626_104807/0_random_140_000000000009/t_delta_0/cells/t_start_0p4__t_end_0p3.png
9,0_random_140,0.5,0.3,0.0,20.465068,0.253444,/data/home/mirick/ChordEdit/ablation_outputs/grid_metrics_sdturbo_top_20260626_104807/0_random_140_000000000009/t_delta_0/cells/t_start_0p5__t_end_0p3.png
9,0_random_140,0.6,0.3,0.0,19.434705,0.258758,/data/home/mirick/ChordEdit/ablation_outputs/grid_metrics_sdturbo_top_20260626_104807/0_random_140_000000000009/t_delta_0/cells/t_start_0p6__t_end_0p3.png
9,0_random_140,0.7,0.3,0.0,17.099666,0.259095,/data/home/mirick/ChordEdit/ablation_outputs/grid_metrics_sdturbo_top_20260626_104807/0_random_140_000000000009/t_delta_0/cells/t_start_0p7__t_end_0p3.png
9,0_random_140,0.8,0.3,0.0,16.150508,0.261558,/data/home/mirick/ChordEdit/ablation_outputs/grid_metrics_sdturbo_top_20260626_104807/0_random_140_000000000009/t_delta_0/cells/t_start_0p8__t_end_0p3.png
9,0_random_140,0.9,0.3,0.0,13.902948,0.265865,/data/home/mirick/ChordEdit/ablation_outputs/grid_metrics_sdturbo_top_20260626_104807/0_random_140_000000000009/t_delta_0/cells/t_start_0p9__t_end_0p3.png
9,0_random_140,1.0,0.3,0.0,12.008883,0.260459,/data/home/mirick/ChordEdit/ablation_outputs/grid_metrics_sdturbo_top_20260626_104807/0_random_140_000000000009/t_delta_0/cells/t_start_1p0__t_end_0p3.png
9,0_random_140,0.0,0.4,0.0,22.098846,0.267598,/data/home/mirick/ChordEdit/ablation_outputs/grid_metrics_sdturbo_top_20260626_104807/0_random_140_000000000009/t_delta_0/cells/t_start_0p0__t_end_0p4.png
9,0_random_140,0.1,0.4,0.0,21.933647,0.27133,/data/home/mirick/ChordEdit/ablation_outputs/grid_metrics_sdturbo_top_20260626_104807/0_random_140_000000000009/t_delta_0/cells/t_start_0p1__t_end_0p4.png
9,0_random_140,0.2,0.4,0.0,21.657581,0.266885,/data/home/mirick/ChordEdit/ablation_outputs/grid_metrics_sdturbo_top_20260626_104807/0_random_140_000000000009/t_delta_0/cells/t_start_0p2__t_end_0p4.png
9,0_random_140,0.3,0.4,0.0,21.147097,0.259971,/data/home/mirick/ChordEdit/ablation_outputs/grid_metrics_sdturbo_top_20260626_104807/0_random_140_000000000009/t_delta_0/cells/t_start_0p3__t_end_0p4.png
9,0_random_140,0.4,0.4,0.0,20.443467,0.255904,/data/home/mirick/ChordEdit/ablation_outputs/grid_metrics_sdturbo_top_20260626_104807/0_random_140_000000000009/t_delta_0/cells/t_start_0p4__t_end_0p4.png
9,0_random_140,0.5,0.4,0.0,19.560623,0.248919,/data/home/mirick/ChordEdit/ablation_outputs/grid_metrics_sdturbo_top_20260626_104807/0_random_140_000000000009/t_delta_0/cells/t_start_0p5__t_end_0p4.png
9,0_random_140,0.6,0.4,0.0,18.607959,0.256224,/data/home/mirick/ChordEdit/ablation_outputs/grid_metrics_sdturbo_top_20260626_104807/0_random_140_000000000009/t_delta_0/cells/t_start_0p6__t_end_0p4.png
9,0_random_140,0.7,0.4,0.0,16.494997,0.262343,/data/home/mirick/ChordEdit/ablation_outputs/grid_metrics_sdturbo_top_20260626_104807/0_random_140_000000000009/t_delta_0/cells/t_start_0p7__t_end_0p4.png
9,0_random_140,0.8,0.4,0.0,15.603064,0.261057,/data/home/mirick/ChordEdit/ablation_outputs/grid_metrics_sdturbo_top_20260626_104807/0_random_140_000000000009/t_delta_0/cells/t_start_0p8__t_end_0p4.png
9,0_random_140,0.9,0.4,0.0,13.717698,0.267259,/data/home/mirick/ChordEdit/ablation_outputs/grid_metrics_sdturbo_top_20260626_104807/0_random_140_000000000009/t_delta_0/cells/t_start_0p9__t_end_0p4.png
9,0_random_140,1.0,0.4,0.0,11.888799,0.262584,/data/home/mirick/ChordEdit/ablation_outputs/grid_metrics_sdturbo_top_20260626_104807/0_random_140_000000000009/t_delta_0/cells/t_start_1p0__t_end_0p4.png
9,0_random_140,0.0,0.5,0.0,19.774281,0.267525,/data/home/mirick/ChordEdit/ablation_outputs/grid_metrics_sdturbo_top_20260626_104807/0_random_140_000000000009/t_delta_0/cells/t_start_0p0__t_end_0p5.png
9,0_random_140,0.1,0.5,0.0,19.797833,0.266507,/data/home/mirick/ChordEdit/ablation_outputs/grid_metrics_sdturbo_top_20260626_104807/0_random_140_000000000009/t_delta_0/cells/t_start_0p1__t_end_0p5.png
9,0_random_140,0.2,0.5,0.0,19.76655,0.261372,/data/home/mirick/ChordEdit/ablation_outputs/grid_metrics_sdturbo_top_20260626_104807/0_random_140_000000000009/t_delta_0/cells/t_start_0p2__t_end_0p5.png
9,0_random_140,0.3,0.5,0.0,19.584399,0.257539,/data/home/mirick/ChordEdit/ablation_outputs/grid_metrics_sdturbo_top_20260626_104807/0_random_140_000000000009/t_delta_0/cells/t_start_0p3__t_end_0p5.png
9,0_random_140,0.4,0.5,0.0,19.197762,0.255092,/data/home/mirick/ChordEdit/ablation_outputs/grid_metrics_sdturbo_top_20260626_104807/0_random_140_000000000009/t_delta_0/cells/t_start_0p4__t_end_0p5.png
9,0_random_140,0.5,0.5,0.0,18.445427,0.25239,/data/home/mirick/ChordEdit/ablation_outputs/grid_metrics_sdturbo_top_20260626_104807/0_random_140_000000000009/t_delta_0/cells/t_start_0p5__t_end_0p5.png
9,0_random_140,0.6,0.5,0.0,17.562859,0.259422,/data/home/mirick/ChordEdit/ablation_outputs/grid_metrics_sdturbo_top_20260626_104807/0_random_140_000000000009/t_delta_0/cells/t_start_0p6__t_end_0p5.png
9,0_random_140,0.7,0.5,0.0,15.838978,0.263829,/data/home/mirick/ChordEdit/ablation_outputs/grid_metrics_sdturbo_top_20260626_104807/0_random_140_000000000009/t_delta_0/cells/t_start_0p7__t_end_0p5.png
9,0_random_140,0.8,0.5,0.0,14.931669,0.266091,/data/home/mirick/ChordEdit/ablation_outputs/grid_metrics_sdturbo_top_20260626_104807/0_random_140_000000000009/t_delta_0/cells/t_start_0p8__t_end_0p5.png
9,0_random_140,0.9,0.5,0.0,13.356388,0.26715,/data/home/mirick/ChordEdit/ablation_outputs/grid_metrics_sdturbo_top_20260626_104807/0_random_140_000000000009/t_delta_0/cells/t_start_0p9__t_end_0p5.png
9,0_random_140,1.0,0.5,0.0,11.80287,0.259269,/data/home/mirick/ChordEdit/ablation_outputs/grid_metrics_sdturbo_top_20260626_104807/0_random_140_000000000009/t_delta_0/cells/t_start_1p0__t_end_0p5.png
9,0_random_140,0.0,0.6,0.0,17.554947,0.267643,/data/home/mirick/ChordEdit/ablation_outputs/grid_metrics_sdturbo_top_20260626_104807/0_random_140_000000000009/t_delta_0/cells/t_start_0p0__t_end_0p6.png
9,0_random_140,0.1,0.6,0.0,17.602893,0.267265,/data/home/mirick/ChordEdit/ablation_outputs/grid_metrics_sdturbo_top_20260626_104807/0_random_140_000000000009/t_delta_0/cells/t_start_0p1__t_end_0p6.png
9,0_random_140,0.2,0.6,0.0,17.67207,0.264121,/data/home/mirick/ChordEdit/ablation_outputs/grid_metrics_sdturbo_top_20260626_104807/0_random_140_000000000009/t_delta_0/cells/t_start_0p2__t_end_0p6.png
9,0_random_140,0.3,0.6,0.0,17.761701,0.261862,/data/home/mirick/ChordEdit/ablation_outputs/grid_metrics_sdturbo_top_20260626_104807/0_random_140_000000000009/t_delta_0/cells/t_start_0p3__t_end_0p6.png
9,0_random_140,0.4,0.6,0.0,17.680747,0.259484,/data/home/mirick/ChordEdit/ablation_outputs/grid_metrics_sdturbo_top_20260626_104807/0_random_140_000000000009/t_delta_0/cells/t_start_0p4__t_end_0p6.png
9,0_random_140,0.5,0.6,0.0,17.111367,0.261765,/data/home/mirick/ChordEdit/ablation_outputs/grid_metrics_sdturbo_top_20260626_104807/0_random_140_000000000009/t_delta_0/cells/t_start_0p5__t_end_0p6.png
9,0_random_140,0.6,0.6,0.0,16.260452,0.269026,/data/home/mirick/ChordEdit/ablation_outputs/grid_metrics_sdturbo_top_20260626_104807/0_random_140_000000000009/t_delta_0/cells/t_start_0p6__t_end_0p6.png
9,0_random_140,0.7,0.6,0.0,15.075548,0.262241,/data/home/mirick/ChordEdit/ablation_outputs/grid_metrics_sdturbo_top_20260626_104807/0_random_140_000000000009/t_delta_0/cells/t_start_0p7__t_end_0p6.png
9,0_random_140,0.8,0.6,0.0,14.215155,0.267107,/data/home/mirick/ChordEdit/ablation_outputs/grid_metrics_sdturbo_top_20260626_104807/0_random_140_000000000009/t_delta_0/cells/t_start_0p8__t_end_0p6.png
9,0_random_140,0.9,0.6,0.0,12.699067,0.269947,/data/home/mirick/ChordEdit/ablation_outputs/grid_metrics_sdturbo_top_20260626_104807/0_random_140_000000000009/t_delta_0/cells/t_start_0p9__t_end_0p6.png
9,0_random_140,1.0,0.6,0.0,11.709675,0.261449,/data/home/mirick/ChordEdit/ablation_outputs/grid_metrics_sdturbo_top_20260626_104807/0_random_140_000000000009/t_delta_0/cells/t_start_1p0__t_end_0p6.png
9,0_random_140,0.0,0.7,0.0,15.43505,0.268044,/data/home/mirick/ChordEdit/ablation_outputs/grid_metrics_sdturbo_top_20260626_104807/0_random_140_000000000009/t_delta_0/cells/t_start_0p0__t_end_0p7.png
9,0_random_140,0.1,0.7,0.0,15.447709,0.266809,/data/home/mirick/ChordEdit/ablation_outputs/grid_metrics_sdturbo_top_20260626_104807/0_random_140_000000000009/t_delta_0/cells/t_start_0p1__t_end_0p7.png
9,0_random_140,0.2,0.7,0.0,15.475114,0.263763,/data/home/mirick/ChordEdit/ablation_outputs/grid_metrics_sdturbo_top_20260626_104807/0_random_140_000000000009/t_delta_0/cells/t_start_0p2__t_end_0p7.png
9,0_random_140,0.3,0.7,0.0,15.494223,0.263303,/data/home/mirick/ChordEdit/ablation_outputs/grid_metrics_sdturbo_top_20260626_104807/0_random_140_000000000009/t_delta_0/cells/t_start_0p3__t_end_0p7.png
9,0_random_140,0.4,0.7,0.0,15.471591,0.2644,/data/home/mirick/ChordEdit/ablation_outputs/grid_metrics_sdturbo_top_20260626_104807/0_random_140_000000000009/t_delta_0/cells/t_start_0p4__t_end_0p7.png
9,0_random_140,0.5,0.7,0.0,15.180507,0.264055,/data/home/mirick/ChordEdit/ablation_outputs/grid_metrics_sdturbo_top_20260626_104807/0_random_140_000000000009/t_delta_0/cells/t_start_0p5__t_end_0p7.png
9,0_random_140,0.6,0.7,0.0,14.728268,0.271874,/data/home/mirick/ChordEdit/ablation_outputs/grid_metrics_sdturbo_top_20260626_104807/0_random_140_000000000009/t_delta_0/cells/t_start_0p6__t_end_0p7.png
9,0_random_140,0.7,0.7,0.0,13.996981,0.263087,/data/home/mirick/ChordEdit/ablation_outputs/grid_metrics_sdturbo_top_20260626_104807/0_random_140_000000000009/t_delta_0/cells/t_start_0p7__t_end_0p7.png
9,0_random_140,0.8,0.7,0.0,13.301135,0.266193,/data/home/mirick/ChordEdit/ablation_outputs/grid_metrics_sdturbo_top_20260626_104807/0_random_140_000000000009/t_delta_0/cells/t_start_0p8__t_end_0p7.png
9,0_random_140,0.9,0.7,0.0,11.928843,0.265721,/data/home/mirick/ChordEdit/ablation_outputs/grid_metrics_sdturbo_top_20260626_104807/0_random_140_000000000009/t_delta_0/cells/t_start_0p9__t_end_0p7.png
9,0_random_140,1.0,0.7,0.0,11.016729,0.272823,/data/home/mirick/ChordEdit/ablation_outputs/grid_metrics_sdturbo_top_20260626_104807/0_random_140_000000000009/t_delta_0/cells/t_start_1p0__t_end_0p7.png
9,0_random_140,0.0,0.8,0.0,13.820521,0.271689,/data/home/mirick/ChordEdit/ablation_outputs/grid_metrics_sdturbo_top_20260626_104807/0_random_140_000000000009/t_delta_0/cells/t_start_0p0__t_end_0p8.png
9,0_random_140,0.1,0.8,0.0,13.827898,0.271788,/data/home/mirick/ChordEdit/ablation_outputs/grid_metrics_sdturbo_top_20260626_104807/0_random_140_000000000009/t_delta_0/cells/t_start_0p1__t_end_0p8.png
9,0_random_140,0.2,0.8,0.0,13.837416,0.27047,/data/home/mirick/ChordEdit/ablation_outputs/grid_metrics_sdturbo_top_20260626_104807/0_random_140_000000000009/t_delta_0/cells/t_start_0p2__t_end_0p8.png
9,0_random_140,0.3,0.8,0.0,13.821054,0.269132,/data/home/mirick/ChordEdit/ablation_outputs/grid_metrics_sdturbo_top_20260626_104807/0_random_140_000000000009/t_delta_0/cells/t_start_0p3__t_end_0p8.png
9,0_random_140,0.4,0.8,0.0,13.796618,0.268462,/data/home/mirick/ChordEdit/ablation_outputs/grid_metrics_sdturbo_top_20260626_104807/0_random_140_000000000009/t_delta_0/cells/t_start_0p4__t_end_0p8.png
9,0_random_140,0.5,0.8,0.0,13.695161,0.269355,/data/home/mirick/ChordEdit/ablation_outputs/grid_metrics_sdturbo_top_20260626_104807/0_random_140_000000000009/t_delta_0/cells/t_start_0p5__t_end_0p8.png
9,0_random_140,0.6,0.8,0.0,13.417071,0.272072,/data/home/mirick/ChordEdit/ablation_outputs/grid_metrics_sdturbo_top_20260626_104807/0_random_140_000000000009/t_delta_0/cells/t_start_0p6__t_end_0p8.png
9,0_random_140,0.7,0.8,0.0,12.980707,0.273651,/data/home/mirick/ChordEdit/ablation_outputs/grid_metrics_sdturbo_top_20260626_104807/0_random_140_000000000009/t_delta_0/cells/t_start_0p7__t_end_0p8.png
9,0_random_140,0.8,0.8,0.0,12.561812,0.272379,/data/home/mirick/ChordEdit/ablation_outputs/grid_metrics_sdturbo_top_20260626_104807/0_random_140_000000000009/t_delta_0/cells/t_start_0p8__t_end_0p8.png
9,0_random_140,0.9,0.8,0.0,11.407164,0.26328,/data/home/mirick/ChordEdit/ablation_outputs/grid_metrics_sdturbo_top_20260626_104807/0_random_140_000000000009/t_delta_0/cells/t_start_0p9__t_end_0p8.png
9,0_random_140,1.0,0.8,0.0,9.901603,0.264667,/data/home/mirick/ChordEdit/ablation_outputs/grid_metrics_sdturbo_top_20260626_104807/0_random_140_000000000009/t_delta_0/cells/t_start_1p0__t_end_0p8.png
9,0_random_140,0.0,0.9,0.0,12.229107,0.276457,/data/home/mirick/ChordEdit/ablation_outputs/grid_metrics_sdturbo_top_20260626_104807/0_random_140_000000000009/t_delta_0/cells/t_start_0p0__t_end_0p9.png
9,0_random_140,0.1,0.9,0.0,12.249301,0.275659,/data/home/mirick/ChordEdit/ablation_outputs/grid_metrics_sdturbo_top_20260626_104807/0_random_140_000000000009/t_delta_0/cells/t_start_0p1__t_end_0p9.png
9,0_random_140,0.2,0.9,0.0,12.261534,0.275592,/data/home/mirick/ChordEdit/ablation_outputs/grid_metrics_sdturbo_top_20260626_104807/0_random_140_000000000009/t_delta_0/cells/t_start_0p2__t_end_0p9.png
9,0_random_140,0.3,0.9,0.0,12.245156,0.275652,/data/home/mirick/ChordEdit/ablation_outputs/grid_metrics_sdturbo_top_20260626_104807/0_random_140_000000000009/t_delta_0/cells/t_start_0p3__t_end_0p9.png
9,0_random_140,0.4,0.9,0.0,12.246885,0.273575,/data/home/mirick/ChordEdit/ablation_outputs/grid_metrics_sdturbo_top_20260626_104807/0_random_140_000000000009/t_delta_0/cells/t_start_0p4__t_end_0p9.png
9,0_random_140,0.5,0.9,0.0,12.205423,0.275487,/data/home/mirick/ChordEdit/ablation_outputs/grid_metrics_sdturbo_top_20260626_104807/0_random_140_000000000009/t_delta_0/cells/t_start_0p5__t_end_0p9.png
9,0_random_140,0.6,0.9,0.0,12.189497,0.27171,/data/home/mirick/ChordEdit/ablation_outputs/grid_metrics_sdturbo_top_20260626_104807/0_random_140_000000000009/t_delta_0/cells/t_start_0p6__t_end_0p9.png
9,0_random_140,0.7,0.9,0.0,12.094404,0.273921,/data/home/mirick/ChordEdit/ablation_outputs/grid_metrics_sdturbo_top_20260626_104807/0_random_140_000000000009/t_delta_0/cells/t_start_0p7__t_end_0p9.png
9,0_random_140,0.8,0.9,0.0,12.010851,0.272665,/data/home/mirick/ChordEdit/ablation_outputs/grid_metrics_sdturbo_top_20260626_104807/0_random_140_000000000009/t_delta_0/cells/t_start_0p8__t_end_0p9.png
9,0_random_140,0.9,0.9,0.0,10.86826,0.265715,/data/home/mirick/ChordEdit/ablation_outputs/grid_metrics_sdturbo_top_20260626_104807/0_random_140_000000000009/t_delta_0/cells/t_start_0p9__t_end_0p9.png
9,0_random_140,1.0,0.9,0.0,9.655883,0.26691,/data/home/mirick/ChordEdit/ablation_outputs/grid_metrics_sdturbo_top_20260626_104807/0_random_140_000000000009/t_delta_0/cells/t_start_1p0__t_end_0p9.png
9,0_random_140,0.0,1.0,0.0,10.875146,0.273213,/data/home/mirick/ChordEdit/ablation_outputs/grid_metrics_sdturbo_top_20260626_104807/0_random_140_000000000009/t_delta_0/cells/t_start_0p0__t_end_1p0.png
9,0_random_140,0.1,1.0,0.0,10.871296,0.27301,/data/home/mirick/ChordEdit/ablation_outputs/grid_metrics_sdturbo_top_20260626_104807/0_random_140_000000000009/t_delta_0/cells/t_start_0p1__t_end_1p0.png
9,0_random_140,0.2,1.0,0.0,10.873276,0.273523,/data/home/mirick/ChordEdit/ablation_outputs/grid_metrics_sdturbo_top_20260626_104807/0_random_140_000000000009/t_delta_0/cells/t_start_0p2__t_end_1p0.png
9,0_random_140,0.3,1.0,0.0,10.853528,0.274675,/data/home/mirick/ChordEdit/ablation_outputs/grid_metrics_sdturbo_top_20260626_104807/0_random_140_000000000009/t_delta_0/cells/t_start_0p3__t_end_1p0.png
9,0_random_140,0.4,1.0,0.0,10.795319,0.275521,/data/home/mirick/ChordEdit/ablation_outputs/grid_metrics_sdturbo_top_20260626_104807/0_random_140_000000000009/t_delta_0/cells/t_start_0p4__t_end_1p0.png
9,0_random_140,0.5,1.0,0.0,10.716955,0.277115,/data/home/mirick/ChordEdit/ablation_outputs/grid_metrics_sdturbo_top_20260626_104807/0_random_140_000000000009/t_delta_0/cells/t_start_0p5__t_end_1p0.png
9,0_random_140,0.6,1.0,0.0,10.558824,0.280703,/data/home/mirick/ChordEdit/ablation_outputs/grid_metrics_sdturbo_top_20260626_104807/0_random_140_000000000009/t_delta_0/cells/t_start_0p6__t_end_1p0.png
9,0_random_140,0.7,1.0,0.0,10.524302,0.272741,/data/home/mirick/ChordEdit/ablation_outputs/grid_metrics_sdturbo_top_20260626_104807/0_random_140_000000000009/t_delta_0/cells/t_start_0p7__t_end_1p0.png
9,0_random_140,0.8,1.0,0.0,10.60357,0.275032,/data/home/mirick/ChordEdit/ablation_outputs/grid_metrics_sdturbo_top_20260626_104807/0_random_140_000000000009/t_delta_0/cells/t_start_0p8__t_end_1p0.png
9,0_random_140,0.9,1.0,0.0,10.492591,0.269687,/data/home/mirick/ChordEdit/ablation_outputs/grid_metrics_sdturbo_top_20260626_104807/0_random_140_000000000009/t_delta_0/cells/t_start_0p9__t_end_1p0.png
9,0_random_140,1.0,1.0,0.0,9.463921,0.281177,/data/home/mirick/ChordEdit/ablation_outputs/grid_metrics_sdturbo_top_20260626_104807/0_random_140_000000000009/t_delta_0/cells/t_start_1p0__t_end_1p0.png
