sample_id,category,t_start,t_end,t_delta,whole_psnr,clip_edited,image_path
0,0_random_140,0.0,0.0,0.0,27.444458,0.222502,/data/home/mirick/ChordEdit/ablation_outputs/grid_metrics_random140_tstart_sweep_20260626_130536/0_random_140_000000000000/t_delta_0/cells/t_start_0__t_end_0.png
0,0_random_140,0.05,0.0,0.0,27.431968,0.222517,/data/home/mirick/ChordEdit/ablation_outputs/grid_metrics_random140_tstart_sweep_20260626_130536/0_random_140_000000000000/t_delta_0/cells/t_start_0p05__t_end_0.png
0,0_random_140,0.15,0.0,0.0,27.397226,0.222303,/data/home/mirick/ChordEdit/ablation_outputs/grid_metrics_random140_tstart_sweep_20260626_130536/0_random_140_000000000000/t_delta_0/cells/t_start_0p15__t_end_0.png
0,0_random_140,0.25,0.0,0.0,27.318974,0.222264,/data/home/mirick/ChordEdit/ablation_outputs/grid_metrics_random140_tstart_sweep_20260626_130536/0_random_140_000000000000/t_delta_0/cells/t_start_0p25__t_end_0.png
0,0_random_140,0.35,0.0,0.0,27.002632,0.225769,/data/home/mirick/ChordEdit/ablation_outputs/grid_metrics_random140_tstart_sweep_20260626_130536/0_random_140_000000000000/t_delta_0/cells/t_start_0p35__t_end_0.png
0,0_random_140,0.45,0.0,0.0,26.20622,0.227769,/data/home/mirick/ChordEdit/ablation_outputs/grid_metrics_random140_tstart_sweep_20260626_130536/0_random_140_000000000000/t_delta_0/cells/t_start_0p45__t_end_0.png
0,0_random_140,0.55,0.0,0.0,23.13201,0.235304,/data/home/mirick/ChordEdit/ablation_outputs/grid_metrics_random140_tstart_sweep_20260626_130536/0_random_140_000000000000/t_delta_0/cells/t_start_0p55__t_end_0.png
0,0_random_140,0.65,0.0,0.0,19.11747,0.241315,/data/home/mirick/ChordEdit/ablation_outputs/grid_metrics_random140_tstart_sweep_20260626_130536/0_random_140_000000000000/t_delta_0/cells/t_start_0p65__t_end_0.png
0,0_random_140,0.75,0.0,0.0,16.296809,0.232863,/data/home/mirick/ChordEdit/ablation_outputs/grid_metrics_random140_tstart_sweep_20260626_130536/0_random_140_000000000000/t_delta_0/cells/t_start_0p75__t_end_0.png
0,0_random_140,0.85,0.0,0.0,13.949519,0.220849,/data/home/mirick/ChordEdit/ablation_outputs/grid_metrics_random140_tstart_sweep_20260626_130536/0_random_140_000000000000/t_delta_0/cells/t_start_0p85__t_end_0.png
0,0_random_140,0.0,0.1,0.0,23.882679,0.225546,/data/home/mirick/ChordEdit/ablation_outputs/grid_metrics_random140_tstart_sweep_20260626_130536/0_random_140_000000000000/t_delta_0/cells/t_start_0__t_end_0p1.png
0,0_random_140,0.05,0.1,0.0,23.882291,0.225351,/data/home/mirick/ChordEdit/ablation_outputs/grid_metrics_random140_tstart_sweep_20260626_130536/0_random_140_000000000000/t_delta_0/cells/t_start_0p05__t_end_0p1.png
0,0_random_140,0.15,0.1,0.0,23.869346,0.225043,/data/home/mirick/ChordEdit/ablation_outputs/grid_metrics_random140_tstart_sweep_20260626_130536/0_random_140_000000000000/t_delta_0/cells/t_start_0p15__t_end_0p1.png
0,0_random_140,0.25,0.1,0.0,23.850292,0.225636,/data/home/mirick/ChordEdit/ablation_outputs/grid_metrics_random140_tstart_sweep_20260626_130536/0_random_140_000000000000/t_delta_0/cells/t_start_0p25__t_end_0p1.png
0,0_random_140,0.35,0.1,0.0,23.718283,0.224614,/data/home/mirick/ChordEdit/ablation_outputs/grid_metrics_random140_tstart_sweep_20260626_130536/0_random_140_000000000000/t_delta_0/cells/t_start_0p35__t_end_0p1.png
0,0_random_140,0.45,0.1,0.0,23.512637,0.224663,/data/home/mirick/ChordEdit/ablation_outputs/grid_metrics_random140_tstart_sweep_20260626_130536/0_random_140_000000000000/t_delta_0/cells/t_start_0p45__t_end_0p1.png
0,0_random_140,0.55,0.1,0.0,22.183664,0.230289,/data/home/mirick/ChordEdit/ablation_outputs/grid_metrics_random140_tstart_sweep_20260626_130536/0_random_140_000000000000/t_delta_0/cells/t_start_0p55__t_end_0p1.png
0,0_random_140,0.65,0.1,0.0,19.148169,0.233869,/data/home/mirick/ChordEdit/ablation_outputs/grid_metrics_random140_tstart_sweep_20260626_130536/0_random_140_000000000000/t_delta_0/cells/t_start_0p65__t_end_0p1.png
0,0_random_140,0.75,0.1,0.0,16.837018,0.252409,/data/home/mirick/ChordEdit/ablation_outputs/grid_metrics_random140_tstart_sweep_20260626_130536/0_random_140_000000000000/t_delta_0/cells/t_start_0p75__t_end_0p1.png
0,0_random_140,0.85,0.1,0.0,14.328617,0.215336,/data/home/mirick/ChordEdit/ablation_outputs/grid_metrics_random140_tstart_sweep_20260626_130536/0_random_140_000000000000/t_delta_0/cells/t_start_0p85__t_end_0p1.png
0,0_random_140,0.0,0.2,0.0,21.990025,0.223854,/data/home/mirick/ChordEdit/ablation_outputs/grid_metrics_random140_tstart_sweep_20260626_130536/0_random_140_000000000000/t_delta_0/cells/t_start_0__t_end_0p2.png
0,0_random_140,0.05,0.2,0.0,21.99479,0.223748,/data/home/mirick/ChordEdit/ablation_outputs/grid_metrics_random140_tstart_sweep_20260626_130536/0_random_140_000000000000/t_delta_0/cells/t_start_0p05__t_end_0p2.png
0,0_random_140,0.15,0.2,0.0,22.010725,0.223898,/data/home/mirick/ChordEdit/ablation_outputs/grid_metrics_random140_tstart_sweep_20260626_130536/0_random_140_000000000000/t_delta_0/cells/t_start_0p15__t_end_0p2.png
0,0_random_140,0.25,0.2,0.0,21.992236,0.224693,/data/home/mirick/ChordEdit/ablation_outputs/grid_metrics_random140_tstart_sweep_20260626_130536/0_random_140_000000000000/t_delta_0/cells/t_start_0p25__t_end_0p2.png
0,0_random_140,0.35,0.2,0.0,21.864718,0.22415,/data/home/mirick/ChordEdit/ablation_outputs/grid_metrics_random140_tstart_sweep_20260626_130536/0_random_140_000000000000/t_delta_0/cells/t_start_0p35__t_end_0p2.png
0,0_random_140,0.45,0.2,0.0,21.763295,0.225206,/data/home/mirick/ChordEdit/ablation_outputs/grid_metrics_random140_tstart_sweep_20260626_130536/0_random_140_000000000000/t_delta_0/cells/t_start_0p45__t_end_0p2.png
0,0_random_140,0.55,0.2,0.0,20.872842,0.22915,/data/home/mirick/ChordEdit/ablation_outputs/grid_metrics_random140_tstart_sweep_20260626_130536/0_random_140_000000000000/t_delta_0/cells/t_start_0p55__t_end_0p2.png
0,0_random_140,0.65,0.2,0.0,18.526963,0.232048,/data/home/mirick/ChordEdit/ablation_outputs/grid_metrics_random140_tstart_sweep_20260626_130536/0_random_140_000000000000/t_delta_0/cells/t_start_0p65__t_end_0p2.png
0,0_random_140,0.75,0.2,0.0,16.803453,0.239272,/data/home/mirick/ChordEdit/ablation_outputs/grid_metrics_random140_tstart_sweep_20260626_130536/0_random_140_000000000000/t_delta_0/cells/t_start_0p75__t_end_0p2.png
0,0_random_140,0.85,0.2,0.0,14.505321,0.218945,/data/home/mirick/ChordEdit/ablation_outputs/grid_metrics_random140_tstart_sweep_20260626_130536/0_random_140_000000000000/t_delta_0/cells/t_start_0p85__t_end_0p2.png
0,0_random_140,0.0,0.3,0.0,20.386382,0.225036,/data/home/mirick/ChordEdit/ablation_outputs/grid_metrics_random140_tstart_sweep_20260626_130536/0_random_140_000000000000/t_delta_0/cells/t_start_0__t_end_0p3.png
0,0_random_140,0.05,0.3,0.0,20.389803,0.225291,/data/home/mirick/ChordEdit/ablation_outputs/grid_metrics_random140_tstart_sweep_20260626_130536/0_random_140_000000000000/t_delta_0/cells/t_start_0p05__t_end_0p3.png
0,0_random_140,0.15,0.3,0.0,20.407045,0.225608,/data/home/mirick/ChordEdit/ablation_outputs/grid_metrics_random140_tstart_sweep_20260626_130536/0_random_140_000000000000/t_delta_0/cells/t_start_0p15__t_end_0p3.png
0,0_random_140,0.25,0.3,0.0,20.409978,0.225428,/data/home/mirick/ChordEdit/ablation_outputs/grid_metrics_random140_tstart_sweep_20260626_130536/0_random_140_000000000000/t_delta_0/cells/t_start_0p25__t_end_0p3.png
0,0_random_140,0.35,0.3,0.0,20.31151,0.227031,/data/home/mirick/ChordEdit/ablation_outputs/grid_metrics_random140_tstart_sweep_20260626_130536/0_random_140_000000000000/t_delta_0/cells/t_start_0p35__t_end_0p3.png
0,0_random_140,0.45,0.3,0.0,20.196473,0.225485,/data/home/mirick/ChordEdit/ablation_outputs/grid_metrics_random140_tstart_sweep_20260626_130536/0_random_140_000000000000/t_delta_0/cells/t_start_0p45__t_end_0p3.png
0,0_random_140,0.55,0.3,0.0,19.495939,0.224293,/data/home/mirick/ChordEdit/ablation_outputs/grid_metrics_random140_tstart_sweep_20260626_130536/0_random_140_000000000000/t_delta_0/cells/t_start_0p55__t_end_0p3.png
0,0_random_140,0.65,0.3,0.0,17.637212,0.230854,/data/home/mirick/ChordEdit/ablation_outputs/grid_metrics_random140_tstart_sweep_20260626_130536/0_random_140_000000000000/t_delta_0/cells/t_start_0p65__t_end_0p3.png
0,0_random_140,0.75,0.3,0.0,16.31711,0.23682,/data/home/mirick/ChordEdit/ablation_outputs/grid_metrics_random140_tstart_sweep_20260626_130536/0_random_140_000000000000/t_delta_0/cells/t_start_0p75__t_end_0p3.png
0,0_random_140,0.85,0.3,0.0,14.576871,0.230248,/data/home/mirick/ChordEdit/ablation_outputs/grid_metrics_random140_tstart_sweep_20260626_130536/0_random_140_000000000000/t_delta_0/cells/t_start_0p85__t_end_0p3.png
0,0_random_140,0.0,0.4,0.0,18.57323,0.229883,/data/home/mirick/ChordEdit/ablation_outputs/grid_metrics_random140_tstart_sweep_20260626_130536/0_random_140_000000000000/t_delta_0/cells/t_start_0__t_end_0p4.png
0,0_random_140,0.05,0.4,0.0,18.572186,0.230544,/data/home/mirick/ChordEdit/ablation_outputs/grid_metrics_random140_tstart_sweep_20260626_130536/0_random_140_000000000000/t_delta_0/cells/t_start_0p05__t_end_0p4.png
0,0_random_140,0.15,0.4,0.0,18.579249,0.23173,/data/home/mirick/ChordEdit/ablation_outputs/grid_metrics_random140_tstart_sweep_20260626_130536/0_random_140_000000000000/t_delta_0/cells/t_start_0p15__t_end_0p4.png
0,0_random_140,0.25,0.4,0.0,18.588177,0.232731,/data/home/mirick/ChordEdit/ablation_outputs/grid_metrics_random140_tstart_sweep_20260626_130536/0_random_140_000000000000/t_delta_0/cells/t_start_0p25__t_end_0p4.png
0,0_random_140,0.35,0.4,0.0,18.550241,0.235465,/data/home/mirick/ChordEdit/ablation_outputs/grid_metrics_random140_tstart_sweep_20260626_130536/0_random_140_000000000000/t_delta_0/cells/t_start_0p35__t_end_0p4.png
0,0_random_140,0.45,0.4,0.0,18.374235,0.232513,/data/home/mirick/ChordEdit/ablation_outputs/grid_metrics_random140_tstart_sweep_20260626_130536/0_random_140_000000000000/t_delta_0/cells/t_start_0p45__t_end_0p4.png
0,0_random_140,0.55,0.4,0.0,17.948782,0.226993,/data/home/mirick/ChordEdit/ablation_outputs/grid_metrics_random140_tstart_sweep_20260626_130536/0_random_140_000000000000/t_delta_0/cells/t_start_0p55__t_end_0p4.png
0,0_random_140,0.65,0.4,0.0,16.500287,0.23131,/data/home/mirick/ChordEdit/ablation_outputs/grid_metrics_random140_tstart_sweep_20260626_130536/0_random_140_000000000000/t_delta_0/cells/t_start_0p65__t_end_0p4.png
0,0_random_140,0.75,0.4,0.0,15.205558,0.235551,/data/home/mirick/ChordEdit/ablation_outputs/grid_metrics_random140_tstart_sweep_20260626_130536/0_random_140_000000000000/t_delta_0/cells/t_start_0p75__t_end_0p4.png
0,0_random_140,0.85,0.4,0.0,14.067815,0.226799,/data/home/mirick/ChordEdit/ablation_outputs/grid_metrics_random140_tstart_sweep_20260626_130536/0_random_140_000000000000/t_delta_0/cells/t_start_0p85__t_end_0p4.png
0,0_random_140,0.0,0.5,0.0,16.630036,0.234583,/data/home/mirick/ChordEdit/ablation_outputs/grid_metrics_random140_tstart_sweep_20260626_130536/0_random_140_000000000000/t_delta_0/cells/t_start_0__t_end_0p5.png
0,0_random_140,0.05,0.5,0.0,16.62998,0.234823,/data/home/mirick/ChordEdit/ablation_outputs/grid_metrics_random140_tstart_sweep_20260626_130536/0_random_140_000000000000/t_delta_0/cells/t_start_0p05__t_end_0p5.png
0,0_random_140,0.15,0.5,0.0,16.631744,0.23439,/data/home/mirick/ChordEdit/ablation_outputs/grid_metrics_random140_tstart_sweep_20260626_130536/0_random_140_000000000000/t_delta_0/cells/t_start_0p15__t_end_0p5.png
0,0_random_140,0.25,0.5,0.0,16.640195,0.234587,/data/home/mirick/ChordEdit/ablation_outputs/grid_metrics_random140_tstart_sweep_20260626_130536/0_random_140_000000000000/t_delta_0/cells/t_start_0p25__t_end_0p5.png
0,0_random_140,0.35,0.5,0.0,16.627285,0.233863,/data/home/mirick/ChordEdit/ablation_outputs/grid_metrics_random140_tstart_sweep_20260626_130536/0_random_140_000000000000/t_delta_0/cells/t_start_0p35__t_end_0p5.png
0,0_random_140,0.45,0.5,0.0,16.643171,0.235567,/data/home/mirick/ChordEdit/ablation_outputs/grid_metrics_random140_tstart_sweep_20260626_130536/0_random_140_000000000000/t_delta_0/cells/t_start_0p45__t_end_0p5.png
0,0_random_140,0.55,0.5,0.0,16.340011,0.232654,/data/home/mirick/ChordEdit/ablation_outputs/grid_metrics_random140_tstart_sweep_20260626_130536/0_random_140_000000000000/t_delta_0/cells/t_start_0p55__t_end_0p5.png
0,0_random_140,0.65,0.5,0.0,15.283851,0.235137,/data/home/mirick/ChordEdit/ablation_outputs/grid_metrics_random140_tstart_sweep_20260626_130536/0_random_140_000000000000/t_delta_0/cells/t_start_0p65__t_end_0p5.png
0,0_random_140,0.75,0.5,0.0,13.99197,0.237076,/data/home/mirick/ChordEdit/ablation_outputs/grid_metrics_random140_tstart_sweep_20260626_130536/0_random_140_000000000000/t_delta_0/cells/t_start_0p75__t_end_0p5.png
0,0_random_140,0.85,0.5,0.0,13.503299,0.230194,/data/home/mirick/ChordEdit/ablation_outputs/grid_metrics_random140_tstart_sweep_20260626_130536/0_random_140_000000000000/t_delta_0/cells/t_start_0p85__t_end_0p5.png
0,0_random_140,0.0,0.6,0.0,15.142937,0.241249,/data/home/mirick/ChordEdit/ablation_outputs/grid_metrics_random140_tstart_sweep_20260626_130536/0_random_140_000000000000/t_delta_0/cells/t_start_0__t_end_0p6.png
0,0_random_140,0.05,0.6,0.0,15.141023,0.241383,/data/home/mirick/ChordEdit/ablation_outputs/grid_metrics_random140_tstart_sweep_20260626_130536/0_random_140_000000000000/t_delta_0/cells/t_start_0p05__t_end_0p6.png
0,0_random_140,0.15,0.6,0.0,15.144352,0.242273,/data/home/mirick/ChordEdit/ablation_outputs/grid_metrics_random140_tstart_sweep_20260626_130536/0_random_140_000000000000/t_delta_0/cells/t_start_0p15__t_end_0p6.png
0,0_random_140,0.25,0.6,0.0,15.150838,0.241604,/data/home/mirick/ChordEdit/ablation_outputs/grid_metrics_random140_tstart_sweep_20260626_130536/0_random_140_000000000000/t_delta_0/cells/t_start_0p25__t_end_0p6.png
0,0_random_140,0.35,0.6,0.0,15.122869,0.242716,/data/home/mirick/ChordEdit/ablation_outputs/grid_metrics_random140_tstart_sweep_20260626_130536/0_random_140_000000000000/t_delta_0/cells/t_start_0p35__t_end_0p6.png
0,0_random_140,0.45,0.6,0.0,15.099064,0.242334,/data/home/mirick/ChordEdit/ablation_outputs/grid_metrics_random140_tstart_sweep_20260626_130536/0_random_140_000000000000/t_delta_0/cells/t_start_0p45__t_end_0p6.png
0,0_random_140,0.55,0.6,0.0,14.738358,0.235425,/data/home/mirick/ChordEdit/ablation_outputs/grid_metrics_random140_tstart_sweep_20260626_130536/0_random_140_000000000000/t_delta_0/cells/t_start_0p55__t_end_0p6.png
0,0_random_140,0.65,0.6,0.0,14.148529,0.238285,/data/home/mirick/ChordEdit/ablation_outputs/grid_metrics_random140_tstart_sweep_20260626_130536/0_random_140_000000000000/t_delta_0/cells/t_start_0p65__t_end_0p6.png
0,0_random_140,0.75,0.6,0.0,12.794615,0.234894,/data/home/mirick/ChordEdit/ablation_outputs/grid_metrics_random140_tstart_sweep_20260626_130536/0_random_140_000000000000/t_delta_0/cells/t_start_0p75__t_end_0p6.png
0,0_random_140,0.85,0.6,0.0,12.573177,0.214171,/data/home/mirick/ChordEdit/ablation_outputs/grid_metrics_random140_tstart_sweep_20260626_130536/0_random_140_000000000000/t_delta_0/cells/t_start_0p85__t_end_0p6.png
0,0_random_140,0.0,0.7,0.0,12.539421,0.23544,/data/home/mirick/ChordEdit/ablation_outputs/grid_metrics_random140_tstart_sweep_20260626_130536/0_random_140_000000000000/t_delta_0/cells/t_start_0__t_end_0p7.png
0,0_random_140,0.05,0.7,0.0,12.539041,0.235409,/data/home/mirick/ChordEdit/ablation_outputs/grid_metrics_random140_tstart_sweep_20260626_130536/0_random_140_000000000000/t_delta_0/cells/t_start_0p05__t_end_0p7.png
0,0_random_140,0.15,0.7,0.0,12.538639,0.235284,/data/home/mirick/ChordEdit/ablation_outputs/grid_metrics_random140_tstart_sweep_20260626_130536/0_random_140_000000000000/t_delta_0/cells/t_start_0p15__t_end_0p7.png
0,0_random_140,0.25,0.7,0.0,12.526946,0.235209,/data/home/mirick/ChordEdit/ablation_outputs/grid_metrics_random140_tstart_sweep_20260626_130536/0_random_140_000000000000/t_delta_0/cells/t_start_0p25__t_end_0p7.png
0,0_random_140,0.35,0.7,0.0,12.47457,0.235013,/data/home/mirick/ChordEdit/ablation_outputs/grid_metrics_random140_tstart_sweep_20260626_130536/0_random_140_000000000000/t_delta_0/cells/t_start_0p35__t_end_0p7.png
0,0_random_140,0.45,0.7,0.0,12.421385,0.237443,/data/home/mirick/ChordEdit/ablation_outputs/grid_metrics_random140_tstart_sweep_20260626_130536/0_random_140_000000000000/t_delta_0/cells/t_start_0p45__t_end_0p7.png
0,0_random_140,0.55,0.7,0.0,12.002306,0.238011,/data/home/mirick/ChordEdit/ablation_outputs/grid_metrics_random140_tstart_sweep_20260626_130536/0_random_140_000000000000/t_delta_0/cells/t_start_0p55__t_end_0p7.png
0,0_random_140,0.65,0.7,0.0,12.023607,0.242694,/data/home/mirick/ChordEdit/ablation_outputs/grid_metrics_random140_tstart_sweep_20260626_130536/0_random_140_000000000000/t_delta_0/cells/t_start_0p65__t_end_0p7.png
0,0_random_140,0.75,0.7,0.0,11.403086,0.248604,/data/home/mirick/ChordEdit/ablation_outputs/grid_metrics_random140_tstart_sweep_20260626_130536/0_random_140_000000000000/t_delta_0/cells/t_start_0p75__t_end_0p7.png
0,0_random_140,0.85,0.7,0.0,11.26936,0.235929,/data/home/mirick/ChordEdit/ablation_outputs/grid_metrics_random140_tstart_sweep_20260626_130536/0_random_140_000000000000/t_delta_0/cells/t_start_0p85__t_end_0p7.png
0,0_random_140,0.0,0.8,0.0,10.634018,0.227943,/data/home/mirick/ChordEdit/ablation_outputs/grid_metrics_random140_tstart_sweep_20260626_130536/0_random_140_000000000000/t_delta_0/cells/t_start_0__t_end_0p8.png
0,0_random_140,0.05,0.8,0.0,10.634016,0.228875,/data/home/mirick/ChordEdit/ablation_outputs/grid_metrics_random140_tstart_sweep_20260626_130536/0_random_140_000000000000/t_delta_0/cells/t_start_0p05__t_end_0p8.png
0,0_random_140,0.15,0.8,0.0,10.631404,0.227603,/data/home/mirick/ChordEdit/ablation_outputs/grid_metrics_random140_tstart_sweep_20260626_130536/0_random_140_000000000000/t_delta_0/cells/t_start_0p15__t_end_0p8.png
0,0_random_140,0.25,0.8,0.0,10.628181,0.22733,/data/home/mirick/ChordEdit/ablation_outputs/grid_metrics_random140_tstart_sweep_20260626_130536/0_random_140_000000000000/t_delta_0/cells/t_start_0p25__t_end_0p8.png
0,0_random_140,0.35,0.8,0.0,10.616372,0.228314,/data/home/mirick/ChordEdit/ablation_outputs/grid_metrics_random140_tstart_sweep_20260626_130536/0_random_140_000000000000/t_delta_0/cells/t_start_0p35__t_end_0p8.png
0,0_random_140,0.45,0.8,0.0,10.582212,0.231705,/data/home/mirick/ChordEdit/ablation_outputs/grid_metrics_random140_tstart_sweep_20260626_130536/0_random_140_000000000000/t_delta_0/cells/t_start_0p45__t_end_0p8.png
0,0_random_140,0.55,0.8,0.0,10.584829,0.234392,/data/home/mirick/ChordEdit/ablation_outputs/grid_metrics_random140_tstart_sweep_20260626_130536/0_random_140_000000000000/t_delta_0/cells/t_start_0p55__t_end_0p8.png
0,0_random_140,0.65,0.8,0.0,10.710297,0.225854,/data/home/mirick/ChordEdit/ablation_outputs/grid_metrics_random140_tstart_sweep_20260626_130536/0_random_140_000000000000/t_delta_0/cells/t_start_0p65__t_end_0p8.png
0,0_random_140,0.75,0.8,0.0,10.263936,0.240486,/data/home/mirick/ChordEdit/ablation_outputs/grid_metrics_random140_tstart_sweep_20260626_130536/0_random_140_000000000000/t_delta_0/cells/t_start_0p75__t_end_0p8.png
0,0_random_140,0.85,0.8,0.0,10.07498,0.236534,/data/home/mirick/ChordEdit/ablation_outputs/grid_metrics_random140_tstart_sweep_20260626_130536/0_random_140_000000000000/t_delta_0/cells/t_start_0p85__t_end_0p8.png
0,0_random_140,0.0,0.9,0.0,9.618628,0.219986,/data/home/mirick/ChordEdit/ablation_outputs/grid_metrics_random140_tstart_sweep_20260626_130536/0_random_140_000000000000/t_delta_0/cells/t_start_0__t_end_0p9.png
0,0_random_140,0.05,0.9,0.0,9.618963,0.220215,/data/home/mirick/ChordEdit/ablation_outputs/grid_metrics_random140_tstart_sweep_20260626_130536/0_random_140_000000000000/t_delta_0/cells/t_start_0p05__t_end_0p9.png
0,0_random_140,0.15,0.9,0.0,9.618624,0.219487,/data/home/mirick/ChordEdit/ablation_outputs/grid_metrics_random140_tstart_sweep_20260626_130536/0_random_140_000000000000/t_delta_0/cells/t_start_0p15__t_end_0p9.png
0,0_random_140,0.25,0.9,0.0,9.615846,0.220803,/data/home/mirick/ChordEdit/ablation_outputs/grid_metrics_random140_tstart_sweep_20260626_130536/0_random_140_000000000000/t_delta_0/cells/t_start_0p25__t_end_0p9.png
0,0_random_140,0.35,0.9,0.0,9.613738,0.220933,/data/home/mirick/ChordEdit/ablation_outputs/grid_metrics_random140_tstart_sweep_20260626_130536/0_random_140_000000000000/t_delta_0/cells/t_start_0p35__t_end_0p9.png
0,0_random_140,0.45,0.9,0.0,9.625606,0.225635,/data/home/mirick/ChordEdit/ablation_outputs/grid_metrics_random140_tstart_sweep_20260626_130536/0_random_140_000000000000/t_delta_0/cells/t_start_0p45__t_end_0p9.png
0,0_random_140,0.55,0.9,0.0,9.638016,0.226719,/data/home/mirick/ChordEdit/ablation_outputs/grid_metrics_random140_tstart_sweep_20260626_130536/0_random_140_000000000000/t_delta_0/cells/t_start_0p55__t_end_0p9.png
0,0_random_140,0.65,0.9,0.0,9.710983,0.231832,/data/home/mirick/ChordEdit/ablation_outputs/grid_metrics_random140_tstart_sweep_20260626_130536/0_random_140_000000000000/t_delta_0/cells/t_start_0p65__t_end_0p9.png
0,0_random_140,0.75,0.9,0.0,9.37446,0.219518,/data/home/mirick/ChordEdit/ablation_outputs/grid_metrics_random140_tstart_sweep_20260626_130536/0_random_140_000000000000/t_delta_0/cells/t_start_0p75__t_end_0p9.png
0,0_random_140,0.85,0.9,0.0,9.397804,0.227368,/data/home/mirick/ChordEdit/ablation_outputs/grid_metrics_random140_tstart_sweep_20260626_130536/0_random_140_000000000000/t_delta_0/cells/t_start_0p85__t_end_0p9.png
0,0_random_140,0.0,1.0,0.0,9.043481,0.198174,/data/home/mirick/ChordEdit/ablation_outputs/grid_metrics_random140_tstart_sweep_20260626_130536/0_random_140_000000000000/t_delta_0/cells/t_start_0__t_end_1.png
0,0_random_140,0.05,1.0,0.0,9.043238,0.196812,/data/home/mirick/ChordEdit/ablation_outputs/grid_metrics_random140_tstart_sweep_20260626_130536/0_random_140_000000000000/t_delta_0/cells/t_start_0p05__t_end_1.png
0,0_random_140,0.15,1.0,0.0,9.042959,0.197902,/data/home/mirick/ChordEdit/ablation_outputs/grid_metrics_random140_tstart_sweep_20260626_130536/0_random_140_000000000000/t_delta_0/cells/t_start_0p15__t_end_1.png
0,0_random_140,0.25,1.0,0.0,9.041362,0.198809,/data/home/mirick/ChordEdit/ablation_outputs/grid_metrics_random140_tstart_sweep_20260626_130536/0_random_140_000000000000/t_delta_0/cells/t_start_0p25__t_end_1.png
0,0_random_140,0.35,1.0,0.0,9.037114,0.198322,/data/home/mirick/ChordEdit/ablation_outputs/grid_metrics_random140_tstart_sweep_20260626_130536/0_random_140_000000000000/t_delta_0/cells/t_start_0p35__t_end_1.png
0,0_random_140,0.45,1.0,0.0,9.030619,0.206602,/data/home/mirick/ChordEdit/ablation_outputs/grid_metrics_random140_tstart_sweep_20260626_130536/0_random_140_000000000000/t_delta_0/cells/t_start_0p45__t_end_1.png
0,0_random_140,0.55,1.0,0.0,9.079603,0.197288,/data/home/mirick/ChordEdit/ablation_outputs/grid_metrics_random140_tstart_sweep_20260626_130536/0_random_140_000000000000/t_delta_0/cells/t_start_0p55__t_end_1.png
0,0_random_140,0.65,1.0,0.0,9.180781,0.209047,/data/home/mirick/ChordEdit/ablation_outputs/grid_metrics_random140_tstart_sweep_20260626_130536/0_random_140_000000000000/t_delta_0/cells/t_start_0p65__t_end_1.png
0,0_random_140,0.75,1.0,0.0,8.961039,0.198242,/data/home/mirick/ChordEdit/ablation_outputs/grid_metrics_random140_tstart_sweep_20260626_130536/0_random_140_000000000000/t_delta_0/cells/t_start_0p75__t_end_1.png
0,0_random_140,0.85,1.0,0.0,9.244707,0.20859,/data/home/mirick/ChordEdit/ablation_outputs/grid_metrics_random140_tstart_sweep_20260626_130536/0_random_140_000000000000/t_delta_0/cells/t_start_0p85__t_end_1.png
1,0_random_140,0.0,0.0,0.0,28.346129,0.229198,/data/home/mirick/ChordEdit/ablation_outputs/grid_metrics_random140_tstart_sweep_20260626_130536/0_random_140_000000000001/t_delta_0/cells/t_start_0__t_end_0.png
1,0_random_140,0.05,0.0,0.0,28.342145,0.229944,/data/home/mirick/ChordEdit/ablation_outputs/grid_metrics_random140_tstart_sweep_20260626_130536/0_random_140_000000000001/t_delta_0/cells/t_start_0p05__t_end_0.png
1,0_random_140,0.15,0.0,0.0,28.324248,0.232154,/data/home/mirick/ChordEdit/ablation_outputs/grid_metrics_random140_tstart_sweep_20260626_130536/0_random_140_000000000001/t_delta_0/cells/t_start_0p15__t_end_0.png
1,0_random_140,0.25,0.0,0.0,28.287442,0.230762,/data/home/mirick/ChordEdit/ablation_outputs/grid_metrics_random140_tstart_sweep_20260626_130536/0_random_140_000000000001/t_delta_0/cells/t_start_0p25__t_end_0.png
1,0_random_140,0.35,0.0,0.0,28.190751,0.230185,/data/home/mirick/ChordEdit/ablation_outputs/grid_metrics_random140_tstart_sweep_20260626_130536/0_random_140_000000000001/t_delta_0/cells/t_start_0p35__t_end_0.png
1,0_random_140,0.45,0.0,0.0,27.828082,0.231045,/data/home/mirick/ChordEdit/ablation_outputs/grid_metrics_random140_tstart_sweep_20260626_130536/0_random_140_000000000001/t_delta_0/cells/t_start_0p45__t_end_0.png
1,0_random_140,0.55,0.0,0.0,26.508733,0.225418,/data/home/mirick/ChordEdit/ablation_outputs/grid_metrics_random140_tstart_sweep_20260626_130536/0_random_140_000000000001/t_delta_0/cells/t_start_0p55__t_end_0.png
1,0_random_140,0.65,0.0,0.0,22.988317,0.259864,/data/home/mirick/ChordEdit/ablation_outputs/grid_metrics_random140_tstart_sweep_20260626_130536/0_random_140_000000000001/t_delta_0/cells/t_start_0p65__t_end_0.png
1,0_random_140,0.75,0.0,0.0,18.60702,0.255589,/data/home/mirick/ChordEdit/ablation_outputs/grid_metrics_random140_tstart_sweep_20260626_130536/0_random_140_000000000001/t_delta_0/cells/t_start_0p75__t_end_0.png
1,0_random_140,0.85,0.0,0.0,16.568393,0.220301,/data/home/mirick/ChordEdit/ablation_outputs/grid_metrics_random140_tstart_sweep_20260626_130536/0_random_140_000000000001/t_delta_0/cells/t_start_0p85__t_end_0.png
1,0_random_140,0.0,0.1,0.0,25.288846,0.230065,/data/home/mirick/ChordEdit/ablation_outputs/grid_metrics_random140_tstart_sweep_20260626_130536/0_random_140_000000000001/t_delta_0/cells/t_start_0__t_end_0p1.png
1,0_random_140,0.05,0.1,0.0,25.286363,0.230489,/data/home/mirick/ChordEdit/ablation_outputs/grid_metrics_random140_tstart_sweep_20260626_130536/0_random_140_000000000001/t_delta_0/cells/t_start_0p05__t_end_0p1.png
1,0_random_140,0.15,0.1,0.0,25.275785,0.23418,/data/home/mirick/ChordEdit/ablation_outputs/grid_metrics_random140_tstart_sweep_20260626_130536/0_random_140_000000000001/t_delta_0/cells/t_start_0p15__t_end_0p1.png
1,0_random_140,0.25,0.1,0.0,25.268601,0.236584,/data/home/mirick/ChordEdit/ablation_outputs/grid_metrics_random140_tstart_sweep_20260626_130536/0_random_140_000000000001/t_delta_0/cells/t_start_0p25__t_end_0p1.png
1,0_random_140,0.35,0.1,0.0,25.201573,0.236838,/data/home/mirick/ChordEdit/ablation_outputs/grid_metrics_random140_tstart_sweep_20260626_130536/0_random_140_000000000001/t_delta_0/cells/t_start_0p35__t_end_0p1.png
1,0_random_140,0.45,0.1,0.0,25.099761,0.232822,/data/home/mirick/ChordEdit/ablation_outputs/grid_metrics_random140_tstart_sweep_20260626_130536/0_random_140_000000000001/t_delta_0/cells/t_start_0p45__t_end_0p1.png
1,0_random_140,0.55,0.1,0.0,24.664073,0.231456,/data/home/mirick/ChordEdit/ablation_outputs/grid_metrics_random140_tstart_sweep_20260626_130536/0_random_140_000000000001/t_delta_0/cells/t_start_0p55__t_end_0p1.png
1,0_random_140,0.65,0.1,0.0,22.743907,0.234582,/data/home/mirick/ChordEdit/ablation_outputs/grid_metrics_random140_tstart_sweep_20260626_130536/0_random_140_000000000001/t_delta_0/cells/t_start_0p65__t_end_0p1.png
1,0_random_140,0.75,0.1,0.0,18.833713,0.248968,/data/home/mirick/ChordEdit/ablation_outputs/grid_metrics_random140_tstart_sweep_20260626_130536/0_random_140_000000000001/t_delta_0/cells/t_start_0p75__t_end_0p1.png
1,0_random_140,0.85,0.1,0.0,16.896647,0.253368,/data/home/mirick/ChordEdit/ablation_outputs/grid_metrics_random140_tstart_sweep_20260626_130536/0_random_140_000000000001/t_delta_0/cells/t_start_0p85__t_end_0p1.png
1,0_random_140,0.0,0.2,0.0,23.327579,0.229207,/data/home/mirick/ChordEdit/ablation_outputs/grid_metrics_random140_tstart_sweep_20260626_130536/0_random_140_000000000001/t_delta_0/cells/t_start_0__t_end_0p2.png
1,0_random_140,0.05,0.2,0.0,23.326964,0.231086,/data/home/mirick/ChordEdit/ablation_outputs/grid_metrics_random140_tstart_sweep_20260626_130536/0_random_140_000000000001/t_delta_0/cells/t_start_0p05__t_end_0p2.png
1,0_random_140,0.15,0.2,0.0,23.336365,0.234859,/data/home/mirick/ChordEdit/ablation_outputs/grid_metrics_random140_tstart_sweep_20260626_130536/0_random_140_000000000001/t_delta_0/cells/t_start_0p15__t_end_0p2.png
1,0_random_140,0.25,0.2,0.0,23.315023,0.232535,/data/home/mirick/ChordEdit/ablation_outputs/grid_metrics_random140_tstart_sweep_20260626_130536/0_random_140_000000000001/t_delta_0/cells/t_start_0p25__t_end_0p2.png
1,0_random_140,0.35,0.2,0.0,23.264349,0.235818,/data/home/mirick/ChordEdit/ablation_outputs/grid_metrics_random140_tstart_sweep_20260626_130536/0_random_140_000000000001/t_delta_0/cells/t_start_0p35__t_end_0p2.png
1,0_random_140,0.45,0.2,0.0,23.145061,0.23884,/data/home/mirick/ChordEdit/ablation_outputs/grid_metrics_random140_tstart_sweep_20260626_130536/0_random_140_000000000001/t_delta_0/cells/t_start_0p45__t_end_0p2.png
1,0_random_140,0.55,0.2,0.0,22.917729,0.237842,/data/home/mirick/ChordEdit/ablation_outputs/grid_metrics_random140_tstart_sweep_20260626_130536/0_random_140_000000000001/t_delta_0/cells/t_start_0p55__t_end_0p2.png
1,0_random_140,0.65,0.2,0.0,21.727071,0.232472,/data/home/mirick/ChordEdit/ablation_outputs/grid_metrics_random140_tstart_sweep_20260626_130536/0_random_140_000000000001/t_delta_0/cells/t_start_0p65__t_end_0p2.png
1,0_random_140,0.75,0.2,0.0,18.320226,0.268697,/data/home/mirick/ChordEdit/ablation_outputs/grid_metrics_random140_tstart_sweep_20260626_130536/0_random_140_000000000001/t_delta_0/cells/t_start_0p75__t_end_0p2.png
1,0_random_140,0.85,0.2,0.0,16.795181,0.266066,/data/home/mirick/ChordEdit/ablation_outputs/grid_metrics_random140_tstart_sweep_20260626_130536/0_random_140_000000000001/t_delta_0/cells/t_start_0p85__t_end_0p2.png
1,0_random_140,0.0,0.3,0.0,21.676814,0.234185,/data/home/mirick/ChordEdit/ablation_outputs/grid_metrics_random140_tstart_sweep_20260626_130536/0_random_140_000000000001/t_delta_0/cells/t_start_0__t_end_0p3.png
1,0_random_140,0.05,0.3,0.0,21.676852,0.235922,/data/home/mirick/ChordEdit/ablation_outputs/grid_metrics_random140_tstart_sweep_20260626_130536/0_random_140_000000000001/t_delta_0/cells/t_start_0p05__t_end_0p3.png
1,0_random_140,0.15,0.3,0.0,21.671832,0.236471,/data/home/mirick/ChordEdit/ablation_outputs/grid_metrics_random140_tstart_sweep_20260626_130536/0_random_140_000000000001/t_delta_0/cells/t_start_0p15__t_end_0p3.png
1,0_random_140,0.25,0.3,0.0,21.659451,0.234175,/data/home/mirick/ChordEdit/ablation_outputs/grid_metrics_random140_tstart_sweep_20260626_130536/0_random_140_000000000001/t_delta_0/cells/t_start_0p25__t_end_0p3.png
1,0_random_140,0.35,0.3,0.0,21.607001,0.240697,/data/home/mirick/ChordEdit/ablation_outputs/grid_metrics_random140_tstart_sweep_20260626_130536/0_random_140_000000000001/t_delta_0/cells/t_start_0p35__t_end_0p3.png
1,0_random_140,0.45,0.3,0.0,21.431558,0.240792,/data/home/mirick/ChordEdit/ablation_outputs/grid_metrics_random140_tstart_sweep_20260626_130536/0_random_140_000000000001/t_delta_0/cells/t_start_0p45__t_end_0p3.png
1,0_random_140,0.55,0.3,0.0,21.260369,0.236975,/data/home/mirick/ChordEdit/ablation_outputs/grid_metrics_random140_tstart_sweep_20260626_130536/0_random_140_000000000001/t_delta_0/cells/t_start_0p55__t_end_0p3.png
1,0_random_140,0.65,0.3,0.0,20.399311,0.242682,/data/home/mirick/ChordEdit/ablation_outputs/grid_metrics_random140_tstart_sweep_20260626_130536/0_random_140_000000000001/t_delta_0/cells/t_start_0p65__t_end_0p3.png
1,0_random_140,0.75,0.3,0.0,17.555464,0.263518,/data/home/mirick/ChordEdit/ablation_outputs/grid_metrics_random140_tstart_sweep_20260626_130536/0_random_140_000000000001/t_delta_0/cells/t_start_0p75__t_end_0p3.png
1,0_random_140,0.85,0.3,0.0,16.47783,0.268611,/data/home/mirick/ChordEdit/ablation_outputs/grid_metrics_random140_tstart_sweep_20260626_130536/0_random_140_000000000001/t_delta_0/cells/t_start_0p85__t_end_0p3.png
1,0_random_140,0.0,0.4,0.0,19.76547,0.231878,/data/home/mirick/ChordEdit/ablation_outputs/grid_metrics_random140_tstart_sweep_20260626_130536/0_random_140_000000000001/t_delta_0/cells/t_start_0__t_end_0p4.png
1,0_random_140,0.05,0.4,0.0,19.766294,0.232841,/data/home/mirick/ChordEdit/ablation_outputs/grid_metrics_random140_tstart_sweep_20260626_130536/0_random_140_000000000001/t_delta_0/cells/t_start_0p05__t_end_0p4.png
1,0_random_140,0.15,0.4,0.0,19.753729,0.232901,/data/home/mirick/ChordEdit/ablation_outputs/grid_metrics_random140_tstart_sweep_20260626_130536/0_random_140_000000000001/t_delta_0/cells/t_start_0p15__t_end_0p4.png
1,0_random_140,0.25,0.4,0.0,19.765049,0.23467,/data/home/mirick/ChordEdit/ablation_outputs/grid_metrics_random140_tstart_sweep_20260626_130536/0_random_140_000000000001/t_delta_0/cells/t_start_0p25__t_end_0p4.png
1,0_random_140,0.35,0.4,0.0,19.712412,0.236111,/data/home/mirick/ChordEdit/ablation_outputs/grid_metrics_random140_tstart_sweep_20260626_130536/0_random_140_000000000001/t_delta_0/cells/t_start_0p35__t_end_0p4.png
1,0_random_140,0.45,0.4,0.0,19.460686,0.235777,/data/home/mirick/ChordEdit/ablation_outputs/grid_metrics_random140_tstart_sweep_20260626_130536/0_random_140_000000000001/t_delta_0/cells/t_start_0p45__t_end_0p4.png
1,0_random_140,0.55,0.4,0.0,19.393825,0.234329,/data/home/mirick/ChordEdit/ablation_outputs/grid_metrics_random140_tstart_sweep_20260626_130536/0_random_140_000000000001/t_delta_0/cells/t_start_0p55__t_end_0p4.png
1,0_random_140,0.65,0.4,0.0,18.615122,0.246767,/data/home/mirick/ChordEdit/ablation_outputs/grid_metrics_random140_tstart_sweep_20260626_130536/0_random_140_000000000001/t_delta_0/cells/t_start_0p65__t_end_0p4.png
1,0_random_140,0.75,0.4,0.0,16.587147,0.274671,/data/home/mirick/ChordEdit/ablation_outputs/grid_metrics_random140_tstart_sweep_20260626_130536/0_random_140_000000000001/t_delta_0/cells/t_start_0p75__t_end_0p4.png
1,0_random_140,0.85,0.4,0.0,15.811339,0.266275,/data/home/mirick/ChordEdit/ablation_outputs/grid_metrics_random140_tstart_sweep_20260626_130536/0_random_140_000000000001/t_delta_0/cells/t_start_0p85__t_end_0p4.png
1,0_random_140,0.0,0.5,0.0,17.707368,0.215554,/data/home/mirick/ChordEdit/ablation_outputs/grid_metrics_random140_tstart_sweep_20260626_130536/0_random_140_000000000001/t_delta_0/cells/t_start_0__t_end_0p5.png
1,0_random_140,0.05,0.5,0.0,17.70677,0.215546,/data/home/mirick/ChordEdit/ablation_outputs/grid_metrics_random140_tstart_sweep_20260626_130536/0_random_140_000000000001/t_delta_0/cells/t_start_0p05__t_end_0p5.png
1,0_random_140,0.15,0.5,0.0,17.699437,0.215157,/data/home/mirick/ChordEdit/ablation_outputs/grid_metrics_random140_tstart_sweep_20260626_130536/0_random_140_000000000001/t_delta_0/cells/t_start_0p15__t_end_0p5.png
1,0_random_140,0.25,0.5,0.0,17.680323,0.216421,/data/home/mirick/ChordEdit/ablation_outputs/grid_metrics_random140_tstart_sweep_20260626_130536/0_random_140_000000000001/t_delta_0/cells/t_start_0p25__t_end_0p5.png
1,0_random_140,0.35,0.5,0.0,17.664432,0.216401,/data/home/mirick/ChordEdit/ablation_outputs/grid_metrics_random140_tstart_sweep_20260626_130536/0_random_140_000000000001/t_delta_0/cells/t_start_0p35__t_end_0p5.png
1,0_random_140,0.45,0.5,0.0,17.669024,0.216398,/data/home/mirick/ChordEdit/ablation_outputs/grid_metrics_random140_tstart_sweep_20260626_130536/0_random_140_000000000001/t_delta_0/cells/t_start_0p45__t_end_0p5.png
1,0_random_140,0.55,0.5,0.0,17.488394,0.21961,/data/home/mirick/ChordEdit/ablation_outputs/grid_metrics_random140_tstart_sweep_20260626_130536/0_random_140_000000000001/t_delta_0/cells/t_start_0p55__t_end_0p5.png
1,0_random_140,0.65,0.5,0.0,16.927504,0.268493,/data/home/mirick/ChordEdit/ablation_outputs/grid_metrics_random140_tstart_sweep_20260626_130536/0_random_140_000000000001/t_delta_0/cells/t_start_0p65__t_end_0p5.png
1,0_random_140,0.75,0.5,0.0,15.901721,0.273755,/data/home/mirick/ChordEdit/ablation_outputs/grid_metrics_random140_tstart_sweep_20260626_130536/0_random_140_000000000001/t_delta_0/cells/t_start_0p75__t_end_0p5.png
1,0_random_140,0.85,0.5,0.0,15.057075,0.263579,/data/home/mirick/ChordEdit/ablation_outputs/grid_metrics_random140_tstart_sweep_20260626_130536/0_random_140_000000000001/t_delta_0/cells/t_start_0p85__t_end_0p5.png
1,0_random_140,0.0,0.6,0.0,16.208265,0.210475,/data/home/mirick/ChordEdit/ablation_outputs/grid_metrics_random140_tstart_sweep_20260626_130536/0_random_140_000000000001/t_delta_0/cells/t_start_0__t_end_0p6.png
1,0_random_140,0.05,0.6,0.0,16.206682,0.210337,/data/home/mirick/ChordEdit/ablation_outputs/grid_metrics_random140_tstart_sweep_20260626_130536/0_random_140_000000000001/t_delta_0/cells/t_start_0p05__t_end_0p6.png
1,0_random_140,0.15,0.6,0.0,16.207509,0.209447,/data/home/mirick/ChordEdit/ablation_outputs/grid_metrics_random140_tstart_sweep_20260626_130536/0_random_140_000000000001/t_delta_0/cells/t_start_0p15__t_end_0p6.png
1,0_random_140,0.25,0.6,0.0,16.211066,0.209256,/data/home/mirick/ChordEdit/ablation_outputs/grid_metrics_random140_tstart_sweep_20260626_130536/0_random_140_000000000001/t_delta_0/cells/t_start_0p25__t_end_0p6.png
1,0_random_140,0.35,0.6,0.0,16.174382,0.208598,/data/home/mirick/ChordEdit/ablation_outputs/grid_metrics_random140_tstart_sweep_20260626_130536/0_random_140_000000000001/t_delta_0/cells/t_start_0p35__t_end_0p6.png
1,0_random_140,0.45,0.6,0.0,16.123239,0.207823,/data/home/mirick/ChordEdit/ablation_outputs/grid_metrics_random140_tstart_sweep_20260626_130536/0_random_140_000000000001/t_delta_0/cells/t_start_0p45__t_end_0p6.png
1,0_random_140,0.55,0.6,0.0,16.161382,0.209802,/data/home/mirick/ChordEdit/ablation_outputs/grid_metrics_random140_tstart_sweep_20260626_130536/0_random_140_000000000001/t_delta_0/cells/t_start_0p55__t_end_0p6.png
1,0_random_140,0.65,0.6,0.0,15.543066,0.264714,/data/home/mirick/ChordEdit/ablation_outputs/grid_metrics_random140_tstart_sweep_20260626_130536/0_random_140_000000000001/t_delta_0/cells/t_start_0p65__t_end_0p6.png
1,0_random_140,0.75,0.6,0.0,14.705829,0.271237,/data/home/mirick/ChordEdit/ablation_outputs/grid_metrics_random140_tstart_sweep_20260626_130536/0_random_140_000000000001/t_delta_0/cells/t_start_0p75__t_end_0p6.png
1,0_random_140,0.85,0.6,0.0,14.324395,0.265409,/data/home/mirick/ChordEdit/ablation_outputs/grid_metrics_random140_tstart_sweep_20260626_130536/0_random_140_000000000001/t_delta_0/cells/t_start_0p85__t_end_0p6.png
1,0_random_140,0.0,0.7,0.0,13.958862,0.258017,/data/home/mirick/ChordEdit/ablation_outputs/grid_metrics_random140_tstart_sweep_20260626_130536/0_random_140_000000000001/t_delta_0/cells/t_start_0__t_end_0p7.png
1,0_random_140,0.05,0.7,0.0,13.958754,0.258314,/data/home/mirick/ChordEdit/ablation_outputs/grid_metrics_random140_tstart_sweep_20260626_130536/0_random_140_000000000001/t_delta_0/cells/t_start_0p05__t_end_0p7.png
1,0_random_140,0.15,0.7,0.0,13.958394,0.258015,/data/home/mirick/ChordEdit/ablation_outputs/grid_metrics_random140_tstart_sweep_20260626_130536/0_random_140_000000000001/t_delta_0/cells/t_start_0p15__t_end_0p7.png
1,0_random_140,0.25,0.7,0.0,13.956839,0.258722,/data/home/mirick/ChordEdit/ablation_outputs/grid_metrics_random140_tstart_sweep_20260626_130536/0_random_140_000000000001/t_delta_0/cells/t_start_0p25__t_end_0p7.png
1,0_random_140,0.35,0.7,0.0,13.947287,0.258703,/data/home/mirick/ChordEdit/ablation_outputs/grid_metrics_random140_tstart_sweep_20260626_130536/0_random_140_000000000001/t_delta_0/cells/t_start_0p35__t_end_0p7.png
1,0_random_140,0.45,0.7,0.0,13.935992,0.259174,/data/home/mirick/ChordEdit/ablation_outputs/grid_metrics_random140_tstart_sweep_20260626_130536/0_random_140_000000000001/t_delta_0/cells/t_start_0p45__t_end_0p7.png
1,0_random_140,0.55,0.7,0.0,13.896675,0.256655,/data/home/mirick/ChordEdit/ablation_outputs/grid_metrics_random140_tstart_sweep_20260626_130536/0_random_140_000000000001/t_delta_0/cells/t_start_0p55__t_end_0p7.png
1,0_random_140,0.65,0.7,0.0,13.90375,0.252714,/data/home/mirick/ChordEdit/ablation_outputs/grid_metrics_random140_tstart_sweep_20260626_130536/0_random_140_000000000001/t_delta_0/cells/t_start_0p65__t_end_0p7.png
1,0_random_140,0.75,0.7,0.0,13.075018,0.252825,/data/home/mirick/ChordEdit/ablation_outputs/grid_metrics_random140_tstart_sweep_20260626_130536/0_random_140_000000000001/t_delta_0/cells/t_start_0p75__t_end_0p7.png
1,0_random_140,0.85,0.7,0.0,13.133736,0.280627,/data/home/mirick/ChordEdit/ablation_outputs/grid_metrics_random140_tstart_sweep_20260626_130536/0_random_140_000000000001/t_delta_0/cells/t_start_0p85__t_end_0p7.png
1,0_random_140,0.0,0.8,0.0,12.210704,0.259198,/data/home/mirick/ChordEdit/ablation_outputs/grid_metrics_random140_tstart_sweep_20260626_130536/0_random_140_000000000001/t_delta_0/cells/t_start_0__t_end_0p8.png
1,0_random_140,0.05,0.8,0.0,12.210466,0.258709,/data/home/mirick/ChordEdit/ablation_outputs/grid_metrics_random140_tstart_sweep_20260626_130536/0_random_140_000000000001/t_delta_0/cells/t_start_0p05__t_end_0p8.png
1,0_random_140,0.15,0.8,0.0,12.217758,0.258242,/data/home/mirick/ChordEdit/ablation_outputs/grid_metrics_random140_tstart_sweep_20260626_130536/0_random_140_000000000001/t_delta_0/cells/t_start_0p15__t_end_0p8.png
1,0_random_140,0.25,0.8,0.0,12.216756,0.25847,/data/home/mirick/ChordEdit/ablation_outputs/grid_metrics_random140_tstart_sweep_20260626_130536/0_random_140_000000000001/t_delta_0/cells/t_start_0p25__t_end_0p8.png
1,0_random_140,0.35,0.8,0.0,12.223614,0.257248,/data/home/mirick/ChordEdit/ablation_outputs/grid_metrics_random140_tstart_sweep_20260626_130536/0_random_140_000000000001/t_delta_0/cells/t_start_0p35__t_end_0p8.png
1,0_random_140,0.45,0.8,0.0,12.243423,0.255894,/data/home/mirick/ChordEdit/ablation_outputs/grid_metrics_random140_tstart_sweep_20260626_130536/0_random_140_000000000001/t_delta_0/cells/t_start_0p45__t_end_0p8.png
1,0_random_140,0.55,0.8,0.0,12.232302,0.255333,/data/home/mirick/ChordEdit/ablation_outputs/grid_metrics_random140_tstart_sweep_20260626_130536/0_random_140_000000000001/t_delta_0/cells/t_start_0p55__t_end_0p8.png
1,0_random_140,0.65,0.8,0.0,12.182235,0.26143,/data/home/mirick/ChordEdit/ablation_outputs/grid_metrics_random140_tstart_sweep_20260626_130536/0_random_140_000000000001/t_delta_0/cells/t_start_0p65__t_end_0p8.png
1,0_random_140,0.75,0.8,0.0,12.156986,0.253075,/data/home/mirick/ChordEdit/ablation_outputs/grid_metrics_random140_tstart_sweep_20260626_130536/0_random_140_000000000001/t_delta_0/cells/t_start_0p75__t_end_0p8.png
1,0_random_140,0.85,0.8,0.0,12.073773,0.273006,/data/home/mirick/ChordEdit/ablation_outputs/grid_metrics_random140_tstart_sweep_20260626_130536/0_random_140_000000000001/t_delta_0/cells/t_start_0p85__t_end_0p8.png
1,0_random_140,0.0,0.9,0.0,11.720403,0.255236,/data/home/mirick/ChordEdit/ablation_outputs/grid_metrics_random140_tstart_sweep_20260626_130536/0_random_140_000000000001/t_delta_0/cells/t_start_0__t_end_0p9.png
1,0_random_140,0.05,0.9,0.0,11.720552,0.255635,/data/home/mirick/ChordEdit/ablation_outputs/grid_metrics_random140_tstart_sweep_20260626_130536/0_random_140_000000000001/t_delta_0/cells/t_start_0p05__t_end_0p9.png
1,0_random_140,0.15,0.9,0.0,11.719201,0.253881,/data/home/mirick/ChordEdit/ablation_outputs/grid_metrics_random140_tstart_sweep_20260626_130536/0_random_140_000000000001/t_delta_0/cells/t_start_0p15__t_end_0p9.png
1,0_random_140,0.25,0.9,0.0,11.718957,0.254341,/data/home/mirick/ChordEdit/ablation_outputs/grid_metrics_random140_tstart_sweep_20260626_130536/0_random_140_000000000001/t_delta_0/cells/t_start_0p25__t_end_0p9.png
1,0_random_140,0.35,0.9,0.0,11.716808,0.253451,/data/home/mirick/ChordEdit/ablation_outputs/grid_metrics_random140_tstart_sweep_20260626_130536/0_random_140_000000000001/t_delta_0/cells/t_start_0p35__t_end_0p9.png
1,0_random_140,0.45,0.9,0.0,11.703692,0.254381,/data/home/mirick/ChordEdit/ablation_outputs/grid_metrics_random140_tstart_sweep_20260626_130536/0_random_140_000000000001/t_delta_0/cells/t_start_0p45__t_end_0p9.png
1,0_random_140,0.55,0.9,0.0,11.695199,0.251857,/data/home/mirick/ChordEdit/ablation_outputs/grid_metrics_random140_tstart_sweep_20260626_130536/0_random_140_000000000001/t_delta_0/cells/t_start_0p55__t_end_0p9.png
1,0_random_140,0.65,0.9,0.0,11.868157,0.257851,/data/home/mirick/ChordEdit/ablation_outputs/grid_metrics_random140_tstart_sweep_20260626_130536/0_random_140_000000000001/t_delta_0/cells/t_start_0p65__t_end_0p9.png
1,0_random_140,0.75,0.9,0.0,11.742747,0.257697,/data/home/mirick/ChordEdit/ablation_outputs/grid_metrics_random140_tstart_sweep_20260626_130536/0_random_140_000000000001/t_delta_0/cells/t_start_0p75__t_end_0p9.png
1,0_random_140,0.85,0.9,0.0,11.818942,0.253553,/data/home/mirick/ChordEdit/ablation_outputs/grid_metrics_random140_tstart_sweep_20260626_130536/0_random_140_000000000001/t_delta_0/cells/t_start_0p85__t_end_0p9.png
1,0_random_140,0.0,1.0,0.0,11.662609,0.254706,/data/home/mirick/ChordEdit/ablation_outputs/grid_metrics_random140_tstart_sweep_20260626_130536/0_random_140_000000000001/t_delta_0/cells/t_start_0__t_end_1.png
1,0_random_140,0.05,1.0,0.0,11.662224,0.255489,/data/home/mirick/ChordEdit/ablation_outputs/grid_metrics_random140_tstart_sweep_20260626_130536/0_random_140_000000000001/t_delta_0/cells/t_start_0p05__t_end_1.png
1,0_random_140,0.15,1.0,0.0,11.663276,0.255054,/data/home/mirick/ChordEdit/ablation_outputs/grid_metrics_random140_tstart_sweep_20260626_130536/0_random_140_000000000001/t_delta_0/cells/t_start_0p15__t_end_1.png
1,0_random_140,0.25,1.0,0.0,11.665304,0.254011,/data/home/mirick/ChordEdit/ablation_outputs/grid_metrics_random140_tstart_sweep_20260626_130536/0_random_140_000000000001/t_delta_0/cells/t_start_0p25__t_end_1.png
1,0_random_140,0.35,1.0,0.0,11.66917,0.253631,/data/home/mirick/ChordEdit/ablation_outputs/grid_metrics_random140_tstart_sweep_20260626_130536/0_random_140_000000000001/t_delta_0/cells/t_start_0p35__t_end_1.png
1,0_random_140,0.45,1.0,0.0,11.671237,0.253758,/data/home/mirick/ChordEdit/ablation_outputs/grid_metrics_random140_tstart_sweep_20260626_130536/0_random_140_000000000001/t_delta_0/cells/t_start_0p45__t_end_1.png
1,0_random_140,0.55,1.0,0.0,11.675022,0.253411,/data/home/mirick/ChordEdit/ablation_outputs/grid_metrics_random140_tstart_sweep_20260626_130536/0_random_140_000000000001/t_delta_0/cells/t_start_0p55__t_end_1.png
1,0_random_140,0.65,1.0,0.0,11.666692,0.254492,/data/home/mirick/ChordEdit/ablation_outputs/grid_metrics_random140_tstart_sweep_20260626_130536/0_random_140_000000000001/t_delta_0/cells/t_start_0p65__t_end_1.png
1,0_random_140,0.75,1.0,0.0,11.581511,0.254847,/data/home/mirick/ChordEdit/ablation_outputs/grid_metrics_random140_tstart_sweep_20260626_130536/0_random_140_000000000001/t_delta_0/cells/t_start_0p75__t_end_1.png
1,0_random_140,0.85,1.0,0.0,11.545061,0.262414,/data/home/mirick/ChordEdit/ablation_outputs/grid_metrics_random140_tstart_sweep_20260626_130536/0_random_140_000000000001/t_delta_0/cells/t_start_0p85__t_end_1.png
2,0_random_140,0.0,0.0,0.0,28.255616,0.138977,/data/home/mirick/ChordEdit/ablation_outputs/grid_metrics_random140_tstart_sweep_20260626_130536/0_random_140_000000000002/t_delta_0/cells/t_start_0__t_end_0.png
2,0_random_140,0.05,0.0,0.0,28.230011,0.138779,/data/home/mirick/ChordEdit/ablation_outputs/grid_metrics_random140_tstart_sweep_20260626_130536/0_random_140_000000000002/t_delta_0/cells/t_start_0p05__t_end_0.png
2,0_random_140,0.15,0.0,0.0,28.035062,0.140578,/data/home/mirick/ChordEdit/ablation_outputs/grid_metrics_random140_tstart_sweep_20260626_130536/0_random_140_000000000002/t_delta_0/cells/t_start_0p15__t_end_0.png
2,0_random_140,0.25,0.0,0.0,27.484876,0.142703,/data/home/mirick/ChordEdit/ablation_outputs/grid_metrics_random140_tstart_sweep_20260626_130536/0_random_140_000000000002/t_delta_0/cells/t_start_0p25__t_end_0.png
2,0_random_140,0.35,0.0,0.0,25.137846,0.147984,/data/home/mirick/ChordEdit/ablation_outputs/grid_metrics_random140_tstart_sweep_20260626_130536/0_random_140_000000000002/t_delta_0/cells/t_start_0p35__t_end_0.png
2,0_random_140,0.45,0.0,0.0,22.865591,0.161867,/data/home/mirick/ChordEdit/ablation_outputs/grid_metrics_random140_tstart_sweep_20260626_130536/0_random_140_000000000002/t_delta_0/cells/t_start_0p45__t_end_0.png
2,0_random_140,0.55,0.0,0.0,20.043542,0.167693,/data/home/mirick/ChordEdit/ablation_outputs/grid_metrics_random140_tstart_sweep_20260626_130536/0_random_140_000000000002/t_delta_0/cells/t_start_0p55__t_end_0.png
2,0_random_140,0.65,0.0,0.0,17.640283,0.165774,/data/home/mirick/ChordEdit/ablation_outputs/grid_metrics_random140_tstart_sweep_20260626_130536/0_random_140_000000000002/t_delta_0/cells/t_start_0p65__t_end_0.png
2,0_random_140,0.75,0.0,0.0,15.613319,0.164138,/data/home/mirick/ChordEdit/ablation_outputs/grid_metrics_random140_tstart_sweep_20260626_130536/0_random_140_000000000002/t_delta_0/cells/t_start_0p75__t_end_0.png
2,0_random_140,0.85,0.0,0.0,15.884794,0.131116,/data/home/mirick/ChordEdit/ablation_outputs/grid_metrics_random140_tstart_sweep_20260626_130536/0_random_140_000000000002/t_delta_0/cells/t_start_0p85__t_end_0.png
2,0_random_140,0.0,0.1,0.0,25.133114,0.14223,/data/home/mirick/ChordEdit/ablation_outputs/grid_metrics_random140_tstart_sweep_20260626_130536/0_random_140_000000000002/t_delta_0/cells/t_start_0__t_end_0p1.png
2,0_random_140,0.05,0.1,0.0,25.102307,0.140165,/data/home/mirick/ChordEdit/ablation_outputs/grid_metrics_random140_tstart_sweep_20260626_130536/0_random_140_000000000002/t_delta_0/cells/t_start_0p05__t_end_0p1.png
2,0_random_140,0.15,0.1,0.0,24.90867,0.139982,/data/home/mirick/ChordEdit/ablation_outputs/grid_metrics_random140_tstart_sweep_20260626_130536/0_random_140_000000000002/t_delta_0/cells/t_start_0p15__t_end_0p1.png
2,0_random_140,0.25,0.1,0.0,24.626785,0.138576,/data/home/mirick/ChordEdit/ablation_outputs/grid_metrics_random140_tstart_sweep_20260626_130536/0_random_140_000000000002/t_delta_0/cells/t_start_0p25__t_end_0p1.png
2,0_random_140,0.35,0.1,0.0,23.545842,0.140948,/data/home/mirick/ChordEdit/ablation_outputs/grid_metrics_random140_tstart_sweep_20260626_130536/0_random_140_000000000002/t_delta_0/cells/t_start_0p35__t_end_0p1.png
2,0_random_140,0.45,0.1,0.0,22.008395,0.202954,/data/home/mirick/ChordEdit/ablation_outputs/grid_metrics_random140_tstart_sweep_20260626_130536/0_random_140_000000000002/t_delta_0/cells/t_start_0p45__t_end_0p1.png
2,0_random_140,0.55,0.1,0.0,19.852618,0.213347,/data/home/mirick/ChordEdit/ablation_outputs/grid_metrics_random140_tstart_sweep_20260626_130536/0_random_140_000000000002/t_delta_0/cells/t_start_0p55__t_end_0p1.png
2,0_random_140,0.65,0.1,0.0,17.7946,0.159576,/data/home/mirick/ChordEdit/ablation_outputs/grid_metrics_random140_tstart_sweep_20260626_130536/0_random_140_000000000002/t_delta_0/cells/t_start_0p65__t_end_0p1.png
2,0_random_140,0.75,0.1,0.0,15.662162,0.177823,/data/home/mirick/ChordEdit/ablation_outputs/grid_metrics_random140_tstart_sweep_20260626_130536/0_random_140_000000000002/t_delta_0/cells/t_start_0p75__t_end_0p1.png
2,0_random_140,0.85,0.1,0.0,16.032047,0.212852,/data/home/mirick/ChordEdit/ablation_outputs/grid_metrics_random140_tstart_sweep_20260626_130536/0_random_140_000000000002/t_delta_0/cells/t_start_0p85__t_end_0p1.png
2,0_random_140,0.0,0.2,0.0,23.313718,0.14119,/data/home/mirick/ChordEdit/ablation_outputs/grid_metrics_random140_tstart_sweep_20260626_130536/0_random_140_000000000002/t_delta_0/cells/t_start_0__t_end_0p2.png
2,0_random_140,0.05,0.2,0.0,23.28618,0.14062,/data/home/mirick/ChordEdit/ablation_outputs/grid_metrics_random140_tstart_sweep_20260626_130536/0_random_140_000000000002/t_delta_0/cells/t_start_0p05__t_end_0p2.png
2,0_random_140,0.15,0.2,0.0,23.137075,0.139733,/data/home/mirick/ChordEdit/ablation_outputs/grid_metrics_random140_tstart_sweep_20260626_130536/0_random_140_000000000002/t_delta_0/cells/t_start_0p15__t_end_0p2.png
2,0_random_140,0.25,0.2,0.0,22.821408,0.136025,/data/home/mirick/ChordEdit/ablation_outputs/grid_metrics_random140_tstart_sweep_20260626_130536/0_random_140_000000000002/t_delta_0/cells/t_start_0p25__t_end_0p2.png
2,0_random_140,0.35,0.2,0.0,21.975691,0.135431,/data/home/mirick/ChordEdit/ablation_outputs/grid_metrics_random140_tstart_sweep_20260626_130536/0_random_140_000000000002/t_delta_0/cells/t_start_0p35__t_end_0p2.png
2,0_random_140,0.45,0.2,0.0,20.895549,0.202694,/data/home/mirick/ChordEdit/ablation_outputs/grid_metrics_random140_tstart_sweep_20260626_130536/0_random_140_000000000002/t_delta_0/cells/t_start_0p45__t_end_0p2.png
2,0_random_140,0.55,0.2,0.0,19.264216,0.218653,/data/home/mirick/ChordEdit/ablation_outputs/grid_metrics_random140_tstart_sweep_20260626_130536/0_random_140_000000000002/t_delta_0/cells/t_start_0p55__t_end_0p2.png
2,0_random_140,0.65,0.2,0.0,17.611747,0.224686,/data/home/mirick/ChordEdit/ablation_outputs/grid_metrics_random140_tstart_sweep_20260626_130536/0_random_140_000000000002/t_delta_0/cells/t_start_0p65__t_end_0p2.png
2,0_random_140,0.75,0.2,0.0,15.484345,0.221929,/data/home/mirick/ChordEdit/ablation_outputs/grid_metrics_random140_tstart_sweep_20260626_130536/0_random_140_000000000002/t_delta_0/cells/t_start_0p75__t_end_0p2.png
2,0_random_140,0.85,0.2,0.0,15.946538,0.214982,/data/home/mirick/ChordEdit/ablation_outputs/grid_metrics_random140_tstart_sweep_20260626_130536/0_random_140_000000000002/t_delta_0/cells/t_start_0p85__t_end_0p2.png
2,0_random_140,0.0,0.3,0.0,21.465608,0.133567,/data/home/mirick/ChordEdit/ablation_outputs/grid_metrics_random140_tstart_sweep_20260626_130536/0_random_140_000000000002/t_delta_0/cells/t_start_0__t_end_0p3.png
2,0_random_140,0.05,0.3,0.0,21.447322,0.133127,/data/home/mirick/ChordEdit/ablation_outputs/grid_metrics_random140_tstart_sweep_20260626_130536/0_random_140_000000000002/t_delta_0/cells/t_start_0p05__t_end_0p3.png
2,0_random_140,0.15,0.3,0.0,21.368961,0.129903,/data/home/mirick/ChordEdit/ablation_outputs/grid_metrics_random140_tstart_sweep_20260626_130536/0_random_140_000000000002/t_delta_0/cells/t_start_0p15__t_end_0p3.png
2,0_random_140,0.25,0.3,0.0,21.179446,0.129563,/data/home/mirick/ChordEdit/ablation_outputs/grid_metrics_random140_tstart_sweep_20260626_130536/0_random_140_000000000002/t_delta_0/cells/t_start_0p25__t_end_0p3.png
2,0_random_140,0.35,0.3,0.0,20.340445,0.175817,/data/home/mirick/ChordEdit/ablation_outputs/grid_metrics_random140_tstart_sweep_20260626_130536/0_random_140_000000000002/t_delta_0/cells/t_start_0p35__t_end_0p3.png
2,0_random_140,0.45,0.3,0.0,19.570106,0.204331,/data/home/mirick/ChordEdit/ablation_outputs/grid_metrics_random140_tstart_sweep_20260626_130536/0_random_140_000000000002/t_delta_0/cells/t_start_0p45__t_end_0p3.png
2,0_random_140,0.55,0.3,0.0,18.298111,0.217088,/data/home/mirick/ChordEdit/ablation_outputs/grid_metrics_random140_tstart_sweep_20260626_130536/0_random_140_000000000002/t_delta_0/cells/t_start_0p55__t_end_0p3.png
2,0_random_140,0.65,0.3,0.0,16.949177,0.24336,/data/home/mirick/ChordEdit/ablation_outputs/grid_metrics_random140_tstart_sweep_20260626_130536/0_random_140_000000000002/t_delta_0/cells/t_start_0p65__t_end_0p3.png
2,0_random_140,0.75,0.3,0.0,15.06305,0.201537,/data/home/mirick/ChordEdit/ablation_outputs/grid_metrics_random140_tstart_sweep_20260626_130536/0_random_140_000000000002/t_delta_0/cells/t_start_0p75__t_end_0p3.png
2,0_random_140,0.85,0.3,0.0,15.67326,0.202187,/data/home/mirick/ChordEdit/ablation_outputs/grid_metrics_random140_tstart_sweep_20260626_130536/0_random_140_000000000002/t_delta_0/cells/t_start_0p85__t_end_0p3.png
2,0_random_140,0.0,0.4,0.0,19.100985,0.160648,/data/home/mirick/ChordEdit/ablation_outputs/grid_metrics_random140_tstart_sweep_20260626_130536/0_random_140_000000000002/t_delta_0/cells/t_start_0__t_end_0p4.png
2,0_random_140,0.05,0.4,0.0,19.092849,0.161483,/data/home/mirick/ChordEdit/ablation_outputs/grid_metrics_random140_tstart_sweep_20260626_130536/0_random_140_000000000002/t_delta_0/cells/t_start_0p05__t_end_0p4.png
2,0_random_140,0.15,0.4,0.0,19.05028,0.169898,/data/home/mirick/ChordEdit/ablation_outputs/grid_metrics_random140_tstart_sweep_20260626_130536/0_random_140_000000000002/t_delta_0/cells/t_start_0p15__t_end_0p4.png
2,0_random_140,0.25,0.4,0.0,18.985682,0.188607,/data/home/mirick/ChordEdit/ablation_outputs/grid_metrics_random140_tstart_sweep_20260626_130536/0_random_140_000000000002/t_delta_0/cells/t_start_0p25__t_end_0p4.png
2,0_random_140,0.35,0.4,0.0,18.697818,0.193955,/data/home/mirick/ChordEdit/ablation_outputs/grid_metrics_random140_tstart_sweep_20260626_130536/0_random_140_000000000002/t_delta_0/cells/t_start_0p35__t_end_0p4.png
2,0_random_140,0.45,0.4,0.0,17.983208,0.239316,/data/home/mirick/ChordEdit/ablation_outputs/grid_metrics_random140_tstart_sweep_20260626_130536/0_random_140_000000000002/t_delta_0/cells/t_start_0p45__t_end_0p4.png
2,0_random_140,0.55,0.4,0.0,17.048068,0.203888,/data/home/mirick/ChordEdit/ablation_outputs/grid_metrics_random140_tstart_sweep_20260626_130536/0_random_140_000000000002/t_delta_0/cells/t_start_0p55__t_end_0p4.png
2,0_random_140,0.65,0.4,0.0,16.041022,0.215954,/data/home/mirick/ChordEdit/ablation_outputs/grid_metrics_random140_tstart_sweep_20260626_130536/0_random_140_000000000002/t_delta_0/cells/t_start_0p65__t_end_0p4.png
2,0_random_140,0.75,0.4,0.0,14.702497,0.199727,/data/home/mirick/ChordEdit/ablation_outputs/grid_metrics_random140_tstart_sweep_20260626_130536/0_random_140_000000000002/t_delta_0/cells/t_start_0p75__t_end_0p4.png
2,0_random_140,0.85,0.4,0.0,15.061553,0.218003,/data/home/mirick/ChordEdit/ablation_outputs/grid_metrics_random140_tstart_sweep_20260626_130536/0_random_140_000000000002/t_delta_0/cells/t_start_0p85__t_end_0p4.png
2,0_random_140,0.0,0.5,0.0,17.220351,0.226102,/data/home/mirick/ChordEdit/ablation_outputs/grid_metrics_random140_tstart_sweep_20260626_130536/0_random_140_000000000002/t_delta_0/cells/t_start_0__t_end_0p5.png
2,0_random_140,0.05,0.5,0.0,17.21183,0.226163,/data/home/mirick/ChordEdit/ablation_outputs/grid_metrics_random140_tstart_sweep_20260626_130536/0_random_140_000000000002/t_delta_0/cells/t_start_0p05__t_end_0p5.png
2,0_random_140,0.15,0.5,0.0,17.182504,0.226528,/data/home/mirick/ChordEdit/ablation_outputs/grid_metrics_random140_tstart_sweep_20260626_130536/0_random_140_000000000002/t_delta_0/cells/t_start_0p15__t_end_0p5.png
2,0_random_140,0.25,0.5,0.0,17.13374,0.218637,/data/home/mirick/ChordEdit/ablation_outputs/grid_metrics_random140_tstart_sweep_20260626_130536/0_random_140_000000000002/t_delta_0/cells/t_start_0p25__t_end_0p5.png
2,0_random_140,0.35,0.5,0.0,17.11572,0.200482,/data/home/mirick/ChordEdit/ablation_outputs/grid_metrics_random140_tstart_sweep_20260626_130536/0_random_140_000000000002/t_delta_0/cells/t_start_0p35__t_end_0p5.png
2,0_random_140,0.45,0.5,0.0,16.521821,0.230602,/data/home/mirick/ChordEdit/ablation_outputs/grid_metrics_random140_tstart_sweep_20260626_130536/0_random_140_000000000002/t_delta_0/cells/t_start_0p45__t_end_0p5.png
2,0_random_140,0.55,0.5,0.0,15.834102,0.217692,/data/home/mirick/ChordEdit/ablation_outputs/grid_metrics_random140_tstart_sweep_20260626_130536/0_random_140_000000000002/t_delta_0/cells/t_start_0p55__t_end_0p5.png
2,0_random_140,0.65,0.5,0.0,15.055665,0.210226,/data/home/mirick/ChordEdit/ablation_outputs/grid_metrics_random140_tstart_sweep_20260626_130536/0_random_140_000000000002/t_delta_0/cells/t_start_0p65__t_end_0p5.png
2,0_random_140,0.75,0.5,0.0,14.237169,0.203841,/data/home/mirick/ChordEdit/ablation_outputs/grid_metrics_random140_tstart_sweep_20260626_130536/0_random_140_000000000002/t_delta_0/cells/t_start_0p75__t_end_0p5.png
2,0_random_140,0.85,0.5,0.0,14.574214,0.205739,/data/home/mirick/ChordEdit/ablation_outputs/grid_metrics_random140_tstart_sweep_20260626_130536/0_random_140_000000000002/t_delta_0/cells/t_start_0p85__t_end_0p5.png
2,0_random_140,0.0,0.6,0.0,15.32923,0.225261,/data/home/mirick/ChordEdit/ablation_outputs/grid_metrics_random140_tstart_sweep_20260626_130536/0_random_140_000000000002/t_delta_0/cells/t_start_0__t_end_0p6.png
2,0_random_140,0.05,0.6,0.0,15.326878,0.225347,/data/home/mirick/ChordEdit/ablation_outputs/grid_metrics_random140_tstart_sweep_20260626_130536/0_random_140_000000000002/t_delta_0/cells/t_start_0p05__t_end_0p6.png
2,0_random_140,0.15,0.6,0.0,15.314076,0.219905,/data/home/mirick/ChordEdit/ablation_outputs/grid_metrics_random140_tstart_sweep_20260626_130536/0_random_140_000000000002/t_delta_0/cells/t_start_0p15__t_end_0p6.png
2,0_random_140,0.25,0.6,0.0,15.286604,0.220754,/data/home/mirick/ChordEdit/ablation_outputs/grid_metrics_random140_tstart_sweep_20260626_130536/0_random_140_000000000002/t_delta_0/cells/t_start_0p25__t_end_0p6.png
2,0_random_140,0.35,0.6,0.0,15.24684,0.199001,/data/home/mirick/ChordEdit/ablation_outputs/grid_metrics_random140_tstart_sweep_20260626_130536/0_random_140_000000000002/t_delta_0/cells/t_start_0p35__t_end_0p6.png
2,0_random_140,0.45,0.6,0.0,15.065307,0.203548,/data/home/mirick/ChordEdit/ablation_outputs/grid_metrics_random140_tstart_sweep_20260626_130536/0_random_140_000000000002/t_delta_0/cells/t_start_0p45__t_end_0p6.png
2,0_random_140,0.55,0.6,0.0,14.555384,0.207707,/data/home/mirick/ChordEdit/ablation_outputs/grid_metrics_random140_tstart_sweep_20260626_130536/0_random_140_000000000002/t_delta_0/cells/t_start_0p55__t_end_0p6.png
2,0_random_140,0.65,0.6,0.0,13.919343,0.20553,/data/home/mirick/ChordEdit/ablation_outputs/grid_metrics_random140_tstart_sweep_20260626_130536/0_random_140_000000000002/t_delta_0/cells/t_start_0p65__t_end_0p6.png
2,0_random_140,0.75,0.6,0.0,13.486237,0.187524,/data/home/mirick/ChordEdit/ablation_outputs/grid_metrics_random140_tstart_sweep_20260626_130536/0_random_140_000000000002/t_delta_0/cells/t_start_0p75__t_end_0p6.png
2,0_random_140,0.85,0.6,0.0,13.455217,0.18273,/data/home/mirick/ChordEdit/ablation_outputs/grid_metrics_random140_tstart_sweep_20260626_130536/0_random_140_000000000002/t_delta_0/cells/t_start_0p85__t_end_0p6.png
2,0_random_140,0.0,0.7,0.0,13.133875,0.191613,/data/home/mirick/ChordEdit/ablation_outputs/grid_metrics_random140_tstart_sweep_20260626_130536/0_random_140_000000000002/t_delta_0/cells/t_start_0__t_end_0p7.png
2,0_random_140,0.05,0.7,0.0,13.130395,0.192212,/data/home/mirick/ChordEdit/ablation_outputs/grid_metrics_random140_tstart_sweep_20260626_130536/0_random_140_000000000002/t_delta_0/cells/t_start_0p05__t_end_0p7.png
2,0_random_140,0.15,0.7,0.0,13.11651,0.192292,/data/home/mirick/ChordEdit/ablation_outputs/grid_metrics_random140_tstart_sweep_20260626_130536/0_random_140_000000000002/t_delta_0/cells/t_start_0p15__t_end_0p7.png
2,0_random_140,0.25,0.7,0.0,13.130308,0.192366,/data/home/mirick/ChordEdit/ablation_outputs/grid_metrics_random140_tstart_sweep_20260626_130536/0_random_140_000000000002/t_delta_0/cells/t_start_0p25__t_end_0p7.png
2,0_random_140,0.35,0.7,0.0,13.123871,0.200265,/data/home/mirick/ChordEdit/ablation_outputs/grid_metrics_random140_tstart_sweep_20260626_130536/0_random_140_000000000002/t_delta_0/cells/t_start_0p35__t_end_0p7.png
2,0_random_140,0.45,0.7,0.0,13.16574,0.191675,/data/home/mirick/ChordEdit/ablation_outputs/grid_metrics_random140_tstart_sweep_20260626_130536/0_random_140_000000000002/t_delta_0/cells/t_start_0p45__t_end_0p7.png
2,0_random_140,0.55,0.7,0.0,13.266264,0.200046,/data/home/mirick/ChordEdit/ablation_outputs/grid_metrics_random140_tstart_sweep_20260626_130536/0_random_140_000000000002/t_delta_0/cells/t_start_0p55__t_end_0p7.png
2,0_random_140,0.65,0.7,0.0,12.611264,0.220773,/data/home/mirick/ChordEdit/ablation_outputs/grid_metrics_random140_tstart_sweep_20260626_130536/0_random_140_000000000002/t_delta_0/cells/t_start_0p65__t_end_0p7.png
2,0_random_140,0.75,0.7,0.0,12.35701,0.220569,/data/home/mirick/ChordEdit/ablation_outputs/grid_metrics_random140_tstart_sweep_20260626_130536/0_random_140_000000000002/t_delta_0/cells/t_start_0p75__t_end_0p7.png
2,0_random_140,0.85,0.7,0.0,12.188252,0.205162,/data/home/mirick/ChordEdit/ablation_outputs/grid_metrics_random140_tstart_sweep_20260626_130536/0_random_140_000000000002/t_delta_0/cells/t_start_0p85__t_end_0p7.png
2,0_random_140,0.0,0.8,0.0,11.806387,0.213423,/data/home/mirick/ChordEdit/ablation_outputs/grid_metrics_random140_tstart_sweep_20260626_130536/0_random_140_000000000002/t_delta_0/cells/t_start_0__t_end_0p8.png
2,0_random_140,0.05,0.8,0.0,11.809802,0.213564,/data/home/mirick/ChordEdit/ablation_outputs/grid_metrics_random140_tstart_sweep_20260626_130536/0_random_140_000000000002/t_delta_0/cells/t_start_0p05__t_end_0p8.png
2,0_random_140,0.15,0.8,0.0,11.81493,0.215531,/data/home/mirick/ChordEdit/ablation_outputs/grid_metrics_random140_tstart_sweep_20260626_130536/0_random_140_000000000002/t_delta_0/cells/t_start_0p15__t_end_0p8.png
2,0_random_140,0.25,0.8,0.0,11.799682,0.214051,/data/home/mirick/ChordEdit/ablation_outputs/grid_metrics_random140_tstart_sweep_20260626_130536/0_random_140_000000000002/t_delta_0/cells/t_start_0p25__t_end_0p8.png
2,0_random_140,0.35,0.8,0.0,11.621624,0.205196,/data/home/mirick/ChordEdit/ablation_outputs/grid_metrics_random140_tstart_sweep_20260626_130536/0_random_140_000000000002/t_delta_0/cells/t_start_0p35__t_end_0p8.png
2,0_random_140,0.45,0.8,0.0,11.81098,0.207885,/data/home/mirick/ChordEdit/ablation_outputs/grid_metrics_random140_tstart_sweep_20260626_130536/0_random_140_000000000002/t_delta_0/cells/t_start_0p45__t_end_0p8.png
2,0_random_140,0.55,0.8,0.0,11.873542,0.215366,/data/home/mirick/ChordEdit/ablation_outputs/grid_metrics_random140_tstart_sweep_20260626_130536/0_random_140_000000000002/t_delta_0/cells/t_start_0p55__t_end_0p8.png
2,0_random_140,0.65,0.8,0.0,11.70729,0.212491,/data/home/mirick/ChordEdit/ablation_outputs/grid_metrics_random140_tstart_sweep_20260626_130536/0_random_140_000000000002/t_delta_0/cells/t_start_0p65__t_end_0p8.png
2,0_random_140,0.75,0.8,0.0,11.764329,0.217251,/data/home/mirick/ChordEdit/ablation_outputs/grid_metrics_random140_tstart_sweep_20260626_130536/0_random_140_000000000002/t_delta_0/cells/t_start_0p75__t_end_0p8.png
2,0_random_140,0.85,0.8,0.0,11.15218,0.187928,/data/home/mirick/ChordEdit/ablation_outputs/grid_metrics_random140_tstart_sweep_20260626_130536/0_random_140_000000000002/t_delta_0/cells/t_start_0p85__t_end_0p8.png
2,0_random_140,0.0,0.9,0.0,10.061776,0.238039,/data/home/mirick/ChordEdit/ablation_outputs/grid_metrics_random140_tstart_sweep_20260626_130536/0_random_140_000000000002/t_delta_0/cells/t_start_0__t_end_0p9.png
2,0_random_140,0.05,0.9,0.0,10.057025,0.238017,/data/home/mirick/ChordEdit/ablation_outputs/grid_metrics_random140_tstart_sweep_20260626_130536/0_random_140_000000000002/t_delta_0/cells/t_start_0p05__t_end_0p9.png
2,0_random_140,0.15,0.9,0.0,10.050059,0.241295,/data/home/mirick/ChordEdit/ablation_outputs/grid_metrics_random140_tstart_sweep_20260626_130536/0_random_140_000000000002/t_delta_0/cells/t_start_0p15__t_end_0p9.png
2,0_random_140,0.25,0.9,0.0,9.99419,0.253712,/data/home/mirick/ChordEdit/ablation_outputs/grid_metrics_random140_tstart_sweep_20260626_130536/0_random_140_000000000002/t_delta_0/cells/t_start_0p25__t_end_0p9.png
2,0_random_140,0.35,0.9,0.0,9.927609,0.242558,/data/home/mirick/ChordEdit/ablation_outputs/grid_metrics_random140_tstart_sweep_20260626_130536/0_random_140_000000000002/t_delta_0/cells/t_start_0p35__t_end_0p9.png
2,0_random_140,0.45,0.9,0.0,9.857223,0.241099,/data/home/mirick/ChordEdit/ablation_outputs/grid_metrics_random140_tstart_sweep_20260626_130536/0_random_140_000000000002/t_delta_0/cells/t_start_0p45__t_end_0p9.png
2,0_random_140,0.55,0.9,0.0,9.931864,0.230184,/data/home/mirick/ChordEdit/ablation_outputs/grid_metrics_random140_tstart_sweep_20260626_130536/0_random_140_000000000002/t_delta_0/cells/t_start_0p55__t_end_0p9.png
2,0_random_140,0.65,0.9,0.0,10.190452,0.213663,/data/home/mirick/ChordEdit/ablation_outputs/grid_metrics_random140_tstart_sweep_20260626_130536/0_random_140_000000000002/t_delta_0/cells/t_start_0p65__t_end_0p9.png
2,0_random_140,0.75,0.9,0.0,10.283343,0.203889,/data/home/mirick/ChordEdit/ablation_outputs/grid_metrics_random140_tstart_sweep_20260626_130536/0_random_140_000000000002/t_delta_0/cells/t_start_0p75__t_end_0p9.png
2,0_random_140,0.85,0.9,0.0,10.26364,0.250427,/data/home/mirick/ChordEdit/ablation_outputs/grid_metrics_random140_tstart_sweep_20260626_130536/0_random_140_000000000002/t_delta_0/cells/t_start_0p85__t_end_0p9.png
2,0_random_140,0.0,1.0,0.0,9.928416,0.212475,/data/home/mirick/ChordEdit/ablation_outputs/grid_metrics_random140_tstart_sweep_20260626_130536/0_random_140_000000000002/t_delta_0/cells/t_start_0__t_end_1.png
2,0_random_140,0.05,1.0,0.0,9.927164,0.210878,/data/home/mirick/ChordEdit/ablation_outputs/grid_metrics_random140_tstart_sweep_20260626_130536/0_random_140_000000000002/t_delta_0/cells/t_start_0p05__t_end_1.png
2,0_random_140,0.15,1.0,0.0,9.923434,0.206285,/data/home/mirick/ChordEdit/ablation_outputs/grid_metrics_random140_tstart_sweep_20260626_130536/0_random_140_000000000002/t_delta_0/cells/t_start_0p15__t_end_1.png
2,0_random_140,0.25,1.0,0.0,9.925738,0.207821,/data/home/mirick/ChordEdit/ablation_outputs/grid_metrics_random140_tstart_sweep_20260626_130536/0_random_140_000000000002/t_delta_0/cells/t_start_0p25__t_end_1.png
2,0_random_140,0.35,1.0,0.0,9.913167,0.210943,/data/home/mirick/ChordEdit/ablation_outputs/grid_metrics_random140_tstart_sweep_20260626_130536/0_random_140_000000000002/t_delta_0/cells/t_start_0p35__t_end_1.png
2,0_random_140,0.45,1.0,0.0,9.893576,0.217705,/data/home/mirick/ChordEdit/ablation_outputs/grid_metrics_random140_tstart_sweep_20260626_130536/0_random_140_000000000002/t_delta_0/cells/t_start_0p45__t_end_1.png
2,0_random_140,0.55,1.0,0.0,9.815002,0.21878,/data/home/mirick/ChordEdit/ablation_outputs/grid_metrics_random140_tstart_sweep_20260626_130536/0_random_140_000000000002/t_delta_0/cells/t_start_0p55__t_end_1.png
2,0_random_140,0.65,1.0,0.0,9.717735,0.215057,/data/home/mirick/ChordEdit/ablation_outputs/grid_metrics_random140_tstart_sweep_20260626_130536/0_random_140_000000000002/t_delta_0/cells/t_start_0p65__t_end_1.png
2,0_random_140,0.75,1.0,0.0,9.582997,0.221508,/data/home/mirick/ChordEdit/ablation_outputs/grid_metrics_random140_tstart_sweep_20260626_130536/0_random_140_000000000002/t_delta_0/cells/t_start_0p75__t_end_1.png
2,0_random_140,0.85,1.0,0.0,9.953241,0.218576,/data/home/mirick/ChordEdit/ablation_outputs/grid_metrics_random140_tstart_sweep_20260626_130536/0_random_140_000000000002/t_delta_0/cells/t_start_0p85__t_end_1.png
3,0_random_140,0.0,0.0,0.0,27.876728,0.181479,/data/home/mirick/ChordEdit/ablation_outputs/grid_metrics_random140_tstart_sweep_20260626_130536/0_random_140_000000000003/t_delta_0/cells/t_start_0__t_end_0.png
3,0_random_140,0.05,0.0,0.0,27.823845,0.180264,/data/home/mirick/ChordEdit/ablation_outputs/grid_metrics_random140_tstart_sweep_20260626_130536/0_random_140_000000000003/t_delta_0/cells/t_start_0p05__t_end_0.png
3,0_random_140,0.15,0.0,0.0,27.361766,0.181791,/data/home/mirick/ChordEdit/ablation_outputs/grid_metrics_random140_tstart_sweep_20260626_130536/0_random_140_000000000003/t_delta_0/cells/t_start_0p15__t_end_0.png
3,0_random_140,0.25,0.0,0.0,26.474382,0.192793,/data/home/mirick/ChordEdit/ablation_outputs/grid_metrics_random140_tstart_sweep_20260626_130536/0_random_140_000000000003/t_delta_0/cells/t_start_0p25__t_end_0.png
3,0_random_140,0.35,0.0,0.0,25.033811,0.196456,/data/home/mirick/ChordEdit/ablation_outputs/grid_metrics_random140_tstart_sweep_20260626_130536/0_random_140_000000000003/t_delta_0/cells/t_start_0p35__t_end_0.png
3,0_random_140,0.45,0.0,0.0,22.069856,0.206729,/data/home/mirick/ChordEdit/ablation_outputs/grid_metrics_random140_tstart_sweep_20260626_130536/0_random_140_000000000003/t_delta_0/cells/t_start_0p45__t_end_0.png
3,0_random_140,0.55,0.0,0.0,19.542881,0.187183,/data/home/mirick/ChordEdit/ablation_outputs/grid_metrics_random140_tstart_sweep_20260626_130536/0_random_140_000000000003/t_delta_0/cells/t_start_0p55__t_end_0.png
3,0_random_140,0.65,0.0,0.0,17.361909,0.218129,/data/home/mirick/ChordEdit/ablation_outputs/grid_metrics_random140_tstart_sweep_20260626_130536/0_random_140_000000000003/t_delta_0/cells/t_start_0p65__t_end_0.png
3,0_random_140,0.75,0.0,0.0,16.81798,0.196731,/data/home/mirick/ChordEdit/ablation_outputs/grid_metrics_random140_tstart_sweep_20260626_130536/0_random_140_000000000003/t_delta_0/cells/t_start_0p75__t_end_0.png
3,0_random_140,0.85,0.0,0.0,15.444862,0.258962,/data/home/mirick/ChordEdit/ablation_outputs/grid_metrics_random140_tstart_sweep_20260626_130536/0_random_140_000000000003/t_delta_0/cells/t_start_0p85__t_end_0.png
3,0_random_140,0.0,0.1,0.0,24.891638,0.200002,/data/home/mirick/ChordEdit/ablation_outputs/grid_metrics_random140_tstart_sweep_20260626_130536/0_random_140_000000000003/t_delta_0/cells/t_start_0__t_end_0p1.png
3,0_random_140,0.05,0.1,0.0,24.862066,0.200687,/data/home/mirick/ChordEdit/ablation_outputs/grid_metrics_random140_tstart_sweep_20260626_130536/0_random_140_000000000003/t_delta_0/cells/t_start_0p05__t_end_0p1.png
3,0_random_140,0.15,0.1,0.0,24.567582,0.21675,/data/home/mirick/ChordEdit/ablation_outputs/grid_metrics_random140_tstart_sweep_20260626_130536/0_random_140_000000000003/t_delta_0/cells/t_start_0p15__t_end_0p1.png
3,0_random_140,0.25,0.1,0.0,24.193751,0.2778,/data/home/mirick/ChordEdit/ablation_outputs/grid_metrics_random140_tstart_sweep_20260626_130536/0_random_140_000000000003/t_delta_0/cells/t_start_0p25__t_end_0p1.png
3,0_random_140,0.35,0.1,0.0,23.396462,0.277975,/data/home/mirick/ChordEdit/ablation_outputs/grid_metrics_random140_tstart_sweep_20260626_130536/0_random_140_000000000003/t_delta_0/cells/t_start_0p35__t_end_0p1.png
3,0_random_140,0.45,0.1,0.0,21.647967,0.304655,/data/home/mirick/ChordEdit/ablation_outputs/grid_metrics_random140_tstart_sweep_20260626_130536/0_random_140_000000000003/t_delta_0/cells/t_start_0p45__t_end_0p1.png
3,0_random_140,0.55,0.1,0.0,19.330316,0.258298,/data/home/mirick/ChordEdit/ablation_outputs/grid_metrics_random140_tstart_sweep_20260626_130536/0_random_140_000000000003/t_delta_0/cells/t_start_0p55__t_end_0p1.png
3,0_random_140,0.65,0.1,0.0,17.323183,0.259298,/data/home/mirick/ChordEdit/ablation_outputs/grid_metrics_random140_tstart_sweep_20260626_130536/0_random_140_000000000003/t_delta_0/cells/t_start_0p65__t_end_0p1.png
3,0_random_140,0.75,0.1,0.0,16.86606,0.189809,/data/home/mirick/ChordEdit/ablation_outputs/grid_metrics_random140_tstart_sweep_20260626_130536/0_random_140_000000000003/t_delta_0/cells/t_start_0p75__t_end_0p1.png
3,0_random_140,0.85,0.1,0.0,15.542949,0.303734,/data/home/mirick/ChordEdit/ablation_outputs/grid_metrics_random140_tstart_sweep_20260626_130536/0_random_140_000000000003/t_delta_0/cells/t_start_0p85__t_end_0p1.png
3,0_random_140,0.0,0.2,0.0,23.241704,0.203676,/data/home/mirick/ChordEdit/ablation_outputs/grid_metrics_random140_tstart_sweep_20260626_130536/0_random_140_000000000003/t_delta_0/cells/t_start_0__t_end_0p2.png
3,0_random_140,0.05,0.2,0.0,23.225972,0.214426,/data/home/mirick/ChordEdit/ablation_outputs/grid_metrics_random140_tstart_sweep_20260626_130536/0_random_140_000000000003/t_delta_0/cells/t_start_0p05__t_end_0p2.png
3,0_random_140,0.15,0.2,0.0,23.049485,0.268065,/data/home/mirick/ChordEdit/ablation_outputs/grid_metrics_random140_tstart_sweep_20260626_130536/0_random_140_000000000003/t_delta_0/cells/t_start_0p15__t_end_0p2.png
3,0_random_140,0.25,0.2,0.0,22.718637,0.293031,/data/home/mirick/ChordEdit/ablation_outputs/grid_metrics_random140_tstart_sweep_20260626_130536/0_random_140_000000000003/t_delta_0/cells/t_start_0p25__t_end_0p2.png
3,0_random_140,0.35,0.2,0.0,22.135062,0.300606,/data/home/mirick/ChordEdit/ablation_outputs/grid_metrics_random140_tstart_sweep_20260626_130536/0_random_140_000000000003/t_delta_0/cells/t_start_0p35__t_end_0p2.png
3,0_random_140,0.45,0.2,0.0,20.883697,0.301727,/data/home/mirick/ChordEdit/ablation_outputs/grid_metrics_random140_tstart_sweep_20260626_130536/0_random_140_000000000003/t_delta_0/cells/t_start_0p45__t_end_0p2.png
3,0_random_140,0.55,0.2,0.0,18.932842,0.289271,/data/home/mirick/ChordEdit/ablation_outputs/grid_metrics_random140_tstart_sweep_20260626_130536/0_random_140_000000000003/t_delta_0/cells/t_start_0p55__t_end_0p2.png
3,0_random_140,0.65,0.2,0.0,17.209644,0.284125,/data/home/mirick/ChordEdit/ablation_outputs/grid_metrics_random140_tstart_sweep_20260626_130536/0_random_140_000000000003/t_delta_0/cells/t_start_0p65__t_end_0p2.png
3,0_random_140,0.75,0.2,0.0,16.806502,0.284357,/data/home/mirick/ChordEdit/ablation_outputs/grid_metrics_random140_tstart_sweep_20260626_130536/0_random_140_000000000003/t_delta_0/cells/t_start_0p75__t_end_0p2.png
3,0_random_140,0.85,0.2,0.0,15.478229,0.325123,/data/home/mirick/ChordEdit/ablation_outputs/grid_metrics_random140_tstart_sweep_20260626_130536/0_random_140_000000000003/t_delta_0/cells/t_start_0p85__t_end_0p2.png
3,0_random_140,0.0,0.3,0.0,21.654917,0.309991,/data/home/mirick/ChordEdit/ablation_outputs/grid_metrics_random140_tstart_sweep_20260626_130536/0_random_140_000000000003/t_delta_0/cells/t_start_0__t_end_0p3.png
3,0_random_140,0.05,0.3,0.0,21.63061,0.309258,/data/home/mirick/ChordEdit/ablation_outputs/grid_metrics_random140_tstart_sweep_20260626_130536/0_random_140_000000000003/t_delta_0/cells/t_start_0p05__t_end_0p3.png
3,0_random_140,0.15,0.3,0.0,21.564315,0.308237,/data/home/mirick/ChordEdit/ablation_outputs/grid_metrics_random140_tstart_sweep_20260626_130536/0_random_140_000000000003/t_delta_0/cells/t_start_0p15__t_end_0p3.png
3,0_random_140,0.25,0.3,0.0,21.314343,0.308599,/data/home/mirick/ChordEdit/ablation_outputs/grid_metrics_random140_tstart_sweep_20260626_130536/0_random_140_000000000003/t_delta_0/cells/t_start_0p25__t_end_0p3.png
3,0_random_140,0.35,0.3,0.0,20.741382,0.307618,/data/home/mirick/ChordEdit/ablation_outputs/grid_metrics_random140_tstart_sweep_20260626_130536/0_random_140_000000000003/t_delta_0/cells/t_start_0p35__t_end_0p3.png
3,0_random_140,0.45,0.3,0.0,19.749087,0.294241,/data/home/mirick/ChordEdit/ablation_outputs/grid_metrics_random140_tstart_sweep_20260626_130536/0_random_140_000000000003/t_delta_0/cells/t_start_0p45__t_end_0p3.png
3,0_random_140,0.55,0.3,0.0,18.106335,0.293899,/data/home/mirick/ChordEdit/ablation_outputs/grid_metrics_random140_tstart_sweep_20260626_130536/0_random_140_000000000003/t_delta_0/cells/t_start_0p55__t_end_0p3.png
3,0_random_140,0.65,0.3,0.0,16.957958,0.280633,/data/home/mirick/ChordEdit/ablation_outputs/grid_metrics_random140_tstart_sweep_20260626_130536/0_random_140_000000000003/t_delta_0/cells/t_start_0p65__t_end_0p3.png
3,0_random_140,0.75,0.3,0.0,16.561935,0.307194,/data/home/mirick/ChordEdit/ablation_outputs/grid_metrics_random140_tstart_sweep_20260626_130536/0_random_140_000000000003/t_delta_0/cells/t_start_0p75__t_end_0p3.png
3,0_random_140,0.85,0.3,0.0,15.302102,0.31647,/data/home/mirick/ChordEdit/ablation_outputs/grid_metrics_random140_tstart_sweep_20260626_130536/0_random_140_000000000003/t_delta_0/cells/t_start_0p85__t_end_0p3.png
3,0_random_140,0.0,0.4,0.0,19.945336,0.307485,/data/home/mirick/ChordEdit/ablation_outputs/grid_metrics_random140_tstart_sweep_20260626_130536/0_random_140_000000000003/t_delta_0/cells/t_start_0__t_end_0p4.png
3,0_random_140,0.05,0.4,0.0,19.927468,0.306771,/data/home/mirick/ChordEdit/ablation_outputs/grid_metrics_random140_tstart_sweep_20260626_130536/0_random_140_000000000003/t_delta_0/cells/t_start_0p05__t_end_0p4.png
3,0_random_140,0.15,0.4,0.0,19.871045,0.304138,/data/home/mirick/ChordEdit/ablation_outputs/grid_metrics_random140_tstart_sweep_20260626_130536/0_random_140_000000000003/t_delta_0/cells/t_start_0p15__t_end_0p4.png
3,0_random_140,0.25,0.4,0.0,19.789419,0.302778,/data/home/mirick/ChordEdit/ablation_outputs/grid_metrics_random140_tstart_sweep_20260626_130536/0_random_140_000000000003/t_delta_0/cells/t_start_0p25__t_end_0p4.png
3,0_random_140,0.35,0.4,0.0,19.30244,0.294231,/data/home/mirick/ChordEdit/ablation_outputs/grid_metrics_random140_tstart_sweep_20260626_130536/0_random_140_000000000003/t_delta_0/cells/t_start_0p35__t_end_0p4.png
3,0_random_140,0.45,0.4,0.0,18.572371,0.299609,/data/home/mirick/ChordEdit/ablation_outputs/grid_metrics_random140_tstart_sweep_20260626_130536/0_random_140_000000000003/t_delta_0/cells/t_start_0p45__t_end_0p4.png
3,0_random_140,0.55,0.4,0.0,17.128588,0.303071,/data/home/mirick/ChordEdit/ablation_outputs/grid_metrics_random140_tstart_sweep_20260626_130536/0_random_140_000000000003/t_delta_0/cells/t_start_0p55__t_end_0p4.png
3,0_random_140,0.65,0.4,0.0,16.280857,0.300294,/data/home/mirick/ChordEdit/ablation_outputs/grid_metrics_random140_tstart_sweep_20260626_130536/0_random_140_000000000003/t_delta_0/cells/t_start_0p65__t_end_0p4.png
3,0_random_140,0.75,0.4,0.0,15.916658,0.300753,/data/home/mirick/ChordEdit/ablation_outputs/grid_metrics_random140_tstart_sweep_20260626_130536/0_random_140_000000000003/t_delta_0/cells/t_start_0p75__t_end_0p4.png
3,0_random_140,0.85,0.4,0.0,14.861125,0.300193,/data/home/mirick/ChordEdit/ablation_outputs/grid_metrics_random140_tstart_sweep_20260626_130536/0_random_140_000000000003/t_delta_0/cells/t_start_0p85__t_end_0p4.png
3,0_random_140,0.0,0.5,0.0,17.808342,0.296789,/data/home/mirick/ChordEdit/ablation_outputs/grid_metrics_random140_tstart_sweep_20260626_130536/0_random_140_000000000003/t_delta_0/cells/t_start_0__t_end_0p5.png
3,0_random_140,0.05,0.5,0.0,17.789041,0.29793,/data/home/mirick/ChordEdit/ablation_outputs/grid_metrics_random140_tstart_sweep_20260626_130536/0_random_140_000000000003/t_delta_0/cells/t_start_0p05__t_end_0p5.png
3,0_random_140,0.15,0.5,0.0,17.758911,0.29581,/data/home/mirick/ChordEdit/ablation_outputs/grid_metrics_random140_tstart_sweep_20260626_130536/0_random_140_000000000003/t_delta_0/cells/t_start_0p15__t_end_0p5.png
3,0_random_140,0.25,0.5,0.0,17.798174,0.295702,/data/home/mirick/ChordEdit/ablation_outputs/grid_metrics_random140_tstart_sweep_20260626_130536/0_random_140_000000000003/t_delta_0/cells/t_start_0p25__t_end_0p5.png
3,0_random_140,0.35,0.5,0.0,17.604988,0.293399,/data/home/mirick/ChordEdit/ablation_outputs/grid_metrics_random140_tstart_sweep_20260626_130536/0_random_140_000000000003/t_delta_0/cells/t_start_0p35__t_end_0p5.png
3,0_random_140,0.45,0.5,0.0,17.215939,0.290057,/data/home/mirick/ChordEdit/ablation_outputs/grid_metrics_random140_tstart_sweep_20260626_130536/0_random_140_000000000003/t_delta_0/cells/t_start_0p45__t_end_0p5.png
3,0_random_140,0.55,0.5,0.0,16.252504,0.294821,/data/home/mirick/ChordEdit/ablation_outputs/grid_metrics_random140_tstart_sweep_20260626_130536/0_random_140_000000000003/t_delta_0/cells/t_start_0p55__t_end_0p5.png
3,0_random_140,0.65,0.5,0.0,15.49563,0.275644,/data/home/mirick/ChordEdit/ablation_outputs/grid_metrics_random140_tstart_sweep_20260626_130536/0_random_140_000000000003/t_delta_0/cells/t_start_0p65__t_end_0p5.png
3,0_random_140,0.75,0.5,0.0,15.210937,0.285098,/data/home/mirick/ChordEdit/ablation_outputs/grid_metrics_random140_tstart_sweep_20260626_130536/0_random_140_000000000003/t_delta_0/cells/t_start_0p75__t_end_0p5.png
3,0_random_140,0.85,0.5,0.0,14.18105,0.290971,/data/home/mirick/ChordEdit/ablation_outputs/grid_metrics_random140_tstart_sweep_20260626_130536/0_random_140_000000000003/t_delta_0/cells/t_start_0p85__t_end_0p5.png
3,0_random_140,0.0,0.6,0.0,16.125016,0.288791,/data/home/mirick/ChordEdit/ablation_outputs/grid_metrics_random140_tstart_sweep_20260626_130536/0_random_140_000000000003/t_delta_0/cells/t_start_0__t_end_0p6.png
3,0_random_140,0.05,0.6,0.0,16.124473,0.294116,/data/home/mirick/ChordEdit/ablation_outputs/grid_metrics_random140_tstart_sweep_20260626_130536/0_random_140_000000000003/t_delta_0/cells/t_start_0p05__t_end_0p6.png
3,0_random_140,0.15,0.6,0.0,16.142205,0.267742,/data/home/mirick/ChordEdit/ablation_outputs/grid_metrics_random140_tstart_sweep_20260626_130536/0_random_140_000000000003/t_delta_0/cells/t_start_0p15__t_end_0p6.png
3,0_random_140,0.25,0.6,0.0,16.165041,0.283941,/data/home/mirick/ChordEdit/ablation_outputs/grid_metrics_random140_tstart_sweep_20260626_130536/0_random_140_000000000003/t_delta_0/cells/t_start_0p25__t_end_0p6.png
3,0_random_140,0.35,0.6,0.0,16.008273,0.296023,/data/home/mirick/ChordEdit/ablation_outputs/grid_metrics_random140_tstart_sweep_20260626_130536/0_random_140_000000000003/t_delta_0/cells/t_start_0p35__t_end_0p6.png
3,0_random_140,0.45,0.6,0.0,15.977712,0.28501,/data/home/mirick/ChordEdit/ablation_outputs/grid_metrics_random140_tstart_sweep_20260626_130536/0_random_140_000000000003/t_delta_0/cells/t_start_0p45__t_end_0p6.png
3,0_random_140,0.55,0.6,0.0,15.467773,0.285514,/data/home/mirick/ChordEdit/ablation_outputs/grid_metrics_random140_tstart_sweep_20260626_130536/0_random_140_000000000003/t_delta_0/cells/t_start_0p55__t_end_0p6.png
3,0_random_140,0.65,0.6,0.0,14.661646,0.266502,/data/home/mirick/ChordEdit/ablation_outputs/grid_metrics_random140_tstart_sweep_20260626_130536/0_random_140_000000000003/t_delta_0/cells/t_start_0p65__t_end_0p6.png
3,0_random_140,0.75,0.6,0.0,14.491713,0.274952,/data/home/mirick/ChordEdit/ablation_outputs/grid_metrics_random140_tstart_sweep_20260626_130536/0_random_140_000000000003/t_delta_0/cells/t_start_0p75__t_end_0p6.png
3,0_random_140,0.85,0.6,0.0,13.785416,0.29004,/data/home/mirick/ChordEdit/ablation_outputs/grid_metrics_random140_tstart_sweep_20260626_130536/0_random_140_000000000003/t_delta_0/cells/t_start_0p85__t_end_0p6.png
3,0_random_140,0.0,0.7,0.0,14.387881,0.298812,/data/home/mirick/ChordEdit/ablation_outputs/grid_metrics_random140_tstart_sweep_20260626_130536/0_random_140_000000000003/t_delta_0/cells/t_start_0__t_end_0p7.png
3,0_random_140,0.05,0.7,0.0,14.392608,0.301095,/data/home/mirick/ChordEdit/ablation_outputs/grid_metrics_random140_tstart_sweep_20260626_130536/0_random_140_000000000003/t_delta_0/cells/t_start_0p05__t_end_0p7.png
3,0_random_140,0.15,0.7,0.0,14.399257,0.300536,/data/home/mirick/ChordEdit/ablation_outputs/grid_metrics_random140_tstart_sweep_20260626_130536/0_random_140_000000000003/t_delta_0/cells/t_start_0p15__t_end_0p7.png
3,0_random_140,0.25,0.7,0.0,14.528406,0.306222,/data/home/mirick/ChordEdit/ablation_outputs/grid_metrics_random140_tstart_sweep_20260626_130536/0_random_140_000000000003/t_delta_0/cells/t_start_0p25__t_end_0p7.png
3,0_random_140,0.35,0.7,0.0,14.493865,0.306212,/data/home/mirick/ChordEdit/ablation_outputs/grid_metrics_random140_tstart_sweep_20260626_130536/0_random_140_000000000003/t_delta_0/cells/t_start_0p35__t_end_0p7.png
3,0_random_140,0.45,0.7,0.0,14.76764,0.306185,/data/home/mirick/ChordEdit/ablation_outputs/grid_metrics_random140_tstart_sweep_20260626_130536/0_random_140_000000000003/t_delta_0/cells/t_start_0p45__t_end_0p7.png
3,0_random_140,0.55,0.7,0.0,14.494209,0.297636,/data/home/mirick/ChordEdit/ablation_outputs/grid_metrics_random140_tstart_sweep_20260626_130536/0_random_140_000000000003/t_delta_0/cells/t_start_0p55__t_end_0p7.png
3,0_random_140,0.65,0.7,0.0,13.979016,0.277642,/data/home/mirick/ChordEdit/ablation_outputs/grid_metrics_random140_tstart_sweep_20260626_130536/0_random_140_000000000003/t_delta_0/cells/t_start_0p65__t_end_0p7.png
3,0_random_140,0.75,0.7,0.0,13.676197,0.27231,/data/home/mirick/ChordEdit/ablation_outputs/grid_metrics_random140_tstart_sweep_20260626_130536/0_random_140_000000000003/t_delta_0/cells/t_start_0p75__t_end_0p7.png
3,0_random_140,0.85,0.7,0.0,13.350103,0.283481,/data/home/mirick/ChordEdit/ablation_outputs/grid_metrics_random140_tstart_sweep_20260626_130536/0_random_140_000000000003/t_delta_0/cells/t_start_0p85__t_end_0p7.png
3,0_random_140,0.0,0.8,0.0,13.470414,0.278555,/data/home/mirick/ChordEdit/ablation_outputs/grid_metrics_random140_tstart_sweep_20260626_130536/0_random_140_000000000003/t_delta_0/cells/t_start_0__t_end_0p8.png
3,0_random_140,0.05,0.8,0.0,13.468542,0.279303,/data/home/mirick/ChordEdit/ablation_outputs/grid_metrics_random140_tstart_sweep_20260626_130536/0_random_140_000000000003/t_delta_0/cells/t_start_0p05__t_end_0p8.png
3,0_random_140,0.15,0.8,0.0,13.46127,0.291695,/data/home/mirick/ChordEdit/ablation_outputs/grid_metrics_random140_tstart_sweep_20260626_130536/0_random_140_000000000003/t_delta_0/cells/t_start_0p15__t_end_0p8.png
3,0_random_140,0.25,0.8,0.0,13.468315,0.28611,/data/home/mirick/ChordEdit/ablation_outputs/grid_metrics_random140_tstart_sweep_20260626_130536/0_random_140_000000000003/t_delta_0/cells/t_start_0p25__t_end_0p8.png
3,0_random_140,0.35,0.8,0.0,13.380844,0.288417,/data/home/mirick/ChordEdit/ablation_outputs/grid_metrics_random140_tstart_sweep_20260626_130536/0_random_140_000000000003/t_delta_0/cells/t_start_0p35__t_end_0p8.png
3,0_random_140,0.45,0.8,0.0,13.538401,0.277031,/data/home/mirick/ChordEdit/ablation_outputs/grid_metrics_random140_tstart_sweep_20260626_130536/0_random_140_000000000003/t_delta_0/cells/t_start_0p45__t_end_0p8.png
3,0_random_140,0.55,0.8,0.0,13.234129,0.315481,/data/home/mirick/ChordEdit/ablation_outputs/grid_metrics_random140_tstart_sweep_20260626_130536/0_random_140_000000000003/t_delta_0/cells/t_start_0p55__t_end_0p8.png
3,0_random_140,0.65,0.8,0.0,12.866738,0.284891,/data/home/mirick/ChordEdit/ablation_outputs/grid_metrics_random140_tstart_sweep_20260626_130536/0_random_140_000000000003/t_delta_0/cells/t_start_0p65__t_end_0p8.png
3,0_random_140,0.75,0.8,0.0,12.756385,0.308374,/data/home/mirick/ChordEdit/ablation_outputs/grid_metrics_random140_tstart_sweep_20260626_130536/0_random_140_000000000003/t_delta_0/cells/t_start_0p75__t_end_0p8.png
3,0_random_140,0.85,0.8,0.0,12.491652,0.283229,/data/home/mirick/ChordEdit/ablation_outputs/grid_metrics_random140_tstart_sweep_20260626_130536/0_random_140_000000000003/t_delta_0/cells/t_start_0p85__t_end_0p8.png
3,0_random_140,0.0,0.9,0.0,11.684363,0.273231,/data/home/mirick/ChordEdit/ablation_outputs/grid_metrics_random140_tstart_sweep_20260626_130536/0_random_140_000000000003/t_delta_0/cells/t_start_0__t_end_0p9.png
3,0_random_140,0.05,0.9,0.0,11.68132,0.273155,/data/home/mirick/ChordEdit/ablation_outputs/grid_metrics_random140_tstart_sweep_20260626_130536/0_random_140_000000000003/t_delta_0/cells/t_start_0p05__t_end_0p9.png
3,0_random_140,0.15,0.9,0.0,11.667863,0.27282,/data/home/mirick/ChordEdit/ablation_outputs/grid_metrics_random140_tstart_sweep_20260626_130536/0_random_140_000000000003/t_delta_0/cells/t_start_0p15__t_end_0p9.png
3,0_random_140,0.25,0.9,0.0,11.647528,0.269755,/data/home/mirick/ChordEdit/ablation_outputs/grid_metrics_random140_tstart_sweep_20260626_130536/0_random_140_000000000003/t_delta_0/cells/t_start_0p25__t_end_0p9.png
3,0_random_140,0.35,0.9,0.0,11.603076,0.266245,/data/home/mirick/ChordEdit/ablation_outputs/grid_metrics_random140_tstart_sweep_20260626_130536/0_random_140_000000000003/t_delta_0/cells/t_start_0p35__t_end_0p9.png
3,0_random_140,0.45,0.9,0.0,11.607145,0.274285,/data/home/mirick/ChordEdit/ablation_outputs/grid_metrics_random140_tstart_sweep_20260626_130536/0_random_140_000000000003/t_delta_0/cells/t_start_0p45__t_end_0p9.png
3,0_random_140,0.55,0.9,0.0,11.713213,0.261133,/data/home/mirick/ChordEdit/ablation_outputs/grid_metrics_random140_tstart_sweep_20260626_130536/0_random_140_000000000003/t_delta_0/cells/t_start_0p55__t_end_0p9.png
3,0_random_140,0.65,0.9,0.0,11.395522,0.248175,/data/home/mirick/ChordEdit/ablation_outputs/grid_metrics_random140_tstart_sweep_20260626_130536/0_random_140_000000000003/t_delta_0/cells/t_start_0p65__t_end_0p9.png
3,0_random_140,0.75,0.9,0.0,11.215765,0.281996,/data/home/mirick/ChordEdit/ablation_outputs/grid_metrics_random140_tstart_sweep_20260626_130536/0_random_140_000000000003/t_delta_0/cells/t_start_0p75__t_end_0p9.png
3,0_random_140,0.85,0.9,0.0,11.604967,0.264319,/data/home/mirick/ChordEdit/ablation_outputs/grid_metrics_random140_tstart_sweep_20260626_130536/0_random_140_000000000003/t_delta_0/cells/t_start_0p85__t_end_0p9.png
3,0_random_140,0.0,1.0,0.0,11.671925,0.279694,/data/home/mirick/ChordEdit/ablation_outputs/grid_metrics_random140_tstart_sweep_20260626_130536/0_random_140_000000000003/t_delta_0/cells/t_start_0__t_end_1.png
3,0_random_140,0.05,1.0,0.0,11.671534,0.278472,/data/home/mirick/ChordEdit/ablation_outputs/grid_metrics_random140_tstart_sweep_20260626_130536/0_random_140_000000000003/t_delta_0/cells/t_start_0p05__t_end_1.png
3,0_random_140,0.15,1.0,0.0,11.664019,0.2785,/data/home/mirick/ChordEdit/ablation_outputs/grid_metrics_random140_tstart_sweep_20260626_130536/0_random_140_000000000003/t_delta_0/cells/t_start_0p15__t_end_1.png
3,0_random_140,0.25,1.0,0.0,11.667819,0.27591,/data/home/mirick/ChordEdit/ablation_outputs/grid_metrics_random140_tstart_sweep_20260626_130536/0_random_140_000000000003/t_delta_0/cells/t_start_0p25__t_end_1.png
3,0_random_140,0.35,1.0,0.0,11.644178,0.274184,/data/home/mirick/ChordEdit/ablation_outputs/grid_metrics_random140_tstart_sweep_20260626_130536/0_random_140_000000000003/t_delta_0/cells/t_start_0p35__t_end_1.png
3,0_random_140,0.45,1.0,0.0,11.655377,0.276961,/data/home/mirick/ChordEdit/ablation_outputs/grid_metrics_random140_tstart_sweep_20260626_130536/0_random_140_000000000003/t_delta_0/cells/t_start_0p45__t_end_1.png
3,0_random_140,0.55,1.0,0.0,11.585258,0.279997,/data/home/mirick/ChordEdit/ablation_outputs/grid_metrics_random140_tstart_sweep_20260626_130536/0_random_140_000000000003/t_delta_0/cells/t_start_0p55__t_end_1.png
3,0_random_140,0.65,1.0,0.0,11.271958,0.272052,/data/home/mirick/ChordEdit/ablation_outputs/grid_metrics_random140_tstart_sweep_20260626_130536/0_random_140_000000000003/t_delta_0/cells/t_start_0p65__t_end_1.png
3,0_random_140,0.75,1.0,0.0,11.374096,0.271913,/data/home/mirick/ChordEdit/ablation_outputs/grid_metrics_random140_tstart_sweep_20260626_130536/0_random_140_000000000003/t_delta_0/cells/t_start_0p75__t_end_1.png
3,0_random_140,0.85,1.0,0.0,11.153503,0.278456,/data/home/mirick/ChordEdit/ablation_outputs/grid_metrics_random140_tstart_sweep_20260626_130536/0_random_140_000000000003/t_delta_0/cells/t_start_0p85__t_end_1.png
4,0_random_140,0.0,0.0,0.0,31.750464,0.243715,/data/home/mirick/ChordEdit/ablation_outputs/grid_metrics_random140_tstart_sweep_20260626_130536/0_random_140_000000000004/t_delta_0/cells/t_start_0__t_end_0.png
4,0_random_140,0.05,0.0,0.0,31.723939,0.244273,/data/home/mirick/ChordEdit/ablation_outputs/grid_metrics_random140_tstart_sweep_20260626_130536/0_random_140_000000000004/t_delta_0/cells/t_start_0p05__t_end_0.png
4,0_random_140,0.15,0.0,0.0,31.511086,0.243302,/data/home/mirick/ChordEdit/ablation_outputs/grid_metrics_random140_tstart_sweep_20260626_130536/0_random_140_000000000004/t_delta_0/cells/t_start_0p15__t_end_0.png
4,0_random_140,0.25,0.0,0.0,30.88472,0.242443,/data/home/mirick/ChordEdit/ablation_outputs/grid_metrics_random140_tstart_sweep_20260626_130536/0_random_140_000000000004/t_delta_0/cells/t_start_0p25__t_end_0.png
4,0_random_140,0.35,0.0,0.0,29.373779,0.23743,/data/home/mirick/ChordEdit/ablation_outputs/grid_metrics_random140_tstart_sweep_20260626_130536/0_random_140_000000000004/t_delta_0/cells/t_start_0p35__t_end_0.png
4,0_random_140,0.45,0.0,0.0,26.476582,0.223332,/data/home/mirick/ChordEdit/ablation_outputs/grid_metrics_random140_tstart_sweep_20260626_130536/0_random_140_000000000004/t_delta_0/cells/t_start_0p45__t_end_0.png
4,0_random_140,0.55,0.0,0.0,21.334669,0.21875,/data/home/mirick/ChordEdit/ablation_outputs/grid_metrics_random140_tstart_sweep_20260626_130536/0_random_140_000000000004/t_delta_0/cells/t_start_0p55__t_end_0.png
4,0_random_140,0.65,0.0,0.0,17.852548,0.243295,/data/home/mirick/ChordEdit/ablation_outputs/grid_metrics_random140_tstart_sweep_20260626_130536/0_random_140_000000000004/t_delta_0/cells/t_start_0p65__t_end_0.png
4,0_random_140,0.75,0.0,0.0,15.57733,0.246219,/data/home/mirick/ChordEdit/ablation_outputs/grid_metrics_random140_tstart_sweep_20260626_130536/0_random_140_000000000004/t_delta_0/cells/t_start_0p75__t_end_0.png
4,0_random_140,0.85,0.0,0.0,15.035652,0.251692,/data/home/mirick/ChordEdit/ablation_outputs/grid_metrics_random140_tstart_sweep_20260626_130536/0_random_140_000000000004/t_delta_0/cells/t_start_0p85__t_end_0.png
4,0_random_140,0.0,0.1,0.0,26.871311,0.23473,/data/home/mirick/ChordEdit/ablation_outputs/grid_metrics_random140_tstart_sweep_20260626_130536/0_random_140_000000000004/t_delta_0/cells/t_start_0__t_end_0p1.png
4,0_random_140,0.05,0.1,0.0,26.865301,0.234463,/data/home/mirick/ChordEdit/ablation_outputs/grid_metrics_random140_tstart_sweep_20260626_130536/0_random_140_000000000004/t_delta_0/cells/t_start_0p05__t_end_0p1.png
4,0_random_140,0.15,0.1,0.0,26.773616,0.232573,/data/home/mirick/ChordEdit/ablation_outputs/grid_metrics_random140_tstart_sweep_20260626_130536/0_random_140_000000000004/t_delta_0/cells/t_start_0p15__t_end_0p1.png
4,0_random_140,0.25,0.1,0.0,26.618471,0.234188,/data/home/mirick/ChordEdit/ablation_outputs/grid_metrics_random140_tstart_sweep_20260626_130536/0_random_140_000000000004/t_delta_0/cells/t_start_0p25__t_end_0p1.png
4,0_random_140,0.35,0.1,0.0,26.279164,0.235425,/data/home/mirick/ChordEdit/ablation_outputs/grid_metrics_random140_tstart_sweep_20260626_130536/0_random_140_000000000004/t_delta_0/cells/t_start_0p35__t_end_0p1.png
4,0_random_140,0.45,0.1,0.0,25.17597,0.240972,/data/home/mirick/ChordEdit/ablation_outputs/grid_metrics_random140_tstart_sweep_20260626_130536/0_random_140_000000000004/t_delta_0/cells/t_start_0p45__t_end_0p1.png
4,0_random_140,0.55,0.1,0.0,21.920411,0.23448,/data/home/mirick/ChordEdit/ablation_outputs/grid_metrics_random140_tstart_sweep_20260626_130536/0_random_140_000000000004/t_delta_0/cells/t_start_0p55__t_end_0p1.png
4,0_random_140,0.65,0.1,0.0,18.354965,0.253171,/data/home/mirick/ChordEdit/ablation_outputs/grid_metrics_random140_tstart_sweep_20260626_130536/0_random_140_000000000004/t_delta_0/cells/t_start_0p65__t_end_0p1.png
4,0_random_140,0.75,0.1,0.0,15.931464,0.247705,/data/home/mirick/ChordEdit/ablation_outputs/grid_metrics_random140_tstart_sweep_20260626_130536/0_random_140_000000000004/t_delta_0/cells/t_start_0p75__t_end_0p1.png
4,0_random_140,0.85,0.1,0.0,15.30186,0.272178,/data/home/mirick/ChordEdit/ablation_outputs/grid_metrics_random140_tstart_sweep_20260626_130536/0_random_140_000000000004/t_delta_0/cells/t_start_0p85__t_end_0p1.png
4,0_random_140,0.0,0.2,0.0,24.867739,0.227806,/data/home/mirick/ChordEdit/ablation_outputs/grid_metrics_random140_tstart_sweep_20260626_130536/0_random_140_000000000004/t_delta_0/cells/t_start_0__t_end_0p2.png
4,0_random_140,0.05,0.2,0.0,24.867714,0.228911,/data/home/mirick/ChordEdit/ablation_outputs/grid_metrics_random140_tstart_sweep_20260626_130536/0_random_140_000000000004/t_delta_0/cells/t_start_0p05__t_end_0p2.png
4,0_random_140,0.15,0.2,0.0,24.80305,0.229162,/data/home/mirick/ChordEdit/ablation_outputs/grid_metrics_random140_tstart_sweep_20260626_130536/0_random_140_000000000004/t_delta_0/cells/t_start_0p15__t_end_0p2.png
4,0_random_140,0.25,0.2,0.0,24.606589,0.231722,/data/home/mirick/ChordEdit/ablation_outputs/grid_metrics_random140_tstart_sweep_20260626_130536/0_random_140_000000000004/t_delta_0/cells/t_start_0p25__t_end_0p2.png
4,0_random_140,0.35,0.2,0.0,24.300538,0.227428,/data/home/mirick/ChordEdit/ablation_outputs/grid_metrics_random140_tstart_sweep_20260626_130536/0_random_140_000000000004/t_delta_0/cells/t_start_0p35__t_end_0p2.png
4,0_random_140,0.45,0.2,0.0,23.608596,0.236286,/data/home/mirick/ChordEdit/ablation_outputs/grid_metrics_random140_tstart_sweep_20260626_130536/0_random_140_000000000004/t_delta_0/cells/t_start_0p45__t_end_0p2.png
4,0_random_140,0.55,0.2,0.0,21.457481,0.245216,/data/home/mirick/ChordEdit/ablation_outputs/grid_metrics_random140_tstart_sweep_20260626_130536/0_random_140_000000000004/t_delta_0/cells/t_start_0p55__t_end_0p2.png
4,0_random_140,0.65,0.2,0.0,17.981583,0.320449,/data/home/mirick/ChordEdit/ablation_outputs/grid_metrics_random140_tstart_sweep_20260626_130536/0_random_140_000000000004/t_delta_0/cells/t_start_0p65__t_end_0p2.png
4,0_random_140,0.75,0.2,0.0,15.892618,0.319177,/data/home/mirick/ChordEdit/ablation_outputs/grid_metrics_random140_tstart_sweep_20260626_130536/0_random_140_000000000004/t_delta_0/cells/t_start_0p75__t_end_0p2.png
4,0_random_140,0.85,0.2,0.0,15.301465,0.30265,/data/home/mirick/ChordEdit/ablation_outputs/grid_metrics_random140_tstart_sweep_20260626_130536/0_random_140_000000000004/t_delta_0/cells/t_start_0p85__t_end_0p2.png
4,0_random_140,0.0,0.3,0.0,22.889054,0.223793,/data/home/mirick/ChordEdit/ablation_outputs/grid_metrics_random140_tstart_sweep_20260626_130536/0_random_140_000000000004/t_delta_0/cells/t_start_0__t_end_0p3.png
4,0_random_140,0.05,0.3,0.0,22.892231,0.22454,/data/home/mirick/ChordEdit/ablation_outputs/grid_metrics_random140_tstart_sweep_20260626_130536/0_random_140_000000000004/t_delta_0/cells/t_start_0p05__t_end_0p3.png
4,0_random_140,0.15,0.3,0.0,22.869948,0.224329,/data/home/mirick/ChordEdit/ablation_outputs/grid_metrics_random140_tstart_sweep_20260626_130536/0_random_140_000000000004/t_delta_0/cells/t_start_0p15__t_end_0p3.png
4,0_random_140,0.25,0.3,0.0,22.809982,0.232733,/data/home/mirick/ChordEdit/ablation_outputs/grid_metrics_random140_tstart_sweep_20260626_130536/0_random_140_000000000004/t_delta_0/cells/t_start_0p25__t_end_0p3.png
4,0_random_140,0.35,0.3,0.0,22.478193,0.242122,/data/home/mirick/ChordEdit/ablation_outputs/grid_metrics_random140_tstart_sweep_20260626_130536/0_random_140_000000000004/t_delta_0/cells/t_start_0p35__t_end_0p3.png
4,0_random_140,0.45,0.3,0.0,21.851041,0.243063,/data/home/mirick/ChordEdit/ablation_outputs/grid_metrics_random140_tstart_sweep_20260626_130536/0_random_140_000000000004/t_delta_0/cells/t_start_0p45__t_end_0p3.png
4,0_random_140,0.55,0.3,0.0,20.280487,0.305104,/data/home/mirick/ChordEdit/ablation_outputs/grid_metrics_random140_tstart_sweep_20260626_130536/0_random_140_000000000004/t_delta_0/cells/t_start_0p55__t_end_0p3.png
4,0_random_140,0.65,0.3,0.0,17.388569,0.320219,/data/home/mirick/ChordEdit/ablation_outputs/grid_metrics_random140_tstart_sweep_20260626_130536/0_random_140_000000000004/t_delta_0/cells/t_start_0p65__t_end_0p3.png
4,0_random_140,0.75,0.3,0.0,15.610281,0.337722,/data/home/mirick/ChordEdit/ablation_outputs/grid_metrics_random140_tstart_sweep_20260626_130536/0_random_140_000000000004/t_delta_0/cells/t_start_0p75__t_end_0p3.png
4,0_random_140,0.85,0.3,0.0,15.242101,0.304235,/data/home/mirick/ChordEdit/ablation_outputs/grid_metrics_random140_tstart_sweep_20260626_130536/0_random_140_000000000004/t_delta_0/cells/t_start_0p85__t_end_0p3.png
4,0_random_140,0.0,0.4,0.0,20.952954,0.219454,/data/home/mirick/ChordEdit/ablation_outputs/grid_metrics_random140_tstart_sweep_20260626_130536/0_random_140_000000000004/t_delta_0/cells/t_start_0__t_end_0p4.png
4,0_random_140,0.05,0.4,0.0,20.958843,0.220229,/data/home/mirick/ChordEdit/ablation_outputs/grid_metrics_random140_tstart_sweep_20260626_130536/0_random_140_000000000004/t_delta_0/cells/t_start_0p05__t_end_0p4.png
4,0_random_140,0.15,0.4,0.0,20.947138,0.218899,/data/home/mirick/ChordEdit/ablation_outputs/grid_metrics_random140_tstart_sweep_20260626_130536/0_random_140_000000000004/t_delta_0/cells/t_start_0p15__t_end_0p4.png
4,0_random_140,0.25,0.4,0.0,20.964132,0.211334,/data/home/mirick/ChordEdit/ablation_outputs/grid_metrics_random140_tstart_sweep_20260626_130536/0_random_140_000000000004/t_delta_0/cells/t_start_0p25__t_end_0p4.png
4,0_random_140,0.35,0.4,0.0,20.750504,0.210723,/data/home/mirick/ChordEdit/ablation_outputs/grid_metrics_random140_tstart_sweep_20260626_130536/0_random_140_000000000004/t_delta_0/cells/t_start_0p35__t_end_0p4.png
4,0_random_140,0.45,0.4,0.0,20.349457,0.244602,/data/home/mirick/ChordEdit/ablation_outputs/grid_metrics_random140_tstart_sweep_20260626_130536/0_random_140_000000000004/t_delta_0/cells/t_start_0p45__t_end_0p4.png
4,0_random_140,0.55,0.4,0.0,19.179917,0.313585,/data/home/mirick/ChordEdit/ablation_outputs/grid_metrics_random140_tstart_sweep_20260626_130536/0_random_140_000000000004/t_delta_0/cells/t_start_0p55__t_end_0p4.png
4,0_random_140,0.65,0.4,0.0,16.543324,0.324883,/data/home/mirick/ChordEdit/ablation_outputs/grid_metrics_random140_tstart_sweep_20260626_130536/0_random_140_000000000004/t_delta_0/cells/t_start_0p65__t_end_0p4.png
4,0_random_140,0.75,0.4,0.0,15.289075,0.335754,/data/home/mirick/ChordEdit/ablation_outputs/grid_metrics_random140_tstart_sweep_20260626_130536/0_random_140_000000000004/t_delta_0/cells/t_start_0p75__t_end_0p4.png
4,0_random_140,0.85,0.4,0.0,15.098929,0.31014,/data/home/mirick/ChordEdit/ablation_outputs/grid_metrics_random140_tstart_sweep_20260626_130536/0_random_140_000000000004/t_delta_0/cells/t_start_0p85__t_end_0p4.png
4,0_random_140,0.0,0.5,0.0,19.654028,0.22131,/data/home/mirick/ChordEdit/ablation_outputs/grid_metrics_random140_tstart_sweep_20260626_130536/0_random_140_000000000004/t_delta_0/cells/t_start_0__t_end_0p5.png
4,0_random_140,0.05,0.5,0.0,19.662868,0.221267,/data/home/mirick/ChordEdit/ablation_outputs/grid_metrics_random140_tstart_sweep_20260626_130536/0_random_140_000000000004/t_delta_0/cells/t_start_0p05__t_end_0p5.png
4,0_random_140,0.15,0.5,0.0,19.645716,0.223374,/data/home/mirick/ChordEdit/ablation_outputs/grid_metrics_random140_tstart_sweep_20260626_130536/0_random_140_000000000004/t_delta_0/cells/t_start_0p15__t_end_0p5.png
4,0_random_140,0.25,0.5,0.0,19.622796,0.221476,/data/home/mirick/ChordEdit/ablation_outputs/grid_metrics_random140_tstart_sweep_20260626_130536/0_random_140_000000000004/t_delta_0/cells/t_start_0p25__t_end_0p5.png
4,0_random_140,0.35,0.5,0.0,19.437941,0.220135,/data/home/mirick/ChordEdit/ablation_outputs/grid_metrics_random140_tstart_sweep_20260626_130536/0_random_140_000000000004/t_delta_0/cells/t_start_0p35__t_end_0p5.png
4,0_random_140,0.45,0.5,0.0,19.184518,0.269354,/data/home/mirick/ChordEdit/ablation_outputs/grid_metrics_random140_tstart_sweep_20260626_130536/0_random_140_000000000004/t_delta_0/cells/t_start_0p45__t_end_0p5.png
4,0_random_140,0.55,0.5,0.0,18.262761,0.312472,/data/home/mirick/ChordEdit/ablation_outputs/grid_metrics_random140_tstart_sweep_20260626_130536/0_random_140_000000000004/t_delta_0/cells/t_start_0p55__t_end_0p5.png
4,0_random_140,0.65,0.5,0.0,15.734129,0.348478,/data/home/mirick/ChordEdit/ablation_outputs/grid_metrics_random140_tstart_sweep_20260626_130536/0_random_140_000000000004/t_delta_0/cells/t_start_0p65__t_end_0p5.png
4,0_random_140,0.75,0.5,0.0,14.928028,0.316164,/data/home/mirick/ChordEdit/ablation_outputs/grid_metrics_random140_tstart_sweep_20260626_130536/0_random_140_000000000004/t_delta_0/cells/t_start_0p75__t_end_0p5.png
4,0_random_140,0.85,0.5,0.0,14.825607,0.321048,/data/home/mirick/ChordEdit/ablation_outputs/grid_metrics_random140_tstart_sweep_20260626_130536/0_random_140_000000000004/t_delta_0/cells/t_start_0p85__t_end_0p5.png
4,0_random_140,0.0,0.6,0.0,16.292768,0.292921,/data/home/mirick/ChordEdit/ablation_outputs/grid_metrics_random140_tstart_sweep_20260626_130536/0_random_140_000000000004/t_delta_0/cells/t_start_0__t_end_0p6.png
4,0_random_140,0.05,0.6,0.0,16.288671,0.293294,/data/home/mirick/ChordEdit/ablation_outputs/grid_metrics_random140_tstart_sweep_20260626_130536/0_random_140_000000000004/t_delta_0/cells/t_start_0p05__t_end_0p6.png
4,0_random_140,0.15,0.6,0.0,16.279429,0.29136,/data/home/mirick/ChordEdit/ablation_outputs/grid_metrics_random140_tstart_sweep_20260626_130536/0_random_140_000000000004/t_delta_0/cells/t_start_0p15__t_end_0p6.png
4,0_random_140,0.25,0.6,0.0,16.285966,0.284898,/data/home/mirick/ChordEdit/ablation_outputs/grid_metrics_random140_tstart_sweep_20260626_130536/0_random_140_000000000004/t_delta_0/cells/t_start_0p25__t_end_0p6.png
4,0_random_140,0.35,0.6,0.0,16.236258,0.270184,/data/home/mirick/ChordEdit/ablation_outputs/grid_metrics_random140_tstart_sweep_20260626_130536/0_random_140_000000000004/t_delta_0/cells/t_start_0p35__t_end_0p6.png
4,0_random_140,0.45,0.6,0.0,17.253042,0.310661,/data/home/mirick/ChordEdit/ablation_outputs/grid_metrics_random140_tstart_sweep_20260626_130536/0_random_140_000000000004/t_delta_0/cells/t_start_0p45__t_end_0p6.png
4,0_random_140,0.55,0.6,0.0,16.840081,0.321346,/data/home/mirick/ChordEdit/ablation_outputs/grid_metrics_random140_tstart_sweep_20260626_130536/0_random_140_000000000004/t_delta_0/cells/t_start_0p55__t_end_0p6.png
4,0_random_140,0.65,0.6,0.0,15.095236,0.347899,/data/home/mirick/ChordEdit/ablation_outputs/grid_metrics_random140_tstart_sweep_20260626_130536/0_random_140_000000000004/t_delta_0/cells/t_start_0p65__t_end_0p6.png
4,0_random_140,0.75,0.6,0.0,14.556758,0.307323,/data/home/mirick/ChordEdit/ablation_outputs/grid_metrics_random140_tstart_sweep_20260626_130536/0_random_140_000000000004/t_delta_0/cells/t_start_0p75__t_end_0p6.png
4,0_random_140,0.85,0.6,0.0,14.742039,0.303263,/data/home/mirick/ChordEdit/ablation_outputs/grid_metrics_random140_tstart_sweep_20260626_130536/0_random_140_000000000004/t_delta_0/cells/t_start_0p85__t_end_0p6.png
4,0_random_140,0.0,0.7,0.0,15.145671,0.302831,/data/home/mirick/ChordEdit/ablation_outputs/grid_metrics_random140_tstart_sweep_20260626_130536/0_random_140_000000000004/t_delta_0/cells/t_start_0__t_end_0p7.png
4,0_random_140,0.05,0.7,0.0,15.146178,0.30299,/data/home/mirick/ChordEdit/ablation_outputs/grid_metrics_random140_tstart_sweep_20260626_130536/0_random_140_000000000004/t_delta_0/cells/t_start_0p05__t_end_0p7.png
4,0_random_140,0.15,0.7,0.0,15.144477,0.303791,/data/home/mirick/ChordEdit/ablation_outputs/grid_metrics_random140_tstart_sweep_20260626_130536/0_random_140_000000000004/t_delta_0/cells/t_start_0p15__t_end_0p7.png
4,0_random_140,0.25,0.7,0.0,15.142032,0.303154,/data/home/mirick/ChordEdit/ablation_outputs/grid_metrics_random140_tstart_sweep_20260626_130536/0_random_140_000000000004/t_delta_0/cells/t_start_0p25__t_end_0p7.png
4,0_random_140,0.35,0.7,0.0,15.114807,0.305811,/data/home/mirick/ChordEdit/ablation_outputs/grid_metrics_random140_tstart_sweep_20260626_130536/0_random_140_000000000004/t_delta_0/cells/t_start_0p35__t_end_0p7.png
4,0_random_140,0.45,0.7,0.0,15.163596,0.307741,/data/home/mirick/ChordEdit/ablation_outputs/grid_metrics_random140_tstart_sweep_20260626_130536/0_random_140_000000000004/t_delta_0/cells/t_start_0p45__t_end_0p7.png
4,0_random_140,0.55,0.7,0.0,15.302745,0.326747,/data/home/mirick/ChordEdit/ablation_outputs/grid_metrics_random140_tstart_sweep_20260626_130536/0_random_140_000000000004/t_delta_0/cells/t_start_0p55__t_end_0p7.png
4,0_random_140,0.65,0.7,0.0,14.696858,0.35877,/data/home/mirick/ChordEdit/ablation_outputs/grid_metrics_random140_tstart_sweep_20260626_130536/0_random_140_000000000004/t_delta_0/cells/t_start_0p65__t_end_0p7.png
4,0_random_140,0.75,0.7,0.0,14.180112,0.313586,/data/home/mirick/ChordEdit/ablation_outputs/grid_metrics_random140_tstart_sweep_20260626_130536/0_random_140_000000000004/t_delta_0/cells/t_start_0p75__t_end_0p7.png
4,0_random_140,0.85,0.7,0.0,14.236037,0.307131,/data/home/mirick/ChordEdit/ablation_outputs/grid_metrics_random140_tstart_sweep_20260626_130536/0_random_140_000000000004/t_delta_0/cells/t_start_0p85__t_end_0p7.png
4,0_random_140,0.0,0.8,0.0,14.277585,0.318344,/data/home/mirick/ChordEdit/ablation_outputs/grid_metrics_random140_tstart_sweep_20260626_130536/0_random_140_000000000004/t_delta_0/cells/t_start_0__t_end_0p8.png
4,0_random_140,0.05,0.8,0.0,14.278661,0.320524,/data/home/mirick/ChordEdit/ablation_outputs/grid_metrics_random140_tstart_sweep_20260626_130536/0_random_140_000000000004/t_delta_0/cells/t_start_0p05__t_end_0p8.png
4,0_random_140,0.15,0.8,0.0,14.277597,0.319395,/data/home/mirick/ChordEdit/ablation_outputs/grid_metrics_random140_tstart_sweep_20260626_130536/0_random_140_000000000004/t_delta_0/cells/t_start_0p15__t_end_0p8.png
4,0_random_140,0.25,0.8,0.0,14.313642,0.316805,/data/home/mirick/ChordEdit/ablation_outputs/grid_metrics_random140_tstart_sweep_20260626_130536/0_random_140_000000000004/t_delta_0/cells/t_start_0p25__t_end_0p8.png
4,0_random_140,0.35,0.8,0.0,14.28174,0.316236,/data/home/mirick/ChordEdit/ablation_outputs/grid_metrics_random140_tstart_sweep_20260626_130536/0_random_140_000000000004/t_delta_0/cells/t_start_0p35__t_end_0p8.png
4,0_random_140,0.45,0.8,0.0,14.333473,0.309942,/data/home/mirick/ChordEdit/ablation_outputs/grid_metrics_random140_tstart_sweep_20260626_130536/0_random_140_000000000004/t_delta_0/cells/t_start_0p45__t_end_0p8.png
4,0_random_140,0.55,0.8,0.0,14.255115,0.312226,/data/home/mirick/ChordEdit/ablation_outputs/grid_metrics_random140_tstart_sweep_20260626_130536/0_random_140_000000000004/t_delta_0/cells/t_start_0p55__t_end_0p8.png
4,0_random_140,0.65,0.8,0.0,14.130775,0.3082,/data/home/mirick/ChordEdit/ablation_outputs/grid_metrics_random140_tstart_sweep_20260626_130536/0_random_140_000000000004/t_delta_0/cells/t_start_0p65__t_end_0p8.png
4,0_random_140,0.75,0.8,0.0,13.883365,0.322083,/data/home/mirick/ChordEdit/ablation_outputs/grid_metrics_random140_tstart_sweep_20260626_130536/0_random_140_000000000004/t_delta_0/cells/t_start_0p75__t_end_0p8.png
4,0_random_140,0.85,0.8,0.0,13.972509,0.317278,/data/home/mirick/ChordEdit/ablation_outputs/grid_metrics_random140_tstart_sweep_20260626_130536/0_random_140_000000000004/t_delta_0/cells/t_start_0p85__t_end_0p8.png
4,0_random_140,0.0,0.9,0.0,13.231406,0.317658,/data/home/mirick/ChordEdit/ablation_outputs/grid_metrics_random140_tstart_sweep_20260626_130536/0_random_140_000000000004/t_delta_0/cells/t_start_0__t_end_0p9.png
4,0_random_140,0.05,0.9,0.0,13.232078,0.319179,/data/home/mirick/ChordEdit/ablation_outputs/grid_metrics_random140_tstart_sweep_20260626_130536/0_random_140_000000000004/t_delta_0/cells/t_start_0p05__t_end_0p9.png
4,0_random_140,0.15,0.9,0.0,13.227776,0.31833,/data/home/mirick/ChordEdit/ablation_outputs/grid_metrics_random140_tstart_sweep_20260626_130536/0_random_140_000000000004/t_delta_0/cells/t_start_0p15__t_end_0p9.png
4,0_random_140,0.25,0.9,0.0,13.230691,0.318196,/data/home/mirick/ChordEdit/ablation_outputs/grid_metrics_random140_tstart_sweep_20260626_130536/0_random_140_000000000004/t_delta_0/cells/t_start_0p25__t_end_0p9.png
4,0_random_140,0.35,0.9,0.0,13.239411,0.317319,/data/home/mirick/ChordEdit/ablation_outputs/grid_metrics_random140_tstart_sweep_20260626_130536/0_random_140_000000000004/t_delta_0/cells/t_start_0p35__t_end_0p9.png
4,0_random_140,0.45,0.9,0.0,13.318052,0.318887,/data/home/mirick/ChordEdit/ablation_outputs/grid_metrics_random140_tstart_sweep_20260626_130536/0_random_140_000000000004/t_delta_0/cells/t_start_0p45__t_end_0p9.png
4,0_random_140,0.55,0.9,0.0,13.459441,0.326382,/data/home/mirick/ChordEdit/ablation_outputs/grid_metrics_random140_tstart_sweep_20260626_130536/0_random_140_000000000004/t_delta_0/cells/t_start_0p55__t_end_0p9.png
4,0_random_140,0.65,0.9,0.0,13.190637,0.323443,/data/home/mirick/ChordEdit/ablation_outputs/grid_metrics_random140_tstart_sweep_20260626_130536/0_random_140_000000000004/t_delta_0/cells/t_start_0p65__t_end_0p9.png
4,0_random_140,0.75,0.9,0.0,13.024222,0.317396,/data/home/mirick/ChordEdit/ablation_outputs/grid_metrics_random140_tstart_sweep_20260626_130536/0_random_140_000000000004/t_delta_0/cells/t_start_0p75__t_end_0p9.png
4,0_random_140,0.85,0.9,0.0,13.633785,0.308485,/data/home/mirick/ChordEdit/ablation_outputs/grid_metrics_random140_tstart_sweep_20260626_130536/0_random_140_000000000004/t_delta_0/cells/t_start_0p85__t_end_0p9.png
4,0_random_140,0.0,1.0,0.0,11.78079,0.319835,/data/home/mirick/ChordEdit/ablation_outputs/grid_metrics_random140_tstart_sweep_20260626_130536/0_random_140_000000000004/t_delta_0/cells/t_start_0__t_end_1.png
4,0_random_140,0.05,1.0,0.0,11.780213,0.318723,/data/home/mirick/ChordEdit/ablation_outputs/grid_metrics_random140_tstart_sweep_20260626_130536/0_random_140_000000000004/t_delta_0/cells/t_start_0p05__t_end_1.png
4,0_random_140,0.15,1.0,0.0,11.777419,0.319185,/data/home/mirick/ChordEdit/ablation_outputs/grid_metrics_random140_tstart_sweep_20260626_130536/0_random_140_000000000004/t_delta_0/cells/t_start_0p15__t_end_1.png
4,0_random_140,0.25,1.0,0.0,11.771678,0.319507,/data/home/mirick/ChordEdit/ablation_outputs/grid_metrics_random140_tstart_sweep_20260626_130536/0_random_140_000000000004/t_delta_0/cells/t_start_0p25__t_end_1.png
4,0_random_140,0.35,1.0,0.0,11.778143,0.318921,/data/home/mirick/ChordEdit/ablation_outputs/grid_metrics_random140_tstart_sweep_20260626_130536/0_random_140_000000000004/t_delta_0/cells/t_start_0p35__t_end_1.png
4,0_random_140,0.45,1.0,0.0,11.800748,0.318396,/data/home/mirick/ChordEdit/ablation_outputs/grid_metrics_random140_tstart_sweep_20260626_130536/0_random_140_000000000004/t_delta_0/cells/t_start_0p45__t_end_1.png
4,0_random_140,0.55,1.0,0.0,11.742632,0.330602,/data/home/mirick/ChordEdit/ablation_outputs/grid_metrics_random140_tstart_sweep_20260626_130536/0_random_140_000000000004/t_delta_0/cells/t_start_0p55__t_end_1.png
4,0_random_140,0.65,1.0,0.0,11.54351,0.332778,/data/home/mirick/ChordEdit/ablation_outputs/grid_metrics_random140_tstart_sweep_20260626_130536/0_random_140_000000000004/t_delta_0/cells/t_start_0p65__t_end_1.png
4,0_random_140,0.75,1.0,0.0,11.428388,0.337324,/data/home/mirick/ChordEdit/ablation_outputs/grid_metrics_random140_tstart_sweep_20260626_130536/0_random_140_000000000004/t_delta_0/cells/t_start_0p75__t_end_1.png
4,0_random_140,0.85,1.0,0.0,11.958489,0.328978,/data/home/mirick/ChordEdit/ablation_outputs/grid_metrics_random140_tstart_sweep_20260626_130536/0_random_140_000000000004/t_delta_0/cells/t_start_0p85__t_end_1.png
5,0_random_140,0.0,0.0,0.0,33.585809,0.159688,/data/home/mirick/ChordEdit/ablation_outputs/grid_metrics_random140_tstart_sweep_20260626_130536/0_random_140_000000000005/t_delta_0/cells/t_start_0__t_end_0.png
5,0_random_140,0.05,0.0,0.0,33.521027,0.158221,/data/home/mirick/ChordEdit/ablation_outputs/grid_metrics_random140_tstart_sweep_20260626_130536/0_random_140_000000000005/t_delta_0/cells/t_start_0p05__t_end_0.png
5,0_random_140,0.15,0.0,0.0,33.198911,0.157777,/data/home/mirick/ChordEdit/ablation_outputs/grid_metrics_random140_tstart_sweep_20260626_130536/0_random_140_000000000005/t_delta_0/cells/t_start_0p15__t_end_0.png
5,0_random_140,0.25,0.0,0.0,32.424117,0.162072,/data/home/mirick/ChordEdit/ablation_outputs/grid_metrics_random140_tstart_sweep_20260626_130536/0_random_140_000000000005/t_delta_0/cells/t_start_0p25__t_end_0.png
5,0_random_140,0.35,0.0,0.0,31.051829,0.149955,/data/home/mirick/ChordEdit/ablation_outputs/grid_metrics_random140_tstart_sweep_20260626_130536/0_random_140_000000000005/t_delta_0/cells/t_start_0p35__t_end_0.png
5,0_random_140,0.45,0.0,0.0,29.699697,0.167908,/data/home/mirick/ChordEdit/ablation_outputs/grid_metrics_random140_tstart_sweep_20260626_130536/0_random_140_000000000005/t_delta_0/cells/t_start_0p45__t_end_0.png
5,0_random_140,0.55,0.0,0.0,27.594605,0.146325,/data/home/mirick/ChordEdit/ablation_outputs/grid_metrics_random140_tstart_sweep_20260626_130536/0_random_140_000000000005/t_delta_0/cells/t_start_0p55__t_end_0.png
5,0_random_140,0.65,0.0,0.0,22.697741,0.13937,/data/home/mirick/ChordEdit/ablation_outputs/grid_metrics_random140_tstart_sweep_20260626_130536/0_random_140_000000000005/t_delta_0/cells/t_start_0p65__t_end_0.png
5,0_random_140,0.75,0.0,0.0,19.279551,0.167905,/data/home/mirick/ChordEdit/ablation_outputs/grid_metrics_random140_tstart_sweep_20260626_130536/0_random_140_000000000005/t_delta_0/cells/t_start_0p75__t_end_0.png
5,0_random_140,0.85,0.0,0.0,15.079114,0.21268,/data/home/mirick/ChordEdit/ablation_outputs/grid_metrics_random140_tstart_sweep_20260626_130536/0_random_140_000000000005/t_delta_0/cells/t_start_0p85__t_end_0.png
5,0_random_140,0.0,0.1,0.0,28.33201,0.155516,/data/home/mirick/ChordEdit/ablation_outputs/grid_metrics_random140_tstart_sweep_20260626_130536/0_random_140_000000000005/t_delta_0/cells/t_start_0__t_end_0p1.png
5,0_random_140,0.05,0.1,0.0,28.32468,0.156686,/data/home/mirick/ChordEdit/ablation_outputs/grid_metrics_random140_tstart_sweep_20260626_130536/0_random_140_000000000005/t_delta_0/cells/t_start_0p05__t_end_0p1.png
5,0_random_140,0.15,0.1,0.0,28.226627,0.152437,/data/home/mirick/ChordEdit/ablation_outputs/grid_metrics_random140_tstart_sweep_20260626_130536/0_random_140_000000000005/t_delta_0/cells/t_start_0p15__t_end_0p1.png
5,0_random_140,0.25,0.1,0.0,27.978209,0.155882,/data/home/mirick/ChordEdit/ablation_outputs/grid_metrics_random140_tstart_sweep_20260626_130536/0_random_140_000000000005/t_delta_0/cells/t_start_0p25__t_end_0p1.png
5,0_random_140,0.35,0.1,0.0,27.488481,0.154878,/data/home/mirick/ChordEdit/ablation_outputs/grid_metrics_random140_tstart_sweep_20260626_130536/0_random_140_000000000005/t_delta_0/cells/t_start_0p35__t_end_0p1.png
5,0_random_140,0.45,0.1,0.0,27.038965,0.171982,/data/home/mirick/ChordEdit/ablation_outputs/grid_metrics_random140_tstart_sweep_20260626_130536/0_random_140_000000000005/t_delta_0/cells/t_start_0p45__t_end_0p1.png
5,0_random_140,0.55,0.1,0.0,25.87829,0.159446,/data/home/mirick/ChordEdit/ablation_outputs/grid_metrics_random140_tstart_sweep_20260626_130536/0_random_140_000000000005/t_delta_0/cells/t_start_0p55__t_end_0p1.png
5,0_random_140,0.65,0.1,0.0,22.697075,0.164808,/data/home/mirick/ChordEdit/ablation_outputs/grid_metrics_random140_tstart_sweep_20260626_130536/0_random_140_000000000005/t_delta_0/cells/t_start_0p65__t_end_0p1.png
5,0_random_140,0.75,0.1,0.0,19.62847,0.175434,/data/home/mirick/ChordEdit/ablation_outputs/grid_metrics_random140_tstart_sweep_20260626_130536/0_random_140_000000000005/t_delta_0/cells/t_start_0p75__t_end_0p1.png
5,0_random_140,0.85,0.1,0.0,15.324374,0.227187,/data/home/mirick/ChordEdit/ablation_outputs/grid_metrics_random140_tstart_sweep_20260626_130536/0_random_140_000000000005/t_delta_0/cells/t_start_0p85__t_end_0p1.png
5,0_random_140,0.0,0.2,0.0,26.012514,0.14585,/data/home/mirick/ChordEdit/ablation_outputs/grid_metrics_random140_tstart_sweep_20260626_130536/0_random_140_000000000005/t_delta_0/cells/t_start_0__t_end_0p2.png
5,0_random_140,0.05,0.2,0.0,26.002937,0.146297,/data/home/mirick/ChordEdit/ablation_outputs/grid_metrics_random140_tstart_sweep_20260626_130536/0_random_140_000000000005/t_delta_0/cells/t_start_0p05__t_end_0p2.png
5,0_random_140,0.15,0.2,0.0,25.911411,0.145797,/data/home/mirick/ChordEdit/ablation_outputs/grid_metrics_random140_tstart_sweep_20260626_130536/0_random_140_000000000005/t_delta_0/cells/t_start_0p15__t_end_0p2.png
5,0_random_140,0.25,0.2,0.0,25.603908,0.14447,/data/home/mirick/ChordEdit/ablation_outputs/grid_metrics_random140_tstart_sweep_20260626_130536/0_random_140_000000000005/t_delta_0/cells/t_start_0p25__t_end_0p2.png
5,0_random_140,0.35,0.2,0.0,25.193377,0.148461,/data/home/mirick/ChordEdit/ablation_outputs/grid_metrics_random140_tstart_sweep_20260626_130536/0_random_140_000000000005/t_delta_0/cells/t_start_0p35__t_end_0p2.png
5,0_random_140,0.45,0.2,0.0,25.006043,0.165142,/data/home/mirick/ChordEdit/ablation_outputs/grid_metrics_random140_tstart_sweep_20260626_130536/0_random_140_000000000005/t_delta_0/cells/t_start_0p45__t_end_0p2.png
5,0_random_140,0.55,0.2,0.0,24.141566,0.151073,/data/home/mirick/ChordEdit/ablation_outputs/grid_metrics_random140_tstart_sweep_20260626_130536/0_random_140_000000000005/t_delta_0/cells/t_start_0p55__t_end_0p2.png
5,0_random_140,0.65,0.2,0.0,22.025357,0.171873,/data/home/mirick/ChordEdit/ablation_outputs/grid_metrics_random140_tstart_sweep_20260626_130536/0_random_140_000000000005/t_delta_0/cells/t_start_0p65__t_end_0p2.png
5,0_random_140,0.75,0.2,0.0,19.481693,0.171443,/data/home/mirick/ChordEdit/ablation_outputs/grid_metrics_random140_tstart_sweep_20260626_130536/0_random_140_000000000005/t_delta_0/cells/t_start_0p75__t_end_0p2.png
5,0_random_140,0.85,0.2,0.0,15.322998,0.210723,/data/home/mirick/ChordEdit/ablation_outputs/grid_metrics_random140_tstart_sweep_20260626_130536/0_random_140_000000000005/t_delta_0/cells/t_start_0p85__t_end_0p2.png
5,0_random_140,0.0,0.3,0.0,23.649631,0.149585,/data/home/mirick/ChordEdit/ablation_outputs/grid_metrics_random140_tstart_sweep_20260626_130536/0_random_140_000000000005/t_delta_0/cells/t_start_0__t_end_0p3.png
5,0_random_140,0.05,0.3,0.0,23.64213,0.149862,/data/home/mirick/ChordEdit/ablation_outputs/grid_metrics_random140_tstart_sweep_20260626_130536/0_random_140_000000000005/t_delta_0/cells/t_start_0p05__t_end_0p3.png
5,0_random_140,0.15,0.3,0.0,23.569136,0.149219,/data/home/mirick/ChordEdit/ablation_outputs/grid_metrics_random140_tstart_sweep_20260626_130536/0_random_140_000000000005/t_delta_0/cells/t_start_0p15__t_end_0p3.png
5,0_random_140,0.25,0.3,0.0,23.246262,0.150505,/data/home/mirick/ChordEdit/ablation_outputs/grid_metrics_random140_tstart_sweep_20260626_130536/0_random_140_000000000005/t_delta_0/cells/t_start_0p25__t_end_0p3.png
5,0_random_140,0.35,0.3,0.0,22.882795,0.155381,/data/home/mirick/ChordEdit/ablation_outputs/grid_metrics_random140_tstart_sweep_20260626_130536/0_random_140_000000000005/t_delta_0/cells/t_start_0p35__t_end_0p3.png
5,0_random_140,0.45,0.3,0.0,22.68971,0.169958,/data/home/mirick/ChordEdit/ablation_outputs/grid_metrics_random140_tstart_sweep_20260626_130536/0_random_140_000000000005/t_delta_0/cells/t_start_0p45__t_end_0p3.png
5,0_random_140,0.55,0.3,0.0,22.077999,0.16102,/data/home/mirick/ChordEdit/ablation_outputs/grid_metrics_random140_tstart_sweep_20260626_130536/0_random_140_000000000005/t_delta_0/cells/t_start_0p55__t_end_0p3.png
5,0_random_140,0.65,0.3,0.0,20.909296,0.181489,/data/home/mirick/ChordEdit/ablation_outputs/grid_metrics_random140_tstart_sweep_20260626_130536/0_random_140_000000000005/t_delta_0/cells/t_start_0p65__t_end_0p3.png
5,0_random_140,0.75,0.3,0.0,19.063041,0.172872,/data/home/mirick/ChordEdit/ablation_outputs/grid_metrics_random140_tstart_sweep_20260626_130536/0_random_140_000000000005/t_delta_0/cells/t_start_0p75__t_end_0p3.png
5,0_random_140,0.85,0.3,0.0,15.181863,0.228146,/data/home/mirick/ChordEdit/ablation_outputs/grid_metrics_random140_tstart_sweep_20260626_130536/0_random_140_000000000005/t_delta_0/cells/t_start_0p85__t_end_0p3.png
5,0_random_140,0.0,0.4,0.0,21.148148,0.173841,/data/home/mirick/ChordEdit/ablation_outputs/grid_metrics_random140_tstart_sweep_20260626_130536/0_random_140_000000000005/t_delta_0/cells/t_start_0__t_end_0p4.png
5,0_random_140,0.05,0.4,0.0,21.136101,0.172747,/data/home/mirick/ChordEdit/ablation_outputs/grid_metrics_random140_tstart_sweep_20260626_130536/0_random_140_000000000005/t_delta_0/cells/t_start_0p05__t_end_0p4.png
5,0_random_140,0.15,0.4,0.0,21.101533,0.170327,/data/home/mirick/ChordEdit/ablation_outputs/grid_metrics_random140_tstart_sweep_20260626_130536/0_random_140_000000000005/t_delta_0/cells/t_start_0p15__t_end_0p4.png
5,0_random_140,0.25,0.4,0.0,21.029408,0.171217,/data/home/mirick/ChordEdit/ablation_outputs/grid_metrics_random140_tstart_sweep_20260626_130536/0_random_140_000000000005/t_delta_0/cells/t_start_0p25__t_end_0p4.png
5,0_random_140,0.35,0.4,0.0,20.792824,0.167349,/data/home/mirick/ChordEdit/ablation_outputs/grid_metrics_random140_tstart_sweep_20260626_130536/0_random_140_000000000005/t_delta_0/cells/t_start_0p35__t_end_0p4.png
5,0_random_140,0.45,0.4,0.0,20.65153,0.17263,/data/home/mirick/ChordEdit/ablation_outputs/grid_metrics_random140_tstart_sweep_20260626_130536/0_random_140_000000000005/t_delta_0/cells/t_start_0p45__t_end_0p4.png
5,0_random_140,0.55,0.4,0.0,20.158287,0.165916,/data/home/mirick/ChordEdit/ablation_outputs/grid_metrics_random140_tstart_sweep_20260626_130536/0_random_140_000000000005/t_delta_0/cells/t_start_0p55__t_end_0p4.png
5,0_random_140,0.65,0.4,0.0,19.433819,0.182298,/data/home/mirick/ChordEdit/ablation_outputs/grid_metrics_random140_tstart_sweep_20260626_130536/0_random_140_000000000005/t_delta_0/cells/t_start_0p65__t_end_0p4.png
5,0_random_140,0.75,0.4,0.0,18.285964,0.177664,/data/home/mirick/ChordEdit/ablation_outputs/grid_metrics_random140_tstart_sweep_20260626_130536/0_random_140_000000000005/t_delta_0/cells/t_start_0p75__t_end_0p4.png
5,0_random_140,0.85,0.4,0.0,14.984644,0.263543,/data/home/mirick/ChordEdit/ablation_outputs/grid_metrics_random140_tstart_sweep_20260626_130536/0_random_140_000000000005/t_delta_0/cells/t_start_0p85__t_end_0p4.png
5,0_random_140,0.0,0.5,0.0,19.588016,0.176385,/data/home/mirick/ChordEdit/ablation_outputs/grid_metrics_random140_tstart_sweep_20260626_130536/0_random_140_000000000005/t_delta_0/cells/t_start_0__t_end_0p5.png
5,0_random_140,0.05,0.5,0.0,19.575355,0.17634,/data/home/mirick/ChordEdit/ablation_outputs/grid_metrics_random140_tstart_sweep_20260626_130536/0_random_140_000000000005/t_delta_0/cells/t_start_0p05__t_end_0p5.png
5,0_random_140,0.15,0.5,0.0,19.545041,0.175464,/data/home/mirick/ChordEdit/ablation_outputs/grid_metrics_random140_tstart_sweep_20260626_130536/0_random_140_000000000005/t_delta_0/cells/t_start_0p15__t_end_0p5.png
5,0_random_140,0.25,0.5,0.0,19.478487,0.17796,/data/home/mirick/ChordEdit/ablation_outputs/grid_metrics_random140_tstart_sweep_20260626_130536/0_random_140_000000000005/t_delta_0/cells/t_start_0p25__t_end_0p5.png
5,0_random_140,0.35,0.5,0.0,19.334689,0.169433,/data/home/mirick/ChordEdit/ablation_outputs/grid_metrics_random140_tstart_sweep_20260626_130536/0_random_140_000000000005/t_delta_0/cells/t_start_0p35__t_end_0p5.png
5,0_random_140,0.45,0.5,0.0,19.159145,0.171372,/data/home/mirick/ChordEdit/ablation_outputs/grid_metrics_random140_tstart_sweep_20260626_130536/0_random_140_000000000005/t_delta_0/cells/t_start_0p45__t_end_0p5.png
5,0_random_140,0.55,0.5,0.0,18.722223,0.179603,/data/home/mirick/ChordEdit/ablation_outputs/grid_metrics_random140_tstart_sweep_20260626_130536/0_random_140_000000000005/t_delta_0/cells/t_start_0p55__t_end_0p5.png
5,0_random_140,0.65,0.5,0.0,18.116816,0.178787,/data/home/mirick/ChordEdit/ablation_outputs/grid_metrics_random140_tstart_sweep_20260626_130536/0_random_140_000000000005/t_delta_0/cells/t_start_0p65__t_end_0p5.png
5,0_random_140,0.75,0.5,0.0,17.307615,0.190717,/data/home/mirick/ChordEdit/ablation_outputs/grid_metrics_random140_tstart_sweep_20260626_130536/0_random_140_000000000005/t_delta_0/cells/t_start_0p75__t_end_0p5.png
5,0_random_140,0.85,0.5,0.0,14.742382,0.261889,/data/home/mirick/ChordEdit/ablation_outputs/grid_metrics_random140_tstart_sweep_20260626_130536/0_random_140_000000000005/t_delta_0/cells/t_start_0p85__t_end_0p5.png
5,0_random_140,0.0,0.6,0.0,17.890728,0.181612,/data/home/mirick/ChordEdit/ablation_outputs/grid_metrics_random140_tstart_sweep_20260626_130536/0_random_140_000000000005/t_delta_0/cells/t_start_0__t_end_0p6.png
5,0_random_140,0.05,0.6,0.0,17.890554,0.180277,/data/home/mirick/ChordEdit/ablation_outputs/grid_metrics_random140_tstart_sweep_20260626_130536/0_random_140_000000000005/t_delta_0/cells/t_start_0p05__t_end_0p6.png
5,0_random_140,0.15,0.6,0.0,17.895669,0.179125,/data/home/mirick/ChordEdit/ablation_outputs/grid_metrics_random140_tstart_sweep_20260626_130536/0_random_140_000000000005/t_delta_0/cells/t_start_0p15__t_end_0p6.png
5,0_random_140,0.25,0.6,0.0,17.823271,0.185605,/data/home/mirick/ChordEdit/ablation_outputs/grid_metrics_random140_tstart_sweep_20260626_130536/0_random_140_000000000005/t_delta_0/cells/t_start_0p25__t_end_0p6.png
5,0_random_140,0.35,0.6,0.0,17.722982,0.186406,/data/home/mirick/ChordEdit/ablation_outputs/grid_metrics_random140_tstart_sweep_20260626_130536/0_random_140_000000000005/t_delta_0/cells/t_start_0p35__t_end_0p6.png
5,0_random_140,0.45,0.6,0.0,17.481722,0.185032,/data/home/mirick/ChordEdit/ablation_outputs/grid_metrics_random140_tstart_sweep_20260626_130536/0_random_140_000000000005/t_delta_0/cells/t_start_0p45__t_end_0p6.png
5,0_random_140,0.55,0.6,0.0,16.911716,0.185516,/data/home/mirick/ChordEdit/ablation_outputs/grid_metrics_random140_tstart_sweep_20260626_130536/0_random_140_000000000005/t_delta_0/cells/t_start_0p55__t_end_0p6.png
5,0_random_140,0.65,0.6,0.0,16.705597,0.192289,/data/home/mirick/ChordEdit/ablation_outputs/grid_metrics_random140_tstart_sweep_20260626_130536/0_random_140_000000000005/t_delta_0/cells/t_start_0p65__t_end_0p6.png
5,0_random_140,0.75,0.6,0.0,15.499576,0.207484,/data/home/mirick/ChordEdit/ablation_outputs/grid_metrics_random140_tstart_sweep_20260626_130536/0_random_140_000000000005/t_delta_0/cells/t_start_0p75__t_end_0p6.png
5,0_random_140,0.85,0.6,0.0,13.69288,0.276254,/data/home/mirick/ChordEdit/ablation_outputs/grid_metrics_random140_tstart_sweep_20260626_130536/0_random_140_000000000005/t_delta_0/cells/t_start_0p85__t_end_0p6.png
5,0_random_140,0.0,0.7,0.0,14.99877,0.197662,/data/home/mirick/ChordEdit/ablation_outputs/grid_metrics_random140_tstart_sweep_20260626_130536/0_random_140_000000000005/t_delta_0/cells/t_start_0__t_end_0p7.png
5,0_random_140,0.05,0.7,0.0,14.998205,0.197574,/data/home/mirick/ChordEdit/ablation_outputs/grid_metrics_random140_tstart_sweep_20260626_130536/0_random_140_000000000005/t_delta_0/cells/t_start_0p05__t_end_0p7.png
5,0_random_140,0.15,0.7,0.0,14.991042,0.196701,/data/home/mirick/ChordEdit/ablation_outputs/grid_metrics_random140_tstart_sweep_20260626_130536/0_random_140_000000000005/t_delta_0/cells/t_start_0p15__t_end_0p7.png
5,0_random_140,0.25,0.7,0.0,14.954933,0.197675,/data/home/mirick/ChordEdit/ablation_outputs/grid_metrics_random140_tstart_sweep_20260626_130536/0_random_140_000000000005/t_delta_0/cells/t_start_0p25__t_end_0p7.png
5,0_random_140,0.35,0.7,0.0,14.878396,0.194732,/data/home/mirick/ChordEdit/ablation_outputs/grid_metrics_random140_tstart_sweep_20260626_130536/0_random_140_000000000005/t_delta_0/cells/t_start_0p35__t_end_0p7.png
5,0_random_140,0.45,0.7,0.0,14.788882,0.195461,/data/home/mirick/ChordEdit/ablation_outputs/grid_metrics_random140_tstart_sweep_20260626_130536/0_random_140_000000000005/t_delta_0/cells/t_start_0p45__t_end_0p7.png
5,0_random_140,0.55,0.7,0.0,14.592252,0.201422,/data/home/mirick/ChordEdit/ablation_outputs/grid_metrics_random140_tstart_sweep_20260626_130536/0_random_140_000000000005/t_delta_0/cells/t_start_0p55__t_end_0p7.png
5,0_random_140,0.65,0.7,0.0,14.281675,0.206023,/data/home/mirick/ChordEdit/ablation_outputs/grid_metrics_random140_tstart_sweep_20260626_130536/0_random_140_000000000005/t_delta_0/cells/t_start_0p65__t_end_0p7.png
5,0_random_140,0.75,0.7,0.0,13.728078,0.196278,/data/home/mirick/ChordEdit/ablation_outputs/grid_metrics_random140_tstart_sweep_20260626_130536/0_random_140_000000000005/t_delta_0/cells/t_start_0p75__t_end_0p7.png
5,0_random_140,0.85,0.7,0.0,12.594694,0.255668,/data/home/mirick/ChordEdit/ablation_outputs/grid_metrics_random140_tstart_sweep_20260626_130536/0_random_140_000000000005/t_delta_0/cells/t_start_0p85__t_end_0p7.png
5,0_random_140,0.0,0.8,0.0,12.272007,0.244566,/data/home/mirick/ChordEdit/ablation_outputs/grid_metrics_random140_tstart_sweep_20260626_130536/0_random_140_000000000005/t_delta_0/cells/t_start_0__t_end_0p8.png
5,0_random_140,0.05,0.8,0.0,12.258963,0.242563,/data/home/mirick/ChordEdit/ablation_outputs/grid_metrics_random140_tstart_sweep_20260626_130536/0_random_140_000000000005/t_delta_0/cells/t_start_0p05__t_end_0p8.png
5,0_random_140,0.15,0.8,0.0,12.210644,0.244966,/data/home/mirick/ChordEdit/ablation_outputs/grid_metrics_random140_tstart_sweep_20260626_130536/0_random_140_000000000005/t_delta_0/cells/t_start_0p15__t_end_0p8.png
5,0_random_140,0.25,0.8,0.0,12.156474,0.252812,/data/home/mirick/ChordEdit/ablation_outputs/grid_metrics_random140_tstart_sweep_20260626_130536/0_random_140_000000000005/t_delta_0/cells/t_start_0p25__t_end_0p8.png
5,0_random_140,0.35,0.8,0.0,12.048369,0.251262,/data/home/mirick/ChordEdit/ablation_outputs/grid_metrics_random140_tstart_sweep_20260626_130536/0_random_140_000000000005/t_delta_0/cells/t_start_0p35__t_end_0p8.png
5,0_random_140,0.45,0.8,0.0,11.885425,0.242415,/data/home/mirick/ChordEdit/ablation_outputs/grid_metrics_random140_tstart_sweep_20260626_130536/0_random_140_000000000005/t_delta_0/cells/t_start_0p45__t_end_0p8.png
5,0_random_140,0.55,0.8,0.0,11.623962,0.247123,/data/home/mirick/ChordEdit/ablation_outputs/grid_metrics_random140_tstart_sweep_20260626_130536/0_random_140_000000000005/t_delta_0/cells/t_start_0p55__t_end_0p8.png
5,0_random_140,0.65,0.8,0.0,11.884769,0.234839,/data/home/mirick/ChordEdit/ablation_outputs/grid_metrics_random140_tstart_sweep_20260626_130536/0_random_140_000000000005/t_delta_0/cells/t_start_0p65__t_end_0p8.png
5,0_random_140,0.75,0.8,0.0,11.480537,0.198256,/data/home/mirick/ChordEdit/ablation_outputs/grid_metrics_random140_tstart_sweep_20260626_130536/0_random_140_000000000005/t_delta_0/cells/t_start_0p75__t_end_0p8.png
5,0_random_140,0.85,0.8,0.0,11.781942,0.257372,/data/home/mirick/ChordEdit/ablation_outputs/grid_metrics_random140_tstart_sweep_20260626_130536/0_random_140_000000000005/t_delta_0/cells/t_start_0p85__t_end_0p8.png
5,0_random_140,0.0,0.9,0.0,11.244532,0.217291,/data/home/mirick/ChordEdit/ablation_outputs/grid_metrics_random140_tstart_sweep_20260626_130536/0_random_140_000000000005/t_delta_0/cells/t_start_0__t_end_0p9.png
5,0_random_140,0.05,0.9,0.0,11.241858,0.220838,/data/home/mirick/ChordEdit/ablation_outputs/grid_metrics_random140_tstart_sweep_20260626_130536/0_random_140_000000000005/t_delta_0/cells/t_start_0p05__t_end_0p9.png
5,0_random_140,0.15,0.9,0.0,11.241329,0.223086,/data/home/mirick/ChordEdit/ablation_outputs/grid_metrics_random140_tstart_sweep_20260626_130536/0_random_140_000000000005/t_delta_0/cells/t_start_0p15__t_end_0p9.png
5,0_random_140,0.25,0.9,0.0,11.232039,0.218975,/data/home/mirick/ChordEdit/ablation_outputs/grid_metrics_random140_tstart_sweep_20260626_130536/0_random_140_000000000005/t_delta_0/cells/t_start_0p25__t_end_0p9.png
5,0_random_140,0.35,0.9,0.0,11.238628,0.21951,/data/home/mirick/ChordEdit/ablation_outputs/grid_metrics_random140_tstart_sweep_20260626_130536/0_random_140_000000000005/t_delta_0/cells/t_start_0p35__t_end_0p9.png
5,0_random_140,0.45,0.9,0.0,11.210722,0.233485,/data/home/mirick/ChordEdit/ablation_outputs/grid_metrics_random140_tstart_sweep_20260626_130536/0_random_140_000000000005/t_delta_0/cells/t_start_0p45__t_end_0p9.png
5,0_random_140,0.55,0.9,0.0,10.931492,0.255375,/data/home/mirick/ChordEdit/ablation_outputs/grid_metrics_random140_tstart_sweep_20260626_130536/0_random_140_000000000005/t_delta_0/cells/t_start_0p55__t_end_0p9.png
5,0_random_140,0.65,0.9,0.0,11.307914,0.25727,/data/home/mirick/ChordEdit/ablation_outputs/grid_metrics_random140_tstart_sweep_20260626_130536/0_random_140_000000000005/t_delta_0/cells/t_start_0p65__t_end_0p9.png
5,0_random_140,0.75,0.9,0.0,10.955973,0.233801,/data/home/mirick/ChordEdit/ablation_outputs/grid_metrics_random140_tstart_sweep_20260626_130536/0_random_140_000000000005/t_delta_0/cells/t_start_0p75__t_end_0p9.png
5,0_random_140,0.85,0.9,0.0,10.75687,0.230917,/data/home/mirick/ChordEdit/ablation_outputs/grid_metrics_random140_tstart_sweep_20260626_130536/0_random_140_000000000005/t_delta_0/cells/t_start_0p85__t_end_0p9.png
5,0_random_140,0.0,1.0,0.0,10.075443,0.2313,/data/home/mirick/ChordEdit/ablation_outputs/grid_metrics_random140_tstart_sweep_20260626_130536/0_random_140_000000000005/t_delta_0/cells/t_start_0__t_end_1.png
5,0_random_140,0.05,1.0,0.0,10.074393,0.230372,/data/home/mirick/ChordEdit/ablation_outputs/grid_metrics_random140_tstart_sweep_20260626_130536/0_random_140_000000000005/t_delta_0/cells/t_start_0p05__t_end_1.png
5,0_random_140,0.15,1.0,0.0,10.076389,0.227963,/data/home/mirick/ChordEdit/ablation_outputs/grid_metrics_random140_tstart_sweep_20260626_130536/0_random_140_000000000005/t_delta_0/cells/t_start_0p15__t_end_1.png
5,0_random_140,0.25,1.0,0.0,10.091009,0.227391,/data/home/mirick/ChordEdit/ablation_outputs/grid_metrics_random140_tstart_sweep_20260626_130536/0_random_140_000000000005/t_delta_0/cells/t_start_0p25__t_end_1.png
5,0_random_140,0.35,1.0,0.0,10.089596,0.225862,/data/home/mirick/ChordEdit/ablation_outputs/grid_metrics_random140_tstart_sweep_20260626_130536/0_random_140_000000000005/t_delta_0/cells/t_start_0p35__t_end_1.png
5,0_random_140,0.45,1.0,0.0,10.104799,0.224163,/data/home/mirick/ChordEdit/ablation_outputs/grid_metrics_random140_tstart_sweep_20260626_130536/0_random_140_000000000005/t_delta_0/cells/t_start_0p45__t_end_1.png
5,0_random_140,0.55,1.0,0.0,10.061473,0.226702,/data/home/mirick/ChordEdit/ablation_outputs/grid_metrics_random140_tstart_sweep_20260626_130536/0_random_140_000000000005/t_delta_0/cells/t_start_0p55__t_end_1.png
5,0_random_140,0.65,1.0,0.0,10.409822,0.235947,/data/home/mirick/ChordEdit/ablation_outputs/grid_metrics_random140_tstart_sweep_20260626_130536/0_random_140_000000000005/t_delta_0/cells/t_start_0p65__t_end_1.png
5,0_random_140,0.75,1.0,0.0,10.321024,0.236621,/data/home/mirick/ChordEdit/ablation_outputs/grid_metrics_random140_tstart_sweep_20260626_130536/0_random_140_000000000005/t_delta_0/cells/t_start_0p75__t_end_1.png
5,0_random_140,0.85,1.0,0.0,10.26863,0.223445,/data/home/mirick/ChordEdit/ablation_outputs/grid_metrics_random140_tstart_sweep_20260626_130536/0_random_140_000000000005/t_delta_0/cells/t_start_0p85__t_end_1.png
6,0_random_140,0.0,0.0,0.0,36.487848,0.228531,/data/home/mirick/ChordEdit/ablation_outputs/grid_metrics_random140_tstart_sweep_20260626_130536/0_random_140_000000000006/t_delta_0/cells/t_start_0__t_end_0.png
6,0_random_140,0.05,0.0,0.0,36.472593,0.228239,/data/home/mirick/ChordEdit/ablation_outputs/grid_metrics_random140_tstart_sweep_20260626_130536/0_random_140_000000000006/t_delta_0/cells/t_start_0p05__t_end_0.png
6,0_random_140,0.15,0.0,0.0,36.354499,0.228997,/data/home/mirick/ChordEdit/ablation_outputs/grid_metrics_random140_tstart_sweep_20260626_130536/0_random_140_000000000006/t_delta_0/cells/t_start_0p15__t_end_0.png
6,0_random_140,0.25,0.0,0.0,32.722424,0.225499,/data/home/mirick/ChordEdit/ablation_outputs/grid_metrics_random140_tstart_sweep_20260626_130536/0_random_140_000000000006/t_delta_0/cells/t_start_0p25__t_end_0.png
6,0_random_140,0.35,0.0,0.0,28.842231,0.228691,/data/home/mirick/ChordEdit/ablation_outputs/grid_metrics_random140_tstart_sweep_20260626_130536/0_random_140_000000000006/t_delta_0/cells/t_start_0p35__t_end_0.png
6,0_random_140,0.45,0.0,0.0,26.391702,0.220161,/data/home/mirick/ChordEdit/ablation_outputs/grid_metrics_random140_tstart_sweep_20260626_130536/0_random_140_000000000006/t_delta_0/cells/t_start_0p45__t_end_0.png
6,0_random_140,0.55,0.0,0.0,24.974523,0.212563,/data/home/mirick/ChordEdit/ablation_outputs/grid_metrics_random140_tstart_sweep_20260626_130536/0_random_140_000000000006/t_delta_0/cells/t_start_0p55__t_end_0.png
6,0_random_140,0.65,0.0,0.0,22.651625,0.160935,/data/home/mirick/ChordEdit/ablation_outputs/grid_metrics_random140_tstart_sweep_20260626_130536/0_random_140_000000000006/t_delta_0/cells/t_start_0p65__t_end_0.png
6,0_random_140,0.75,0.0,0.0,20.825319,0.249139,/data/home/mirick/ChordEdit/ablation_outputs/grid_metrics_random140_tstart_sweep_20260626_130536/0_random_140_000000000006/t_delta_0/cells/t_start_0p75__t_end_0.png
6,0_random_140,0.85,0.0,0.0,16.58798,0.269184,/data/home/mirick/ChordEdit/ablation_outputs/grid_metrics_random140_tstart_sweep_20260626_130536/0_random_140_000000000006/t_delta_0/cells/t_start_0p85__t_end_0.png
6,0_random_140,0.0,0.1,0.0,30.750537,0.223756,/data/home/mirick/ChordEdit/ablation_outputs/grid_metrics_random140_tstart_sweep_20260626_130536/0_random_140_000000000006/t_delta_0/cells/t_start_0__t_end_0p1.png
6,0_random_140,0.05,0.1,0.0,30.731143,0.223227,/data/home/mirick/ChordEdit/ablation_outputs/grid_metrics_random140_tstart_sweep_20260626_130536/0_random_140_000000000006/t_delta_0/cells/t_start_0p05__t_end_0p1.png
6,0_random_140,0.15,0.1,0.0,30.655898,0.220492,/data/home/mirick/ChordEdit/ablation_outputs/grid_metrics_random140_tstart_sweep_20260626_130536/0_random_140_000000000006/t_delta_0/cells/t_start_0p15__t_end_0p1.png
6,0_random_140,0.25,0.1,0.0,28.848126,0.239294,/data/home/mirick/ChordEdit/ablation_outputs/grid_metrics_random140_tstart_sweep_20260626_130536/0_random_140_000000000006/t_delta_0/cells/t_start_0p25__t_end_0p1.png
6,0_random_140,0.35,0.1,0.0,27.104757,0.253907,/data/home/mirick/ChordEdit/ablation_outputs/grid_metrics_random140_tstart_sweep_20260626_130536/0_random_140_000000000006/t_delta_0/cells/t_start_0p35__t_end_0p1.png
6,0_random_140,0.45,0.1,0.0,25.922562,0.286439,/data/home/mirick/ChordEdit/ablation_outputs/grid_metrics_random140_tstart_sweep_20260626_130536/0_random_140_000000000006/t_delta_0/cells/t_start_0p45__t_end_0p1.png
6,0_random_140,0.55,0.1,0.0,24.686032,0.305208,/data/home/mirick/ChordEdit/ablation_outputs/grid_metrics_random140_tstart_sweep_20260626_130536/0_random_140_000000000006/t_delta_0/cells/t_start_0p55__t_end_0p1.png
6,0_random_140,0.65,0.1,0.0,22.989272,0.298196,/data/home/mirick/ChordEdit/ablation_outputs/grid_metrics_random140_tstart_sweep_20260626_130536/0_random_140_000000000006/t_delta_0/cells/t_start_0p65__t_end_0p1.png
6,0_random_140,0.75,0.1,0.0,21.325674,0.294864,/data/home/mirick/ChordEdit/ablation_outputs/grid_metrics_random140_tstart_sweep_20260626_130536/0_random_140_000000000006/t_delta_0/cells/t_start_0p75__t_end_0p1.png
6,0_random_140,0.85,0.1,0.0,17.011968,0.321504,/data/home/mirick/ChordEdit/ablation_outputs/grid_metrics_random140_tstart_sweep_20260626_130536/0_random_140_000000000006/t_delta_0/cells/t_start_0p85__t_end_0p1.png
6,0_random_140,0.0,0.2,0.0,27.795171,0.227577,/data/home/mirick/ChordEdit/ablation_outputs/grid_metrics_random140_tstart_sweep_20260626_130536/0_random_140_000000000006/t_delta_0/cells/t_start_0__t_end_0p2.png
6,0_random_140,0.05,0.2,0.0,27.780505,0.22709,/data/home/mirick/ChordEdit/ablation_outputs/grid_metrics_random140_tstart_sweep_20260626_130536/0_random_140_000000000006/t_delta_0/cells/t_start_0p05__t_end_0p2.png
6,0_random_140,0.15,0.2,0.0,27.714704,0.228645,/data/home/mirick/ChordEdit/ablation_outputs/grid_metrics_random140_tstart_sweep_20260626_130536/0_random_140_000000000006/t_delta_0/cells/t_start_0p15__t_end_0p2.png
6,0_random_140,0.25,0.2,0.0,26.213724,0.250687,/data/home/mirick/ChordEdit/ablation_outputs/grid_metrics_random140_tstart_sweep_20260626_130536/0_random_140_000000000006/t_delta_0/cells/t_start_0p25__t_end_0p2.png
6,0_random_140,0.35,0.2,0.0,25.083546,0.275838,/data/home/mirick/ChordEdit/ablation_outputs/grid_metrics_random140_tstart_sweep_20260626_130536/0_random_140_000000000006/t_delta_0/cells/t_start_0p35__t_end_0p2.png
6,0_random_140,0.45,0.2,0.0,24.679843,0.286658,/data/home/mirick/ChordEdit/ablation_outputs/grid_metrics_random140_tstart_sweep_20260626_130536/0_random_140_000000000006/t_delta_0/cells/t_start_0p45__t_end_0p2.png
6,0_random_140,0.55,0.2,0.0,23.861771,0.306117,/data/home/mirick/ChordEdit/ablation_outputs/grid_metrics_random140_tstart_sweep_20260626_130536/0_random_140_000000000006/t_delta_0/cells/t_start_0p55__t_end_0p2.png
6,0_random_140,0.65,0.2,0.0,22.517513,0.297424,/data/home/mirick/ChordEdit/ablation_outputs/grid_metrics_random140_tstart_sweep_20260626_130536/0_random_140_000000000006/t_delta_0/cells/t_start_0p65__t_end_0p2.png
6,0_random_140,0.75,0.2,0.0,21.269402,0.285958,/data/home/mirick/ChordEdit/ablation_outputs/grid_metrics_random140_tstart_sweep_20260626_130536/0_random_140_000000000006/t_delta_0/cells/t_start_0p75__t_end_0p2.png
6,0_random_140,0.85,0.2,0.0,17.176747,0.310685,/data/home/mirick/ChordEdit/ablation_outputs/grid_metrics_random140_tstart_sweep_20260626_130536/0_random_140_000000000006/t_delta_0/cells/t_start_0p85__t_end_0p2.png
6,0_random_140,0.0,0.3,0.0,24.665442,0.29539,/data/home/mirick/ChordEdit/ablation_outputs/grid_metrics_random140_tstart_sweep_20260626_130536/0_random_140_000000000006/t_delta_0/cells/t_start_0__t_end_0p3.png
6,0_random_140,0.05,0.3,0.0,24.66248,0.294542,/data/home/mirick/ChordEdit/ablation_outputs/grid_metrics_random140_tstart_sweep_20260626_130536/0_random_140_000000000006/t_delta_0/cells/t_start_0p05__t_end_0p3.png
6,0_random_140,0.15,0.3,0.0,24.633772,0.294923,/data/home/mirick/ChordEdit/ablation_outputs/grid_metrics_random140_tstart_sweep_20260626_130536/0_random_140_000000000006/t_delta_0/cells/t_start_0p15__t_end_0p3.png
6,0_random_140,0.25,0.3,0.0,23.845519,0.27328,/data/home/mirick/ChordEdit/ablation_outputs/grid_metrics_random140_tstart_sweep_20260626_130536/0_random_140_000000000006/t_delta_0/cells/t_start_0p25__t_end_0p3.png
6,0_random_140,0.35,0.3,0.0,23.245489,0.271637,/data/home/mirick/ChordEdit/ablation_outputs/grid_metrics_random140_tstart_sweep_20260626_130536/0_random_140_000000000006/t_delta_0/cells/t_start_0p35__t_end_0p3.png
6,0_random_140,0.45,0.3,0.0,23.182704,0.276104,/data/home/mirick/ChordEdit/ablation_outputs/grid_metrics_random140_tstart_sweep_20260626_130536/0_random_140_000000000006/t_delta_0/cells/t_start_0p45__t_end_0p3.png
6,0_random_140,0.55,0.3,0.0,22.72202,0.292813,/data/home/mirick/ChordEdit/ablation_outputs/grid_metrics_random140_tstart_sweep_20260626_130536/0_random_140_000000000006/t_delta_0/cells/t_start_0p55__t_end_0p3.png
6,0_random_140,0.65,0.3,0.0,21.51803,0.272377,/data/home/mirick/ChordEdit/ablation_outputs/grid_metrics_random140_tstart_sweep_20260626_130536/0_random_140_000000000006/t_delta_0/cells/t_start_0p65__t_end_0p3.png
6,0_random_140,0.75,0.3,0.0,20.59315,0.299417,/data/home/mirick/ChordEdit/ablation_outputs/grid_metrics_random140_tstart_sweep_20260626_130536/0_random_140_000000000006/t_delta_0/cells/t_start_0p75__t_end_0p3.png
6,0_random_140,0.85,0.3,0.0,17.222958,0.308284,/data/home/mirick/ChordEdit/ablation_outputs/grid_metrics_random140_tstart_sweep_20260626_130536/0_random_140_000000000006/t_delta_0/cells/t_start_0p85__t_end_0p3.png
6,0_random_140,0.0,0.4,0.0,22.452515,0.280362,/data/home/mirick/ChordEdit/ablation_outputs/grid_metrics_random140_tstart_sweep_20260626_130536/0_random_140_000000000006/t_delta_0/cells/t_start_0__t_end_0p4.png
6,0_random_140,0.05,0.4,0.0,22.446585,0.281425,/data/home/mirick/ChordEdit/ablation_outputs/grid_metrics_random140_tstart_sweep_20260626_130536/0_random_140_000000000006/t_delta_0/cells/t_start_0p05__t_end_0p4.png
6,0_random_140,0.15,0.4,0.0,22.442637,0.291425,/data/home/mirick/ChordEdit/ablation_outputs/grid_metrics_random140_tstart_sweep_20260626_130536/0_random_140_000000000006/t_delta_0/cells/t_start_0p15__t_end_0p4.png
6,0_random_140,0.25,0.4,0.0,21.986037,0.296418,/data/home/mirick/ChordEdit/ablation_outputs/grid_metrics_random140_tstart_sweep_20260626_130536/0_random_140_000000000006/t_delta_0/cells/t_start_0p25__t_end_0p4.png
6,0_random_140,0.35,0.4,0.0,21.561906,0.233411,/data/home/mirick/ChordEdit/ablation_outputs/grid_metrics_random140_tstart_sweep_20260626_130536/0_random_140_000000000006/t_delta_0/cells/t_start_0p35__t_end_0p4.png
6,0_random_140,0.45,0.4,0.0,21.416566,0.254159,/data/home/mirick/ChordEdit/ablation_outputs/grid_metrics_random140_tstart_sweep_20260626_130536/0_random_140_000000000006/t_delta_0/cells/t_start_0p45__t_end_0p4.png
6,0_random_140,0.55,0.4,0.0,21.241519,0.302768,/data/home/mirick/ChordEdit/ablation_outputs/grid_metrics_random140_tstart_sweep_20260626_130536/0_random_140_000000000006/t_delta_0/cells/t_start_0p55__t_end_0p4.png
6,0_random_140,0.65,0.4,0.0,20.35527,0.277266,/data/home/mirick/ChordEdit/ablation_outputs/grid_metrics_random140_tstart_sweep_20260626_130536/0_random_140_000000000006/t_delta_0/cells/t_start_0p65__t_end_0p4.png
6,0_random_140,0.75,0.4,0.0,19.668715,0.310774,/data/home/mirick/ChordEdit/ablation_outputs/grid_metrics_random140_tstart_sweep_20260626_130536/0_random_140_000000000006/t_delta_0/cells/t_start_0p75__t_end_0p4.png
6,0_random_140,0.85,0.4,0.0,17.118429,0.302742,/data/home/mirick/ChordEdit/ablation_outputs/grid_metrics_random140_tstart_sweep_20260626_130536/0_random_140_000000000006/t_delta_0/cells/t_start_0p85__t_end_0p4.png
6,0_random_140,0.0,0.5,0.0,20.284036,0.293537,/data/home/mirick/ChordEdit/ablation_outputs/grid_metrics_random140_tstart_sweep_20260626_130536/0_random_140_000000000006/t_delta_0/cells/t_start_0__t_end_0p5.png
6,0_random_140,0.05,0.5,0.0,20.285113,0.293389,/data/home/mirick/ChordEdit/ablation_outputs/grid_metrics_random140_tstart_sweep_20260626_130536/0_random_140_000000000006/t_delta_0/cells/t_start_0p05__t_end_0p5.png
6,0_random_140,0.15,0.5,0.0,20.297126,0.292205,/data/home/mirick/ChordEdit/ablation_outputs/grid_metrics_random140_tstart_sweep_20260626_130536/0_random_140_000000000006/t_delta_0/cells/t_start_0p15__t_end_0p5.png
6,0_random_140,0.25,0.5,0.0,20.104541,0.295876,/data/home/mirick/ChordEdit/ablation_outputs/grid_metrics_random140_tstart_sweep_20260626_130536/0_random_140_000000000006/t_delta_0/cells/t_start_0p25__t_end_0p5.png
6,0_random_140,0.35,0.5,0.0,19.871244,0.269612,/data/home/mirick/ChordEdit/ablation_outputs/grid_metrics_random140_tstart_sweep_20260626_130536/0_random_140_000000000006/t_delta_0/cells/t_start_0p35__t_end_0p5.png
6,0_random_140,0.45,0.5,0.0,19.722645,0.283311,/data/home/mirick/ChordEdit/ablation_outputs/grid_metrics_random140_tstart_sweep_20260626_130536/0_random_140_000000000006/t_delta_0/cells/t_start_0p45__t_end_0p5.png
6,0_random_140,0.55,0.5,0.0,19.491462,0.306198,/data/home/mirick/ChordEdit/ablation_outputs/grid_metrics_random140_tstart_sweep_20260626_130536/0_random_140_000000000006/t_delta_0/cells/t_start_0p55__t_end_0p5.png
6,0_random_140,0.65,0.5,0.0,19.029515,0.302134,/data/home/mirick/ChordEdit/ablation_outputs/grid_metrics_random140_tstart_sweep_20260626_130536/0_random_140_000000000006/t_delta_0/cells/t_start_0p65__t_end_0p5.png
6,0_random_140,0.75,0.5,0.0,18.556409,0.31046,/data/home/mirick/ChordEdit/ablation_outputs/grid_metrics_random140_tstart_sweep_20260626_130536/0_random_140_000000000006/t_delta_0/cells/t_start_0p75__t_end_0p5.png
6,0_random_140,0.85,0.5,0.0,16.798039,0.304295,/data/home/mirick/ChordEdit/ablation_outputs/grid_metrics_random140_tstart_sweep_20260626_130536/0_random_140_000000000006/t_delta_0/cells/t_start_0p85__t_end_0p5.png
6,0_random_140,0.0,0.6,0.0,18.3122,0.303283,/data/home/mirick/ChordEdit/ablation_outputs/grid_metrics_random140_tstart_sweep_20260626_130536/0_random_140_000000000006/t_delta_0/cells/t_start_0__t_end_0p6.png
6,0_random_140,0.05,0.6,0.0,18.313123,0.303373,/data/home/mirick/ChordEdit/ablation_outputs/grid_metrics_random140_tstart_sweep_20260626_130536/0_random_140_000000000006/t_delta_0/cells/t_start_0p05__t_end_0p6.png
6,0_random_140,0.15,0.6,0.0,18.319858,0.302541,/data/home/mirick/ChordEdit/ablation_outputs/grid_metrics_random140_tstart_sweep_20260626_130536/0_random_140_000000000006/t_delta_0/cells/t_start_0p15__t_end_0p6.png
6,0_random_140,0.25,0.6,0.0,18.128088,0.299718,/data/home/mirick/ChordEdit/ablation_outputs/grid_metrics_random140_tstart_sweep_20260626_130536/0_random_140_000000000006/t_delta_0/cells/t_start_0p25__t_end_0p6.png
6,0_random_140,0.35,0.6,0.0,18.077639,0.289639,/data/home/mirick/ChordEdit/ablation_outputs/grid_metrics_random140_tstart_sweep_20260626_130536/0_random_140_000000000006/t_delta_0/cells/t_start_0p35__t_end_0p6.png
6,0_random_140,0.45,0.6,0.0,18.13414,0.298143,/data/home/mirick/ChordEdit/ablation_outputs/grid_metrics_random140_tstart_sweep_20260626_130536/0_random_140_000000000006/t_delta_0/cells/t_start_0p45__t_end_0p6.png
6,0_random_140,0.55,0.6,0.0,17.992617,0.310866,/data/home/mirick/ChordEdit/ablation_outputs/grid_metrics_random140_tstart_sweep_20260626_130536/0_random_140_000000000006/t_delta_0/cells/t_start_0p55__t_end_0p6.png
6,0_random_140,0.65,0.6,0.0,17.679746,0.310507,/data/home/mirick/ChordEdit/ablation_outputs/grid_metrics_random140_tstart_sweep_20260626_130536/0_random_140_000000000006/t_delta_0/cells/t_start_0p65__t_end_0p6.png
6,0_random_140,0.75,0.6,0.0,16.464063,0.308171,/data/home/mirick/ChordEdit/ablation_outputs/grid_metrics_random140_tstart_sweep_20260626_130536/0_random_140_000000000006/t_delta_0/cells/t_start_0p75__t_end_0p6.png
6,0_random_140,0.85,0.6,0.0,15.781824,0.302328,/data/home/mirick/ChordEdit/ablation_outputs/grid_metrics_random140_tstart_sweep_20260626_130536/0_random_140_000000000006/t_delta_0/cells/t_start_0p85__t_end_0p6.png
6,0_random_140,0.0,0.7,0.0,16.199091,0.303317,/data/home/mirick/ChordEdit/ablation_outputs/grid_metrics_random140_tstart_sweep_20260626_130536/0_random_140_000000000006/t_delta_0/cells/t_start_0__t_end_0p7.png
6,0_random_140,0.05,0.7,0.0,16.199329,0.303452,/data/home/mirick/ChordEdit/ablation_outputs/grid_metrics_random140_tstart_sweep_20260626_130536/0_random_140_000000000006/t_delta_0/cells/t_start_0p05__t_end_0p7.png
6,0_random_140,0.15,0.7,0.0,16.196883,0.304535,/data/home/mirick/ChordEdit/ablation_outputs/grid_metrics_random140_tstart_sweep_20260626_130536/0_random_140_000000000006/t_delta_0/cells/t_start_0p15__t_end_0p7.png
6,0_random_140,0.25,0.7,0.0,16.09382,0.304299,/data/home/mirick/ChordEdit/ablation_outputs/grid_metrics_random140_tstart_sweep_20260626_130536/0_random_140_000000000006/t_delta_0/cells/t_start_0p25__t_end_0p7.png
6,0_random_140,0.35,0.7,0.0,16.074995,0.305551,/data/home/mirick/ChordEdit/ablation_outputs/grid_metrics_random140_tstart_sweep_20260626_130536/0_random_140_000000000006/t_delta_0/cells/t_start_0p35__t_end_0p7.png
6,0_random_140,0.45,0.7,0.0,16.13309,0.305437,/data/home/mirick/ChordEdit/ablation_outputs/grid_metrics_random140_tstart_sweep_20260626_130536/0_random_140_000000000006/t_delta_0/cells/t_start_0p45__t_end_0p7.png
6,0_random_140,0.55,0.7,0.0,16.099498,0.308415,/data/home/mirick/ChordEdit/ablation_outputs/grid_metrics_random140_tstart_sweep_20260626_130536/0_random_140_000000000006/t_delta_0/cells/t_start_0p55__t_end_0p7.png
6,0_random_140,0.65,0.7,0.0,16.048655,0.312907,/data/home/mirick/ChordEdit/ablation_outputs/grid_metrics_random140_tstart_sweep_20260626_130536/0_random_140_000000000006/t_delta_0/cells/t_start_0p65__t_end_0p7.png
6,0_random_140,0.75,0.7,0.0,15.673337,0.306204,/data/home/mirick/ChordEdit/ablation_outputs/grid_metrics_random140_tstart_sweep_20260626_130536/0_random_140_000000000006/t_delta_0/cells/t_start_0p75__t_end_0p7.png
6,0_random_140,0.85,0.7,0.0,15.403519,0.293372,/data/home/mirick/ChordEdit/ablation_outputs/grid_metrics_random140_tstart_sweep_20260626_130536/0_random_140_000000000006/t_delta_0/cells/t_start_0p85__t_end_0p7.png
6,0_random_140,0.0,0.8,0.0,15.53709,0.317976,/data/home/mirick/ChordEdit/ablation_outputs/grid_metrics_random140_tstart_sweep_20260626_130536/0_random_140_000000000006/t_delta_0/cells/t_start_0__t_end_0p8.png
6,0_random_140,0.05,0.8,0.0,15.535134,0.318439,/data/home/mirick/ChordEdit/ablation_outputs/grid_metrics_random140_tstart_sweep_20260626_130536/0_random_140_000000000006/t_delta_0/cells/t_start_0p05__t_end_0p8.png
6,0_random_140,0.15,0.8,0.0,15.530808,0.319247,/data/home/mirick/ChordEdit/ablation_outputs/grid_metrics_random140_tstart_sweep_20260626_130536/0_random_140_000000000006/t_delta_0/cells/t_start_0p15__t_end_0p8.png
6,0_random_140,0.25,0.8,0.0,15.491624,0.318017,/data/home/mirick/ChordEdit/ablation_outputs/grid_metrics_random140_tstart_sweep_20260626_130536/0_random_140_000000000006/t_delta_0/cells/t_start_0p25__t_end_0p8.png
6,0_random_140,0.35,0.8,0.0,15.499196,0.315037,/data/home/mirick/ChordEdit/ablation_outputs/grid_metrics_random140_tstart_sweep_20260626_130536/0_random_140_000000000006/t_delta_0/cells/t_start_0p35__t_end_0p8.png
6,0_random_140,0.45,0.8,0.0,15.552824,0.312328,/data/home/mirick/ChordEdit/ablation_outputs/grid_metrics_random140_tstart_sweep_20260626_130536/0_random_140_000000000006/t_delta_0/cells/t_start_0p45__t_end_0p8.png
6,0_random_140,0.55,0.8,0.0,15.522169,0.313406,/data/home/mirick/ChordEdit/ablation_outputs/grid_metrics_random140_tstart_sweep_20260626_130536/0_random_140_000000000006/t_delta_0/cells/t_start_0p55__t_end_0p8.png
6,0_random_140,0.65,0.8,0.0,15.464788,0.310344,/data/home/mirick/ChordEdit/ablation_outputs/grid_metrics_random140_tstart_sweep_20260626_130536/0_random_140_000000000006/t_delta_0/cells/t_start_0p65__t_end_0p8.png
6,0_random_140,0.75,0.8,0.0,15.305094,0.302683,/data/home/mirick/ChordEdit/ablation_outputs/grid_metrics_random140_tstart_sweep_20260626_130536/0_random_140_000000000006/t_delta_0/cells/t_start_0p75__t_end_0p8.png
6,0_random_140,0.85,0.8,0.0,15.055611,0.298417,/data/home/mirick/ChordEdit/ablation_outputs/grid_metrics_random140_tstart_sweep_20260626_130536/0_random_140_000000000006/t_delta_0/cells/t_start_0p85__t_end_0p8.png
6,0_random_140,0.0,0.9,0.0,12.663016,0.304214,/data/home/mirick/ChordEdit/ablation_outputs/grid_metrics_random140_tstart_sweep_20260626_130536/0_random_140_000000000006/t_delta_0/cells/t_start_0__t_end_0p9.png
6,0_random_140,0.05,0.9,0.0,12.661857,0.303855,/data/home/mirick/ChordEdit/ablation_outputs/grid_metrics_random140_tstart_sweep_20260626_130536/0_random_140_000000000006/t_delta_0/cells/t_start_0p05__t_end_0p9.png
6,0_random_140,0.15,0.9,0.0,12.659333,0.303981,/data/home/mirick/ChordEdit/ablation_outputs/grid_metrics_random140_tstart_sweep_20260626_130536/0_random_140_000000000006/t_delta_0/cells/t_start_0p15__t_end_0p9.png
6,0_random_140,0.25,0.9,0.0,12.662334,0.30125,/data/home/mirick/ChordEdit/ablation_outputs/grid_metrics_random140_tstart_sweep_20260626_130536/0_random_140_000000000006/t_delta_0/cells/t_start_0p25__t_end_0p9.png
6,0_random_140,0.35,0.9,0.0,12.717733,0.303827,/data/home/mirick/ChordEdit/ablation_outputs/grid_metrics_random140_tstart_sweep_20260626_130536/0_random_140_000000000006/t_delta_0/cells/t_start_0p35__t_end_0p9.png
6,0_random_140,0.45,0.9,0.0,12.812436,0.299018,/data/home/mirick/ChordEdit/ablation_outputs/grid_metrics_random140_tstart_sweep_20260626_130536/0_random_140_000000000006/t_delta_0/cells/t_start_0p45__t_end_0p9.png
6,0_random_140,0.55,0.9,0.0,12.899478,0.301032,/data/home/mirick/ChordEdit/ablation_outputs/grid_metrics_random140_tstart_sweep_20260626_130536/0_random_140_000000000006/t_delta_0/cells/t_start_0p55__t_end_0p9.png
6,0_random_140,0.65,0.9,0.0,12.977608,0.305433,/data/home/mirick/ChordEdit/ablation_outputs/grid_metrics_random140_tstart_sweep_20260626_130536/0_random_140_000000000006/t_delta_0/cells/t_start_0p65__t_end_0p9.png
6,0_random_140,0.75,0.9,0.0,12.936146,0.302359,/data/home/mirick/ChordEdit/ablation_outputs/grid_metrics_random140_tstart_sweep_20260626_130536/0_random_140_000000000006/t_delta_0/cells/t_start_0p75__t_end_0p9.png
6,0_random_140,0.85,0.9,0.0,12.751923,0.304971,/data/home/mirick/ChordEdit/ablation_outputs/grid_metrics_random140_tstart_sweep_20260626_130536/0_random_140_000000000006/t_delta_0/cells/t_start_0p85__t_end_0p9.png
6,0_random_140,0.0,1.0,0.0,10.365127,0.32172,/data/home/mirick/ChordEdit/ablation_outputs/grid_metrics_random140_tstart_sweep_20260626_130536/0_random_140_000000000006/t_delta_0/cells/t_start_0__t_end_1.png
6,0_random_140,0.05,1.0,0.0,10.364891,0.322004,/data/home/mirick/ChordEdit/ablation_outputs/grid_metrics_random140_tstart_sweep_20260626_130536/0_random_140_000000000006/t_delta_0/cells/t_start_0p05__t_end_1.png
6,0_random_140,0.15,1.0,0.0,10.360303,0.321388,/data/home/mirick/ChordEdit/ablation_outputs/grid_metrics_random140_tstart_sweep_20260626_130536/0_random_140_000000000006/t_delta_0/cells/t_start_0p15__t_end_1.png
6,0_random_140,0.25,1.0,0.0,10.406381,0.322792,/data/home/mirick/ChordEdit/ablation_outputs/grid_metrics_random140_tstart_sweep_20260626_130536/0_random_140_000000000006/t_delta_0/cells/t_start_0p25__t_end_1.png
6,0_random_140,0.35,1.0,0.0,10.47382,0.323133,/data/home/mirick/ChordEdit/ablation_outputs/grid_metrics_random140_tstart_sweep_20260626_130536/0_random_140_000000000006/t_delta_0/cells/t_start_0p35__t_end_1.png
6,0_random_140,0.45,1.0,0.0,10.559224,0.32441,/data/home/mirick/ChordEdit/ablation_outputs/grid_metrics_random140_tstart_sweep_20260626_130536/0_random_140_000000000006/t_delta_0/cells/t_start_0p45__t_end_1.png
6,0_random_140,0.55,1.0,0.0,10.581218,0.327028,/data/home/mirick/ChordEdit/ablation_outputs/grid_metrics_random140_tstart_sweep_20260626_130536/0_random_140_000000000006/t_delta_0/cells/t_start_0p55__t_end_1.png
6,0_random_140,0.65,1.0,0.0,10.469662,0.328217,/data/home/mirick/ChordEdit/ablation_outputs/grid_metrics_random140_tstart_sweep_20260626_130536/0_random_140_000000000006/t_delta_0/cells/t_start_0p65__t_end_1.png
6,0_random_140,0.75,1.0,0.0,10.528045,0.329894,/data/home/mirick/ChordEdit/ablation_outputs/grid_metrics_random140_tstart_sweep_20260626_130536/0_random_140_000000000006/t_delta_0/cells/t_start_0p75__t_end_1.png
6,0_random_140,0.85,1.0,0.0,10.658503,0.312051,/data/home/mirick/ChordEdit/ablation_outputs/grid_metrics_random140_tstart_sweep_20260626_130536/0_random_140_000000000006/t_delta_0/cells/t_start_0p85__t_end_1.png
7,0_random_140,0.0,0.0,0.0,26.829518,0.238995,/data/home/mirick/ChordEdit/ablation_outputs/grid_metrics_random140_tstart_sweep_20260626_130536/0_random_140_000000000007/t_delta_0/cells/t_start_0__t_end_0.png
7,0_random_140,0.05,0.0,0.0,26.830675,0.239299,/data/home/mirick/ChordEdit/ablation_outputs/grid_metrics_random140_tstart_sweep_20260626_130536/0_random_140_000000000007/t_delta_0/cells/t_start_0p05__t_end_0.png
7,0_random_140,0.15,0.0,0.0,26.829355,0.239094,/data/home/mirick/ChordEdit/ablation_outputs/grid_metrics_random140_tstart_sweep_20260626_130536/0_random_140_000000000007/t_delta_0/cells/t_start_0p15__t_end_0.png
7,0_random_140,0.25,0.0,0.0,26.825287,0.238978,/data/home/mirick/ChordEdit/ablation_outputs/grid_metrics_random140_tstart_sweep_20260626_130536/0_random_140_000000000007/t_delta_0/cells/t_start_0p25__t_end_0.png
7,0_random_140,0.35,0.0,0.0,26.813088,0.238867,/data/home/mirick/ChordEdit/ablation_outputs/grid_metrics_random140_tstart_sweep_20260626_130536/0_random_140_000000000007/t_delta_0/cells/t_start_0p35__t_end_0.png
7,0_random_140,0.45,0.0,0.0,26.698012,0.239187,/data/home/mirick/ChordEdit/ablation_outputs/grid_metrics_random140_tstart_sweep_20260626_130536/0_random_140_000000000007/t_delta_0/cells/t_start_0p45__t_end_0.png
7,0_random_140,0.55,0.0,0.0,26.553885,0.23996,/data/home/mirick/ChordEdit/ablation_outputs/grid_metrics_random140_tstart_sweep_20260626_130536/0_random_140_000000000007/t_delta_0/cells/t_start_0p55__t_end_0.png
7,0_random_140,0.65,0.0,0.0,26.284225,0.238607,/data/home/mirick/ChordEdit/ablation_outputs/grid_metrics_random140_tstart_sweep_20260626_130536/0_random_140_000000000007/t_delta_0/cells/t_start_0p65__t_end_0.png
7,0_random_140,0.75,0.0,0.0,25.377445,0.239525,/data/home/mirick/ChordEdit/ablation_outputs/grid_metrics_random140_tstart_sweep_20260626_130536/0_random_140_000000000007/t_delta_0/cells/t_start_0p75__t_end_0.png
7,0_random_140,0.85,0.0,0.0,25.194111,0.231458,/data/home/mirick/ChordEdit/ablation_outputs/grid_metrics_random140_tstart_sweep_20260626_130536/0_random_140_000000000007/t_delta_0/cells/t_start_0p85__t_end_0.png
7,0_random_140,0.0,0.1,0.0,24.611805,0.249453,/data/home/mirick/ChordEdit/ablation_outputs/grid_metrics_random140_tstart_sweep_20260626_130536/0_random_140_000000000007/t_delta_0/cells/t_start_0__t_end_0p1.png
7,0_random_140,0.05,0.1,0.0,24.611453,0.249831,/data/home/mirick/ChordEdit/ablation_outputs/grid_metrics_random140_tstart_sweep_20260626_130536/0_random_140_000000000007/t_delta_0/cells/t_start_0p05__t_end_0p1.png
7,0_random_140,0.15,0.1,0.0,24.605684,0.25005,/data/home/mirick/ChordEdit/ablation_outputs/grid_metrics_random140_tstart_sweep_20260626_130536/0_random_140_000000000007/t_delta_0/cells/t_start_0p15__t_end_0p1.png
7,0_random_140,0.25,0.1,0.0,24.596134,0.250166,/data/home/mirick/ChordEdit/ablation_outputs/grid_metrics_random140_tstart_sweep_20260626_130536/0_random_140_000000000007/t_delta_0/cells/t_start_0p25__t_end_0p1.png
7,0_random_140,0.35,0.1,0.0,24.582187,0.249314,/data/home/mirick/ChordEdit/ablation_outputs/grid_metrics_random140_tstart_sweep_20260626_130536/0_random_140_000000000007/t_delta_0/cells/t_start_0p35__t_end_0p1.png
7,0_random_140,0.45,0.1,0.0,24.477787,0.2602,/data/home/mirick/ChordEdit/ablation_outputs/grid_metrics_random140_tstart_sweep_20260626_130536/0_random_140_000000000007/t_delta_0/cells/t_start_0p45__t_end_0p1.png
7,0_random_140,0.55,0.1,0.0,24.350615,0.25559,/data/home/mirick/ChordEdit/ablation_outputs/grid_metrics_random140_tstart_sweep_20260626_130536/0_random_140_000000000007/t_delta_0/cells/t_start_0p55__t_end_0p1.png
7,0_random_140,0.65,0.1,0.0,24.280547,0.245264,/data/home/mirick/ChordEdit/ablation_outputs/grid_metrics_random140_tstart_sweep_20260626_130536/0_random_140_000000000007/t_delta_0/cells/t_start_0p65__t_end_0p1.png
7,0_random_140,0.75,0.1,0.0,24.030145,0.24677,/data/home/mirick/ChordEdit/ablation_outputs/grid_metrics_random140_tstart_sweep_20260626_130536/0_random_140_000000000007/t_delta_0/cells/t_start_0p75__t_end_0p1.png
7,0_random_140,0.85,0.1,0.0,24.069671,0.244051,/data/home/mirick/ChordEdit/ablation_outputs/grid_metrics_random140_tstart_sweep_20260626_130536/0_random_140_000000000007/t_delta_0/cells/t_start_0p85__t_end_0p1.png
7,0_random_140,0.0,0.2,0.0,23.251001,0.257126,/data/home/mirick/ChordEdit/ablation_outputs/grid_metrics_random140_tstart_sweep_20260626_130536/0_random_140_000000000007/t_delta_0/cells/t_start_0__t_end_0p2.png
7,0_random_140,0.05,0.2,0.0,23.251511,0.257616,/data/home/mirick/ChordEdit/ablation_outputs/grid_metrics_random140_tstart_sweep_20260626_130536/0_random_140_000000000007/t_delta_0/cells/t_start_0p05__t_end_0p2.png
7,0_random_140,0.15,0.2,0.0,23.249169,0.25773,/data/home/mirick/ChordEdit/ablation_outputs/grid_metrics_random140_tstart_sweep_20260626_130536/0_random_140_000000000007/t_delta_0/cells/t_start_0p15__t_end_0p2.png
7,0_random_140,0.25,0.2,0.0,23.236764,0.257487,/data/home/mirick/ChordEdit/ablation_outputs/grid_metrics_random140_tstart_sweep_20260626_130536/0_random_140_000000000007/t_delta_0/cells/t_start_0p25__t_end_0p2.png
7,0_random_140,0.35,0.2,0.0,23.220683,0.25688,/data/home/mirick/ChordEdit/ablation_outputs/grid_metrics_random140_tstart_sweep_20260626_130536/0_random_140_000000000007/t_delta_0/cells/t_start_0p35__t_end_0p2.png
7,0_random_140,0.45,0.2,0.0,23.098633,0.262831,/data/home/mirick/ChordEdit/ablation_outputs/grid_metrics_random140_tstart_sweep_20260626_130536/0_random_140_000000000007/t_delta_0/cells/t_start_0p45__t_end_0p2.png
7,0_random_140,0.55,0.2,0.0,22.990387,0.264671,/data/home/mirick/ChordEdit/ablation_outputs/grid_metrics_random140_tstart_sweep_20260626_130536/0_random_140_000000000007/t_delta_0/cells/t_start_0p55__t_end_0p2.png
7,0_random_140,0.65,0.2,0.0,22.926786,0.255483,/data/home/mirick/ChordEdit/ablation_outputs/grid_metrics_random140_tstart_sweep_20260626_130536/0_random_140_000000000007/t_delta_0/cells/t_start_0p65__t_end_0p2.png
7,0_random_140,0.75,0.2,0.0,22.890437,0.256256,/data/home/mirick/ChordEdit/ablation_outputs/grid_metrics_random140_tstart_sweep_20260626_130536/0_random_140_000000000007/t_delta_0/cells/t_start_0p75__t_end_0p2.png
7,0_random_140,0.85,0.2,0.0,22.912747,0.251317,/data/home/mirick/ChordEdit/ablation_outputs/grid_metrics_random140_tstart_sweep_20260626_130536/0_random_140_000000000007/t_delta_0/cells/t_start_0p85__t_end_0p2.png
7,0_random_140,0.0,0.3,0.0,21.948107,0.25474,/data/home/mirick/ChordEdit/ablation_outputs/grid_metrics_random140_tstart_sweep_20260626_130536/0_random_140_000000000007/t_delta_0/cells/t_start_0__t_end_0p3.png
7,0_random_140,0.05,0.3,0.0,21.948852,0.254697,/data/home/mirick/ChordEdit/ablation_outputs/grid_metrics_random140_tstart_sweep_20260626_130536/0_random_140_000000000007/t_delta_0/cells/t_start_0p05__t_end_0p3.png
7,0_random_140,0.15,0.3,0.0,21.948723,0.255131,/data/home/mirick/ChordEdit/ablation_outputs/grid_metrics_random140_tstart_sweep_20260626_130536/0_random_140_000000000007/t_delta_0/cells/t_start_0p15__t_end_0p3.png
7,0_random_140,0.25,0.3,0.0,21.949368,0.253866,/data/home/mirick/ChordEdit/ablation_outputs/grid_metrics_random140_tstart_sweep_20260626_130536/0_random_140_000000000007/t_delta_0/cells/t_start_0p25__t_end_0p3.png
7,0_random_140,0.35,0.3,0.0,21.93798,0.255649,/data/home/mirick/ChordEdit/ablation_outputs/grid_metrics_random140_tstart_sweep_20260626_130536/0_random_140_000000000007/t_delta_0/cells/t_start_0p35__t_end_0p3.png
7,0_random_140,0.45,0.3,0.0,21.846955,0.26048,/data/home/mirick/ChordEdit/ablation_outputs/grid_metrics_random140_tstart_sweep_20260626_130536/0_random_140_000000000007/t_delta_0/cells/t_start_0p45__t_end_0p3.png
7,0_random_140,0.55,0.3,0.0,21.7522,0.262652,/data/home/mirick/ChordEdit/ablation_outputs/grid_metrics_random140_tstart_sweep_20260626_130536/0_random_140_000000000007/t_delta_0/cells/t_start_0p55__t_end_0p3.png
7,0_random_140,0.65,0.3,0.0,21.640238,0.257847,/data/home/mirick/ChordEdit/ablation_outputs/grid_metrics_random140_tstart_sweep_20260626_130536/0_random_140_000000000007/t_delta_0/cells/t_start_0p65__t_end_0p3.png
7,0_random_140,0.75,0.3,0.0,21.705862,0.253933,/data/home/mirick/ChordEdit/ablation_outputs/grid_metrics_random140_tstart_sweep_20260626_130536/0_random_140_000000000007/t_delta_0/cells/t_start_0p75__t_end_0p3.png
7,0_random_140,0.85,0.3,0.0,21.671971,0.250687,/data/home/mirick/ChordEdit/ablation_outputs/grid_metrics_random140_tstart_sweep_20260626_130536/0_random_140_000000000007/t_delta_0/cells/t_start_0p85__t_end_0p3.png
7,0_random_140,0.0,0.4,0.0,20.619205,0.255665,/data/home/mirick/ChordEdit/ablation_outputs/grid_metrics_random140_tstart_sweep_20260626_130536/0_random_140_000000000007/t_delta_0/cells/t_start_0__t_end_0p4.png
7,0_random_140,0.05,0.4,0.0,20.620429,0.256227,/data/home/mirick/ChordEdit/ablation_outputs/grid_metrics_random140_tstart_sweep_20260626_130536/0_random_140_000000000007/t_delta_0/cells/t_start_0p05__t_end_0p4.png
7,0_random_140,0.15,0.4,0.0,20.621671,0.256427,/data/home/mirick/ChordEdit/ablation_outputs/grid_metrics_random140_tstart_sweep_20260626_130536/0_random_140_000000000007/t_delta_0/cells/t_start_0p15__t_end_0p4.png
7,0_random_140,0.25,0.4,0.0,20.618489,0.256013,/data/home/mirick/ChordEdit/ablation_outputs/grid_metrics_random140_tstart_sweep_20260626_130536/0_random_140_000000000007/t_delta_0/cells/t_start_0p25__t_end_0p4.png
7,0_random_140,0.35,0.4,0.0,20.613894,0.256906,/data/home/mirick/ChordEdit/ablation_outputs/grid_metrics_random140_tstart_sweep_20260626_130536/0_random_140_000000000007/t_delta_0/cells/t_start_0p35__t_end_0p4.png
7,0_random_140,0.45,0.4,0.0,20.546996,0.260426,/data/home/mirick/ChordEdit/ablation_outputs/grid_metrics_random140_tstart_sweep_20260626_130536/0_random_140_000000000007/t_delta_0/cells/t_start_0p45__t_end_0p4.png
7,0_random_140,0.55,0.4,0.0,20.484491,0.260908,/data/home/mirick/ChordEdit/ablation_outputs/grid_metrics_random140_tstart_sweep_20260626_130536/0_random_140_000000000007/t_delta_0/cells/t_start_0p55__t_end_0p4.png
7,0_random_140,0.65,0.4,0.0,20.354105,0.255712,/data/home/mirick/ChordEdit/ablation_outputs/grid_metrics_random140_tstart_sweep_20260626_130536/0_random_140_000000000007/t_delta_0/cells/t_start_0p65__t_end_0p4.png
7,0_random_140,0.75,0.4,0.0,20.468872,0.253251,/data/home/mirick/ChordEdit/ablation_outputs/grid_metrics_random140_tstart_sweep_20260626_130536/0_random_140_000000000007/t_delta_0/cells/t_start_0p75__t_end_0p4.png
7,0_random_140,0.85,0.4,0.0,20.400628,0.248283,/data/home/mirick/ChordEdit/ablation_outputs/grid_metrics_random140_tstart_sweep_20260626_130536/0_random_140_000000000007/t_delta_0/cells/t_start_0p85__t_end_0p4.png
7,0_random_140,0.0,0.5,0.0,19.369882,0.261494,/data/home/mirick/ChordEdit/ablation_outputs/grid_metrics_random140_tstart_sweep_20260626_130536/0_random_140_000000000007/t_delta_0/cells/t_start_0__t_end_0p5.png
7,0_random_140,0.05,0.5,0.0,19.370414,0.261244,/data/home/mirick/ChordEdit/ablation_outputs/grid_metrics_random140_tstart_sweep_20260626_130536/0_random_140_000000000007/t_delta_0/cells/t_start_0p05__t_end_0p5.png
7,0_random_140,0.15,0.5,0.0,19.370386,0.262047,/data/home/mirick/ChordEdit/ablation_outputs/grid_metrics_random140_tstart_sweep_20260626_130536/0_random_140_000000000007/t_delta_0/cells/t_start_0p15__t_end_0p5.png
7,0_random_140,0.25,0.5,0.0,19.368423,0.261632,/data/home/mirick/ChordEdit/ablation_outputs/grid_metrics_random140_tstart_sweep_20260626_130536/0_random_140_000000000007/t_delta_0/cells/t_start_0p25__t_end_0p5.png
7,0_random_140,0.35,0.5,0.0,19.361392,0.263344,/data/home/mirick/ChordEdit/ablation_outputs/grid_metrics_random140_tstart_sweep_20260626_130536/0_random_140_000000000007/t_delta_0/cells/t_start_0p35__t_end_0p5.png
7,0_random_140,0.45,0.5,0.0,19.315637,0.262745,/data/home/mirick/ChordEdit/ablation_outputs/grid_metrics_random140_tstart_sweep_20260626_130536/0_random_140_000000000007/t_delta_0/cells/t_start_0p45__t_end_0p5.png
7,0_random_140,0.55,0.5,0.0,19.134355,0.260856,/data/home/mirick/ChordEdit/ablation_outputs/grid_metrics_random140_tstart_sweep_20260626_130536/0_random_140_000000000007/t_delta_0/cells/t_start_0p55__t_end_0p5.png
7,0_random_140,0.65,0.5,0.0,19.147691,0.255037,/data/home/mirick/ChordEdit/ablation_outputs/grid_metrics_random140_tstart_sweep_20260626_130536/0_random_140_000000000007/t_delta_0/cells/t_start_0p65__t_end_0p5.png
7,0_random_140,0.75,0.5,0.0,19.269094,0.263595,/data/home/mirick/ChordEdit/ablation_outputs/grid_metrics_random140_tstart_sweep_20260626_130536/0_random_140_000000000007/t_delta_0/cells/t_start_0p75__t_end_0p5.png
7,0_random_140,0.85,0.5,0.0,19.129015,0.250787,/data/home/mirick/ChordEdit/ablation_outputs/grid_metrics_random140_tstart_sweep_20260626_130536/0_random_140_000000000007/t_delta_0/cells/t_start_0p85__t_end_0p5.png
7,0_random_140,0.0,0.6,0.0,18.12066,0.256827,/data/home/mirick/ChordEdit/ablation_outputs/grid_metrics_random140_tstart_sweep_20260626_130536/0_random_140_000000000007/t_delta_0/cells/t_start_0__t_end_0p6.png
7,0_random_140,0.05,0.6,0.0,18.120686,0.256919,/data/home/mirick/ChordEdit/ablation_outputs/grid_metrics_random140_tstart_sweep_20260626_130536/0_random_140_000000000007/t_delta_0/cells/t_start_0p05__t_end_0p6.png
7,0_random_140,0.15,0.6,0.0,18.119978,0.256562,/data/home/mirick/ChordEdit/ablation_outputs/grid_metrics_random140_tstart_sweep_20260626_130536/0_random_140_000000000007/t_delta_0/cells/t_start_0p15__t_end_0p6.png
7,0_random_140,0.25,0.6,0.0,18.118182,0.257284,/data/home/mirick/ChordEdit/ablation_outputs/grid_metrics_random140_tstart_sweep_20260626_130536/0_random_140_000000000007/t_delta_0/cells/t_start_0p25__t_end_0p6.png
7,0_random_140,0.35,0.6,0.0,18.112693,0.257532,/data/home/mirick/ChordEdit/ablation_outputs/grid_metrics_random140_tstart_sweep_20260626_130536/0_random_140_000000000007/t_delta_0/cells/t_start_0p35__t_end_0p6.png
7,0_random_140,0.45,0.6,0.0,18.075083,0.255767,/data/home/mirick/ChordEdit/ablation_outputs/grid_metrics_random140_tstart_sweep_20260626_130536/0_random_140_000000000007/t_delta_0/cells/t_start_0p45__t_end_0p6.png
7,0_random_140,0.55,0.6,0.0,17.977706,0.251426,/data/home/mirick/ChordEdit/ablation_outputs/grid_metrics_random140_tstart_sweep_20260626_130536/0_random_140_000000000007/t_delta_0/cells/t_start_0p55__t_end_0p6.png
7,0_random_140,0.65,0.6,0.0,17.91493,0.25054,/data/home/mirick/ChordEdit/ablation_outputs/grid_metrics_random140_tstart_sweep_20260626_130536/0_random_140_000000000007/t_delta_0/cells/t_start_0p65__t_end_0p6.png
7,0_random_140,0.75,0.6,0.0,18.04533,0.251764,/data/home/mirick/ChordEdit/ablation_outputs/grid_metrics_random140_tstart_sweep_20260626_130536/0_random_140_000000000007/t_delta_0/cells/t_start_0p75__t_end_0p6.png
7,0_random_140,0.85,0.6,0.0,17.823337,0.250659,/data/home/mirick/ChordEdit/ablation_outputs/grid_metrics_random140_tstart_sweep_20260626_130536/0_random_140_000000000007/t_delta_0/cells/t_start_0p85__t_end_0p6.png
7,0_random_140,0.0,0.7,0.0,17.028042,0.243842,/data/home/mirick/ChordEdit/ablation_outputs/grid_metrics_random140_tstart_sweep_20260626_130536/0_random_140_000000000007/t_delta_0/cells/t_start_0__t_end_0p7.png
7,0_random_140,0.05,0.7,0.0,17.026635,0.243446,/data/home/mirick/ChordEdit/ablation_outputs/grid_metrics_random140_tstart_sweep_20260626_130536/0_random_140_000000000007/t_delta_0/cells/t_start_0p05__t_end_0p7.png
7,0_random_140,0.15,0.7,0.0,17.02301,0.244162,/data/home/mirick/ChordEdit/ablation_outputs/grid_metrics_random140_tstart_sweep_20260626_130536/0_random_140_000000000007/t_delta_0/cells/t_start_0p15__t_end_0p7.png
7,0_random_140,0.25,0.7,0.0,17.020272,0.245916,/data/home/mirick/ChordEdit/ablation_outputs/grid_metrics_random140_tstart_sweep_20260626_130536/0_random_140_000000000007/t_delta_0/cells/t_start_0p25__t_end_0p7.png
7,0_random_140,0.35,0.7,0.0,17.021335,0.245417,/data/home/mirick/ChordEdit/ablation_outputs/grid_metrics_random140_tstart_sweep_20260626_130536/0_random_140_000000000007/t_delta_0/cells/t_start_0p35__t_end_0p7.png
7,0_random_140,0.45,0.7,0.0,17.01314,0.245801,/data/home/mirick/ChordEdit/ablation_outputs/grid_metrics_random140_tstart_sweep_20260626_130536/0_random_140_000000000007/t_delta_0/cells/t_start_0p45__t_end_0p7.png
7,0_random_140,0.55,0.7,0.0,16.981593,0.245588,/data/home/mirick/ChordEdit/ablation_outputs/grid_metrics_random140_tstart_sweep_20260626_130536/0_random_140_000000000007/t_delta_0/cells/t_start_0p55__t_end_0p7.png
7,0_random_140,0.65,0.7,0.0,16.875492,0.244337,/data/home/mirick/ChordEdit/ablation_outputs/grid_metrics_random140_tstart_sweep_20260626_130536/0_random_140_000000000007/t_delta_0/cells/t_start_0p65__t_end_0p7.png
7,0_random_140,0.75,0.7,0.0,16.756559,0.234965,/data/home/mirick/ChordEdit/ablation_outputs/grid_metrics_random140_tstart_sweep_20260626_130536/0_random_140_000000000007/t_delta_0/cells/t_start_0p75__t_end_0p7.png
7,0_random_140,0.85,0.7,0.0,16.689821,0.250433,/data/home/mirick/ChordEdit/ablation_outputs/grid_metrics_random140_tstart_sweep_20260626_130536/0_random_140_000000000007/t_delta_0/cells/t_start_0p85__t_end_0p7.png
7,0_random_140,0.0,0.8,0.0,15.524654,0.233864,/data/home/mirick/ChordEdit/ablation_outputs/grid_metrics_random140_tstart_sweep_20260626_130536/0_random_140_000000000007/t_delta_0/cells/t_start_0__t_end_0p8.png
7,0_random_140,0.05,0.8,0.0,15.524386,0.234616,/data/home/mirick/ChordEdit/ablation_outputs/grid_metrics_random140_tstart_sweep_20260626_130536/0_random_140_000000000007/t_delta_0/cells/t_start_0p05__t_end_0p8.png
7,0_random_140,0.15,0.8,0.0,15.523957,0.234018,/data/home/mirick/ChordEdit/ablation_outputs/grid_metrics_random140_tstart_sweep_20260626_130536/0_random_140_000000000007/t_delta_0/cells/t_start_0p15__t_end_0p8.png
7,0_random_140,0.25,0.8,0.0,15.524517,0.234498,/data/home/mirick/ChordEdit/ablation_outputs/grid_metrics_random140_tstart_sweep_20260626_130536/0_random_140_000000000007/t_delta_0/cells/t_start_0p25__t_end_0p8.png
7,0_random_140,0.35,0.8,0.0,15.525029,0.234613,/data/home/mirick/ChordEdit/ablation_outputs/grid_metrics_random140_tstart_sweep_20260626_130536/0_random_140_000000000007/t_delta_0/cells/t_start_0p35__t_end_0p8.png
7,0_random_140,0.45,0.8,0.0,15.521639,0.234651,/data/home/mirick/ChordEdit/ablation_outputs/grid_metrics_random140_tstart_sweep_20260626_130536/0_random_140_000000000007/t_delta_0/cells/t_start_0p45__t_end_0p8.png
7,0_random_140,0.55,0.8,0.0,15.521027,0.237377,/data/home/mirick/ChordEdit/ablation_outputs/grid_metrics_random140_tstart_sweep_20260626_130536/0_random_140_000000000007/t_delta_0/cells/t_start_0p55__t_end_0p8.png
7,0_random_140,0.65,0.8,0.0,15.508011,0.232632,/data/home/mirick/ChordEdit/ablation_outputs/grid_metrics_random140_tstart_sweep_20260626_130536/0_random_140_000000000007/t_delta_0/cells/t_start_0p65__t_end_0p8.png
7,0_random_140,0.75,0.8,0.0,15.63646,0.243206,/data/home/mirick/ChordEdit/ablation_outputs/grid_metrics_random140_tstart_sweep_20260626_130536/0_random_140_000000000007/t_delta_0/cells/t_start_0p75__t_end_0p8.png
7,0_random_140,0.85,0.8,0.0,15.366651,0.229184,/data/home/mirick/ChordEdit/ablation_outputs/grid_metrics_random140_tstart_sweep_20260626_130536/0_random_140_000000000007/t_delta_0/cells/t_start_0p85__t_end_0p8.png
7,0_random_140,0.0,0.9,0.0,14.645909,0.225829,/data/home/mirick/ChordEdit/ablation_outputs/grid_metrics_random140_tstart_sweep_20260626_130536/0_random_140_000000000007/t_delta_0/cells/t_start_0__t_end_0p9.png
7,0_random_140,0.05,0.9,0.0,14.64612,0.225625,/data/home/mirick/ChordEdit/ablation_outputs/grid_metrics_random140_tstart_sweep_20260626_130536/0_random_140_000000000007/t_delta_0/cells/t_start_0p05__t_end_0p9.png
7,0_random_140,0.15,0.9,0.0,14.646623,0.225881,/data/home/mirick/ChordEdit/ablation_outputs/grid_metrics_random140_tstart_sweep_20260626_130536/0_random_140_000000000007/t_delta_0/cells/t_start_0p15__t_end_0p9.png
7,0_random_140,0.25,0.9,0.0,14.647651,0.225769,/data/home/mirick/ChordEdit/ablation_outputs/grid_metrics_random140_tstart_sweep_20260626_130536/0_random_140_000000000007/t_delta_0/cells/t_start_0p25__t_end_0p9.png
7,0_random_140,0.35,0.9,0.0,14.647442,0.225055,/data/home/mirick/ChordEdit/ablation_outputs/grid_metrics_random140_tstart_sweep_20260626_130536/0_random_140_000000000007/t_delta_0/cells/t_start_0p35__t_end_0p9.png
7,0_random_140,0.45,0.9,0.0,14.645216,0.225079,/data/home/mirick/ChordEdit/ablation_outputs/grid_metrics_random140_tstart_sweep_20260626_130536/0_random_140_000000000007/t_delta_0/cells/t_start_0p45__t_end_0p9.png
7,0_random_140,0.55,0.9,0.0,14.637017,0.220091,/data/home/mirick/ChordEdit/ablation_outputs/grid_metrics_random140_tstart_sweep_20260626_130536/0_random_140_000000000007/t_delta_0/cells/t_start_0p55__t_end_0p9.png
7,0_random_140,0.65,0.9,0.0,14.639873,0.226643,/data/home/mirick/ChordEdit/ablation_outputs/grid_metrics_random140_tstart_sweep_20260626_130536/0_random_140_000000000007/t_delta_0/cells/t_start_0p65__t_end_0p9.png
7,0_random_140,0.75,0.9,0.0,14.94819,0.235279,/data/home/mirick/ChordEdit/ablation_outputs/grid_metrics_random140_tstart_sweep_20260626_130536/0_random_140_000000000007/t_delta_0/cells/t_start_0p75__t_end_0p9.png
7,0_random_140,0.85,0.9,0.0,14.593768,0.227877,/data/home/mirick/ChordEdit/ablation_outputs/grid_metrics_random140_tstart_sweep_20260626_130536/0_random_140_000000000007/t_delta_0/cells/t_start_0p85__t_end_0p9.png
7,0_random_140,0.0,1.0,0.0,13.344798,0.173814,/data/home/mirick/ChordEdit/ablation_outputs/grid_metrics_random140_tstart_sweep_20260626_130536/0_random_140_000000000007/t_delta_0/cells/t_start_0__t_end_1.png
7,0_random_140,0.05,1.0,0.0,13.34494,0.173888,/data/home/mirick/ChordEdit/ablation_outputs/grid_metrics_random140_tstart_sweep_20260626_130536/0_random_140_000000000007/t_delta_0/cells/t_start_0p05__t_end_1.png
7,0_random_140,0.15,1.0,0.0,13.344547,0.173479,/data/home/mirick/ChordEdit/ablation_outputs/grid_metrics_random140_tstart_sweep_20260626_130536/0_random_140_000000000007/t_delta_0/cells/t_start_0p15__t_end_1.png
7,0_random_140,0.25,1.0,0.0,13.345903,0.174629,/data/home/mirick/ChordEdit/ablation_outputs/grid_metrics_random140_tstart_sweep_20260626_130536/0_random_140_000000000007/t_delta_0/cells/t_start_0p25__t_end_1.png
7,0_random_140,0.35,1.0,0.0,13.344466,0.173575,/data/home/mirick/ChordEdit/ablation_outputs/grid_metrics_random140_tstart_sweep_20260626_130536/0_random_140_000000000007/t_delta_0/cells/t_start_0p35__t_end_1.png
7,0_random_140,0.45,1.0,0.0,13.337452,0.174171,/data/home/mirick/ChordEdit/ablation_outputs/grid_metrics_random140_tstart_sweep_20260626_130536/0_random_140_000000000007/t_delta_0/cells/t_start_0p45__t_end_1.png
7,0_random_140,0.55,1.0,0.0,13.338886,0.172415,/data/home/mirick/ChordEdit/ablation_outputs/grid_metrics_random140_tstart_sweep_20260626_130536/0_random_140_000000000007/t_delta_0/cells/t_start_0p55__t_end_1.png
7,0_random_140,0.65,1.0,0.0,13.332871,0.174166,/data/home/mirick/ChordEdit/ablation_outputs/grid_metrics_random140_tstart_sweep_20260626_130536/0_random_140_000000000007/t_delta_0/cells/t_start_0p65__t_end_1.png
7,0_random_140,0.75,1.0,0.0,13.362144,0.176742,/data/home/mirick/ChordEdit/ablation_outputs/grid_metrics_random140_tstart_sweep_20260626_130536/0_random_140_000000000007/t_delta_0/cells/t_start_0p75__t_end_1.png
7,0_random_140,0.85,1.0,0.0,13.097031,0.173681,/data/home/mirick/ChordEdit/ablation_outputs/grid_metrics_random140_tstart_sweep_20260626_130536/0_random_140_000000000007/t_delta_0/cells/t_start_0p85__t_end_1.png
8,0_random_140,0.0,0.0,0.0,31.66622,0.104496,/data/home/mirick/ChordEdit/ablation_outputs/grid_metrics_random140_tstart_sweep_20260626_130536/0_random_140_000000000008/t_delta_0/cells/t_start_0__t_end_0.png
8,0_random_140,0.05,0.0,0.0,31.654037,0.10612,/data/home/mirick/ChordEdit/ablation_outputs/grid_metrics_random140_tstart_sweep_20260626_130536/0_random_140_000000000008/t_delta_0/cells/t_start_0p05__t_end_0.png
8,0_random_140,0.15,0.0,0.0,31.551777,0.09831,/data/home/mirick/ChordEdit/ablation_outputs/grid_metrics_random140_tstart_sweep_20260626_130536/0_random_140_000000000008/t_delta_0/cells/t_start_0p15__t_end_0.png
8,0_random_140,0.25,0.0,0.0,31.359373,0.087759,/data/home/mirick/ChordEdit/ablation_outputs/grid_metrics_random140_tstart_sweep_20260626_130536/0_random_140_000000000008/t_delta_0/cells/t_start_0p25__t_end_0.png
8,0_random_140,0.35,0.0,0.0,30.758095,0.095134,/data/home/mirick/ChordEdit/ablation_outputs/grid_metrics_random140_tstart_sweep_20260626_130536/0_random_140_000000000008/t_delta_0/cells/t_start_0p35__t_end_0.png
8,0_random_140,0.45,0.0,0.0,28.764754,0.113977,/data/home/mirick/ChordEdit/ablation_outputs/grid_metrics_random140_tstart_sweep_20260626_130536/0_random_140_000000000008/t_delta_0/cells/t_start_0p45__t_end_0.png
8,0_random_140,0.55,0.0,0.0,28.451055,0.103059,/data/home/mirick/ChordEdit/ablation_outputs/grid_metrics_random140_tstart_sweep_20260626_130536/0_random_140_000000000008/t_delta_0/cells/t_start_0p55__t_end_0.png
8,0_random_140,0.65,0.0,0.0,25.540053,0.114257,/data/home/mirick/ChordEdit/ablation_outputs/grid_metrics_random140_tstart_sweep_20260626_130536/0_random_140_000000000008/t_delta_0/cells/t_start_0p65__t_end_0.png
8,0_random_140,0.75,0.0,0.0,22.723164,0.102616,/data/home/mirick/ChordEdit/ablation_outputs/grid_metrics_random140_tstart_sweep_20260626_130536/0_random_140_000000000008/t_delta_0/cells/t_start_0p75__t_end_0.png
8,0_random_140,0.85,0.0,0.0,20.780095,0.108653,/data/home/mirick/ChordEdit/ablation_outputs/grid_metrics_random140_tstart_sweep_20260626_130536/0_random_140_000000000008/t_delta_0/cells/t_start_0p85__t_end_0.png
8,0_random_140,0.0,0.1,0.0,26.57048,0.102623,/data/home/mirick/ChordEdit/ablation_outputs/grid_metrics_random140_tstart_sweep_20260626_130536/0_random_140_000000000008/t_delta_0/cells/t_start_0__t_end_0p1.png
8,0_random_140,0.05,0.1,0.0,26.556241,0.098664,/data/home/mirick/ChordEdit/ablation_outputs/grid_metrics_random140_tstart_sweep_20260626_130536/0_random_140_000000000008/t_delta_0/cells/t_start_0p05__t_end_0p1.png
8,0_random_140,0.15,0.1,0.0,26.516139,0.092799,/data/home/mirick/ChordEdit/ablation_outputs/grid_metrics_random140_tstart_sweep_20260626_130536/0_random_140_000000000008/t_delta_0/cells/t_start_0p15__t_end_0p1.png
8,0_random_140,0.25,0.1,0.0,26.482468,0.085602,/data/home/mirick/ChordEdit/ablation_outputs/grid_metrics_random140_tstart_sweep_20260626_130536/0_random_140_000000000008/t_delta_0/cells/t_start_0p25__t_end_0p1.png
8,0_random_140,0.35,0.1,0.0,26.301149,0.085366,/data/home/mirick/ChordEdit/ablation_outputs/grid_metrics_random140_tstart_sweep_20260626_130536/0_random_140_000000000008/t_delta_0/cells/t_start_0p35__t_end_0p1.png
8,0_random_140,0.45,0.1,0.0,25.778668,0.101624,/data/home/mirick/ChordEdit/ablation_outputs/grid_metrics_random140_tstart_sweep_20260626_130536/0_random_140_000000000008/t_delta_0/cells/t_start_0p45__t_end_0p1.png
8,0_random_140,0.55,0.1,0.0,25.831635,0.122355,/data/home/mirick/ChordEdit/ablation_outputs/grid_metrics_random140_tstart_sweep_20260626_130536/0_random_140_000000000008/t_delta_0/cells/t_start_0p55__t_end_0p1.png
8,0_random_140,0.65,0.1,0.0,24.711818,0.115221,/data/home/mirick/ChordEdit/ablation_outputs/grid_metrics_random140_tstart_sweep_20260626_130536/0_random_140_000000000008/t_delta_0/cells/t_start_0p65__t_end_0p1.png
8,0_random_140,0.75,0.1,0.0,22.737821,0.110363,/data/home/mirick/ChordEdit/ablation_outputs/grid_metrics_random140_tstart_sweep_20260626_130536/0_random_140_000000000008/t_delta_0/cells/t_start_0p75__t_end_0p1.png
8,0_random_140,0.85,0.1,0.0,21.400394,0.110603,/data/home/mirick/ChordEdit/ablation_outputs/grid_metrics_random140_tstart_sweep_20260626_130536/0_random_140_000000000008/t_delta_0/cells/t_start_0p85__t_end_0p1.png
8,0_random_140,0.0,0.2,0.0,24.295527,0.094836,/data/home/mirick/ChordEdit/ablation_outputs/grid_metrics_random140_tstart_sweep_20260626_130536/0_random_140_000000000008/t_delta_0/cells/t_start_0__t_end_0p2.png
8,0_random_140,0.05,0.2,0.0,24.290313,0.090854,/data/home/mirick/ChordEdit/ablation_outputs/grid_metrics_random140_tstart_sweep_20260626_130536/0_random_140_000000000008/t_delta_0/cells/t_start_0p05__t_end_0p2.png
8,0_random_140,0.15,0.2,0.0,24.253752,0.089624,/data/home/mirick/ChordEdit/ablation_outputs/grid_metrics_random140_tstart_sweep_20260626_130536/0_random_140_000000000008/t_delta_0/cells/t_start_0p15__t_end_0p2.png
8,0_random_140,0.25,0.2,0.0,24.229879,0.075303,/data/home/mirick/ChordEdit/ablation_outputs/grid_metrics_random140_tstart_sweep_20260626_130536/0_random_140_000000000008/t_delta_0/cells/t_start_0p25__t_end_0p2.png
8,0_random_140,0.35,0.2,0.0,24.081493,0.068673,/data/home/mirick/ChordEdit/ablation_outputs/grid_metrics_random140_tstart_sweep_20260626_130536/0_random_140_000000000008/t_delta_0/cells/t_start_0p35__t_end_0p2.png
8,0_random_140,0.45,0.2,0.0,23.522993,0.1008,/data/home/mirick/ChordEdit/ablation_outputs/grid_metrics_random140_tstart_sweep_20260626_130536/0_random_140_000000000008/t_delta_0/cells/t_start_0p45__t_end_0p2.png
8,0_random_140,0.55,0.2,0.0,23.815847,0.104654,/data/home/mirick/ChordEdit/ablation_outputs/grid_metrics_random140_tstart_sweep_20260626_130536/0_random_140_000000000008/t_delta_0/cells/t_start_0p55__t_end_0p2.png
8,0_random_140,0.65,0.2,0.0,23.241224,0.100126,/data/home/mirick/ChordEdit/ablation_outputs/grid_metrics_random140_tstart_sweep_20260626_130536/0_random_140_000000000008/t_delta_0/cells/t_start_0p65__t_end_0p2.png
8,0_random_140,0.75,0.2,0.0,21.745209,0.110545,/data/home/mirick/ChordEdit/ablation_outputs/grid_metrics_random140_tstart_sweep_20260626_130536/0_random_140_000000000008/t_delta_0/cells/t_start_0p75__t_end_0p2.png
8,0_random_140,0.85,0.2,0.0,20.888873,0.09802,/data/home/mirick/ChordEdit/ablation_outputs/grid_metrics_random140_tstart_sweep_20260626_130536/0_random_140_000000000008/t_delta_0/cells/t_start_0p85__t_end_0p2.png
8,0_random_140,0.0,0.3,0.0,22.278885,0.081011,/data/home/mirick/ChordEdit/ablation_outputs/grid_metrics_random140_tstart_sweep_20260626_130536/0_random_140_000000000008/t_delta_0/cells/t_start_0__t_end_0p3.png
8,0_random_140,0.05,0.3,0.0,22.276307,0.077612,/data/home/mirick/ChordEdit/ablation_outputs/grid_metrics_random140_tstart_sweep_20260626_130536/0_random_140_000000000008/t_delta_0/cells/t_start_0p05__t_end_0p3.png
8,0_random_140,0.15,0.3,0.0,22.259742,0.073941,/data/home/mirick/ChordEdit/ablation_outputs/grid_metrics_random140_tstart_sweep_20260626_130536/0_random_140_000000000008/t_delta_0/cells/t_start_0p15__t_end_0p3.png
8,0_random_140,0.25,0.3,0.0,22.244646,0.066447,/data/home/mirick/ChordEdit/ablation_outputs/grid_metrics_random140_tstart_sweep_20260626_130536/0_random_140_000000000008/t_delta_0/cells/t_start_0p25__t_end_0p3.png
8,0_random_140,0.35,0.3,0.0,22.058946,0.087837,/data/home/mirick/ChordEdit/ablation_outputs/grid_metrics_random140_tstart_sweep_20260626_130536/0_random_140_000000000008/t_delta_0/cells/t_start_0p35__t_end_0p3.png
8,0_random_140,0.45,0.3,0.0,21.395849,0.105987,/data/home/mirick/ChordEdit/ablation_outputs/grid_metrics_random140_tstart_sweep_20260626_130536/0_random_140_000000000008/t_delta_0/cells/t_start_0p45__t_end_0p3.png
8,0_random_140,0.55,0.3,0.0,21.813763,0.087788,/data/home/mirick/ChordEdit/ablation_outputs/grid_metrics_random140_tstart_sweep_20260626_130536/0_random_140_000000000008/t_delta_0/cells/t_start_0p55__t_end_0p3.png
8,0_random_140,0.65,0.3,0.0,21.487712,0.094034,/data/home/mirick/ChordEdit/ablation_outputs/grid_metrics_random140_tstart_sweep_20260626_130536/0_random_140_000000000008/t_delta_0/cells/t_start_0p65__t_end_0p3.png
8,0_random_140,0.75,0.3,0.0,20.324552,0.100007,/data/home/mirick/ChordEdit/ablation_outputs/grid_metrics_random140_tstart_sweep_20260626_130536/0_random_140_000000000008/t_delta_0/cells/t_start_0p75__t_end_0p3.png
8,0_random_140,0.85,0.3,0.0,19.929855,0.08873,/data/home/mirick/ChordEdit/ablation_outputs/grid_metrics_random140_tstart_sweep_20260626_130536/0_random_140_000000000008/t_delta_0/cells/t_start_0p85__t_end_0p3.png
8,0_random_140,0.0,0.4,0.0,20.302318,0.093156,/data/home/mirick/ChordEdit/ablation_outputs/grid_metrics_random140_tstart_sweep_20260626_130536/0_random_140_000000000008/t_delta_0/cells/t_start_0__t_end_0p4.png
8,0_random_140,0.05,0.4,0.0,20.300456,0.093132,/data/home/mirick/ChordEdit/ablation_outputs/grid_metrics_random140_tstart_sweep_20260626_130536/0_random_140_000000000008/t_delta_0/cells/t_start_0p05__t_end_0p4.png
8,0_random_140,0.15,0.4,0.0,20.286204,0.094028,/data/home/mirick/ChordEdit/ablation_outputs/grid_metrics_random140_tstart_sweep_20260626_130536/0_random_140_000000000008/t_delta_0/cells/t_start_0p15__t_end_0p4.png
8,0_random_140,0.25,0.4,0.0,20.274094,0.093223,/data/home/mirick/ChordEdit/ablation_outputs/grid_metrics_random140_tstart_sweep_20260626_130536/0_random_140_000000000008/t_delta_0/cells/t_start_0p25__t_end_0p4.png
8,0_random_140,0.35,0.4,0.0,20.11559,0.078252,/data/home/mirick/ChordEdit/ablation_outputs/grid_metrics_random140_tstart_sweep_20260626_130536/0_random_140_000000000008/t_delta_0/cells/t_start_0p35__t_end_0p4.png
8,0_random_140,0.45,0.4,0.0,19.721074,0.098435,/data/home/mirick/ChordEdit/ablation_outputs/grid_metrics_random140_tstart_sweep_20260626_130536/0_random_140_000000000008/t_delta_0/cells/t_start_0p45__t_end_0p4.png
8,0_random_140,0.55,0.4,0.0,19.774315,0.085602,/data/home/mirick/ChordEdit/ablation_outputs/grid_metrics_random140_tstart_sweep_20260626_130536/0_random_140_000000000008/t_delta_0/cells/t_start_0p55__t_end_0p4.png
8,0_random_140,0.65,0.4,0.0,19.744481,0.096967,/data/home/mirick/ChordEdit/ablation_outputs/grid_metrics_random140_tstart_sweep_20260626_130536/0_random_140_000000000008/t_delta_0/cells/t_start_0p65__t_end_0p4.png
8,0_random_140,0.75,0.4,0.0,18.970958,0.099846,/data/home/mirick/ChordEdit/ablation_outputs/grid_metrics_random140_tstart_sweep_20260626_130536/0_random_140_000000000008/t_delta_0/cells/t_start_0p75__t_end_0p4.png
8,0_random_140,0.85,0.4,0.0,18.298295,0.097299,/data/home/mirick/ChordEdit/ablation_outputs/grid_metrics_random140_tstart_sweep_20260626_130536/0_random_140_000000000008/t_delta_0/cells/t_start_0p85__t_end_0p4.png
8,0_random_140,0.0,0.5,0.0,18.314271,0.100499,/data/home/mirick/ChordEdit/ablation_outputs/grid_metrics_random140_tstart_sweep_20260626_130536/0_random_140_000000000008/t_delta_0/cells/t_start_0__t_end_0p5.png
8,0_random_140,0.05,0.5,0.0,18.31763,0.10187,/data/home/mirick/ChordEdit/ablation_outputs/grid_metrics_random140_tstart_sweep_20260626_130536/0_random_140_000000000008/t_delta_0/cells/t_start_0p05__t_end_0p5.png
8,0_random_140,0.15,0.5,0.0,18.332767,0.098427,/data/home/mirick/ChordEdit/ablation_outputs/grid_metrics_random140_tstart_sweep_20260626_130536/0_random_140_000000000008/t_delta_0/cells/t_start_0p15__t_end_0p5.png
8,0_random_140,0.25,0.5,0.0,18.346861,0.096015,/data/home/mirick/ChordEdit/ablation_outputs/grid_metrics_random140_tstart_sweep_20260626_130536/0_random_140_000000000008/t_delta_0/cells/t_start_0p25__t_end_0p5.png
8,0_random_140,0.35,0.5,0.0,18.283169,0.098342,/data/home/mirick/ChordEdit/ablation_outputs/grid_metrics_random140_tstart_sweep_20260626_130536/0_random_140_000000000008/t_delta_0/cells/t_start_0p35__t_end_0p5.png
8,0_random_140,0.45,0.5,0.0,18.143267,0.107612,/data/home/mirick/ChordEdit/ablation_outputs/grid_metrics_random140_tstart_sweep_20260626_130536/0_random_140_000000000008/t_delta_0/cells/t_start_0p45__t_end_0p5.png
8,0_random_140,0.55,0.5,0.0,17.756971,0.10392,/data/home/mirick/ChordEdit/ablation_outputs/grid_metrics_random140_tstart_sweep_20260626_130536/0_random_140_000000000008/t_delta_0/cells/t_start_0p55__t_end_0p5.png
8,0_random_140,0.65,0.5,0.0,17.838318,0.08095,/data/home/mirick/ChordEdit/ablation_outputs/grid_metrics_random140_tstart_sweep_20260626_130536/0_random_140_000000000008/t_delta_0/cells/t_start_0p65__t_end_0p5.png
8,0_random_140,0.75,0.5,0.0,17.396605,0.083795,/data/home/mirick/ChordEdit/ablation_outputs/grid_metrics_random140_tstart_sweep_20260626_130536/0_random_140_000000000008/t_delta_0/cells/t_start_0p75__t_end_0p5.png
8,0_random_140,0.85,0.5,0.0,16.924517,0.08128,/data/home/mirick/ChordEdit/ablation_outputs/grid_metrics_random140_tstart_sweep_20260626_130536/0_random_140_000000000008/t_delta_0/cells/t_start_0p85__t_end_0p5.png
8,0_random_140,0.0,0.6,0.0,16.684883,0.09546,/data/home/mirick/ChordEdit/ablation_outputs/grid_metrics_random140_tstart_sweep_20260626_130536/0_random_140_000000000008/t_delta_0/cells/t_start_0__t_end_0p6.png
8,0_random_140,0.05,0.6,0.0,16.690992,0.094485,/data/home/mirick/ChordEdit/ablation_outputs/grid_metrics_random140_tstart_sweep_20260626_130536/0_random_140_000000000008/t_delta_0/cells/t_start_0p05__t_end_0p6.png
8,0_random_140,0.15,0.6,0.0,16.698764,0.097006,/data/home/mirick/ChordEdit/ablation_outputs/grid_metrics_random140_tstart_sweep_20260626_130536/0_random_140_000000000008/t_delta_0/cells/t_start_0p15__t_end_0p6.png
8,0_random_140,0.25,0.6,0.0,16.731979,0.100425,/data/home/mirick/ChordEdit/ablation_outputs/grid_metrics_random140_tstart_sweep_20260626_130536/0_random_140_000000000008/t_delta_0/cells/t_start_0p25__t_end_0p6.png
8,0_random_140,0.35,0.6,0.0,16.661151,0.095693,/data/home/mirick/ChordEdit/ablation_outputs/grid_metrics_random140_tstart_sweep_20260626_130536/0_random_140_000000000008/t_delta_0/cells/t_start_0p35__t_end_0p6.png
8,0_random_140,0.45,0.6,0.0,16.512395,0.095762,/data/home/mirick/ChordEdit/ablation_outputs/grid_metrics_random140_tstart_sweep_20260626_130536/0_random_140_000000000008/t_delta_0/cells/t_start_0p45__t_end_0p6.png
8,0_random_140,0.55,0.6,0.0,16.681413,0.111908,/data/home/mirick/ChordEdit/ablation_outputs/grid_metrics_random140_tstart_sweep_20260626_130536/0_random_140_000000000008/t_delta_0/cells/t_start_0p55__t_end_0p6.png
8,0_random_140,0.65,0.6,0.0,16.580118,0.104512,/data/home/mirick/ChordEdit/ablation_outputs/grid_metrics_random140_tstart_sweep_20260626_130536/0_random_140_000000000008/t_delta_0/cells/t_start_0p65__t_end_0p6.png
8,0_random_140,0.75,0.6,0.0,16.170207,0.11626,/data/home/mirick/ChordEdit/ablation_outputs/grid_metrics_random140_tstart_sweep_20260626_130536/0_random_140_000000000008/t_delta_0/cells/t_start_0p75__t_end_0p6.png
8,0_random_140,0.85,0.6,0.0,15.681257,0.073373,/data/home/mirick/ChordEdit/ablation_outputs/grid_metrics_random140_tstart_sweep_20260626_130536/0_random_140_000000000008/t_delta_0/cells/t_start_0p85__t_end_0p6.png
8,0_random_140,0.0,0.7,0.0,14.867802,0.073769,/data/home/mirick/ChordEdit/ablation_outputs/grid_metrics_random140_tstart_sweep_20260626_130536/0_random_140_000000000008/t_delta_0/cells/t_start_0__t_end_0p7.png
8,0_random_140,0.05,0.7,0.0,14.866339,0.071723,/data/home/mirick/ChordEdit/ablation_outputs/grid_metrics_random140_tstart_sweep_20260626_130536/0_random_140_000000000008/t_delta_0/cells/t_start_0p05__t_end_0p7.png
8,0_random_140,0.15,0.7,0.0,14.855378,0.066389,/data/home/mirick/ChordEdit/ablation_outputs/grid_metrics_random140_tstart_sweep_20260626_130536/0_random_140_000000000008/t_delta_0/cells/t_start_0p15__t_end_0p7.png
8,0_random_140,0.25,0.7,0.0,14.843358,0.076433,/data/home/mirick/ChordEdit/ablation_outputs/grid_metrics_random140_tstart_sweep_20260626_130536/0_random_140_000000000008/t_delta_0/cells/t_start_0p25__t_end_0p7.png
8,0_random_140,0.35,0.7,0.0,14.869685,0.082952,/data/home/mirick/ChordEdit/ablation_outputs/grid_metrics_random140_tstart_sweep_20260626_130536/0_random_140_000000000008/t_delta_0/cells/t_start_0p35__t_end_0p7.png
8,0_random_140,0.45,0.7,0.0,14.824109,0.068143,/data/home/mirick/ChordEdit/ablation_outputs/grid_metrics_random140_tstart_sweep_20260626_130536/0_random_140_000000000008/t_delta_0/cells/t_start_0p45__t_end_0p7.png
8,0_random_140,0.55,0.7,0.0,14.87506,0.125023,/data/home/mirick/ChordEdit/ablation_outputs/grid_metrics_random140_tstart_sweep_20260626_130536/0_random_140_000000000008/t_delta_0/cells/t_start_0p55__t_end_0p7.png
8,0_random_140,0.65,0.7,0.0,14.963312,0.12608,/data/home/mirick/ChordEdit/ablation_outputs/grid_metrics_random140_tstart_sweep_20260626_130536/0_random_140_000000000008/t_delta_0/cells/t_start_0p65__t_end_0p7.png
8,0_random_140,0.75,0.7,0.0,14.454569,0.100924,/data/home/mirick/ChordEdit/ablation_outputs/grid_metrics_random140_tstart_sweep_20260626_130536/0_random_140_000000000008/t_delta_0/cells/t_start_0p75__t_end_0p7.png
8,0_random_140,0.85,0.7,0.0,14.825677,0.088737,/data/home/mirick/ChordEdit/ablation_outputs/grid_metrics_random140_tstart_sweep_20260626_130536/0_random_140_000000000008/t_delta_0/cells/t_start_0p85__t_end_0p7.png
8,0_random_140,0.0,0.8,0.0,13.300862,0.145869,/data/home/mirick/ChordEdit/ablation_outputs/grid_metrics_random140_tstart_sweep_20260626_130536/0_random_140_000000000008/t_delta_0/cells/t_start_0__t_end_0p8.png
8,0_random_140,0.05,0.8,0.0,13.303983,0.14675,/data/home/mirick/ChordEdit/ablation_outputs/grid_metrics_random140_tstart_sweep_20260626_130536/0_random_140_000000000008/t_delta_0/cells/t_start_0p05__t_end_0p8.png
8,0_random_140,0.15,0.8,0.0,13.300061,0.146632,/data/home/mirick/ChordEdit/ablation_outputs/grid_metrics_random140_tstart_sweep_20260626_130536/0_random_140_000000000008/t_delta_0/cells/t_start_0p15__t_end_0p8.png
8,0_random_140,0.25,0.8,0.0,13.291964,0.143358,/data/home/mirick/ChordEdit/ablation_outputs/grid_metrics_random140_tstart_sweep_20260626_130536/0_random_140_000000000008/t_delta_0/cells/t_start_0p25__t_end_0p8.png
8,0_random_140,0.35,0.8,0.0,13.288173,0.142132,/data/home/mirick/ChordEdit/ablation_outputs/grid_metrics_random140_tstart_sweep_20260626_130536/0_random_140_000000000008/t_delta_0/cells/t_start_0p35__t_end_0p8.png
8,0_random_140,0.45,0.8,0.0,13.214609,0.14304,/data/home/mirick/ChordEdit/ablation_outputs/grid_metrics_random140_tstart_sweep_20260626_130536/0_random_140_000000000008/t_delta_0/cells/t_start_0p45__t_end_0p8.png
8,0_random_140,0.55,0.8,0.0,13.400684,0.129264,/data/home/mirick/ChordEdit/ablation_outputs/grid_metrics_random140_tstart_sweep_20260626_130536/0_random_140_000000000008/t_delta_0/cells/t_start_0p55__t_end_0p8.png
8,0_random_140,0.65,0.8,0.0,13.438625,0.145314,/data/home/mirick/ChordEdit/ablation_outputs/grid_metrics_random140_tstart_sweep_20260626_130536/0_random_140_000000000008/t_delta_0/cells/t_start_0p65__t_end_0p8.png
8,0_random_140,0.75,0.8,0.0,13.040459,0.136719,/data/home/mirick/ChordEdit/ablation_outputs/grid_metrics_random140_tstart_sweep_20260626_130536/0_random_140_000000000008/t_delta_0/cells/t_start_0p75__t_end_0p8.png
8,0_random_140,0.85,0.8,0.0,13.309758,0.141493,/data/home/mirick/ChordEdit/ablation_outputs/grid_metrics_random140_tstart_sweep_20260626_130536/0_random_140_000000000008/t_delta_0/cells/t_start_0p85__t_end_0p8.png
8,0_random_140,0.0,0.9,0.0,12.939395,0.123091,/data/home/mirick/ChordEdit/ablation_outputs/grid_metrics_random140_tstart_sweep_20260626_130536/0_random_140_000000000008/t_delta_0/cells/t_start_0__t_end_0p9.png
8,0_random_140,0.05,0.9,0.0,12.937866,0.121906,/data/home/mirick/ChordEdit/ablation_outputs/grid_metrics_random140_tstart_sweep_20260626_130536/0_random_140_000000000008/t_delta_0/cells/t_start_0p05__t_end_0p9.png
8,0_random_140,0.15,0.9,0.0,12.931002,0.122361,/data/home/mirick/ChordEdit/ablation_outputs/grid_metrics_random140_tstart_sweep_20260626_130536/0_random_140_000000000008/t_delta_0/cells/t_start_0p15__t_end_0p9.png
8,0_random_140,0.25,0.9,0.0,12.914724,0.129549,/data/home/mirick/ChordEdit/ablation_outputs/grid_metrics_random140_tstart_sweep_20260626_130536/0_random_140_000000000008/t_delta_0/cells/t_start_0p25__t_end_0p9.png
8,0_random_140,0.35,0.9,0.0,12.935345,0.12578,/data/home/mirick/ChordEdit/ablation_outputs/grid_metrics_random140_tstart_sweep_20260626_130536/0_random_140_000000000008/t_delta_0/cells/t_start_0p35__t_end_0p9.png
8,0_random_140,0.45,0.9,0.0,12.910934,0.118809,/data/home/mirick/ChordEdit/ablation_outputs/grid_metrics_random140_tstart_sweep_20260626_130536/0_random_140_000000000008/t_delta_0/cells/t_start_0p45__t_end_0p9.png
8,0_random_140,0.55,0.9,0.0,12.97052,0.122309,/data/home/mirick/ChordEdit/ablation_outputs/grid_metrics_random140_tstart_sweep_20260626_130536/0_random_140_000000000008/t_delta_0/cells/t_start_0p55__t_end_0p9.png
8,0_random_140,0.65,0.9,0.0,12.964409,0.115272,/data/home/mirick/ChordEdit/ablation_outputs/grid_metrics_random140_tstart_sweep_20260626_130536/0_random_140_000000000008/t_delta_0/cells/t_start_0p65__t_end_0p9.png
8,0_random_140,0.75,0.9,0.0,12.539413,0.168428,/data/home/mirick/ChordEdit/ablation_outputs/grid_metrics_random140_tstart_sweep_20260626_130536/0_random_140_000000000008/t_delta_0/cells/t_start_0p75__t_end_0p9.png
8,0_random_140,0.85,0.9,0.0,12.638188,0.138551,/data/home/mirick/ChordEdit/ablation_outputs/grid_metrics_random140_tstart_sweep_20260626_130536/0_random_140_000000000008/t_delta_0/cells/t_start_0p85__t_end_0p9.png
8,0_random_140,0.0,1.0,0.0,11.645696,0.134909,/data/home/mirick/ChordEdit/ablation_outputs/grid_metrics_random140_tstart_sweep_20260626_130536/0_random_140_000000000008/t_delta_0/cells/t_start_0__t_end_1.png
8,0_random_140,0.05,1.0,0.0,11.647391,0.133348,/data/home/mirick/ChordEdit/ablation_outputs/grid_metrics_random140_tstart_sweep_20260626_130536/0_random_140_000000000008/t_delta_0/cells/t_start_0p05__t_end_1.png
8,0_random_140,0.15,1.0,0.0,11.653119,0.133794,/data/home/mirick/ChordEdit/ablation_outputs/grid_metrics_random140_tstart_sweep_20260626_130536/0_random_140_000000000008/t_delta_0/cells/t_start_0p15__t_end_1.png
8,0_random_140,0.25,1.0,0.0,11.661268,0.138079,/data/home/mirick/ChordEdit/ablation_outputs/grid_metrics_random140_tstart_sweep_20260626_130536/0_random_140_000000000008/t_delta_0/cells/t_start_0p25__t_end_1.png
8,0_random_140,0.35,1.0,0.0,11.648623,0.135865,/data/home/mirick/ChordEdit/ablation_outputs/grid_metrics_random140_tstart_sweep_20260626_130536/0_random_140_000000000008/t_delta_0/cells/t_start_0p35__t_end_1.png
8,0_random_140,0.45,1.0,0.0,11.64132,0.135762,/data/home/mirick/ChordEdit/ablation_outputs/grid_metrics_random140_tstart_sweep_20260626_130536/0_random_140_000000000008/t_delta_0/cells/t_start_0p45__t_end_1.png
8,0_random_140,0.55,1.0,0.0,11.615833,0.129373,/data/home/mirick/ChordEdit/ablation_outputs/grid_metrics_random140_tstart_sweep_20260626_130536/0_random_140_000000000008/t_delta_0/cells/t_start_0p55__t_end_1.png
8,0_random_140,0.65,1.0,0.0,11.561278,0.131334,/data/home/mirick/ChordEdit/ablation_outputs/grid_metrics_random140_tstart_sweep_20260626_130536/0_random_140_000000000008/t_delta_0/cells/t_start_0p65__t_end_1.png
8,0_random_140,0.75,1.0,0.0,11.518094,0.150659,/data/home/mirick/ChordEdit/ablation_outputs/grid_metrics_random140_tstart_sweep_20260626_130536/0_random_140_000000000008/t_delta_0/cells/t_start_0p75__t_end_1.png
8,0_random_140,0.85,1.0,0.0,11.607399,0.150703,/data/home/mirick/ChordEdit/ablation_outputs/grid_metrics_random140_tstart_sweep_20260626_130536/0_random_140_000000000008/t_delta_0/cells/t_start_0p85__t_end_1.png
9,0_random_140,0.0,0.0,0.0,35.233028,0.201857,/data/home/mirick/ChordEdit/ablation_outputs/grid_metrics_random140_tstart_sweep_20260626_130536/0_random_140_000000000009/t_delta_0/cells/t_start_0__t_end_0.png
9,0_random_140,0.05,0.0,0.0,34.556719,0.201235,/data/home/mirick/ChordEdit/ablation_outputs/grid_metrics_random140_tstart_sweep_20260626_130536/0_random_140_000000000009/t_delta_0/cells/t_start_0p05__t_end_0.png
9,0_random_140,0.15,0.0,0.0,31.979508,0.199286,/data/home/mirick/ChordEdit/ablation_outputs/grid_metrics_random140_tstart_sweep_20260626_130536/0_random_140_000000000009/t_delta_0/cells/t_start_0p15__t_end_0.png
9,0_random_140,0.25,0.0,0.0,28.987893,0.191066,/data/home/mirick/ChordEdit/ablation_outputs/grid_metrics_random140_tstart_sweep_20260626_130536/0_random_140_000000000009/t_delta_0/cells/t_start_0p25__t_end_0.png
9,0_random_140,0.35,0.0,0.0,25.801056,0.198315,/data/home/mirick/ChordEdit/ablation_outputs/grid_metrics_random140_tstart_sweep_20260626_130536/0_random_140_000000000009/t_delta_0/cells/t_start_0p35__t_end_0.png
9,0_random_140,0.45,0.0,0.0,23.277402,0.202296,/data/home/mirick/ChordEdit/ablation_outputs/grid_metrics_random140_tstart_sweep_20260626_130536/0_random_140_000000000009/t_delta_0/cells/t_start_0p45__t_end_0.png
9,0_random_140,0.55,0.0,0.0,21.079843,0.180191,/data/home/mirick/ChordEdit/ablation_outputs/grid_metrics_random140_tstart_sweep_20260626_130536/0_random_140_000000000009/t_delta_0/cells/t_start_0p55__t_end_0.png
9,0_random_140,0.65,0.0,0.0,18.756292,0.137571,/data/home/mirick/ChordEdit/ablation_outputs/grid_metrics_random140_tstart_sweep_20260626_130536/0_random_140_000000000009/t_delta_0/cells/t_start_0p65__t_end_0.png
9,0_random_140,0.75,0.0,0.0,17.236237,0.161269,/data/home/mirick/ChordEdit/ablation_outputs/grid_metrics_random140_tstart_sweep_20260626_130536/0_random_140_000000000009/t_delta_0/cells/t_start_0p75__t_end_0.png
9,0_random_140,0.85,0.0,0.0,15.990815,0.177353,/data/home/mirick/ChordEdit/ablation_outputs/grid_metrics_random140_tstart_sweep_20260626_130536/0_random_140_000000000009/t_delta_0/cells/t_start_0p85__t_end_0.png
9,0_random_140,0.0,0.1,0.0,29.916057,0.201055,/data/home/mirick/ChordEdit/ablation_outputs/grid_metrics_random140_tstart_sweep_20260626_130536/0_random_140_000000000009/t_delta_0/cells/t_start_0__t_end_0p1.png
9,0_random_140,0.05,0.1,0.0,29.468992,0.19854,/data/home/mirick/ChordEdit/ablation_outputs/grid_metrics_random140_tstart_sweep_20260626_130536/0_random_140_000000000009/t_delta_0/cells/t_start_0p05__t_end_0p1.png
9,0_random_140,0.15,0.1,0.0,28.288268,0.19415,/data/home/mirick/ChordEdit/ablation_outputs/grid_metrics_random140_tstart_sweep_20260626_130536/0_random_140_000000000009/t_delta_0/cells/t_start_0p15__t_end_0p1.png
9,0_random_140,0.25,0.1,0.0,26.83844,0.23542,/data/home/mirick/ChordEdit/ablation_outputs/grid_metrics_random140_tstart_sweep_20260626_130536/0_random_140_000000000009/t_delta_0/cells/t_start_0p25__t_end_0p1.png
9,0_random_140,0.35,0.1,0.0,24.809088,0.270399,/data/home/mirick/ChordEdit/ablation_outputs/grid_metrics_random140_tstart_sweep_20260626_130536/0_random_140_000000000009/t_delta_0/cells/t_start_0p35__t_end_0p1.png
9,0_random_140,0.45,0.1,0.0,22.959608,0.26339,/data/home/mirick/ChordEdit/ablation_outputs/grid_metrics_random140_tstart_sweep_20260626_130536/0_random_140_000000000009/t_delta_0/cells/t_start_0p45__t_end_0p1.png
9,0_random_140,0.55,0.1,0.0,21.166098,0.255384,/data/home/mirick/ChordEdit/ablation_outputs/grid_metrics_random140_tstart_sweep_20260626_130536/0_random_140_000000000009/t_delta_0/cells/t_start_0p55__t_end_0p1.png
9,0_random_140,0.65,0.1,0.0,18.881852,0.178317,/data/home/mirick/ChordEdit/ablation_outputs/grid_metrics_random140_tstart_sweep_20260626_130536/0_random_140_000000000009/t_delta_0/cells/t_start_0p65__t_end_0p1.png
9,0_random_140,0.75,0.1,0.0,17.311236,0.186538,/data/home/mirick/ChordEdit/ablation_outputs/grid_metrics_random140_tstart_sweep_20260626_130536/0_random_140_000000000009/t_delta_0/cells/t_start_0p75__t_end_0p1.png
9,0_random_140,0.85,0.1,0.0,15.995744,0.219055,/data/home/mirick/ChordEdit/ablation_outputs/grid_metrics_random140_tstart_sweep_20260626_130536/0_random_140_000000000009/t_delta_0/cells/t_start_0p85__t_end_0p1.png
9,0_random_140,0.0,0.2,0.0,27.111027,0.199441,/data/home/mirick/ChordEdit/ablation_outputs/grid_metrics_random140_tstart_sweep_20260626_130536/0_random_140_000000000009/t_delta_0/cells/t_start_0__t_end_0p2.png
9,0_random_140,0.05,0.2,0.0,26.826849,0.199118,/data/home/mirick/ChordEdit/ablation_outputs/grid_metrics_random140_tstart_sweep_20260626_130536/0_random_140_000000000009/t_delta_0/cells/t_start_0p05__t_end_0p2.png
9,0_random_140,0.15,0.2,0.0,26.058458,0.207597,/data/home/mirick/ChordEdit/ablation_outputs/grid_metrics_random140_tstart_sweep_20260626_130536/0_random_140_000000000009/t_delta_0/cells/t_start_0p15__t_end_0p2.png
9,0_random_140,0.25,0.2,0.0,24.99258,0.265912,/data/home/mirick/ChordEdit/ablation_outputs/grid_metrics_random140_tstart_sweep_20260626_130536/0_random_140_000000000009/t_delta_0/cells/t_start_0p25__t_end_0p2.png
9,0_random_140,0.35,0.2,0.0,23.438403,0.267791,/data/home/mirick/ChordEdit/ablation_outputs/grid_metrics_random140_tstart_sweep_20260626_130536/0_random_140_000000000009/t_delta_0/cells/t_start_0p35__t_end_0p2.png
9,0_random_140,0.45,0.2,0.0,22.078316,0.259628,/data/home/mirick/ChordEdit/ablation_outputs/grid_metrics_random140_tstart_sweep_20260626_130536/0_random_140_000000000009/t_delta_0/cells/t_start_0p45__t_end_0p2.png
9,0_random_140,0.55,0.2,0.0,20.714211,0.257535,/data/home/mirick/ChordEdit/ablation_outputs/grid_metrics_random140_tstart_sweep_20260626_130536/0_random_140_000000000009/t_delta_0/cells/t_start_0p55__t_end_0p2.png
9,0_random_140,0.65,0.2,0.0,18.818197,0.253781,/data/home/mirick/ChordEdit/ablation_outputs/grid_metrics_random140_tstart_sweep_20260626_130536/0_random_140_000000000009/t_delta_0/cells/t_start_0p65__t_end_0p2.png
9,0_random_140,0.75,0.2,0.0,17.131543,0.231928,/data/home/mirick/ChordEdit/ablation_outputs/grid_metrics_random140_tstart_sweep_20260626_130536/0_random_140_000000000009/t_delta_0/cells/t_start_0p75__t_end_0p2.png
9,0_random_140,0.85,0.2,0.0,15.823059,0.26128,/data/home/mirick/ChordEdit/ablation_outputs/grid_metrics_random140_tstart_sweep_20260626_130536/0_random_140_000000000009/t_delta_0/cells/t_start_0p85__t_end_0p2.png
9,0_random_140,0.0,0.3,0.0,24.537821,0.206472,/data/home/mirick/ChordEdit/ablation_outputs/grid_metrics_random140_tstart_sweep_20260626_130536/0_random_140_000000000009/t_delta_0/cells/t_start_0__t_end_0p3.png
9,0_random_140,0.05,0.3,0.0,24.368506,0.218748,/data/home/mirick/ChordEdit/ablation_outputs/grid_metrics_random140_tstart_sweep_20260626_130536/0_random_140_000000000009/t_delta_0/cells/t_start_0p05__t_end_0p3.png
9,0_random_140,0.15,0.3,0.0,23.910386,0.2615,/data/home/mirick/ChordEdit/ablation_outputs/grid_metrics_random140_tstart_sweep_20260626_130536/0_random_140_000000000009/t_delta_0/cells/t_start_0p15__t_end_0p3.png
9,0_random_140,0.25,0.3,0.0,23.197898,0.268275,/data/home/mirick/ChordEdit/ablation_outputs/grid_metrics_random140_tstart_sweep_20260626_130536/0_random_140_000000000009/t_delta_0/cells/t_start_0p25__t_end_0p3.png
9,0_random_140,0.35,0.3,0.0,22.11235,0.263474,/data/home/mirick/ChordEdit/ablation_outputs/grid_metrics_random140_tstart_sweep_20260626_130536/0_random_140_000000000009/t_delta_0/cells/t_start_0p35__t_end_0p3.png
9,0_random_140,0.45,0.3,0.0,21.096419,0.255001,/data/home/mirick/ChordEdit/ablation_outputs/grid_metrics_random140_tstart_sweep_20260626_130536/0_random_140_000000000009/t_delta_0/cells/t_start_0p45__t_end_0p3.png
9,0_random_140,0.55,0.3,0.0,19.967394,0.256735,/data/home/mirick/ChordEdit/ablation_outputs/grid_metrics_random140_tstart_sweep_20260626_130536/0_random_140_000000000009/t_delta_0/cells/t_start_0p55__t_end_0p3.png
9,0_random_140,0.65,0.3,0.0,18.416929,0.260455,/data/home/mirick/ChordEdit/ablation_outputs/grid_metrics_random140_tstart_sweep_20260626_130536/0_random_140_000000000009/t_delta_0/cells/t_start_0p65__t_end_0p3.png
9,0_random_140,0.75,0.3,0.0,16.784978,0.258606,/data/home/mirick/ChordEdit/ablation_outputs/grid_metrics_random140_tstart_sweep_20260626_130536/0_random_140_000000000009/t_delta_0/cells/t_start_0p75__t_end_0p3.png
9,0_random_140,0.85,0.3,0.0,15.52569,0.268404,/data/home/mirick/ChordEdit/ablation_outputs/grid_metrics_random140_tstart_sweep_20260626_130536/0_random_140_000000000009/t_delta_0/cells/t_start_0p85__t_end_0p3.png
9,0_random_140,0.0,0.4,0.0,22.098846,0.267598,/data/home/mirick/ChordEdit/ablation_outputs/grid_metrics_random140_tstart_sweep_20260626_130536/0_random_140_000000000009/t_delta_0/cells/t_start_0__t_end_0p4.png
9,0_random_140,0.05,0.4,0.0,22.031552,0.270471,/data/home/mirick/ChordEdit/ablation_outputs/grid_metrics_random140_tstart_sweep_20260626_130536/0_random_140_000000000009/t_delta_0/cells/t_start_0p05__t_end_0p4.png
9,0_random_140,0.15,0.4,0.0,21.808033,0.269529,/data/home/mirick/ChordEdit/ablation_outputs/grid_metrics_random140_tstart_sweep_20260626_130536/0_random_140_000000000009/t_delta_0/cells/t_start_0p15__t_end_0p4.png
9,0_random_140,0.25,0.4,0.0,21.442319,0.263331,/data/home/mirick/ChordEdit/ablation_outputs/grid_metrics_random140_tstart_sweep_20260626_130536/0_random_140_000000000009/t_delta_0/cells/t_start_0p25__t_end_0p4.png
9,0_random_140,0.35,0.4,0.0,20.809817,0.257877,/data/home/mirick/ChordEdit/ablation_outputs/grid_metrics_random140_tstart_sweep_20260626_130536/0_random_140_000000000009/t_delta_0/cells/t_start_0p35__t_end_0p4.png
9,0_random_140,0.45,0.4,0.0,20.071111,0.254273,/data/home/mirick/ChordEdit/ablation_outputs/grid_metrics_random140_tstart_sweep_20260626_130536/0_random_140_000000000009/t_delta_0/cells/t_start_0p45__t_end_0p4.png
9,0_random_140,0.55,0.4,0.0,19.122937,0.253632,/data/home/mirick/ChordEdit/ablation_outputs/grid_metrics_random140_tstart_sweep_20260626_130536/0_random_140_000000000009/t_delta_0/cells/t_start_0p55__t_end_0p4.png
9,0_random_140,0.65,0.4,0.0,17.73702,0.260958,/data/home/mirick/ChordEdit/ablation_outputs/grid_metrics_random140_tstart_sweep_20260626_130536/0_random_140_000000000009/t_delta_0/cells/t_start_0p65__t_end_0p4.png
9,0_random_140,0.75,0.4,0.0,16.128775,0.258202,/data/home/mirick/ChordEdit/ablation_outputs/grid_metrics_random140_tstart_sweep_20260626_130536/0_random_140_000000000009/t_delta_0/cells/t_start_0p75__t_end_0p4.png
9,0_random_140,0.85,0.4,0.0,15.028164,0.266419,/data/home/mirick/ChordEdit/ablation_outputs/grid_metrics_random140_tstart_sweep_20260626_130536/0_random_140_000000000009/t_delta_0/cells/t_start_0p85__t_end_0p4.png
9,0_random_140,0.0,0.5,0.0,19.774281,0.267525,/data/home/mirick/ChordEdit/ablation_outputs/grid_metrics_random140_tstart_sweep_20260626_130536/0_random_140_000000000009/t_delta_0/cells/t_start_0__t_end_0p5.png
9,0_random_140,0.05,0.5,0.0,19.800075,0.266899,/data/home/mirick/ChordEdit/ablation_outputs/grid_metrics_random140_tstart_sweep_20260626_130536/0_random_140_000000000009/t_delta_0/cells/t_start_0p05__t_end_0p5.png
9,0_random_140,0.15,0.5,0.0,19.788501,0.264954,/data/home/mirick/ChordEdit/ablation_outputs/grid_metrics_random140_tstart_sweep_20260626_130536/0_random_140_000000000009/t_delta_0/cells/t_start_0p15__t_end_0p5.png
9,0_random_140,0.25,0.5,0.0,19.701934,0.259536,/data/home/mirick/ChordEdit/ablation_outputs/grid_metrics_random140_tstart_sweep_20260626_130536/0_random_140_000000000009/t_delta_0/cells/t_start_0p25__t_end_0p5.png
9,0_random_140,0.35,0.5,0.0,19.419802,0.256346,/data/home/mirick/ChordEdit/ablation_outputs/grid_metrics_random140_tstart_sweep_20260626_130536/0_random_140_000000000009/t_delta_0/cells/t_start_0p35__t_end_0p5.png
9,0_random_140,0.45,0.5,0.0,18.913434,0.251728,/data/home/mirick/ChordEdit/ablation_outputs/grid_metrics_random140_tstart_sweep_20260626_130536/0_random_140_000000000009/t_delta_0/cells/t_start_0p45__t_end_0p5.png
9,0_random_140,0.55,0.5,0.0,18.035418,0.254984,/data/home/mirick/ChordEdit/ablation_outputs/grid_metrics_random140_tstart_sweep_20260626_130536/0_random_140_000000000009/t_delta_0/cells/t_start_0p55__t_end_0p5.png
9,0_random_140,0.65,0.5,0.0,16.850459,0.261852,/data/home/mirick/ChordEdit/ablation_outputs/grid_metrics_random140_tstart_sweep_20260626_130536/0_random_140_000000000009/t_delta_0/cells/t_start_0p65__t_end_0p5.png
9,0_random_140,0.75,0.5,0.0,15.45348,0.260841,/data/home/mirick/ChordEdit/ablation_outputs/grid_metrics_random140_tstart_sweep_20260626_130536/0_random_140_000000000009/t_delta_0/cells/t_start_0p75__t_end_0p5.png
9,0_random_140,0.85,0.5,0.0,14.502395,0.267922,/data/home/mirick/ChordEdit/ablation_outputs/grid_metrics_random140_tstart_sweep_20260626_130536/0_random_140_000000000009/t_delta_0/cells/t_start_0p85__t_end_0p5.png
9,0_random_140,0.0,0.6,0.0,17.554947,0.267643,/data/home/mirick/ChordEdit/ablation_outputs/grid_metrics_random140_tstart_sweep_20260626_130536/0_random_140_000000000009/t_delta_0/cells/t_start_0__t_end_0p6.png
9,0_random_140,0.05,0.6,0.0,17.578191,0.267521,/data/home/mirick/ChordEdit/ablation_outputs/grid_metrics_random140_tstart_sweep_20260626_130536/0_random_140_000000000009/t_delta_0/cells/t_start_0p05__t_end_0p6.png
9,0_random_140,0.15,0.6,0.0,17.634008,0.267204,/data/home/mirick/ChordEdit/ablation_outputs/grid_metrics_random140_tstart_sweep_20260626_130536/0_random_140_000000000009/t_delta_0/cells/t_start_0p15__t_end_0p6.png
9,0_random_140,0.25,0.6,0.0,17.722138,0.262999,/data/home/mirick/ChordEdit/ablation_outputs/grid_metrics_random140_tstart_sweep_20260626_130536/0_random_140_000000000009/t_delta_0/cells/t_start_0p25__t_end_0p6.png
9,0_random_140,0.35,0.6,0.0,17.768006,0.261888,/data/home/mirick/ChordEdit/ablation_outputs/grid_metrics_random140_tstart_sweep_20260626_130536/0_random_140_000000000009/t_delta_0/cells/t_start_0p35__t_end_0p6.png
9,0_random_140,0.45,0.6,0.0,17.475293,0.260558,/data/home/mirick/ChordEdit/ablation_outputs/grid_metrics_random140_tstart_sweep_20260626_130536/0_random_140_000000000009/t_delta_0/cells/t_start_0p45__t_end_0p6.png
9,0_random_140,0.55,0.6,0.0,16.649873,0.26408,/data/home/mirick/ChordEdit/ablation_outputs/grid_metrics_random140_tstart_sweep_20260626_130536/0_random_140_000000000009/t_delta_0/cells/t_start_0p55__t_end_0p6.png
9,0_random_140,0.65,0.6,0.0,15.794336,0.26897,/data/home/mirick/ChordEdit/ablation_outputs/grid_metrics_random140_tstart_sweep_20260626_130536/0_random_140_000000000009/t_delta_0/cells/t_start_0p65__t_end_0p6.png
9,0_random_140,0.75,0.6,0.0,14.717818,0.261732,/data/home/mirick/ChordEdit/ablation_outputs/grid_metrics_random140_tstart_sweep_20260626_130536/0_random_140_000000000009/t_delta_0/cells/t_start_0p75__t_end_0p6.png
9,0_random_140,0.85,0.6,0.0,13.869521,0.263332,/data/home/mirick/ChordEdit/ablation_outputs/grid_metrics_random140_tstart_sweep_20260626_130536/0_random_140_000000000009/t_delta_0/cells/t_start_0p85__t_end_0p6.png
9,0_random_140,0.0,0.7,0.0,15.43505,0.268044,/data/home/mirick/ChordEdit/ablation_outputs/grid_metrics_random140_tstart_sweep_20260626_130536/0_random_140_000000000009/t_delta_0/cells/t_start_0__t_end_0p7.png
9,0_random_140,0.05,0.7,0.0,15.43788,0.267971,/data/home/mirick/ChordEdit/ablation_outputs/grid_metrics_random140_tstart_sweep_20260626_130536/0_random_140_000000000009/t_delta_0/cells/t_start_0p05__t_end_0p7.png
9,0_random_140,0.15,0.7,0.0,15.459674,0.26548,/data/home/mirick/ChordEdit/ablation_outputs/grid_metrics_random140_tstart_sweep_20260626_130536/0_random_140_000000000009/t_delta_0/cells/t_start_0p15__t_end_0p7.png
9,0_random_140,0.25,0.7,0.0,15.489663,0.261418,/data/home/mirick/ChordEdit/ablation_outputs/grid_metrics_random140_tstart_sweep_20260626_130536/0_random_140_000000000009/t_delta_0/cells/t_start_0p25__t_end_0p7.png
9,0_random_140,0.35,0.7,0.0,15.493781,0.263688,/data/home/mirick/ChordEdit/ablation_outputs/grid_metrics_random140_tstart_sweep_20260626_130536/0_random_140_000000000009/t_delta_0/cells/t_start_0p35__t_end_0p7.png
9,0_random_140,0.45,0.7,0.0,15.395051,0.263151,/data/home/mirick/ChordEdit/ablation_outputs/grid_metrics_random140_tstart_sweep_20260626_130536/0_random_140_000000000009/t_delta_0/cells/t_start_0p45__t_end_0p7.png
9,0_random_140,0.55,0.7,0.0,14.885611,0.270862,/data/home/mirick/ChordEdit/ablation_outputs/grid_metrics_random140_tstart_sweep_20260626_130536/0_random_140_000000000009/t_delta_0/cells/t_start_0p55__t_end_0p7.png
9,0_random_140,0.65,0.7,0.0,14.472584,0.271276,/data/home/mirick/ChordEdit/ablation_outputs/grid_metrics_random140_tstart_sweep_20260626_130536/0_random_140_000000000009/t_delta_0/cells/t_start_0p65__t_end_0p7.png
9,0_random_140,0.75,0.7,0.0,13.700908,0.262713,/data/home/mirick/ChordEdit/ablation_outputs/grid_metrics_random140_tstart_sweep_20260626_130536/0_random_140_000000000009/t_delta_0/cells/t_start_0p75__t_end_0p7.png
9,0_random_140,0.85,0.7,0.0,13.099542,0.264928,/data/home/mirick/ChordEdit/ablation_outputs/grid_metrics_random140_tstart_sweep_20260626_130536/0_random_140_000000000009/t_delta_0/cells/t_start_0p85__t_end_0p7.png
9,0_random_140,0.0,0.8,0.0,13.820521,0.271689,/data/home/mirick/ChordEdit/ablation_outputs/grid_metrics_random140_tstart_sweep_20260626_130536/0_random_140_000000000009/t_delta_0/cells/t_start_0__t_end_0p8.png
9,0_random_140,0.05,0.8,0.0,13.824478,0.271439,/data/home/mirick/ChordEdit/ablation_outputs/grid_metrics_random140_tstart_sweep_20260626_130536/0_random_140_000000000009/t_delta_0/cells/t_start_0p05__t_end_0p8.png
9,0_random_140,0.15,0.8,0.0,13.831141,0.271778,/data/home/mirick/ChordEdit/ablation_outputs/grid_metrics_random140_tstart_sweep_20260626_130536/0_random_140_000000000009/t_delta_0/cells/t_start_0p15__t_end_0p8.png
9,0_random_140,0.25,0.8,0.0,13.837232,0.269946,/data/home/mirick/ChordEdit/ablation_outputs/grid_metrics_random140_tstart_sweep_20260626_130536/0_random_140_000000000009/t_delta_0/cells/t_start_0p25__t_end_0p8.png
9,0_random_140,0.35,0.8,0.0,13.807323,0.268852,/data/home/mirick/ChordEdit/ablation_outputs/grid_metrics_random140_tstart_sweep_20260626_130536/0_random_140_000000000009/t_delta_0/cells/t_start_0p35__t_end_0p8.png
9,0_random_140,0.45,0.8,0.0,13.7685,0.268244,/data/home/mirick/ChordEdit/ablation_outputs/grid_metrics_random140_tstart_sweep_20260626_130536/0_random_140_000000000009/t_delta_0/cells/t_start_0p45__t_end_0p8.png
9,0_random_140,0.55,0.8,0.0,13.569015,0.269599,/data/home/mirick/ChordEdit/ablation_outputs/grid_metrics_random140_tstart_sweep_20260626_130536/0_random_140_000000000009/t_delta_0/cells/t_start_0p55__t_end_0p8.png
9,0_random_140,0.65,0.8,0.0,13.184189,0.274022,/data/home/mirick/ChordEdit/ablation_outputs/grid_metrics_random140_tstart_sweep_20260626_130536/0_random_140_000000000009/t_delta_0/cells/t_start_0p65__t_end_0p8.png
9,0_random_140,0.75,0.8,0.0,12.768003,0.27247,/data/home/mirick/ChordEdit/ablation_outputs/grid_metrics_random140_tstart_sweep_20260626_130536/0_random_140_000000000009/t_delta_0/cells/t_start_0p75__t_end_0p8.png
9,0_random_140,0.85,0.8,0.0,12.32971,0.266227,/data/home/mirick/ChordEdit/ablation_outputs/grid_metrics_random140_tstart_sweep_20260626_130536/0_random_140_000000000009/t_delta_0/cells/t_start_0p85__t_end_0p8.png
9,0_random_140,0.0,0.9,0.0,12.229107,0.276457,/data/home/mirick/ChordEdit/ablation_outputs/grid_metrics_random140_tstart_sweep_20260626_130536/0_random_140_000000000009/t_delta_0/cells/t_start_0__t_end_0p9.png
9,0_random_140,0.05,0.9,0.0,12.241741,0.276545,/data/home/mirick/ChordEdit/ablation_outputs/grid_metrics_random140_tstart_sweep_20260626_130536/0_random_140_000000000009/t_delta_0/cells/t_start_0p05__t_end_0p9.png
9,0_random_140,0.15,0.9,0.0,12.257259,0.275859,/data/home/mirick/ChordEdit/ablation_outputs/grid_metrics_random140_tstart_sweep_20260626_130536/0_random_140_000000000009/t_delta_0/cells/t_start_0p15__t_end_0p9.png
9,0_random_140,0.25,0.9,0.0,12.256985,0.275775,/data/home/mirick/ChordEdit/ablation_outputs/grid_metrics_random140_tstart_sweep_20260626_130536/0_random_140_000000000009/t_delta_0/cells/t_start_0p25__t_end_0p9.png
9,0_random_140,0.35,0.9,0.0,12.238662,0.27546,/data/home/mirick/ChordEdit/ablation_outputs/grid_metrics_random140_tstart_sweep_20260626_130536/0_random_140_000000000009/t_delta_0/cells/t_start_0p35__t_end_0p9.png
9,0_random_140,0.45,0.9,0.0,12.240789,0.274614,/data/home/mirick/ChordEdit/ablation_outputs/grid_metrics_random140_tstart_sweep_20260626_130536/0_random_140_000000000009/t_delta_0/cells/t_start_0p45__t_end_0p9.png
9,0_random_140,0.55,0.9,0.0,12.138113,0.276085,/data/home/mirick/ChordEdit/ablation_outputs/grid_metrics_random140_tstart_sweep_20260626_130536/0_random_140_000000000009/t_delta_0/cells/t_start_0p55__t_end_0p9.png
9,0_random_140,0.65,0.9,0.0,12.079075,0.272898,/data/home/mirick/ChordEdit/ablation_outputs/grid_metrics_random140_tstart_sweep_20260626_130536/0_random_140_000000000009/t_delta_0/cells/t_start_0p65__t_end_0p9.png
9,0_random_140,0.75,0.9,0.0,12.073121,0.268876,/data/home/mirick/ChordEdit/ablation_outputs/grid_metrics_random140_tstart_sweep_20260626_130536/0_random_140_000000000009/t_delta_0/cells/t_start_0p75__t_end_0p9.png
9,0_random_140,0.85,0.9,0.0,11.577521,0.271022,/data/home/mirick/ChordEdit/ablation_outputs/grid_metrics_random140_tstart_sweep_20260626_130536/0_random_140_000000000009/t_delta_0/cells/t_start_0p85__t_end_0p9.png
9,0_random_140,0.0,1.0,0.0,10.875146,0.273213,/data/home/mirick/ChordEdit/ablation_outputs/grid_metrics_random140_tstart_sweep_20260626_130536/0_random_140_000000000009/t_delta_0/cells/t_start_0__t_end_1.png
9,0_random_140,0.05,1.0,0.0,10.8701,0.272629,/data/home/mirick/ChordEdit/ablation_outputs/grid_metrics_random140_tstart_sweep_20260626_130536/0_random_140_000000000009/t_delta_0/cells/t_start_0p05__t_end_1.png
9,0_random_140,0.15,1.0,0.0,10.870836,0.27327,/data/home/mirick/ChordEdit/ablation_outputs/grid_metrics_random140_tstart_sweep_20260626_130536/0_random_140_000000000009/t_delta_0/cells/t_start_0p15__t_end_1.png
9,0_random_140,0.25,1.0,0.0,10.868365,0.273566,/data/home/mirick/ChordEdit/ablation_outputs/grid_metrics_random140_tstart_sweep_20260626_130536/0_random_140_000000000009/t_delta_0/cells/t_start_0p25__t_end_1.png
9,0_random_140,0.35,1.0,0.0,10.830696,0.275311,/data/home/mirick/ChordEdit/ablation_outputs/grid_metrics_random140_tstart_sweep_20260626_130536/0_random_140_000000000009/t_delta_0/cells/t_start_0p35__t_end_1.png
9,0_random_140,0.45,1.0,0.0,10.751404,0.277146,/data/home/mirick/ChordEdit/ablation_outputs/grid_metrics_random140_tstart_sweep_20260626_130536/0_random_140_000000000009/t_delta_0/cells/t_start_0p45__t_end_1.png
9,0_random_140,0.55,1.0,0.0,10.640252,0.279289,/data/home/mirick/ChordEdit/ablation_outputs/grid_metrics_random140_tstart_sweep_20260626_130536/0_random_140_000000000009/t_delta_0/cells/t_start_0p55__t_end_1.png
9,0_random_140,0.65,1.0,0.0,10.55949,0.272301,/data/home/mirick/ChordEdit/ablation_outputs/grid_metrics_random140_tstart_sweep_20260626_130536/0_random_140_000000000009/t_delta_0/cells/t_start_0p65__t_end_1.png
9,0_random_140,0.75,1.0,0.0,10.496226,0.273319,/data/home/mirick/ChordEdit/ablation_outputs/grid_metrics_random140_tstart_sweep_20260626_130536/0_random_140_000000000009/t_delta_0/cells/t_start_0p75__t_end_1.png
9,0_random_140,0.85,1.0,0.0,10.523423,0.272474,/data/home/mirick/ChordEdit/ablation_outputs/grid_metrics_random140_tstart_sweep_20260626_130536/0_random_140_000000000009/t_delta_0/cells/t_start_0p85__t_end_1.png
