id,dataset_name,edit_type,source_image,target_image,mask_path,source_prompt,target_prompt,editing_instruction,clip_score,clip_score_category,turn_index,source_parquet,sample_key,foreground,foreground_target,qwen_edit_type,vlm_confidence,vlm_notes,vlm_model,vlm_error,chordedit_sample_id,chordedit_image_path
imgedit_00000000_00,imgedit,action,hOdCsLRNAyw_segment_21_frame_0.jpg,hOdCsLRNAyw_segment_21_frame_55.jpg,,"A bald man with glasses and a beard is sitting on a couch, holding a music sheet titled 'Dreaming of Me' by Depeche Mode.","A bald man with glasses and a beard is sitting on a couch, holding a music sheet titled 'Dreaming of Me' by Depeche Mode, with the record now lowered closer to his chest.",The person lowers the record closer to their chest.,,missing,0,D:/Datasets/ImgEdit/Parquet/action_part1.parquet,hOdCsLRNAyw_segment_21_frame_0,record,record closer to chest,action,high,"The record is held at a lower position, closer to the chest, in the target image.",Qwen/Qwen3-VL-2B-Instruct,,imgedit_00000000_00,imgedit_00000000_00.png
imgedit_00000001_00,imgedit,action,unbUoB70fkk_segment_5_frame_32.jpg,unbUoB70fkk_segment_5_frame_87.jpg,,A woman with long dark hair holds an eyeliner brush near her face while applying makeup.,A woman with long dark hair holds an eyeliner brush near her face and looks at the camera with a surprised expression.,The subject holds an eyeliner brush near their face.,,missing,0,D:/Datasets/ImgEdit/Parquet/action_part1.parquet,unbUoB70fkk_segment_5_frame_32,eyeliner brush,eyeliner brush,action,high,"The woman's facial expression changes from neutral to surprised, indicating a change in her emotional state or reaction to the product.",Qwen/Qwen3-VL-2B-Instruct,,imgedit_00000001_00,imgedit_00000001_00.png
imgedit_00000002_00,imgedit,action,Kgrdxxd90Yk_segment_151_frame_164.jpg,Kgrdxxd90Yk_segment_151_frame_219.jpg,,"A man wearing a face mask sits inside a boat, holding a raised hand.","A man wearing a face mask sits inside a boat, with his hand lowered and placed near his face.",The person lowers their hand and places it near their face.,,missing,0,D:/Datasets/ImgEdit/Parquet/action_part1.parquet,Kgrdxxd90Yk_segment_151_frame_164,hand,hand near face,action,high,"The hand is lowered and positioned closer to the face, consistent with the instruction.",Qwen/Qwen3-VL-2B-Instruct,,imgedit_00000002_00,imgedit_00000002_00.png
imgedit_00000003_00,imgedit,action,_0p7WSpGmtY_segment_16_frame_0.jpg,_0p7WSpGmtY_segment_16_frame_55.jpg,,A man with short dark hair and a goatee wearing a green jacket is looking at the camera in a dimly lit room.,A man with short dark hair and a goatee wearing a green jacket is looking at the camera with his head lowered slightly and turned more to the side in a dimly lit room.,The person lowers their head slightly and turns it more to the side.,,missing,0,D:/Datasets/ImgEdit/Parquet/action_part1.parquet,_0p7WSpGmtY_segment_16_frame_0,person,person with lowered head and turned side,action,high,The person's head position is altered to match the instruction.,Qwen/Qwen3-VL-2B-Instruct,,imgedit_00000003_00,imgedit_00000003_00.png
imgedit_00000004_00,imgedit,action,aT7dRdmhT0k_segment_3_frame_52.jpg,aT7dRdmhT0k_segment_3_frame_107.jpg,,"A man in a black chef's coat stands in a kitchen, holding a measuring cup and scooping ingredients from a bowl with a spatula.","A man in a black chef's coat stands in a kitchen, holding a measuring cup and using a spatula to scoop ingredients from a bowl.",A man scoops a bowl with a spatula and holds a measuring cup.,,missing,0,D:/Datasets/ImgEdit/Parquet/action_part1.parquet,aT7dRdmhT0k_segment_3_frame_52,measuring cup,scoop a bowl with a spatula,action,high,The man's action of scooping has changed from holding the measuring cup to actively using the spatula to scoop the bowl.,Qwen/Qwen3-VL-2B-Instruct,,imgedit_00000004_00,imgedit_00000004_00.png
imgedit_00000005_00,imgedit,action,rA-trXNSoEY_segment_1_frame_0.jpg,rA-trXNSoEY_segment_1_frame_55.jpg,,A woman with long blonde hair wearing a black t-shirt with a red and green logo is sitting at a black desk in a room filled with shelves of collectibles.,"A woman with long blonde hair wearing a black t-shirt with a red and green logo is sitting at a black desk in a room filled with shelves of collectibles, with her right hand lowered and the palm facing up, fingers slightly bent.",The person moves their right hand from a raised position with fingers spread to a lowered position with the palm facing up and fingers slightly bent.,,missing,0,D:/Datasets/ImgEdit/Parquet/action_part1.parquet,rA-trXNSoEY_segment_1_frame_0,right hand,right hand lowered with palm up and fingers slightly bent,action,high,"The right hand's position has been changed from a raised, spread-finger",Qwen/Qwen3-VL-2B-Instruct,,imgedit_00000005_00,imgedit_00000005_00.png
imgedit_00000006_00,imgedit,action,YRQvqkNmwec_segment_10_frame_0.jpg,YRQvqkNmwec_segment_10_frame_55.jpg,,A woman with red hair is lifting a dumbbell overhead in a gym.,A woman with red hair is lowering a dumbbell from an extended overhead position in a gym.,The person lowers a dumbbell from an extended overhead position.,,missing,0,D:/Datasets/ImgEdit/Parquet/action_part1.parquet,YRQvqkNmwec_segment_10_frame_0,dumbbell,dumbbell,action,high,"The dumbbell is in the process of being lowered, changing its position from an overhead to a lower position.",Qwen/Qwen3-VL-2B-Instruct,,imgedit_00000006_00,imgedit_00000006_00.png
imgedit_00000007_00,imgedit,action,8GFqKxPKA3g_segment_2_frame_0.jpg,8GFqKxPKA3g_segment_2_frame_55.jpg,,A man with long dreadlocks wearing a white t-shirt is sitting in a red chair in a spacious room with wooden floors and large windows.,"A man with long dreadlocks wearing a white t-shirt is sitting in a red chair in a spacious room with wooden floors and large windows, with his hands clasped together in front of his body.",The person changes the position of their hands from resting on the armrests to clasped together in front of their body.,,missing,0,D:/Datasets/ImgEdit/Parquet/action_part1.parquet,8GFqKxPKA3g_segment_2_frame_0,person,with his hands clasped together in front of his body,action,high,The hands are changed from resting on the armrests to clasped together in front of the body.,Qwen/Qwen3-VL-2B-Instruct,,imgedit_00000007_00,imgedit_00000007_00.png
imgedit_00000008_00,imgedit,action,KLfIXWr6RsU_segment_217_frame_0.jpg,KLfIXWr6RsU_segment_217_frame_55.jpg,,"A cartoon man with a grey beard and glasses is bent over, holding a black object in front of a building.","A cartoon man with a grey beard and glasses is standing upright, holding a black object in front of a building.",The person straightens up from a bent-over position.,,missing,0,D:/Datasets/ImgEdit/Parquet/action_part1.parquet,KLfIXWr6RsU_segment_217_frame_0,the person,the person standing upright,action,high,The person's posture changes from bent over to standing straight.,Qwen/Qwen3-VL-2B-Instruct,,imgedit_00000008_00,imgedit_00000008_00.png
imgedit_00000009_00,imgedit,action,aJsOeY3ZA9k_segment_27_frame_25.jpg,aJsOeY3ZA9k_segment_27_frame_80.jpg,,"A woman in a green shirt and white apron stands in a restaurant, looking surprised.",A woman in a green shirt and white apron turns her head and opens her mouth as if speaking.,The woman turns her head and opens her mouth as if speaking or reacting.,,missing,0,D:/Datasets/ImgEdit/Parquet/action_part1.parquet,aJsOeY3ZA9k_segment_27_frame_25,woman,woman with her head turned and mouth open,action,high,The woman's head and mouth are repositioned to show an action of speaking or reacting.,Qwen/Qwen3-VL-2B-Instruct,,imgedit_00000009_00,imgedit_00000009_00.png
imgedit_00000010_00,imgedit,action,W4nAIMbmM1g_segment_9_frame_0.jpg,W4nAIMbmM1g_segment_9_frame_55.jpg,,"A man in a suit with multiple arms holding a phone, a laptop, a tablet, and a pen.","A man in a suit with multiple arms holding a phone, a laptop, a tablet, and a pen, adjusting the angle of the phone near his ear.",The person adjusts the angle at which they hold the phone near their ear.,,missing,0,D:/Datasets/ImgEdit/Parquet/action_part1.parquet,W4nAIMbmM1g_segment_9_frame_0,the phone,the phone with a different angle,action,high,"The phone's angle is changed to a more vertical position, indicating a repositioning of the hand and the phone.",Qwen/Qwen3-VL-2B-Instruct,,imgedit_00000010_00,imgedit_00000010_00.png
imgedit_00000011_00,imgedit,action,b3ZhRWpScR4_segment_13_frame_0.jpg,b3ZhRWpScR4_segment_13_frame_55.jpg,,A young man with short black hair wearing a red turtleneck sweater is smiling and looking to the right.,A young man with short black hair wearing a red turtleneck sweater is smiling and looking down.,The person lowers their head and looks downward.,,missing,0,D:/Datasets/ImgEdit/Parquet/action_part1.parquet,b3ZhRWpScR4_segment_13_frame_0,person,person lowering their head and looking downward,action,high,"The person's head position changes from looking to the right to looking down, consistent with the editing instruction.",Qwen/Qwen3-VL-2B-Instruct,,imgedit_00000011_00,imgedit_00000011_00.png
imgedit_00000012_00,imgedit,action,lP5SY4e8x74_segment_2_frame_0.jpg,lP5SY4e8x74_segment_2_frame_50.jpg,,A woman with short brown hair wearing a blue cardigan and a beige apron stands in a kitchen with wooden cabinets and a dark countertop.,"A woman with short brown hair wearing a blue cardigan and a beige apron stands in a kitchen with wooden cabinets and a dark countertop, straightening her arm and shifting her weight slightly to her right.",The person straightens their arm and shifts their weight slightly to one side.,,missing,0,D:/Datasets/ImgEdit/Parquet/action_part1.parquet,lP5SY4e8x74_segment_2_frame_0,person,person with arms bent and weight shifted to one side,action,high,The person's posture changes from standing with arms at her sides to leaning slightly to her right with her arms bent.,Qwen/Qwen3-VL-2B-Instruct,,imgedit_00000012_00,imgedit_00000012_00.png
imgedit_00000013_00,imgedit,action,xTTBDTH7_W0_segment_49_frame_0.jpg,xTTBDTH7_W0_segment_49_frame_55.jpg,,A woman with blonde hair is performing a squat with a barbell in a gym.,A woman with blonde hair is lowering a barbell from her shoulders during a squat in a gym.,The woman lowers the barbell from her shoulders.,,missing,0,D:/Datasets/ImgEdit/Parquet/action_part1.parquet,xTTBDTH7_W0_segment_49_frame_0,barbell,barbell,action,high,"The barbell is in the woman's hands and is lowered from her shoulders, indicating a squat motion. The barbell is in the same position as in the source image.",Qwen/Qwen3-VL-2B-Instruct,,imgedit_00000013_00,imgedit_00000013_00.png
imgedit_00000014_00,imgedit,action,uqHtbCZatFU_segment_15_frame_16.jpg,uqHtbCZatFU_segment_15_frame_71.jpg,,"A man in a green t-shirt leans over the open hood of a red Honda Civic, looking at the engine.","A man in a green t-shirt leans closer over the open hood of a red Honda Civic, looking at the engine with a more intense expression.",The man leans closer over the car engine.,,missing,0,D:/Datasets/ImgEdit/Parquet/action_part1.parquet,uqHtbCZatFU_segment_15_frame_16,man,man leaning closer,action,high,"The man's posture changes to lean in closer to the engine, indicating a more focused action.",Qwen/Qwen3-VL-2B-Instruct,,imgedit_00000014_00,imgedit_00000014_00.png
imgedit_00000015_00,imgedit,action,xc7wDNB7u4k_segment_38_frame_0.jpg,xc7wDNB7u4k_segment_38_frame_55.jpg,,"A man in a black blazer and gray t-shirt stands on a stage, speaking and gesturing with his hands.","A man in a black blazer and gray t-shirt stands on a stage, speaking and spreading both hands outward with his palms open.",The person spreads both hands outward while speaking.,,missing,0,D:/Datasets/ImgEdit/Parquet/action_part1.parquet,xc7wDNB7u4k_segment_38_frame_0,person,person spreading both hands outward,action,high,"The person's hands are in a different position in the target image, with both hands spread outward, as instructed.",Qwen/Qwen3-VL-2B-Instruct,,imgedit_00000015_00,imgedit_00000015_00.png
imgedit_00000016_00,imgedit,action,c33NPS4TY9Y_segment_53_frame_0.jpg,c33NPS4TY9Y_segment_53_frame_55.jpg,,A man with an afro and a beard stands in front of a red and blue water background.,"A man with an afro and a beard stands in front of a red and blue water background, moving both hands from lower to higher on his chest.",The man moves both hands from lower to higher on his chest.,,missing,0,D:/Datasets/ImgEdit/Parquet/action_part1.parquet,c33NPS4TY9Y_segment_53_frame_0,man,man with both hands raised and moving upward on his chest,action,high,"The man's hands are in motion, rising from his lower chest to his upper chest, indicating a dynamic gesture.",Qwen/Qwen3-VL-2B-Instruct,,imgedit_00000016_00,imgedit_00000016_00.png
imgedit_00000017_00,imgedit,action,QaJzFA5eIR8_segment_0_frame_12.jpg,QaJzFA5eIR8_segment_0_frame_60.jpg,,"A man in a black shirt sits at a wooden desk in a home office, speaking to the camera with a professional lighting setup in front of him.","A man in a black shirt sits at a wooden desk in a home office, turning his head slightly to the right with a professional lighting setup in front of him.",The person turns their head slightly to the right.,,missing,0,D:/Datasets/ImgEdit/Parquet/action_part1.parquet,QaJzFA5eIR8_segment_0_frame_12,person,person,action,high,The person's head has been slightly rotated to the right.,Qwen/Qwen3-VL-2B-Instruct,,imgedit_00000017_00,imgedit_00000017_00.png
imgedit_00000018_00,imgedit,action,gyVHcPx_FQ0_segment_0_frame_0.jpg,gyVHcPx_FQ0_segment_0_frame_55.jpg,,"A woman with a mustache stands in a Western town, holding a frying pan horizontally in her hands.","A woman with a mustache stands in a Western town, holding a frying pan at a diagonal angle while turning her torso slightly.",The woman shifts the frying pan from a horizontal to a more diagonal position while turning her torso slightly.,,missing,0,D:/Datasets/ImgEdit/Parquet/action_part1.parquet,gyVHcPx_FQ0_segment_0_frame_0,frying pan,frying pan at a diagonal angle,action,high,"The woman's torso is slightly turned, and the frying pan is angled diagonally in her hands, indicating a change in its position and orientation.",Qwen/Qwen3-VL-2B-Instruct,,imgedit_00000018_00,imgedit_00000018_00.png
imgedit_00000019_00,imgedit,action,HEt4eoHqU5A_segment_2_frame_0.jpg,HEt4eoHqU5A_segment_2_frame_55.jpg,,"A woman with long blonde hair sits at a news desk, wearing a floral dress and holding a pen in her left hand while gesturing with her right hand.","A woman with long blonde hair sits at a news desk, wearing a floral dress and holding a pen in her left hand while lowering her right hand.",A woman moves her hand downward while holding a pen in her other hand.,,missing,0,D:/Datasets/ImgEdit/Parquet/action_part1.parquet,HEt4eoHqU5A_segment_2_frame_0,woman,woman,action,high,The woman's right hand is lowered from a raised position to a resting position on the desk.,Qwen/Qwen3-VL-2B-Instruct,,imgedit_00000019_00,imgedit_00000019_00.png
imgedit_00000020_00,imgedit,action,RcUyqQCgooQ_segment_3_frame_4.jpg,RcUyqQCgooQ_segment_3_frame_59.jpg,,"A man with blond hair stands in a snowy forest, wearing a blue vest over a light-colored shirt, with a wooden cabin in the background.","A man with blond hair stands in a snowy forest, wearing a blue vest over a light-colored shirt, with his right arm lowered, and a wooden cabin in the background.",The man lowers his right arm.,,missing,0,D:/Datasets/ImgEdit/Parquet/action_part1.parquet,RcUyqQCgooQ_segment_3_frame_4,man,man with his right arm lowered,action,high,"The man's right arm is lowered, indicating a change in posture.",Qwen/Qwen3-VL-2B-Instruct,,imgedit_00000020_00,imgedit_00000020_00.png
imgedit_00000021_00,imgedit,action,0GPMKCXujC8_segment_62_frame_12.jpg,0GPMKCXujC8_segment_62_frame_67.jpg,,"A man in a black t-shirt stands in front of a yellow Jeep Wrangler on a dirt trail, pointing upwards with his right hand.",A man in a black t-shirt stands in front of a yellow Jeep Wrangler on a dirt trail with his right arm lowered to his side.,The man lowers his right arm from a raised pointing position to resting by his side.,,missing,0,D:/Datasets/ImgEdit/Parquet/action_part1.parquet,0GPMKCXujC8_segment_62_frame_12,man,man with arm lowered,action,high,"The man's right arm is raised in the source image but lowered in the target image, matching the editing instruction.",Qwen/Qwen3-VL-2B-Instruct,,imgedit_00000021_00,imgedit_00000021_00.png
imgedit_00000022_00,imgedit,action,aO7FlioPFmM_segment_1_frame_0.jpg,aO7FlioPFmM_segment_1_frame_55.jpg,,"A man in a red and black striped sweater stands in front of a blue Mercedes-Benz van, clasping his hands together.","A man in a red and black striped sweater stands in front of a blue Mercedes-Benz van, gesturing with his hands open.",The person changes from clasping their hands together to gesturing with open hands.,,missing,0,D:/Datasets/ImgEdit/Parquet/action_part1.parquet,aO7FlioPFmM_segment_1_frame_0,person,person with open hands,action,high,"The person's hands change from clasped to open, indicating a gesture of explanation or emphasis.",Qwen/Qwen3-VL-2B-Instruct,,imgedit_00000022_00,imgedit_00000022_00.png
imgedit_00000023_00,imgedit,action,BqbGWorIt9w_segment_5_frame_0.jpg,BqbGWorIt9w_segment_5_frame_55.jpg,,A young girl with blonde hair and a floral dress is looking at the camera with a serious expression in a dimly lit room.,"A young girl with blonde hair and a floral dress is looking at the camera with a serious expression in a dimly lit room, but her mouth is now open as if she is speaking.","No change in the subject's action, pose, or facial expression.",,missing,0,D:/Datasets/ImgEdit/Parquet/action_part1.parquet,BqbGWorIt9w_segment_5_frame_0,girl,girl with her mouth open,action,high,"The only change is the girl's mouth, which is open in the target image, indicating a change in her expression. The rest of her appearance, pose, and facial expression remain unchanged.",Qwen/Qwen3-VL-2B-Instruct,,imgedit_00000023_00,imgedit_00000023_00.png
imgedit_00000024_00,imgedit,action,6J6vJJbnvKg_segment_9_frame_0.jpg,6J6vJJbnvKg_segment_9_frame_55.jpg,,A person wearing a colorful turban and a patterned shirt stands in a doorway holding a bundle of green leaves and a pair of coconuts.,"A person wearing a colorful turban and a patterned shirt stands in a doorway with a straighter posture, raising their right elbow slightly while holding a bundle of green leaves and a pair of coconuts.","The person straightens their posture, raising their right elbow slightly.",,missing,0,D:/Datasets/ImgEdit/Parquet/action_part1.parquet,6J6vJJbnvKg_segment_9_frame_0,person,person with straightened posture and raised right elbow,action,high,"The person's posture is adjusted to include a slight raise of the right elbow, as per the editing instruction.",Qwen/Qwen3-VL-2B-Instruct,,imgedit_00000024_00,imgedit_00000024_00.png
imgedit_00000025_00,imgedit,action,ZbegNM7ZEw0_segment_18_frame_76.jpg,ZbegNM7ZEw0_segment_18_frame_131.jpg,,"A man in a suit stands on a stage with a grand piano behind him, gesturing with his arms.","A man in a suit stands on a stage with a grand piano behind him, moving his arms closer to his body and shifting his stance slightly.",The man moves his arms closer to his body and shifts his stance slightly.,,missing,0,D:/Datasets/ImgEdit/Parquet/action_part1.parquet,ZbegNM7ZEw0_segment_18_frame_76,man,man,action,high,The man's arms are positioned closer to his body and his stance is slightly altered.,Qwen/Qwen3-VL-2B-Instruct,,imgedit_00000025_00,imgedit_00000025_00.png
imgedit_00000026_00,imgedit,action,rAf6ibs4uFU_segment_8_frame_50.jpg,rAf6ibs4uFU_segment_8_frame_105.jpg,,A woman in a kitchen holds a round container in her hands.,A woman in a kitchen holds a round container upright in her hands.,"A woman adjusts her grip on a round container, holding it more upright.",,missing,0,D:/Datasets/ImgEdit/Parquet/action_part1.parquet,rAf6ibs4uFU_segment_8_frame_50,a woman,a woman holding a round container upright,action,high,The woman adjusts her grip to hold the container more upright.,Qwen/Qwen3-VL-2B-Instruct,,imgedit_00000026_00,imgedit_00000026_00.png
imgedit_00000027_00,imgedit,action,fRqzpUcgwFU_segment_34_frame_0.jpg,fRqzpUcgwFU_segment_34_frame_55.jpg,,"A man with a stern expression stands in a park, wearing a white polo shirt.","A man with a stern expression stands in a park, wearing a white polo shirt, surrounded by multiple hands offering him s'mores.",The person holds still while multiple hands reach towards them with s'mores.,,missing,0,D:/Datasets/ImgEdit/Parquet/action_part1.parquet,fRqzpUcgwFU_segment_34_frame_0,man,man holding still while multiple hands reach towards him with s'mores,action,high,"The man's expression remains unchanged, but the addition of multiple hands offering s'mores creates a new interaction.",Qwen/Qwen3-VL-2B-Instruct,,imgedit_00000027_00,imgedit_00000027_00.png
imgedit_00000028_00,imgedit,action,Q_Q1ZIH1n5M_segment_4_frame_0.jpg,Q_Q1ZIH1n5M_segment_4_frame_55.jpg,,"A plastic doll with yellow hair and a pearl necklace is sitting in sand, covered in ants.","A plastic doll with yellow hair and a pearl necklace is sitting in sand, covered in ants, and rising slightly from a sitting position.",The person rises slightly from a sitting or crouching position.,,missing,0,D:/Datasets/ImgEdit/Parquet/action_part1.parquet,Q_Q1ZIH1n5M_segment_4_frame_0,doll,doll rising slightly from a sitting position,action,high,The doll's posture has been altered to indicate a slight upward movement from a seated or crouching position.,Qwen/Qwen3-VL-2B-Instruct,,imgedit_00000028_00,imgedit_00000028_00.png
imgedit_00000029_00,imgedit,action,omS7hPCWwuM_segment_1_frame_0.jpg,omS7hPCWwuM_segment_1_frame_55.jpg,,"A man in a green t-shirt sits in a fishing chair by a lake, with fishing rods and reeds nearby.","A man in a green t-shirt sits in a fishing chair by a lake, with his hands clasped together, then separated with fingers slightly apart.",The man moves his hands from being clasped together to separated with fingers slightly apart.,,missing,0,D:/Datasets/ImgEdit/Parquet/action_part1.parquet,omS7hPCWwuM_segment_1_frame_0,man's hands,man's hands separated with fingers slightly apart,action,high,"The edit focuses on the man's hands, changing their position from clasped to separated.",Qwen/Qwen3-VL-2B-Instruct,,imgedit_00000029_00,imgedit_00000029_00.png
imgedit_00000030_00,imgedit,action,ZWHX4aeCHQ0_segment_2_frame_0.jpg,ZWHX4aeCHQ0_segment_2_frame_55.jpg,,A man wearing a black hat and a red bandana stands in a snowy forest.,A man wearing a black hat and a red bandana looks upwards while raising his head in a snowy forest.,The person looks upwards while raising their head and wears a hat.,,missing,0,D:/Datasets/ImgEdit/Parquet/action_part1.parquet,ZWHX4aeCHQ0_segment_2_frame_0,person,person looking upwards,action,high,"The person's head is raised and he is looking up, which is a change from the original pose.",Qwen/Qwen3-VL-2B-Instruct,,imgedit_00000030_00,imgedit_00000030_00.png
imgedit_00000031_00,imgedit,action,n48rgxB1qv8_segment_128_frame_0.jpg,n48rgxB1qv8_segment_128_frame_55.jpg,,"A man in a grey t-shirt holding a black object, standing in front of a table with gaming consoles and a string of lights.","A man in a grey t-shirt holding a black object, standing in front of a table with gaming consoles and a string of lights, with his right hand now resting on the table.",The person lowers their right hand from a raised position to rest it down.,,missing,0,D:/Datasets/ImgEdit/Parquet/action_part1.parquet,n48rgxB1qv8_segment_128_frame_0,person,person with right hand resting on table,action,high,The person's right hand is lowered from a raised position to rest on the table.,Qwen/Qwen3-VL-2B-Instruct,,imgedit_00000031_00,imgedit_00000031_00.png
imgedit_00000032_00,imgedit,action,W57syAGaSuY_segment_19_frame_52.jpg,W57syAGaSuY_segment_19_frame_107.jpg,,A man with a beard holds a black smartphone in his left hand and a black case with a white interior in his right hand.,A man with a beard holds a black smartphone in his left hand and raises his right hand with fingers slightly curled while holding the open case with one hand.,The person raises their other hand with fingers slightly curled while holding the open case with one hand.,,missing,0,D:/Datasets/ImgEdit/Parquet/action_part1.parquet,W57syAGaSuY_segment_19_frame_52,hand,raised hand,action,high,"The hand is raised with fingers slightly curled, indicating a new action.",Qwen/Qwen3-VL-2B-Instruct,,imgedit_00000032_00,imgedit_00000032_00.png
imgedit_00000033_00,imgedit,action,IFPcwUzfUYI_segment_10_frame_84.jpg,IFPcwUzfUYI_segment_10_frame_139.jpg,,"A woman in a dark green dress stands in a doorway, looking at another woman with her back to the camera.","A woman in a dark green dress stands in a doorway, looking at another woman with her back to the camera, and turns her head to the side while crossing her arms.",A woman turns her head to the side and crosses her arms.,,missing,0,D:/Datasets/ImgEdit/Parquet/action_part1.parquet,IFPcwUzfUYI_segment_10_frame_84,woman,woman turning her head and crossing her arms,action,high,"The woman's posture changes from facing the other woman to turning her head and crossing her arms, which is consistent with the instruction.",Qwen/Qwen3-VL-2B-Instruct,,imgedit_00000033_00,imgedit_00000033_00.png
imgedit_00000034_00,imgedit,action,2oopbQOW7WM_segment_56_frame_0.jpg,2oopbQOW7WM_segment_56_frame_55.jpg,,"A baby is sitting on a colorful, flower-patterned surface with a large, sparkling diamond ring on its head.","A baby is kneeling upright on a colorful, flower-patterned surface with a large, sparkling diamond ring on its head.",The baby changes from sitting with legs spread to kneeling upright with knees and hands on the ground.,,missing,0,D:/Datasets/ImgEdit/Parquet/action_part1.parquet,2oopbQOW7WM_segment_56_frame_0,baby,kneeling upright,action,high,The baby's posture changes from sitting with legs spread to kneeling with knees and hands on the ground.,Qwen/Qwen3-VL-2B-Instruct,,imgedit_00000034_00,imgedit_00000034_00.png
imgedit_00000035_00,imgedit,action,zAChaIkiiuU_segment_25_frame_0.jpg,zAChaIkiiuU_segment_25_frame_55.jpg,,"A man with glasses and a beard stands in a workshop, wearing a grey shirt.","A man with glasses and a beard turns his head slightly to the right, still wearing a grey shirt.",The man slightly turns his head to the right.,,missing,0,D:/Datasets/ImgEdit/Parquet/action_part1.parquet,zAChaIkiiuU_segment_25_frame_0,man,man slightly turned to the right,action,high,"The man's head position is adjusted to the right, with the rest of the scene remaining unchanged.",Qwen/Qwen3-VL-2B-Instruct,,imgedit_00000035_00,imgedit_00000035_00.png
imgedit_00000036_00,imgedit,action,718UkBVxlLU_segment_0_frame_118.jpg,718UkBVxlLU_segment_0_frame_173.jpg,,"A woman stands in front of a table with cooking ingredients, gesturing with both arms raised.","A woman stands in front of a table with cooking ingredients, lowering her arms and touching the side of her neck with her right hand.",The woman lowers her arms and touches the side of her neck with her right hand.,,missing,0,D:/Datasets/ImgEdit/Parquet/action_part1.parquet,718UkBVxlLU_segment_0_frame_118,woman,woman touching the side of her neck with her right hand,action,high,"The woman's arms are lowered and she is touching her neck with her right hand in the target image, which is consistent with the instruction.",Qwen/Qwen3-VL-2B-Instruct,,imgedit_00000036_00,imgedit_00000036_00.png
imgedit_00000037_00,imgedit,action,8HDsMeVB3ik_segment_28_frame_0.jpg,8HDsMeVB3ik_segment_28_frame_55.jpg,,"A skier in a snowy forest, wearing a helmet and goggles, holding ski poles.","A skier in a snowy forest, wearing a helmet and goggles, holding ski poles and turning their head to face forward.",The person turns their head to face forward.,,missing,0,D:/Datasets/ImgEdit/Parquet/action_part1.parquet,8HDsMeVB3ik_segment_28_frame_0,person,person turning their head to face forward,action,high,"The person's head is turned slightly to the side in the source image, but the edit changes it to face forward, matching the instruction.",Qwen/Qwen3-VL-2B-Instruct,,imgedit_00000037_00,imgedit_00000037_00.png
imgedit_00000038_00,imgedit,action,Ht7-G6vtBC0_segment_8_frame_8.jpg,Ht7-G6vtBC0_segment_8_frame_63.jpg,,"A woman in a blue shirt is sitting on a bed, adjusting her position while leaning on a large white pillow.","A woman in a blue shirt is reclining back against a large white pillow on a bed, with her legs extended and her arms resting on the pillow.",The person shifts from sitting upright while adjusting their position to reclining back against a pillow.,,missing,0,D:/Datasets/ImgEdit/Parquet/action_part1.parquet,Ht7-G6vtBC0_segment_8_frame_8,the woman,the woman reclining on the bed,action,high,"The woman's posture changes from sitting upright to reclining back against the pillow, with her body leaning back and her arms resting on the pillow. The pillow remains in the same position.",Qwen/Qwen3-VL-2B-Instruct,,imgedit_00000038_00,imgedit_00000038_00.png
imgedit_00000039_00,imgedit,action,TiE_5Votsms_segment_49_frame_0.jpg,TiE_5Votsms_segment_49_frame_55.jpg,,"A woman with long brown hair, wearing a white dress with a black tiger print, stands at night in a park with illuminated trees and people in the background.","A woman with long brown hair, wearing a white dress with a black tiger print, stands at night in a park with illuminated trees and people in the background, lowering her raised hand.",The woman lowers her raised hand.,,missing,0,D:/Datasets/ImgEdit/Parquet/action_part1.parquet,TiE_5Votsms_segment_49_frame_0,woman,woman with lowered hand,action,high,The woman's raised hand is lowered in the edited version.,Qwen/Qwen3-VL-2B-Instruct,,imgedit_00000039_00,imgedit_00000039_00.png
imgedit_00000040_00,imgedit,action,dhjNlp7KqDc_segment_2_frame_0.jpg,dhjNlp7KqDc_segment_2_frame_55.jpg,,A woman with a white floral crown holds a camera to take a mirror selfie in a bright room with a large window.,A woman with a white floral crown tilts her head slightly to the right while holding a camera to take a mirror selfie in a bright room with a large window.,The subject tilts their head slightly to the right.,,missing,0,D:/Datasets/ImgEdit/Parquet/action_part1.parquet,dhjNlp7KqDc_segment_2_frame_0,woman,tilts their head slightly to the right,action,high,"The woman's head position changes from neutral to slightly tilted right, consistent with the instruction.",Qwen/Qwen3-VL-2B-Instruct,,imgedit_00000040_00,imgedit_00000040_00.png
imgedit_00000041_00,imgedit,action,HENls2j9Xuk_segment_1_frame_0.jpg,HENls2j9Xuk_segment_1_frame_55.jpg,,"A woman with blonde hair stands in a field of corn, wearing a dirty jacket and pants, with a barbed wire fence and a rusty wooden structure in the background.","A woman with blonde hair stands in a field of corn, turning her head to the left while slightly lowering her right arm, wearing a dirty jacket and pants, with a barbed wire fence and a rusty wooden structure in the background.",The person turns their head to the left while slightly lowering their right arm.,,missing,0,D:/Datasets/ImgEdit/Parquet/action_part1.parquet,HENls2j9Xuk_segment_1_frame_0,person,person turning their head to the left while slightly lowering their right arm,action,high,The person's head position and arm movement have been modified to match,Qwen/Qwen3-VL-2B-Instruct,,imgedit_00000041_00,imgedit_00000041_00.png
imgedit_00000042_00,imgedit,action,aSqtj5AwMAQ_segment_71_frame_0.jpg,aSqtj5AwMAQ_segment_71_frame_55.jpg,,A man in a black hoodie and cap is holding a PlayStation 5 console and a controller while sitting at a table.,"A man in a black hoodie and cap is holding a PlayStation 5 console and a controller while sitting at a table, with his right hand released from the console.",The person releases their right hand from the device while holding the controller with the left hand.,,missing,0,D:/Datasets/ImgEdit/Parquet/action_part1.parquet,aSqtj5AwMAQ_segment_71_frame_0,person,person holding controller with left hand,action,high,"The person's right hand is released from the console, while the left hand continues to hold the controller.",Qwen/Qwen3-VL-2B-Instruct,,imgedit_00000042_00,imgedit_00000042_00.png
imgedit_00000043_00,imgedit,action,aNrP7EgneTE_segment_46_frame_32.jpg,aNrP7EgneTE_segment_46_frame_87.jpg,,"A man in a white lab coat stands in front of a brick wall with a wooden shelf, holding a bowl.","A man in a white lab coat stands in front of a brick wall with a wooden shelf, making an 'OK' gesture with his right hand.","The person changes from holding a hand near a bowl to making an ""OK"" gesture with their right hand.",,missing,0,D:/Datasets/ImgEdit/Parquet/action_part1.parquet,aNrP7EgneTE_segment_46_frame_32,person,making an 'OK' gesture with his right hand,action,high,The person's hand position changes from near the bowl to forming an 'OK' sign.,Qwen/Qwen3-VL-2B-Instruct,,imgedit_00000043_00,imgedit_00000043_00.png
imgedit_00000044_00,imgedit,action,JQndOnm3AvU_segment_46_frame_0.jpg,JQndOnm3AvU_segment_46_frame_55.jpg,,"A man wearing a black cap and a black long-sleeved shirt sits at a light-colored table, looking at a smartphone in his hands.","A man wearing a black cap and a black long-sleeved shirt sits at a light-colored table, looking at a smartphone in his hands, with his right hand slightly raised and closer to the camera.",The man moves his right hand slightly upward and closer to the camera.,,missing,0,D:/Datasets/ImgEdit/Parquet/action_part1.parquet,JQndOnm3AvU_segment_46_frame_0,man's right hand,man's right hand slightly raised and closer to the camera,action,high,"The man's right hand is positioned slightly higher and closer to the camera in the target image, consistent with the action",Qwen/Qwen3-VL-2B-Instruct,,imgedit_00000044_00,imgedit_00000044_00.png
imgedit_00000045_00,imgedit,action,KkV4WdP3gRA_segment_8_frame_0.jpg,KkV4WdP3gRA_segment_8_frame_55.jpg,,"A woman in a kitchen is preparing food, holding a mixture in her hands.",A woman in a kitchen is pressing a mixture into a patty shape with her hands.,A woman presses a mixture into a patty shape with her hands.,,missing,0,D:/Datasets/ImgEdit/Parquet/action_part1.parquet,KkV4WdP3gRA_segment_8_frame_0,a woman,a woman pressing a mixture into a patty shape with her hands,action,high,"The action of pressing the mixture into a patty shape is clearly depicted in the target image, while the source image shows the woman holding the mixture.",Qwen/Qwen3-VL-2B-Instruct,,imgedit_00000045_00,imgedit_00000045_00.png
imgedit_00000046_00,imgedit,action,Q_xAkU9k3eY_segment_3_frame_0.jpg,Q_xAkU9k3eY_segment_3_frame_48.jpg,,A woman in a grey sweater is speaking outdoors with her hands clasped together.,A woman in a grey sweater is speaking outdoors with her hands slightly lowered.,The person slightly lowers their hands.,,missing,0,D:/Datasets/ImgEdit/Parquet/action_part1.parquet,Q_xAkU9k3eY_segment_3_frame_0,person,hands slightly lowered,action,high,"The hands are slightly lowered in the target image compared to the source, indicating a subtle change in the person's gesture.",Qwen/Qwen3-VL-2B-Instruct,,imgedit_00000046_00,imgedit_00000046_00.png
imgedit_00000047_00,imgedit,action,8H5ENBTRriE_segment_40_frame_0.jpg,8H5ENBTRriE_segment_40_frame_55.jpg,,A woman with dark hair and a patterned scarf looks up and to her left with a concerned expression.,"A woman with dark hair and a patterned scarf turns her head slightly to her left, looking at someone off-camera.",The person turns slightly to their left.,,missing,0,D:/Datasets/ImgEdit/Parquet/action_part1.parquet,8H5ENBTRriE_segment_40_frame_0,woman,woman turning slightly to her left,action,high,"The woman's head position changes from a neutral look to a slight turn to the left, indicating a directional movement.",Qwen/Qwen3-VL-2B-Instruct,,imgedit_00000047_00,imgedit_00000047_00.png
imgedit_00000048_00,imgedit,action,IFu2R7UdLZg_segment_31_frame_0.jpg,IFu2R7UdLZg_segment_31_frame_55.jpg,,A man in a black shirt and gloves holds a sausage stuffer handle in front of a metal table.,A man in a black shirt and gloves holds a sausage stuffer handle that has been rotated to a different position.,A man rotates a sausage stuffer handle.,,missing,0,D:/Datasets/ImgEdit/Parquet/action_part1.parquet,IFu2R7UdLZg_segment_31_frame_0,sausage stuffer handle,sausage stuffer handle rotated,action,high,"The handle is rotated in the same position, but the angle of the handle is different in the target image.",Qwen/Qwen3-VL-2B-Instruct,,imgedit_00000048_00,imgedit_00000048_00.png
imgedit_00000049_00,imgedit,action,0HOSEJ8ppqg_segment_32_frame_0.jpg,0HOSEJ8ppqg_segment_32_frame_55.jpg,,A young girl with glasses and a pink jacket stands outdoors with her head tilted to the side.,A young girl with glasses and a pink jacket stands outdoors facing straight ahead.,The person changes from tilting their head to the side to facing straight ahead.,,missing,0,D:/Datasets/ImgEdit/Parquet/action_part1.parquet,0HOSEJ8ppqg_segment_32_frame_0,person,facing straight ahead,action,high,The person's head position is changed from tilted to straight.,Qwen/Qwen3-VL-2B-Instruct,,imgedit_00000049_00,imgedit_00000049_00.png
imgedit_00000050_00,imgedit,action,A7MkZRKBAWQ_segment_41_frame_47.jpg,A7MkZRKBAWQ_segment_41_frame_102.jpg,,A man with a headlamp is lying on his stomach inside a narrow metal duct.,"A man with a headlamp is lying on his stomach inside a narrow metal duct, lifting his head and turning it slightly to the side.",The person lifts their head and turns it slightly to the side.,,missing,0,D:/Datasets/ImgEdit/Parquet/action_part1.parquet,A7MkZRKBAWQ_segment_41_frame_47,person,person with head turned slightly to the side,action,high,"The person's head is turned slightly to the side in the target image, which is consistent with the action described in the instruction. The edit is focused on the person's head and orientation.",Qwen/Qwen3-VL-2B-Instruct,,imgedit_00000050_00,imgedit_00000050_00.png
imgedit_00000051_00,imgedit,action,29bbzipBBks_segment_81_frame_0.jpg,29bbzipBBks_segment_81_frame_55.jpg,,A man in a blue t-shirt and dark pants stands on a red circular stage in front of a TEDx Valladolid logo.,A man in a blue t-shirt and dark pants stands on a red circular stage with his legs apart and his left arm raised while speaking.,A man stands with his legs apart and his left arm raised while speaking.,,missing,0,D:/Datasets/ImgEdit/Parquet/action_part1.parquet,29bbzipBBks_segment_81_frame_0,man,man with legs apart and left arm raised,action,high,The man's posture and arm position have been modified to match the instruction.,Qwen/Qwen3-VL-2B-Instruct,,imgedit_00000051_00,imgedit_00000051_00.png
imgedit_00000052_00,imgedit,action,OS7C_osgJ_o_segment_67_frame_0.jpg,OS7C_osgJ_o_segment_67_frame_48.jpg,,A woman is performing a push-up on a black mat in a gym.,A woman is holding a raised push-up position on a black mat in a gym.,A woman transitions from lowering herself in a push-up to holding a raised push-up position.,,missing,0,D:/Datasets/ImgEdit/Parquet/action_part1.parquet,OS7C_osgJ_o_segment_67_frame_0,woman,holding a raised push-up position,action,high,The woman transitions from lowering herself in a push-up to holding a raised push-up position. The edit is clear and consistent with the visual information.,Qwen/Qwen3-VL-2B-Instruct,,imgedit_00000052_00,imgedit_00000052_00.png
imgedit_00000053_00,imgedit,action,ZbR5IgkY0dQ_segment_24_frame_34.jpg,ZbR5IgkY0dQ_segment_24_frame_89.jpg,,"A bald man with a beard and glasses, wearing a light gray button-up shirt over a blue t-shirt, stands in front of a red background with a document labeled 'COMPENSATION CLAIM' and a wooden gavel on a wooden desk.","The same bald man with a beard and glasses, wearing a light gray button-up shirt over a blue t-shirt, is now positioned slightly to his left, standing in front of the same red background with the document and gavel.",The man moves slightly to his left.,,missing,0,D:/Datasets/ImgEdit/Parquet/action_part1.parquet,ZbR5IgkY0dQ_segment_24_frame_34,man,man moves slightly to his left,action,high,The man's position has been,Qwen/Qwen3-VL-2B-Instruct,,imgedit_00000053_00,imgedit_00000053_00.png
imgedit_00000054_00,imgedit,action,6JBwqJ0tIN8_segment_5_frame_0.jpg,6JBwqJ0tIN8_segment_5_frame_55.jpg,,An older man wearing a brown hat and glasses stands in an orchard with green trees and fruit.,"An older man wearing a brown hat and glasses tilts his head slightly to the right, standing in an orchard with green trees and fruit.",The man tilts his head slightly to the right.,,missing,0,D:/Datasets/ImgEdit/Parquet/action_part1.parquet,6JBwqJ0tIN8_segment_5_frame_0,man,man tilting his head slightly to the right,action,high,The man's head position has been adjusted to match the instruction.,Qwen/Qwen3-VL-2B-Instruct,,imgedit_00000054_00,imgedit_00000054_00.png
imgedit_00000055_00,imgedit,action,Rch52Ix_JO8_segment_43_frame_0.jpg,Rch52Ix_JO8_segment_43_frame_55.jpg,,"A woman in a kitchen is standing at a table, holding a package of 'Gall-B' and placing a small object on a sheet of paper.","A woman in a kitchen is standing at a table, holding a package of 'Gall-B' and using her right hand to hold it higher while her left hand moves away from the table.",The woman moves her left hand away from the table and uses her right hand to hold an item higher.,,missing,0,D:/Datasets/ImgEdit/Parquet/action_part1.parquet,Rch52Ix_JO8_segment_43_frame_0,hand,right hand,action,high,"The woman's left hand is moved away from the table, and her right hand is now holding the 'Gall-B' package higher.",Qwen/Qwen3-VL-2B-Instruct,,imgedit_00000055_00,imgedit_00000055_00.png
imgedit_00000056_00,imgedit,action,fRrlssUaqVc_segment_46_frame_118.jpg,fRrlssUaqVc_segment_46_frame_173.jpg,,"A man with a beard and a black cap stands in an outdoor dining area, holding a card and moving both hands rapidly in front of his chest.","A man with a beard and a black cap stands in an outdoor dining area, holding a card and making a slower, more deliberate hand gesture with one hand raised higher.","The person changes from moving both hands rapidly in front of their chest to a slower, more deliberate hand gesture with one hand raised higher.",,missing,0,D:/Datasets/ImgEdit/Parquet/action_part1.parquet,fRrlssUaqVc_segment_46_frame_118,person,hand gesture,action,high,"The person's hand movement changes from rapid to a more controlled, raised gesture.",Qwen/Qwen3-VL-2B-Instruct,,imgedit_00000056_00,imgedit_00000056_00.png
imgedit_00000057_00,imgedit,action,1VHAgd9gah8_segment_2_frame_0.jpg,1VHAgd9gah8_segment_2_frame_55.jpg,,"A woman with long black hair and dark lipstick stands in a kitchen, wearing a green top and a gold necklace.","A woman with long black hair and dark lipstick tilts her head downward, still wearing a green top and a gold necklace, in a kitchen.",The person slightly tilts their head downward.,,missing,0,D:/Datasets/ImgEdit/Parquet/action_part1.parquet,1VHAgd9gah8_segment_2_frame_0,person,person with a tilted head,action,high,The person's head is slightly tilted downward in the edited image compared to the original.,Qwen/Qwen3-VL-2B-Instruct,,imgedit_00000057_00,imgedit_00000057_00.png
imgedit_00000058_00,imgedit,action,LTYy4NWVz1M_segment_1_frame_44.jpg,LTYy4NWVz1M_segment_1_frame_99.jpg,,A woman in a blue shirt stands in a kitchen with white cabinets and black appliances.,"A woman in a blue shirt stands in a kitchen with white cabinets and black appliances, lowering her chin slightly.",The woman lowers her chin slightly.,,missing,0,D:/Datasets/ImgEdit/Parquet/action_part1.parquet,LTYy4NWVz1M_segment_1_frame_44,woman,woman with lowered chin,action,high,The woman's chin is slightly lowered in the target image compared to the source image.,Qwen/Qwen3-VL-2B-Instruct,,imgedit_00000058_00,imgedit_00000058_00.png
imgedit_00000059_00,imgedit,action,9DZy6Calces_segment_3_frame_0.jpg,9DZy6Calces_segment_3_frame_55.jpg,,"A woman with red hair tied in a bun, wearing a textured pink sweater, is slightly turned to her left with her left hand raised, speaking in a room with framed pictures on the wall.","A woman with red hair tied in a bun, wearing a textured pink sweater, is centered and facing forward with both hands down, speaking in the same room.","The woman changes from a slightly turned pose with her left hand raised to a centered, forward-facing pose with her hands down.",,missing,0,D:/Datasets/ImgEdit/Parquet/action_part1.parquet,9DZy6Calces_segment_3_frame_0,woman,woman with both hands down,action,high,"The woman's pose changes from slightly turned with her left hand raised to a centered, forward-facing pose with both hands down.",Qwen/Qwen3-VL-2B-Instruct,,imgedit_00000059_00,imgedit_00000059_00.png
imgedit_00000060_00,imgedit,action,4vT08esPfzw_segment_10_frame_0.jpg,4vT08esPfzw_segment_10_frame_55.jpg,,"A woman with curly red hair and glasses is ironing a white fabric on a table, with colorful abstract art on the wall behind her.","A woman with curly red hair and glasses is leaning forward while ironing a white fabric on a table, with colorful abstract art on the wall behind her.",The woman leans forward while continuing to iron the fabric.,,missing,0,D:/Datasets/ImgEdit/Parquet/action_part1.parquet,4vT08esPfzw_segment_10_frame_0,woman,leaning forward,action,high,"The woman's posture changes from standing to leaning forward, which is consistent with the ironing action. The edit is a clear forward lean, not a change in the ironing action or the fabric.",Qwen/Qwen3-VL-2B-Instruct,,imgedit_00000060_00,imgedit_00000060_00.png
imgedit_00000061_00,imgedit,action,IFXeBdaZTfM_segment_1_frame_86.jpg,IFXeBdaZTfM_segment_1_frame_141.jpg,,"A man in a grey suit and glasses sits at a white table in front of a pink and blue background, holding a sheet of paper.","A man in a grey suit and glasses sits at a white table in front of a pink and blue background, lifting a sheet of paper from the table.",A man lifts a sheet of paper from the table.,,missing,0,D:/Datasets/ImgEdit/Parquet/action_part1.parquet,IFXeBdaZTfM_segment_1_frame_86,a sheet of paper,the man is lifting the sheet of paper,action,high,"The man's hands are shown in motion, indicating he is lifting the paper. The paper is no longer resting on the table, but is now in his hands. The edit is clear",Qwen/Qwen3-VL-2B-Instruct,,imgedit_00000061_00,imgedit_00000061_00.png
imgedit_00000062_00,imgedit,action,upzQQF_5sB8_segment_0_frame_0.jpg,upzQQF_5sB8_segment_0_frame_55.jpg,,A man with curly brown hair wearing a plaid shirt stands in a greenhouse with large green plants behind him.,"A man with curly brown hair wearing a plaid shirt stands in a greenhouse with large green plants behind him, lowering his head slightly.",The person lowers their head slightly.,,missing,0,D:/Datasets/ImgEdit/Parquet/action_part1.parquet,upzQQF_5sB8_segment_0_frame_0,person,person with lowered head,action,high,The person's head is slightly lower in the target image compared to the source image.,Qwen/Qwen3-VL-2B-Instruct,,imgedit_00000062_00,imgedit_00000062_00.png
imgedit_00000063_00,imgedit,action,hQRzEjPqz8s_segment_9_frame_34.jpg,hQRzEjPqz8s_segment_9_frame_89.jpg,,"A man with short dark hair and a beard is speaking, with his hand raised near his head.","A man with short dark hair and a beard is speaking, with his hand lowered away from his head.",The person moves their hand from a raised position near their head to a lowered position away from the head.,,missing,0,D:/Datasets/ImgEdit/Parquet/action_part1.parquet,hQRzEjPqz8s_segment_9_frame_34,hand,hand lowered away from head,action,high,"The hand's position changes from raised to lowered, consistent with the instruction.",Qwen/Qwen3-VL-2B-Instruct,,imgedit_00000063_00,imgedit_00000063_00.png
imgedit_00000064_00,imgedit,action,yl58pc9gdFA_segment_12_frame_12.jpg,yl58pc9gdFA_segment_12_frame_67.jpg,,"A news anchor in a suit sits at a desk in a modern news studio, gesturing with both hands.","A news anchor in a suit sits at a desk in a modern news studio, with his right hand pointing forward and his left hand resting on the table.",A man points with his right hand while resting his left hand on the table.,,missing,0,D:/Datasets/ImgEdit/Parquet/action_part1.parquet,yl58pc9gdFA_segment_12_frame_12,man,man pointing with his right hand while resting his left hand on the table,action,high,"The man's right hand is now extended in a pointing gesture, while his left hand remains on the table. The action is clearly a pointing gesture, not a resting hand.",Qwen/Qwen3-VL-2B-Instruct,,imgedit_00000064_00,imgedit_00000064_00.png
imgedit_00000065_00,imgedit,action,zAb8PB2iUv0_segment_3_frame_0.jpg,zAb8PB2iUv0_segment_3_frame_55.jpg,,"A man in a white karate uniform stands in a dojo, in a ready stance with one arm extended and the other bent, facing the camera.","A man in a white karate uniform stands in a dojo, in a ready stance with both arms drawn inward as if performing a quick martial arts strike, facing the camera.",A person shifts from a ready stance with one arm extended and the other bent to a motion where both arms are drawn inward as if performing a quick martial arts strike.,,missing,0,D:/Datasets/ImgEdit/Parquet/action_part1.parquet,zAb8PB2iUv0_segment_3_frame_0,person,person performing a quick martial arts strike,action,high,The person's arms are changed from a ready stance to a strike motion.,Qwen/Qwen3-VL-2B-Instruct,,imgedit_00000065_00,imgedit_00000065_00.png
imgedit_00000066_00,imgedit,action,G6cxdrFFp7g_segment_27_frame_0.jpg,G6cxdrFFp7g_segment_27_frame_54.jpg,,A woman with short gray hair is talking on a cell phone in a room with a lamp and a window.,"A woman with short gray hair is talking on a cell phone in a room with a lamp and a window, lowering her hand slightly while holding the phone to her ear.",The person lowers their hand slightly while holding the phone to their ear.,,missing,0,D:/Datasets/ImgEdit/Parquet/action_part1.parquet,G6cxdrFFp7g_segment_27_frame_0,hand,lowering her hand slightly,action,high,"The edit changes the hand's position, indicating a slight downward movement while holding the phone.",Qwen/Qwen3-VL-2B-Instruct,,imgedit_00000066_00,imgedit_00000066_00.png
imgedit_00000067_00,imgedit,action,ZmAuHYg5EG0_segment_8_frame_0.jpg,ZmAuHYg5EG0_segment_8_frame_50.jpg,,"A woman with long brown hair is sitting on a white couch, smiling and looking to her right.","A woman with long brown hair is sitting on a white couch, looking forward with a neutral expression.",The person turns their head from looking to the side to facing forward.,,missing,0,D:/Datasets/ImgEdit/Parquet/action_part1.parquet,ZmAuHYg5EG0_segment_8_frame_0,person,facing forward,action,high,The person's head has been rotated from a side profile to a frontal view.,Qwen/Qwen3-VL-2B-Instruct,,imgedit_00000067_00,imgedit_00000067_00.png
imgedit_00000068_00,imgedit,action,SjJulcvTA7Y_segment_151_frame_0.jpg,SjJulcvTA7Y_segment_151_frame_55.jpg,,"A man with glasses stands in a basement, gesturing toward a ceiling-mounted camera system.","A man with glasses stands in a basement, lowering his raised hand away from the ceiling-mounted camera.",The person lowers their raised hand away from the ceiling-mounted camera.,,missing,0,D:/Datasets/ImgEdit/Parquet/action_part1.parquet,SjJulcvTA7Y_segment_151_frame_0,person,person with lowered hand,action,high,"The person's hand is raised in the source image and lowered in the target image, matching the instruction.",Qwen/Qwen3-VL-2B-Instruct,,imgedit_00000068_00,imgedit_00000068_00.png
imgedit_00000069_00,imgedit,action,xTARWxkTJw0_segment_17_frame_0.jpg,xTARWxkTJw0_segment_17_frame_55.jpg,,"A man in a blue and black chef's jacket stands in a kitchen, holding a hand mixer.","A man in a blue and black chef's jacket stands in a kitchen, lowering a hand mixer into a bowl.",The man lowers a hand mixer into a bowl.,,missing,0,D:/Datasets/ImgEdit/Parquet/action_part1.parquet,xTARWxkTJw0_segment_17_frame_0,hand mixer,hand mixer in a bowl,action,high,"The hand mixer is lowered into the bowl, indicating the action of mixing.",Qwen/Qwen3-VL-2B-Instruct,,imgedit_00000069_00,imgedit_00000069_00.png
imgedit_00000070_00,imgedit,action,-_XmADYYQqA_segment_15_frame_26.jpg,-_XmADYYQqA_segment_15_frame_74.jpg,,A person wearing a face mask and apron is using a knife to scrape chocolate from a mold.,"A person wearing a face mask and apron is using a knife to scrape chocolate from a mold, with their hand slightly shifted.",The person shifts their hand slightly to scrape the chocolate mold.,,missing,0,D:/Datasets/ImgEdit/Parquet/action_part1.parquet,-_XmADYYQqA_segment_15_frame_26,hand,hand shifted,action,high,"The edit focuses on the person's hand movement, specifically the slight shift in position while scraping the chocolate.",Qwen/Qwen3-VL-2B-Instruct,,imgedit_00000070_00,imgedit_00000070_00.png
imgedit_00000071_00,imgedit,action,8GxzGND1NnA_segment_28_frame_0.jpg,8GxzGND1NnA_segment_28_frame_55.jpg,,A woman in a kitchen wearing a pink apron is stirring a pot on an electric stove.,A woman in a kitchen wearing a pink apron is looking downwards while holding a utensil over the pot on the stove.,The person looks downwards while holding a utensil over the pot.,,missing,0,D:/Datasets/ImgEdit/Parquet/action_part1.parquet,8GxzGND1NnA_segment_28_frame_0,person,looking downwards,action,high,"The person's gaze and posture have been changed to look downwards, while still holding the utensil over the pot.",Qwen/Qwen3-VL-2B-Instruct,,imgedit_00000071_00,imgedit_00000071_00.png
imgedit_00000072_00,imgedit,action,-_U-jKavGtg_segment_0_frame_0.jpg,-_U-jKavGtg_segment_0_frame_55.jpg,,"A man in a green t-shirt sits on a chair outdoors, holding a smartphone in his left hand and looking at the camera.","A man in a green t-shirt sits on a chair outdoors, holding a smartphone in his left hand and reaching out his right hand to touch the microwave.",The man reaches out his right hand to touch the microwave.,,missing,0,D:/Datasets/ImgEdit/Parquet/action_part1.parquet,-_U-jKavGtg_segment_0_frame_0,man,man with his right hand reaching out to touch the microwave,action,high,"The man's right hand is extended towards the microwave in the source image, which is consistent with the action described in the instruction.",Qwen/Qwen3-VL-2B-Instruct,,imgedit_00000072_00,imgedit_00000072_00.png
imgedit_00000073_00,imgedit,action,HEgB7k8Ab4s_segment_10_frame_186.jpg,HEgB7k8Ab4s_segment_10_frame_241.jpg,,"Two adult cats in blue work clothes stand on a wooden floor, smiling and gesturing towards a group of three children.","Two adult cats in blue work clothes stand on a wooden floor, with the cat on the left lowering its raised arm and the cat next to it placing a hand on its hip while looking up at the first cat.",The cat on the left lowers its raised arm and the cat next to it places a hand on its hip while looking up at the first cat.,,missing,0,D:/Datasets/ImgEdit/Parquet/action_part1.parquet,HEgB7k8Ab4s_segment_10_frame_186,the cat on the left,the cat on the left lowering its raised arm,action,high,"The cat on the left is shown with its arm lowered and its hand on its hip, while the cat next to it is looking up",Qwen/Qwen3-VL-2B-Instruct,,imgedit_00000073_00,imgedit_00000073_00.png
imgedit_00000074_00,imgedit,action,YRzEjPHVDzM_segment_5_frame_0.jpg,YRzEjPHVDzM_segment_5_frame_55.jpg,,A man with a beard and a plaid shirt stands in front of a wooden shelf filled with potted plants and kitchen items.,"A man with a beard and a plaid shirt stands in front of a wooden shelf filled with potted plants and kitchen items, extending his right hand forward with an open palm.",The man extends his right hand forward with an open palm.,,missing,0,D:/Datasets/ImgEdit/Parquet/action_part1.parquet,YRzEjPHVDzM_segment_5_frame_0,man,man extending his right hand forward with an open palm,action,high,"The man's right hand is extended forward with an open palm in the target image, while in the source image it is clenched. The edit is a clear action change.",Qwen/Qwen3-VL-2B-Instruct,,imgedit_00000074_00,imgedit_00000074_00.png
imgedit_00000075_00,imgedit,action,LsgCd15KJG8_segment_2_frame_0.jpg,LsgCd15KJG8_segment_2_frame_48.jpg,,A woman with curly hair wearing a white shirt stands in a studio with a microphone.,A woman with curly hair wearing a white shirt turns her head slightly more towards the camera in a studio with a microphone.,The person slightly turns their head more towards the camera.,,missing,0,D:/Datasets/ImgEdit/Parquet/action_part1.parquet,LsgCd15KJG8_segment_2_frame_0,woman,woman slightly turned towards the camera,action,high,"The woman's head position is adjusted to be slightly more towards the camera, matching the instruction.",Qwen/Qwen3-VL-2B-Instruct,,imgedit_00000075_00,imgedit_00000075_00.png
imgedit_00000076_00,imgedit,action,WwfSTxt3QJQ_segment_38_frame_0.jpg,WwfSTxt3QJQ_segment_38_frame_55.jpg,,A woman in a kitchen holds a plate with food and makes a gesture with her hand.,A woman in a kitchen leans forward slightly while holding a plate in one hand and making an 'okay' gesture with the other.,"A woman leans forward slightly while holding a plate in one hand and making an ""okay"" gesture with the other.",,missing,0,D:/Datasets/ImgEdit/Parquet/action_part1.parquet,WwfSTxt3QJQ_segment_38_frame_0,woman,woman leaning forward slightly,action,high,The woman's posture changes to lean forward slightly while maintaining the same hand gesture.,Qwen/Qwen3-VL-2B-Instruct,,imgedit_00000076_00,imgedit_00000076_00.png
imgedit_00000077_00,imgedit,action,ORfTkbWOMqY_segment_5_frame_112.jpg,ORfTkbWOMqY_segment_5_frame_164.jpg,,"A man with a shaved head and glasses sits in a chair, wearing a blue shirt, in a room with chairs and a window.","A man with a shaved head and glasses sits in a chair, wearing a blue shirt, in a room with chairs and a window, raising his head and looking slightly upward.",The person raises their head and looks slightly upward.,,missing,0,D:/Datasets/ImgEdit/Parquet/action_part1.parquet,ORfTkbWOMqY_segment_5_frame_112,person,person raising head and looking upward,action,high,"The person's head position is changed from a neutral stance to slightly upward, indicating an action.",Qwen/Qwen3-VL-2B-Instruct,,imgedit_00000077_00,imgedit_00000077_00.png
imgedit_00000078_00,imgedit,action,5x4PORQ6cpk_segment_8_frame_0.jpg,5x4PORQ6cpk_segment_8_frame_55.jpg,,A man in a green shirt is sitting in the back of a vehicle on a snowy road with a lake in the background.,"A man in a green shirt is sitting in the back of a vehicle on a snowy road with a lake in the background, his left hand has moved closer to his body and is now gripping the object more firmly.",The person's left hand moves closer to their body and changes grip slightly on the object they are holding.,,missing,0,D:/Datasets/ImgEdit/Parquet/action_part1.parquet,5x4PORQ6cpk_segment_8_frame_0,person's left hand,gripping the object more firmly,action,high,The hand's position has been adjusted to reflect a change in grip.,Qwen/Qwen3-VL-2B-Instruct,,imgedit_00000078_00,imgedit_00000078_00.png
imgedit_00000079_00,imgedit,action,aTRjq6uGbTw_segment_9_frame_92.jpg,aTRjq6uGbTw_segment_9_frame_147.jpg,,"A man wearing an orange cap sits on a couch, pulling apart a small object with both hands.","A man wearing an orange cap sits on a couch, extending his right hand forward while holding the object.",The person transitions from pulling apart an object with both hands to extending one hand forward while holding the object.,,missing,0,D:/Datasets/ImgEdit/Parquet/action_part1.parquet,aTRjq6uGbTw_segment_9_frame_92,hands,extended hand,action,high,"The action is a change in the position of the hands, specifically from pulling to extending one hand forward.",Qwen/Qwen3-VL-2B-Instruct,,imgedit_00000079_00,imgedit_00000079_00.png
imgedit_00000080_00,imgedit,action,-3FAMMDGB20_segment_9_frame_8.jpg,-3FAMMDGB20_segment_9_frame_63.jpg,,"A man wearing a beige cap and glasses stands on a wooden deck, painting on a small easel.","A man wearing a beige cap and glasses stands on a wooden deck, painting on a small easel with his arm lowered and reaching for paint supplies.",The man lowers his raised arm and reaches toward the paint supplies.,,missing,0,D:/Datasets/ImgEdit/Parquet/action_part1.parquet,-3FAMMDGB20_segment_9_frame_8,man,man with lowered arm reaching for paint supplies,action,high,"The man's raised arm is lowered, and he is now reaching for the paint supplies on his easel.",Qwen/Qwen3-VL-2B-Instruct,,imgedit_00000080_00,imgedit_00000080_00.png
imgedit_00000081_00,imgedit,action,aSz08DtD4UM_segment_18_frame_2.jpg,aSz08DtD4UM_segment_18_frame_57.jpg,,"A man is swimming in the ocean, with a great white shark swimming near him.","A man is swimming in the ocean, with a great white shark swimming near him, creating more splashes in the water.","The person changes their swimming motion, creating more splashes in the water.",,missing,0,D:/Datasets/ImgEdit/Parquet/action_part1.parquet,aSz08DtD4UM_segment_18_frame_2,the person,the person's swimming motion,action,high,The person's swimming motion is altered to create more splashes in the water.,Qwen/Qwen3-VL-2B-Instruct,,imgedit_00000081_00,imgedit_00000081_00.png
imgedit_00000082_00,imgedit,action,LqCi-TaUfJs_segment_11_frame_0.jpg,LqCi-TaUfJs_segment_11_frame_55.jpg,,A man wearing glasses and a plaid shirt is sitting in front of a laptop with a cat image on the screen.,A man wearing glasses and a plaid shirt is turning his head to the side while sitting in front of a laptop with a cat image on the screen.,The man turns his head to the side.,,missing,0,D:/Datasets/ImgEdit/Parquet/action_part1.parquet,LqCi-TaUfJs_segment_11_frame_0,man,man turning his head to the side,action,high,"The man's head position changes from facing forward to turned slightly to the side, which is consistent with the editing instruction.",Qwen/Qwen3-VL-2B-Instruct,,imgedit_00000082_00,imgedit_00000082_00.png
imgedit_00000083_00,imgedit,action,WxB7PDyI4YE_segment_82_frame_0.jpg,WxB7PDyI4YE_segment_82_frame_55.jpg,,"A woman with curly brown hair and glasses is sitting on a white couch, wearing a blue shirt and speaking.","A woman with curly brown hair and glasses is sitting on a white couch, wearing a blue shirt and gesturing with her left hand while speaking.",The person raises their left hand and gestures while speaking.,,missing,0,D:/Datasets/ImgEdit/Parquet/action_part1.parquet,WxB7PDyI4YE_segment_82_frame_0,person,person with raised left hand,action,high,"The person's left hand is raised and gesturing in the target image, which is consistent with the instruction.",Qwen/Qwen3-VL-2B-Instruct,,imgedit_00000083_00,imgedit_00000083_00.png
imgedit_00000084_00,imgedit,action,yleF4Fy8Wos_segment_1_frame_190.jpg,yleF4Fy8Wos_segment_1_frame_245.jpg,,"A man in a red t-shirt stands in a gym, gesturing with his hands raised.","A man in a red t-shirt stands in a gym, gesturing with his hands lowered and fingers closer together.",The man moves his hands from a higher position with fingers spread to a lower position with fingers closer together.,,missing,0,D:/Datasets/ImgEdit/Parquet/action_part1.parquet,yleF4Fy8Wos_segment_1_frame_190,man,man with hands lowered and fingers closer together,action,high,The man's hands are moved from a higher position with fingers spread to a lower position with fingers closer together.,Qwen/Qwen3-VL-2B-Instruct,,imgedit_00000084_00,imgedit_00000084_00.png
imgedit_00000085_00,imgedit,action,MhVw-MHGv4s_segment_5_frame_0.jpg,MhVw-MHGv4s_segment_5_frame_55.jpg,,"A man with gray hair wearing a light blue button-up shirt sits at a dark table, looking directly at the camera with a serious expression.","A man with gray hair wearing a light blue button-up shirt sits at a dark table, gesturing with both hands while holding a pen in one hand.",A man gestures with both hands while holding a pen in one hand.,,missing,0,D:/Datasets/ImgEdit/Parquet/action_part1.parquet,MhVw-MHGv4s_segment_5_frame_0,man,man with both hands gesturing while holding a pen,action,high,"The man's hands are now actively gesturing, and he is holding a pen in his right hand.",Qwen/Qwen3-VL-2B-Instruct,,imgedit_00000085_00,imgedit_00000085_00.png
imgedit_00000086_00,imgedit,action,eOfoWtCOlgo_segment_93_frame_0.jpg,eOfoWtCOlgo_segment_93_frame_55.jpg,,"A white polar bear and a red fox stand in a colorful park, with the bear holding a red rose in a yellow box.","A white polar bear and a red fox stand in a colorful park, with the fox spreading its arms and smiling widely.",The red fox spreads its arms and smiles widely.,,missing,0,D:/Datasets/ImgEdit/Parquet/action_part1.parquet,eOfoWtCOlgo_segment_93_frame_0,the red fox,the red fox spreads its arms and smiles widely,action,high,"The fox's action changes from a neutral pose to a wide, smiling gesture with arms spread.",Qwen/Qwen3-VL-2B-Instruct,,imgedit_00000086_00,imgedit_00000086_00.png
imgedit_00000087_00,imgedit,action,6J4CEPmdEdI_segment_4_frame_0.jpg,6J4CEPmdEdI_segment_4_frame_55.jpg,,A man with curly black hair and glasses wearing a red and black plaid shirt is looking at the camera.,A man with curly black hair and glasses wearing a red and black plaid shirt is looking at the camera with his chin lowered slightly.,The person lowers their chin slightly.,,missing,0,D:/Datasets/ImgEdit/Parquet/action_part1.parquet,6J4CEPmdEdI_segment_4_frame_0,person,person with lowered chin,action,high,The person's chin is lowered slightly in the target image compared to the source image.,Qwen/Qwen3-VL-2B-Instruct,,imgedit_00000087_00,imgedit_00000087_00.png
imgedit_00000088_00,imgedit,action,KgjwKlQUwwA_segment_11_frame_0.jpg,KgjwKlQUwwA_segment_11_frame_55.jpg,,A woman in an olive tank top stands in a room with a wooden bench and a white wall.,"A woman in an olive tank top tilts her head back, standing in the same room with a wooden bench and a white wall.",The woman tilts her head back.,,missing,0,D:/Datasets/ImgEdit/Parquet/action_part1.parquet,KgjwKlQUwwA_segment_11_frame_0,woman,tilting her head back,action,high,"The woman's head position changes from neutral to tilted back, which is the specified action.",Qwen/Qwen3-VL-2B-Instruct,,imgedit_00000088_00,imgedit_00000088_00.png
imgedit_00000089_00,imgedit,action,5SveP71RLs4_segment_0_frame_0.jpg,5SveP71RLs4_segment_0_frame_55.jpg,,A man with a mustache and glasses stands in a woodworking shop with his hands flat on a table.,"A man with a mustache and glasses stands in a woodworking shop with his hands slightly lifted, fingers curled.",The man changes from placing his hands flat on the table to lifting them slightly with his fingers curled.,,missing,0,D:/Datasets/ImgEdit/Parquet/action_part1.parquet,5SveP71RLs4_segment_0_frame_0,man,man with hands slightly lifted,action,high,"The man's hands are raised slightly, with fingers curled, indicating a change in posture and hand position.",Qwen/Qwen3-VL-2B-Instruct,,imgedit_00000089_00,imgedit_00000089_00.png
imgedit_00000090_00,imgedit,action,9DdJxoSe_oU_segment_24_frame_30.jpg,9DdJxoSe_oU_segment_24_frame_85.jpg,,A woman in a blue t-shirt with 'AMERICAN MUSCLE' written on it is holding a black automotive exhaust pipe component with one hand while the other hand is on the side.,"A woman in a blue t-shirt with 'AMERICAN MUSCLE' written on it is holding a black automotive exhaust pipe component with both hands, gripping it firmly.","The woman shifts to holding the object with both hands, gripping it firmly.",,missing,0,D:/Datasets/ImgEdit/Parquet/action_part1.parquet,9DdJxoSe_oU_segment_24_frame_30,the woman's hands and the exhaust pipe,the woman's hands holding the exhaust pipe firmly,action,high,"The woman's hands are now both gripping the exhaust pipe, with her left hand on the side",Qwen/Qwen3-VL-2B-Instruct,,imgedit_00000090_00,imgedit_00000090_00.png
imgedit_00000091_00,imgedit,action,Hu636CO3kI0_segment_114_frame_0.jpg,Hu636CO3kI0_segment_114_frame_55.jpg,,"A man in a green t-shirt sits at a wooden table with a tablet, gesturing with his hands.","A man in a green t-shirt sits at a wooden table with a tablet, resting his arms on the table and leaning slightly forward.","The person rests their arms on the table, leaning slightly forward.",,missing,0,D:/Datasets/ImgEdit/Parquet/action_part1.parquet,Hu636CO3kI0_segment_114_frame_0,person,"resting his arms on the table, leaning slightly forward",action,high,"The person's arms are now resting on the table and he is leaning forward, which is a clear change from the original pose.",Qwen/Qwen3-VL-2B-Instruct,,imgedit_00000091_00,imgedit_00000091_00.png
imgedit_00000092_00,imgedit,action,5wt1XRH0-C8_segment_10_frame_0.jpg,5wt1XRH0-C8_segment_10_frame_55.jpg,,"A man in a blue t-shirt and black cap is sitting at a wooden table, holding a black box in his hands and looking at it.","A man in a blue t-shirt and black cap is sitting at a wooden table, holding a black box in his hands and looking at it, then moving his right hand to the side.",The person moves their right hand to the side.,,missing,0,D:/Datasets/ImgEdit/Parquet/action_part1.parquet,5wt1XRH0-C8_segment_10_frame_0,person,person with right hand moved to the side,action,high,The person's right hand is moved from holding the box to being on the side of the table.,Qwen/Qwen3-VL-2B-Instruct,,imgedit_00000092_00,imgedit_00000092_00.png
imgedit_00000093_00,imgedit,action,YRfEsOqXzHg_segment_3_frame_4.jpg,YRfEsOqXzHg_segment_3_frame_59.jpg,,A man with white hair wearing a dark shirt stands in front of a screen displaying the text 'SIMPLE WAYS TO SAVE MORE' and an image of a jar filled with coins.,"A man with white hair wearing a dark shirt stands in front of a screen displaying the text 'SIMPLE WAYS TO SAVE MORE' and an image of a jar filled with coins, with his hands lowered and resting by his sides.",The man lowers his hands and stands with them by his sides.,,missing,0,D:/Datasets/ImgEdit/Parquet/action_part1.parquet,YRfEsOqXzHg_segment_3_frame_4,man,man standing with hands by his sides,action,high,The man's hands are lowered from a previous raised position to a resting position by,Qwen/Qwen3-VL-2B-Instruct,,imgedit_00000093_00,imgedit_00000093_00.png
imgedit_00000094_00,imgedit,action,6Jotmw5As6E_segment_36_frame_0.jpg,6Jotmw5As6E_segment_36_frame_55.jpg,,A man in a white shirt stands on a wooden dock overlooking a calm sea under a cloudy sky.,"A man in a white shirt stands on a wooden dock overlooking a calm sea under a cloudy sky, lowering his arm slightly while holding a selfie stick.",The person lowers their arm slightly while holding a selfie stick.,,missing,0,D:/Datasets/ImgEdit/Parquet/action_part1.parquet,6Jotmw5As6E_segment_36_frame_0,person,lowering arm,action,high,"The person's arm is slightly lowered, and the selfie stick is held more vertically, indicating a subtle change in posture.",Qwen/Qwen3-VL-2B-Instruct,,imgedit_00000094_00,imgedit_00000094_00.png
imgedit_00000095_00,imgedit,action,qoWwy_kBf88_segment_1_frame_0.jpg,qoWwy_kBf88_segment_1_frame_55.jpg,,A man with a beard wearing a plaid shirt is sitting in a room with white doors in the background.,"A man with a beard wearing a plaid shirt is sitting in a room with white doors in the background, raising his right hand in a gesturing motion.",The man raises his right hand in a gesturing motion.,,missing,0,D:/Datasets/ImgEdit/Parquet/action_part1.parquet,qoWwy_kBf88_segment_1_frame_0,man,man raising his right hand,action,high,The man's right hand is raised and his mouth is open as if speaking.,Qwen/Qwen3-VL-2B-Instruct,,imgedit_00000095_00,imgedit_00000095_00.png
imgedit_00000096_00,imgedit,action,qnsTBt6AMuQ_segment_11_frame_40.jpg,qnsTBt6AMuQ_segment_11_frame_95.jpg,,A girl with red hair and a pink tank top holds a yellow notebook in a school hallway.,A girl with red hair and a pink tank top holds a yellow notebook and lowers her head slightly in a school hallway.,The person lowers their head slightly.,,missing,0,D:/Datasets/ImgEdit/Parquet/action_part1.parquet,qnsTBt6AMuQ_segment_11_frame_40,person,person lowering their head slightly,action,high,The person's head is lowered in the target image compared to the source image.,Qwen/Qwen3-VL-2B-Instruct,,imgedit_00000096_00,imgedit_00000096_00.png
imgedit_00000097_00,imgedit,action,29zoZL4V9M8_segment_12_frame_12.jpg,29zoZL4V9M8_segment_12_frame_67.jpg,,A man in a white lab coat and hairnet is speaking.,"A man in a white lab coat and hairnet is speaking, turning his head slightly to the right.",The man turns his head slightly to the right.,,missing,0,D:/Datasets/ImgEdit/Parquet/action_part1.parquet,29zoZL4V9M8_segment_12_frame_12,man,man turning his head slightly to the right,action,high,"The man's head position has been adjusted to the right, consistent with the instruction.",Qwen/Qwen3-VL-2B-Instruct,,imgedit_00000097_00,imgedit_00000097_00.png
imgedit_00000098_00,imgedit,action,5SW8sMrl2QE_segment_8_frame_0.jpg,5SW8sMrl2QE_segment_8_frame_55.jpg,,"A young man in a white soccer jersey stands on a green field, pulling his shirt outward with both hands.","A young man in a white soccer jersey stands on a green field, pulling his shirt outward more firmly with both hands.",The person pulls their shirt outward more firmly.,,missing,0,D:/Datasets/ImgEdit/Parquet/action_part1.parquet,5SW8sMrl2QE_segment_8_frame_0,shirt,shirt,action,high,"The edit focuses on the person's action of pulling the shirt outward, with the intensity of the action increasing.",Qwen/Qwen3-VL-2B-Instruct,,imgedit_00000098_00,imgedit_00000098_00.png
imgedit_00000099_00,imgedit,action,sJrDEcb9UO4_segment_11_frame_0.jpg,sJrDEcb9UO4_segment_11_frame_55.jpg,,A blonde woman with blue eyes wearing a grey off-the-shoulder top is looking directly at the camera in a softly lit indoor setting with a vase of red flowers in the background.,"A blonde woman with blue eyes wearing a grey off-the-shoulder top is turning her head to the left, looking away from the camera in a softly lit indoor setting with a vase of red flowers in the background.",The woman turns her head to the side.,,missing,0,D:/Datasets/ImgEdit/Parquet/action_part1.parquet,sJrDEcb9UO4_segment_11_frame_0,woman,woman turning her head to the side,action,high,"The woman's head position changes from facing forward to angled to the left, indicating a clear action",Qwen/Qwen3-VL-2B-Instruct,,imgedit_00000099_00,imgedit_00000099_00.png
imgedit_00000100_00,imgedit,action,3M5wUbwnzjA_segment_36_frame_0.jpg,3M5wUbwnzjA_segment_36_frame_55.jpg,,"A woman with red hair wearing a white tank top stands in front of a large, alien creature with a textured face.","The woman turns slightly to her side and raises her hands to gesture while speaking, still in front of the alien creature.",The woman turns slightly to the side and raises her hands to gesture while speaking.,,missing,0,D:/Datasets/ImgEdit/Parquet/action_part1.parquet,3M5wUbwnzjA_segment_36_frame_0,woman,woman with hands raised in a gesturing pose,action,high,The woman's posture and hand gestures have been changed to match the instruction.,Qwen/Qwen3-VL-2B-Instruct,,imgedit_00000100_00,imgedit_00000100_00.png
imgedit_00000101_00,imgedit,action,ePSM2Dp7O6k_segment_154_frame_0.jpg,ePSM2Dp7O6k_segment_154_frame_55.jpg,,A pirate with a large hat and a mustache holds a book in his hands.,A pirate with a large hat and a mustache tilts his head to the side while holding a book.,The man tilts his head to the side while holding the book.,,missing,0,D:/Datasets/ImgEdit/Parquet/action_part1.parquet,ePSM2Dp7O6k_segment_154_frame_0,the man,the man tilting his head,action,high,"The man's head position changes from neutral to tilted, indicating a deliberate action.",Qwen/Qwen3-VL-2B-Instruct,,imgedit_00000101_00,imgedit_00000101_00.png
imgedit_00000102_00,imgedit,action,KhIDeGk_P98_segment_18_frame_28.jpg,KhIDeGk_P98_segment_18_frame_83.jpg,,"A blonde woman in a black leather jacket stands on a city street, smiling at the camera.","A blonde woman in a black leather jacket tilts her head slightly to her left, smiling at the camera.",The woman tilts her head slightly to the side.,,missing,0,D:/Datasets/ImgEdit/Parquet/action_part1.parquet,KhIDeGk_P98_segment_18_frame_28,woman,tilting her head slightly to the side,action,high,The woman's head position is adjusted to match the instruction.,Qwen/Qwen3-VL-2B-Instruct,,imgedit_00000102_00,imgedit_00000102_00.png
imgedit_00000103_00,imgedit,action,70eC_ZP5LsA_segment_11_frame_0.jpg,70eC_ZP5LsA_segment_11_frame_55.jpg,,"A woman wearing a white hat sits on a beach, holding a camera and looking at a sea lion.","A woman wearing a white hat sits on a beach, holding a camera and slightly turning her head to the right.",The person slightly turns their head to the right while holding the camera.,,missing,0,D:/Datasets/ImgEdit/Parquet/action_part1.parquet,70eC_ZP5LsA_segment_11_frame_0,person,person with slightly turned head,action,high,The person's head position is adjusted to match the instruction.,Qwen/Qwen3-VL-2B-Instruct,,imgedit_00000103_00,imgedit_00000103_00.png
imgedit_00000104_00,imgedit,action,-aGpVLCe9uI_segment_0_frame_0.jpg,-aGpVLCe9uI_segment_0_frame_55.jpg,,"A cartoon caricature of a woman with a feathered headband, wearing a red top and a striped skirt, in a prayer pose.","A cartoon caricature of a woman with a feathered headband, wearing a red top and a striped skirt, with her hands lowered from a prayer pose.",The person lowers their hands from a prayer gesture.,,missing,0,D:/Datasets/ImgEdit/Parquet/action_part1.parquet,-aGpVLCe9uI_segment_0_frame_0,person,person with lowered hands,action,high,The person's hands are lowered from a prayer gesture in the source image to a relaxed position in the target image.,Qwen/Qwen3-VL-2B-Instruct,,imgedit_00000104_00,imgedit_00000104_00.png
imgedit_00000105_00,imgedit,action,sMNhardK_w0_segment_0_frame_0.jpg,sMNhardK_w0_segment_0_frame_55.jpg,,A woman with brown hair wearing a blue denim shirt stands in a kitchen with white cabinets and a wooden countertop.,"A woman with brown hair wearing a blue denim shirt stands in a kitchen with white cabinets and a wooden countertop, her head slightly tilted to her left.",The woman's head slightly tilts to her left.,,missing,0,D:/Datasets/ImgEdit/Parquet/action_part1.parquet,sMNhardK_w0_segment_0_frame_0,woman's head,slightly tilted to her left,action,high,The woman's head is slightly tilted to her left in the edited image compared to the original.,Qwen/Qwen3-VL-2B-Instruct,,imgedit_00000105_00,imgedit_00000105_00.png
imgedit_00000106_00,imgedit,action,YQvpREKie_k_segment_40_frame_0.jpg,YQvpREKie_k_segment_40_frame_50.jpg,,"A soccer goalkeeper in a blue jersey lies on the ground in front of the goal, while a player in a red jersey stands on the field.","A soccer goalkeeper in a blue jersey lies on the ground in front of the goal, while a player in a red jersey stands on the field and raises his left arm.",The man in red shifts his weight slightly and raises his left arm.,,missing,0,D:/Datasets/ImgEdit/Parquet/action_part1.parquet,YQvpREKie_k_segment_40_frame_0,player in red,player in red raises his left arm,action,high,"The player's left arm is raised in the target image, which is consistent with the instruction. The edit is a clear action change.",Qwen/Qwen3-VL-2B-Instruct,,imgedit_00000106_00,imgedit_00000106_00.png
imgedit_00000107_00,imgedit,action,71-UD_l7nfM_segment_32_frame_2.jpg,71-UD_l7nfM_segment_32_frame_57.jpg,,A bald man with a beard wearing a black shirt sits in an outdoor setting with palm trees and a stone wall in the background.,"A bald man with a beard wearing a black shirt turns his head slightly to face forward, sitting in an outdoor setting with palm trees and a stone wall in the background.",The person turns their head slightly to face forward.,,missing,0,D:/Datasets/ImgEdit/Parquet/action_part1.parquet,71-UD_l7nfM_segment_32_frame_2,person,turns his head slightly to face forward,action,high,The person's head position changes from looking to the right to facing forward.,Qwen/Qwen3-VL-2B-Instruct,,imgedit_00000107_00,imgedit_00000107_00.png
imgedit_00000108_00,imgedit,action,TaI8WuLNfwY_segment_14_frame_0.jpg,TaI8WuLNfwY_segment_14_frame_55.jpg,,"A man in a white shirt holds a black backpack on a desk, gesturing with his hand.","A man in a white shirt holds a black backpack on a desk, spreading his fingers with an open hand.","The person opens their hand, spreading their fingers.",,missing,0,D:/Datasets/ImgEdit/Parquet/action_part1.parquet,TaI8WuLNfwY_segment_14_frame_0,hand,open hand,action,high,"The hand is edited to be open and spread, with fingers extended, while the backpack and surrounding scene remain unchanged.",Qwen/Qwen3-VL-2B-Instruct,,imgedit_00000108_00,imgedit_00000108_00.png
imgedit_00000109_00,imgedit,action,71QNFHIxCpY_segment_1_frame_0.jpg,71QNFHIxCpY_segment_1_frame_55.jpg,,A woman with blonde hair wearing a grey sweater is sitting in a studio with a red wall and a circular art piece behind her.,"A woman with blonde hair wearing a grey sweater is sitting in a studio, turning her upper body and head slightly to her right.",The woman turns her upper body and head slightly to her right.,,missing,0,D:/Datasets/ImgEdit/Parquet/action_part1.parquet,71QNFHIxCpY_segment_1_frame_0,woman,woman turning her upper body and head slightly to her right,action,high,"The woman's head and upper body are rotated slightly to the right, but her face and the surrounding environment remain unchanged.",Qwen/Qwen3-VL-2B-Instruct,,imgedit_00000109_00,imgedit_00000109_00.png
imgedit_00000110_00,imgedit,action,YRKu7RcS-eo_segment_16_frame_112.jpg,YRKu7RcS-eo_segment_16_frame_167.jpg,,"A woman with long blonde hair stands in front of a white table with two small bottles and a pencil on it, against an orange wall with a plant to the right.","A woman with long blonde hair sits at a white table with one hand on the table, facing the camera, against an orange wall with a plant to the right.",The person transitions from standing and moving to sitting down with one hand on the table.,,missing,0,D:/Datasets/ImgEdit/Parquet/action_part1.parquet,YRKu7RcS-eo_segment_16_frame_112,person,sitting,action,high,"The person transitions from standing to sitting, with one hand resting on the table.",Qwen/Qwen3-VL-2B-Instruct,,imgedit_00000110_00,imgedit_00000110_00.png
imgedit_00000111_00,imgedit,action,pweMwT0H5-M_segment_4_frame_40.jpg,pweMwT0H5-M_segment_4_frame_95.jpg,,A woman in a kitchen is preparing ingredients in a bowl on a wooden cutting board.,A woman in a kitchen is stirring ingredients in a bowl on a wooden cutting board.,A woman stirs ingredients in a bowl.,,missing,0,D:/Datasets/ImgEdit/Parquet/action_part1.parquet,pweMwT0H5-M_segment_4_frame_40,woman,woman stirring ingredients,action,high,The woman's action changes from reaching for ingredients to actively stirring them in the bowl.,Qwen/Qwen3-VL-2B-Instruct,,imgedit_00000111_00,imgedit_00000111_00.png
imgedit_00000112_00,imgedit,action,aT5mjiffFeo_segment_83_frame_0.jpg,aT5mjiffFeo_segment_83_frame_55.jpg,,"A young man in a grey t-shirt sits at a table, gesturing with his hands as he speaks.","A young man in a grey t-shirt sits at a table, with his hands clasped together and the right hand slightly raised.","A man shifts his hands, moving one finger to tap the other hand.",,missing,0,D:/Datasets/ImgEdit/Parquet/action_part1.parquet,aT5mjiffFeo_segment_83_frame_0,man,man with hands clasped together and the right hand slightly raised,action,high,"The man's hands have been adjusted to show a more deliberate gesture, with one finger raised and the other hand slightly raised, consistent with the instruction.",Qwen/Qwen3-VL-2B-Instruct,,imgedit_00000112_00,imgedit_00000112_00.png
imgedit_00000113_00,imgedit,action,4snv5yENTS4_segment_7_frame_44.jpg,4snv5yENTS4_segment_7_frame_99.jpg,,"A man stands in a vibrant, illustrated jungle scene with various animals, including a parrot, an owl, and a tortoise, with a large blue sphere and a paraglider in the background.","A man stands in a vibrant, illustrated jungle scene with various animals, including a parrot, an owl, and a tortoise, with a large blue sphere and a paraglider in the background, raising his left arm and holding up two fingers.","The person raises their left arm, holding up two fingers.",,missing,0,D:/Datasets/ImgEdit/Parquet/action_part1.parquet,4snv5yENTS4_segment_7_frame_44,the man's left arm,the man's left arm holding up two fingers,action,high,The man,Qwen/Qwen3-VL-2B-Instruct,,imgedit_00000113_00,imgedit_00000113_00.png
imgedit_00000114_00,imgedit,action,pG608YXkh5U_segment_36_frame_0.jpg,pG608YXkh5U_segment_36_frame_55.jpg,,"A man in a green shirt stands in a room with two monitors, a potted plant, and a desk with a lamp.","A man in a green shirt stands in a room with two monitors, a potted plant, and a desk with a lamp, with one hand lowered slightly while keeping both hands open with palms facing upwards.",The person lowers one hand slightly while keeping both hands open with palms facing upwards.,,missing,0,D:/Datasets/ImgEdit/Parquet/action_part1.parquet,pG608YXkh5U_segment_36_frame_0,person,person with one hand lowered slightly,action,high,"The person's right hand is slightly lower in the target image compared to the source, while both hands remain open with palms facing upwards.",Qwen/Qwen3-VL-2B-Instruct,,imgedit_00000114_00,imgedit_00000114_00.png
imgedit_00000115_00,imgedit,action,2oWsxOn4wEw_segment_17_frame_0.jpg,2oWsxOn4wEw_segment_17_frame_55.jpg,,A woman in a red sports jersey smiles while holding a medal.,"A woman in a red sports jersey smiles while holding a medal closer to the camera, making it more prominent.",The person raises a medal closer to the camera with a more prominent display.,,missing,0,D:/Datasets/ImgEdit/Parquet/action_part1.parquet,2oWsxOn4wEw_segment_17_frame_0,medal,medal,action,high,"The medal is raised closer to the camera in the target image, making it more prominent. The person's pose and expression remain consistent.",Qwen/Qwen3-VL-2B-Instruct,,imgedit_00000115_00,imgedit_00000115_00.png
imgedit_00000116_00,imgedit,action,vkyjllUNLzA_segment_20_frame_0.jpg,vkyjllUNLzA_segment_20_frame_55.jpg,,"A man in a dark suit and khaki pants stands on a red circular stage, speaking into a microphone.","A man in a dark suit and khaki pants stands on a red circular stage, raising his right hand while speaking into a microphone.",The man raises his right hand.,,missing,0,D:/Datasets/ImgEdit/Parquet/action_part1.parquet,vkyjllUNLzA_segment_20_frame_0,man,man raising his right hand,action,high,"The man's right hand is raised in the target image, consistent with the instruction.",Qwen/Qwen3-VL-2B-Instruct,,imgedit_00000116_00,imgedit_00000116_00.png
imgedit_00000117_00,imgedit,action,ECWbBBBcdlw_segment_5_frame_38.jpg,ECWbBBBcdlw_segment_5_frame_93.jpg,,A person with colorful hair is spraying a bottle of hair dye in a bathroom.,A person with colorful hair raises their arm higher while spraying a bottle of hair dye in a bathroom.,A person raises their arm higher while spraying from a bottle.,,missing,0,D:/Datasets/ImgEdit/Parquet/action_part1.parquet,ECWbBBBcdlw_segment_5_frame_38,arm,raised arm,action,high,"The arm is raised higher, making the action more prominent.",Qwen/Qwen3-VL-2B-Instruct,,imgedit_00000117_00,imgedit_00000117_00.png
imgedit_00000118_00,imgedit,action,xcAiPbx5tmg_segment_16_frame_0.jpg,xcAiPbx5tmg_segment_16_frame_55.jpg,,A man in a dark suit and red tie gives a thumbs-up gesture.,A man in a dark suit and red tie gives a thumbs-up gesture with his right hand.,The person raises their thumb in a thumbs-up gesture.,,missing,0,D:/Datasets/ImgEdit/Parquet/action_part1.parquet,xcAiPbx5tmg_segment_16_frame_0,person,person with a raised thumb,action,high,"The edit involves adding the action of raising the thumb, which is already present in the source image.",Qwen/Qwen3-VL-2B-Instruct,,imgedit_00000118_00,imgedit_00000118_00.png
imgedit_00000119_00,imgedit,action,xWkjD7rB-BQ_segment_16_frame_0.jpg,xWkjD7rB-BQ_segment_16_frame_55.jpg,,"A woman sits on a wooden staircase at a cliffside overlook, playing a ukulele.","A woman sits on a wooden staircase at a cliffside overlook, playing a ukulele and strumming.",A woman strums a ukulele.,,missing,0,D:/Datasets/ImgEdit/Parquet/action_part1.parquet,xWkjD7rB-BQ_segment_16_frame_0,woman,woman strums a ukulele,action,high,"The edit adds the action of strumming the ukulele, which is consistent with the original image.",Qwen/Qwen3-VL-2B-Instruct,,imgedit_00000119_00,imgedit_00000119_00.png
imgedit_00000120_00,imgedit,action,BqYdVTIeJl0_segment_29_frame_50.jpg,BqYdVTIeJl0_segment_29_frame_105.jpg,,A woman in a pink shirt and glasses holds an alarm clock in her left hand and a white mug in her right hand.,"A woman in a pink shirt and glasses holds an alarm clock closer to her face with a clearer and more steady grip, while still holding a white mug in her right hand.",The person holds the alarm clock closer to their face with a clearer and more steady grip.,,missing,0,D:/Datasets/ImgEdit/Parquet/action_part1.parquet,BqYdVTIeJl0_segment_29_frame_50,alarm clock,alarm clock held closer to her face,action,high,"The alarm clock is positioned more directly in front of the woman's face, indicating a clearer and more steady grip.",Qwen/Qwen3-VL-2B-Instruct,,imgedit_00000120_00,imgedit_00000120_00.png
imgedit_00000121_00,imgedit,action,719uS1WaQx0_segment_12_frame_6.jpg,719uS1WaQx0_segment_12_frame_56.jpg,,A cartoon character with red curly hair and star-shaped glasses is leaning on a cane with both hands in a sunlit alleyway.,A cartoon character with red curly hair and star-shaped glasses is raising one hand to their head while leaning on a cane with the other hand.,The person changes from leaning on a cane with both hands to raising one hand to their head.,,missing,0,D:/Datasets/ImgEdit/Parquet/action_part1.parquet,719uS1WaQx0_segment_12_frame_6,person,raising one hand to their head,action,high,The character's posture changes from leaning with both hands to raising one hand to their head.,Qwen/Qwen3-VL-2B-Instruct,,imgedit_00000121_00,imgedit_00000121_00.png
imgedit_00000122_00,imgedit,action,hRV1kbaJ30M_segment_24_frame_22.jpg,hRV1kbaJ30M_segment_24_frame_77.jpg,,"A man in an orange t-shirt stands behind a wooden cutting board with a large roast of meat, gesturing with his right hand.","A man in an orange t-shirt stands behind a wooden cutting board with a large roast of meat, gesturing with his right hand wearing a black glove.",A man raises his right hand with a different glove.,,missing,0,D:/Datasets/ImgEdit/Parquet/action_part1.parquet,hRV1kbaJ30M_segment_24_frame_22,glove,black glove,action,high,"The man's right hand is raised with a black glove, which was not present in the original image.",Qwen/Qwen3-VL-2B-Instruct,,imgedit_00000122_00,imgedit_00000122_00.png
imgedit_00000123_00,imgedit,action,IGDQtjBy9Tc_segment_0_frame_216.jpg,IGDQtjBy9Tc_segment_0_frame_271.jpg,,A woman in a kitchen holds a yellow fruit in her hand.,A woman in a kitchen lowers her hand holding a yellow fruit.,The person lowers their hand holding the yellow fruit.,,missing,0,D:/Datasets/ImgEdit/Parquet/action_part1.parquet,IGDQtjBy9Tc_segment_0_frame_216,hand holding a yellow fruit,lowering her hand holding a yellow fruit,action,high,"The hand is in a lower position in the target image, indicating the action of lowering.",Qwen/Qwen3-VL-2B-Instruct,,imgedit_00000123_00,imgedit_00000123_00.png
imgedit_00000124_00,imgedit,action,lPl_OMWuKD4_segment_34_frame_0.jpg,lPl_OMWuKD4_segment_34_frame_55.jpg,,A woman with long black hair and a floral top stands against a black background with her eyes closed and hands clasped.,A woman with long black hair and a floral top stands against a black background with her head tilted slightly backward and hands clasped.,The person tilts their head slightly backward.,,missing,0,D:/Datasets/ImgEdit/Parquet/action_part1.parquet,lPl_OMWuKD4_segment_34_frame_0,person,head tilted slightly backward,action,high,"The edit involves a subtle change in the person's head position, specifically tilting it backward, while the rest of the scene remains unchanged.",Qwen/Qwen3-VL-2B-Instruct,,imgedit_00000124_00,imgedit_00000124_00.png
imgedit_00000125_00,imgedit,action,8GCNNDzqnHY_segment_17_frame_42.jpg,8GCNNDzqnHY_segment_17_frame_90.jpg,,A woman with red hair is playing a red and black keyboard in a recording studio.,A woman with red hair is playing a black piano in a recording studio.,The person moves from playing a keyboard to playing a piano.,,missing,0,D:/Datasets/ImgEdit/Parquet/action_part1.parquet,8GCNNDzqnHY_segment_17_frame_42,keyboard,piano,replace,high,The keyboard is replaced with a piano in the scene.,Qwen/Qwen3-VL-2B-Instruct,,imgedit_00000125_00,imgedit_00000125_00.png
imgedit_00000126_00,imgedit,action,G6MxoUbREG0_segment_3_frame_0.jpg,G6MxoUbREG0_segment_3_frame_55.jpg,,A man in a white chef's coat stands in a kitchen holding a green bottle.,"A man in a white chef's coat stands in a kitchen, holding a green bottle in his left hand and raising his right hand with an open palm.",The man raises his right hand with an open palm while holding a bottle in his left hand.,,missing,0,D:/Datasets/ImgEdit/Parquet/action_part1.parquet,G6MxoUbREG0_segment_3_frame_0,man,man raising his right hand with an open palm,action,high,"The man's right hand is raised with an open palm, while the bottle remains in his left hand. The edit is consistent with the original scene.",Qwen/Qwen3-VL-2B-Instruct,,imgedit_00000126_00,imgedit_00000126_00.png
imgedit_00000127_00,imgedit,action,8Gk0i7wQM3U_segment_7_frame_0.jpg,8Gk0i7wQM3U_segment_7_frame_55.jpg,,"A man wearing a hat and glasses sits at a table with a small aquarium containing fish, against a green background.","A man wearing a hat and glasses sits at a table with a small aquarium containing fish, against a green background, adjusting his posture to sit more upright and moving his hands closer to the container of water.",The person moves their hands closer to the container of water and adjusts their posture to sit more upright.,,missing,0,D:/Datasets/ImgEdit/Parquet/action_part1.parquet,8Gk0i7wQM3U_segment_7_frame_0,person,person with adjusted posture and hands closer to the water container,action,high,"The person's hands are positioned closer to the aquarium and their body is more upright in the target image, consistent with the described action.",Qwen/Qwen3-VL-2B-Instruct,,imgedit_00000127_00,imgedit_00000127_00.png
imgedit_00000128_00,imgedit,action,xc3TQ-c0akA_segment_16_frame_0.jpg,xc3TQ-c0akA_segment_16_frame_55.jpg,,"A woman with blonde hair wearing an apron stands in a kitchen, smiling at the camera with a large sheet of dough on a mat in front of her.","A woman with blonde hair wearing an apron stands in a kitchen, slightly tilting her head to the right, with a large sheet of dough on a mat in front of her.",The woman slightly tilts her head to the right.,,missing,0,D:/Datasets/ImgEdit/Parquet/action_part1.parquet,xc3TQ-c0akA_segment_16_frame_0,woman,woman slightly tilting her head to the right,action,high,The woman's head position is adjusted to match the instruction.,Qwen/Qwen3-VL-2B-Instruct,,imgedit_00000128_00,imgedit_00000128_00.png
imgedit_00000129_00,imgedit,action,lPLGenLcSdA_segment_134_frame_10.jpg,lPLGenLcSdA_segment_134_frame_65.jpg,,A woman with long dark hair stands in a dimly lit room with blue and gold curtains.,A woman with long dark hair turns her head slightly to the right in a dimly lit room with blue and gold curtains.,The woman turns her head slightly to the right.,,missing,0,D:/Datasets/ImgEdit/Parquet/action_part1.parquet,lPLGenLcSdA_segment_134_frame_10,woman,woman turning her head slightly to the right,action,high,The woman's head position changes from facing forward to slightly turned right.,Qwen/Qwen3-VL-2B-Instruct,,imgedit_00000129_00,imgedit_00000129_00.png
imgedit_00000130_00,imgedit,action,WwV7Pij1xiU_segment_34_frame_18.jpg,WwV7Pij1xiU_segment_34_frame_73.jpg,,"A man in a white shirt stands behind a wooden table with a small black device on it, gesturing with both hands.","A man in a white shirt stands behind a wooden table with a small black device on it, pointing forward with his right hand.",The person changes from clapping hands together to pointing forward with one hand.,,missing,0,D:/Datasets/ImgEdit/Parquet/action_part1.parquet,WwV7Pij1xiU_segment_34_frame_18,person,pointing forward with one hand,action,high,The person's hands are changed from a clapping gesture to a pointing gesture with one hand.,Qwen/Qwen3-VL-2B-Instruct,,imgedit_00000130_00,imgedit_00000130_00.png
imgedit_00000131_00,imgedit,action,rAgPaiLgeE4_segment_81_frame_0.jpg,rAgPaiLgeE4_segment_81_frame_55.jpg,,"A man with gray hair wearing a blue polo shirt stands against a black background, holding a small electronic device in his right hand and gesturing with his left.","A man with gray hair wearing a blue polo shirt stands against a black background, holding a small electronic device in his right hand and bringing both hands closer to his chest.",The man moves both hands closer to his chest while holding the object.,,missing,0,D:/Datasets/ImgEdit/Parquet/action_part1.parquet,rAgPaiLgeE4_segment_81_frame_0,man,man,action,high,"The man's hands are moved closer to his chest in the edited image, while the object in his hand remains unchanged.",Qwen/Qwen3-VL-2B-Instruct,,imgedit_00000131_00,imgedit_00000131_00.png
imgedit_00000132_00,imgedit,action,pwpOGzAArXs_segment_0_frame_98.jpg,pwpOGzAArXs_segment_0_frame_153.jpg,,A man with a beard and dark hair wearing a green polo shirt is sitting on a couch with his hands raised in a gesturing position.,A man with a beard and dark hair wearing a green polo shirt is sitting on a couch with his hands lowered in a resting position.,The person lowers their hands from a raised position.,,missing,0,D:/Datasets/ImgEdit/Parquet/action_part1.parquet,pwpOGzAArXs_segment_0_frame_98,hands,resting,action,high,"The hands are lowered from a raised position, consistent with the instruction.",Qwen/Qwen3-VL-2B-Instruct,,imgedit_00000132_00,imgedit_00000132_00.png
imgedit_00000133_00,imgedit,action,RcNyKo5U608_segment_1_frame_0.jpg,RcNyKo5U608_segment_1_frame_55.jpg,,A woman with blonde hair wearing a gray shirt stands against a white background.,"The same woman is gesturing with her hands outward while speaking, standing against a white background.",The woman moves her hands outward as if gesturing while speaking.,,missing,0,D:/Datasets/ImgEdit/Parquet/action_part1.parquet,RcNyKo5U608_segment_1_frame_0,woman,woman gesturing with her hands,action,high,"The woman's hands are extended outward, indicating a gesture of speaking or explaining.",Qwen/Qwen3-VL-2B-Instruct,,imgedit_00000133_00,imgedit_00000133_00.png
imgedit_00000134_00,imgedit,action,XBhVhk37-fE_segment_3_frame_6.jpg,XBhVhk37-fE_segment_3_frame_61.jpg,,A man in a red jacket holds a yellow object in his hands in a cluttered art studio.,"A man in a red jacket holds a yellow object in his hands, turned slightly to the side with both hands in a cluttered art studio.",The person turns the object slightly to the side with both hands.,,missing,0,D:/Datasets/ImgEdit/Parquet/action_part1.parquet,XBhVhk37-fE_segment_3_frame_6,object,object,action,high,"The object is held at a different angle in the target image, consistent with the instruction.",Qwen/Qwen3-VL-2B-Instruct,,imgedit_00000134_00,imgedit_00000134_00.png
imgedit_00000135_00,imgedit,action,ZleOJuXIlGM_segment_55_frame_0.jpg,ZleOJuXIlGM_segment_55_frame_55.jpg,,A child wearing glasses sits on a couch eating a burger.,"A child wearing glasses sits on a couch, holding a burger with both hands and eating it.",The child goes from holding their hands near their face to holding and eating a burger.,,missing,0,D:/Datasets/ImgEdit/Parquet/action_part1.parquet,ZleOJuXIlGM_segment_55_frame_0,child,child holding and eating a burger,action,high,"The child's hands are now actively holding the burger, and the action of eating is complete. The child's posture and facial expression are consistent with the action of eating.",Qwen/Qwen3-VL-2B-Instruct,,imgedit_00000135_00,imgedit_00000135_00.png
imgedit_00000136_00,imgedit,action,RH8HszHD2MY_segment_0_frame_6.jpg,RH8HszHD2MY_segment_0_frame_61.jpg,,"A man in a yellow shirt and cap sits by a campfire in a forest, tending to it with a tool.","A man in a yellow shirt and cap sits by a campfire in a forest, rubbing his hands together.",A man rubs his hands together.,,missing,0,D:/Datasets/ImgEdit/Parquet/action_part1.parquet,RH8HszHD2MY_segment_0_frame_6,man,man rubbing his hands together,action,high,"The man's hands are now visibly rubbing together, indicating the action of warming or preparing for the next task.",Qwen/Qwen3-VL-2B-Instruct,,imgedit_00000136_00,imgedit_00000136_00.png
imgedit_00000137_00,imgedit,action,-2addX8GsLk_segment_52_frame_0.jpg,-2addX8GsLk_segment_52_frame_55.jpg,,"Three beekeepers in protective gear are working in a rocky, green outdoor area with beehives.","Three beekeepers in protective gear are working in a rocky, green outdoor area with beehives, with one beekeeper's hand resting on the wooden frames inside the hive.",The person moves their hand from holding the edge of the beehive frame to resting it on the wooden frames inside the hive.,,missing,0,D:/Datasets/ImgEdit/Parquet/action_part1.parquet,-2addX8GsLk_segment_52_frame_0,the person's hand,resting on the wooden frames inside the hive,action,high,"The hand is shown in a different position in the target image, moving from holding the edge of the beehive frame to resting on the wooden frames inside the hive.",Qwen/Qwen3-VL-2B-Instruct,,imgedit_00000137_00,imgedit_00000137_00.png
imgedit_00000138_00,imgedit,action,SPtWPBapyF0_segment_9_frame_56.jpg,SPtWPBapyF0_segment_9_frame_111.jpg,,"A man in a white shirt stands on a stage in front of a blue screen displaying a portrait of Baruch Spinoza and a name, with a red chair on the right.","A man in a white shirt stands on a stage in front of a blue screen displaying a portrait of Baruch Spinoza and a name, with a red chair on the right, and turns his head to the side and lowers his left arm.",The man turns his head to the side and lowers his left arm.,,missing,0,D:/Datasets/ImgEdit/Parquet/action_part1.parquet,SPtWPBapyF0_segment_9_frame_56,man,man turning his head to the side and lowering his left arm,action,high,The man's head and left arm are,Qwen/Qwen3-VL-2B-Instruct,,imgedit_00000138_00,imgedit_00000138_00.png
imgedit_00000139_00,imgedit,action,0Goi0KHx9Ss_segment_0_frame_0.jpg,0Goi0KHx9Ss_segment_0_frame_55.jpg,,A man in a workshop stands behind a table with a large orange water cooler and various tools.,"A man in a workshop stands behind a table with a large orange water cooler and various tools, pointing forward with his right hand.",The man points forward with his right hand.,,missing,0,D:/Datasets/ImgEdit/Parquet/action_part1.parquet,0Goi0KHx9Ss_segment_0_frame_0,man,man pointing forward with his right hand,action,high,"The man's right hand is extended forward, indicating a pointing action.",Qwen/Qwen3-VL-2B-Instruct,,imgedit_00000139_00,imgedit_00000139_00.png
imgedit_00000140_00,imgedit,action,cGQta5pmZCA_segment_11_frame_3.jpg,cGQta5pmZCA_segment_11_frame_52.jpg,,"A man with a beard is sitting at a wooden table in a cafe, holding a white smartphone and looking at it.","A man with a beard is sitting at a wooden table in a cafe, holding a white smartphone and looking at it, but lifting his right hand away from the phone.",The person lifts their right hand away from the phone.,,missing,0,D:/Datasets/ImgEdit/Parquet/action_part1.parquet,cGQta5pmZCA_segment_11_frame_3,hand,hand lifting away from phone,action,high,"The hand is in a relaxed state, and the phone is held in the other hand.",Qwen/Qwen3-VL-2B-Instruct,,imgedit_00000140_00,imgedit_00000140_00.png
imgedit_00000141_00,imgedit,action,uq2MXAqngCU_segment_55_frame_0.jpg,uq2MXAqngCU_segment_55_frame_55.jpg,,A woman with blonde hair wearing a striped shirt is sitting on a couch in a room decorated with string lights.,"A woman with blonde hair wearing a striped shirt is sitting on a couch in a room decorated with string lights, with her hands resting on her lap.",The person moves their hands from their waist to rest on their lap or lower torso.,,missing,0,D:/Datasets/ImgEdit/Parquet/action_part1.parquet,uq2MXAqngCU_segment_55_frame_0,person,person with hands on lap,action,high,The person's hands are moved from her waist to rest on her lower torso.,Qwen/Qwen3-VL-2B-Instruct,,imgedit_00000141_00,imgedit_00000141_00.png
imgedit_00000142_00,imgedit,action,xWYUM9rpO90_segment_289_frame_21.jpg,xWYUM9rpO90_segment_289_frame_72.jpg,,"A young boy stands in the doorway of a house, holding a hat in his right hand and looking at the camera.","A young boy stands in the doorway of a house, raising his right arm and leaning back, while holding a hat in his left hand.",The boy raises one arm and leans back while holding a hat in the other hand.,,missing,0,D:/Datasets/ImgEdit/Parquet/action_part1.parquet,xWYUM9rpO90_segment_289_frame_21,the boy,the boy raising one arm and leaning back,action,high,The boy's posture and arm movement have been changed to match the instruction.,Qwen/Qwen3-VL-2B-Instruct,,imgedit_00000142_00,imgedit_00000142_00.png
imgedit_00000143_00,imgedit,action,sKDQFvw-wrM_segment_59_frame_0.jpg,sKDQFvw-wrM_segment_59_frame_55.jpg,,A large golden statue of Lord Murugan stands in front of a colorful temple complex nestled against a lush green cliff.,"A person in a pink outfit raises their right arm, holding a camera or phone, as if taking a photo in front of the same temple complex.","A person raises their right arm, holding a camera or phone, as if taking a photo.",,missing,0,D:/Datasets/ImgEdit/Parquet/action_part1.parquet,sKDQFvw-wrM_segment_59_frame_0,a person,a person holding a camera,action,high,The person's action is altered from standing to raising their arm with a camera.,Qwen/Qwen3-VL-2B-Instruct,,imgedit_00000143_00,imgedit_00000143_00.png
imgedit_00000144_00,imgedit,action,5wihVfBzy1w_segment_1_frame_0.jpg,5wihVfBzy1w_segment_1_frame_55.jpg,,A woman with short dark hair wearing a blue denim jacket and a white polka-dot blouse is sitting at a table in a modern room with wooden pillars and large windows.,"A woman with short dark hair wearing a blue denim jacket and a white polka-dot blouse is sitting at a table in a modern room with wooden pillars and large windows, turning her head slightly to the right.",The person turns their head slightly to the right.,,missing,0,D:/Datasets/ImgEdit/Parquet/action_part1.parquet,5wihVfBzy1w_segment_1_frame_0,person,person turning her head slightly to the right,action,high,The person's head position is adjusted to the right in the target image.,Qwen/Qwen3-VL-2B-Instruct,,imgedit_00000144_00,imgedit_00000144_00.png
imgedit_00000145_00,imgedit,action,BqykmmnoD88_segment_7_frame_88.jpg,BqykmmnoD88_segment_7_frame_143.jpg,,"A man with glasses and a beard is sitting at a wooden table in an office, holding a black shoe.","A man with glasses and a beard is sitting at a wooden table in an office, holding a red shoe.",The person switches from holding a black shoe to holding a red shoe.,,missing,0,D:/Datasets/ImgEdit/Parquet/action_part1.parquet,BqykmmnoD88_segment_7_frame_88,shoe,shoe,action,high,"The man's hand is holding a black shoe in the source image, but in the target image, the shoe is now red. The edit is a change in the color of the shoe held by the person.",Qwen/Qwen3-VL-2B-Instruct,,imgedit_00000145_00,imgedit_00000145_00.png
imgedit_00000146_00,imgedit,action,TZUNOnqXGos_segment_15_frame_0.jpg,TZUNOnqXGos_segment_15_frame_55.jpg,,A woman with long blonde hair sits in a richly decorated room with a fireplace.,"A woman with long blonde hair sits in a richly decorated room with a fireplace, smiling slightly.",The person smiles slightly.,,missing,0,D:/Datasets/ImgEdit/Parquet/action_part1.parquet,TZUNOnqXGos_segment_15_frame_0,person,smiling slightly,action,high,The person's facial expression is altered to show a slight smile.,Qwen/Qwen3-VL-2B-Instruct,,imgedit_00000146_00,imgedit_00000146_00.png
imgedit_00000147_00,imgedit,action,9DbvSl_C_kY_segment_14_frame_0.jpg,9DbvSl_C_kY_segment_14_frame_48.jpg,,A woman in a red sports bra and black shorts is doing sit-ups on a blue exercise ball.,A woman in a red sports bra and black shorts is lifting her upper body upward while doing sit-ups on a blue exercise ball.,The woman lifts her upper body upward.,,missing,0,D:/Datasets/ImgEdit/Parquet/action_part1.parquet,9DbvSl_C_kY_segment_14_frame_0,woman,lifting her upper body upward,action,high,"The woman's upper body is lifted from the ball, indicating the action of lifting.",Qwen/Qwen3-VL-2B-Instruct,,imgedit_00000147_00,imgedit_00000147_00.png
imgedit_00000148_00,imgedit,action,X5Ygl8-ttaA_segment_31_frame_0.jpg,X5Ygl8-ttaA_segment_31_frame_55.jpg,,A man in a black shirt and grey shorts is preparing to hit a golf ball on a sunny day.,A man in a black shirt and grey shorts is swinging a golf club during a golf swing.,A man swings a golf club.,,missing,0,D:/Datasets/ImgEdit/Parquet/action_part1.parquet,X5Ygl8-ttaA_segment_31_frame_0,man,man swinging a golf club,action,high,The man's posture and the club's position have been updated to reflect a golf swing action.,Qwen/Qwen3-VL-2B-Instruct,,imgedit_00000148_00,imgedit_00000148_00.png
imgedit_00000149_00,imgedit,action,2oopbQOW7WM_segment_391_frame_0.jpg,2oopbQOW7WM_segment_391_frame_50.jpg,,A man in a hat and overalls stands on a grassy field with a dog holding a cat.,A man in a hat and overalls reaches out to shake hands with a dog holding a cat.,A man reaches out to shake hands with a dog holding a cat.,,missing,0,D:/Datasets/ImgEdit/Parquet/action_part1.parquet,2oopbQOW7WM_segment_391_frame_0,man,man reaching out to shake hands with a dog holding a cat,action,high,"The man's hand is extended, indicating a handshake action, and the dog is holding the cat.",Qwen/Qwen3-VL-2B-Instruct,,imgedit_00000149_00,imgedit_00000149_00.png
imgedit_00000150_00,imgedit,action,zA7-elGq_kM_segment_1_frame_0.jpg,zA7-elGq_kM_segment_1_frame_55.jpg,,A woman in a denim jacket looks at the camera with a serious expression.,"A woman in a denim jacket turns her head slightly to the right, looking at the camera with a serious expression.",The person turns their head slightly to the right.,,missing,0,D:/Datasets/ImgEdit/Parquet/action_part1.parquet,zA7-elGq_kM_segment_1_frame_0,woman,woman turning her head slightly to the right,action,high,The woman's head position is adjusted to the right in the target image.,Qwen/Qwen3-VL-2B-Instruct,,imgedit_00000150_00,imgedit_00000150_00.png
imgedit_00000151_00,imgedit,action,qoIKWYGKVhU_segment_6_frame_0.jpg,qoIKWYGKVhU_segment_6_frame_55.jpg,,A woman in a kitchen wearing a floral apron stands in front of wooden cabinets.,A woman in a kitchen wearing a floral apron stands in front of wooden cabinets and claps her hands.,The woman changes her hand gesture from holding her fingers close together to clapping her hands.,,missing,0,D:/Datasets/ImgEdit/Parquet/action_part1.parquet,qoIKWYGKVhU_segment_6_frame_0,woman,clapping hands,action,high,The woman's hand gesture changes from holding her fingers close together to clapping her hands.,Qwen/Qwen3-VL-2B-Instruct,,imgedit_00000151_00,imgedit_00000151_00.png
imgedit_00000152_00,imgedit,action,A7SydxYq69E_segment_8_frame_0.jpg,A7SydxYq69E_segment_8_frame_55.jpg,,"A man with a white curly wig and glasses sits in a wheelchair in a room with bookshelves behind him, looking at the camera.","A man with a white curly wig and glasses sits in a wheelchair in a room with bookshelves behind him, looking slightly to his left.",The person turns their head slightly to the left.,,missing,0,D:/Datasets/ImgEdit/Parquet/action_part1.parquet,A7SydxYq69E_segment_8_frame_0,person,person turning his head slightly to the left,action,high,"The person's head has been rotated slightly to the left, which is consistent with the editing instruction.",Qwen/Qwen3-VL-2B-Instruct,,imgedit_00000152_00,imgedit_00000152_00.png
imgedit_00000153_00,imgedit,action,4jk0Cq_vU2A_segment_16_frame_0.jpg,4jk0Cq_vU2A_segment_16_frame_55.jpg,,A man with a beard and glasses wearing a black sweatshirt and a backwards baseball cap sits at a white table with a pair of white headphones and a black smartphone in front of him.,"A man with a beard and glasses wearing a black sweatshirt and a backwards baseball cap sits at a white table with his hands clasped together on the table, a pair of white headphones and a black smartphone in front of him.",The person lowers their hands and clasps them together on the table.,,missing,0,D:/Datasets/ImgEdit/Parquet/action_part1.parquet,4jk0Cq_vU2A_segment_16_frame_0,hands,clasped together,action,high,"The man's hands are lowered and clasped together on the table, changing from an open hand gesture to",Qwen/Qwen3-VL-2B-Instruct,,imgedit_00000153_00,imgedit_00000153_00.png
imgedit_00000154_00,imgedit,action,4umc4hjMxyQ_segment_32_frame_104.jpg,4umc4hjMxyQ_segment_32_frame_159.jpg,,A man in a black blazer stands in a modern studio with a large screen displaying colorful app icons behind him.,The man in the black blazer moves his hands slightly closer together while holding a small object in his hands.,The person moves their hands slightly closer together while holding the object.,,missing,0,D:/Datasets/ImgEdit/Parquet/action_part1.parquet,4umc4hjMxyQ_segment_32_frame_104,hands,hands holding a small object,action,high,"The hands are positioned closer together, and the object in his hands is now visible.",Qwen/Qwen3-VL-2B-Instruct,,imgedit_00000154_00,imgedit_00000154_00.png
imgedit_00000155_00,imgedit,action,LopWg4tKn94_segment_4_frame_0.jpg,LopWg4tKn94_segment_4_frame_55.jpg,,"A woman with curly hair wearing a blue one-shoulder dress is standing in a modern studio, gesturing with her right hand while speaking.","A woman with curly hair wearing a blue one-shoulder dress is standing in a modern studio, holding a book with both hands and speaking.",The woman lowers her hand and holds a book with both hands.,,missing,0,D:/Datasets/ImgEdit/Parquet/action_part1.parquet,LopWg4tKn94_segment_4_frame_0,woman,woman holding a book with both hands,action,high,"The woman's hand is lowered and she is now holding a book with both hands, consistent with the instruction.",Qwen/Qwen3-VL-2B-Instruct,,imgedit_00000155_00,imgedit_00000155_00.png
imgedit_00000156_00,imgedit,action,JR4V2KUVHxI_segment_21_frame_0.jpg,JR4V2KUVHxI_segment_21_frame_55.jpg,,"A woman with long blonde hair and a red dress is standing on a grassy hill, holding two boys tied with rope, one in yellow and one in green, both looking distressed.","A woman with long blonde hair and a red dress is standing on a grassy hill, raising her fists while the two boys, one in yellow and one in green, struggle, with the boy in yellow crying and the boy in green looking surprised.","The woman raises her fists while the two boys struggle with their expressions changed; the boy in yellow is now crying, and the boy in green looks surprised.",,missing,0,D:/Datasets/ImgEdit/Parquet/action_part1.parquet,JR4V2KUVHxI_segment_21_frame_0,the two boys,the two boys with changed expressions,action,high,The edit involves changing the expressions of the two boys and the,Qwen/Qwen3-VL-2B-Instruct,,imgedit_00000156_00,imgedit_00000156_00.png
imgedit_00000157_00,imgedit,action,-2xtysszKMk_segment_37_frame_0.jpg,-2xtysszKMk_segment_37_frame_55.jpg,,A man in a red t-shirt stands in a warehouse with a skateboard ramp in the background.,"A man in a red t-shirt stands in a warehouse with his right arm lowered beside his body, holding a black object.",The person lowers their right arm from holding an object in front of their chest to beside their body.,,missing,0,D:/Datasets/ImgEdit/Parquet/action_part1.parquet,-2xtysszKMk_segment_37_frame_0,hand,lowered arm,action,high,The man's right arm is lowered from holding an object to being beside his body.,Qwen/Qwen3-VL-2B-Instruct,,imgedit_00000157_00,imgedit_00000157_00.png
imgedit_00000158_00,imgedit,action,KDeL3zwTgvI_segment_75_frame_37.jpg,KDeL3zwTgvI_segment_75_frame_92.jpg,,"A woman in a blue apron is standing still in a kitchen, holding a mop.",A woman in a blue apron is mopping the floor in a kitchen.,The woman on the right changes from standing still to mopping the floor.,,missing,0,D:/Datasets/ImgEdit/Parquet/action_part1.parquet,KDeL3zwTgvI_segment_75_frame_37,woman,mopping the floor,action,high,The woman's posture and position have changed from standing still to actively mopping the floor.,Qwen/Qwen3-VL-2B-Instruct,,imgedit_00000158_00,imgedit_00000158_00.png
imgedit_00000159_00,imgedit,action,vExyKLmntFc_segment_2_frame_60.jpg,vExyKLmntFc_segment_2_frame_115.jpg,,"A woman with long brown hair and a plaid shirt sits on a red couch, holding a basket of bread and looking at the camera.","A woman with long brown hair and a plaid shirt sits on a red couch, turning her head to the right and raising her left hand, while holding a basket of bread.",The woman turns her head to the right and raises her left hand.,,missing,0,D:/Datasets/ImgEdit/Parquet/action_part1.parquet,vExyKLmntFc_segment_2_frame_60,woman,woman with her head turned to the right and her left hand raised,action,high,The woman's head position and left hand gesture have been updated to match the instruction.,Qwen/Qwen3-VL-2B-Instruct,,imgedit_00000159_00,imgedit_00000159_00.png
imgedit_00000160_00,imgedit,action,OE20_T1CcRg_segment_0_frame_104.jpg,OE20_T1CcRg_segment_0_frame_159.jpg,,A man with dark hair and a white collared shirt sits in a red and black gaming chair in a room with red and black acoustic foam panels on the wall.,"A man with dark hair and a white collared shirt sits in a red and black gaming chair in a room with red and black acoustic foam panels on the wall, lowering his raised hand.",The person lowers their raised hand.,,missing,0,D:/Datasets/ImgEdit/Parquet/action_part1.parquet,OE20_T1CcRg_segment_0_frame_104,hand,lowered hand,action,high,The hand is in the air in the source image and is lowered in the target image.,Qwen/Qwen3-VL-2B-Instruct,,imgedit_00000160_00,imgedit_00000160_00.png
imgedit_00000161_00,imgedit,action,JRPd4LBhfew_segment_3_frame_0.jpg,JRPd4LBhfew_segment_3_frame_55.jpg,,A man with glasses and a white shirt stands in front of a wooden shelf with plants and boxes.,A man with glasses and a white shirt tilts his head slightly to the left in front of a wooden shelf with plants and boxes.,The person tilts their head slightly to the left.,,missing,0,D:/Datasets/ImgEdit/Parquet/action_part1.parquet,JRPd4LBhfew_segment_3_frame_0,person,tilting his head,action,high,The person's head position is adjusted to the left.,Qwen/Qwen3-VL-2B-Instruct,,imgedit_00000161_00,imgedit_00000161_00.png
imgedit_00000162_00,imgedit,action,Lt1oZ9J2A4Y_segment_51_frame_0.jpg,Lt1oZ9J2A4Y_segment_51_frame_55.jpg,,A person wearing a snorkel and mask is sitting in a boat on the ocean with a mountain in the background.,"A person wearing a snorkel and mask is sitting in a boat on the ocean with a mountain in the background, turning their head to the right while still holding onto the edge of the boat.",The person turns their head to the right while still holding onto the edge of the boat.,,missing,0,D:/Datasets/ImgEdit/Parquet/action_part1.parquet,Lt1oZ9J2A4Y_segment_51_frame_0,person,person turning their head to the right,action,high,"The person's head position is changed from facing forward to facing right, while the rest of the scene remains consistent.",Qwen/Qwen3-VL-2B-Instruct,,imgedit_00000162_00,imgedit_00000162_00.png
imgedit_00000163_00,imgedit,action,Wx6Vjrqu0Zo_segment_103_frame_0.jpg,Wx6Vjrqu0Zo_segment_103_frame_55.jpg,,"Two wolves stand at the back of a rusty ambulance, one with its arm raised.","Two wolves stand at the back of a rusty ambulance, with the wolf on the left lowering its raised arm.",The wolf on the left lowers its raised arm.,,missing,0,D:/Datasets/ImgEdit/Parquet/action_part1.parquet,Wx6Vjrqu0Zo_segment_103_frame_0,wolf on the left,wolf on the left lowering its raised arm,action,high,"The edit involves a specific action of the wolf on the left, which is consistent with the original image and the instruction.",Qwen/Qwen3-VL-2B-Instruct,,imgedit_00000163_00,imgedit_00000163_00.png
imgedit_00000164_00,imgedit,action,ePGnB0hGUVk_segment_29_frame_0.jpg,ePGnB0hGUVk_segment_29_frame_55.jpg,,A man in a white shirt and glasses stands in a coastal area with a rocky shoreline and distant mountains under a blue sky.,"A man in a white shirt and glasses stands in a coastal area with a rocky shoreline and distant mountains under a blue sky, but his right arm is slightly lowered.",The person lowers their right arm slightly.,,missing,0,D:/Datasets/ImgEdit/Parquet/action_part1.parquet,ePGnB0hGUVk_segment_29_frame_0,person,person with lowered right arm,action,high,The person's right arm is slightly lowered in the target image compared to the source.,Qwen/Qwen3-VL-2B-Instruct,,imgedit_00000164_00,imgedit_00000164_00.png
imgedit_00000165_00,imgedit,action,WwCjlrAnaTc_segment_17_frame_36.jpg,WwCjlrAnaTc_segment_17_frame_91.jpg,,A woman in a kitchen is cutting a loaf of bread with a knife in her right hand.,A woman in a kitchen is adjusting the topping on a loaf of bread with her left hand while holding a knife in her right hand.,A woman adjusts the topping on the bread with her left hand while holding a knife in her right hand.,,missing,0,D:/Datasets/ImgEdit/Parquet/action_part1.parquet,WwCjlrAnaTc_segment_17_frame_36,the woman,the woman adjusting the topping on the bread,action,high,"The woman's left hand is now actively adjusting the topping on the bread, while her right hand holds the knife.",Qwen/Qwen3-VL-2B-Instruct,,imgedit_00000165_00,imgedit_00000165_00.png
imgedit_00000166_00,imgedit,action,6JaoZENLFPo_segment_10_frame_0.jpg,6JaoZENLFPo_segment_10_frame_55.jpg,,A man in a kitchen is holding a black grinder over a pot on the stove.,A man in a kitchen is stirring a pot on the stove with a wooden spoon.,The person transitions from holding a black grinder over a pot to stirring the pot with a wooden spoon.,,missing,0,D:/Datasets/ImgEdit/Parquet/action_part1.parquet,6JaoZENLFPo_segment_10_frame_0,hand holding a grinder,hand stirring with a wooden spoon,action,high,The hand holding the grinder is replaced by a hand stirring the pot with a wooden spoon.,Qwen/Qwen3-VL-2B-Instruct,,imgedit_00000166_00,imgedit_00000166_00.png
imgedit_00000167_00,imgedit,action,ZleOJuXIlGM_segment_154_frame_0.jpg,ZleOJuXIlGM_segment_154_frame_55.jpg,,"A man with short dark hair sits at a table, holding a cup, looking to the side.","A man with short dark hair sits at a table, holding a cup, and lowering his head closer to the cup.",The person lowers their head closer to the cup.,,missing,0,D:/Datasets/ImgEdit/Parquet/action_part1.parquet,ZleOJuXIlGM_segment_154_frame_0,the person,the person's head is closer to the cup,action,high,"The person's head is positioned lower in the target image compared to the source, indicating the action of lowering their head.",Qwen/Qwen3-VL-2B-Instruct,,imgedit_00000167_00,imgedit_00000167_00.png
imgedit_00000168_00,imgedit,action,sLykcsksM-o_segment_142_frame_0.jpg,sLykcsksM-o_segment_142_frame_55.jpg,,"A man in a black jacket stands on a decorative metal railing, holding a smartphone in his hands.","A man in a black jacket stands on a decorative metal railing, raising his smartphone higher above his head.",The person raises their phone higher above their head.,,missing,0,D:/Datasets/ImgEdit/Parquet/action_part1.parquet,sLykcsksM-o_segment_142_frame_0,phone,raised phone,action,high,"The phone is raised higher above the man's head, consistent with the instruction.",Qwen/Qwen3-VL-2B-Instruct,,imgedit_00000168_00,imgedit_00000168_00.png
imgedit_00000169_00,imgedit,action,4uvUZ0BXiZQ_segment_2_frame_0.jpg,4uvUZ0BXiZQ_segment_2_frame_55.jpg,,A man in a chef's coat holds a bottle of beer in his left hand and gestures with his right hand.,A man in a chef's coat holds a bottle of beer upright in his left hand and points to its label with his right index finger.,The man holds the bottle upright and points to its label with his finger.,,missing,0,D:/Datasets/ImgEdit/Parquet/action_part1.parquet,4uvUZ0BXiZQ_segment_2_frame_0,man,man holding a bottle and pointing to its label,action,high,The man's gesture changes from a general hand movement to a specific pointing action towards the label on the bottle.,Qwen/Qwen3-VL-2B-Instruct,,imgedit_00000169_00,imgedit_00000169_00.png
imgedit_00000170_00,imgedit,action,ZmSiH5MxIVk_segment_3_frame_38.jpg,ZmSiH5MxIVk_segment_3_frame_93.jpg,,A young girl with blue hair and pink pants is sitting and reading a book.,"A young girl with blue hair and pink pants is sitting and reading a book, turning her head to the side.",The person turns their head to the side while continuing to hold the book.,,missing,0,D:/Datasets/ImgEdit/Parquet/action_part1.parquet,ZmSiH5MxIVk_segment_3_frame_38,the girl,the girl with her head turned to the side,action,high,"The girl's head is turned to the side in the target image, while her body and the book remain in the same position.",Qwen/Qwen3-VL-2B-Instruct,,imgedit_00000170_00,imgedit_00000170_00.png
imgedit_00000171_00,imgedit,action,9DQXlRpY2qc_segment_24_frame_78.jpg,9DQXlRpY2qc_segment_24_frame_133.jpg,,"A man with a camera is standing by a body of water, extending his arm out to the side.","A man with a camera is standing by a body of water, holding the camera with both hands and lowering his arm.",The person lowers their outstretched arm and brings their hands closer together while holding the camera.,,missing,0,D:/Datasets/ImgEdit/Parquet/action_part1.parquet,9DQXlRpY2qc_segment_24_frame_78,man,man holding camera with both hands,action,high,"The man's arm is lowered and his hands are closer together, with the camera held in both hands.",Qwen/Qwen3-VL-2B-Instruct,,imgedit_00000171_00,imgedit_00000171_00.png
imgedit_00000172_00,imgedit,action,JkUFDMUzNJc_segment_16_frame_0.jpg,JkUFDMUzNJc_segment_16_frame_55.jpg,,A woman in a green shirt is stirring food in a pot with a black spatula in a kitchen.,A woman in a green shirt is stirring food in a pot with her right hand lowered in a kitchen.,A woman stirs food in a pot with her right hand lowered.,,missing,0,D:/Datasets/ImgEdit/Parquet/action_part1.parquet,JkUFDMUzNJc_segment_16_frame_0,woman,woman,action,high,"The woman's right hand is lowered, indicating a change in the action of stirring.",Qwen/Qwen3-VL-2B-Instruct,,imgedit_00000172_00,imgedit_00000172_00.png
imgedit_00000173_00,imgedit,action,MhP4_T80-58_segment_16_frame_0.jpg,MhP4_T80-58_segment_16_frame_55.jpg,,"A woman with short brown hair and tattoos on her arms stands behind a table with cupcakes and baking supplies, clasping her hands in front of her.","A woman with short brown hair and tattoos on her arms stands behind a table with cupcakes and baking supplies, placing her hands on the table near some muffins.",The person moves their hands from a clasped position in front of them to placing their hands on the table near some muffins.,,missing,0,D:/Datasets/ImgEdit/Parquet/action_part1.parquet,MhP4_T80-58_segment_16_frame_0,person,person,action,high,The person's hands transition from being clasped in front of her to resting on the table near the cupcakes.,Qwen/Qwen3-VL-2B-Instruct,,imgedit_00000173_00,imgedit_00000173_00.png
imgedit_00000174_00,imgedit,action,BqeuSR2sFvs_segment_78_frame_50.jpg,BqeuSR2sFvs_segment_78_frame_105.jpg,,"A woman with long dark hair wearing a black top is standing outdoors, looking to her right with a slight smile.","A woman with long dark hair wearing a black top is standing outdoors, looking directly at the camera with a neutral expression.",The woman slightly turns her head to face more towards the camera.,,missing,0,D:/Datasets/ImgEdit/Parquet/action_part1.parquet,BqeuSR2sFvs_segment_78_frame_50,woman,woman slightly turned towards the camera,action,high,"The woman's head position has been adjusted to face more directly toward the camera, changing her orientation from side-profile to a more frontal view.",Qwen/Qwen3-VL-2B-Instruct,,imgedit_00000174_00,imgedit_00000174_00.png
imgedit_00000175_00,imgedit,action,xchoFP4apQ4_segment_0_frame_0.jpg,xchoFP4apQ4_segment_0_frame_55.jpg,,"A man with glasses and a beard wearing a black shirt stands in front of a glowing neon sign with the logo 'TA' and a triangle, with plants on either side.","A man with glasses and a beard wearing a black shirt turns his head to the right and gestures with both hands in front of a glowing neon sign with the logo 'TA' and a triangle, with plants on either side.",The person turns their head to the right and gestures with both hands.,,missing,0,D:/Datasets/ImgEdit/Parquet/action_part1.parquet,xchoFP4apQ4_segment_0_frame_0,person,person turning their head to the right and gesturing with both hands,action,high,The person's head position and hand gestures have been updated to match the,Qwen/Qwen3-VL-2B-Instruct,,imgedit_00000175_00,imgedit_00000175_00.png
imgedit_00000176_00,imgedit,action,7eQb-OpSSjA_segment_21_frame_0.jpg,7eQb-OpSSjA_segment_21_frame_54.jpg,,A close-up of a man's face with a blurred foreground.,"A close-up of a man's face with a blurred foreground, turned slightly to the left.",The person turns their head slightly to the left.,,missing,0,D:/Datasets/ImgEdit/Parquet/action_part1.parquet,7eQb-OpSSjA_segment_21_frame_0,the man's face,the man's face turned slightly to the left,action,high,The man's head position has been adjusted to the left in the target image.,Qwen/Qwen3-VL-2B-Instruct,,imgedit_00000176_00,imgedit_00000176_00.png
imgedit_00000177_00,imgedit,action,LUU_vwmGDWw_segment_1_frame_16.jpg,LUU_vwmGDWw_segment_1_frame_71.jpg,,"A woman in a pink outfit stands in a kitchen, adjusting her scarf.","A woman in a pink outfit stands in a kitchen, with her scarf raised higher.",The woman adjusts her scarf upward.,,missing,0,D:/Datasets/ImgEdit/Parquet/action_part1.parquet,LUU_vwmGDWw_segment_1_frame_16,scarf,raised,action,high,The woman's scarf is visibly adjusted upward in the target image.,Qwen/Qwen3-VL-2B-Instruct,,imgedit_00000177_00,imgedit_00000177_00.png
imgedit_00000178_00,imgedit,action,ylVvKoHYfGg_segment_4_frame_0.jpg,ylVvKoHYfGg_segment_4_frame_55.jpg,,"A man wearing a black t-shirt and a green baseball cap sits at a white table in a room with a fireplace, holding a smartphone in his left hand.","A man wearing a black t-shirt and a green baseball cap sits at a white table in a room with a fireplace, holding a smartphone in his left hand and extending both arms outward.",The person moves from holding a hand in a fist to extending both arms outward.,,missing,0,D:/Datasets/ImgEdit/Parquet/action_part1.parquet,ylVvKoHYfGg_segment_4_frame_0,person,person extending both arms outward,action,high,The person's left hand is in a fist and the right hand is extended outward.,Qwen/Qwen3-VL-2B-Instruct,,imgedit_00000178_00,imgedit_00000178_00.png
imgedit_00000179_00,imgedit,action,ZWZI6e9D4gc_segment_277_frame_0.jpg,ZWZI6e9D4gc_segment_277_frame_55.jpg,,"An elderly man with a long gray beard and a patterned beanie stands in front of a wooden post, wearing an orange shirt.","An elderly man with a long gray beard and a patterned beanie stands in front of a wooden post, wearing an orange shirt and lowering his head slightly.",The person lowers their head slightly.,,missing,0,D:/Datasets/ImgEdit/Parquet/action_part1.parquet,ZWZI6e9D4gc_segment_277_frame_0,the person,the person with lowered head,action,high,The person's head is slightly lower in the target image compared to the source image.,Qwen/Qwen3-VL-2B-Instruct,,imgedit_00000179_00,imgedit_00000179_00.png
imgedit_00000180_00,imgedit,action,hRL3sVkLfME_segment_24_frame_0.jpg,hRL3sVkLfME_segment_24_frame_55.jpg,,"A man in a vest and bow tie stands behind a bar, holding a small container with ingredients and a mixing glass.","A man in a vest and bow tie stands behind a bar, pouring ingredients from a small container into a shaker.",A man pours ingredients from a small container into a shaker.,,missing,0,D:/Datasets/ImgEdit/Parquet/action_part1.parquet,hRL3sVkLfME_segment_24_frame_0,a small container with ingredients,a shaker,action,high,"The man is shown pouring the contents of the small container into the shaker, which is the primary action in the edit.",Qwen/Qwen3-VL-2B-Instruct,,imgedit_00000180_00,imgedit_00000180_00.png
imgedit_00000181_00,imgedit,action,LVM1KOl-kDw_segment_13_frame_0.jpg,LVM1KOl-kDw_segment_13_frame_55.jpg,,"A man in a red polo shirt and glasses is speaking on stage, holding a green and red stick in his right hand.","A man in a red polo shirt and glasses is speaking on stage, turning his head to the side while holding a green and red stick in his right hand.",The man turns his head to the side.,,missing,0,D:/Datasets/ImgEdit/Parquet/action_part1.parquet,LVM1KOl-kDw_segment_13_frame_0,man,man turning his head to the side,action,high,"The man's head position changes from facing forward to turned slightly to the side, indicating a change in orientation.",Qwen/Qwen3-VL-2B-Instruct,,imgedit_00000181_00,imgedit_00000181_00.png
imgedit_00000182_00,imgedit,action,A7AapgX6hDs_segment_20_frame_0.jpg,A7AapgX6hDs_segment_20_frame_55.jpg,,A man in a yellow t-shirt stands in a garden with yellow daffodils and a red shed in the background.,"A man in a yellow t-shirt stands in a garden with yellow daffodils and a red shed in the background, tilting his head slightly more to the right.",The person tilts their head slightly more to the right.,,missing,0,D:/Datasets/ImgEdit/Parquet/action_part1.parquet,A7AapgX6hDs_segment_20_frame_0,person,tilting his head slightly more to the right,action,high,The person's head position has been adjusted to match the instruction.,Qwen/Qwen3-VL-2B-Instruct,,imgedit_00000182_00,imgedit_00000182_00.png
imgedit_00000183_00,imgedit,action,A77UI_qwgpY_segment_42_frame_0.jpg,A77UI_qwgpY_segment_42_frame_55.jpg,,A man with a mustache and a hat is looking down in a dimly lit room with blurred background.,A man with a mustache and a hat is looking up and to the right in a dimly lit room with blurred background.,The man turns his head to the right.,,missing,0,D:/Datasets/ImgEdit/Parquet/action_part1.parquet,A77UI_qwgpY_segment_42_frame_0,man,man turning his head to the right,action,high,"The man's head position has been changed from looking down to looking up and to the right, consistent with the instruction.",Qwen/Qwen3-VL-2B-Instruct,,imgedit_00000183_00,imgedit_00000183_00.png
imgedit_00000184_00,imgedit,action,uptzFXlfMUw_segment_28_frame_0.jpg,uptzFXlfMUw_segment_28_frame_55.jpg,,"A man with a mustache and dark hair, wearing a black suit, looks up and to the right with a surprised expression, while standing in a store aisle.","A man with a mustache and dark hair, wearing a black suit, looks up and to the right with a smiling expression, while standing in a store aisle.",The person turns their head slightly to the right.,,missing,0,D:/Datasets/ImgEdit/Parquet/action_part1.parquet,uptzFXlfMUw_segment_28_frame_0,man,man,action,high,"The man's head is slightly turned to the right in the source image. In the target image, he has turned his head more to the right, and his expression has changed from surprise to a smile",Qwen/Qwen3-VL-2B-Instruct,,imgedit_00000184_00,imgedit_00000184_00.png
imgedit_00000185_00,imgedit,action,sP-OHXulhM4_segment_24_frame_176.jpg,sP-OHXulhM4_segment_24_frame_231.jpg,,"A woman in a white jacket stands in front of a green pixelated background, speaking.","A woman in a white jacket stands in front of a green pixelated background, with her hands lowered from mid-chest level to just below the waist.",The person lowers their hands from mid-chest level to just below the waist.,,missing,0,D:/Datasets/ImgEdit/Parquet/action_part1.parquet,sP-OHXulhM4_segment_24_frame_176,person,person with lowered hands,action,high,"The edit clearly changes the position of the person's hands, consistent with the instruction.",Qwen/Qwen3-VL-2B-Instruct,,imgedit_00000185_00,imgedit_00000185_00.png
imgedit_00000186_00,imgedit,action,aKVfILZ9FRM_segment_40_frame_180.jpg,aKVfILZ9FRM_segment_40_frame_235.jpg,,A man with a beard and sunglasses wearing a green shirt inside a tent.,"A man with a beard and sunglasses wearing a green shirt, now facing forward with a neutral expression.",The person adjusts their head to face forward.,,missing,0,D:/Datasets/ImgEdit/Parquet/action_part1.parquet,aKVfILZ9FRM_segment_40_frame_180,person,person facing forward,action,high,The person's head is adjusted to face forward in the target image.,Qwen/Qwen3-VL-2B-Instruct,,imgedit_00000186_00,imgedit_00000186_00.png
imgedit_00000187_00,imgedit,action,ZmTUcjawR20_segment_10_frame_62.jpg,ZmTUcjawR20_segment_10_frame_117.jpg,,A man with a beard and short hair is speaking into a microphone while standing in front of a plain gray background.,A man with a beard and short hair is speaking into a microphone while raising his hands higher and gesturing with both hands.,The person raises their hands higher while gesturing.,,missing,0,D:/Datasets/ImgEdit/Parquet/action_part1.parquet,ZmTUcjawR20_segment_10_frame_62,person,person raising hands higher while gesturing,action,high,The person's hands are raised higher and the gesture is more pronounced in the target image compared to the source image.,Qwen/Qwen3-VL-2B-Instruct,,imgedit_00000187_00,imgedit_00000187_00.png
imgedit_00000188_00,imgedit,action,-__pEefa_bk_segment_4_frame_4.jpg,-__pEefa_bk_segment_4_frame_52.jpg,,A woman with short brown hair wearing a red vest and a blue shirt is pointing with her right hand.,A woman with short brown hair wearing a red vest and a blue shirt is looking at the camera with a neutral expression.,The person lowers their raised hand and stops pointing.,,missing,0,D:/Datasets/ImgEdit/Parquet/action_part1.parquet,-__pEefa_bk_segment_4_frame_4,person,person,action,high,The person's raised hand is lowered and the pointing gesture is stopped.,Qwen/Qwen3-VL-2B-Instruct,,imgedit_00000188_00,imgedit_00000188_00.png
imgedit_00000189_00,imgedit,action,lP8WCAUu8Fk_segment_6_frame_44.jpg,lP8WCAUu8Fk_segment_6_frame_99.jpg,,"A man in a plaid shirt stands in a kitchen, smiling and gesturing with his hands.","A man in a plaid shirt stands in a kitchen, gesturing with both hands raised and palms facing outward.",The person raises both hands with palms facing outward.,,missing,0,D:/Datasets/ImgEdit/Parquet/action_part1.parquet,lP8WCAUu8Fk_segment_6_frame_44,person,person with raised hands,action,high,"The person's hands are raised with palms facing outward in the target image, while in the source image they are open and gesturing.",Qwen/Qwen3-VL-2B-Instruct,,imgedit_00000189_00,imgedit_00000189_00.png
imgedit_00000190_00,imgedit,action,8GPmwQ0RMNI_segment_100_frame_0.jpg,8GPmwQ0RMNI_segment_100_frame_55.jpg,,"A close-up of a bearded man in a dark, armored helmet with a red cape, looking down with a serious expression.","A close-up of a bearded man in a dark, armored helmet with a red cape, looking up with a serious expression, straightening his posture.",The person straightens their posture and lifts their head higher.,,missing,0,D:/Datasets/ImgEdit/Parquet/action_part1.parquet,8GPmwQ0RMNI_segment_100_frame_0,the man,the man with his head lifted higher,action,high,The man's head is raised and his posture is straightened in the target image.,Qwen/Qwen3-VL-2B-Instruct,,imgedit_00000190_00,imgedit_00000190_00.png
imgedit_00000191_00,imgedit,action,omGcAnyT0DM_segment_45_frame_174.jpg,omGcAnyT0DM_segment_45_frame_229.jpg,,A man in a red shirt is riding a skateboard on a concrete ramp inside a large indoor skatepark.,A man in a red shirt rides a skateboard down a ramp in an indoor skatepark.,A man rides a skateboard down a ramp.,,missing,0,D:/Datasets/ImgEdit/Parquet/action_part1.parquet,omGcAnyT0DM_segment_45_frame_174,man,riding a skateboard down a ramp,action,high,The man's action has been changed from standing to riding the skateboard down the ramp.,Qwen/Qwen3-VL-2B-Instruct,,imgedit_00000191_00,imgedit_00000191_00.png
imgedit_00000192_00,imgedit,action,afRATe9UqUc_segment_3_frame_0.jpg,afRATe9UqUc_segment_3_frame_55.jpg,,"A man with gray hair wearing a black shirt is standing indoors with a small monkey on a branch, both looking at the camera.","A man with gray hair wearing a black shirt is standing indoors with a small monkey on a branch, but his head is lowered slightly, looking at the camera.",The person lowers their head slightly.,,missing,0,D:/Datasets/ImgEdit/Parquet/action_part1.parquet,afRATe9UqUc_segment_3_frame_0,person,person with lowered head,action,high,"The person's head is slightly lowered in the target image, consistent with the instruction.",Qwen/Qwen3-VL-2B-Instruct,,imgedit_00000192_00,imgedit_00000192_00.png
imgedit_00000193_00,imgedit,action,5SbvT-wGiH8_segment_6_frame_98.jpg,5SbvT-wGiH8_segment_6_frame_153.jpg,,An older man with white hair and glasses is speaking at a podium with a raised fist.,An older man with white hair and glasses is speaking at a podium with his fist lowered slightly.,The person lowers their raised hand slightly.,,missing,0,D:/Datasets/ImgEdit/Parquet/action_part1.parquet,5SbvT-wGiH8_segment_6_frame_98,person,person with lowered fist,action,high,The person's raised fist is lowered in the edited image.,Qwen/Qwen3-VL-2B-Instruct,,imgedit_00000193_00,imgedit_00000193_00.png
imgedit_00000194_00,imgedit,action,n4Lyaa2FvF0_segment_9_frame_0.jpg,n4Lyaa2FvF0_segment_9_frame_55.jpg,,A young man in a blue t-shirt stands on a stage with a colorful background.,A young man in a blue t-shirt turns his head to the right on a stage with a colorful background.,The person turns their head to the right.,,missing,0,D:/Datasets/ImgEdit/Parquet/action_part1.parquet,n4Lyaa2FvF0_segment_9_frame_0,person,person turning his head to the right,action,high,"The person's head has been rotated to the right, matching the instruction.",Qwen/Qwen3-VL-2B-Instruct,,imgedit_00000194_00,imgedit_00000194_00.png
imgedit_00000195_00,imgedit,action,1VqH61DdtFw_segment_43_frame_0.jpg,1VqH61DdtFw_segment_43_frame_55.jpg,,A man wearing a blue jacket and a hat sits on a couch in a well-lit room.,"A man wearing a blue jacket and a hat sits on a couch in a well-lit room, lowering his chin and looking down.",A man lowers his chin and removes his gaze upward.,,missing,0,D:/Datasets/ImgEdit/Parquet/action_part1.parquet,1VqH61DdtFw_segment_43_frame_0,man,man with lowered chin,action,high,"The man's gaze is directed downwards, and his chin is slightly lower than in the source image.",Qwen/Qwen3-VL-2B-Instruct,,imgedit_00000195_00,imgedit_00000195_00.png
imgedit_00000196_00,imgedit,action,ukhRlbirSe8_segment_8_frame_0.jpg,ukhRlbirSe8_segment_8_frame_55.jpg,,"A man in a white shirt sits at an outdoor dinner table at night, looking toward the camera.","A man in a white shirt sits at an outdoor dinner table at night, turning his head slightly to the right.",The person turns their head slightly to the right.,,missing,0,D:/Datasets/ImgEdit/Parquet/action_part1.parquet,ukhRlbirSe8_segment_8_frame_0,man,man with turned head,action,high,"The man's head has been slightly rotated to the right, altering his orientation relative to the camera.",Qwen/Qwen3-VL-2B-Instruct,,imgedit_00000196_00,imgedit_00000196_00.png
imgedit_00000197_00,imgedit,action,sLhZjM1fsMk_segment_11_frame_0.jpg,sLhZjM1fsMk_segment_11_frame_55.jpg,,"A woman in a green shirt stands in a kitchen, gesturing with her hands on a counter with baking trays and colorful eggs.","A woman in a green shirt stands in a kitchen, lowering her hands closer to a baking tray on the counter with colorful eggs.",A woman lowers her hands closer to the tray on the counter.,,missing,0,D:/Datasets/ImgEdit/Parquet/action_part1.parquet,sLhZjM1fsMk_segment_11_frame_0,hands,lowered,action,high,"The woman's hands are positioned lower on the counter, closer to the baking tray, as she speaks.",Qwen/Qwen3-VL-2B-Instruct,,imgedit_00000197_00,imgedit_00000197_00.png
imgedit_00000198_00,imgedit,action,7eKbDpSPfcQ_segment_6_frame_60.jpg,7eKbDpSPfcQ_segment_6_frame_115.jpg,,"A woman with brown hair wearing a red and blue plaid shirt is sitting in a living room, talking to another person.","A woman with brown hair wearing a red and blue plaid shirt is sitting in a living room, speaking with her mouth open.",The woman opens her mouth as if speaking.,,missing,0,D:/Datasets/ImgEdit/Parquet/action_part1.parquet,7eKbDpSPfcQ_segment_6_frame_60,woman,woman with mouth open,action,high,The woman's mouth is open as if she is speaking.,Qwen/Qwen3-VL-2B-Instruct,,imgedit_00000198_00,imgedit_00000198_00.png
imgedit_00000199_00,imgedit,action,Wwb2Adhfm1o_segment_1_frame_4.jpg,Wwb2Adhfm1o_segment_1_frame_59.jpg,,A man is smiling in a framed picture set against a lush jungle landscape.,"A man is smiling in a framed picture, but his head has turned slightly to the other side, set against a lush jungle landscape.",The person turns their head slightly to the other side.,,missing,0,D:/Datasets/ImgEdit/Parquet/action_part1.parquet,Wwb2Adhfm1o_segment_1_frame_4,the person,the person with a slightly turned head,action,high,The person's head has been slightly rotated to the right.,Qwen/Qwen3-VL-2B-Instruct,,imgedit_00000199_00,imgedit_00000199_00.png
imgedit_00000200_00,imgedit,action,eCzBYld9uZo_segment_18_frame_0.jpg,eCzBYld9uZo_segment_18_frame_55.jpg,,"A man in a black shirt stands in a room with a dark wall and a blue screen behind him, gesturing with both hands.","A man in a black shirt stands in a room with a dark wall and a blue screen behind him, extending one hand with fingers spread while raising the other hand's index finger.",The person extends one hand with fingers spread while raising the other hand's index finger.,,missing,0,D:/Datasets/ImgEdit/Parquet/action_part1.parquet,eCzBYld9uZo_segment_18_frame_0,person,person extending one hand with fingers spread while raising the other hand's index finger,action,high,The person's hand gesture has been modified to match the instruction.,Qwen/Qwen3-VL-2B-Instruct,,imgedit_00000200_00,imgedit_00000200_00.png
imgedit_00000201_00,imgedit,action,omN3j_77ZSc_segment_39_frame_210.jpg,omN3j_77ZSc_segment_39_frame_259.jpg,,"A group of Venom symbiotes in a dark, ominous setting.","A central Venom figure raises his right hand with fingers spread, surrounded by other Venom symbiotes.",A man raises his right hand with fingers spread.,,missing,0,D:/Datasets/ImgEdit/Parquet/action_part1.parquet,omN3j_77ZSc_segment_39_frame_210,Venom,Venom raising his right hand with fingers spread,action,high,"The edit involves adding a specific action to the central Venom figure, making it raise his right hand with fingers spread.",Qwen/Qwen3-VL-2B-Instruct,,imgedit_00000201_00,imgedit_00000201_00.png
imgedit_00000202_00,imgedit,action,vEjB5veuBhI_segment_0_frame_0.jpg,vEjB5veuBhI_segment_0_frame_54.jpg,,A man in a military uniform stands in a news studio holding papers.,"A man in a military uniform stands in a news studio holding papers, with his right hand lowered slightly.",The person lowers their right hand slightly while holding the papers.,,missing,0,D:/Datasets/ImgEdit/Parquet/action_part1.parquet,vEjB5veuBhI_segment_0_frame_0,person,person with lowered right hand,action,high,The person's right hand is lowered slightly while holding the papers.,Qwen/Qwen3-VL-2B-Instruct,,imgedit_00000202_00,imgedit_00000202_00.png
imgedit_00000203_00,imgedit,action,c29ywN8A-54_segment_8_frame_0.jpg,c29ywN8A-54_segment_8_frame_55.jpg,,A woman with long brown hair and red lipstick is looking at the camera in a kitchen.,A woman with long brown hair and red lipstick is looking slightly to her right in a kitchen.,The person turns their head slightly to the right.,,missing,0,D:/Datasets/ImgEdit/Parquet/action_part1.parquet,c29ywN8A-54_segment_8_frame_0,person,person turns her head slightly to the right,action,high,"The person's head has been rotated to the right, matching the instruction.",Qwen/Qwen3-VL-2B-Instruct,,imgedit_00000203_00,imgedit_00000203_00.png
imgedit_00000204_00,imgedit,action,4ugPhqvEVx0_segment_18_frame_20.jpg,4ugPhqvEVx0_segment_18_frame_75.jpg,,A man in a yellow polo shirt is looking at the camera on a rooftop with plants and buildings in the background.,A man in a yellow polo shirt with his collar adjusted is looking at the camera on a rooftop with plants and buildings in the background.,The person adjusts the collar of their yellow shirt.,,missing,0,D:/Datasets/ImgEdit/Parquet/action_part1.parquet,4ugPhqvEVx0_segment_18_frame_20,yellow shirt,yellow shirt with adjusted collar,action,high,The collar of the yellow shirt is visibly adjusted in the target image.,Qwen/Qwen3-VL-2B-Instruct,,imgedit_00000204_00,imgedit_00000204_00.png
imgedit_00000205_00,imgedit,action,AbOuO-TS-sI_segment_15_frame_8.jpg,AbOuO-TS-sI_segment_15_frame_63.jpg,,"An elderly man with white hair and a lab coat is sitting at a desk in a futuristic lab, looking at a computer screen with a neutral expression.","An elderly man with white hair and a lab coat is sitting at a desk in a futuristic lab, looking at a computer screen with a wide, smiling expression.","The man changes from a neutral expression to a smiling, expressive face.",,missing,0,D:/Datasets/ImgEdit/Parquet/action_part1.parquet,AbOuO-TS-sI_segment_15_frame_8,man,smiling,action,high,"The man's facial expression changes from neutral to smiling, indicating a change in emotion or reaction.",Qwen/Qwen3-VL-2B-Instruct,,imgedit_00000205_00,imgedit_00000205_00.png
imgedit_00000206_00,imgedit,action,CVHjPEkxE6U_segment_53_frame_0.jpg,CVHjPEkxE6U_segment_53_frame_55.jpg,,A close-up of a baby monkey with blue face and light brown fur resting in its mother's arms.,"A close-up of a baby monkey with blue face and light brown fur, opening its eyes and looking upwards.",A baby monkey opens its eyes and looks upwards.,,missing,0,D:/Datasets/ImgEdit/Parquet/action_part1.parquet,CVHjPEkxE6U_segment_53_frame_0,baby monkey,baby monkey with eyes open and looking upwards,action,high,"The monkey's eyes are already open in the source image, but the instruction specifies an action of opening them and looking upwards, which is consistent with the provided image.",Qwen/Qwen3-VL-2B-Instruct,,imgedit_00000206_00,imgedit_00000206_00.png
imgedit_00000207_00,imgedit,action,FmZk39_mUYI_segment_6_frame_0.jpg,FmZk39_mUYI_segment_6_frame_55.jpg,,A woman with blonde hair wearing a pink shirt stands in front of a fiery demonic dragon with the Diablo logo behind her.,A woman with blonde hair wearing a pink shirt turns her head slightly to the left while standing in front of a fiery demonic dragon with the Diablo logo behind her.,The person turns their head slightly to the left.,,missing,0,D:/Datasets/ImgEdit/Parquet/action_part1.parquet,FmZk39_mUYI_segment_6_frame_0,person,person turns her head slightly to the left,action,high,"The person's head position has been adjusted to the left, which is consistent with the instruction.",Qwen/Qwen3-VL-2B-Instruct,,imgedit_00000207_00,imgedit_00000207_00.png
imgedit_00000208_00,imgedit,action,Jkcc50IOlrU_segment_34_frame_0.jpg,Jkcc50IOlrU_segment_34_frame_55.jpg,,A man in a white shirt and a black cap holds a fish on a boat in foggy weather.,A man in a white shirt and a black cap lifts a fish higher and tilts his head to look at it on a boat in foggy weather.,The man lifts the fish higher and tilts his head to look at it.,,missing,0,D:/Datasets/ImgEdit/Parquet/action_part1.parquet,Jkcc50IOlrU_segment_34_frame_0,man,man lifting fish higher and tilting head,action,high,The man's posture and the position of the fish have been altered to match the instruction.,Qwen/Qwen3-VL-2B-Instruct,,imgedit_00000208_00,imgedit_00000208_00.png
imgedit_00000209_00,imgedit,action,eOpQ_w81pg4_segment_3_frame_0.jpg,eOpQ_w81pg4_segment_3_frame_55.jpg,,A man with long brown hair wearing a dark suit and tie holds a microphone and raises his right hand in a gesture.,A man with long brown hair wearing a dark suit and tie holds a microphone and lowers his raised right hand.,The person lowers their raised hand.,,missing,0,D:/Datasets/ImgEdit/Parquet/action_part1.parquet,eOpQ_w81pg4_segment_3_frame_0,hand,lowered hand,action,high,The hand is raised in the source image and lowered in the target image.,Qwen/Qwen3-VL-2B-Instruct,,imgedit_00000209_00,imgedit_00000209_00.png
imgedit_00000210_00,imgedit,action,A74NZemJZRE_segment_70_frame_0.jpg,A74NZemJZRE_segment_70_frame_55.jpg,,"A man with dark hair and a red shirt holds a white phone to his ear, looking down with a serious expression.","A man with dark hair and a red shirt holds a white phone to his ear, lowering his head slightly while looking down with a serious expression.",The person lowers their head slightly while holding the phone.,,missing,0,D:/Datasets/ImgEdit/Parquet/action_part1.parquet,A74NZemJZRE_segment_70_frame_0,person,person with lowered head,action,high,The person's head is lowered in the target image compared to the source image.,Qwen/Qwen3-VL-2B-Instruct,,imgedit_00000210_00,imgedit_00000210_00.png
imgedit_00000211_00,imgedit,action,sKXPV_3eX84_segment_7_frame_0.jpg,sKXPV_3eX84_segment_7_frame_55.jpg,,A man in a vest and glasses is leaning forward while sitting on a car.,A man in a vest and glasses is standing upright with his hands on his hips.,The man changes from leaning forward while sitting to standing upright with his hands on his hips.,,missing,0,D:/Datasets/ImgEdit/Parquet/action_part1.parquet,sKXPV_3eX84_segment_7_frame_0,man,standing upright with hands on hips,action,high,The man's posture changes from leaning forward while sitting to standing upright with his hands on his hips.,Qwen/Qwen3-VL-2B-Instruct,,imgedit_00000211_00,imgedit_00000211_00.png
imgedit_00000212_00,imgedit,action,BquSG9yt3_M_segment_44_frame_0.jpg,BquSG9yt3_M_segment_44_frame_55.jpg,,A woman with blonde hair wearing a red shirt stands in a room with vertical blinds and a coat rack.,"A woman with blonde hair wearing a red shirt turns her head to the right, looking sideways in a room with vertical blinds and a coat rack.",The woman turns her head from facing forward to facing sideways.,,missing,0,D:/Datasets/ImgEdit/Parquet/action_part1.parquet,BquSG9yt3_M_segment_44_frame_0,woman,woman turning her head to the right,action,high,The woman's head position changes from facing forward to facing sideways.,Qwen/Qwen3-VL-2B-Instruct,,imgedit_00000212_00,imgedit_00000212_00.png
imgedit_00000213_00,imgedit,action,JOO8CXHpTco_segment_29_frame_0.jpg,JOO8CXHpTco_segment_29_frame_55.jpg,,"A man in a maroon fedora and a dark jacket is sitting in a dimly lit room with a brick wall behind him, looking at someone off-camera.","A man in a maroon fedora and a dark jacket is sitting in a dimly lit room with a brick wall behind him, looking at someone off-camera, with his hand lowered.",The person lowers their raised hand.,,missing,0,D:/Datasets/ImgEdit/Parquet/action_part1.parquet,JOO8CXHpTco_segment_29_frame_0,hand,lowered hand,action,high,The hand is raised in the source image and lowered in the target image.,Qwen/Qwen3-VL-2B-Instruct,,imgedit_00000213_00,imgedit_00000213_00.png
imgedit_00000214_00,imgedit,action,ZWIMFOtzI6w_segment_3_frame_0.jpg,ZWIMFOtzI6w_segment_3_frame_55.jpg,,A woman in a plaid shirt is stirring a pot on a stovetop in a modern kitchen.,A woman in a plaid shirt is gesturing with her right hand while stirring a pot on a stovetop in a modern kitchen.,A woman stops stirring and gestures with her other hand.,,missing,0,D:/Datasets/ImgEdit/Parquet/action_part1.parquet,ZWIMFOtzI6w_segment_3_frame_0,woman,gesturing with her right hand,action,high,"The woman's left hand is still holding the wooden spoon, but her right hand is now making a gesture, indicating a change in her action.",Qwen/Qwen3-VL-2B-Instruct,,imgedit_00000214_00,imgedit_00000214_00.png
imgedit_00000215_00,imgedit,action,sOI1YdgdxQs_segment_3_frame_44.jpg,sOI1YdgdxQs_segment_3_frame_99.jpg,,"A woman with long dark hair stands in a kitchen, holding a green bottle of cleaning solution.","A woman with long dark hair stands in a kitchen, lifting a green bottle of cleaning solution higher in her hand.",The woman lifts a bottle higher.,,missing,0,D:/Datasets/ImgEdit/Parquet/action_part1.parquet,sOI1YdgdxQs_segment_3_frame_44,bottle,bottle,action,high,"The bottle is raised higher in the target image, consistent with the instruction.",Qwen/Qwen3-VL-2B-Instruct,,imgedit_00000215_00,imgedit_00000215_00.png
imgedit_00000216_00,imgedit,action,c29ywN8A-54_segment_6_frame_0.jpg,c29ywN8A-54_segment_6_frame_55.jpg,,A woman with brown hair and red lipstick is holding a red popsicle and eating it with a spoon.,A woman with brown hair and red lipstick is holding a red popsicle and raising the spoon closer to her mouth.,The woman raises the spoon closer to her mouth.,,missing,0,D:/Datasets/ImgEdit/Parquet/action_part1.parquet,c29ywN8A-54_segment_6_frame_0,spoon,raising the spoon closer to her mouth,action,high,"The spoon is moved from being held at a distance to being brought closer to the woman's mouth, which is the primary change in the action.",Qwen/Qwen3-VL-2B-Instruct,,imgedit_00000216_00,imgedit_00000216_00.png
imgedit_00000217_00,imgedit,action,ECVbneHmgag_segment_41_frame_0.jpg,ECVbneHmgag_segment_41_frame_55.jpg,,A woman with long brown hair wearing a blue jacket and red boots is crouching in an apple orchard with a black dog beside her.,"A woman with long brown hair wearing a blue jacket and red boots is crouching in an apple orchard with a black dog beside her, holding an apple in her left hand.","A woman squats while holding an apple, with her dog sitting beside her.",,missing,0,D:/Datasets/ImgEdit/Parquet/action_part1.parquet,ECVbneHmgag_segment_41_frame_0,woman,woman holding an apple,action,high,The woman's action is changed from sitting to crouching while holding an apple.,Qwen/Qwen3-VL-2B-Instruct,,imgedit_00000217_00,imgedit_00000217_00.png
imgedit_00000218_00,imgedit,action,zAlGntbE7Is_segment_15_frame_0.jpg,zAlGntbE7Is_segment_15_frame_55.jpg,,"A man with curly dark hair wearing a dark jacket stands in a room, speaking to a woman with blonde hair.","A man with curly dark hair wearing a dark jacket stands in a room, lowers his hands and leans slightly forward while speaking to a woman with blonde hair.",A man lowers his hands and leans slightly forward.,,missing,0,D:/Datasets/ImgEdit/Parquet/action_part1.parquet,zAlGntbE7Is_segment_15_frame_0,man,man with lowered hands and leaning forward,action,high,"The man's hands are lowered and his posture changes slightly as he leans forward, consistent with the instruction.",Qwen/Qwen3-VL-2B-Instruct,,imgedit_00000218_00,imgedit_00000218_00.png
imgedit_00000219_00,imgedit,action,YS2s2VUBQ8M_segment_10_frame_0.jpg,YS2s2VUBQ8M_segment_10_frame_55.jpg,,"A young man in a light gray shirt and glasses is standing on a stage, speaking into a microphone and gesturing with his hands.","A young man in a light gray shirt and glasses is standing on a stage, speaking into a microphone and clasping his hands together.",The person lowers their hands and clasps them together.,,missing,0,D:/Datasets/ImgEdit/Parquet/action_part1.parquet,YS2s2VUBQ8M_segment_10_frame_0,hands,clasping hands together,action,high,"The hands are lowered and brought together in a clasp, consistent with the instruction.",Qwen/Qwen3-VL-2B-Instruct,,imgedit_00000219_00,imgedit_00000219_00.png
imgedit_00000220_00,imgedit,action,8GDRY0hBoDk_segment_39_frame_0.jpg,8GDRY0hBoDk_segment_39_frame_50.jpg,,"A close-up side profile of an older man with gray hair, wearing a white collared shirt, touching his ear with his hand.","A close-up side profile of an older man with gray hair, wearing a white collared shirt, raising his hand to touch his ear.",A person raises their hand to touch their ear.,,missing,0,D:/Datasets/ImgEdit/Parquet/action_part1.parquet,8GDRY0hBoDk_segment_39_frame_0,hand,raising hand to touch ear,action,high,"The hand is raised to the ear, indicating the action of touching it.",Qwen/Qwen3-VL-2B-Instruct,,imgedit_00000220_00,imgedit_00000220_00.png
imgedit_00000221_00,imgedit,action,ukVx2ZTm-wQ_segment_12_frame_0.jpg,ukVx2ZTm-wQ_segment_12_frame_52.jpg,,A man in a blue shirt holds a black bicycle pump on a wooden table in a workshop with a pegboard full of tools behind him.,"A man in a blue shirt holds a black bicycle pump at a different angle, looking to the side, on a wooden table in a workshop with a pegboard full of tools behind him.",The person rotates and holds the pump at a different angle while looking to the side.,,missing,0,D:/Datasets/ImgEdit/Parquet/action_part1.parquet,ukVx2ZTm-wQ_segment_12_frame_0,the man and the pump,the man and the pump with a different angle and a different gaze,action,high,"The man's posture and gaze have changed, indicating a rotation of the pump and his head.",Qwen/Qwen3-VL-2B-Instruct,,imgedit_00000221_00,imgedit_00000221_00.png
imgedit_00000222_00,imgedit,action,zJbPYuGV1XY_segment_23_frame_0.jpg,zJbPYuGV1XY_segment_23_frame_55.jpg,,A woman in a kitchen is mixing ingredients in a bowl with a whisk.,"A woman in a kitchen is mixing ingredients in a bowl with a whisk, and her left hand is now positioned on the side of the bowl with her palm facing upward.",The woman changes the position of her left hand from above the bowl to the side with her palm facing upward.,,missing,0,D:/Datasets/ImgEdit/Parquet/action_part1.parquet,zJbPYuGV1XY_segment_23_frame_0,woman's left hand,left hand on the side of the bowl with palm up,action,high,The hand's position has been changed from above the bowl to the side with the palm facing upward.,Qwen/Qwen3-VL-2B-Instruct,,imgedit_00000222_00,imgedit_00000222_00.png
imgedit_00000223_00,imgedit,action,OSPen9s-Ivg_segment_29_frame_74.jpg,OSPen9s-Ivg_segment_29_frame_129.jpg,,A woman with blonde hair wearing a black and green striped sweater stands in a studio with a large white triangle logo in the background.,"The woman with blonde hair wearing a black and green striped sweater turns her head slightly to the right, standing in the same studio.",The woman turns her head slightly to the right.,,missing,0,D:/Datasets/ImgEdit/Parquet/action_part1.parquet,OSPen9s-Ivg_segment_29_frame_74,woman,woman turns her head slightly to the right,action,high,"The woman's head position has been adjusted to the right in the target image, while the rest of the scene remains unchanged.",Qwen/Qwen3-VL-2B-Instruct,,imgedit_00000223_00,imgedit_00000223_00.png
imgedit_00000224_00,imgedit,action,g2gHQnqdv-Q_segment_15_frame_0.jpg,g2gHQnqdv-Q_segment_15_frame_55.jpg,,A woman with blonde hair and red lipstick sits in a room with a piano and a clock in the background.,"A woman with blonde hair and red lipstick turns her head slightly to the right, sitting in a room with a piano and a clock in the background.",The woman turns her head slightly to the right.,,missing,0,D:/Datasets/ImgEdit/Parquet/action_part1.parquet,g2gHQnqdv-Q_segment_15_frame_0,woman,woman turning her head slightly to the right,action,high,"The woman's head position changes from neutral to slightly turned to the right, consistent with the instruction.",Qwen/Qwen3-VL-2B-Instruct,,imgedit_00000224_00,imgedit_00000224_00.png
imgedit_00000225_00,imgedit,action,rAF1f6aDnKc_segment_2_frame_10.jpg,rAF1f6aDnKc_segment_2_frame_65.jpg,,A man in a striped shirt stands on a stage with a large purple chandelier behind him.,A man in a striped shirt turns his head to look to the side on a stage with a large purple chandelier behind him.,The man turns his head to look to the side.,,missing,0,D:/Datasets/ImgEdit/Parquet/action_part1.parquet,rAF1f6aDnKc_segment_2_frame_10,man,man turns his head to look to the side,action,high,The man's head position has been changed from facing forward to looking to the side.,Qwen/Qwen3-VL-2B-Instruct,,imgedit_00000225_00,imgedit_00000225_00.png
imgedit_00000226_00,imgedit,action,AZztfUkKAaU_segment_83_frame_0.jpg,AZztfUkKAaU_segment_83_frame_55.jpg,,A cartoon illustration of a woman with long blonde hair and blue spiral eyes.,"A cartoon illustration of a woman with long blonde hair and closed eyes, blue spiral eyes.",The subject's eyes are closed in the edited image.,,missing,0,D:/Datasets/ImgEdit/Parquet/action_part1.parquet,AZztfUkKAaU_segment_83_frame_0,eyes,closed eyes,action,high,The eyes are closed in the edited image.,Qwen/Qwen3-VL-2B-Instruct,,imgedit_00000226_00,imgedit_00000226_00.png
imgedit_00000227_00,imgedit,action,qoUS9kBneHQ_segment_21_frame_0.jpg,qoUS9kBneHQ_segment_21_frame_55.jpg,,"A man wearing a hat and glasses stands by a river, gesturing with his hands.","A man wearing a hat and glasses stands by a river, lowering his hands and leaning slightly forward.",The person lowers their hands and leans slightly forward.,,missing,0,D:/Datasets/ImgEdit/Parquet/action_part1.parquet,qoUS9kBneHQ_segment_21_frame_0,person,person with lowered hands and leaning forward,action,high,The person's hands are lowered and his posture is slightly more forward in the target image.,Qwen/Qwen3-VL-2B-Instruct,,imgedit_00000227_00,imgedit_00000227_00.png
imgedit_00000228_00,imgedit,action,IGB1I58GZ5A_segment_10_frame_0.jpg,IGB1I58GZ5A_segment_10_frame_55.jpg,,"A man in a blue shirt and black pants is standing on an artificial turf soccer field, preparing to kick a soccer ball.","A man in a blue shirt and black pants is mid-air, kicking a soccer ball with his right foot.",A man kicks a soccer ball in mid-air.,,missing,0,D:/Datasets/ImgEdit/Parquet/action_part1.parquet,IGB1I58GZ5A_segment_10_frame_0,man,man kicking a soccer ball,action,high,"The man's leg is extended and the ball is in motion, indicating a kick action.",Qwen/Qwen3-VL-2B-Instruct,,imgedit_00000228_00,imgedit_00000228_00.png
imgedit_00000229_00,imgedit,action,ReizHAEO2xI_segment_2_frame_4.jpg,ReizHAEO2xI_segment_2_frame_54.jpg,,"A man with a beard and glasses wearing a denim jacket over a green t-shirt, standing with his hands in his pockets against a white background.","A man with a beard and glasses wearing a denim jacket over a green t-shirt, standing with his hands in his pockets and lowering his head slightly against a white background.",The man lowers his head slightly.,,missing,0,D:/Datasets/ImgEdit/Parquet/action_part1.parquet,ReizHAEO2xI_segment_2_frame_4,man,man lowering his head slightly,action,high,The man's head is slightly lower in the target image compared to the source image.,Qwen/Qwen3-VL-2B-Instruct,,imgedit_00000229_00,imgedit_00000229_00.png
imgedit_00000230_00,imgedit,action,lQ4gAzFj0qM_segment_11_frame_114.jpg,lQ4gAzFj0qM_segment_11_frame_169.jpg,,"A green John Deere tractor is driving across a harvested field, pulling a large plow.","A green John Deere tractor is turning to the right, still pulling a large plow across a harvested field.",A tractor turns to the right.,,missing,0,D:/Datasets/ImgEdit/Parquet/action_part1.parquet,lQ4gAzFj0qM_segment_11_frame_114,tractor,tractor turning to the right,action,high,"The tractor's orientation has changed from facing forward to turning right, which is consistent with the instruction.",Qwen/Qwen3-VL-2B-Instruct,,imgedit_00000230_00,imgedit_00000230_00.png
imgedit_00000231_00,imgedit,action,Qa0S2Fo8g4U_segment_5_frame_6.jpg,Qa0S2Fo8g4U_segment_5_frame_61.jpg,,"A man with short brown hair wearing a maroon shirt and headphones sits in a recording studio, speaking into a microphone.","A man with short brown hair wearing a maroon shirt and headphones sits in a recording studio, lowering both hands and extending his right hand outward while speaking into a microphone.",The person lowers both hands and extends their right hand outward.,,missing,0,D:/Datasets/ImgEdit/Parquet/action_part1.parquet,Qa0S2Fo8g4U_segment_5_frame_6,person,person with both hands lowered and right hand extended,action,high,"The person's hands are in a different position in the target image, specifically with the right hand extended outward, which is consistent with the instruction.",Qwen/Qwen3-VL-2B-Instruct,,imgedit_00000231_00,imgedit_00000231_00.png
imgedit_00000232_00,imgedit,action,G6WQypTJtSg_segment_24_frame_0.jpg,G6WQypTJtSg_segment_24_frame_55.jpg,,A young boy with brown hair and a plaid scarf looks down with a serious expression.,"A young boy with brown hair and a plaid scarf turns his head slightly to the right, looking forward with a serious expression.",The person turns their head slightly to the right.,,missing,0,D:/Datasets/ImgEdit/Parquet/action_part1.parquet,G6WQypTJtSg_segment_24_frame_0,the boy's head,the boy's head turned slightly to the right,action,high,The boy's head is slightly turned to the right in the target image compared to the source image.,Qwen/Qwen3-VL-2B-Instruct,,imgedit_00000232_00,imgedit_00000232_00.png
imgedit_00000233_00,imgedit,action,5woq_XbY9uc_segment_1_frame_46.jpg,5woq_XbY9uc_segment_1_frame_100.jpg,,A man with a mustache wearing a red and black plaid shirt stands against a white background.,A man with a mustache wearing a red and black plaid shirt lowers his head slightly and stands against a white background.,The man lowers his head slightly.,,missing,0,D:/Datasets/ImgEdit/Parquet/action_part1.parquet,5woq_XbY9uc_segment_1_frame_46,man,man lowering his head slightly,action,high,The man's head is positioned slightly lower in the target image compared to the source image.,Qwen/Qwen3-VL-2B-Instruct,,imgedit_00000233_00,imgedit_00000233_00.png
imgedit_00000234_00,imgedit,action,Kl6cAdozo3U_segment_22_frame_0.jpg,Kl6cAdozo3U_segment_22_frame_55.jpg,,A woman with short blonde hair wearing a white shirt and a plaid skirt stands in a modern room with a staircase behind her.,"A woman with short blonde hair wearing a white shirt and a plaid skirt stands in a modern room with a staircase behind her, holding two weights in each hand.",The person raises both arms and holds weights in each hand.,,missing,0,D:/Datasets/ImgEdit/Parquet/action_part1.parquet,Kl6cAdozo3U_segment_22_frame_0,person,holding weights in each hand,action,high,The person's arms are raised and she is holding weights in each hand.,Qwen/Qwen3-VL-2B-Instruct,,imgedit_00000234_00,imgedit_00000234_00.png
imgedit_00000235_00,imgedit,action,unEJ0LLMNSk_segment_1_frame_40.jpg,unEJ0LLMNSk_segment_1_frame_95.jpg,,A muscular man is performing a horizontal exercise on parallel bars in a room with large windows.,"A muscular man is standing upright in a room with large windows, with his hands resting on his abdomen.",The man transitions from holding himself horizontally on parallel bars to standing upright with hands resting on his abdomen.,,missing,0,D:/Datasets/ImgEdit/Parquet/action_part1.parquet,unEJ0LLMNSk_segment_1_frame_40,man,standing upright with hands on abdomen,action,high,The man transitions from a horizontal position on the parallel bars to standing upright with his hands on his abdomen.,Qwen/Qwen3-VL-2B-Instruct,,imgedit_00000235_00,imgedit_00000235_00.png
imgedit_00000236_00,imgedit,action,AZ0UZZ61_4Q_segment_79_frame_0.jpg,AZ0UZZ61_4Q_segment_79_frame_55.jpg,,"A man wearing a red cap and a black t-shirt is sitting at a table, looking at a smartphone in his hands.","A man wearing a red cap and a black t-shirt is sitting at a table, holding a smartphone with both hands, and lowering his right hand while adjusting his grip on the phone with the left hand.",The person lowers their right hand while adjusting their grip on the phone with the left hand.,,missing,0,D:/Datasets/ImgEdit/Parquet/action_part1.parquet,AZ0UZZ61_4Q_segment_79_frame_0,person,holding a smartphone with both hands,action,high,"The person's right hand is lowered, and the grip on the phone is adjusted with the left hand.",Qwen/Qwen3-VL-2B-Instruct,,imgedit_00000236_00,imgedit_00000236_00.png
imgedit_00000237_00,imgedit,action,TaK7Es1CzDs_segment_15_frame_0.jpg,TaK7Es1CzDs_segment_15_frame_55.jpg,,"A woman in a white t-shirt sits at a kitchen table, resting her chin on her hand while looking at a laptop.","A woman in a white t-shirt sits at a kitchen table, typing on the laptop keyboard with her hand on the keyboard.",The woman shifts her hand from resting on her chin to typing on the laptop keyboard.,,missing,0,D:/Datasets/ImgEdit/Parquet/action_part1.parquet,TaK7Es1CzDs_segment_15_frame_0,woman's hand,typing on the laptop keyboard,action,high,The woman's hand changes from resting on her chin to actively typing on the laptop.,Qwen/Qwen3-VL-2B-Instruct,,imgedit_00000237_00,imgedit_00000237_00.png
imgedit_00000238_00,imgedit,action,g11PjHq6fZc_segment_9_frame_18.jpg,g11PjHq6fZc_segment_9_frame_73.jpg,,"A man in a gray blazer and plaid shirt stands on a wooden stage with a staircase behind him, gesturing with his hands.","A man in a gray blazer and plaid shirt stands on a wooden stage with a staircase behind him, raising both hands higher while holding a small device in his right hand.",The man raises both hands higher while holding a device in his right hand.,,missing,0,D:/Datasets/ImgEdit/Parquet/action_part1.parquet,g11PjHq6fZc_segment_9_frame_18,man,man holding a device,action,high,The man's hands are raised higher and he is now holding a device in his right hand.,Qwen/Qwen3-VL-2B-Instruct,,imgedit_00000238_00,imgedit_00000238_00.png
imgedit_00000239_00,imgedit,action,Kkl0dIjHkNI_segment_74_frame_0.jpg,Kkl0dIjHkNI_segment_74_frame_55.jpg,,"A man with a beard and glasses, wearing a sweater, is looking at the camera with a surprised expression under red lighting.","A man with a beard and glasses, wearing a sweater, is adjusting his glasses with both hands near his ears under red lighting.",The person raises both hands near their ears.,,missing,0,D:/Datasets/ImgEdit/Parquet/action_part1.parquet,Kkl0dIjHkNI_segment_74_frame_0,man,man adjusting glasses,action,high,"The man raises both hands to adjust his glasses, which is consistent with the instruction.",Qwen/Qwen3-VL-2B-Instruct,,imgedit_00000239_00,imgedit_00000239_00.png
imgedit_00000240_00,imgedit,action,0GjhlQDf6HY_segment_46_frame_0.jpg,0GjhlQDf6HY_segment_46_frame_55.jpg,,A man with short dark hair and a beard looks up with a serious expression.,A man with short dark hair and a beard looks down with a serious expression.,The person slightly tilts their head downward.,,missing,0,D:/Datasets/ImgEdit/Parquet/action_part1.parquet,0GjhlQDf6HY_segment_46_frame_0,person,the person's head is tilted downward,action,high,"The person's head is slightly tilted downward in the target image, consistent with the instruction.",Qwen/Qwen3-VL-2B-Instruct,,imgedit_00000240_00,imgedit_00000240_00.png
imgedit_00000241_00,imgedit,action,IGB1I58GZ5A_segment_3_frame_0.jpg,IGB1I58GZ5A_segment_3_frame_55.jpg,,A man in a blue shirt and black pants is balancing a soccer ball on his right foot on an artificial turf field.,A man in a blue shirt and black pants is kicking a soccer ball with his left foot while leaning backward on an artificial turf field.,The person shifts from balancing the ball on one foot to kicking it with the other foot while leaning backward.,,missing,0,D:/Datasets/ImgEdit/Parquet/action_part1.parquet,IGB1I58GZ5A_segment_3_frame_0,person,kicking,action,high,"The person's action changes from balancing to kicking, with the ball now in mid-air.",Qwen/Qwen3-VL-2B-Instruct,,imgedit_00000241_00,imgedit_00000241_00.png
imgedit_00000242_00,imgedit,action,4unznsc7OgE_segment_20_frame_0.jpg,4unznsc7OgE_segment_20_frame_55.jpg,,A man wearing a grey beanie and a blue Under Armour hoodie sits in a room with a wooden wall and a pink orchid plant.,"A man wearing a grey beanie and a blue Under Armour hoodie sits in a room with a wooden wall and a pink orchid plant, lifting his right arm slightly higher.",The person lifts their right arm slightly higher.,,missing,0,D:/Datasets/ImgEdit/Parquet/action_part1.parquet,4unznsc7OgE_segment_20_frame_0,person,person with raised right arm,action,high,The person's right arm is raised slightly higher in the target image compared to the source image.,Qwen/Qwen3-VL-2B-Instruct,,imgedit_00000242_00,imgedit_00000242_00.png
imgedit_00000243_00,imgedit,action,Hu7uRse3hi0_segment_17_frame_0.jpg,Hu7uRse3hi0_segment_17_frame_55.jpg,,A man with curly hair wearing a red hoodie is sitting in a room with a red wall and wooden furniture.,"A man with curly hair wearing a red hoodie is sitting in a room with a red wall and wooden furniture, lowering his hand from his face and pointing with his finger.",The person lowers their hand from their face and points with their finger.,,missing,0,D:/Datasets/ImgEdit/Parquet/action_part1.parquet,Hu7uRse3hi0_segment_17_frame_0,hand,pointing with finger,action,high,The hand is lowered from the face and the index finger is extended in a pointing gesture.,Qwen/Qwen3-VL-2B-Instruct,,imgedit_00000243_00,imgedit_00000243_00.png
imgedit_00000244_00,imgedit,action,AbjZZ-2rrPg_segment_4_frame_0.jpg,AbjZZ-2rrPg_segment_4_frame_55.jpg,,"A woman with long brown hair wearing a plaid shirt over a black top, standing against a white background.","A woman with long brown hair wearing a plaid shirt over a black top, tilting her head to the right and looking towards the camera.",The woman tilts her head to the right.,,missing,0,D:/Datasets/ImgEdit/Parquet/action_part1.parquet,AbjZZ-2rrPg_segment_4_frame_0,woman,tilting her head to the right,action,high,"The woman's head position has been adjusted to the right in the target image, while the rest of her appearance remains consistent.",Qwen/Qwen3-VL-2B-Instruct,,imgedit_00000244_00,imgedit_00000244_00.png
imgedit_00000245_00,imgedit,action,71LSBlyu-B4_segment_35_frame_14.jpg,71LSBlyu-B4_segment_35_frame_69.jpg,,A man in a black hoodie holds a torch in a workshop with a red and blue light.,A man in a black hoodie lowers the torch slightly in a workshop with a red and blue light.,The person lowers the torch slightly.,,missing,0,D:/Datasets/ImgEdit/Parquet/action_part1.parquet,71LSBlyu-B4_segment_35_frame_14,torch,lowered torch,action,high,The torch is held at a lower position in the target image compared to the source image.,Qwen/Qwen3-VL-2B-Instruct,,imgedit_00000245_00,imgedit_00000245_00.png
imgedit_00000246_00,imgedit,action,fSItOK3a5zk_segment_6_frame_2.jpg,fSItOK3a5zk_segment_6_frame_57.jpg,,"A man with a gray beard and glasses holds a handgun in his right hand, aiming it forward.","A man with a gray beard and glasses holds a handgun in his right hand, aiming it slightly higher.",The man raises the gun slightly higher.,,missing,0,D:/Datasets/ImgEdit/Parquet/action_part1.parquet,fSItOK3a5zk_segment_6_frame_2,man,man holding gun higher,action,high,"The man's arm and the gun are slightly elevated, indicating a subtle upward movement of the gun.",Qwen/Qwen3-VL-2B-Instruct,,imgedit_00000246_00,imgedit_00000246_00.png
imgedit_00000247_00,imgedit,action,Kl6AJ3cezUs_segment_7_frame_148.jpg,Kl6AJ3cezUs_segment_7_frame_203.jpg,,"A hand holding a yellow pencil is drawing a cartoon-style illustration of a smiling woman with long hair, wearing a red and black polka-dotted dress.","A hand holding a yellow pencil is lifting the pencil to the upper part of the drawing, above the woman's head.",The subject lifts a yellow pencil to the upper part of the drawing.,,missing,0,D:/Datasets/ImgEdit/Parquet/action_part1.parquet,Kl6AJ3cezUs_segment_7_frame_148,hand,lifting a yellow pencil to the upper part of the drawing,action,high,"The edit involves the hand lifting the pencil, which is not visible in the original image but is implied by the action.",Qwen/Qwen3-VL-2B-Instruct,,imgedit_00000247_00,imgedit_00000247_00.png
imgedit_00000248_00,imgedit,action,xc24VeGXRsQ_segment_57_frame_0.jpg,xc24VeGXRsQ_segment_57_frame_55.jpg,,"Two women are standing in a garage with a large stack of firewood behind them, one woman in a red shirt and the other in a grey jacket, with a green bucket on the ground.","Two women are standing in a garage with a large stack of firewood behind them, one woman in a red shirt and the other in a grey jacket, with the woman in the red shirt lowering her leg and placing her foot on the ground, while the other woman removes her shoe and bends down.","One woman lowers her leg and places her foot on the ground, while the other woman removes her shoe and bends down.",,missing,0,D:/Datasets/ImgEdit/Parquet/action_part1.parquet,xc24VeGXRsQ_segment_57_frame_0,woman in red shirt,woman in red shirt lowering her leg and placing her foot on the ground,action,medium,Recovered from truncated JSON.,Qwen/Qwen3-VL-2B-Instruct,,imgedit_00000248_00,imgedit_00000248_00.png
imgedit_00000249_00,imgedit,action,BqQdAFpRbjo_segment_31_frame_0.jpg,BqQdAFpRbjo_segment_31_frame_50.jpg,,"A person's hands are preparing a recipe on a black countertop, with a pot on a stove, two cans of soda, a small bowl of powder, a measuring spoon, and a red packet in their left hand.","A person's hands are stirring a pot on a stove with a whisk, and they are moving a red packet from their left hand toward the pot with their right hand.",The person moves a red packet from their left hand toward a pot on the stove with their right hand.,,missing,0,D:/Datasets/ImgEdit/Parquet/action_part1.parquet,BqQdAFpRbjo_segment_31_frame_0,red packet,in the pot,action,high,The red packet is moved from the left hand to the pot on the stove.,Qwen/Qwen3-VL-2B-Instruct,,imgedit_00000249_00,imgedit_00000249_00.png
imgedit_00000250_00,imgedit,action,ylR-18gjpIE_segment_1_frame_78.jpg,ylR-18gjpIE_segment_1_frame_133.jpg,,"A woman with long brown hair wearing a pink shirt is standing in a kitchen, smiling and gesturing with her hands.","A woman with long brown hair wearing a pink shirt is standing in a kitchen, smiling and holding her hands down in a neutral pose.",The person lowers their hands and holds a neutral pose.,,missing,0,D:/Datasets/ImgEdit/Parquet/action_part1.parquet,ylR-18gjpIE_segment_1_frame_78,person,holding a neutral pose,action,high,"The person's hands are lowered and her posture is neutral, consistent with the instruction.",Qwen/Qwen3-VL-2B-Instruct,,imgedit_00000250_00,imgedit_00000250_00.png
imgedit_00000251_00,imgedit,action,jJcn-1bpZ9o_segment_11_frame_0.jpg,jJcn-1bpZ9o_segment_11_frame_55.jpg,,"A man in a red plaid shirt holds a plate of small, square pastries in a kitchen.","A man in a red plaid shirt holds a plate of small, square pastries slightly lower and tilts his head down while looking at the plate.",The person lowers the plate slightly and tilts their head down while looking at it.,,missing,0,D:/Datasets/ImgEdit/Parquet/action_part1.parquet,jJcn-1bpZ9o_segment_11_frame_0,the man and the plate of pastries,the man and the plate of pastries with a lowered and tilted head,action,high,"The man's head and the plate are slightly lower and tilted, indicating a downward tilt of the head and the plate's position.",Qwen/Qwen3-VL-2B-Instruct,,imgedit_00000251_00,imgedit_00000251_00.png
imgedit_00000252_00,imgedit,action,zH0du4P3MLc_segment_9_frame_0.jpg,zH0du4P3MLc_segment_9_frame_55.jpg,,A woman in a kitchen holds a plate with a piece of yellow cake.,A woman in a kitchen holds a plate with a piece of yellow cake and raises her left hand in a pointing gesture.,The person raises their left hand and makes a pointing gesture.,,missing,0,D:/Datasets/ImgEdit/Parquet/action_part1.parquet,zH0du4P3MLc_segment_9_frame_0,person,person with raised left hand and pointing gesture,action,high,The person's left hand is raised and makes a pointing gesture.,Qwen/Qwen3-VL-2B-Instruct,,imgedit_00000252_00,imgedit_00000252_00.png
imgedit_00000253_00,imgedit,action,71LSBlyu-B4_segment_49_frame_0.jpg,71LSBlyu-B4_segment_49_frame_55.jpg,,A man in a black hoodie pours a red liquid from a bottle into a container in a workshop.,"A man in a black hoodie pours a red liquid from a bottle into a container in a workshop, causing a cloud of vapor to rise.",A person pours a substance that releases a cloud of vapor or smoke.,,missing,0,D:/Datasets/ImgEdit/Parquet/action_part1.parquet,71LSBlyu-B4_segment_49_frame_0,the red bottle,the red bottle with vapor,action,high,"The vapor is clearly visible in the second image, indicating the action of pouring has caused the release of smoke.",Qwen/Qwen3-VL-2B-Instruct,,imgedit_00000253_00,imgedit_00000253_00.png
imgedit_00000254_00,imgedit,action,X5ke_SQUc-E_segment_4_frame_0.jpg,X5ke_SQUc-E_segment_4_frame_52.jpg,,"A woman with curly hair is standing in a kitchen, facing a man with blonde hair wearing a denim jacket.","A woman with curly hair is standing in a kitchen, facing a man with blonde hair wearing a denim jacket, who has lowered his head slightly.",The person lowers their head slightly.,,missing,0,D:/Datasets/ImgEdit/Parquet/action_part1.parquet,X5ke_SQUc-E_segment_4_frame_0,the man,the man with lowered head,action,high,"The man's head is slightly lower in the target image, consistent with the instruction.",Qwen/Qwen3-VL-2B-Instruct,,imgedit_00000254_00,imgedit_00000254_00.png
imgedit_00000255_00,imgedit,action,Zb4w0Mt38W8_segment_24_frame_14.jpg,Zb4w0Mt38W8_segment_24_frame_69.jpg,,A man in a green shirt is working on a large woven basket in a factory.,A man in a green shirt raises his right arm as if throwing an object while working on a large woven basket in a factory.,The person raises their right arm as if throwing or swinging an object.,,missing,0,D:/Datasets/ImgEdit/Parquet/action_part1.parquet,Zb4w0Mt38W8_segment_24_frame_14,person,raising right arm,action,high,"The person's arm is raised in the target image, indicating a new action that is not present in the source image.",Qwen/Qwen3-VL-2B-Instruct,,imgedit_00000255_00,imgedit_00000255_00.png
imgedit_00000256_00,imgedit,action,aJhKZwuO_do_segment_6_frame_0.jpg,aJhKZwuO_do_segment_6_frame_55.jpg,,"A man is seated at a microscope in a laboratory, while a woman stands on a platform in an apple orchard.","A man is seated at a microscope in a laboratory, while a woman is walking in the apple orchard.","The woman changes from standing on a platform to walking, and the man remains seated at a microscope.",,missing,0,D:/Datasets/ImgEdit/Parquet/action_part1.parquet,aJhKZwuO_do_segment_6_frame_0,woman,walking,action,high,The woman's action changes from standing to walking. The man remains seated at the microscope.,Qwen/Qwen3-VL-2B-Instruct,,imgedit_00000256_00,imgedit_00000256_00.png
imgedit_00000257_00,imgedit,action,OSDOZjI4v7k_segment_34_frame_0.jpg,OSDOZjI4v7k_segment_34_frame_55.jpg,,"A man with short gray hair and a beard, wearing a white t-shirt with a camouflage graphic, is speaking in a room with shelves of electronics and colorful lighting.","A man with short gray hair and a beard, wearing a white t-shirt with a camouflage graphic, is speaking in a room with shelves of electronics and colorful lighting, with his right hand raised upward while his left hand remains at chest level.",The person moves their right hand upwards while their left hand remains at chest level.,,missing,0,D:/Datasets/ImgEdit/Parquet/action_part1.parquet,OSDOZjI4v7k_segment_34_frame_0,person,person with right hand raised upward,action,high,"The right hand is raised, while the left hand remains at chest level.",Qwen/Qwen3-VL-2B-Instruct,,imgedit_00000257_00,imgedit_00000257_00.png
imgedit_00000258_00,imgedit,action,HtHHXdRi76Y_segment_14_frame_78.jpg,HtHHXdRi76Y_segment_14_frame_133.jpg,,"A man with dark hair and a beard, wearing a dark blue robe, is sitting in front of a wall with two paintings, one of a knight and one of abstract cosmic patterns.","A man with dark hair and a beard, wearing a dark blue robe, is sitting in front of a wall with two paintings, one of a knight and one of abstract cosmic patterns, with his hand lowered from his face.",The person lowers their hand from their face.,,missing,0,D:/Datasets/ImgEdit/Parquet/action_part1.parquet,HtHHXdRi76Y_segment_14_frame_78,hand,lowered hand from face,action,high,"The hand is raised in the source image, but lowered in the target image. The edit is clear",Qwen/Qwen3-VL-2B-Instruct,,imgedit_00000258_00,imgedit_00000258_00.png
imgedit_00000259_00,imgedit,action,xWkjD7rB-BQ_segment_2_frame_0.jpg,xWkjD7rB-BQ_segment_2_frame_55.jpg,,"A woman in a white dress stands on a beach at sunset, smiling and looking down.","A woman in a white dress stands on a beach at sunset, looking down and turning her head to the left.",The woman turns her head to the left.,,missing,0,D:/Datasets/ImgEdit/Parquet/action_part1.parquet,xWkjD7rB-BQ_segment_2_frame_0,woman,woman turning her head to the left,action,high,"The woman's head position is changed from facing forward to angled to the left, consistent with the editing instruction.",Qwen/Qwen3-VL-2B-Instruct,,imgedit_00000259_00,imgedit_00000259_00.png
imgedit_00000260_00,imgedit,action,AbOuO-TS-sI_segment_48_frame_0.jpg,AbOuO-TS-sI_segment_48_frame_55.jpg,,"A man with blonde hair wearing a red sleeveless shirt sits in the aisle of an airplane, looking forward.","A man with blonde hair wearing a red sleeveless shirt sits in the aisle of an airplane, touching his face with his right hand in a thoughtful gesture.",A man holds his hand to his face in a thoughtful or frustrated gesture.,,missing,0,D:/Datasets/ImgEdit/Parquet/action_part1.parquet,AbOuO-TS-sI_segment_48_frame_0,man,man holding his hand to his face,action,high,"The man's hand is now placed on his face, indicating a change in his posture and expression.",Qwen/Qwen3-VL-2B-Instruct,,imgedit_00000260_00,imgedit_00000260_00.png
imgedit_00000261_00,imgedit,action,aOlDDm7uUW0_segment_4_frame_70.jpg,aOlDDm7uUW0_segment_4_frame_125.jpg,,A man in a suit sits at a wooden table with a screen displaying a red Formula 1 car.,"A man in a suit sits at a wooden table with a screen displaying a red Formula 1 car, but his tie is now slightly adjusted.",The person adjusts their tie.,,missing,0,D:/Datasets/ImgEdit/Parquet/action_part1.parquet,aOlDDm7uUW0_segment_4_frame_70,tie,slightly adjusted,adjust,high,"The man's tie is visibly altered in the target image, indicating a change in its appearance.",Qwen/Qwen3-VL-2B-Instruct,,imgedit_00000261_00,imgedit_00000261_00.png
imgedit_00000262_00,imgedit,action,unL5bEcugIg_segment_0_frame_0.jpg,unL5bEcugIg_segment_0_frame_55.jpg,,A man in a red and black suit with a helmet is looking to the left.,A man in a red and black suit with a helmet is looking forward.,The person turns their head from left to facing forward.,,missing,0,D:/Datasets/ImgEdit/Parquet/action_part1.parquet,unL5bEcugIg_segment_0_frame_0,person,person facing forward,action,high,The person's head has been turned from left to forward.,Qwen/Qwen3-VL-2B-Instruct,,imgedit_00000262_00,imgedit_00000262_00.png
imgedit_00000263_00,imgedit,action,cGski2drLg8_segment_3_frame_0.jpg,cGski2drLg8_segment_3_frame_55.jpg,,A man with dark hair and a light-colored shirt looks directly at the camera with a serious expression.,"A man with dark hair and a light-colored shirt turns his head slightly to the right, looking off-camera with a serious expression.",The person turns their head slightly to the right.,,missing,0,D:/Datasets/ImgEdit/Parquet/action_part1.parquet,cGski2drLg8_segment_3_frame_0,man,man turning his head slightly to the right,action,high,"The man's head position changes from facing forward to slightly turned to the right, indicating a subtle head movement.",Qwen/Qwen3-VL-2B-Instruct,,imgedit_00000263_00,imgedit_00000263_00.png
imgedit_00000264_00,imgedit,action,5T0tN2FWq18_segment_29_frame_8.jpg,5T0tN2FWq18_segment_29_frame_62.jpg,,"A man in a dark suit stands on a glowing teal floor with circular patterns, raising his right arm in the air amidst floating particles.","A man in a dark suit stands on a glowing teal floor with circular patterns, holding a cane in his right hand and lowering his raised arm.",The man lowers his raised arm and holds a cane.,,missing,0,D:/Datasets/ImgEdit/Parquet/action_part1.parquet,5T0tN2FWq18_segment_29_frame_8,man,man holding a cane,action,high,The man's raised arm is lowered and he now holds a cane in his right hand.,Qwen/Qwen3-VL-2B-Instruct,,imgedit_00000264_00,imgedit_00000264_00.png
imgedit_00000265_00,imgedit,action,RcZn5iD-z9s_segment_10_frame_0.jpg,RcZn5iD-z9s_segment_10_frame_55.jpg,,"A man with short dark hair and a beard wearing a maroon hoodie over a white t-shirt, looking to the left.","A man with short dark hair and a beard wearing a maroon hoodie over a white t-shirt, looking slightly more to the left.",The person slightly turns their head to the left.,,missing,0,D:/Datasets/ImgEdit/Parquet/action_part1.parquet,RcZn5iD-z9s_segment_10_frame_0,person,person slightly turned to the left,action,high,The person's head position is adjusted to be slightly more to the left.,Qwen/Qwen3-VL-2B-Instruct,,imgedit_00000265_00,imgedit_00000265_00.png
imgedit_00000266_00,imgedit,action,Wx6Vjrqu0Zo_segment_284_frame_30.jpg,Wx6Vjrqu0Zo_segment_284_frame_85.jpg,,"A young girl in a pink coat stands on snow, looking up at a large bear.",A young girl in a pink coat stands upright and reaches out with her hand towards the bear.,The girl stands upright and reaches out with her hand towards the bear.,,missing,0,D:/Datasets/ImgEdit/Parquet/action_part1.parquet,Wx6Vjrqu0Zo_segment_284_frame_30,girl,girl standing upright and reaching out with her hand,action,high,"The girl's posture changes from crouching to standing, and her hand is extended towards the bear. The bear remains stationary.",Qwen/Qwen3-VL-2B-Instruct,,imgedit_00000266_00,imgedit_00000266_00.png
imgedit_00000267_00,imgedit,action,ePffS0N_HZk_segment_10_frame_0.jpg,ePffS0N_HZk_segment_10_frame_55.jpg,,"A man in a suit is giving a presentation to a group of people, pointing at a screen displaying a diagram of the Earth and the Moon.","A man in a suit is giving a presentation to a group of people, pointing at a screen displaying a diagram of the Earth and the Moon, with the Moon now highlighted.",The man points at the moon on the screen.,,missing,0,D:/Datasets/ImgEdit/Parquet/action_part1.parquet,ePffS0N_HZk_segment_10_frame_0,man,man,action,high,"The edit involves the man's pointing action, which is consistent with the instruction to point at the Moon on the screen.",Qwen/Qwen3-VL-2B-Instruct,,imgedit_00000267_00,imgedit_00000267_00.png
imgedit_00000268_00,imgedit,action,ZWGq6TPeRPg_segment_13_frame_0.jpg,ZWGq6TPeRPg_segment_13_frame_55.jpg,,An older man with white hair and a red robe is speaking.,"An older man with white hair and a red robe is speaking, turning his head slightly to the right.",The person turns their head slightly to the right.,,missing,0,D:/Datasets/ImgEdit/Parquet/action_part1.parquet,ZWGq6TPeRPg_segment_13_frame_0,person,person turning his head slightly to the right,action,high,The person's head position has been changed to the right.,Qwen/Qwen3-VL-2B-Instruct,,imgedit_00000268_00,imgedit_00000268_00.png
imgedit_00000269_00,imgedit,action,c2mP13jMOMY_segment_9_frame_0.jpg,c2mP13jMOMY_segment_9_frame_50.jpg,,"A woman in a green shirt stands in a kitchen, facing the camera with her hands at her sides.","A woman in a green shirt stands in a kitchen, facing the camera with her hands crossed in front of her.",The woman moves her hands from a resting position to crossing them in front of her.,,missing,0,D:/Datasets/ImgEdit/Parquet/action_part1.parquet,c2mP13jMOMY_segment_9_frame_0,woman,woman with hands crossed in front of her,action,high,The woman's hands are changed from resting to crossed in front of her.,Qwen/Qwen3-VL-2B-Instruct,,imgedit_00000269_00,imgedit_00000269_00.png
imgedit_00000270_00,imgedit,action,cGDs0juW4gU_segment_11_frame_0.jpg,cGDs0juW4gU_segment_11_frame_55.jpg,,A man in a brown jacket and blue shirt stands outdoors in front of a blue car with 'Carbon Busters' written on the side.,"A man in a brown jacket and blue shirt stands outdoors in front of a blue car with 'Carbon Busters' written on the side, raising his right hand and gesturing while speaking.",The man raises his right hand and gestures while speaking.,,missing,0,D:/Datasets/ImgEdit/Parquet/action_part1.parquet,cGDs0juW4gU_segment_11_frame_0,man,man with raised right hand,action,high,"The man's right hand is raised and gesturing in the target image, which is consistent with the instruction. The edit is clear and the context remains the same.",Qwen/Qwen3-VL-2B-Instruct,,imgedit_00000270_00,imgedit_00000270_00.png
imgedit_00000271_00,imgedit,action,EChQWYAMwu0_segment_31_frame_0.jpg,EChQWYAMwu0_segment_31_frame_55.jpg,,A young boy wearing a grey rabbit hat and glasses is looking down.,A young boy wearing a grey rabbit hat and glasses is looking down and raising his right hand.,The person raises their right hand.,,missing,0,D:/Datasets/ImgEdit/Parquet/action_part1.parquet,EChQWYAMwu0_segment_31_frame_0,person,raising their right hand,action,high,"The person's right hand is raised in the target image, which is consistent with the instruction.",Qwen/Qwen3-VL-2B-Instruct,,imgedit_00000271_00,imgedit_00000271_00.png
imgedit_00000272_00,imgedit,action,ZloVQYczRVM_segment_37_frame_0.jpg,ZloVQYczRVM_segment_37_frame_48.jpg,,"A dark, armored figure with glowing orange sparks on their body stands in a dimly lit environment.","A dark, armored figure with glowing orange sparks on their body stands in a dimly lit environment, lowering their right hand from an extended position to their side.",The person lowers their right hand from an extended position to their side.,,missing,0,D:/Datasets/ImgEdit/Parquet/action_part1.parquet,ZloVQYczRVM_segment_37_frame_0,person,person with lowered right hand,action,high,"The person's right hand is in a lowered position, not extended, in the target image.",Qwen/Qwen3-VL-2B-Instruct,,imgedit_00000272_00,imgedit_00000272_00.png
imgedit_00000273_00,imgedit,action,9DQyw4xqGbQ_segment_25_frame_0.jpg,9DQyw4xqGbQ_segment_25_frame_55.jpg,,"A woman in a kitchen stands behind a counter with a tray of dough and bowls of sauce, gesturing with her hands.","A woman in a kitchen stands behind a counter with a tray of dough and bowls of sauce, with her hands brought closer together.","The woman changes the position of her hands, bringing them closer together.",,missing,0,D:/Datasets/ImgEdit/Parquet/action_part1.parquet,9DQyw4xqGbQ_segment_25_frame_0,woman's hands,hands brought closer together,action,high,The woman's hands are positioned closer together in the target image compared to the source image.,Qwen/Qwen3-VL-2B-Instruct,,imgedit_00000273_00,imgedit_00000273_00.png
imgedit_00000274_00,imgedit,action,gbyZ_wYwvk4_segment_32_frame_0.jpg,gbyZ_wYwvk4_segment_32_frame_54.jpg,,A man in a military uniform riding a bicycle with a rifle slung over his shoulder.,A man in a military uniform riding a bicycle with his right foot now resting on the pedal.,The position of the cyclist's right foot changes from being off the pedal to resting on the pedal.,,missing,0,D:/Datasets/ImgEdit/Parquet/action_part1.parquet,gbyZ_wYwvk4_segment_32_frame_0,cyclist's right foot,resting on the pedal,action,high,"The edit involves changing the cyclist's foot position from being off the pedal to resting on it, which is a clear action change.",Qwen/Qwen3-VL-2B-Instruct,,imgedit_00000274_00,imgedit_00000274_00.png
imgedit_00000275_00,imgedit,action,rAgPaiLgeE4_segment_39_frame_0.jpg,rAgPaiLgeE4_segment_39_frame_55.jpg,,"A man in a blue polo shirt stands against a black background, gesturing with his hands at chest level.","A man in a blue polo shirt stands against a black background, lowering his hands to waist level.",A man lowers his hands from chest level to waist level.,,missing,0,D:/Datasets/ImgEdit/Parquet/action_part1.parquet,rAgPaiLgeE4_segment_39_frame_0,man,man with lowered hands,action,high,"The man's hands are lowered from chest level to waist level, as indicated by the change in hand position.",Qwen/Qwen3-VL-2B-Instruct,,imgedit_00000275_00,imgedit_00000275_00.png
imgedit_00000276_00,imgedit,action,sOISqXb4wfk_segment_10_frame_0.jpg,sOISqXb4wfk_segment_10_frame_55.jpg,,"A man with short dark hair and a beard is shown in profile, wearing a black and white uniform, looking towards the right.","A man with short dark hair and a beard is shown in profile, wearing a black and white uniform, looking forward.",The person turns to face forward.,,missing,0,D:/Datasets/ImgEdit/Parquet/action_part1.parquet,sOISqXb4wfk_segment_10_frame_0,man,man,action,high,"The man's head is turned to the side in the source image, but in the target image, he is facing forward. The lighting and background remain consistent.",Qwen/Qwen3-VL-2B-Instruct,,imgedit_00000276_00,imgedit_00000276_00.png
imgedit_00000277_00,imgedit,action,upsn5-fGa0s_segment_24_frame_0.jpg,upsn5-fGa0s_segment_24_frame_55.jpg,,A cyclist wearing a red and black jersey is riding a bicycle on a training simulator.,A cyclist wearing a red and black jersey is pedaling a bicycle on a training simulator.,A cyclist pedals the bicycle.,,missing,0,D:/Datasets/ImgEdit/Parquet/action_part1.parquet,upsn5-fGa0s_segment_24_frame_0,cyclist,pedaling,action,high,The cyclist's action is changed from riding to pedaling.,Qwen/Qwen3-VL-2B-Instruct,,imgedit_00000277_00,imgedit_00000277_00.png
imgedit_00000278_00,imgedit,action,3PPQAUrqCrE_segment_34_frame_0.jpg,3PPQAUrqCrE_segment_34_frame_55.jpg,,"Two animated men stand in a grassy field under a clear blue sky, with the man on the left looking concerned and the man on the right smiling.","Two animated men stand in a grassy field under a clear blue sky, with the man on the left leaning forward and gesturing with his right hand while the man on the right smiles.",The man on the left leans forward and gestures with his right hand.,,missing,0,D:/Datasets/ImgEdit/Parquet/action_part1.parquet,3PPQAUrqCrE_segment_34_frame_0,man on the left,leaning forward and gesturing with his right hand,action,high,"The man on the left changes his posture from standing to leaning forward, and his right hand is now extended in a gesture. The",Qwen/Qwen3-VL-2B-Instruct,,imgedit_00000278_00,imgedit_00000278_00.png
imgedit_00000279_00,imgedit,action,_osBJ9C3ozY_segment_3_frame_4.jpg,_osBJ9C3ozY_segment_3_frame_59.jpg,,"A man in a blue shirt sits at a table with a transparent electronic device in front of him, gesturing with his right hand raised.","A man in a blue shirt sits at a table with a transparent electronic device in front of him, gesturing with both hands, his raised fingers now closer together.","The person adjusts their hand position, moving their raised fingers closer together.",,missing,0,D:/Datasets/ImgEdit/Parquet/action_part1.parquet,_osBJ9C3ozY_segment_3_frame_4,hand,both hands,action,high,"The hand position has been adjusted to show a more encompassing gesture with both hands, moving the raised fingers closer together.",Qwen/Qwen3-VL-2B-Instruct,,imgedit_00000279_00,imgedit_00000279_00.png
imgedit_00000280_00,imgedit,action,JRLd-McK0d0_segment_115_frame_0.jpg,JRLd-McK0d0_segment_115_frame_55.jpg,,"A man with short dark hair and a light stubble, wearing a green and black t-shirt, is looking slightly to his left with a neutral expression.","A man with short dark hair and a light stubble, wearing a green and black t-shirt, is looking slightly to his right with a neutral expression.",The man turns his head slightly to the right.,,missing,0,D:/Datasets/ImgEdit/Parquet/action_part1.parquet,JRLd-McK0d0_segment_115_frame_0,man,man turning his head slightly to the right,action,high,"The man's head position has been adjusted to the right, consistent with the editing instruction.",Qwen/Qwen3-VL-2B-Instruct,,imgedit_00000280_00,imgedit_00000280_00.png
imgedit_00000281_00,imgedit,action,2oA6sqQH9_I_segment_3_frame_0.jpg,2oA6sqQH9_I_segment_3_frame_55.jpg,,A woman with short orange hair and glasses stands in front of a red and black comic book background.,"A woman with short orange hair and glasses stands in front of a red and black comic book background, lowering her chin.",The subject lowers their chin.,,missing,0,D:/Datasets/ImgEdit/Parquet/action_part1.parquet,2oA6sqQH9_I_segment_3_frame_0,woman,woman with lowered chin,action,high,"The woman's chin is lowered in the target image, which is consistent with the instruction.",Qwen/Qwen3-VL-2B-Instruct,,imgedit_00000281_00,imgedit_00000281_00.png
imgedit_00000282_00,imgedit,action,Br5QOgfq7kk_segment_85_frame_0.jpg,Br5QOgfq7kk_segment_85_frame_55.jpg,,"A man with graying hair wearing a dark blue polo shirt with a red collar, looking intently forward with his mouth open.","A man with graying hair wearing a dark blue polo shirt with a red collar, looking upward with his mouth open.",The person slightly tilts their head upward.,,missing,0,D:/Datasets/ImgEdit/Parquet/action_part1.parquet,Br5QOgfq7kk_segment_85_frame_0,man,man with his head tilted upward,action,high,The man's head is slightly tilted upward in the edited image.,Qwen/Qwen3-VL-2B-Instruct,,imgedit_00000282_00,imgedit_00000282_00.png
imgedit_00000283_00,imgedit,action,fRmqjIdH1hA_segment_30_frame_0.jpg,fRmqjIdH1hA_segment_30_frame_55.jpg,,A man in a kitchen is stirring a bowl of salad with a spoon.,"A man in a kitchen is stirring a bowl of salad with a spoon, but his hand is now positioned lower.",The man shifts his stirring hand from a higher to a lower position.,,missing,0,D:/Datasets/ImgEdit/Parquet/action_part1.parquet,fRmqjIdH1hA_segment_30_frame_0,man,man with his hand lowered,action,high,"The man's hand is positioned lower, indicating a change in the stirring action.",Qwen/Qwen3-VL-2B-Instruct,,imgedit_00000283_00,imgedit_00000283_00.png
imgedit_00000284_00,imgedit,action,hOgToJXq3UM_segment_1_frame_0.jpg,hOgToJXq3UM_segment_1_frame_55.jpg,,A man with short blond hair wearing a grey hoodie sits in front of a colorful abstract mural.,"A man with short blond hair wearing a grey hoodie sits in front of a colorful abstract mural, but his head is slightly turned to his right.",The man shifts his head slightly to his right.,,missing,0,D:/Datasets/ImgEdit/Parquet/action_part1.parquet,hOgToJXq3UM_segment_1_frame_0,man,man with his head slightly turned to his right,action,high,The man's head position has been adjusted to the right.,Qwen/Qwen3-VL-2B-Instruct,,imgedit_00000284_00,imgedit_00000284_00.png
imgedit_00000285_00,imgedit,action,ET2KyUfaeCY_segment_4_frame_0.jpg,ET2KyUfaeCY_segment_4_frame_55.jpg,,"A man stands between two sports cars, gesturing with both arms outstretched.","A man stands between two sports cars, clasping his hands in front of him.",The man lowers his arms and clasps his hands in front of him.,,missing,0,D:/Datasets/ImgEdit/Parquet/action_part1.parquet,ET2KyUfaeCY_segment_4_frame_0,man,man with clasped hands,action,high,"The man's arms are lowered and his hands are clasped in front of him, consistent with the editing instruction.",Qwen/Qwen3-VL-2B-Instruct,,imgedit_00000285_00,imgedit_00000285_00.png
imgedit_00000286_00,imgedit,action,-_of2OsZ0E8_segment_4_frame_0.jpg,-_of2OsZ0E8_segment_4_frame_55.jpg,,"A woman with long blonde hair wearing a light pink tank top stands against a black background with white stars, holding up a peace sign with her right hand.","A woman with long blonde hair wearing a light pink tank top stands against a black background with white stars, touching or brushing her hair with her right hand.",The woman changes from holding up a peace sign with her right hand to touching or brushing her hair with her right hand.,,missing,0,D:/Datasets/ImgEdit/Parquet/action_part1.parquet,-_of2OsZ0E8_segment_4_frame_0,woman,touching or brushing her hair,action,high,The woman's right hand changes from holding a peace sign to touching her hair.,Qwen/Qwen3-VL-2B-Instruct,,imgedit_00000286_00,imgedit_00000286_00.png
imgedit_00000287_00,imgedit,action,6JeIbOgHfFc_segment_8_frame_0.jpg,6JeIbOgHfFc_segment_8_frame_55.jpg,,"A skateboarder is in mid-air, performing a trick on a ramp at a skate park.",A skateboarder has fallen and is standing next to the fallen skateboards on the ground.,The person stands next to the skateboards after falling off from them.,,missing,0,D:/Datasets/ImgEdit/Parquet/action_part1.parquet,6JeIbOgHfFc_segment_8_frame_0,the person,the person standing next to the skateboards,action,high,The person's position has changed from being in mid-air to standing on the ground next to the fallen skateboards.,Qwen/Qwen3-VL-2B-Instruct,,imgedit_00000287_00,imgedit_00000287_00.png
imgedit_00000288_00,imgedit,action,lPl_OMWuKD4_segment_7_frame_0.jpg,lPl_OMWuKD4_segment_7_frame_55.jpg,,"A woman with long blonde hair and purple lipstick is wearing a blue top, raising her right hand in front of her body.","A woman with long blonde hair and purple lipstick is wearing a blue top, lowering her raised right hand to her side.",The woman lowers her raised right hand to her side.,,missing,0,D:/Datasets/ImgEdit/Parquet/action_part1.parquet,lPl_OMWuKD4_segment_7_frame_0,right hand,lowered right hand,action,high,"The right hand is raised in the source image and lowered in the target image, consistent with the instruction.",Qwen/Qwen3-VL-2B-Instruct,,imgedit_00000288_00,imgedit_00000288_00.png
imgedit_00000289_00,imgedit,action,unWnZvXJH2o_segment_5_frame_36.jpg,unWnZvXJH2o_segment_5_frame_91.jpg,,"A man with glasses sits in a black chair, holding a corgi dog on his lap.","A man with glasses sits in a black chair, holding a corgi dog on his lap, and then releases it to sit on his legs.","A person releases the dog from their lap, allowing it to sit independently on their legs.",,missing,0,D:/Datasets/ImgEdit/Parquet/action_part1.parquet,unWnZvXJH2o_segment_5_frame_36,dog,dog on his legs,action,high,The dog is released from the man's lap and sits independently on his legs. The man's hand is no longer on the dog's head.,Qwen/Qwen3-VL-2B-Instruct,,imgedit_00000289_00,imgedit_00000289_00.png
imgedit_00000290_00,imgedit,action,_0ccfGEpIwY_segment_14_frame_14.jpg,_0ccfGEpIwY_segment_14_frame_69.jpg,,A man in a black t-shirt is playing a black electric guitar with a white pickguard in a dimly lit room.,"A man in a black t-shirt is playing a black electric guitar with a white pickguard in a dimly lit room, but his left hand has shifted slightly along the neck.",The person shifts their left hand position slightly along the guitar neck while continuing to play.,,missing,0,D:/Datasets/ImgEdit/Parquet/action_part1.parquet,_0ccfGEpIwY_segment_14_frame_14,left hand,left hand shifted slightly along the guitar neck,action,high,The left hand position on the guitar neck has been adjusted slightly to reflect the action described.,Qwen/Qwen3-VL-2B-Instruct,,imgedit_00000290_00,imgedit_00000290_00.png
imgedit_00000291_00,imgedit,action,sKCc6F4c-RY_segment_5_frame_28.jpg,sKCc6F4c-RY_segment_5_frame_80.jpg,,"A man in a dark shirt sits in a chair in front of a computer setup, gesturing with his right hand raised, with a TV showing an anime character on the left.","A man in a dark shirt sits in a chair in front of a computer setup, resting his head on his right hand, with a TV showing an anime character on the left.",The person changes from gesturing with a raised hand to resting their head on their hand.,,missing,0,D:/Datasets/ImgEdit/Parquet/action_part1.parquet,sKCc6F4c-RY_segment_5_frame_28,person,resting his head on his hand,action,high,The person's hand gesture changes from raised to resting on the head.,Qwen/Qwen3-VL-2B-Instruct,,imgedit_00000291_00,imgedit_00000291_00.png
imgedit_00000292_00,imgedit,action,KhWtgNMC01k_segment_43_frame_0.jpg,KhWtgNMC01k_segment_43_frame_55.jpg,,"A woman with dark hair and black lipstick stands in a clothing store, wearing a black outfit with a feathered hat.","A woman with dark hair and black lipstick turns her head slightly to the right, still wearing a black outfit with a feathered hat.",The person slightly turns their head to the right.,,missing,0,D:/Datasets/ImgEdit/Parquet/action_part1.parquet,KhWtgNMC01k_segment_43_frame_0,person,person slightly turns their head to the right,action,high,"The person's head position is changed from facing forward to slightly turned right, while the rest of the scene remains consistent.",Qwen/Qwen3-VL-2B-Instruct,,imgedit_00000292_00,imgedit_00000292_00.png
imgedit_00000293_00,imgedit,action,ePSM2Dp7O6k_segment_46_frame_0.jpg,ePSM2Dp7O6k_segment_46_frame_55.jpg,,"A young woman in a brown coat and cap stands in a lush, green forest, holding a small object near her chest.","A young woman in a brown coat and cap stands in a lush, green forest, extending her hand outward with her fingers pointing.",The person moves their hand from holding something near their chest to extending outward with fingers pointing.,,missing,0,D:/Datasets/ImgEdit/Parquet/action_part1.parquet,ePSM2Dp7O6k_segment_46_frame_0,hand,outstretched hand with fingers pointing,action,high,"The hand is moved from a near-chest position to an outward, pointing gesture.",Qwen/Qwen3-VL-2B-Instruct,,imgedit_00000293_00,imgedit_00000293_00.png
imgedit_00000294_00,imgedit,action,R1CCclQJn7Q_segment_25_frame_0.jpg,R1CCclQJn7Q_segment_25_frame_55.jpg,,A man in a plaid shirt is playing a blue electric guitar in a music studio.,"A man in a plaid shirt is playing a blue electric guitar in a music studio, adjusting his left hand position on the guitar neck and his right hand position on the guitar body.","The person changes their left hand position on the guitar neck and their right hand position on the guitar body, adjusting their playing pose.",,missing,0,D:/Datasets/ImgEdit/Parquet/action_part1.parquet,R1CCclQJn7Q_segment_25_frame_0,person,person with adjusted playing pose,action,high,"The person's left hand is positioned higher on the neck and the right hand is positioned differently on the body, indicating a change in playing technique.",Qwen/Qwen3-VL-2B-Instruct,,imgedit_00000294_00,imgedit_00000294_00.png
imgedit_00000295_00,imgedit,action,SQ3EmfZH968_segment_14_frame_72.jpg,SQ3EmfZH968_segment_14_frame_126.jpg,,"A man and a woman are standing on a snowy shore, looking out at the Toronto skyline.","A man leans forward to kiss the woman on the cheek as they stand on a snowy shore, looking out at the Toronto skyline.",The man leans forward to kiss the woman.,,missing,0,D:/Datasets/ImgEdit/Parquet/action_part1.parquet,SQ3EmfZH968_segment_14_frame_72,man,man leaning forward to kiss the woman,action,high,"The man's posture changes from standing to leaning forward, and he is now kissing the woman's cheek. The woman remains in the same position, and the background remains unchanged.",Qwen/Qwen3-VL-2B-Instruct,,imgedit_00000295_00,imgedit_00000295_00.png
imgedit_00000296_00,imgedit,action,c2Dpn_ByVhE_segment_13_frame_0.jpg,c2Dpn_ByVhE_segment_13_frame_55.jpg,,A man in a black shirt and red apron holds a black bicycle frame.,A man in a black shirt and red apron raises his right hand to grip the handlebars of a black bicycle frame.,The person raises their right hand to grip the bike's handlebars.,,missing,0,D:/Datasets/ImgEdit/Parquet/action_part1.parquet,c2Dpn_ByVhE_segment_13_frame_0,the person's right hand,gripping the handlebars,action,high,"The person's hand is now gripping the handlebars, which was not the case in the source image.",Qwen/Qwen3-VL-2B-Instruct,,imgedit_00000296_00,imgedit_00000296_00.png
imgedit_00000297_00,imgedit,action,5Sr207am25Y_segment_33_frame_31.jpg,5Sr207am25Y_segment_33_frame_84.jpg,,"A person holds a smartphone with the camera app open, capturing a still life of a potted plant, a red book, and a pair of glasses on a white table.","A person holds a smartphone with the camera app open, capturing a still life of a potted plant, a red book, and a pair of glasses on a white table, with the shutter button pressed.",A person presses the shutter button on a smartphone camera.,,missing,0,D:/Datasets/ImgEdit/Parquet/action_part1.parquet,5Sr207am25Y_segment_33_frame_31,the shutter button on a smartphone camera,the shutter button on a smartphone camera is pressed,action,high,"The key difference is the shutter button being pressed, which is visible on the phone",Qwen/Qwen3-VL-2B-Instruct,,imgedit_00000297_00,imgedit_00000297_00.png
imgedit_00000298_00,imgedit,action,gcQ6IxmfUE4_segment_1_frame_0.jpg,gcQ6IxmfUE4_segment_1_frame_55.jpg,,A man in a suit turns his head to the side.,A man in a suit turns his head to face forward.,The man turns his head to face forward.,,missing,0,D:/Datasets/ImgEdit/Parquet/action_part1.parquet,gcQ6IxmfUE4_segment_1_frame_0,man,man,action,high,The man's head position changes from angled to facing forward.,Qwen/Qwen3-VL-2B-Instruct,,imgedit_00000298_00,imgedit_00000298_00.png
imgedit_00000299_00,imgedit,action,_oipgYb4FFI_segment_94_frame_0.jpg,_oipgYb4FFI_segment_94_frame_55.jpg,,A large brown bear stands next to a young girl crouching in a lush green forest.,A large brown bear raises its paw to its face while the young girl crouches in a lush green forest.,The bear raises its paw to its face while the other character remains in the same crouching position.,,missing,0,D:/Datasets/ImgEdit/Parquet/action_part1.parquet,_oipgYb4FFI_segment_94_frame_0,bear,raising its paw to its face,action,high,"The bear's paw is raised to its face, while the girl remains in the same crouching position.",Qwen/Qwen3-VL-2B-Instruct,,imgedit_00000299_00,imgedit_00000299_00.png
imgedit_00000300_00,imgedit,action,4vTuHAxGpC0_segment_15_frame_12.jpg,4vTuHAxGpC0_segment_15_frame_67.jpg,,A woman with long brown hair and pink earrings is eating a strawberry with a fork in her hand.,A woman with long brown hair and pink earrings is lowering the fork and holding it near her face as she eats a strawberry.,The person lowers the fork and holds it near their face.,,missing,0,D:/Datasets/ImgEdit/Parquet/action_part1.parquet,4vTuHAxGpC0_segment_15_frame_12,fork,holding near her face,action,high,"The fork is lowered from the act of eating to a near-face position, indicating a change in the person's action.",Qwen/Qwen3-VL-2B-Instruct,,imgedit_00000300_00,imgedit_00000300_00.png
imgedit_00000301_00,imgedit,action,cGtpr8N8Xbc_segment_7_frame_0.jpg,cGtpr8N8Xbc_segment_7_frame_50.jpg,,A woman with purple glasses and a green jacket is reading a red book outdoors.,"A woman with purple glasses and a green jacket is reading a red book, with the book's pages slightly tilted upward.",The person adjusts the angle of the book slightly upward.,,missing,0,D:/Datasets/ImgEdit/Parquet/action_part1.parquet,cGtpr8N8Xbc_segment_7_frame_0,book,book with adjusted angle,action,high,The book is slightly tilted upward in the target image.,Qwen/Qwen3-VL-2B-Instruct,,imgedit_00000301_00,imgedit_00000301_00.png
imgedit_00000302_00,imgedit,action,70d9naW2uRM_segment_46_frame_0.jpg,70d9naW2uRM_segment_46_frame_55.jpg,,"A woman in a red shirt stands in a kitchen, smiling at the camera with her hands clasped on the counter.","A woman in a red shirt stands in a kitchen, looking down at the counter with her hands slightly lowered and loose.","The woman lowers her hands slightly, loosening their clasp.",,missing,0,D:/Datasets/ImgEdit/Parquet/action_part1.parquet,70d9naW2uRM_segment_46_frame_0,woman's hands,woman's hands slightly lowered and loose,action,high,"The woman's hands are adjusted from being clasped to being slightly loose, with her hands resting on the counter. The edit is focused on the hands and their position.",Qwen/Qwen3-VL-2B-Instruct,,imgedit_00000302_00,imgedit_00000302_00.png
imgedit_00000303_00,imgedit,action,X6UBli1tLtU_segment_4_frame_2.jpg,X6UBli1tLtU_segment_4_frame_57.jpg,,A woman with blonde hair wearing a yellow jacket stands in front of a modern building.,"A woman with blonde hair wearing a yellow jacket turns her head slightly to the right, standing in front of a modern building.",The woman turns her head slightly to the right.,,missing,0,D:/Datasets/ImgEdit/Parquet/action_part1.parquet,X6UBli1tLtU_segment_4_frame_2,woman,woman turns her head slightly to the right,action,high,The woman's head position changes from facing forward to slightly turned to the right.,Qwen/Qwen3-VL-2B-Instruct,,imgedit_00000303_00,imgedit_00000303_00.png
imgedit_00000304_00,imgedit,action,HtO5rsxBXpE_segment_59_frame_0.jpg,HtO5rsxBXpE_segment_59_frame_52.jpg,,"A woman with long blonde hair stands in a room with pink lighting, wearing a striped sweater, in front of a computer setup that includes an open PC case and a laptop.","A woman with long blonde hair stands in a room with pink lighting, wearing a striped sweater, clasping her hands together in front of her chest.",A woman clasps her hands together in front of her chest.,,missing,0,D:/Datasets/ImgEdit/Parquet/action_part1.parquet,HtO5rsxBXpE_segment_59_frame_0,woman,clasping her hands together,action,high,"The woman's hands are in a clasp position in the target image, which is consistent with the instruction. The scene context remains unchanged.",Qwen/Qwen3-VL-2B-Instruct,,imgedit_00000304_00,imgedit_00000304_00.png
imgedit_00000305_00,imgedit,action,MhP4_T80-58_segment_26_frame_0.jpg,MhP4_T80-58_segment_26_frame_55.jpg,,"A woman with short brown hair and tattoos on her arms stands in a kitchen, holding a blue piping bag and preparing to decorate cupcakes.","A woman with short brown hair and tattoos on her arms stands in a kitchen, using both hands to arrange cupcakes on the table, with the blue piping bag lowered and placed on the counter.",The person lowers the piping bag and uses both hands to arrange cupcakes on the table.,,missing,0,D:/Datasets/ImgEdit/Parquet/action_part1.parquet,MhP4_T80-58_segment_26_frame_0,piping bag,piping bag,action,high,"The person's hands are now actively arranging the cupcakes on the table, indicating a change in the state of the piping bag and the person's action.",Qwen/Qwen3-VL-2B-Instruct,,imgedit_00000305_00,imgedit_00000305_00.png
imgedit_00000306_00,imgedit,action,aTbiFQa3WfY_segment_0_frame_18.jpg,aTbiFQa3WfY_segment_0_frame_73.jpg,,"A man in a black leather jacket sits in a blue armchair, holding a smartphone and speaking.","A man in a black leather jacket sits in a blue armchair, holding a smartphone and waving with his right hand.",A man raises his right hand in a waving gesture.,,missing,0,D:/Datasets/ImgEdit/Parquet/action_part1.parquet,aTbiFQa3WfY_segment_0_frame_18,man,man waving,action,high,"The man's right hand is raised in a waving gesture, which is the specified edit.",Qwen/Qwen3-VL-2B-Instruct,,imgedit_00000306_00,imgedit_00000306_00.png
imgedit_00000307_00,imgedit,action,lPLGenLcSdA_segment_263_frame_0.jpg,lPLGenLcSdA_segment_263_frame_55.jpg,,"A man with dark hair and a backpack looks at a woman with her back to the camera, her hand touching her face.","A man with dark hair and a backpack looks at a woman with her back to the camera, his hand gently touching her face.",A man slightly shifts his hand on the woman's face.,,missing,0,D:/Datasets/ImgEdit/Parquet/action_part1.parquet,lPLGenLcSdA_segment_263_frame_0,man's hand,man's hand slightly shifted on the woman's face,action,high,"The man's hand is positioned more centrally on the woman's face in the target image, indicating a slight shift in the action compared to the source.",Qwen/Qwen3-VL-2B-Instruct,,imgedit_00000307_00,imgedit_00000307_00.png
imgedit_00000308_00,imgedit,action,unS_u_G8NAE_segment_1_frame_0.jpg,unS_u_G8NAE_segment_1_frame_50.jpg,,A woman with blonde hair wearing a light blue zip-up sweater stands in a room with a large window showing a cityscape.,"A woman with blonde hair wearing a light blue zip-up sweater stands in a room with a large window showing a cityscape, crossing her arms.",The woman crosses both arms.,,missing,0,D:/Datasets/ImgEdit/Parquet/action_part1.parquet,unS_u_G8NAE_segment_1_frame_0,woman,crossing arms,action,high,"The woman's arms are crossed in the target image, which is a direct result of the instruction to cross them.",Qwen/Qwen3-VL-2B-Instruct,,imgedit_00000308_00,imgedit_00000308_00.png
imgedit_00000309_00,imgedit,action,KDG-pHtNtlI_segment_19_frame_18.jpg,KDG-pHtNtlI_segment_19_frame_73.jpg,,"A man in a red and white striped shirt stands in front of a wooden wall, gesturing with his hands.",A man in a red and white striped shirt holds a phone in his right hand and gestures with his left hand.,The man lowers his left hand and holds a phone in his right hand.,,missing,0,D:/Datasets/ImgEdit/Parquet/action_part1.parquet,KDG-pHtNtlI_segment_19_frame_18,man,man holding a phone,action,high,The man's left hand is lowered and the phone is held in his right hand.,Qwen/Qwen3-VL-2B-Instruct,,imgedit_00000309_00,imgedit_00000309_00.png
imgedit_00000310_00,imgedit,action,JQlM_8kLG_4_segment_14_frame_0.jpg,JQlM_8kLG_4_segment_14_frame_55.jpg,,"A man in profile stands on a rocky coast, looking out at the ocean.","A man in profile stands on a rocky coast, looking out at the ocean and slightly tilting his head downward.",The person slightly tilts their head downward.,,missing,0,D:/Datasets/ImgEdit/Parquet/action_part1.parquet,JQlM_8kLG_4_segment_14_frame_0,man,man slightly tilting his head downward,action,high,The man's head position is adjusted to match the instruction.,Qwen/Qwen3-VL-2B-Instruct,,imgedit_00000310_00,imgedit_00000310_00.png
imgedit_00000311_00,imgedit,action,AZ0UZZ61_4Q_segment_97_frame_38.jpg,AZ0UZZ61_4Q_segment_97_frame_93.jpg,,"A man in a red cap sits at a table with a mannequin head on a stand, holding it with his left hand.","A man in a red cap sits at a table with a mannequin head on a stand, gesturing with both hands.",The person releases the mannequin head from their hand and gestures with both hands.,,missing,0,D:/Datasets/ImgEdit/Parquet/action_part1.parquet,AZ0UZZ61_4Q_segment_97_frame_38,mannequin head,mannequin head with both hands,action,high,The mannequin head is released from the man's hand and the man gestures with both hands.,Qwen/Qwen3-VL-2B-Instruct,,imgedit_00000311_00,imgedit_00000311_00.png
imgedit_00000312_00,imgedit,action,ylcdPXXwdPM_segment_2_frame_0.jpg,ylcdPXXwdPM_segment_2_frame_55.jpg,,A woman with blonde hair and a black vest is sitting on a red couch.,A woman with blonde hair and a black vest is sitting on a red couch and gesturing with her right hand.,The woman gestures with her right hand while speaking.,,missing,0,D:/Datasets/ImgEdit/Parquet/action_part1.parquet,ylcdPXXwdPM_segment_2_frame_0,woman,woman with her right hand raised in a gesture.,action,high,"The woman's right hand is now raised, indicating a gesture during speech.",Qwen/Qwen3-VL-2B-Instruct,,imgedit_00000312_00,imgedit_00000312_00.png
imgedit_00000313_00,imgedit,action,g2TYNGFFQ3I_segment_26_frame_0.jpg,g2TYNGFFQ3I_segment_26_frame_55.jpg,,"A man in a red suit and white collar with a clown face paint, standing in a dimly lit room with a mirror and a light fixture behind him.","A man in a red suit and white collar with a clown face paint, standing in a dimly lit room with a mirror and a light fixture behind him, tilting his head upward.",The person slightly tilts their head upward.,,missing,0,D:/Datasets/ImgEdit/Parquet/action_part1.parquet,g2TYNGFFQ3I_segment_26_frame_0,the person,the person slightly tilting their head upward,action,high,The person's head position is adjusted to match the instruction.,Qwen/Qwen3-VL-2B-Instruct,,imgedit_00000313_00,imgedit_00000313_00.png
imgedit_00000314_00,imgedit,action,eOnLKxptQJE_segment_1_frame_22.jpg,eOnLKxptQJE_segment_1_frame_77.jpg,,A man with short brown hair wearing a dark blue polo shirt is playing a keyboard with both hands against a plain white background.,A man with short brown hair wearing a dark blue polo shirt is playing a keyboard with his right hand while his left hand rests on the keyboard in a resting position against a plain white background.,The man moves his left hand from playing a note to a resting position while continuing to play with his right hand.,,missing,0,D:/Datasets/ImgEdit/Parquet/action_part1.parquet,eOnLKxptQJE_segment_1_frame_22,man's hands,man's hands resting on the keyboard,action,high,"The edit changes the position of the man's left hand from playing to resting, while his right hand continues to play.",Qwen/Qwen3-VL-2B-Instruct,,imgedit_00000314_00,imgedit_00000314_00.png
imgedit_00000315_00,imgedit,action,ESyQdCSK1EU_segment_12_frame_0.jpg,ESyQdCSK1EU_segment_12_frame_55.jpg,,A woman with red hair wearing a green chef's jacket is stirring spaghetti in a pot on a stove in a modern kitchen.,A woman with red hair wearing a green chef's jacket is stirring spaghetti in a pot on a stove in a modern kitchen with a more pronounced downward motion.,The person stirs the contents of the pot with a more pronounced downward motion.,,missing,0,D:/Datasets/ImgEdit/Parquet/action_part1.parquet,ESyQdCSK1EU_segment_12_frame_0,person,person,action,high,The person's stirring motion is enhanced in the target image.,Qwen/Qwen3-VL-2B-Instruct,,imgedit_00000315_00,imgedit_00000315_00.png
imgedit_00000316_00,imgedit,action,RcZiobmVroo_segment_70_frame_0.jpg,RcZiobmVroo_segment_70_frame_55.jpg,,A young girl stands in front of a wooden fence with wild green plants growing around her.,A young girl stands straighter in front of a wooden fence with wild green plants growing around her.,The person straightens their posture.,,missing,0,D:/Datasets/ImgEdit/Parquet/action_part1.parquet,RcZiobmVroo_segment_70_frame_0,person,person,action,high,The person's posture is straightened in the edited image.,Qwen/Qwen3-VL-2B-Instruct,,imgedit_00000316_00,imgedit_00000316_00.png
imgedit_00000317_00,imgedit,action,3VWIDorlKe8_segment_47_frame_0.jpg,3VWIDorlKe8_segment_47_frame_55.jpg,,"A man with a beard sits on a blue couch with two wrapped gifts, one on each side, and a laptop on the table in front of him.","A man with a beard sits on a blue couch with two wrapped gifts, one on each side, and a laptop on the table in front of him, turning his head to the side and gesturing with his hands lowered and palms facing upward.",The man turns his head to the side and gestures with his hands lowered and palms facing upward.,,missing,0,D:/Datasets/ImgEdit/Parquet/action_part1.parquet,3VWIDorlKe8_segment_47_frame_0,man,man turning his head to the side and gesturing with his hands lowered and palms facing upward,action,high,The man's head position and hand gestures have,Qwen/Qwen3-VL-2B-Instruct,,imgedit_00000317_00,imgedit_00000317_00.png
imgedit_00000318_00,imgedit,action,c2zkPetdSqI_segment_4_frame_0.jpg,c2zkPetdSqI_segment_4_frame_55.jpg,,A woman with dark hair wearing a white top with a butterfly design stands in front of a wooden wall with a black shelf holding various decorative items.,"A woman with dark hair wearing a white top with a butterfly design stands in front of a wooden wall with a black shelf holding various decorative items, holding a yellow potato in her hands.",The woman moves her hands to hold and peel a potato.,,missing,0,D:/Datasets/ImgEdit/Parquet/action_part1.parquet,c2zkPetdSqI_segment_4_frame_0,woman,woman holding a potato,action,high,"The woman's hands are now holding a potato, and she is in the process of peeling it.",Qwen/Qwen3-VL-2B-Instruct,,imgedit_00000318_00,imgedit_00000318_00.png
imgedit_00000319_00,imgedit,action,lPl_OMWuKD4_segment_23_frame_2.jpg,lPl_OMWuKD4_segment_23_frame_57.jpg,,A woman with long dark hair wearing a maroon top and a silver necklace stands against a black background.,"A woman with long dark hair wearing a maroon top and a silver necklace stands against a black background, lowering her head slightly.",The person lowers their head slightly.,,missing,0,D:/Datasets/ImgEdit/Parquet/action_part1.parquet,lPl_OMWuKD4_segment_23_frame_2,person,person with lowered head,action,high,The person's head is slightly lower in the target image compared to the source image.,Qwen/Qwen3-VL-2B-Instruct,,imgedit_00000319_00,imgedit_00000319_00.png
imgedit_00000320_00,imgedit,action,rA7BGXCpsfs_segment_12_frame_10.jpg,rA7BGXCpsfs_segment_12_frame_65.jpg,,"A man in a dark jacket sits in the driver's seat of a car at night, holding a microphone.","A man in a dark jacket sits in the driver's seat of a car at night, holding a microphone and moving it closer to his mouth.",The person moves the microphone closer to their mouth.,,missing,0,D:/Datasets/ImgEdit/Parquet/action_part1.parquet,rA7BGXCpsfs_segment_12_frame_10,microphone,microphone closer to mouth,action,high,"The microphone's position is adjusted to be closer to the man's mouth, changing the angle of the microphone in the frame.",Qwen/Qwen3-VL-2B-Instruct,,imgedit_00000320_00,imgedit_00000320_00.png
imgedit_00000321_00,imgedit,action,aTHIMY4fC5Y_segment_1_frame_0.jpg,aTHIMY4fC5Y_segment_1_frame_55.jpg,,A woman with short black hair wearing a grey tank top and a red necklace is standing in a kitchen.,"A woman with short black hair wearing a grey tank top and a red necklace is standing in a kitchen, lowering her head slightly.",The person lowers their head slightly.,,missing,0,D:/Datasets/ImgEdit/Parquet/action_part1.parquet,aTHIMY4fC5Y_segment_1_frame_0,person,person lowering their head slightly,action,high,The person's head is lowered in the target image compared to the source image.,Qwen/Qwen3-VL-2B-Instruct,,imgedit_00000321_00,imgedit_00000321_00.png
imgedit_00000322_00,imgedit,action,Rchvfl9H3Qk_segment_241_frame_44.jpg,Rchvfl9H3Qk_segment_241_frame_99.jpg,,"A woman in a yellow hat and orange dress sits on a bench with a small blue cat, while another woman in a blue dress stands beside her.","A woman in a blue dress sits on a bench facing the other woman directly, while the woman in the yellow hat and orange dress stands beside her.",A woman turns to sit on the bench facing the other woman directly.,,missing,0,D:/Datasets/ImgEdit/Parquet/action_part1.parquet,Rchvfl9H3Qk_segment_241_frame_44,woman in blue dress,sits on the bench facing the other woman directly,action,high,"The woman in the blue dress changes her posture from standing to sitting on the bench, facing the other woman directly.",Qwen/Qwen3-VL-2B-Instruct,,imgedit_00000322_00,imgedit_00000322_00.png
imgedit_00000323_00,imgedit,action,AYzb_AZAwF0_segment_28_frame_10.jpg,AYzb_AZAwF0_segment_28_frame_65.jpg,,"A man in a green sweatshirt is kneeling in a garden next to a black bucket, with a plastic greenhouse in the background.","A man in a green sweatshirt is kneeling in a garden next to a black bucket, with his right hand resting on his knee, and a plastic greenhouse in the background.",The man lowers his right hand from a gesturing position to resting on his knee.,,missing,0,D:/Datasets/ImgEdit/Parquet/action_part1.parquet,AYzb_AZAwF0_segment_28_frame_10,man,man with his right hand resting on his knee,action,high,"The man's right hand is in a gesturing position in the source image, but is lowered and resting on his knee in the target image. This is a clear change in the man",Qwen/Qwen3-VL-2B-Instruct,,imgedit_00000323_00,imgedit_00000323_00.png
imgedit_00000324_00,imgedit,action,xOU_CL4R87g_segment_0_frame_0.jpg,xOU_CL4R87g_segment_0_frame_55.jpg,,"A man with glasses stands in a workshop, gesturing with his hands on a wooden table.","A man with glasses stands in a workshop, gesturing with his hands closer together and more tightly clasped.","The person moves their hands slightly closer together and adjusts their fingers, changing from a more open hand position to a partially closed hand gesture.",,missing,0,D:/Datasets/ImgEdit/Parquet/action_part1.parquet,xOU_CL4R87g_segment_0_frame_0,hands,partially closed hand gesture,action,high,"The hands are adjusted to a more closed position, indicating a change in gesture.",Qwen/Qwen3-VL-2B-Instruct,,imgedit_00000324_00,imgedit_00000324_00.png
imgedit_00000325_00,imgedit,action,X5i-u42hA50_segment_4_frame_0.jpg,X5i-u42hA50_segment_4_frame_55.jpg,,A woman with blonde hair and red lipstick is speaking on a talk show set with a Christmas tree in the background.,"A woman with blonde hair and red lipstick is speaking on a talk show set with a Christmas tree in the background, lowering her hands slightly and adjusting her shoulders to reveal more of her left shoulder.","The person lowers their hands slightly and adjusts their shoulders, revealing more of the left shoulder.",,missing,0,D:/Datasets/ImgEdit/Parquet/action_part1.parquet,X5i-u42hA50_segment_4_frame_0,person,person with adjusted shoulders,action,high,The person's hands are lowered and her shoulders are slightly adjusted in the edited image.,Qwen/Qwen3-VL-2B-Instruct,,imgedit_00000325_00,imgedit_00000325_00.png
imgedit_00000326_00,imgedit,action,aKNXMKMJ3F0_segment_88_frame_0.jpg,aKNXMKMJ3F0_segment_88_frame_50.jpg,,"A colorful parade float with a blue helicopter and a red truck, driven by a character with glasses, is moving down a street lined with cartoon animals.","A colorful parade float with a blue helicopter and a red truck, driven by a character with glasses, is moving down a street lined with cartoon animals, with a rabbit holding a red joystick in the background.","""A rabbit holds a red joystick.""",,missing,0,D:/Datasets/ImgEdit/Parquet/action_part1.parquet,aKNXMKMJ3F0_segment_88_frame_0,a rabbit holding a red joystick,a rabbit holding a red joystick,action,high,"The rabbit is now holding a red joystick, which is not visible in the original image. This change is consistent with the instruction",Qwen/Qwen3-VL-2B-Instruct,,imgedit_00000326_00,imgedit_00000326_00.png
imgedit_00000327_00,imgedit,action,KguLrvJj8gM_segment_1_frame_0.jpg,KguLrvJj8gM_segment_1_frame_55.jpg,,A woman with blonde hair wearing a dark red dress is sitting in a news studio.,A woman with blonde hair wearing a dark red dress is sitting in a news studio and turns her head slightly to her left.,The woman turns her head slightly to her left.,,missing,0,D:/Datasets/ImgEdit/Parquet/action_part1.parquet,KguLrvJj8gM_segment_1_frame_0,woman,woman turns her head slightly to her left,action,high,"The woman's head position changes from facing forward to slightly turned left, matching the instruction.",Qwen/Qwen3-VL-2B-Instruct,,imgedit_00000327_00,imgedit_00000327_00.png
imgedit_00000328_00,imgedit,action,BqQjeTMRxok_segment_1_frame_120.jpg,BqQjeTMRxok_segment_1_frame_175.jpg,,"A woman in a kitchen stands facing the camera, talking and gesturing with her hands.","A woman in a kitchen turns her head to her left, looking off-camera.",The woman turns her head from facing forward to looking to her left.,,missing,0,D:/Datasets/ImgEdit/Parquet/action_part1.parquet,BqQjeTMRxok_segment_1_frame_120,woman,woman looking to her left,action,high,The woman's head position has been changed from facing forward to looking to her left.,Qwen/Qwen3-VL-2B-Instruct,,imgedit_00000328_00,imgedit_00000328_00.png
imgedit_00000329_00,imgedit,action,uqFysLgZAl4_segment_13_frame_114.jpg,uqFysLgZAl4_segment_13_frame_169.jpg,,"A woman in a yellow shirt and apron stands in a kitchen, holding a flatbread in her right hand.","A woman in a yellow shirt and apron stands in a kitchen, holding a flatbread with both hands near her face.",The person transitions from holding a flatbread in one hand to holding it with both hands near their face.,,missing,0,D:/Datasets/ImgEdit/Parquet/action_part1.parquet,uqFysLgZAl4_segment_13_frame_114,flatbread,flatbread,action,high,"The person's hands are changed from one hand to both hands holding the flatbread, with the flatbread positioned near her face.",Qwen/Qwen3-VL-2B-Instruct,,imgedit_00000329_00,imgedit_00000329_00.png
imgedit_00000330_00,imgedit,action,3MdRlF7gLQo_segment_15_frame_0.jpg,3MdRlF7gLQo_segment_15_frame_55.jpg,,"A blonde girl with closed eyes stands in front of a pink barn, wearing a polka-dotted shirt.","A blonde girl with her eyes open looks at the camera, holding her hand up in a gesture.",The girl lowers her arm and adjusts her hand position.,,missing,0,D:/Datasets/ImgEdit/Parquet/action_part1.parquet,3MdRlF7gLQo_segment_15_frame_0,the girl,the girl with her eyes open and hand raised,action,high,"The girl's arm is lowered in the source image, but in the target image she is raised and looking forward with her eyes open. The hand position has changed from a lowered arm to a raised one with a gesture.",Qwen/Qwen3-VL-2B-Instruct,,imgedit_00000330_00,imgedit_00000330_00.png
imgedit_00000331_00,imgedit,action,_1drTlBnv-0_segment_25_frame_69.jpg,_1drTlBnv-0_segment_25_frame_124.jpg,,A motocross rider in a red and yellow suit is riding a dirt bike on a dirt track with mountains in the background.,"A motocross rider in a red and yellow suit is performing a wheelie on a dirt bike, lifting the front wheel off the ground while riding on a dirt track.",A person performs a wheelie on a dirt bike.,,missing,0,D:/Datasets/ImgEdit/Parquet/action_part1.parquet,_1drTlBnv-0_segment_25_frame_69,rider,rider performing a wheelie,action,high,The rider's posture and the bike's position have been changed to show a wheelie.,Qwen/Qwen3-VL-2B-Instruct,,imgedit_00000331_00,imgedit_00000331_00.png
imgedit_00000332_00,imgedit,action,upsn5-fGa0s_segment_16_frame_0.jpg,upsn5-fGa0s_segment_16_frame_52.jpg,,A cyclist wearing a helmet and cycling gear is riding a road bike in a training tunnel.,"A cyclist wearing a helmet and cycling gear is riding a road bike in a training tunnel, with their left knee lowered from a raised position to a down position.",The cyclist lowers the left knee from a raised position to a down position.,,missing,0,D:/Datasets/ImgEdit/Parquet/action_part1.parquet,upsn5-fGa0s_segment_16_frame_0,cyclist,cyclist with lowered left knee,action,high,The cyclist's left knee is visibly lowered in the target image compared to the raised position in the source image.,Qwen/Qwen3-VL-2B-Instruct,,imgedit_00000332_00,imgedit_00000332_00.png
imgedit_00000333_00,imgedit,action,xWbc6fUm0-Y_segment_7_frame_148.jpg,xWbc6fUm0-Y_segment_7_frame_203.jpg,,A woman with blonde hair and blue eyes is being applied makeup by a stylist.,"A woman with blonde hair and blue eyes is being applied makeup by a stylist, and her head is slightly tilted back.",The person slightly tilts their head back.,,missing,0,D:/Datasets/ImgEdit/Parquet/action_part1.parquet,xWbc6fUm0-Y_segment_7_frame_148,woman,woman with head tilted back,action,high,"The woman's head is tilted back in the target image, which is consistent with the action described in the instruction.",Qwen/Qwen3-VL-2B-Instruct,,imgedit_00000333_00,imgedit_00000333_00.png
imgedit_00000334_00,imgedit,action,Kh2eCht67OE_segment_13_frame_0.jpg,Kh2eCht67OE_segment_13_frame_50.jpg,,"A woman in a kitchen is preparing a salad, holding a jar of sauce and using a spoon to scoop it.",A woman in a kitchen is tasting a spoonful of sauce from a jar with her fingers.,A woman lifts a spoonful of sauce to taste it.,,missing,0,D:/Datasets/ImgEdit/Parquet/action_part1.parquet,Kh2eCht67OE_segment_13_frame_0,a spoonful of sauce,a spoonful of sauce being held in her hand,action,high,"The edit involves the woman lifting the spoonful of sauce to her mouth, indicating a tasting action.",Qwen/Qwen3-VL-2B-Instruct,,imgedit_00000334_00,imgedit_00000334_00.png
imgedit_00000335_00,imgedit,action,kdeZCN9M5ao_segment_9_frame_0.jpg,kdeZCN9M5ao_segment_9_frame_55.jpg,,"A woman with long blonde hair wearing an orange t-shirt stands in a kitchen, smiling.","A woman with long blonde hair wearing an orange t-shirt stands in a kitchen, holding a package of almond bark in her right hand.",The woman lifts and holds a package of almond bark in her right hand.,,missing,0,D:/Datasets/ImgEdit/Parquet/action_part1.parquet,kdeZCN9M5ao_segment_9_frame_0,package of almond bark,package of almond bark,action,high,The woman lifts and holds the package in her right hand.,Qwen/Qwen3-VL-2B-Instruct,,imgedit_00000335_00,imgedit_00000335_00.png
imgedit_00000336_00,imgedit,action,omGcAnyT0DM_segment_10_frame_0.jpg,omGcAnyT0DM_segment_10_frame_55.jpg,,"A man with a beard and a beanie sits in an office chair, gesturing with an open palm towards the camera, holding a Starbucks coffee cup.","A man with a beard and a beanie sits in an office chair, gesturing with a clenched fist towards the camera, holding a Starbucks coffee cup.",The person changes their hand gesture from an open palm reaching out to a clenched fist.,,missing,0,D:/Datasets/ImgEdit/Parquet/action_part1.parquet,omGcAnyT0DM_segment_10_frame_0,hand gesture,clenched fist,action,high,The hand gesture is changed from an open palm to a clenched fist.,Qwen/Qwen3-VL-2B-Instruct,,imgedit_00000336_00,imgedit_00000336_00.png
imgedit_00000337_00,imgedit,action,eD0o0TPf-uo_segment_12_frame_0.jpg,eD0o0TPf-uo_segment_12_frame_55.jpg,,"A woman in a kitchen is preparing food, standing at a counter with a tray of glasses.","A woman in a kitchen is preparing food, standing at a counter with the glasses on the tray moved closer together.",The woman moves the glasses on the tray closer together.,,missing,0,D:/Datasets/ImgEdit/Parquet/action_part1.parquet,eD0o0TPf-uo_segment_12_frame_0,glasses,glasses on the tray closer together,action,high,The glasses on the tray are moved closer together in the edited image.,Qwen/Qwen3-VL-2B-Instruct,,imgedit_00000337_00,imgedit_00000337_00.png
imgedit_00000338_00,imgedit,action,JQskLZkVEDY_segment_165_frame_2.jpg,JQskLZkVEDY_segment_165_frame_56.jpg,,Two children in life jackets on a boat are looking at a duck in a net.,A person in a life jacket holds a net containing a duck on a boat.,A person holds a net containing a duck.,,missing,0,D:/Datasets/ImgEdit/Parquet/action_part1.parquet,JQskLZkVEDY_segment_165_frame_2,a person holding a net containing a duck,a person holding a net containing a duck,action,high,"The edit is an action, where the person is holding the net containing the duck. The other child is no longer visible.",Qwen/Qwen3-VL-2B-Instruct,,imgedit_00000338_00,imgedit_00000338_00.png
imgedit_00000339_00,imgedit,action,xTeMNvPHvvo_segment_5_frame_68.jpg,xTeMNvPHvvo_segment_5_frame_123.jpg,,"A skeleton with red hair stands in profile, facing left against a dark blue, textured background.","A skeleton with red hair stands facing forward, standing still with its arms relaxed at its sides against a dark blue, textured background.","The skeleton turns from a side profile to face forward, standing still with arms relaxed at its sides.",,missing,0,D:/Datasets/ImgEdit/Parquet/action_part1.parquet,xTeMNvPHvvo_segment_5_frame_68,skeleton,standing still with arms relaxed at its sides,action,high,"The skeleton's posture changes from a side profile to a frontal stance, with its arms remaining relaxed.",Qwen/Qwen3-VL-2B-Instruct,,imgedit_00000339_00,imgedit_00000339_00.png
imgedit_00000340_00,imgedit,action,7dvCO9hVC_g_segment_19_frame_0.jpg,7dvCO9hVC_g_segment_19_frame_55.jpg,,A man in a blue sweater and sunglasses is driving a car with a mountainous landscape visible through the window.,A man in a blue sweater and sunglasses is driving a car with his right hand resting on his lap.,The person lowers their right hand from the steering wheel to rest on their lap.,,missing,0,D:/Datasets/ImgEdit/Parquet/action_part1.parquet,7dvCO9hVC_g_segment_19_frame_0,hand,resting on lap,action,high,"The hand is lowered from the steering wheel to the lap, changing its position.",Qwen/Qwen3-VL-2B-Instruct,,imgedit_00000340_00,imgedit_00000340_00.png
imgedit_00000341_00,imgedit,action,Kl2NUta4KHo_segment_10_frame_0.jpg,Kl2NUta4KHo_segment_10_frame_55.jpg,,"A man with a beard wearing a grey t-shirt with 'GAME DEVELOPER' printed on it sits at a table, holding a red mug and looking at the camera.","A man with a beard wearing a grey t-shirt with 'GAME DEVELOPER' printed on it sits at a table, holding a red mug closer to his mouth, looking at the camera.",The person raises the red mug closer to their mouth.,,missing,0,D:/Datasets/ImgEdit/Parquet/action_part1.parquet,Kl2NUta4KHo_segment_10_frame_0,red mug,red mug closer to mouth,action,high,"The mug is raised closer to the man's mouth, indicating a change in the action.",Qwen/Qwen3-VL-2B-Instruct,,imgedit_00000341_00,imgedit_00000341_00.png
imgedit_00000342_00,imgedit,action,Zm1POnLPh78_segment_56_frame_0.jpg,Zm1POnLPh78_segment_56_frame_55.jpg,,"A man with gray hair wearing a dark shirt and a suit jacket, standing on a stage with a hand on his shoulder.","A man with gray hair wearing a dark shirt and a suit jacket, lowering his head while holding a smartphone.",A person lowers their head.,,missing,0,D:/Datasets/ImgEdit/Parquet/action_part1.parquet,Zm1POnLPh78_segment_56_frame_0,man,lowering his head,action,high,"The man's head is lowered in the target image, while in the source image he is looking down. The edit is a clear action change.",Qwen/Qwen3-VL-2B-Instruct,,imgedit_00000342_00,imgedit_00000342_00.png
imgedit_00000343_00,imgedit,action,ePeLSWqW_kA_segment_1_frame_0.jpg,ePeLSWqW_kA_segment_1_frame_55.jpg,,"A young girl with blue hair is lying on a pink circular rug, writing in a notebook with a pen in her right hand.","A young girl with blue hair is lying on a pink circular rug, resting her right forearm on the floor while holding a pen in her right hand and writing in a notebook.",The person lowers their hand and rests their forearm on the floor while holding the pen.,,missing,0,D:/Datasets/ImgEdit/Parquet/action_part1.parquet,ePeLSWqW_kA_segment_1_frame_0,hand,forearm,action,high,"The hand is replaced with a forearm resting on the floor, changing the action from writing to resting.",Qwen/Qwen3-VL-2B-Instruct,,imgedit_00000343_00,imgedit_00000343_00.png
imgedit_00000344_00,imgedit,action,u0hrhZoL9Cg_segment_29_frame_0.jpg,u0hrhZoL9Cg_segment_29_frame_55.jpg,,A man wearing a green cap and a white t-shirt is speaking directly to the camera in a modern living room.,A man wearing a green cap and a white t-shirt is tilting his head slightly to the right while speaking directly to the camera in a modern living room.,The man tilts his head slightly to the right.,,missing,0,D:/Datasets/ImgEdit/Parquet/action_part1.parquet,u0hrhZoL9Cg_segment_29_frame_0,man,man tilting his head slightly to the right,action,high,The man's head position has been changed from neutral to slightly tilted to the right.,Qwen/Qwen3-VL-2B-Instruct,,imgedit_00000344_00,imgedit_00000344_00.png
imgedit_00000345_00,imgedit,action,-accpuZts98_segment_10_frame_14.jpg,-accpuZts98_segment_10_frame_69.jpg,,A woman with long curly hair wearing a black jacket is speaking in a studio with the Inter Milan logo on the wall behind her.,"A woman with long curly hair wearing a black jacket is speaking in a studio with the Inter Milan logo on the wall behind her, using an open, expressive two-hand gesture.","The woman moves her hand from a raised single-hand gesture to an open, expressive two-hand gesture.",,missing,0,D:/Datasets/ImgEdit/Parquet/action_part1.parquet,-accpuZts98_segment_10_frame_14,woman,"woman with an open, expressive two-hand gesture",action,high,"The woman's hand position changes from a raised single-hand gesture to an open, expressive two-hand gesture.",Qwen/Qwen3-VL-2B-Instruct,,imgedit_00000345_00,imgedit_00000345_00.png
imgedit_00000346_00,imgedit,action,xcJq_9THWrA_segment_1_frame_24.jpg,xcJq_9THWrA_segment_1_frame_79.jpg,,A man with dreadlocks and a beard looks directly at the camera against a black background.,"The same man looks directly at the camera but his head is slightly lowered, and his expression is more serious.",The person lowers their head slightly.,,missing,0,D:/Datasets/ImgEdit/Parquet/action_part1.parquet,xcJq_9THWrA_segment_1_frame_24,the man,the man with his head lowered,action,high,"The edit involves a subtle downward movement of the head, which is clearly visible in the target image compared to the source.",Qwen/Qwen3-VL-2B-Instruct,,imgedit_00000346_00,imgedit_00000346_00.png
imgedit_00000347_00,imgedit,action,vkNHhWMSs_0_segment_0_frame_0.jpg,vkNHhWMSs_0_segment_0_frame_55.jpg,,"A woman with blonde wavy hair and red lipstick stands in a kitchen, leaning forward slightly with her hands on a countertop.","A woman with blonde wavy hair and red lipstick stands in a kitchen, leaning forward slightly with her hands on a countertop.",The woman leans forward slightly.,,missing,0,D:/Datasets/ImgEdit/Parquet/action_part1.parquet,vkNHhWMSs_0_segment_0_frame_0,woman,woman,action,high,"The woman's posture has changed slightly, but the edit is minimal and does not involve a significant transformation of her appearance or the environment.",Qwen/Qwen3-VL-2B-Instruct,,imgedit_00000347_00,imgedit_00000347_00.png
imgedit_00000348_00,imgedit,action,kdpiG_bWPM8_segment_2_frame_0.jpg,kdpiG_bWPM8_segment_2_frame_55.jpg,,"A woman with red hair stands in a garden, hands on her hips.","A woman with red hair stands in a garden, hands open in a welcoming gesture.",A woman moves her hands from her hips to an open gesture in front of her.,,missing,0,D:/Datasets/ImgEdit/Parquet/action_part1.parquet,kdpiG_bWPM8_segment_2_frame_0,woman,hands open in a welcoming gesture,action,high,The woman's hands transition from being on her hips to an open gesture in front of her.,Qwen/Qwen3-VL-2B-Instruct,,imgedit_00000348_00,imgedit_00000348_00.png
imgedit_00000349_00,imgedit,action,Q_qtTOeibec_segment_3_frame_0.jpg,Q_qtTOeibec_segment_3_frame_55.jpg,,"A man with dark hair and a beard, wearing a white shirt and tie, stands in front of a brick wall.","A man with dark hair and a beard, wearing a white shirt and tie, turns his head to the right.",The man turns his head to the right.,,missing,0,D:/Datasets/ImgEdit/Parquet/action_part1.parquet,Q_qtTOeibec_segment_3_frame_0,man,man turning his head to the right,action,high,The man's head position has been changed from facing forward to angled to the right.,Qwen/Qwen3-VL-2B-Instruct,,imgedit_00000349_00,imgedit_00000349_00.png
imgedit_00000350_00,imgedit,action,gcEDrBN4Cl8_segment_15_frame_0.jpg,gcEDrBN4Cl8_segment_15_frame_55.jpg,,A man with red hair and a black shirt is looking to the left.,A man with red hair and a black shirt is looking upward.,The person tilts their head upward.,,missing,0,D:/Datasets/ImgEdit/Parquet/action_part1.parquet,gcEDrBN4Cl8_segment_15_frame_0,person,person tilting head upward,action,high,"The person's head is tilted upward in the target image, which is consistent with the instruction.",Qwen/Qwen3-VL-2B-Instruct,,imgedit_00000350_00,imgedit_00000350_00.png
imgedit_00000351_00,imgedit,action,7eqhjsx8lVs_segment_5_frame_0.jpg,7eqhjsx8lVs_segment_5_frame_55.jpg,,A woman in a kitchen wearing a white apron with the text 'Mole Mama' is standing in front of a counter with a blender and knives.,"A woman in a kitchen wearing a white apron with the text 'Mole Mama' is standing in front of a counter with a blender and knives, and her hands are crossed in front of her chest.",The woman moves her hands from a downward position to a crossed hand gesture in front of her chest.,,missing,0,D:/Datasets/ImgEdit/Parquet/action_part1.parquet,7eqhjsx8lVs_segment_5_frame_0,woman's hands,crossed hands in front of her chest,action,high,The woman's hands are changed from a downward position to a crossed gesture in front of her chest.,Qwen/Qwen3-VL-2B-Instruct,,imgedit_00000351_00,imgedit_00000351_00.png
imgedit_00000352_00,imgedit,action,sJrMsTdgNCM_segment_34_frame_0.jpg,sJrMsTdgNCM_segment_34_frame_55.jpg,,A man with dark hair smiles while standing in a field under a tree.,A man with dark hair embraces a woman in a field under a tree.,The person embraces someone.,,missing,0,D:/Datasets/ImgEdit/Parquet/action_part1.parquet,sJrMsTdgNCM_segment_34_frame_0,man,man embracing woman,action,high,The man's action changes from standing to embracing the woman.,Qwen/Qwen3-VL-2B-Instruct,,imgedit_00000352_00,imgedit_00000352_00.png
imgedit_00000353_00,imgedit,action,A7S1I23SdIY_segment_4_frame_0.jpg,A7S1I23SdIY_segment_4_frame_55.jpg,,A man in a white v-neck t-shirt is speaking in a kitchen with a window and a painting on the wall.,A man in a white v-neck t-shirt is turning slightly to the right and gesturing with both hands in a kitchen.,The person turns slightly to the right and gestures with both hands.,,missing,0,D:/Datasets/ImgEdit/Parquet/action_part1.parquet,A7S1I23SdIY_segment_4_frame_0,the man,the man turning slightly to the right and gesturing with both hands,action,high,The man's posture and hand movements have been adjusted to match the instruction.,Qwen/Qwen3-VL-2B-Instruct,,imgedit_00000353_00,imgedit_00000353_00.png
imgedit_00000354_00,imgedit,action,Q_mzzHhhI5g_segment_1_frame_8.jpg,Q_mzzHhhI5g_segment_1_frame_63.jpg,,"A man in a blue plaid shirt is sitting at a white table with a black notebook, gesturing with both hands outward against a dark background.","A man in a blue plaid shirt is sitting at a white table with a black notebook, raising his right hand while resting his left arm on the table against a dark background.",A man changes from using both hands gesturing outward to raising one hand while resting the other arm on the table.,,missing,0,D:/Datasets/ImgEdit/Parquet/action_part1.parquet,Q_mzzHhhI5g_segment_1_frame_8,man,man raising one hand while resting the other arm on the table,action,high,"The man's right hand is raised in a gesture, while his left arm is resting on the table, indicating a change in hand position and posture",Qwen/Qwen3-VL-2B-Instruct,,imgedit_00000354_00,imgedit_00000354_00.png
imgedit_00000355_00,imgedit,action,ePNsy6W36js_segment_0_frame_0.jpg,ePNsy6W36js_segment_0_frame_55.jpg,,A bald man in a light blue shirt is speaking directly to the camera against a plain white background.,"A bald man in a light blue shirt is sitting straighter, with his posture slightly adjusted, and looking directly at the camera against a plain white background.",The man straightens his posture slightly.,,missing,0,D:/Datasets/ImgEdit/Parquet/action_part1.parquet,ePNsy6W36js_segment_0_frame_0,man,man with straighter posture,action,high,The man's posture has been slightly adjusted to appear more upright.,Qwen/Qwen3-VL-2B-Instruct,,imgedit_00000355_00,imgedit_00000355_00.png
imgedit_00000356_00,imgedit,action,A_ARWyN4B60_segment_19_frame_10.jpg,A_ARWyN4B60_segment_19_frame_65.jpg,,"A woman with blonde hair and dark lipstick wearing a brown turtleneck sweater, looking at the camera.","A woman with blonde hair and dark lipstick wearing a brown turtleneck sweater, with a pair of sunglasses placed on her head.",The person raises a pair of sunglasses onto their head.,,missing,0,D:/Datasets/ImgEdit/Parquet/action_part1.parquet,A_ARWyN4B60_segment_19_frame_10,sunglasses,on her head,action,high,"The sunglasses are added to the woman's head, positioned as if resting on her hair.",Qwen/Qwen3-VL-2B-Instruct,,imgedit_00000356_00,imgedit_00000356_00.png
imgedit_00000357_00,imgedit,action,Hu3tMg_lzzw_segment_1_frame_72.jpg,Hu3tMg_lzzw_segment_1_frame_127.jpg,,A woman in a black blazer and white shirt stands on a stage holding a tennis racket and a tennis ball apart.,A woman in a black blazer and white shirt stands on a stage holding a tennis racket and a tennis ball closer together.,A woman shifts from holding a tennis racket and ball apart to holding them closer together.,,missing,0,D:/Datasets/ImgEdit/Parquet/action_part1.parquet,Hu3tMg_lzzw_segment_1_frame_72,tennis racket and ball,tennis racket and ball,action,high,The woman's hands and the position of the racket and ball are adjusted to show them held closer together.,Qwen/Qwen3-VL-2B-Instruct,,imgedit_00000357_00,imgedit_00000357_00.png
imgedit_00000358_00,imgedit,action,YRgOoieAVAk_segment_1_frame_0.jpg,YRgOoieAVAk_segment_1_frame_55.jpg,,A woman with blonde hair and red lipstick stands in a kitchen with a white tiled wall and wooden shelves filled with colorful bowls and glassware.,"A woman with blonde hair and red lipstick stands in a kitchen with a white tiled wall and wooden shelves filled with colorful bowls and glassware, clasping her hands together in front of her.",The woman clasps her hands together in front of her.,,missing,0,D:/Datasets/ImgEdit/Parquet/action_part1.parquet,YRgOoieAVAk_segment_1_frame_0,woman,clasping her hands together,action,high,"The woman's hands are now clasped in front of her, indicating the specific action has been performed.",Qwen/Qwen3-VL-2B-Instruct,,imgedit_00000358_00,imgedit_00000358_00.png
imgedit_00000359_00,imgedit,action,ZbSQv-fJld0_segment_0_frame_0.jpg,ZbSQv-fJld0_segment_0_frame_55.jpg,,A woman in a kitchen stands at a counter with a pot of oil on the stove and ingredients for a recipe.,"A woman in a kitchen stands at a counter with a pot of oil on the stove and ingredients for a recipe, raising her left hand with the index finger extended upward.",The person raises their left hand with the index finger extended upward.,,missing,0,D:/Datasets/ImgEdit/Parquet/action_part1.parquet,ZbSQv-fJld0_segment_0_frame_0,person,person raising left hand with index finger extended upward,action,high,"The person's left hand is raised with the index finger pointing up, indicating a specific action or instruction.",Qwen/Qwen3-VL-2B-Instruct,,imgedit_00000359_00,imgedit_00000359_00.png
imgedit_00000360_00,imgedit,action,xcTkFKULwwA_segment_17_frame_32.jpg,xcTkFKULwwA_segment_17_frame_87.jpg,,"A pink piglet is running on a grassy field under a clear blue sky, next to a tree with green leaves and red fruit.","A pink piglet stands still on a grassy field under a clear blue sky, facing forward with arms slightly raised, next to a tree with green leaves and red fruit.",The boy pig stops moving and stands facing forward with arms slightly raised.,,missing,0,D:/Datasets/ImgEdit/Parquet/action_part1.parquet,xcTkFKULwwA_segment_17_frame_32,the boy pig,standing still with arms slightly raised,action,high,The piglet's movement is replaced with a static pose.,Qwen/Qwen3-VL-2B-Instruct,,imgedit_00000360_00,imgedit_00000360_00.png
imgedit_00000361_00,imgedit,action,Rcz0PiR0PZ0_segment_18_frame_0.jpg,Rcz0PiR0PZ0_segment_18_frame_55.jpg,,"A man wearing a checkered headscarf and a green shirt is sitting in a room, looking at another person.","A man wearing a checkered headscarf and a green shirt is sitting in a room, looking at another person, with his arm lowered.",The person lowers their arm.,,missing,0,D:/Datasets/ImgEdit/Parquet/action_part1.parquet,Rcz0PiR0PZ0_segment_18_frame_0,person,person with lowered arm,action,high,"The person's arm is lowered in the target image, indicating a change in posture.",Qwen/Qwen3-VL-2B-Instruct,,imgedit_00000361_00,imgedit_00000361_00.png
imgedit_00000362_00,imgedit,action,KkhuqDHQP0M_segment_0_frame_0.jpg,KkhuqDHQP0M_segment_0_frame_55.jpg,,"A woman with dark hair is sitting in a chair, wearing a pink top over a white shirt, with her fists clenched.","The same woman is sitting in the same chair, now lifting her arms higher while maintaining clenched fists.",The person lifts their arms higher while maintaining clenched fists.,,missing,0,D:/Datasets/ImgEdit/Parquet/action_part1.parquet,KkhuqDHQP0M_segment_0_frame_0,the woman,the woman lifting her arms higher,action,high,"The woman's arms are raised higher in the target image compared to the source image, indicating an upward movement of the arms while keeping the fists clenched.",Qwen/Qwen3-VL-2B-Instruct,,imgedit_00000362_00,imgedit_00000362_00.png
imgedit_00000363_00,imgedit,action,5SmIakiBA9o_segment_63_frame_0.jpg,5SmIakiBA9o_segment_63_frame_55.jpg,,"A man in a kitchen with an orange refrigerator, speaking to the camera with his hands open in a wide gesture.","A man in a kitchen with an orange refrigerator, speaking to the camera with his hands brought closer together in a more focused position.","The person moves their hands closer together, changing from a wide gesture to a more focused hand position.",,missing,0,D:/Datasets/ImgEdit/Parquet/action_part1.parquet,5SmIakiBA9o_segment_63_frame_0,person,person with hands closer together,action,high,The person's hands are the only part of the image that has been changed. The rest of the scene remains unchanged.,Qwen/Qwen3-VL-2B-Instruct,,imgedit_00000363_00,imgedit_00000363_00.png
imgedit_00000364_00,imgedit,action,omoCZPvDJvU_segment_12_frame_0.jpg,omoCZPvDJvU_segment_12_frame_55.jpg,,"A man in a security uniform sits at a table with a woman, both eating.","A man in a security uniform leans slightly forward while sitting at a table with a woman, both eating.",The man leans slightly forward.,,missing,0,D:/Datasets/ImgEdit/Parquet/action_part1.parquet,omoCZPvDJvU_segment_12_frame_0,man,leaning slightly forward,action,high,"The man's posture has been changed to lean forward, while the rest of the scene remains consistent.",Qwen/Qwen3-VL-2B-Instruct,,imgedit_00000364_00,imgedit_00000364_00.png
imgedit_00000365_00,imgedit,action,zA7w_FacY6c_segment_0_frame_0.jpg,zA7w_FacY6c_segment_0_frame_55.jpg,,A female news anchor in a pink shirt is reporting on a news story with a graphic of a handgun and the text 'NEIGHBORHOOD UNDER FIRE' on a blue background.,"A female news anchor in a pink shirt is reporting on a news story with a graphic of a handgun and the text 'NEIGHBORHOOD UNDER FIRE' on a blue background, but her head is slightly turned to the right.",The person slightly turns their head to the right.,,missing,0,D:/Datasets/ImgEdit/Parquet/action_part1.parquet,zA7w_FacY6c_segment_0_frame_0,the person,the person slightly turns their head to the right,action,high,The person's head position is changed from neutral to slightly turned right,Qwen/Qwen3-VL-2B-Instruct,,imgedit_00000365_00,imgedit_00000365_00.png
imgedit_00000366_00,imgedit,action,8GabvLeuTc4_segment_4_frame_64.jpg,8GabvLeuTc4_segment_4_frame_119.jpg,,A man with a beard stands in front of a chalkboard with the letter F and the word 'Диаграмма' written on it.,"A man with a beard stands in front of a chalkboard with the letter F and the word 'Диаграмма' written on it, but his shirt collar is open.",The man opens his shirt collar.,,missing,0,D:/Datasets/ImgEdit/Parquet/action_part1.parquet,8GabvLeuTc4_segment_4_frame_64,shirt collar,shirt collar is open,action,high,"The man's shirt collar is visibly unbuttoned, indicating the action of opening it.",Qwen/Qwen3-VL-2B-Instruct,,imgedit_00000366_00,imgedit_00000366_00.png
imgedit_00000367_00,imgedit,action,SQSYJz1L9Hk_segment_9_frame_0.jpg,SQSYJz1L9Hk_segment_9_frame_55.jpg,,A man stands on a red circular rug on a dark stage with the illuminated TEDx logo behind him.,"A man stands on a red circular rug on a dark stage with the illuminated TEDx logo behind him, uncrossing his hands and gesturing outward with his right hand.",The man uncrosses his hands and gestures outward with his right hand.,,missing,0,D:/Datasets/ImgEdit/Parquet/action_part1.parquet,SQSYJz1L9Hk_segment_9_frame_0,man,man with hands uncrossed and gesturing outward with his right hand,action,high,"The man's hands are in a different position in the target image, specifically uncrossed and gesturing outward, as per the instruction.",Qwen/Qwen3-VL-2B-Instruct,,imgedit_00000367_00,imgedit_00000367_00.png
imgedit_00000368_00,imgedit,action,aJxy7weLmKM_segment_1_frame_42.jpg,aJxy7weLmKM_segment_1_frame_97.jpg,,"A bald man in a dark room with bright lights behind him, gesturing with his hands raised.","A bald man in a dark room with bright lights behind him, with his hands resting at his sides.",The person lowers their hands from an expressive gesture to resting them down.,,missing,0,D:/Datasets/ImgEdit/Parquet/action_part1.parquet,aJxy7weLmKM_segment_1_frame_42,person,with his hands resting at his sides,action,high,The person's hands are lowered from an expressive gesture to a resting position.,Qwen/Qwen3-VL-2B-Instruct,,imgedit_00000368_00,imgedit_00000368_00.png
imgedit_00000369_00,imgedit,action,ETHpkNOgq_E_segment_4_frame_0.jpg,ETHpkNOgq_E_segment_4_frame_55.jpg,,"A bald man in a black t-shirt sits in a dimly lit theater, gesturing with both hands.","A bald man in a black t-shirt sits in a dimly lit theater, pointing with his right hand and lowering his left hand.",The man moves his right hand from a pointing gesture to a fist while his left hand lowers and moves to the side.,,missing,0,D:/Datasets/ImgEdit/Parquet/action_part1.parquet,ETHpkNOgq_E_segment_4_frame_0,man,man with right hand in a fist and left hand lowered,action,high,"The man's right hand changes from a gesturing position to a fist, while his left hand moves down and to the side.",Qwen/Qwen3-VL-2B-Instruct,,imgedit_00000369_00,imgedit_00000369_00.png
imgedit_00000370_00,imgedit,action,zAj6xEffOrI_segment_7_frame_0.jpg,zAj6xEffOrI_segment_7_frame_55.jpg,,"A woman with curly hair wearing a white blouse sits at a table in a dimly lit room, smiling at a person in front of her.","A woman with curly hair wearing a white blouse sits at a table in a dimly lit room, smiling at a person in front of her, raising her right hand slightly.",The person raises their right hand slightly.,,missing,0,D:/Datasets/ImgEdit/Parquet/action_part1.parquet,zAj6xEffOrI_segment_7_frame_0,woman,woman raising her right hand slightly,action,high,"The woman's right hand is raised slightly in the target image, while it is not in the source image.",Qwen/Qwen3-VL-2B-Instruct,,imgedit_00000370_00,imgedit_00000370_00.png
imgedit_00000371_00,imgedit,action,BqlGpremlfo_segment_67_frame_4.jpg,BqlGpremlfo_segment_67_frame_59.jpg,,"A woman in a red vest and white shirt stands on the deck of a historic ship, gesturing with her hands in a closed, twitching motion.","A woman in a red vest and white shirt stands on the deck of a historic ship, gesturing with her hands open and expressive.","The person changes hand gestures from a closed, twitching motion to an open, expressive pose.",,missing,0,D:/Datasets/ImgEdit/Parquet/action_part1.parquet,BqlGpremlfo_segment_67_frame_4,person,person,action,high,"The person's hand gestures are changed from a closed, twitching motion to an open, expressive pose.",Qwen/Qwen3-VL-2B-Instruct,,imgedit_00000371_00,imgedit_00000371_00.png
imgedit_00000372_00,imgedit,action,lPLGenLcSdA_segment_421_frame_92.jpg,lPLGenLcSdA_segment_421_frame_147.jpg,,"A woman in a dark hooded garment looks off to the side in a misty, forested setting.","A woman in a dark hooded garment turns her head slightly to the left, looking at another person in a dark hooded garment.",The person turns their head slightly to the left.,,missing,0,D:/Datasets/ImgEdit/Parquet/action_part1.parquet,lPLGenLcSdA_segment_421_frame_92,woman,woman turning her head,action,high,"The woman's head position changes from facing forward to slightly turned left, matching the instruction.",Qwen/Qwen3-VL-2B-Instruct,,imgedit_00000372_00,imgedit_00000372_00.png
imgedit_00000373_00,imgedit,action,unmB33SSdi8_segment_35_frame_0.jpg,unmB33SSdi8_segment_35_frame_48.jpg,,A man in a kitchen is stirring a bowl of food with his right hand.,A man in a kitchen is moving his right hand closer to the bowl of food while stirring.,The person moves their right hand closer to the bowl while stirring or mixing.,,missing,0,D:/Datasets/ImgEdit/Parquet/action_part1.parquet,unmB33SSdi8_segment_35_frame_0,person,moving his right hand closer to the bowl,action,high,"The person's hand is in motion, closer to the bowl, indicating a change in the action.",Qwen/Qwen3-VL-2B-Instruct,,imgedit_00000373_00,imgedit_00000373_00.png
imgedit_00000374_00,imgedit,action,qo9Boe84JPM_segment_5_frame_0.jpg,qo9Boe84JPM_segment_5_frame_55.jpg,,A man with long hair wearing a plaid shirt is playing a guitar in a recording studio.,"A man with long hair wearing a plaid shirt is playing a guitar in a recording studio, tilting his head forward while continuing to play.","The person changes the angle of their head, tilting it forward while continuing to play the guitar.",,missing,0,D:/Datasets/ImgEdit/Parquet/action_part1.parquet,qo9Boe84JPM_segment_5_frame_0,person,person with tilted head,action,high,"The person's head is tilted forward in the edited image, while the guitar and the surrounding studio equipment remain unchanged.",Qwen/Qwen3-VL-2B-Instruct,,imgedit_00000374_00,imgedit_00000374_00.png
imgedit_00000375_00,imgedit,action,Htyb6IOgttg_segment_2_frame_192.jpg,Htyb6IOgttg_segment_2_frame_247.jpg,,A man in a suit and tie stands on a stage with green lighting behind him.,"A man in a suit and tie stands on a stage with green lighting behind him, raising his right hand.",The man raises his right hand.,,missing,0,D:/Datasets/ImgEdit/Parquet/action_part1.parquet,Htyb6IOgttg_segment_2_frame_192,man,man raising his right hand,action,high,"The man's right hand is raised in the target image, which is consistent with the instruction.",Qwen/Qwen3-VL-2B-Instruct,,imgedit_00000375_00,imgedit_00000375_00.png
imgedit_00000376_00,imgedit,action,zXSskz59btg_segment_13_frame_22.jpg,zXSskz59btg_segment_13_frame_70.jpg,,A woman with blonde hair wearing a blue tie-dye shirt is holding a gold smartphone in her left hand and gesturing with her right hand.,A woman with blonde hair wearing a blue tie-dye shirt is holding a gold smartphone in her left hand and adjusting the grip with her right hand.,The person adjusts the grip on the smartphone with their right hand.,,missing,0,D:/Datasets/ImgEdit/Parquet/action_part1.parquet,zXSskz59btg_segment_13_frame_22,hand,grip,action,high,"The person's right hand is shown making a more deliberate adjustment to the grip on the smartphone, which is consistent with the instruction.",Qwen/Qwen3-VL-2B-Instruct,,imgedit_00000376_00,imgedit_00000376_00.png
imgedit_00000377_00,imgedit,action,hQXoa13TeMI_segment_20_frame_8.jpg,hQXoa13TeMI_segment_20_frame_63.jpg,,"A man in a workshop is holding a piece of white material in his hands, wearing blue gloves and focused on the task.","A man in a workshop is holding a folded piece of white material in his hands, wearing blue gloves and focused on the task.",The person adjusts or folds the piece of material in their hands.,,missing,0,D:/Datasets/ImgEdit/Parquet/action_part1.parquet,hQXoa13TeMI_segment_20_frame_8,piece of material,folded piece of material,action,high,"The person adjusts the material, changing its state from flat to folded.",Qwen/Qwen3-VL-2B-Instruct,,imgedit_00000377_00,imgedit_00000377_00.png
imgedit_00000378_00,imgedit,action,afP9gWUQnG4_segment_12_frame_0.jpg,afP9gWUQnG4_segment_12_frame_55.jpg,,A woman with long dark hair and a blue bow in her hair is holding a jar of layered food in a kitchen.,"A woman with long dark hair and a blue bow in her hair is holding a jar of layered food with her hands adjusted, showing a different angle.",The subject adjusts their hand position while holding the jar.,,missing,0,D:/Datasets/ImgEdit/Parquet/action_part1.parquet,afP9gWUQnG4_segment_12_frame_0,hand,adjusted hand,action,high,"The hand position has been changed to a different angle, indicating an adjustment in the hand's placement while holding the jar.",Qwen/Qwen3-VL-2B-Instruct,,imgedit_00000378_00,imgedit_00000378_00.png
imgedit_00000379_00,imgedit,action,X-x44KjkSEk_segment_5_frame_0.jpg,X-x44KjkSEk_segment_5_frame_55.jpg,,A woman in a kitchen is eating a piece of food.,A woman in a kitchen raises her right hand with fingers slightly spread apart.,A woman raises her right hand with fingers slightly spread apart.,,missing,0,D:/Datasets/ImgEdit/Parquet/action_part1.parquet,X-x44KjkSEk_segment_5_frame_0,woman,woman raising her right hand with fingers slightly spread apart,action,high,"The woman's hand is raised in the target image, while in the source image it is not.",Qwen/Qwen3-VL-2B-Instruct,,imgedit_00000379_00,imgedit_00000379_00.png
imgedit_00000380_00,imgedit,action,c2AJ67fCU2M_segment_32_frame_0.jpg,c2AJ67fCU2M_segment_32_frame_55.jpg,,A woman in a red dress with black lace detailing stands in front of a large cruise ship.,A woman in a red dress with black lace detailing stands in front of a large cruise ship with her hands clasped in front of her.,The woman lowers her hands to clasp them in front of her.,,missing,0,D:/Datasets/ImgEdit/Parquet/action_part1.parquet,c2AJ67fCU2M_segment_32_frame_0,woman,woman with hands clasped in front of her,action,high,"The woman's hands are lowered and clasped in front of her, as per the instruction.",Qwen/Qwen3-VL-2B-Instruct,,imgedit_00000380_00,imgedit_00000380_00.png
imgedit_00000381_00,imgedit,action,WwY7bfGhXFg_segment_0_frame_60.jpg,WwY7bfGhXFg_segment_0_frame_115.jpg,,"A woman with blonde hair stands in a modern kitchen, gesturing with her hands mid-air while speaking.","A woman with blonde hair stands in a modern kitchen, placing her hands on a glass bowl on the counter.",The woman transitions from gesturing with her hands mid-air to placing her hands on the glass bowl.,,missing,0,D:/Datasets/ImgEdit/Parquet/action_part1.parquet,WwY7bfGhXFg_segment_0_frame_60,woman,woman placing hands on glass bowl,action,high,The woman's hands transition from being in mid-air to resting on the bowl.,Qwen/Qwen3-VL-2B-Instruct,,imgedit_00000381_00,imgedit_00000381_00.png
imgedit_00000382_00,imgedit,action,8Glh8MmDE44_segment_13_frame_0.jpg,8Glh8MmDE44_segment_13_frame_55.jpg,,"A bald man with a beard wearing glasses and a grey blazer sits in front of a brick wall, speaking.","A bald man with a beard wearing glasses and a grey blazer sits in front of a brick wall, speaking and raising his right hand with his index finger extended.",The person moves their right hand forward and raises their index finger to gesture while speaking.,,missing,0,D:/Datasets/ImgEdit/Parquet/action_part1.parquet,8Glh8MmDE44_segment_13_frame_0,person,person raising right hand with index finger extended,action,high,"The person's right hand is raised and the index finger is extended, indicating a gesture while speaking.",Qwen/Qwen3-VL-2B-Instruct,,imgedit_00000382_00,imgedit_00000382_00.png
imgedit_00000383_00,imgedit,action,Zlq-BjC_ytg_segment_18_frame_0.jpg,Zlq-BjC_ytg_segment_18_frame_55.jpg,,"A woman with red hair is eating a white cookie with a red ring on it, holding it in her mouth.","A woman with red hair is eating a white cookie with a red ring on it, lowering her hand from her chin.",The person lowers their hand from their chin.,,missing,0,D:/Datasets/ImgEdit/Parquet/action_part1.parquet,Zlq-BjC_ytg_segment_18_frame_0,hand,lowering hand from chin,action,high,"The hand is in a different position in the target image, indicating the action of lowering it from the chin.",Qwen/Qwen3-VL-2B-Instruct,,imgedit_00000383_00,imgedit_00000383_00.png
imgedit_00000384_00,imgedit,action,ePIQLi3SCF0_segment_29_frame_0.jpg,ePIQLi3SCF0_segment_29_frame_55.jpg,,"A man in a cap and sunglasses crouches in shallow water, holding a fish in a net.","A man in a cap and sunglasses crouches in shallow water, lifting a fish higher out of a net.",The man lifts the fish higher out of the net.,,missing,0,D:/Datasets/ImgEdit/Parquet/action_part1.parquet,ePIQLi3SCF0_segment_29_frame_0,the fish,the fish being lifted,action,high,"The man's action of lifting the fish is the key edit, with the fish's position being raised from the net.",Qwen/Qwen3-VL-2B-Instruct,,imgedit_00000384_00,imgedit_00000384_00.png
imgedit_00000385_00,imgedit,action,R0DqHLQMPo0_segment_2_frame_0.jpg,R0DqHLQMPo0_segment_2_frame_55.jpg,,A man in a blue hoodie holds a white electric guitar in a cluttered workshop.,A man in a blue hoodie adjusts the tuning peg of a white electric guitar in a cluttered workshop.,A man adjusts the tuning peg of a guitar.,,missing,0,D:/Datasets/ImgEdit/Parquet/action_part1.parquet,R0DqHLQMPo0_segment_2_frame_0,guitar,man adjusting the tuning peg,action,high,"The man's hand is now on the guitar's tuning peg, indicating the action of adjusting it.",Qwen/Qwen3-VL-2B-Instruct,,imgedit_00000385_00,imgedit_00000385_00.png
imgedit_00000386_00,imgedit,action,rAuiDDplhpo_segment_7_frame_0.jpg,rAuiDDplhpo_segment_7_frame_55.jpg,,A woman with long blonde hair wearing a pink leotard and white socks is performing a side split on a pink yoga mat in a room with a wooden floor and a small chest.,A woman with long blonde hair wearing a pink leotard and white socks is performing a full split on a pink yoga mat in a room with a wooden floor and a small chest.,The woman transitions from leaning on one arm while doing a side split to sitting upright with both hands resting on the floor during a full split.,,missing,0,D:/Datasets/ImgEdit/Parquet/action_part1.parquet,rAuiDDplhpo_segment_7_frame_0,woman,woman in full split,action,high,The woman transitions from a side split with one arm on the mat to a full split with both hands on the floor.,Qwen/Qwen3-VL-2B-Instruct,,imgedit_00000386_00,imgedit_00000386_00.png
imgedit_00000387_00,imgedit,action,ePI31p8x_2w_segment_11_frame_54.jpg,ePI31p8x_2w_segment_11_frame_109.jpg,,A woman with blonde hair wearing a colorful striped shirt and a white headband stands in front of a stormy sea with lightning and a red triangle graphic.,"A woman with blonde hair wearing a colorful striped shirt and a white headband stands in front of a stormy sea with lightning and a red triangle graphic, her left arm now extended and open-handed.",The woman moves her left arm from a bent position to an extended and open-handed position.,,missing,0,D:/Datasets/ImgEdit/Parquet/action_part1.parquet,ePI31p8x_2w_segment_11_frame_54,woman,woman with her left arm extended and open-handed,action,high,The woman's left arm is bent in the source image and extended and open-handed in the target image.,Qwen/Qwen3-VL-2B-Instruct,,imgedit_00000387_00,imgedit_00000387_00.png
imgedit_00000388_00,imgedit,action,g2UzHc75BCc_segment_39_frame_0.jpg,g2UzHc75BCc_segment_39_frame_55.jpg,,A woman in a blue sleeveless top sits on a couch in a room with a large green plant and a window with horizontal blinds.,"A woman in a blue sleeveless top sits on a couch in a room with a large green plant and a window with horizontal blinds, raising both hands with palms facing upward as if gesturing or explaining something.","The woman raises both hands with palms facing upward, as if gesturing or explaining something.",,missing,0,D:/Datasets/ImgEdit/Parquet/action_part1.parquet,g2UzHc75BCc_segment_39_frame_0,woman,woman with raised hands,action,high,The woman's hands are raised and open in a gesture of explanation or emphasis.,Qwen/Qwen3-VL-2B-Instruct,,imgedit_00000388_00,imgedit_00000388_00.png
imgedit_00000389_00,imgedit,action,aOi3yvW6wi4_segment_9_frame_20.jpg,aOi3yvW6wi4_segment_9_frame_75.jpg,,A woman in a blue shirt is engaged in a conversation with a man in a white shirt.,"A woman in a blue shirt is engaged in a conversation with a man in a white shirt, with the man no longer gesturing with his hand.",The man in the blue shirt stops gesturing with his hand.,,missing,0,D:/Datasets/ImgEdit/Parquet/action_part1.parquet,aOi3yvW6wi4_segment_9_frame_20,man,man,remove,high,"The man's hand is removed from the frame, indicating the action of gesturing has been stopped.",Qwen/Qwen3-VL-2B-Instruct,,imgedit_00000389_00,imgedit_00000389_00.png
imgedit_00000390_00,imgedit,action,70u4f38Vfuo_segment_24_frame_0.jpg,70u4f38Vfuo_segment_24_frame_55.jpg,,A man holds a large carp in shallow water with reeds in the background.,"A man holds a large carp in shallow water with reeds in the background, but the carp is slightly lower in the frame.",The person slightly lowers the fish while holding it.,,missing,0,D:/Datasets/ImgEdit/Parquet/action_part1.parquet,70u4f38Vfuo_segment_24_frame_0,the fish,the fish is slightly lower in the frame,action,high,"The edit involves a subtle change in the fish's vertical position, consistent with the instruction to slightly lower it while holding it.",Qwen/Qwen3-VL-2B-Instruct,,imgedit_00000390_00,imgedit_00000390_00.png
imgedit_00000391_00,imgedit,action,kdVaDtUFVFc_segment_47_frame_48.jpg,kdVaDtUFVFc_segment_47_frame_98.jpg,,"A woman with long brown hair wearing a black t-shirt with a cartoon bowl of noodles on it is sitting at a table in a restaurant, gesturing with her right hand.","A woman with long brown hair wearing a black t-shirt with a cartoon bowl of noodles on it is sitting at a table in a restaurant, gesturing with her right hand in a sideways position.",A woman moves her raised hand from a forward-facing position to a sideways position.,,missing,0,D:/Datasets/ImgEdit/Parquet/action_part1.parquet,kdVaDtUFVFc_segment_47_frame_48,hand,hand,action,high,The hand's position is changed from forward-facing to sideways.,Qwen/Qwen3-VL-2B-Instruct,,imgedit_00000391_00,imgedit_00000391_00.png
imgedit_00000392_00,imgedit,action,1VMxtwyp5Zw_segment_3_frame_106.jpg,1VMxtwyp5Zw_segment_3_frame_161.jpg,,A man in a kitchen holds a plastic bag and stands in front of a cutting board with two pieces of raw meat.,"A man in a kitchen stretches a piece of plastic wrap with both hands, holding it above the cutting board with two pieces of raw meat.",The man stretches out a piece of plastic wrap with both hands.,,missing,0,D:/Datasets/ImgEdit/Parquet/action_part1.parquet,1VMxtwyp5Zw_segment_3_frame_106,man,man stretching plastic wrap,action,high,"The man's hands are now actively stretching the plastic wrap, which was not in the original image.",Qwen/Qwen3-VL-2B-Instruct,,imgedit_00000392_00,imgedit_00000392_00.png
imgedit_00000393_00,imgedit,action,BqQJPCdmIp8_segment_8_frame_0.jpg,BqQJPCdmIp8_segment_8_frame_55.jpg,,"A man with glasses sits at a wooden desk, holding a small white object in his hands and gesturing with his fingers.","A man with glasses sits at a wooden desk, with his hands open and moving closer together in front of his body.",The person opens their hands and moves them closer together in front of their body.,,missing,0,D:/Datasets/ImgEdit/Parquet/action_part1.parquet,BqQJPCdmIp8_segment_8_frame_0,person,hands,action,high,"The person's hands are positioned closer together, indicating an action of opening and moving them closer to the body.",Qwen/Qwen3-VL-2B-Instruct,,imgedit_00000393_00,imgedit_00000393_00.png
imgedit_00000394_00,imgedit,action,TaEJvsAUUEA_segment_155_frame_15.jpg,TaEJvsAUUEA_segment_155_frame_70.jpg,,A girl in a pink hooded outfit is riding a tricycle with a panda pulling a wagon in a lush green field.,"A girl in a pink hooded outfit is sitting upright on a tricycle while a panda pulls a wagon behind her, looking backward in a lush green field.",The panda changes from pulling a wagon while standing upright and facing sideways to walking while pulling the wagon and looking backward. The person in pink shifts from being flipped upside down on the wagon to sitting upright in it.,,missing,0,D:/Datasets/ImgEdit/Parquet/action_part1.parquet,TaEJvsAUUEA_segment_155_frame_15,the girl and the panda,the girl sitting upright on the tricycle and the panda walking while pulling the wagon,action,high,"The panda changes from standing upright and facing sideways to walking and pulling the wagon, and the girl changes from being flipped upside down to sitting upright on the",Qwen/Qwen3-VL-2B-Instruct,,imgedit_00000394_00,imgedit_00000394_00.png
imgedit_00000395_00,imgedit,action,ylBanO8r3x8_segment_11_frame_0.jpg,ylBanO8r3x8_segment_11_frame_55.jpg,,"A man in a grey shirt and blue tie sits at a table with several plants, holding a small frog in his right hand.","A man in a grey shirt and blue tie sits at a table with several plants, holding the frog in his left hand and bringing both hands together.",A man shifts the frog to his left hand while both hands move closer together.,,missing,0,D:/Datasets/ImgEdit/Parquet/action_part1.parquet,ylBanO8r3x8_segment_11_frame_0,frog,frog in left hand,action,high,"The frog is moved from the right hand to the left hand, and both hands are brought closer together.",Qwen/Qwen3-VL-2B-Instruct,,imgedit_00000395_00,imgedit_00000395_00.png
imgedit_00000396_00,imgedit,action,LsfDj8gVNvs_segment_2_frame_59.jpg,LsfDj8gVNvs_segment_2_frame_114.jpg,,"A surfer in a bright green shirt rides a large, curling wave with a crouched, forward-leaning stance.","A surfer in a bright green shirt rides a large, curling wave with an upright pose, one arm bent and extended for balance.",The person shifts from a crouched forward-leaning stance to a more upright pose with a bent arm while maintaining balance on the surfboard.,,missing,0,D:/Datasets/ImgEdit/Parquet/action_part1.parquet,LsfDj8gVNvs_segment_2_frame_59,person,person with bent arm,action,high,"The person's posture changes from crouched to upright, with the arm bent, while maintaining balance on the surfboard.",Qwen/Qwen3-VL-2B-Instruct,,imgedit_00000396_00,imgedit_00000396_00.png
imgedit_00000397_00,imgedit,action,kdy3RsZk7As_segment_19_frame_0.jpg,kdy3RsZk7As_segment_19_frame_55.jpg,,"A man with glasses sits at a wooden desk, gesturing with his hands, in a room with wooden walls and framed pictures.","A man with glasses sits at a wooden desk, gesturing with his hands in a more relaxed and open manner, in a room with wooden walls and framed pictures.",The person brings their hands closer together in a more relaxed and open gesture.,,missing,0,D:/Datasets/ImgEdit/Parquet/action_part1.parquet,kdy3RsZk7As_segment_19_frame_0,hands,hands in a more relaxed and open gesture,action,high,"The hands are moved closer together, indicating a change in gesture.",Qwen/Qwen3-VL-2B-Instruct,,imgedit_00000397_00,imgedit_00000397_00.png
imgedit_00000398_00,imgedit,action,3X-cfu_sHhw_segment_9_frame_0.jpg,3X-cfu_sHhw_segment_9_frame_55.jpg,,"A young man with short brown hair stands in a dimly lit room with two computer monitors behind him, wearing a dark cardigan over a red henley shirt.","A young man with short brown hair stands in a dimly lit room with two computer monitors behind him, wearing a dark cardigan over a red henley shirt, and lifting his right hand to hold a small object between his fingers.",The person lifts their hand and holds a small item between their fingers.,,missing,0,D:/Datasets/ImgEdit/Parquet/action_part1.parquet,3X-cfu_sHhw_segment_9_frame_0,hand,holds a small item between their fingers,action,high,"The person's hand is raised and the small object is visible between the fingers, indicating a change in",Qwen/Qwen3-VL-2B-Instruct,,imgedit_00000398_00,imgedit_00000398_00.png
imgedit_00000399_00,imgedit,action,g3vB-L93jB0_segment_4_frame_0.jpg,g3vB-L93jB0_segment_4_frame_55.jpg,,"A man with a beard sits at a desk, typing on a laptop.","A man with a beard sits at a desk, looking directly at the camera with a smile.",The man turns his head to look towards the camera.,,missing,0,D:/Datasets/ImgEdit/Parquet/action_part1.parquet,g3vB-L93jB0_segment_4_frame_0,man,man looking towards the camera,action,high,"The man's head has turned to face the camera, changing his expression from neutral to smiling.",Qwen/Qwen3-VL-2B-Instruct,,imgedit_00000399_00,imgedit_00000399_00.png
imgedit_00000400_00,imgedit,action,aOHbQVCh3x4_segment_15_frame_84.jpg,aOHbQVCh3x4_segment_15_frame_139.jpg,,A man in a grey hoodie sits on the hood of a blue sports car by a dock on a cloudy day.,"A man in a grey hoodie sits on the hood of a blue sports car by a dock on a cloudy day, with his right hand resting on the car.",The person changes from extending their right hand outward to resting it on the car.,,missing,0,D:/Datasets/ImgEdit/Parquet/action_part1.parquet,aOHbQVCh3x4_segment_15_frame_84,person,resting on the car,action,high,"The person's right hand is extended outward in the source image, but in the target image it is resting on the car.",Qwen/Qwen3-VL-2B-Instruct,,imgedit_00000400_00,imgedit_00000400_00.png
imgedit_00000401_00,imgedit,action,xWizsAgk_jI_segment_12_frame_42.jpg,xWizsAgk_jI_segment_12_frame_97.jpg,,Two women are doing a forward bend yoga pose on colorful mats in a room with white walls.,"Two women are doing a forward bend yoga pose on colorful mats in a room with white walls, with the woman on the left bending her elbows and bringing her forearms closer to her body.",The person bends their elbows and brings their forearms closer to their body.,,missing,0,D:/Datasets/ImgEdit/Parquet/action_part1.parquet,xWizsAgk_jI_segment_12_frame_42,person,person with bent elbows and forearms closer to body,action,high,"The edit focuses on the person's arm position, specifically the elbows and forearms, which are adjusted to bring them closer to the body.",Qwen/Qwen3-VL-2B-Instruct,,imgedit_00000401_00,imgedit_00000401_00.png
imgedit_00000402_00,imgedit,action,gcb5mjyMhcw_segment_119_frame_0.jpg,gcb5mjyMhcw_segment_119_frame_55.jpg,,A woman with blonde hair and a blue blouse is looking to the right with a surprised expression.,"A woman with blonde hair and a blue blouse turns her head slightly to the left, still looking to the right with a surprised expression.",The woman turns her head slightly to the left.,,missing,0,D:/Datasets/ImgEdit/Parquet/action_part1.parquet,gcb5mjyMhcw_segment_119_frame_0,woman,woman turning her head slightly to the left,action,high,"The woman's head position has been changed from facing right to slightly to the left, consistent with the instruction.",Qwen/Qwen3-VL-2B-Instruct,,imgedit_00000402_00,imgedit_00000402_00.png
imgedit_00000403_00,imgedit,action,hRV1kbaJ30M_segment_15_frame_0.jpg,hRV1kbaJ30M_segment_15_frame_55.jpg,,"A man in a pink t-shirt and black gloves stands behind a large slab of meat with eggs and cheese on it, looking up at the camera.","A man in a pink t-shirt and black gloves stands behind a large slab of meat with eggs and cheese on it, looking down at the food.",The man lowers his head to look down at the food in front of him.,,missing,0,D:/Datasets/ImgEdit/Parquet/action_part1.parquet,hRV1kbaJ30M_segment_15_frame_0,man,man looking down at the food,action,high,"The man's head is lowered to look at the food, changing his gaze from the camera to the food on the table.",Qwen/Qwen3-VL-2B-Instruct,,imgedit_00000403_00,imgedit_00000403_00.png
imgedit_00000404_00,imgedit,action,afMPL4RPty0_segment_1_frame_0.jpg,afMPL4RPty0_segment_1_frame_55.jpg,,A man in a black shirt and white cap is preparing to swing a golf club on a sunny day at a golf course.,A man in a black shirt and white cap is swinging a golf club on a sunny day at a golf course.,A man swings a golf club.,,missing,0,D:/Datasets/ImgEdit/Parquet/action_part1.parquet,afMPL4RPty0_segment_1_frame_0,a man swinging a golf club,a man swinging a golf club,action,high,"The image has been edited to show the man in the process of swinging the golf club, with a motion blur effect on the club, indicating the action.",Qwen/Qwen3-VL-2B-Instruct,,imgedit_00000404_00,imgedit_00000404_00.png
imgedit_00000405_00,imgedit,action,paCNM99pjac_segment_3_frame_0.jpg,paCNM99pjac_segment_3_frame_55.jpg,,A woman with red hair wearing a grey hoodie stands in a room with a calendar on the wall.,A woman with red hair wearing a grey hoodie tilts her head slightly to the right and stands in a room with a calendar on the wall.,The person tilts their head slightly to the right.,,missing,0,D:/Datasets/ImgEdit/Parquet/action_part1.parquet,paCNM99pjac_segment_3_frame_0,person,tilting head slightly to the right,action,high,The person's head position is changed from neutral to slightly tilted to the right.,Qwen/Qwen3-VL-2B-Instruct,,imgedit_00000405_00,imgedit_00000405_00.png
imgedit_00000406_00,imgedit,action,xWfd_Br-xvU_segment_21_frame_39.jpg,xWfd_Br-xvU_segment_21_frame_94.jpg,,"Three wheelchair basketball players on a court, with a basketball in mid-air above the hoop.","A man in a wheelchair is releasing a basketball shot, with the ball in mid-air and the hoop above.",A man releases a basketball shot.,,missing,0,D:/Datasets/ImgEdit/Parquet/action_part1.parquet,xWfd_Br-xvU_segment_21_frame_39,man in wheelchair,releasing a basketball shot,action,high,"The man is in the middle of a basketball shot, and the ball is in motion. The other two players are in the background, but their positions and actions remain unchanged.",Qwen/Qwen3-VL-2B-Instruct,,imgedit_00000406_00,imgedit_00000406_00.png
imgedit_00000407_00,imgedit,action,c2IW-NtpXnM_segment_27_frame_104.jpg,c2IW-NtpXnM_segment_27_frame_159.jpg,,"A man in a white chef's coat stands in a kitchen, holding a small tool and looking at the camera.","A man in a white chef's coat stands in a kitchen, looking downward while adjusting yellow sticks on the table.",The man looks downward while adjusting the yellow sticks on the table.,,missing,0,D:/Datasets/ImgEdit/Parquet/action_part1.parquet,c2IW-NtpXnM_segment_27_frame_104,man,man looking downward,action,high,The man's gaze and posture have changed to reflect the action of adjusting the yellow sticks on the table.,Qwen/Qwen3-VL-2B-Instruct,,imgedit_00000407_00,imgedit_00000407_00.png
imgedit_00000408_00,imgedit,action,pFrhgMzYjeU_segment_44_frame_0.jpg,pFrhgMzYjeU_segment_44_frame_55.jpg,,"A man with dark hair lies in a bed, his eyes closed and face pale with a cut on his neck.","A man with dark hair lies in a bed, his eyes open and face pale with a cut on his neck.",The person opens their eyes.,,missing,0,D:/Datasets/ImgEdit/Parquet/action_part1.parquet,pFrhgMzYjeU_segment_44_frame_0,the man's face,the man's face with open eyes,action,high,"The man's eyes are now open, indicating the action of opening them.",Qwen/Qwen3-VL-2B-Instruct,,imgedit_00000408_00,imgedit_00000408_00.png
imgedit_00000409_00,imgedit,action,upvFToKusVk_segment_1_frame_152.jpg,upvFToKusVk_segment_1_frame_200.jpg,,"A woman in a kitchen is gesturing with her hands while standing behind a table with a cake, a motorcycle cake, and a large canvas.","A woman in a kitchen is gesturing with her hands in an open and outward-facing position while standing behind a table with a cake, a motorcycle cake, and a large canvas.",The person changes hand gestures from a mid-motion position to a more open and outward-facing gesture.,,missing,0,D:/Datasets/ImgEdit/Parquet/action_part1.parquet,upvFToKusVk_segment_1_frame_152,person,person,action,high,The person's hand gestures have been changed from a mid-motion position to a more open and outward-facing gesture.,Qwen/Qwen3-VL-2B-Instruct,,imgedit_00000409_00,imgedit_00000409_00.png
imgedit_00000410_00,imgedit,action,RcqY353yRT8_segment_7_frame_50.jpg,RcqY353yRT8_segment_7_frame_105.jpg,,"A woman in a white lab coat stands in a laboratory, gesturing with her hands raised in an open position.",A woman in a white lab coat stands in a laboratory with her hands lowered to a relaxed position near her waist.,"The person lowers their hands from a raised, open gesture to a relaxed position near their waist.",,missing,0,D:/Datasets/ImgEdit/Parquet/action_part1.parquet,RcqY353yRT8_segment_7_frame_50,person,person with hands lowered,action,high,The person's hands are changed from an open gesture to a relaxed position near her waist.,Qwen/Qwen3-VL-2B-Instruct,,imgedit_00000410_00,imgedit_00000410_00.png
imgedit_00000411_00,imgedit,action,vExdnDBP_u0_segment_0_frame_0.jpg,vExdnDBP_u0_segment_0_frame_55.jpg,,"A man in a blue jacket is kneeling inside a tent, holding the edge of a sleeping bag on the floor.","A man in a blue jacket is sitting on the floor inside a tent, rolling a sleeping bag.",The person transitions from leaning forward while holding the edge of a sleeping bag to sitting back and rolling the sleeping bag.,,missing,0,D:/Datasets/ImgEdit/Parquet/action_part1.parquet,vExdnDBP_u0_segment_0_frame_0,the sleeping bag,the sleeping bag,action,high,"The person's posture changes from kneeling to sitting, and the action of rolling the sleeping bag is performed.",Qwen/Qwen3-VL-2B-Instruct,,imgedit_00000411_00,imgedit_00000411_00.png
imgedit_00000412_00,imgedit,action,aOOq2S1x4kU_segment_38_frame_101.jpg,aOOq2S1x4kU_segment_38_frame_156.jpg,,"A large crowd of people stands on a city street, holding signs and banners, with a tall building featuring a large golden facade in the background.","A large crowd of people stands on a city street, holding signs and banners, with a tall building featuring a large golden facade in the background, and a person raising an American flag in the foreground.",A person raises an American flag.,,missing,0,D:/Datasets/ImgEdit/Parquet/action_part1.parquet,aOOq2S1x4kU_segment_38_frame_101,person,raising an American flag,action,high,"The edit involves adding the action of raising an American flag by a person in the foreground, which is not present in the original image.",Qwen/Qwen3-VL-2B-Instruct,,imgedit_00000412_00,imgedit_00000412_00.png
imgedit_00000413_00,imgedit,action,BqU3cxpdaMQ_segment_9_frame_0.jpg,BqU3cxpdaMQ_segment_9_frame_55.jpg,,"A man stands on a blue tarp in a park, with food splattered on his face and shirt.","A man stands on a blue tarp in a park, wiping food off his face with his hand.",The man wipes food off his face.,,missing,0,D:/Datasets/ImgEdit/Parquet/action_part1.parquet,BqU3cxpdaMQ_segment_9_frame_0,man,man wiping food off his face,action,high,"The man's action of wiping food off his face is clearly depicted in the target image, which is consistent with the instruction. The source image shows the man with food on his face, while the target shows him in the process of wiping it off.",Qwen/Qwen3-VL-2B-Instruct,,imgedit_00000413_00,imgedit_00000413_00.png
imgedit_00000414_00,imgedit,action,Kkr0Ut-PAQg_segment_54_frame_178.jpg,Kkr0Ut-PAQg_segment_54_frame_229.jpg,,A man wearing a blue helmet and climbing gear is ascending a rocky cliff face.,"A man wearing a blue helmet and climbing gear is ascending a rocky cliff face, lowering his right arm and looking downward.",A man lowers his right arm and looks downward.,,missing,0,D:/Datasets/ImgEdit/Parquet/action_part1.parquet,Kkr0Ut-PAQg_segment_54_frame_178,man,man lowering his right arm and looking downward,action,high,"The man's right arm is in a lower position in the target image, indicating the action of lowering it.",Qwen/Qwen3-VL-2B-Instruct,,imgedit_00000414_00,imgedit_00000414_00.png
imgedit_00000415_00,imgedit,action,XBvW_t4ZjIY_segment_26_frame_0.jpg,XBvW_t4ZjIY_segment_26_frame_55.jpg,,A cartoon mechanic wearing a blue cap and green overalls stands in front of a green truck with a surprised expression.,"A cartoon mechanic wearing a blue cap and green overalls stands in front of a green truck with a surprised expression, tilting their head slightly downward.",The person tilts their head slightly downward.,,missing,0,D:/Datasets/ImgEdit/Parquet/action_part1.parquet,XBvW_t4ZjIY_segment_26_frame_0,person,tilting their head slightly downward,action,high,"The person's head position has been changed from upright to slightly downward, as per the instruction.",Qwen/Qwen3-VL-2B-Instruct,,imgedit_00000415_00,imgedit_00000415_00.png
imgedit_00000416_00,imgedit,action,Wx6Vjrqu0Zo_segment_157_frame_0.jpg,Wx6Vjrqu0Zo_segment_157_frame_55.jpg,,A young girl in a purple hooded outfit and a green military cap holds a net in a garden.,A young girl in a purple hooded outfit and a green military cap holds a net and turns her head to the side.,The person turns their head to the side while holding the net.,,missing,0,D:/Datasets/ImgEdit/Parquet/action_part1.parquet,Wx6Vjrqu0Zo_segment_157_frame_0,person,turns their head to the side,action,high,"The person's head position changes from facing forward to angled to the side, indicating a turn. The net is held in the same position.",Qwen/Qwen3-VL-2B-Instruct,,imgedit_00000416_00,imgedit_00000416_00.png
imgedit_00000417_00,imgedit,action,R0RQ4yo5lCU_segment_24_frame_2.jpg,R0RQ4yo5lCU_segment_24_frame_57.jpg,,"A woman in a floral dress stands in a kitchen, stirring a jar with a spoon.","A woman in a floral dress stands in a kitchen, lowering her right hand and steadying the jar with her left hand while stirring.",A woman lowers her right hand and steadies the jar with her left hand while stirring.,,missing,0,D:/Datasets/ImgEdit/Parquet/action_part1.parquet,R0RQ4yo5lCU_segment_24_frame_2,woman,woman with her right hand lowered and left hand steadying the jar,action,high,"The woman's hand position changes from a raised gesture to a more stable, supporting position as she stirs the jar.",Qwen/Qwen3-VL-2B-Instruct,,imgedit_00000417_00,imgedit_00000417_00.png
imgedit_00000418_00,imgedit,action,aTdhHH0MLeI_segment_2_frame_0.jpg,aTdhHH0MLeI_segment_2_frame_55.jpg,,A bronze bust of a man standing next to a large tree in a lush tropical garden.,"A bronze bust of a man standing next to a large tree in a lush tropical garden, with his arms crossed.",The woman crosses her arms.,,missing,0,D:/Datasets/ImgEdit/Parquet/action_part1.parquet,aTdhHH0MLeI_segment_2_frame_0,bust,bust with arms crossed,action,high,"The bust's arms are crossed in the target image, which is consistent with the instruction. The source image shows the bust with arms at its sides.",Qwen/Qwen3-VL-2B-Instruct,,imgedit_00000418_00,imgedit_00000418_00.png
imgedit_00000419_00,imgedit,action,AbZerwwnbTY_segment_9_frame_20.jpg,AbZerwwnbTY_segment_9_frame_75.jpg,,A woman in a kitchen is using a stand mixer to mix ingredients.,A woman in a kitchen is lowering the mixer head into the bowl.,The woman lowers the mixer head into the bowl.,,missing,0,D:/Datasets/ImgEdit/Parquet/action_part1.parquet,AbZerwwnbTY_segment_9_frame_20,mixer,mixer head,action,high,"The mixer head is lowered into the bowl, changing its position from being raised to being in contact with the bowl.",Qwen/Qwen3-VL-2B-Instruct,,imgedit_00000419_00,imgedit_00000419_00.png
imgedit_00000420_00,imgedit,action,jK-h2x7hZBM_segment_1_frame_0.jpg,jK-h2x7hZBM_segment_1_frame_55.jpg,,A bald man wearing glasses and a blue button-up shirt stands against a dark blue background.,"A bald man wearing glasses and a blue button-up shirt stands against a dark blue background, with his right arm lowered slightly.","""The person lowers their right arm slightly.""",,missing,0,D:/Datasets/ImgEdit/Parquet/action_part1.parquet,jK-h2x7hZBM_segment_1_frame_0,person,person with lowered right arm,action,high,The person's right arm is lowered in the target image compared to the source image.,Qwen/Qwen3-VL-2B-Instruct,,imgedit_00000420_00,imgedit_00000420_00.png
imgedit_00000421_00,imgedit,action,A_CJGrjl9LA_segment_86_frame_0.jpg,A_CJGrjl9LA_segment_86_frame_55.jpg,,A man in a hat and backpack is holding a map and looking down at it.,A man in a hat and backpack is holding a map and looking straight ahead.,The person lowers the map and looks straight ahead.,,missing,0,D:/Datasets/ImgEdit/Parquet/action_part1.parquet,A_CJGrjl9LA_segment_86_frame_0,the man,the man looking straight ahead,action,high,"The man's head is turned down in the source, but in the target he is looking straight ahead. The map is still in his hand but not the focus of the action.",Qwen/Qwen3-VL-2B-Instruct,,imgedit_00000421_00,imgedit_00000421_00.png
imgedit_00000422_00,imgedit,action,qnsvsjCAe7Y_segment_5_frame_200.jpg,qnsvsjCAe7Y_segment_5_frame_255.jpg,,"A woman in a green tank top stands at a kitchen counter, preparing ingredients for a meal.","A woman in a green tank top stands at a kitchen counter, straightening her posture and looking down at her hands.","The woman adjusts her posture, straightening her position.",,missing,0,D:/Datasets/ImgEdit/Parquet/action_part1.parquet,qnsvsjCAe7Y_segment_5_frame_200,woman,woman,action,high,The woman's posture is adjusted to be straighter and more upright.,Qwen/Qwen3-VL-2B-Instruct,,imgedit_00000422_00,imgedit_00000422_00.png
imgedit_00000423_00,imgedit,action,hR0GwcKxcgg_segment_0_frame_0.jpg,hR0GwcKxcgg_segment_0_frame_55.jpg,,"A man in a teal shirt holds a Nintendo console in his hands, looking at the camera.",A man in a teal shirt holds a Nintendo console in his hands with his right hand moving away from the console while continuing to hold it with his left hand.,The man moves his right hand away from the Nintendo console while continuing to hold it with his left hand.,,missing,0,D:/Datasets/ImgEdit/Parquet/action_part1.parquet,hR0GwcKxcgg_segment_0_frame_0,man,man,action,high,"The man's right hand is moved away from the console, but the left hand remains holding it.",Qwen/Qwen3-VL-2B-Instruct,,imgedit_00000423_00,imgedit_00000423_00.png
imgedit_00000424_00,imgedit,action,7erniPIl9TQ_segment_2_frame_0.jpg,7erniPIl9TQ_segment_2_frame_55.jpg,,"A man in a black t-shirt holds a black and red shoe, standing in front of a gray background.","A man in a black t-shirt holds a black and red shoe, standing in front of a gray background, while raising his left hand in a gesturing motion and shifting the shoe to show its front.",The man shifts the shoe to show its front while raising his left hand in a gesturing motion.,,missing,0,D:/Datasets/ImgEdit/Parquet/action_part1.parquet,7erniPIl9TQ_segment_2_frame_0,shoe,shoe,action,high,The man's hand and the shoe's position have been altered to match the instruction.,Qwen/Qwen3-VL-2B-Instruct,,imgedit_00000424_00,imgedit_00000424_00.png
imgedit_00000425_00,imgedit,action,KlLmtj-1CGo_segment_28_frame_0.jpg,KlLmtj-1CGo_segment_28_frame_54.jpg,,"A man with short, dark hair looks directly at the camera in a dimly lit, blurry environment.","A man with short, dark hair tilts his head downward, looking down and to the left in a dimly lit, blurry environment.",The subject slightly tilts their head downward.,,missing,0,D:/Datasets/ImgEdit/Parquet/action_part1.parquet,KlLmtj-1CGo_segment_28_frame_0,man,tilting head downward,action,high,"The man's head position changes from straight to slightly tilted downward, matching the instruction.",Qwen/Qwen3-VL-2B-Instruct,,imgedit_00000425_00,imgedit_00000425_00.png
imgedit_00000426_00,imgedit,action,pwD9FF_Nlvc_segment_1_frame_226.jpg,pwD9FF_Nlvc_segment_1_frame_281.jpg,,"A man in a plaid shirt and brown pants stands in a dense forest, holding a snowboard.","A man in a plaid shirt and brown pants stands in a dense forest, holding a snowboard with his left hand and raising his right hand.",The person raises their right hand while holding the snowboard with their left hand.,,missing,0,D:/Datasets/ImgEdit/Parquet/action_part1.parquet,pwD9FF_Nlvc_segment_1_frame_226,person,person with raised right hand,action,high,The person's right hand is raised while holding the snowboard with the left hand.,Qwen/Qwen3-VL-2B-Instruct,,imgedit_00000426_00,imgedit_00000426_00.png
imgedit_00000427_00,imgedit,action,qE-uqZ9vp9Y_segment_0_frame_0.jpg,qE-uqZ9vp9Y_segment_0_frame_55.jpg,,A man with gray hair and blue eyes is looking at the camera in a room with a tapestry and a sewing machine.,"The man's head has shifted slightly to the left, still looking at the camera in the same room.",The person's head slightly shifts to the left.,,missing,0,D:/Datasets/ImgEdit/Parquet/action_part1.parquet,qE-uqZ9vp9Y_segment_0_frame_0,the man's head,the man's head slightly shifted to the left,action,high,The man's head position has been adjusted to the left in the image.,Qwen/Qwen3-VL-2B-Instruct,,imgedit_00000427_00,imgedit_00000427_00.png
imgedit_00000428_00,imgedit,action,u0kR-2HAsMM_segment_231_frame_0.jpg,u0kR-2HAsMM_segment_231_frame_55.jpg,,A man in a suit and tie is speaking in front of a NATO flag.,"A man in a suit and tie is speaking in front of a NATO flag, with his head turned slightly to the right.",The person turns their head slightly to the right.,,missing,0,D:/Datasets/ImgEdit/Parquet/action_part1.parquet,u0kR-2HAsMM_segment_231_frame_0,person,person with head turned slightly to the right,action,high,The person's head position has been adjusted to the right.,Qwen/Qwen3-VL-2B-Instruct,,imgedit_00000428_00,imgedit_00000428_00.png
imgedit_00000429_00,imgedit,action,HEZqanWT27w_segment_5_frame_0.jpg,HEZqanWT27w_segment_5_frame_55.jpg,,A man in a grey hoodie sits at a desk holding a black mouse in his left hand and gesturing with his right hand.,A man in a grey hoodie sits at a desk holding a black mouse in his left hand and slightly lowers his right hand while gesturing with his left hand.,The person slightly lowers their right hand while continuing to hold the mouse with their left hand.,,missing,0,D:/Datasets/ImgEdit/Parquet/action_part1.parquet,HEZqanWT27w_segment_5_frame_0,person,person,action,high,"The person's right hand is slightly lower in the target image, indicating a subtle downward movement.",Qwen/Qwen3-VL-2B-Instruct,,imgedit_00000429_00,imgedit_00000429_00.png
imgedit_00000430_00,imgedit,action,LqE8MaOHigI_segment_8_frame_46.jpg,LqE8MaOHigI_segment_8_frame_101.jpg,,A man with a beard and a hat holds a red electric guitar and sits in front of a white background.,"A man with a beard and a hat holds a red electric guitar and sits in front of a white background, pointing at the guitar with his right hand.",A man points at the guitar with his right hand.,,missing,0,D:/Datasets/ImgEdit/Parquet/action_part1.parquet,LqE8MaOHigI_segment_8_frame_46,man,man pointing at the guitar,action,high,"The man's right hand is now extended toward the guitar, indicating a pointing action. The guitar remains in the same position, and the background is unchanged.",Qwen/Qwen3-VL-2B-Instruct,,imgedit_00000430_00,imgedit_00000430_00.png
imgedit_00000431_00,imgedit,action,71ZgnIAKppQ_segment_0_frame_0.jpg,71ZgnIAKppQ_segment_0_frame_55.jpg,,A man in a purple polo shirt stands in a room with a wooden shelf filled with toys behind him.,"A man in a purple polo shirt holds a hairdryer in his right hand, standing in the same room.","The man raises his right arm, holding the hairdryer upright.",,missing,0,D:/Datasets/ImgEdit/Parquet/action_part1.parquet,71ZgnIAKppQ_segment_0_frame_0,man,man holding a hairdryer,action,high,The man raises his right arm to hold the hairdryer upright.,Qwen/Qwen3-VL-2B-Instruct,,imgedit_00000431_00,imgedit_00000431_00.png
imgedit_00000432_00,imgedit,action,aKIs1n53u3c_segment_32_frame_0.jpg,aKIs1n53u3c_segment_32_frame_55.jpg,,"A woman with pink hair and glasses stands in a kitchen with a red patterned wall, wearing a black t-shirt with a graphic design, and holding her hands clasped in front.","A woman with pink hair and glasses stands in a kitchen with a red patterned wall, wearing a black t-shirt with a graphic design, and turning to face forward with her hands gently clasped in front.",The person turns to face forward with hands gently clasped in front.,,missing,0,D:/Datasets/ImgEdit/Parquet/action_part1.parquet,aKIs1n53u3c_segment_32_frame_0,person,person turns to face forward with hands gently clasped in front,action,high,"The person's orientation has changed from a side profile to facing forward, with her",Qwen/Qwen3-VL-2B-Instruct,,imgedit_00000432_00,imgedit_00000432_00.png
imgedit_00000433_00,imgedit,action,QaE_S-68Fms_segment_127_frame_0.jpg,QaE_S-68Fms_segment_127_frame_55.jpg,,A man and a monkey are flying a kite in a grassy field under a blue sky.,"A man is flying a kite with a monkey riding on his back, holding the strings above him.",A monkey spins a yellow cup rapidly while a man holds the strings above him.,,missing,0,D:/Datasets/ImgEdit/Parquet/action_part1.parquet,QaE_S-68Fms_segment_127_frame_0,monkey,monkey spinning a yellow cup while the man holds the strings above him,action,high,"The monkey is now spinning a yellow cup, and the man is holding the kite string above his head.",Qwen/Qwen3-VL-2B-Instruct,,imgedit_00000433_00,imgedit_00000433_00.png
imgedit_00000434_00,imgedit,action,29yPkVFNZsI_segment_2_frame_152.jpg,29yPkVFNZsI_segment_2_frame_207.jpg,,"A man in a suit stands on a dark stage, holding a small device in his right hand and gesturing with his left.","A man in a suit stands on a dark stage, holding a small device with both hands and gesturing with his left hand.",The man lowers his right hand and holds a device with both hands.,,missing,0,D:/Datasets/ImgEdit/Parquet/action_part1.parquet,29yPkVFNZsI_segment_2_frame_152,man,man holding a device with both hands,action,high,The man's right hand is lowered and he is now holding the device with both hands.,Qwen/Qwen3-VL-2B-Instruct,,imgedit_00000434_00,imgedit_00000434_00.png
imgedit_00000435_00,imgedit,action,Ta9xkweCP3s_segment_1_frame_0.jpg,Ta9xkweCP3s_segment_1_frame_55.jpg,,"A man in a dark coat stands on a wooden pier with a metal railing, looking at the camera.","A man in a dark coat leans forward while walking on a wooden pier with a metal railing, looking at the camera.",A man leans forward while walking.,,missing,0,D:/Datasets/ImgEdit/Parquet/action_part1.parquet,Ta9xkweCP3s_segment_1_frame_0,man,leaning forward,action,high,The man's posture changes from standing to leaning forward as he walks. The edit is consistent with the original scene and the instruction.,Qwen/Qwen3-VL-2B-Instruct,,imgedit_00000435_00,imgedit_00000435_00.png
imgedit_00000436_00,imgedit,action,X6SP6uGhGmQ_segment_18_frame_37.jpg,X6SP6uGhGmQ_segment_18_frame_92.jpg,,A young person in a bright green shirt is lying on a mat with a white dog and a cat.,"A young person in a bright green shirt is lying on a mat with a white dog and a cat, raising the treat slightly higher.",The person raises the treat slightly higher.,,missing,0,D:/Datasets/ImgEdit/Parquet/action_part1.parquet,X6SP6uGhGmQ_segment_18_frame_37,the treat,the treat,action,high,"The edit involves raising the treat slightly higher, which is consistent with the action in the image.",Qwen/Qwen3-VL-2B-Instruct,,imgedit_00000436_00,imgedit_00000436_00.png
imgedit_00000437_00,imgedit,action,rA1UA6CvyM4_segment_16_frame_0.jpg,rA1UA6CvyM4_segment_16_frame_55.jpg,,A cartoon boy wearing a white cap and a green shirt stands in a room with a blue wall and a wooden cabinet.,"A cartoon boy wearing a white cap and a green shirt turns his head slightly to the right, standing in a room with a blue wall and a wooden cabinet.",The person slightly turns their head to the right.,,missing,0,D:/Datasets/ImgEdit/Parquet/action_part1.parquet,rA1UA6CvyM4_segment_16_frame_0,the person,the person slightly turns their head to the right,action,high,The person's head position is changed from facing forward to slightly turned right.,Qwen/Qwen3-VL-2B-Instruct,,imgedit_00000437_00,imgedit_00000437_00.png
imgedit_00000438_00,imgedit,action,pae7US0AChQ_segment_14_frame_44.jpg,pae7US0AChQ_segment_14_frame_99.jpg,,"A person stands in a 3D room with a large octopus behind them, surrounded by a glowing octopus in the foreground.","A person stands in a 3D room with a large octopus behind them, raising both hands up and shifting their stance.",The person raises both hands up and shifts their stance.,,missing,0,D:/Datasets/ImgEdit/Parquet/action_part1.parquet,pae7US0AChQ_segment_14_frame_44,person,person with both hands raised,action,high,"The person's posture changes from standing to raising both hands, with the octopus and surrounding environment remaining unchanged.",Qwen/Qwen3-VL-2B-Instruct,,imgedit_00000438_00,imgedit_00000438_00.png
imgedit_00000439_00,imgedit,action,aKEtG_TfZbQ_segment_28_frame_66.jpg,aKEtG_TfZbQ_segment_28_frame_121.jpg,,"A woman in a denim jacket holds a pink and white patterned box, facing the camera.","A woman in a denim jacket holds a pink and white patterned box, turned to show its side.",The person turns the object from facing forward to showing its side.,,missing,0,D:/Datasets/ImgEdit/Parquet/action_part1.parquet,aKEtG_TfZbQ_segment_28_frame_66,the box,the box turned to show its side,action,high,"The box is rotated to display its side, changing the orientation of the object.",Qwen/Qwen3-VL-2B-Instruct,,imgedit_00000439_00,imgedit_00000439_00.png
imgedit_00000440_00,imgedit,action,6IxXaovcxi8_segment_2_frame_0.jpg,6IxXaovcxi8_segment_2_frame_55.jpg,,"A woman in a kitchen holds a green bottle with a cap, standing in front of a blender.","A woman in a kitchen holds a green bottle with the cap twisted off, standing in front of a blender.",A woman twists the cap off a green bottle.,,missing,0,D:/Datasets/ImgEdit/Parquet/action_part1.parquet,6IxXaovcxi8_segment_2_frame_0,bottle,bottle with cap twisted off,action,high,"The action of twisting the cap off is clearly depicted in the target image, which is consistent with the instruction.",Qwen/Qwen3-VL-2B-Instruct,,imgedit_00000440_00,imgedit_00000440_00.png
imgedit_00000441_00,imgedit,action,XC95b-0xkOU_segment_19_frame_6.jpg,XC95b-0xkOU_segment_19_frame_61.jpg,,A woman in a yellow shirt and checkered jacket is feeding a child with a spoon at a meal.,"A woman in a yellow shirt and checkered jacket is feeding a child with a spoon, lowering it from near the plate while holding the child's hand.",A person lowers the spoon from near the plate while holding a child's hand.,,missing,0,D:/Datasets/ImgEdit/Parquet/action_part1.parquet,XC95b-0xkOU_segment_19_frame_6,spoon,lowering the spoon,action,high,"The spoon is lowered from the plate, and the woman is holding the child's hand, indicating a change in the spoon's position and the interaction.",Qwen/Qwen3-VL-2B-Instruct,,imgedit_00000441_00,imgedit_00000441_00.png
imgedit_00000442_00,imgedit,action,ORyNwYSNaKs_segment_148_frame_4.jpg,ORyNwYSNaKs_segment_148_frame_59.jpg,,"A woman in a green sweater and blue pants stands in a child's room with two children, one in a green dress and the other in a yellow shirt, both holding cardboard boxes.","A woman in a green sweater and blue pants stands in a child's room, pointing forward with her right arm.","""The woman extends her arm to point forward.""",,missing,0,D:/Datasets/ImgEdit/Parquet/action_part1.parquet,ORyNwYSNaKs_segment_148_frame_4,woman,pointing forward,action,high,"The woman's arm is extended and pointing forward, indicating a change in her posture and action.",Qwen/Qwen3-VL-2B-Instruct,,imgedit_00000442_00,imgedit_00000442_00.png
imgedit_00000443_00,imgedit,action,4v5sfDzjPTc_segment_9_frame_28.jpg,4v5sfDzjPTc_segment_9_frame_83.jpg,,"A bald man in a black t-shirt sits in a cluttered room, looking at the camera.","A bald man in a black t-shirt turns his head slightly to the right, looking at the camera.",The person turns their head slightly to the right.,,missing,0,D:/Datasets/ImgEdit/Parquet/action_part1.parquet,4v5sfDzjPTc_segment_9_frame_28,person,person turns his head slightly to the right,action,high,The person's head position has been adjusted to the right.,Qwen/Qwen3-VL-2B-Instruct,,imgedit_00000443_00,imgedit_00000443_00.png
imgedit_00000444_00,imgedit,action,aTIFw4FPdNA_segment_34_frame_0.jpg,aTIFw4FPdNA_segment_34_frame_50.jpg,,A woman with blonde hair wearing a yellow top sits at a table with four bins filled with chocolate cookies and a large white object in front of her.,"A woman with blonde hair wearing a yellow top sits at a table with four bins filled with chocolate cookies and a large white object in front of her, raising her left hand with fingers spread open.",The woman raises her left hand with fingers spread open.,,missing,0,D:/Datasets/ImgEdit/Parquet/action_part1.parquet,aTIFw4FPdNA_segment_34_frame_0,woman,raising her left hand with fingers spread open,action,high,"The woman's left hand is raised with fingers spread open, indicating an action.",Qwen/Qwen3-VL-2B-Instruct,,imgedit_00000444_00,imgedit_00000444_00.png
imgedit_00000445_00,imgedit,action,rB98FLNH0Q0_segment_29_frame_0.jpg,rB98FLNH0Q0_segment_29_frame_55.jpg,,A man in a dark suit and tie is speaking in a dimly lit room with a decorative screen and a floral arrangement.,"A man in a dark suit and tie is speaking in a dimly lit room with a decorative screen and a floral arrangement, but his head is turned slightly to the right.",The person turns their head slightly to the right.,,missing,0,D:/Datasets/ImgEdit/Parquet/action_part1.parquet,rB98FLNH0Q0_segment_29_frame_0,man,man with his head turned slightly to the right,action,high,The man's head position has been adjusted to the right.,Qwen/Qwen3-VL-2B-Instruct,,imgedit_00000445_00,imgedit_00000445_00.png
imgedit_00000446_00,imgedit,action,unoKeQpZKM4_segment_72_frame_2.jpg,unoKeQpZKM4_segment_72_frame_57.jpg,,"A woman with brown hair wearing a striped shirt stands in a kitchen, gesturing with her hands.","A woman with brown hair wearing a striped shirt stands in a kitchen, lowering her hands slightly while maintaining a similar hand position.",The person lowers their hands slightly while maintaining a similar hand position.,,missing,0,D:/Datasets/ImgEdit/Parquet/action_part1.parquet,unoKeQpZKM4_segment_72_frame_2,person,person,action,high,The person's hands are lowered slightly in the target image compared to the source image.,Qwen/Qwen3-VL-2B-Instruct,,imgedit_00000446_00,imgedit_00000446_00.png
imgedit_00000447_00,imgedit,action,KgZSNlsu0VQ_segment_1_frame_0.jpg,KgZSNlsu0VQ_segment_1_frame_55.jpg,,"A man with a beard and glasses stands in a park, next to a bird feeder stand with two feeders and a small birdhouse.","A man with a beard and glasses stands in a park, next to a bird feeder stand with two feeders and a small birdhouse, raising his right hand with a finger pointing upwards.",The man raises his right hand with a finger pointing upwards.,,missing,0,D:/Datasets/ImgEdit/Parquet/action_part1.parquet,KgZSNlsu0VQ_segment_1_frame_0,man,man raising his right hand with a finger pointing upwards,action,high,"The man's hand is raised with a finger pointing upwards, which is not present in the source image.",Qwen/Qwen3-VL-2B-Instruct,,imgedit_00000447_00,imgedit_00000447_00.png
imgedit_00000448_00,imgedit,action,Br4UIQP4ynw_segment_0_frame_0.jpg,Br4UIQP4ynw_segment_0_frame_55.jpg,,"A man with glasses and a beard wearing a black t-shirt with the word 'ENTHUSIAST' on it, standing in front of a glowing blue neon sign with the letters 'T' and 'A' and a triangle, with palm fronds behind him.","A man with glasses and a beard wearing a black t-shirt with the word 'ENTHUSIAST' on it, standing in front of a glowing blue neon sign with the letters 'T' and 'A' and a triangle, with palm fronds behind him, but turned slightly to the right.",The person turns their head slightly to the right.,,missing,0,D:/Datasets/ImgEdit/Parquet/action_part1.parquet,Br4UIQP4ynw_segment_0_frame_0,person,"person, turned slightly to the right",,medium,Recovered from truncated JSON.,Qwen/Qwen3-VL-2B-Instruct,,imgedit_00000448_00,imgedit_00000448_00.png
imgedit_00000449_00,imgedit,action,JOLNLzdg7hs_segment_9_frame_10.jpg,JOLNLzdg7hs_segment_9_frame_65.jpg,,"A woman with dark hair wearing a green top is in a kitchen, raising her right arm with a spoon in her hand.","A woman with dark hair wearing a green top is in a kitchen, lowering her raised arm and holding the spoon closer to her chest.",The woman lowers her raised arm and holds the spoon closer to her chest.,,missing,0,D:/Datasets/ImgEdit/Parquet/action_part1.parquet,JOLNLzdg7hs_segment_9_frame_10,the woman's raised arm and spoon,the woman's arm lowered and the spoon held closer to her chest,action,high,The edit changes the woman's arm position and the spoon's placement relative to her body.,Qwen/Qwen3-VL-2B-Instruct,,imgedit_00000449_00,imgedit_00000449_00.png
imgedit_00000450_00,imgedit,action,xcP7b44I3wI_segment_23_frame_0.jpg,xcP7b44I3wI_segment_23_frame_55.jpg,,"A man with long dark hair and glasses, wearing a trench coat, is in a dimly lit, industrial setting, performing a fast, blurred motion with his right hand.","A man with long dark hair and glasses, wearing a trench coat, is in a dimly lit, industrial setting, raising his right index finger in a clear, deliberate gesture.","The person changes their hand gesture from a fast, blurred motion to raising their index finger.",,missing,0,D:/Datasets/ImgEdit/Parquet/action_part1.parquet,xcP7b44I3wI_segment_23_frame_0,hand,index finger,action,high,"The hand gesture is changed from a fast, blurred motion to a raised index finger, which is the requested edit.",Qwen/Qwen3-VL-2B-Instruct,,imgedit_00000450_00,imgedit_00000450_00.png
imgedit_00000451_00,imgedit,action,LsDu4AYba6k_segment_9_frame_0.jpg,LsDu4AYba6k_segment_9_frame_55.jpg,,A woman holds a black mascara tube with red text in her hand.,"A woman holds a black mascara tube closer to the camera, with her hand raised and the tube more prominent.",The person raises their hand and holds a makeup item closer to the camera.,,missing,0,D:/Datasets/ImgEdit/Parquet/action_part1.parquet,LsDu4AYba6k_segment_9_frame_0,mascara tube,mascara tube,action,high,The hand position and the mascara tube's proximity to the camera are changed to reflect the action described.,Qwen/Qwen3-VL-2B-Instruct,,imgedit_00000451_00,imgedit_00000451_00.png
imgedit_00000452_00,imgedit,action,YRvMnTFwKzg_segment_15_frame_0.jpg,YRvMnTFwKzg_segment_15_frame_55.jpg,,"A knight on a white horse gallops through a forest, while another knight on a dark horse charges forward with a raised sword.","A knight on a white horse gallops through a forest, while another knight on a dark horse charges forward with a raised sword, and the man on the white horse raises one hand while looking startled.",The man on the white horse raises one hand while looking startled.,,missing,0,D:/Datasets/ImgEdit/Parquet/action_part1.parquet,YRvMnTFwKzg_segment_15_frame_0,the man on the white horse,the man on the white horse raises one hand while looking startled,action,high,"The edit changes the man's expression and hand position from a neutral or aggressive stance to a startled one, consistent with the",Qwen/Qwen3-VL-2B-Instruct,,imgedit_00000452_00,imgedit_00000452_00.png
imgedit_00000453_00,imgedit,action,KLe3dIqMSJE_segment_15_frame_0.jpg,KLe3dIqMSJE_segment_15_frame_55.jpg,,"A man in a gym stands with his legs apart, wearing a cap, a gray and black shirt, and black shorts.","A man in a gym stands with his upper body straightened, wearing a cap, a gray and black shirt, and black shorts.",The man straightens his upper body while standing with legs apart.,,missing,0,D:/Datasets/ImgEdit/Parquet/action_part1.parquet,KLe3dIqMSJE_segment_15_frame_0,man,man with straightened upper body,action,high,"The man's upper body is straightened in the target image, while his legs remain apart. The edit is focused on the man's posture.",Qwen/Qwen3-VL-2B-Instruct,,imgedit_00000453_00,imgedit_00000453_00.png
imgedit_00000454_00,imgedit,action,sM4ieSILkXY_segment_3_frame_0.jpg,sM4ieSILkXY_segment_3_frame_55.jpg,,A man in a blue shirt is holding a purple mop upright with one hand while looking down at it.,A man in a blue shirt is gripping the mop handle with both hands while looking down at it.,The person moves from holding a mop upright with one hand to gripping the mop handle with both hands.,,missing,0,D:/Datasets/ImgEdit/Parquet/action_part1.parquet,sM4ieSILkXY_segment_3_frame_0,mop,mop handle,action,high,The man's hand position changes from holding the mop upright to gripping the handle with both hands.,Qwen/Qwen3-VL-2B-Instruct,,imgedit_00000454_00,imgedit_00000454_00.png
imgedit_00000455_00,imgedit,action,Hu2QBQoTT4k_segment_46_frame_8.jpg,Hu2QBQoTT4k_segment_46_frame_63.jpg,,"An elderly woman in a maroon sari sits on the ground, stirring a dish in a large pan with a long spoon.","An elderly woman in a maroon sari sits on the ground, stirring a dish in a large pan with a long spoon.",A person stirs the food in the pan with a utensil.,,missing,0,D:/Datasets/ImgEdit/Parquet/action_part1.parquet,Hu2QBQoTT4k_segment_46_frame_8,a person stirring food in the pan with a utensil,a person stirring food in the pan with a utensil,action,high,"The edit is a copy-paste of the source prompt, so the action is not changed.",Qwen/Qwen3-VL-2B-Instruct,,imgedit_00000455_00,imgedit_00000455_00.png
imgedit_00000456_00,imgedit,action,AZKbO2B7po0_segment_0_frame_13.jpg,AZKbO2B7po0_segment_0_frame_68.jpg,,"A grid of circular images displaying various animals, artifacts, and natural scenes.","A grid of circular images displaying various animals, artifacts, and natural scenes, with new circular images added and existing ones shifted.","""New circular images are added and existing ones shifted.""",,missing,0,D:/Datasets/ImgEdit/Parquet/action_part1.parquet,AZKbO2B7po0_segment_0_frame_13,circular images,circular images with new ones added and existing ones shifted,action,high,The edit involves adding new circular images and shifting the positions of existing ones to create a different arrangement.,Qwen/Qwen3-VL-2B-Instruct,,imgedit_00000456_00,imgedit_00000456_00.png
imgedit_00000457_00,imgedit,action,rAGWaauC6pk_segment_30_frame_0.jpg,rAGWaauC6pk_segment_30_frame_55.jpg,,A woman with blonde hair wearing a white shirt and black apron is standing in a kitchen.,A woman with blonde hair wearing a white shirt and black apron is turning her head slightly to the left.,The person turns their head slightly to the side.,,missing,0,D:/Datasets/ImgEdit/Parquet/action_part1.parquet,rAGWaauC6pk_segment_30_frame_0,person,person turning her head slightly to the side,action,high,The person's head position changes from facing forward to slightly turned to the side.,Qwen/Qwen3-VL-2B-Instruct,,imgedit_00000457_00,imgedit_00000457_00.png
imgedit_00000458_00,imgedit,action,RcVpG-M1xPg_segment_29_frame_0.jpg,RcVpG-M1xPg_segment_29_frame_55.jpg,,"A woman in a kitchen holds a silver and black bag, looking at the contents of a container on the counter.","A woman in a kitchen unfolds a black and silver bag, revealing its contents as she holds it open.",A woman unfolds a black and silver bag.,,missing,0,D:/Datasets/ImgEdit/Parquet/action_part1.parquet,RcVpG-M1xPg_segment_29_frame_0,black and silver bag,unfolding,action,high,"The bag is being opened, and the woman's action of unfolding it is the key change.",Qwen/Qwen3-VL-2B-Instruct,,imgedit_00000458_00,imgedit_00000458_00.png
imgedit_00000459_00,imgedit,action,2A5lorHLVxM_segment_2_frame_0.jpg,2A5lorHLVxM_segment_2_frame_55.jpg,,"An older man with white hair wearing a dark blue sweatshirt stands in a living room, looking up and to the right.","An older man with white hair wearing a dark blue sweatshirt stands in a living room, looking up and to the right, with his head turned slightly to the right.",The man turns his head slightly to the right.,,missing,0,D:/Datasets/ImgEdit/Parquet/action_part1.parquet,2A5lorHLVxM_segment_2_frame_0,man,man with his head turned slightly to the right,action,high,The man's head position has been adjusted to match the instruction.,Qwen/Qwen3-VL-2B-Instruct,,imgedit_00000459_00,imgedit_00000459_00.png
imgedit_00000460_00,imgedit,action,KhWFiCZlDmM_segment_1_frame_0.jpg,KhWFiCZlDmM_segment_1_frame_55.jpg,,"A woman in a black chef's coat stands in a modern kitchen, gesturing with her hands while preparing food.","A woman in a black chef's coat stands in a modern kitchen, with her hands lowered and resting on the counter.",The woman lowers her hands and rests one hand on the counter.,,missing,0,D:/Datasets/ImgEdit/Parquet/action_part1.parquet,KhWFiCZlDmM_segment_1_frame_0,woman,woman with hands resting on the counter,action,high,"The woman's hands are lowered and placed on the counter, changing her posture from gesturing to a more relaxed stance.",Qwen/Qwen3-VL-2B-Instruct,,imgedit_00000460_00,imgedit_00000460_00.png
imgedit_00000461_00,imgedit,action,rAQefsl_KrA_segment_6_frame_8.jpg,rAQefsl_KrA_segment_6_frame_63.jpg,,"A woman with wet, brown hair is being styled by a hand holding a hairbrush.","A woman with wet, brown hair is being styled by a hand pulling a section of hair further away from the head.",A person pulls a section of hair further away from the head.,,missing,0,D:/Datasets/ImgEdit/Parquet/action_part1.parquet,rAQefsl_KrA_segment_6_frame_8,hand,pulling a section of hair further away from the head,action,high,"The hand is now actively pulling a section of hair away from the head, indicating a change in the action.",Qwen/Qwen3-VL-2B-Instruct,,imgedit_00000461_00,imgedit_00000461_00.png
imgedit_00000462_00,imgedit,action,gcHEZdlARYU_segment_7_frame_0.jpg,gcHEZdlARYU_segment_7_frame_55.jpg,,"A man with a beard and sunglasses on his head, wearing a white jacket, leaning against a concrete wall.","A man with a beard and sunglasses on his head, wearing a white jacket, leaning against a concrete wall and tilting his head slightly more to the left.",The person tilts their head slightly more to the left.,,missing,0,D:/Datasets/ImgEdit/Parquet/action_part1.parquet,gcHEZdlARYU_segment_7_frame_0,person,tilting his head slightly more to the left,action,high,The person's head position has been adjusted to match the instruction.,Qwen/Qwen3-VL-2B-Instruct,,imgedit_00000462_00,imgedit_00000462_00.png
imgedit_00000463_00,imgedit,action,kYrP_x3B2EY_segment_0_frame_16.jpg,kYrP_x3B2EY_segment_0_frame_71.jpg,,"A bald man wearing a white t-shirt with a stormtrooper graphic stands in a futuristic, industrial-style room with a control panel and a circular viewport.","A bald man wearing a white t-shirt with a stormtrooper graphic stands in a futuristic, industrial-style room with a control panel and a circular viewport, raising his hands near his face in a pointing gesture.",The person transitions from holding their hands together in a clapping motion to raising their hands near their face in a pointing or gesturing manner.,,missing,0,D:/Datasets/ImgEdit/Parquet/action_part1.parquet,kYrP_x3B2EY_segment_0_frame_16,person,raising hands near face,action,high,The person's hands transition from being held together in a clapping motion to being raised in a pointing gesture.,Qwen/Qwen3-VL-2B-Instruct,,imgedit_00000463_00,imgedit_00000463_00.png
imgedit_00000464_00,imgedit,action,_Ev8VHY2Eao_segment_114_frame_14.jpg,_Ev8VHY2Eao_segment_114_frame_68.jpg,,"A large pink pig stands on a wooden floor, holding a blue book while a small panda looks on.","A large pink pig sits in a stroller on a wooden floor, holding a blue book while a small panda looks on.",The pig changes from standing and holding an item to sitting in a stroller and holding a book.,,missing,0,D:/Datasets/ImgEdit/Parquet/action_part1.parquet,_Ev8VHY2Eao_segment_114_frame_14,the pig,the pig sitting in a stroller,action,high,The pig's posture and the stroller are the key changes. The scene context remains consistent.,Qwen/Qwen3-VL-2B-Instruct,,imgedit_00000464_00,imgedit_00000464_00.png
imgedit_00000465_00,imgedit,action,ylC66SmKFlU_segment_2_frame_0.jpg,ylC66SmKFlU_segment_2_frame_55.jpg,,A woman in a gym wearing a pink sports bra and black shorts stands with her hands on her hips.,A woman in a gym wearing a pink sports bra and black shorts shifts her weight onto one leg while crossing the opposite foot in front.,The woman shifts her weight onto one leg while crossing the opposite foot in front.,,missing,0,D:/Datasets/ImgEdit/Parquet/action_part1.parquet,ylC66SmKFlU_segment_2_frame_0,woman,woman shifting her weight onto one leg while crossing the opposite foot in front,action,high,"The woman's posture changes to reflect the described action, specifically a step forward with one leg. The motion is consistent with a forward lunge or a step.",Qwen/Qwen3-VL-2B-Instruct,,imgedit_00000465_00,imgedit_00000465_00.png
imgedit_00000466_00,imgedit,action,Q_YgSRZQ854_segment_11_frame_0.jpg,Q_YgSRZQ854_segment_11_frame_55.jpg,,"A woman in a teal sweatshirt is holding a white paper with a drawing of a giraffe, looking down at it.","The woman is holding the paper lower, with the giraffe drawing now positioned more towards the center of the frame.",The person shifts the paper slightly lower while holding it.,,missing,0,D:/Datasets/ImgEdit/Parquet/action_part1.parquet,Q_YgSRZQ854_segment_11_frame_0,the paper,the paper with the giraffe drawing slightly lower,action,high,"The paper is shifted slightly lower, altering the viewer's perspective of the drawing.",Qwen/Qwen3-VL-2B-Instruct,,imgedit_00000466_00,imgedit_00000466_00.png
imgedit_00000467_00,imgedit,action,jK8u69QOKfY_segment_78_frame_50.jpg,jK8u69QOKfY_segment_78_frame_105.jpg,,"A man in a black cap and a blue hoodie is standing in a room, holding a small piece of paper and looking at it.","A man in a black cap and a blue hoodie is standing in a room, raising and holding up a small piece of paper with a blue signature on it.",The person raises and holds up a card or piece of paper.,,missing,0,D:/Datasets/ImgEdit/Parquet/action_part1.parquet,jK8u69QOKfY_segment_78_frame_50,a piece of paper,a piece of paper with a blue signature,action,high,"The man's posture and the way he holds the paper are consistent with the instruction. The paper has a blue signature on it, which is a new detail not present in the source image",Qwen/Qwen3-VL-2B-Instruct,,imgedit_00000467_00,imgedit_00000467_00.png
imgedit_00000468_00,imgedit,action,ZluQqNmVLnU_segment_5_frame_0.jpg,ZluQqNmVLnU_segment_5_frame_55.jpg,,A man in dark armor stands in the center of a courtyard surrounded by a line of guards in ornate armor.,"A man in dark armor walks forward with his arms spread wide, surrounded by a line of guards in ornate armor.",A man spreads his arms wide while walking forward.,,missing,0,D:/Datasets/ImgEdit/Parquet/action_part1.parquet,ZluQqNmVLnU_segment_5_frame_0,man,man walking forward with arms spread wide,action,high,The man's pose changes from standing to walking forward with arms outstretched.,Qwen/Qwen3-VL-2B-Instruct,,imgedit_00000468_00,imgedit_00000468_00.png
imgedit_00000469_00,imgedit,action,RHVeLjrhygE_segment_2_frame_30.jpg,RHVeLjrhygE_segment_2_frame_85.jpg,,"A first-person view from a dark, narrow room with a checkered floor, showing two men in the distance, one holding a bat, and a menacing creature with glowing red eyes in the foreground.","A first-person view from a dark, narrow room with a checkered floor, showing two men in the distance, one raising a bat above his head, and a menacing creature with glowing red eyes in the foreground.","A man raises a bat above his head, preparing to swing.",,missing,0,D:/Datasets/ImgEdit/Parquet/action_part1.parquet,RHVeLjrhygE_segment_2_frame_30,man,man raising a bat above his head,action,high,The man in the distance has changed his pose from standing to raising a bat above his,Qwen/Qwen3-VL-2B-Instruct,,imgedit_00000469_00,imgedit_00000469_00.png
imgedit_00000470_00,imgedit,action,sK8iCNsivyk_segment_17_frame_0.jpg,sK8iCNsivyk_segment_17_frame_55.jpg,,A woman with short blonde hair holds a glass jar filled with grains.,A woman with short blonde hair raises the glass jar filled with grains higher.,The person raises a jar filled with grains higher.,,missing,0,D:/Datasets/ImgEdit/Parquet/action_part1.parquet,sK8iCNsivyk_segment_17_frame_0,jar,jar raised higher,action,high,"The jar is raised higher, making it more prominent in the frame.",Qwen/Qwen3-VL-2B-Instruct,,imgedit_00000470_00,imgedit_00000470_00.png
imgedit_00000471_00,imgedit,action,Ww1fLDGjdLg_segment_12_frame_0.jpg,Ww1fLDGjdLg_segment_12_frame_55.jpg,,"A black and white photograph of a basketball player in a white uniform with the number 1 on the front, smiling and looking up.","A black and white photograph of a basketball player in a white uniform with the number 1 on the front, smiling and looking up with their head slightly lowered.",The person lowers their head slightly.,,missing,0,D:/Datasets/ImgEdit/Parquet/action_part1.parquet,Ww1fLDGjdLg_segment_12_frame_0,person,person with lowered head,action,high,The person's head is slightly lowered in the target image compared to the source image.,Qwen/Qwen3-VL-2B-Instruct,,imgedit_00000471_00,imgedit_00000471_00.png
imgedit_00000472_00,imgedit,action,sK4ShxG_RdA_segment_3_frame_54.jpg,sK4ShxG_RdA_segment_3_frame_109.jpg,,"A man in a rust-colored shirt stands in a grassy park with trees in the background, holding a black object in his right hand.","A man in a rust-colored shirt stands in a grassy park with trees in the background, holding a black object with both hands.",The man lowers his hands and holds the object with both hands.,,missing,0,D:/Datasets/ImgEdit/Parquet/action_part1.parquet,sK4ShxG_RdA_segment_3_frame_54,hand,both hands,action,high,The man's hands are lowered and now both are holding the object.,Qwen/Qwen3-VL-2B-Instruct,,imgedit_00000472_00,imgedit_00000472_00.png
imgedit_00000473_00,imgedit,action,7eGKciM1Srg_segment_350_frame_21.jpg,7eGKciM1Srg_segment_350_frame_75.jpg,,A yellow monkey with a half-open mouth and a neutral expression stands in a green field with a white picket fence.,A yellow monkey with a closed mouth and a smile stands in a green field with a white picket fence.,The monkey changes from having a half-open mouth with a neutral expression to smiling with a closed mouth.,,missing,0,D:/Datasets/ImgEdit/Parquet/action_part1.parquet,7eGKciM1Srg_segment_350_frame_21,monkey,monkey with a closed mouth and a smile,action,high,"The monkey's mouth is changed from half-open to closed, and its expression changes from neutral to smiling.",Qwen/Qwen3-VL-2B-Instruct,,imgedit_00000473_00,imgedit_00000473_00.png
imgedit_00000474_00,imgedit,action,CUxSjxR2-q8_segment_3_frame_0.jpg,CUxSjxR2-q8_segment_3_frame_55.jpg,,A fighter in white shorts is on top of a fighter lying on the mat during a UFC match.,"A fighter in white shorts is on top of a fighter lying on the mat during a UFC match, with the fighter on the ground closing his eyes.",The man on the ground closes his eyes.,,missing,0,D:/Datasets/ImgEdit/Parquet/action_part1.parquet,CUxSjxR2-q8_segment_3_frame_0,the man on the ground,the man on the ground with his eyes closed,action,high,"The edit is focused on the man on the ground, specifically changing his eye state from open to closed.",Qwen/Qwen3-VL-2B-Instruct,,imgedit_00000474_00,imgedit_00000474_00.png
imgedit_00000475_00,imgedit,action,A7MkZRKBAWQ_segment_31_frame_0.jpg,A7MkZRKBAWQ_segment_31_frame_55.jpg,,"A woman with blonde hair styled in a vintage updo, wearing a floral dress and a grey cardigan, is engaged in a conversation with a man in a dark jacket.","A woman with blonde hair styled in a vintage updo, wearing a floral dress and a grey cardigan, is engaged in a conversation with a man in a dark jacket, slightly shifting her head to the right.",The woman slightly shifts her head to the right.,,missing,0,D:/Datasets/ImgEdit/Parquet/action_part1.parquet,A7MkZRKBAWQ_segment_31_frame_0,woman,woman slightly shifts her head to the right,action,high,The woman's head position is altered to reflect the specified action.,Qwen/Qwen3-VL-2B-Instruct,,imgedit_00000475_00,imgedit_00000475_00.png
imgedit_00000476_00,imgedit,action,8GmMLB5EFHY_segment_28_frame_2.jpg,8GmMLB5EFHY_segment_28_frame_57.jpg,,"A man in a grey t-shirt is sitting at a table, holding a white bottle in his right hand and looking down at it.","A man in a grey t-shirt is sitting at a table, holding a white bottle horizontally in his right hand while looking at it.",The person shifts the bottle from an upright position to holding it horizontally while interacting with the cap.,,missing,0,D:/Datasets/ImgEdit/Parquet/action_part1.parquet,8GmMLB5EFHY_segment_28_frame_2,bottle,bottle held horizontally,action,high,"The bottle is shifted from an upright position to a horizontal one, with the cap still visible.",Qwen/Qwen3-VL-2B-Instruct,,imgedit_00000476_00,imgedit_00000476_00.png
imgedit_00000477_00,imgedit,action,R130kL-UCaA_segment_5_frame_0.jpg,R130kL-UCaA_segment_5_frame_55.jpg,,"A man with curly hair and glasses sits at a desk with a laptop, looking at the screen.","A man with curly hair and glasses sits at a desk with a laptop, looking at the screen and using a computer mouse.",The person moves their right hand from the laptop keyboard to the computer mouse.,,missing,0,D:/Datasets/ImgEdit/Parquet/action_part1.parquet,R130kL-UCaA_segment_5_frame_0,person,person with right hand on computer mouse,action,high,"The person's right hand is now on the mouse, indicating the action of moving from the keyboard to the mouse.",Qwen/Qwen3-VL-2B-Instruct,,imgedit_00000477_00,imgedit_00000477_00.png
imgedit_00000478_00,imgedit,action,sMO02fT9RSU_segment_25_frame_0.jpg,sMO02fT9RSU_segment_25_frame_55.jpg,,A man in a suit stands at a podium on a stage with large screens displaying a presentation about location intelligence.,"A man in a suit stands at a podium on a stage with large screens displaying a presentation about location intelligence, gesturing with his right hand outward.",The man moves his right hand from resting on the podium to pointing or gesturing outward.,,missing,0,D:/Datasets/ImgEdit/Parquet/action_part1.parquet,sMO02fT9RSU_segment_25_frame_0,man,man pointing,action,high,"The man's right hand is in motion, moving from resting on the podium to a gesturing position.",Qwen/Qwen3-VL-2B-Instruct,,imgedit_00000478_00,imgedit_00000478_00.png
imgedit_00000479_00,imgedit,action,A7NKVWsp6Bw_segment_37_frame_0.jpg,A7NKVWsp6Bw_segment_37_frame_55.jpg,,A man in a black hoodie and cap stands in a room with a colorful painting on the wall and a desk with multiple monitors.,"A man in a black hoodie and cap stands in a room with a colorful painting on the wall and a desk with multiple monitors, clenching his right hand into a fist.",The person clenches their right hand into a fist.,,missing,0,D:/Datasets/ImgEdit/Parquet/action_part1.parquet,A7NKVWsp6Bw_segment_37_frame_0,person,clenching his right hand into a fist,action,high,"The person's right hand is visibly clenched into a fist in the target image, which is consistent with the instruction. The background and other elements remain unchanged.",Qwen/Qwen3-VL-2B-Instruct,,imgedit_00000479_00,imgedit_00000479_00.png
imgedit_00000480_00,imgedit,action,LslfXlONVc0_segment_1_frame_0.jpg,LslfXlONVc0_segment_1_frame_55.jpg,,A man in a green shirt rides a bicycle on a rural road.,"A man in a green shirt rides a bicycle on a rural road, straightening both arms.",The man straightens both arms while riding the bicycle.,,missing,0,D:/Datasets/ImgEdit/Parquet/action_part1.parquet,LslfXlONVc0_segment_1_frame_0,man,man with straightened arms,action,high,"The man's arms are straightened in the target image, consistent with the instruction.",Qwen/Qwen3-VL-2B-Instruct,,imgedit_00000480_00,imgedit_00000480_00.png
imgedit_00000481_00,imgedit,action,R0stNqxa7mI_segment_0_frame_0.jpg,R0stNqxa7mI_segment_0_frame_55.jpg,,A man in a kitchen stands behind a counter with ingredients and a cooking pot.,"A man in a kitchen stands behind a counter with ingredients and a cooking pot, lowering his head and clapping his hands together.",The person lowers their head and claps their hands together.,,missing,0,D:/Datasets/ImgEdit/Parquet/action_part1.parquet,R0stNqxa7mI_segment_0_frame_0,the man,the man lowering his head and clapping his hands together,action,high,"The man's posture and hand gesture have been changed from a neutral stance to one of clapping, indicating a specific action.",Qwen/Qwen3-VL-2B-Instruct,,imgedit_00000481_00,imgedit_00000481_00.png
imgedit_00000482_00,imgedit,action,afTw1DZ3fhg_segment_2_frame_30.jpg,afTw1DZ3fhg_segment_2_frame_85.jpg,,"A man with sunglasses holds a small fan in his left hand and a small light-blue fan in his right hand, standing in a park.","A man with sunglasses holds a small fan in his left hand and a small light-blue fan in his right hand, with the fan in his right hand rotated slightly upward, standing in a park.",The person holds the small fan with the right hand rotated slightly upward.,,missing,0,D:/Datasets/ImgEdit/Parquet/action_part1.parquet,afTw1DZ3fhg_segment_2_frame_30,small fan,small fan rotated slightly upward,action,high,The fan in the right hand is rotated slightly upward.,Qwen/Qwen3-VL-2B-Instruct,,imgedit_00000482_00,imgedit_00000482_00.png
imgedit_00000483_00,imgedit,action,A7MkZRKBAWQ_segment_107_frame_0.jpg,A7MkZRKBAWQ_segment_107_frame_55.jpg,,A woman with blonde hair and red lipstick holds a folder close to her chest while standing next to a man in a red hat and brown cloak.,A woman with blonde hair and red lipstick holds a folder with one hand while a man in a red hat and brown cloak reaches out to shake her other hand.,The woman changes from holding the folder close to her chest with both hands to holding it with one hand while the man reaches out to shake her other hand.,,missing,0,D:/Datasets/ImgEdit/Parquet/action_part1.parquet,A7MkZRKBAWQ_segment_107_frame_0,woman,woman holding the folder with one hand,action,high,The woman's hand position changes from holding the folder close to her chest with both hands to holding it with one hand while the man reaches out to shake her other hand.,Qwen/Qwen3-VL-2B-Instruct,,imgedit_00000483_00,imgedit_00000483_00.png
imgedit_00000484_00,imgedit,action,lPNMPMvZb0E_segment_27_frame_0.jpg,lPNMPMvZb0E_segment_27_frame_55.jpg,,A woman with long black hair and a black top is speaking to someone off-camera.,A woman with long black hair and a black top turns her head to the side while speaking to someone off-camera.,The woman turns her head to the side.,,missing,0,D:/Datasets/ImgEdit/Parquet/action_part1.parquet,lPNMPMvZb0E_segment_27_frame_0,woman,woman turning her head to the side,action,high,"The woman's head position changes from facing forward to angled to the side, indicating a turn of the head.",Qwen/Qwen3-VL-2B-Instruct,,imgedit_00000484_00,imgedit_00000484_00.png
imgedit_00000485_00,imgedit,action,pw5CunjMsIE_segment_28_frame_89.jpg,pw5CunjMsIE_segment_28_frame_144.jpg,,A motorcyclist wearing a helmet and red and black gear rides a motorcycle on a dirt road through a forest.,"A motorcyclist wearing a helmet and red and black gear rides a motorcycle on a dirt road through a forest, raising their left hand.",A motorcyclist raises their left hand.,,missing,0,D:/Datasets/ImgEdit/Parquet/action_part1.parquet,pw5CunjMsIE_segment_28_frame_89,motorcyclist,motorcyclist raising their left hand,action,high,"The motorcyclist's left hand is raised in the target image, which is consistent with the instruction. The edit is a clear addition of the action.",Qwen/Qwen3-VL-2B-Instruct,,imgedit_00000485_00,imgedit_00000485_00.png
imgedit_00000486_00,imgedit,action,5SbWm3YtBBA_segment_0_frame_0.jpg,5SbWm3YtBBA_segment_0_frame_55.jpg,,"A man in a suit with a small, white, triangular device on his neck.","A man in a suit with a small, white, triangular device on his neck, slightly turned to reveal more of his neck.",The person slightly turns their head to reveal more of their neck.,,missing,0,D:/Datasets/ImgEdit/Parquet/action_part1.parquet,5SbWm3YtBBA_segment_0_frame_0,device,device on the man's neck,action,high,"The man's head is slightly turned to reveal more of his neck, which is the key action in the edit.",Qwen/Qwen3-VL-2B-Instruct,,imgedit_00000486_00,imgedit_00000486_00.png
imgedit_00000487_00,imgedit,action,gbhlieL2i4E_segment_27_frame_0.jpg,gbhlieL2i4E_segment_27_frame_50.jpg,,"A woman in a kitchen stands at a counter, holding a blue spoon and looking at a dish.",A woman in a kitchen leans forward and uses a spoon to scoop food from a dish on the counter.,A woman leans forward and scoops food from a dish.,,missing,0,D:/Datasets/ImgEdit/Parquet/action_part1.parquet,gbhlieL2i4E_segment_27_frame_0,woman,scooping food,action,high,The woman's posture and the action of scooping are consistent with the instruction. The change in her body position and the movement of the spoon indicate a clear action.,Qwen/Qwen3-VL-2B-Instruct,,imgedit_00000487_00,imgedit_00000487_00.png
imgedit_00000488_00,imgedit,action,7dw5dDgBs7Q_segment_18_frame_0.jpg,7dw5dDgBs7Q_segment_18_frame_55.jpg,,A woman in a kitchen is stirring a bowl of batter with a wooden spoon.,"A woman in a kitchen is stirring a bowl of batter with a wooden spoon, holding the bowl upright.",The person stirs the mixture with a wooden spoon using a more upright posture.,,missing,0,D:/Datasets/ImgEdit/Parquet/action_part1.parquet,7dw5dDgBs7Q_segment_18_frame_0,person,person,action,high,"The person's posture is adjusted to be more upright, but the action of stirring remains the same.",Qwen/Qwen3-VL-2B-Instruct,,imgedit_00000488_00,imgedit_00000488_00.png
imgedit_00000489_00,imgedit,action,TiAlt6_cNCQ_segment_39_frame_0.jpg,TiAlt6_cNCQ_segment_39_frame_55.jpg,,A man is sitting at a table holding a large red wheel.,"A man is sitting at a table holding two red, broken pieces of a wheel.",The person breaks apart the large red wheel into multiple smaller pieces and holds them up.,,missing,0,D:/Datasets/ImgEdit/Parquet/action_part1.parquet,TiAlt6_cNCQ_segment_39_frame_0,the large red wheel,two smaller red pieces of the wheel,action,high,The large red wheel is broken into two smaller pieces and held up by the person.,Qwen/Qwen3-VL-2B-Instruct,,imgedit_00000489_00,imgedit_00000489_00.png
imgedit_00000490_00,imgedit,action,9DaXhfaQv1w_segment_48_frame_0.jpg,9DaXhfaQv1w_segment_48_frame_55.jpg,,A man with a beard and glasses wearing a camouflage shirt sits at a desk with a computer monitor.,"A man with a beard and glasses wearing a camouflage shirt sits at a desk with a computer monitor, raising his right hand in a waving gesture.",The man raises his right hand in a waving gesture.,,missing,0,D:/Datasets/ImgEdit/Parquet/action_part1.parquet,9DaXhfaQv1w_segment_48_frame_0,man,man waving,action,high,"The man's right hand is raised in a waving gesture in the target image, which is consistent with the instruction. The edit is clear and specific.",Qwen/Qwen3-VL-2B-Instruct,,imgedit_00000490_00,imgedit_00000490_00.png
imgedit_00000491_00,imgedit,action,2A1Y1B8-TpA_segment_1_frame_14.jpg,2A1Y1B8-TpA_segment_1_frame_69.jpg,,"A woman with long black hair and a white top holds a cosmetic product in her hands, presenting it to the camera.","A woman with long black hair and a white top holds a cosmetic product with the applicator tip visible, as she lowers it from her chin to her chest.","The person lowers the cosmetic product from their chin to their chest, revealing the applicator tip.",,missing,0,D:/Datasets/ImgEdit/Parquet/action_part1.parquet,2A1Y1B8-TpA_segment_1_frame_14,cosmetic product,cosmetic product with the applicator tip visible,action,high,"The cosmetic product is lowered from the chin to the chest, revealing the applicator tip. The woman's gaze is directed downwards, and her expression is neutral.",Qwen/Qwen3-VL-2B-Instruct,,imgedit_00000491_00,imgedit_00000491_00.png
imgedit_00000492_00,imgedit,action,RHxJEJZ1oqw_segment_6_frame_0.jpg,RHxJEJZ1oqw_segment_6_frame_55.jpg,,"A woman in a kitchen holds a yellow, spotted object in her hand.","A woman in a kitchen holds a yellow, spotted object closer to her hand.","The person moves a yellow, spotted object from an extended position towards their hand.",,missing,0,D:/Datasets/ImgEdit/Parquet/action_part1.parquet,RHxJEJZ1oqw_segment_6_frame_0,"yellow, spotted object","yellow, spotted object near her hand",action,high,The object is moved from an extended position towards the woman's hand.,Qwen/Qwen3-VL-2B-Instruct,,imgedit_00000492_00,imgedit_00000492_00.png
imgedit_00000493_00,imgedit,action,g2ilksQgUMg_segment_0_frame_102.jpg,g2ilksQgUMg_segment_0_frame_157.jpg,,"A man in a blue shirt and a cap holds two spools of fishing line, one green and one white, while standing behind a wooden structure.","A man in a blue shirt and a cap holds two spools of fishing line, one green and one white, with the left hand raised higher, while standing behind a wooden structure.",The person raises the left hand higher while holding the green spool.,,missing,0,D:/Datasets/ImgEdit/Parquet/action_part1.parquet,g2ilksQgUMg_segment_0_frame_102,the person's left hand,the person's left hand raised higher,action,high,"The left hand is raised higher, making the action clear and consistent with the instruction.",Qwen/Qwen3-VL-2B-Instruct,,imgedit_00000493_00,imgedit_00000493_00.png
imgedit_00000494_00,imgedit,action,RHnihLPgfZo_segment_0_frame_4.jpg,RHnihLPgfZo_segment_0_frame_58.jpg,,A man in a red polo shirt holds a silver phone up to the camera with his right hand.,"A man in a red polo shirt holds a silver phone down with his right hand, lowered from the raised position.",The person lowers the phone from their raised hand.,,missing,0,D:/Datasets/ImgEdit/Parquet/action_part1.parquet,RHnihLPgfZo_segment_0_frame_4,phone,held down,action,high,"The phone is lowered from being raised to a more relaxed position, consistent with the action described.",Qwen/Qwen3-VL-2B-Instruct,,imgedit_00000494_00,imgedit_00000494_00.png
imgedit_00000495_00,imgedit,action,ZWRnx-SMVoQ_segment_62_frame_4.jpg,ZWRnx-SMVoQ_segment_62_frame_59.jpg,,"A person with curly hair and glasses stands in a cluttered workshop, wearing a white jacket over a striped shirt.","A person with curly hair and glasses stands in a cluttered workshop, facing forward more directly, wearing a white jacket over a striped shirt.",The person shifts their head to face forward more directly.,,missing,0,D:/Datasets/ImgEdit/Parquet/action_part1.parquet,ZWRnx-SMVoQ_segment_62_frame_4,person,person,action,high,The person's head position has been adjusted to face forward more directly.,Qwen/Qwen3-VL-2B-Instruct,,imgedit_00000495_00,imgedit_00000495_00.png
imgedit_00000496_00,imgedit,action,aOeNfWz-pCg_segment_5_frame_0.jpg,aOeNfWz-pCg_segment_5_frame_55.jpg,,"A man with a beard sits at a table, holding a gimbal and gesturing with his right hand in an open, spread-fingered position.","A man with a beard sits at a table, holding a gimbal and gesturing with his right hand in a relaxed, slightly closed-fingered position.",The person moves their right hand from an open gesture with fingers spread apart to a more relaxed gesture with fingers slightly closer together.,,missing,0,D:/Datasets/ImgEdit/Parquet/action_part1.parquet,aOeNfWz-pCg_segment_5_frame_0,person's right hand,person's right hand with fingers slightly closer together,action,high,"The hand's gesture changes from an open, spread-fingered position to a more relaxed, slightly closed-fingered position.",Qwen/Qwen3-VL-2B-Instruct,,imgedit_00000496_00,imgedit_00000496_00.png
imgedit_00000497_00,imgedit,action,ETVHQem_2gM_segment_6_frame_58.jpg,ETVHQem_2gM_segment_6_frame_113.jpg,,"A woman sits at a wooden dining table in a kitchen, wearing a pink cardigan and a colorful scarf, gesturing with her hands.","A woman sits at a wooden dining table in a kitchen, wearing a pink cardigan and a colorful scarf, clasping her hands together.",A woman clasps her hands together.,,missing,0,D:/Datasets/ImgEdit/Parquet/action_part1.parquet,ETVHQem_2gM_segment_6_frame_58,woman,clasping her hands together,action,high,"The woman's hands are in a different position in the target image, indicating a change in her gesture.",Qwen/Qwen3-VL-2B-Instruct,,imgedit_00000497_00,imgedit_00000497_00.png
imgedit_00000498_00,imgedit,action,afZVg9-7g4Y_segment_37_frame_0.jpg,afZVg9-7g4Y_segment_37_frame_55.jpg,,A man in a striped shirt holds a camera while standing in a shop filled with wooden furniture and textiles.,"A man in a striped shirt holds a camera while moving his right arm inward across his chest, standing in a shop filled with wooden furniture and textiles.",The person moves their right arm inward across their chest.,,missing,0,D:/Datasets/ImgEdit/Parquet/action_part1.parquet,afZVg9-7g4Y_segment_37_frame_0,person,person with right arm moving inward across chest,action,high,The person's right arm is repositioned from a neutral stance to a forward motion across his chest.,Qwen/Qwen3-VL-2B-Instruct,,imgedit_00000498_00,imgedit_00000498_00.png
imgedit_00000499_00,imgedit,action,XETuwyLHdy8_segment_16_frame_0.jpg,XETuwyLHdy8_segment_16_frame_55.jpg,,A bald man in a white shirt and tie stands in front of a black Jaguar sports car in a showroom.,"A bald man in a white shirt and tie stands in front of a black Jaguar sports car in a showroom, gesturing with his hands as if explaining something.",The man moves his hands from resting to a gesture of explanation.,,missing,0,D:/Datasets/ImgEdit/Parquet/action_part1.parquet,XETuwyLHdy8_segment_16_frame_0,man,man with hands gesturing,action,high,"The man's hands are now in a gesture of explanation, indicating a change in his action.",Qwen/Qwen3-VL-2B-Instruct,,imgedit_00000499_00,imgedit_00000499_00.png
imgedit_00000500_00,imgedit,action,YR-0NczUJIM_segment_11_frame_0.jpg,YR-0NczUJIM_segment_11_frame_55.jpg,,A woman with short blonde hair and glasses is speaking outdoors in front of a modern building.,"A woman with short blonde hair and glasses is speaking outdoors in front of a modern building, wearing a red poppy pin on her jacket.","No change in the subject's action, pose, or facial expression.",,missing,0,D:/Datasets/ImgEdit/Parquet/action_part1.parquet,YR-0NczUJIM_segment_11_frame_0,woman,woman wearing a red poppy pin on her jacket,replace,high,"The red poppy pin is added to the woman's jacket, which is the only change.",Qwen/Qwen3-VL-2B-Instruct,,imgedit_00000500_00,imgedit_00000500_00.png
imgedit_00000501_00,imgedit,action,8GLWbe6Y0xg_segment_24_frame_0.jpg,8GLWbe6Y0xg_segment_24_frame_55.jpg,,"A woman with blonde hair sits at a table with a colorful, striped background, holding a blue and white object in her left hand.","A woman with blonde hair sits at a table with a colorful, striped background, raising her right index finger while holding a blue and white object in her left hand.",A woman raises her right index finger while holding an object in her left hand.,,missing,0,D:/Datasets/ImgEdit/Parquet/action_part1.parquet,8GLWbe6Y0xg_segment_24_frame_0,woman,woman raising her right index finger,action,high,"The woman's right index finger is raised, indicating an action, while holding the object in her left hand. The change is a clear action.",Qwen/Qwen3-VL-2B-Instruct,,imgedit_00000501_00,imgedit_00000501_00.png
imgedit_00000502_00,imgedit,action,unGyNS0gRDs_segment_18_frame_0.jpg,unGyNS0gRDs_segment_18_frame_55.jpg,,"A man wearing a green t-shirt with 'HULK MODE' printed on it and a black cap sits at a desk with a computer keyboard and a small figurine, smiling and raising his right hand to his temple.","A man wearing a green t-shirt with 'HULK MODE' printed on it and a black cap sits at a desk with a computer keyboard and a small figurine, smiling and raising his left hand to rest his head on it.",The person raises their left hand to rest their head on it.,,missing,0,D:/Datasets/ImgEdit/Parquet/action_part1.parquet,unGyNS0gRDs_segment_18_frame_0,person,person with left hand resting on head,action,high,The person's hand position changes from raising to,Qwen/Qwen3-VL-2B-Instruct,,imgedit_00000502_00,imgedit_00000502_00.png
imgedit_00000503_00,imgedit,action,R2iZQUxlG-4_segment_65_frame_0.jpg,R2iZQUxlG-4_segment_65_frame_55.jpg,,"A woman in a kitchen is preparing a salad, holding a red container and placing it on a wooden cutting board.","A woman in a kitchen is preparing a salad, moving a red container from a wooden cutting board to a mixing bowl.",A woman moves a red container from a bowl on the cutting board to a mixing bowl.,,missing,0,D:/Datasets/ImgEdit/Parquet/action_part1.parquet,R2iZQUxlG-4_segment_65_frame_0,red container,mixing bowl,action,high,"The red container is moved from the cutting board to the mixing bowl, changing its position.",Qwen/Qwen3-VL-2B-Instruct,,imgedit_00000503_00,imgedit_00000503_00.png
imgedit_00000504_00,imgedit,action,gbxI1CshkpU_segment_2_frame_0.jpg,gbxI1CshkpU_segment_2_frame_55.jpg,,A woman with blonde hair wearing a green top is speaking in a Bloomberg news studio.,"A woman with blonde hair wearing a green top is speaking in a Bloomberg news studio, with her right hand lowered from chest level to her side.",The woman lowers her right hand from chest level to her side.,,missing,0,D:/Datasets/ImgEdit/Parquet/action_part1.parquet,gbxI1CshkpU_segment_2_frame_0,woman,woman with her right hand lowered from chest level to her side,action,high,"The woman's right hand is lowered from her chest to her side, as if she is gesturing or adjusting her posture.",Qwen/Qwen3-VL-2B-Instruct,,imgedit_00000504_00,imgedit_00000504_00.png
imgedit_00000505_00,imgedit,action,HEZqanWT27w_segment_29_frame_0.jpg,HEZqanWT27w_segment_29_frame_55.jpg,,"A man in a grey hoodie is sitting at a desk, holding a black mouse and pointing at it with his index finger.","A man in a grey hoodie is sitting at a desk, tilting the black mouse slightly forward while pointing at it with his index finger.",The person tilts the mouse slightly forward while pointing at it with their index finger.,,missing,0,D:/Datasets/ImgEdit/Parquet/action_part1.parquet,HEZqanWT27w_segment_29_frame_0,mouse,tilting forward,action,high,"The mouse is slightly tilted forward in the target image, and the man's finger is pointing at it, indicating a change in the mouse's orientation.",Qwen/Qwen3-VL-2B-Instruct,,imgedit_00000505_00,imgedit_00000505_00.png
imgedit_00000506_00,imgedit,action,3PCmF-wMlow_segment_1_frame_0.jpg,3PCmF-wMlow_segment_1_frame_55.jpg,,A man in a blue polo shirt stands in a backyard with green plants and a wooden fence behind him.,"A man in a blue polo shirt stands in a backyard with green plants and a wooden fence behind him, holding a small object in his hand and moving it slightly downward.",The person moves their hand slightly downward while holding the object.,,missing,0,D:/Datasets/ImgEdit/Parquet/action_part1.parquet,3PCmF-wMlow_segment_1_frame_0,hand,holding a small object and moving it slightly downward,action,high,The hand's position has been adjusted to show a downward movement while holding the object.,Qwen/Qwen3-VL-2B-Instruct,,imgedit_00000506_00,imgedit_00000506_00.png
imgedit_00000507_00,imgedit,action,oms1G2T9tm8_segment_56_frame_0.jpg,oms1G2T9tm8_segment_56_frame_55.jpg,,"A close-up of a red-skinned, bald man with a menacing expression wearing a dark green uniform with a skull emblem on the shoulder, standing in a cloudy, war-torn environment.","A close-up of a red-skinned, bald man with a menacing expression wearing a dark green uniform with a skull emblem on the shoulder, turning his head slightly to the left, standing in a cloudy, war-torn environment.",The person turns their head slightly to the left.,,missing,0,D:/Datasets/ImgEdit/Parquet/action_part1.parquet,oms1G2T9tm8_segment_56_frame_0,person,person turning his head slightly to the left,action,high,"The person's head position has been adjusted to the left, matching the instruction",Qwen/Qwen3-VL-2B-Instruct,,imgedit_00000507_00,imgedit_00000507_00.png
imgedit_00000508_00,imgedit,action,0H6Wur_i2o4_segment_26_frame_0.jpg,0H6Wur_i2o4_segment_26_frame_55.jpg,,"A young girl with red hair and a pink headband is looking at another person with a thoughtful expression, her hand touching her chin.","A young girl with red hair and a pink headband is looking at another person with a smile, making a peace sign with her hand.",The girl changes her hand gesture from touching her chin with one finger to showing a peace sign with two fingers.,,missing,0,D:/Datasets/ImgEdit/Parquet/action_part1.parquet,0H6Wur_i2o4_segment_26_frame_0,girl's hand,peace sign,action,high,The hand gesture changes from touching her chin to making a peace sign.,Qwen/Qwen3-VL-2B-Instruct,,imgedit_00000508_00,imgedit_00000508_00.png
imgedit_00000509_00,imgedit,action,ODuh3LyAqDE_segment_28_frame_0.jpg,ODuh3LyAqDE_segment_28_frame_55.jpg,,"A man in a yellow and maroon jacket stands in a kitchen, looking at the camera.","A man in a yellow and maroon jacket turns his head to the left and extends his right arm forward, standing in a kitchen.",The person turns their head to the left and extends their right arm forward.,,missing,0,D:/Datasets/ImgEdit/Parquet/action_part1.parquet,ODuh3LyAqDE_segment_28_frame_0,person,person with turned head and extended arm,action,high,"The person's head is turned to the left and his right arm is extended forward, indicating a clear change in posture and action.",Qwen/Qwen3-VL-2B-Instruct,,imgedit_00000509_00,imgedit_00000509_00.png
imgedit_00000510_00,imgedit,action,1Vrmkap6Kas_segment_0_frame_0.jpg,1Vrmkap6Kas_segment_0_frame_55.jpg,,A woman with brown hair wearing a red and black plaid shirt stands against a white background.,A woman with brown hair wearing a red and black plaid shirt tilts her head slightly to the left against a white background.,The person tilts their head slightly to the side.,,missing,0,D:/Datasets/ImgEdit/Parquet/action_part1.parquet,1Vrmkap6Kas_segment_0_frame_0,person,tilting head,action,high,The person's head is slightly tilted to the left in the target image compared to the original.,Qwen/Qwen3-VL-2B-Instruct,,imgedit_00000510_00,imgedit_00000510_00.png
imgedit_00000511_00,imgedit,action,Qa2uGM92vzA_segment_0_frame_0.jpg,Qa2uGM92vzA_segment_0_frame_55.jpg,,A woman in a black top holds a tray of baked muffins in a modern kitchen.,"A woman in a black top holds a tray of baked muffins in a modern kitchen, with her right arm lowered from pointing upward to pointing downward.",The person lowers their right arm from pointing upward to pointing downward.,,missing,0,D:/Datasets/ImgEdit/Parquet/action_part1.parquet,Qa2uGM92vzA_segment_0_frame_0,person,person with lowered right arm,action,high,The person's hand gesture changes from pointing upward to pointing downward.,Qwen/Qwen3-VL-2B-Instruct,,imgedit_00000511_00,imgedit_00000511_00.png
imgedit_00000512_00,imgedit,action,5SeHf9Axv8s_segment_3_frame_10.jpg,5SeHf9Axv8s_segment_3_frame_65.jpg,,"A man in a black t-shirt sits at a table with a graphics card on it, gesturing with his right hand.","A man in a black t-shirt sits at a table with a graphics card on it, clasping his hands together.",The man clasps his hands together.,,missing,0,D:/Datasets/ImgEdit/Parquet/action_part1.parquet,5SeHf9Axv8s_segment_3_frame_10,man,man clasping his hands together,action,high,The man's hands are changed from an open gesture to a clasped position.,Qwen/Qwen3-VL-2B-Instruct,,imgedit_00000512_00,imgedit_00000512_00.png
imgedit_00000513_00,imgedit,action,SPxA44jfuFE_segment_20_frame_0.jpg,SPxA44jfuFE_segment_20_frame_55.jpg,,"A woman in a pink shirt stands in a kitchen, holding a bottle of sauce over a pot on a portable stove.","A woman in a pink shirt stands in a kitchen, holding a bottle of sauce and gesturing with her right hand while the bottle is lowered.",The woman lowers the bottle and gestures with her right hand.,,missing,0,D:/Datasets/ImgEdit/Parquet/action_part1.parquet,SPxA44jfuFE_segment_20_frame_0,the woman and the bottle,the woman and the bottle with her right hand raised and gesturing,action,high,"The woman's right hand is raised and gesturing, indicating a change in her action from holding the bottle to gesturing.",Qwen/Qwen3-VL-2B-Instruct,,imgedit_00000513_00,imgedit_00000513_00.png
imgedit_00000514_00,imgedit,action,Jk98ahAzn1o_segment_35_frame_6.jpg,Jk98ahAzn1o_segment_35_frame_61.jpg,,"A silver-suited figure in a dynamic pose, floating in space with a glowing orb in each hand.","A silver-suited figure in a dynamic pose, raising their right arm higher and extending their fingers further forward, with a glowing orb in each hand.",The figure raises their right arm higher and extends their fingers further forward.,,missing,0,D:/Datasets/ImgEdit/Parquet/action_part1.parquet,Jk98ahAzn1o_segment_35_frame_6,figure,figure with raised right arm and extended fingers,action,high,The figure's right arm is raised higher and the fingers are extended further forward in the target image compared to the source.,Qwen/Qwen3-VL-2B-Instruct,,imgedit_00000514_00,imgedit_00000514_00.png
imgedit_00000515_00,imgedit,action,fRrlssUaqVc_segment_13_frame_0.jpg,fRrlssUaqVc_segment_13_frame_55.jpg,,"A man wearing a blue t-shirt with a leaf design stands in a garden, gesturing with his hands.","A man wearing a blue t-shirt with a leaf design stands in a garden, gesturing with his hands, moving his right hand closer to his left hand.",The man moves his hands closer together and changes the gesture of his right hand.,,missing,0,D:/Datasets/ImgEdit/Parquet/action_part1.parquet,fRrlssUaqVc_segment_13_frame_0,man,man with hands closer together,action,high,"The man's right hand is positioned closer to his left hand, indicating a change in gesture.",Qwen/Qwen3-VL-2B-Instruct,,imgedit_00000515_00,imgedit_00000515_00.png
imgedit_00000516_00,imgedit,action,n4YbF5DXQ18_segment_6_frame_0.jpg,n4YbF5DXQ18_segment_6_frame_55.jpg,,"A man in a black t-shirt and cap sits at a table in a garage, holding a small box.","A man in a black t-shirt and cap sits at a table in a garage, lifting a small box from a green and white box.",The man lifts an object out of a box.,,missing,0,D:/Datasets/ImgEdit/Parquet/action_part1.parquet,n4YbF5DXQ18_segment_6_frame_0,box,box,action,high,"The man lifts the box from the table, changing its state from being on the table to being in his hand.",Qwen/Qwen3-VL-2B-Instruct,,imgedit_00000516_00,imgedit_00000516_00.png
imgedit_00000517_00,imgedit,action,CV8HuFRpAUE_segment_47_frame_0.jpg,CV8HuFRpAUE_segment_47_frame_55.jpg,,A bald cartoon character with a happy expression sits on a green couch holding a bowl of colorful candies.,"A bald cartoon character with a happy expression sits on a green couch holding a bowl of colorful candies, but the face is obscured.","The subject's facial expression is obscured in the after image, showing no visible expression.",,missing,0,D:/Datasets/ImgEdit/Parquet/action_part1.parquet,CV8HuFRpAUE_segment_47_frame_0,the subject's facial expression,the subject's facial expression is obscured,remove,high,"The facial expression of the character is removed, making it appear as if the character has no visible expression.",Qwen/Qwen3-VL-2B-Instruct,,imgedit_00000517_00,imgedit_00000517_00.png
imgedit_00000518_00,imgedit,action,-3EqfAXp6RA_segment_48_frame_0.jpg,-3EqfAXp6RA_segment_48_frame_55.jpg,,A woman with long brown hair and blue eyes wearing a striped shirt is taking a selfie in a kitchen.,"A woman with long brown hair and blue eyes wearing a striped shirt is taking a selfie in a kitchen, with her left arm lowered and her hand positioned differently.",The person lowers their left arm and changes the hand position.,,missing,0,D:/Datasets/ImgEdit/Parquet/action_part1.parquet,-3EqfAXp6RA_segment_48_frame_0,person,person with lowered left arm,action,high,"The edit involves changing the hand position on the person's arm, specifically lowering the left arm and altering the hand's placement in the selfie.",Qwen/Qwen3-VL-2B-Instruct,,imgedit_00000518_00,imgedit_00000518_00.png
imgedit_00000519_00,imgedit,action,AZCf-wRTQEo_segment_2_frame_0.jpg,AZCf-wRTQEo_segment_2_frame_55.jpg,,"A medical professional wearing a surgical mask and cap, pointing their finger at a glowing digital screen.","A medical professional wearing a surgical mask and cap, slightly lowering their pointing finger as they interact with a digital screen.",The person slightly lowers their pointing finger.,,missing,0,D:/Datasets/ImgEdit/Parquet/action_part1.parquet,AZCf-wRTQEo_segment_2_frame_0,pointing finger,slightly lowered pointing finger,action,high,"The edit involves a subtle change in the position of the finger, consistent with the instruction to slightly lower it.",Qwen/Qwen3-VL-2B-Instruct,,imgedit_00000519_00,imgedit_00000519_00.png
imgedit_00000520_00,imgedit,action,X5pjtvhkQtI_segment_2_frame_0.jpg,X5pjtvhkQtI_segment_2_frame_55.jpg,,A person with dark hair is lying on the snow in a dark forest at night.,A person with dark hair is sitting up in a dark forest at night.,The person moves from a reclined position to sitting up.,,missing,0,D:/Datasets/ImgEdit/Parquet/action_part1.parquet,X5pjtvhkQtI_segment_2_frame_0,person,sitting up,action,high,The person's posture has changed from reclined to sitting.,Qwen/Qwen3-VL-2B-Instruct,,imgedit_00000520_00,imgedit_00000520_00.png
imgedit_00000521_00,imgedit,action,vEaWfnU1l-c_segment_2_frame_0.jpg,vEaWfnU1l-c_segment_2_frame_55.jpg,,A woman with curly blonde hair stands in front of a brick wall.,A woman with curly blonde hair turns her head to the side and lifts her hand toward her hair.,The woman turns her head to the side and lifts her hand toward her hair.,,missing,0,D:/Datasets/ImgEdit/Parquet/action_part1.parquet,vEaWfnU1l-c_segment_2_frame_0,woman,woman turning her head and lifting her hand toward her hair,action,high,The woman's head position and hand gesture have been changed to match the instruction.,Qwen/Qwen3-VL-2B-Instruct,,imgedit_00000521_00,imgedit_00000521_00.png
imgedit_00000522_00,imgedit,action,Khcbn9RwFfQ_segment_1_frame_231.jpg,Khcbn9RwFfQ_segment_1_frame_286.jpg,,"A group of insects, including a yellow caterpillar, a red worm, and a snail, are on a large green plant in a dimly lit, misty environment.","A group of insects, including a yellow caterpillar, a red worm, and a snail, are on a large green plant in a dimly lit, misty environment, with the red worm now looking at the orange worm.",A red worm turns to look at the orange worm while sitting on a leaf.,,missing,0,D:/Datasets/ImgEdit/Parquet/action_part1.parquet,Khcbn9RwFfQ_segment_1_frame_231,red worm,red worm looking at orange worm,action,high,"The red worm's position and gaze have been changed to look at the orange worm,",Qwen/Qwen3-VL-2B-Instruct,,imgedit_00000522_00,imgedit_00000522_00.png
imgedit_00000523_00,imgedit,action,aScg0pg1mu0_segment_1_frame_0.jpg,aScg0pg1mu0_segment_1_frame_55.jpg,,A man with gray hair and a beard sits in a black gaming chair in front of a bookshelf filled with computer hardware boxes.,"A man with gray hair and a beard turns his head slightly to the left, sitting in a black gaming chair in front of a bookshelf filled with computer hardware boxes.",The person turns their head slightly to the left.,,missing,0,D:/Datasets/ImgEdit/Parquet/action_part1.parquet,aScg0pg1mu0_segment_1_frame_0,person,person turns his head slightly to the left,action,high,"The person's head position has been changed from neutral to slightly turned left, which is consistent with the instruction.",Qwen/Qwen3-VL-2B-Instruct,,imgedit_00000523_00,imgedit_00000523_00.png
imgedit_00000524_00,imgedit,action,YRr3cRd2Ohk_segment_9_frame_0.jpg,YRr3cRd2Ohk_segment_9_frame_55.jpg,,A man in a black suit and red tie is walking out of a doorway with a white wall behind him.,A man in a black suit and red tie is walking out of a doorway with a white wall behind him and raising his right hand as if waving.,A man raises his hand as if waving.,,missing,0,D:/Datasets/ImgEdit/Parquet/action_part1.parquet,YRr3cRd2Ohk_segment_9_frame_0,man,man raising his hand,action,high,"The man's hand is raised in a waving gesture in the target image, which is consistent with the instruction.",Qwen/Qwen3-VL-2B-Instruct,,imgedit_00000524_00,imgedit_00000524_00.png
imgedit_00000525_00,imgedit,action,pb1lkYs7QYs_segment_15_frame_152.jpg,pb1lkYs7QYs_segment_15_frame_207.jpg,,"A man with a beard and a green shirt stands in a kitchen, preparing food with a tray of rolls and a knife on a cutting board.","A man with a beard, wearing a cowboy hat and a green shirt, stands in a kitchen, preparing food with a tray of rolls and a knife on a cutting board.",The man puts on a cowboy hat.,,missing,0,D:/Datasets/ImgEdit/Parquet/action_part1.parquet,pb1lkYs7QYs_segment_15_frame_152,man,man wearing a cowboy hat,action,high,"The man is wearing a cowboy hat in the target image, which is consistent with the original scene.",Qwen/Qwen3-VL-2B-Instruct,,imgedit_00000525_00,imgedit_00000525_00.png
imgedit_00000526_00,imgedit,action,RHZCp2Jd5jw_segment_0_frame_18.jpg,RHZCp2Jd5jw_segment_0_frame_73.jpg,,A man with a beard wearing a Captain America t-shirt stands in a studio with red chairs and a camera on a tripod behind him.,A man with a beard wearing a Captain America t-shirt turns his upper body and head slightly to the right while pointing forward in a studio with red chairs and a camera on a tripod behind him.,The person turns their upper body and head slightly to the right while pointing forward.,,missing,0,D:/Datasets/ImgEdit/Parquet/action_part1.parquet,RHZCp2Jd5jw_segment_0_frame_18,man,man turning his upper body and head slightly to the right while pointing forward,action,high,The man's posture and pointing gesture have been updated to reflect the specified action.,Qwen/Qwen3-VL-2B-Instruct,,imgedit_00000526_00,imgedit_00000526_00.png
imgedit_00000527_00,imgedit,action,julFXyNNgrI_segment_55_frame_0.jpg,julFXyNNgrI_segment_55_frame_55.jpg,,A man in a suit stands on a stage in front of a whiteboard with the word 'EFFORT' written on it.,"A man in a suit stands on a stage in front of a whiteboard with the word 'EFFORT' written on it, lowering his left hand and spreading both arms outward.",The man lowers his left hand and spreads both arms outward.,,missing,0,D:/Datasets/ImgEdit/Parquet/action_part1.parquet,julFXyNNgrI_segment_55_frame_0,man,man with arms spread outward,action,high,"The man's left hand is lowered and both arms are extended outward, as if gesturing to emphasize a point.",Qwen/Qwen3-VL-2B-Instruct,,imgedit_00000527_00,imgedit_00000527_00.png
imgedit_00000528_00,imgedit,action,JkHfcOogIgM_segment_27_frame_0.jpg,JkHfcOogIgM_segment_27_frame_55.jpg,,"A woman with long blonde hair sits at a table, holding a plate of food.","A woman with long blonde hair sits at a table, lowering a plate of food to the table with her left hand and reaching forward with her right hand.",The woman lowers the plate to the table and reaches forward with her right hand.,,missing,0,D:/Datasets/ImgEdit/Parquet/action_part1.parquet,JkHfcOogIgM_segment_27_frame_0,plate,plate on the table,action,high,"The plate is lowered and the woman reaches forward, indicating a change in the plate's position and the woman's hand movement.",Qwen/Qwen3-VL-2B-Instruct,,imgedit_00000528_00,imgedit_00000528_00.png
imgedit_00000529_00,imgedit,action,Ww7d30W2cO4_segment_1_frame_0.jpg,Ww7d30W2cO4_segment_1_frame_55.jpg,,"A woman with dark hair tied in a bun, wearing a colorful top, is standing in front of a vanity mirror, looking at her reflection.","A woman with dark hair tied in a bun, wearing a colorful top, is standing in front of a vanity mirror, looking at her reflection and turning her head slightly to the right.","The woman turns her head slightly to the right, looking more directly at the mirror.",,missing,0,D:/Datasets/ImgEdit/Parquet/action_part1.parquet,Ww7d30W2cO4_segment_1_frame_0,woman,woman turning her head slightly to the right,action,high,The woman's head position has been adjusted to show a more direct gaze at the mirror.,Qwen/Qwen3-VL-2B-Instruct,,imgedit_00000529_00,imgedit_00000529_00.png
imgedit_00000530_00,imgedit,action,xWYUM9rpO90_segment_324_frame_0.jpg,xWYUM9rpO90_segment_324_frame_55.jpg,,A baby wearing a blue hat and a diaper sits on a tree stump in a sunny yard.,"A baby wearing a blue hat and a diaper sits on a tree stump in a sunny yard, raising one arm and turning their palm upwards.",A baby raises one arm and turns their palm upwards.,,missing,0,D:/Datasets/ImgEdit/Parquet/action_part1.parquet,xWYUM9rpO90_segment_324_frame_0,baby,baby raising one arm and turning their palm upwards,action,high,"The baby's arm is raised and the palm is turned upwards in the target image, which is consistent with the instruction.",Qwen/Qwen3-VL-2B-Instruct,,imgedit_00000530_00,imgedit_00000530_00.png
imgedit_00000531_00,imgedit,action,29jw2ajsS9E_segment_24_frame_0.jpg,29jw2ajsS9E_segment_24_frame_55.jpg,,"A woman with long dark curly hair and red lipstick sits on a couch, looking at the camera.","A woman with long dark curly hair and red lipstick tilts her head slightly to the left while sitting on a couch, looking at the camera.",The person tilts their head slightly to the left.,,missing,0,D:/Datasets/ImgEdit/Parquet/action_part1.parquet,29jw2ajsS9E_segment_24_frame_0,person,tilting head slightly to the left,action,high,The person's head position is changed from neutral to a slight left tilt.,Qwen/Qwen3-VL-2B-Instruct,,imgedit_00000531_00,imgedit_00000531_00.png
imgedit_00000532_00,imgedit,action,cH4E_t3m3xM_segment_16_frame_32.jpg,cH4E_t3m3xM_segment_16_frame_85.jpg,,"A woman in a blue sparkly gown stands on a metal platform in a dimly lit, industrial-looking room.","A woman in a blue sparkly gown takes a step forward on the metal platform in a dimly lit, industrial-looking room.",A woman takes a step forward on the platform.,,missing,0,D:/Datasets/ImgEdit/Parquet/action_part1.parquet,cH4E_t3m3xM_segment_16_frame_32,woman,taking a step forward,action,high,The woman's posture and the position of her feet have been adjusted to reflect the action of stepping forward.,Qwen/Qwen3-VL-2B-Instruct,,imgedit_00000532_00,imgedit_00000532_00.png
imgedit_00000533_00,imgedit,action,on-pZp3BMWY_segment_30_frame_35.jpg,on-pZp3BMWY_segment_30_frame_90.jpg,,A chef in a kitchen stands behind a counter with a casserole on the stove.,"A chef in a kitchen stands behind a counter with a casserole on the stove, holding their hand near their chest.",A person stands in a kitchen holding their hand near their chest.,,missing,0,D:/Datasets/ImgEdit/Parquet/action_part1.parquet,on-pZp3BMWY_segment_30_frame_35,person,holding their hand near their chest,action,high,"The person's hand is now positioned near their chest, indicating an action. The background and other elements remain consistent.",Qwen/Qwen3-VL-2B-Instruct,,imgedit_00000533_00,imgedit_00000533_00.png
imgedit_00000534_00,imgedit,action,dhX6Q7tAvWk_segment_8_frame_0.jpg,dhX6Q7tAvWk_segment_8_frame_55.jpg,,"A woman with long dark hair wearing a white top, looking at the camera.","A woman with long dark hair wearing a white top, tilting her head slightly to the right.",The person tilts their head slightly to the right.,,missing,0,D:/Datasets/ImgEdit/Parquet/action_part1.parquet,dhX6Q7tAvWk_segment_8_frame_0,person,tilting her head slightly to the right,action,high,"The person's head is slightly tilted to the right in the target image, which is consistent with the instruction.",Qwen/Qwen3-VL-2B-Instruct,,imgedit_00000534_00,imgedit_00000534_00.png
imgedit_00000535_00,imgedit,action,ZlcQwPFiEJg_segment_1_frame_0.jpg,ZlcQwPFiEJg_segment_1_frame_55.jpg,,A woman in a kitchen holds a black container on the table.,A woman in a kitchen holds a black container with both hands.,The person changes from placing a container on the table to holding the container with both hands.,,missing,0,D:/Datasets/ImgEdit/Parquet/action_part1.parquet,ZlcQwPFiEJg_segment_1_frame_0,person,holding the container with both hands,action,high,"The person's hands are now visible holding the container, indicating the action change from placing to holding.",Qwen/Qwen3-VL-2B-Instruct,,imgedit_00000535_00,imgedit_00000535_00.png
imgedit_00000536_00,imgedit,action,gyVar-Porg8_segment_0_frame_0.jpg,gyVar-Porg8_segment_0_frame_55.jpg,,"A woman with long dark hair and glasses stands in a kitchen, wearing a black cardigan and a distinctive necklace.","A woman with long dark hair and glasses tilts her head slightly to the left, standing in the same kitchen.",The subject tilts their head slightly to the left.,,missing,0,D:/Datasets/ImgEdit/Parquet/action_part1.parquet,gyVar-Porg8_segment_0_frame_0,woman,tilting her head slightly to the left,action,high,The woman's head position has been adjusted to match the instruction.,Qwen/Qwen3-VL-2B-Instruct,,imgedit_00000536_00,imgedit_00000536_00.png
imgedit_00000537_00,imgedit,action,sKC3Gp90OxM_segment_43_frame_0.jpg,sKC3Gp90OxM_segment_43_frame_55.jpg,,"A woman with short hair sits in a chair, wearing a dark blue t-shirt with a cartoon character, speaking to the camera.","A woman with short hair sits in a chair, wearing a dark blue t-shirt with a cartoon character, speaking to the camera and lifting both hands closer to her chest while looking slightly upward.",The person lifts both hands closer to their chest and looks slightly upward.,,missing,0,D:/Datasets/ImgEdit/Parquet/action_part1.parquet,sKC3Gp90OxM_segment_43_frame_0,person,person with hands closer to chest and upward gaze,action,high,"The person's hands are raised and their gaze is directed upward, indicating a change in posture and expression.",Qwen/Qwen3-VL-2B-Instruct,,imgedit_00000537_00,imgedit_00000537_00.png
imgedit_00000538_00,imgedit,action,_F_iiepy1eM_segment_4_frame_0.jpg,_F_iiepy1eM_segment_4_frame_55.jpg,,A man in a dark suit stands leaning against a wall with a wall-mounted device.,A man in a dark suit turns his head to the right while leaning against a wall with a wall-mounted device.,The man turns his head to the right.,,missing,0,D:/Datasets/ImgEdit/Parquet/action_part1.parquet,_F_iiepy1eM_segment_4_frame_0,man,man with turned head,action,high,"The man's head is turned to the right, altering his orientation.",Qwen/Qwen3-VL-2B-Instruct,,imgedit_00000538_00,imgedit_00000538_00.png
imgedit_00000539_00,imgedit,action,A74NZemJZRE_segment_61_frame_0.jpg,A74NZemJZRE_segment_61_frame_55.jpg,,"A young man with short hair, wearing a black jacket and shirt, is sitting on a couch during an interview.","A young man with short hair, wearing a black jacket and shirt, is sitting on a couch during an interview, lowering his arms and turning his head slightly to the left.",The subject lowers their arms and turns their head slightly to the left.,,missing,0,D:/Datasets/ImgEdit/Parquet/action_part1.parquet,A74NZemJZRE_segment_61_frame_0,the subject,the subject with lowered arms and turned head,action,high,"The subject's arms are lowered and his head is turned slightly to the left, matching the editing instruction.",Qwen/Qwen3-VL-2B-Instruct,,imgedit_00000539_00,imgedit_00000539_00.png
imgedit_00000540_00,imgedit,action,c2IW-NtpXnM_segment_16_frame_28.jpg,c2IW-NtpXnM_segment_16_frame_83.jpg,,"A man in a chef's coat stands in a kitchen, gesturing with his right hand while holding a cake on a stand.","A man in a chef's coat stands in a kitchen, resting his hands flat on a cake on a stand.",The person lowers their hand from an elevated position to rest it flat on top of the cake.,,missing,0,D:/Datasets/ImgEdit/Parquet/action_part1.parquet,c2IW-NtpXnM_segment_16_frame_28,the person's hand,resting flat on the cake,action,high,"The hand is lowered and placed flat on the cake, consistent with the instruction.",Qwen/Qwen3-VL-2B-Instruct,,imgedit_00000540_00,imgedit_00000540_00.png
imgedit_00000541_00,imgedit,action,xOQjS8alC1Q_segment_3_frame_0.jpg,xOQjS8alC1Q_segment_3_frame_55.jpg,,"A man with dark hair, a beard, and glasses stands against a gray background, gesturing with his hands.","A man with dark hair, a beard, and glasses stands against a gray background, with his hands resting in front of him.",The man lowers his hands to rest in front of him.,,missing,0,D:/Datasets/ImgEdit/Parquet/action_part1.parquet,xOQjS8alC1Q_segment_3_frame_0,man,man with hands resting in front of him,action,high,The man's hands are lowered from a gesturing position to a resting position in front of his body.,Qwen/Qwen3-VL-2B-Instruct,,imgedit_00000541_00,imgedit_00000541_00.png
imgedit_00000542_00,imgedit,action,-_niDUTZxEA_segment_26_frame_7.jpg,-_niDUTZxEA_segment_26_frame_62.jpg,,A person holding a blue smartphone in front of a red and green building.,A person holding a blue smartphone slightly lower in front of a red and green building.,The person lowers the phone slightly.,,missing,0,D:/Datasets/ImgEdit/Parquet/action_part1.parquet,-_niDUTZxEA_segment_26_frame_7,phone,lowered,action,high,The phone is positioned at a slightly lower angle in the target image compared to the source image.,Qwen/Qwen3-VL-2B-Instruct,,imgedit_00000542_00,imgedit_00000542_00.png
imgedit_00000543_00,imgedit,action,8GPmwQ0RMNI_segment_54_frame_4.jpg,8GPmwQ0RMNI_segment_54_frame_59.jpg,,"A man with long hair and a mustache sits at a desk in an office, holding a flask and looking at the camera.","A man with long hair and a mustache sits at a desk in an office, holding a flask and raising it closer to his mouth.",The person raises a flask closer to their mouth.,,missing,0,D:/Datasets/ImgEdit/Parquet/action_part1.parquet,8GPmwQ0RMNI_segment_54_frame_4,flask,flask raised closer to his mouth,action,high,"The flask is moved from a neutral position to be raised closer to the man's mouth, indicating an action.",Qwen/Qwen3-VL-2B-Instruct,,imgedit_00000543_00,imgedit_00000543_00.png
imgedit_00000544_00,imgedit,action,xTMsDj7ngOI_segment_29_frame_0.jpg,xTMsDj7ngOI_segment_29_frame_55.jpg,,A man in a white t-shirt stands behind a table filled with computer hardware boxes and a closed laptop.,"A man in a white t-shirt stands behind a table filled with computer hardware boxes and a closed laptop, with his arms extended outward with palms facing forward.",The person extends their arms outward with palms facing forward.,,missing,0,D:/Datasets/ImgEdit/Parquet/action_part1.parquet,xTMsDj7ngOI_segment_29_frame_0,person,person with arms extended outward with palms facing forward,action,high,"The person's arms are extended outward with palms facing forward in the target image, which is consistent with the instruction.",Qwen/Qwen3-VL-2B-Instruct,,imgedit_00000544_00,imgedit_00000544_00.png
imgedit_00000545_00,imgedit,action,1Ugo2KEV2XQ_segment_1_frame_0.jpg,1Ugo2KEV2XQ_segment_1_frame_55.jpg,,A man in a dark suit and shirt is standing on a stage with a blue background that says 'TEDx Grand Rapids'. He is gesturing with his hands open.,A man in a dark suit and shirt is standing on a stage with a blue background that says 'TEDx Grand Rapids'. He is holding his hands together in front of him.,The man changes from gesturing with open hands to holding his hands together in front of him.,,missing,0,D:/Datasets/ImgEdit/Parquet/action_part1.parquet,1Ugo2KEV2XQ_segment_1_frame_0,man,man holding hands together,action,high,The man's hands change from an open gesture to being clasped together in front of him.,Qwen/Qwen3-VL-2B-Instruct,,imgedit_00000545_00,imgedit_00000545_00.png
imgedit_00000546_00,imgedit,action,29ssJywcCio_segment_0_frame_0.jpg,29ssJywcCio_segment_0_frame_55.jpg,,"A man in a green polo shirt stands against a white background, with his hands spread apart and slightly raised.","A man in a green polo shirt stands against a white background, with his hands resting together at waist level.",The man changes his hand position from being spread apart and slightly raised to resting his fingers together at waist level.,,missing,0,D:/Datasets/ImgEdit/Parquet/action_part1.parquet,29ssJywcCio_segment_0_frame_0,man,man with hands resting together at waist level,action,high,The man's hand position is changed from being spread apart and slightly raised to resting his fingers together at waist level.,Qwen/Qwen3-VL-2B-Instruct,,imgedit_00000546_00,imgedit_00000546_00.png
imgedit_00000547_00,imgedit,action,5T0HaB09FBE_segment_64_frame_122.jpg,5T0HaB09FBE_segment_64_frame_177.jpg,,A young woman with short black hair stands in front of a train with the logo of the East Japan Railway Company.,"A young woman with short black hair turns her head slightly to the left, standing in front of a train with the logo of the East Japan Railway Company.",The person turns their head slightly to the left.,,missing,0,D:/Datasets/ImgEdit/Parquet/action_part1.parquet,5T0HaB09FBE_segment_64_frame_122,person,person with turned head,action,high,"The person's head position is adjusted to the left, as per the instruction.",Qwen/Qwen3-VL-2B-Instruct,,imgedit_00000547_00,imgedit_00000547_00.png
imgedit_00000548_00,imgedit,action,Ls9SrkiC4CY_segment_5_frame_0.jpg,Ls9SrkiC4CY_segment_5_frame_55.jpg,,A man with a beard and a plaid shirt is speaking into a microphone in a studio setting.,"A man with a beard and a plaid shirt is speaking into a microphone in a studio setting, raising his right hand and pointing his thumb backward.",The man raises his right hand and points his thumb backward.,,missing,0,D:/Datasets/ImgEdit/Parquet/action_part1.parquet,Ls9SrkiC4CY_segment_5_frame_0,man,man with raised right hand and pointing thumb backward,action,high,"The man's right hand is raised and his thumb is pointing backward, indicating a change in his gesture.",Qwen/Qwen3-VL-2B-Instruct,,imgedit_00000548_00,imgedit_00000548_00.png
imgedit_00000549_00,imgedit,action,R09yVSN1Nc8_segment_5_frame_0.jpg,R09yVSN1Nc8_segment_5_frame_55.jpg,,A woman with her hair in a bun is drinking a green smoothie from a mason jar.,A woman with her hair in a bun is lowering the mason jar smoothie cup from her mouth.,The person lowers the cup from their mouth.,,missing,0,D:/Datasets/ImgEdit/Parquet/action_part1.parquet,R09yVSN1Nc8_segment_5_frame_0,the cup,the cup lowered from her mouth,action,high,"The cup is held at a lower position, indicating the action of lowering it from her mouth.",Qwen/Qwen3-VL-2B-Instruct,,imgedit_00000549_00,imgedit_00000549_00.png
imgedit_00000550_00,imgedit,action,Kh-Vmqz48JA_segment_1_frame_82.jpg,Kh-Vmqz48JA_segment_1_frame_137.jpg,,A man in a black t-shirt and cap holds a pumpkin in his right hand and gestures with his left hand.,A man in a black t-shirt and cap holds a pumpkin in his right hand and extends his left hand out to the side.,A man moves one hand out to the side while holding a pumpkin in the other hand.,,missing,0,D:/Datasets/ImgEdit/Parquet/action_part1.parquet,Kh-Vmqz48JA_segment_1_frame_82,hand,hand extended to the side,action,high,"The man's left hand is moved from a neutral position to an extended position to the side, while holding the pumpkin in his right hand.",Qwen/Qwen3-VL-2B-Instruct,,imgedit_00000550_00,imgedit_00000550_00.png
imgedit_00000551_00,imgedit,action,Kkr0Ut-PAQg_segment_38_frame_0.jpg,Kkr0Ut-PAQg_segment_38_frame_55.jpg,,"A man in a blue helmet is climbing a rocky cliff face, reaching up with his right hand.","A man in a blue helmet is climbing a rocky cliff face, reaching higher with his right hand.",A man reaches higher with his right hand while climbing a rock wall.,,missing,0,D:/Datasets/ImgEdit/Parquet/action_part1.parquet,Kkr0Ut-PAQg_segment_38_frame_0,man,man reaching higher with his right hand,action,high,The edit involves increasing the height of the man's right hand's reach on the rock wall.,Qwen/Qwen3-VL-2B-Instruct,,imgedit_00000551_00,imgedit_00000551_00.png
imgedit_00000552_00,imgedit,action,ZbtQrm9Nw7E_segment_26_frame_0.jpg,ZbtQrm9Nw7E_segment_26_frame_55.jpg,,"A man in a dark shirt is leaning forward, focused on writing or drawing on a round wooden surface with a pen.",A man in a dark shirt is leaning forward and writing or drawing on a round wooden surface with a pen.,The person leans forward and writes or draws on the round surface.,,missing,0,D:/Datasets/ImgEdit/Parquet/action_part1.parquet,ZbtQrm9Nw7E_segment_26_frame_0,the man,the man is writing or drawing on the round surface,action,high,"The man's posture and the act of writing are consistent with the instruction. The edit is a change in the man's action, which is now clearly writing or drawing on the surface.",Qwen/Qwen3-VL-2B-Instruct,,imgedit_00000552_00,imgedit_00000552_00.png
imgedit_00000553_00,imgedit,action,kdU7xk8TISk_segment_71_frame_0.jpg,kdU7xk8TISk_segment_71_frame_55.jpg,,"An older man with white hair wearing a colorful shirt is standing face-to-face with a younger man in a red shirt, in a dark outdoor setting.","An older man with white hair wearing a colorful shirt is tilting his head downward, looking down, while a younger man in a red shirt stands beside him in a dark outdoor setting.",The person tilts their head downward.,,missing,0,D:/Datasets/ImgEdit/Parquet/action_part1.parquet,kdU7xk8TISk_segment_71_frame_0,the older man,the older man tilting his head downward,action,high,"The man's head is lowered, indicating a downward tilt, while the rest of the scene remains unchanged.",Qwen/Qwen3-VL-2B-Instruct,,imgedit_00000553_00,imgedit_00000553_00.png
imgedit_00000554_00,imgedit,action,hOQMaNYX7dM_segment_65_frame_36.jpg,hOQMaNYX7dM_segment_65_frame_91.jpg,,A man in a suit and a light-colored shirt is speaking in front of a bookshelf.,"A man in a suit and a light-colored shirt is speaking in front of a bookshelf, but his head is slightly turned to the right.",The person shifts their head slightly to the right.,,missing,0,D:/Datasets/ImgEdit/Parquet/action_part1.parquet,hOQMaNYX7dM_segment_65_frame_36,the person,the person's head,action,high,The person's head has been shifted slightly to the right.,Qwen/Qwen3-VL-2B-Instruct,,imgedit_00000554_00,imgedit_00000554_00.png
imgedit_00000555_00,imgedit,action,Renqf1Ltg04_segment_21_frame_56.jpg,Renqf1Ltg04_segment_21_frame_111.jpg,,A man in a blue shirt and glasses is speaking on a stage with a textured curtain behind him.,"A man in a blue shirt and glasses is speaking on a stage with a textured curtain behind him, lowering his right hand from a raised position to a lower, more relaxed position.","The man lowers his right hand from a raised position to a lower, more relaxed position.",,missing,0,D:/Datasets/ImgEdit/Parquet/action_part1.parquet,Renqf1Ltg04_segment_21_frame_56,man,man with lowered right hand,action,high,"The man's right hand is raised in the source image and lowered in the target image, consistent with the instruction.",Qwen/Qwen3-VL-2B-Instruct,,imgedit_00000555_00,imgedit_00000555_00.png
imgedit_00000556_00,imgedit,action,rB6ddn1kvlI_segment_1_frame_32.jpg,rB6ddn1kvlI_segment_1_frame_87.jpg,,A man with short dark hair and a goatee wearing a black collared shirt is looking at the camera with a slight tilt of his head against a plain white background.,A man with short dark hair and a goatee wearing a black collared shirt is looking at the camera with his head straight and centered against a plain white background.,"The person adjusts their head from a slight tilt to a straight, centered position.",,missing,0,D:/Datasets/ImgEdit/Parquet/action_part1.parquet,rB6ddn1kvlI_segment_1_frame_32,person,person with straight head,action,high,"The person's head position is adjusted from a slight tilt to a straight, centered position.",Qwen/Qwen3-VL-2B-Instruct,,imgedit_00000556_00,imgedit_00000556_00.png
imgedit_00000557_00,imgedit,action,A6kcw0zPf6E_segment_3_frame_0.jpg,A6kcw0zPf6E_segment_3_frame_55.jpg,,A man in a suit and sunglasses stands in front of a display of a space shuttle.,"A man in a suit and sunglasses stands in front of a display of a space shuttle, raising his right hand slightly in front of him.",The man raises his right hand slightly in front of him.,,missing,0,D:/Datasets/ImgEdit/Parquet/action_part1.parquet,A6kcw0zPf6E_segment_3_frame_0,man,man raising his right hand slightly in front of him,action,high,"The man's right hand is slightly raised in the target image, consistent with the instruction.",Qwen/Qwen3-VL-2B-Instruct,,imgedit_00000557_00,imgedit_00000557_00.png
imgedit_00000558_00,imgedit,action,70YcuavYQeE_segment_7_frame_0.jpg,70YcuavYQeE_segment_7_frame_55.jpg,,"A woman with long brown hair is holding a bottle of blue nail polish in her right hand, looking at the camera.","A woman with long brown hair is holding a bottle of blue nail polish in her right hand, but she has shifted it slightly to the left, and her gaze is now directed toward the left.",The person slightly shifts the nail polish bottle to the left.,,missing,0,D:/Datasets/ImgEdit/Parquet/action_part1.parquet,70YcuavYQeE_segment_7_frame_0,nail polish bottle,nail polish bottle,action,high,"The nail polish bottle has been shifted slightly to the left in the woman's hand, changing its position relative to her body and the camera.",Qwen/Qwen3-VL-2B-Instruct,,imgedit_00000558_00,imgedit_00000558_00.png
imgedit_00000559_00,imgedit,action,Bqc-xeUyn8w_segment_45_frame_0.jpg,Bqc-xeUyn8w_segment_45_frame_55.jpg,,A man with a beard and wavy hair wearing a plaid shirt is looking at the camera against a white background.,A man with a beard and wavy hair wearing a plaid shirt is tilting his head slightly to the right and looking at the camera against a white background.,The man tilts his head slightly to the right.,,missing,0,D:/Datasets/ImgEdit/Parquet/action_part1.parquet,Bqc-xeUyn8w_segment_45_frame_0,man,man tilting his head slightly to the right,action,high,The man's head position is adjusted to the right in the target image.,Qwen/Qwen3-VL-2B-Instruct,,imgedit_00000559_00,imgedit_00000559_00.png
imgedit_00000560_00,imgedit,action,zBTsJuGuq5U_segment_4_frame_0.jpg,zBTsJuGuq5U_segment_4_frame_55.jpg,,A man in a workshop is carving a wooden snowman figurine on a table.,A man in a workshop is holding up a carved wooden snowman figurine with one hand.,The person raises a carved wooden snowman figurine with one hand.,,missing,0,D:/Datasets/ImgEdit/Parquet/action_part1.parquet,zBTsJuGuq5U_segment_4_frame_0,a carved wooden snowman figurine,a carved wooden snowman figurine held up by the man,action,high,"The man's hand is raised to show the snowman figurine, indicating the action of presenting it.",Qwen/Qwen3-VL-2B-Instruct,,imgedit_00000560_00,imgedit_00000560_00.png
imgedit_00000561_00,imgedit,action,zJIRNYFpwX8_segment_1_frame_0.jpg,zJIRNYFpwX8_segment_1_frame_55.jpg,,"A woman with dark hair and a floral shirt is standing in a kitchen, speaking to the camera.","A woman with dark hair and a floral shirt is standing in a kitchen, speaking to the camera with her hands lowered from chest level.",The woman lowers her hands from chest level.,,missing,0,D:/Datasets/ImgEdit/Parquet/action_part1.parquet,zJIRNYFpwX8_segment_1_frame_0,woman,woman with hands lowered from chest level,action,high,"The woman's hands are in a lower position in the target image compared to the source image, indicating the action of lowering them.",Qwen/Qwen3-VL-2B-Instruct,,imgedit_00000561_00,imgedit_00000561_00.png
imgedit_00000562_00,imgedit,action,YSEyqyboekU_segment_13_frame_0.jpg,YSEyqyboekU_segment_13_frame_55.jpg,,"A man in a black jacket stands next to a red sports car, gesturing with his hands.","A man in a black jacket stands next to a red sports car, raising his right hand and pointing towards the car's front wheel.",The man raises his right hand and points towards the car.,,missing,0,D:/Datasets/ImgEdit/Parquet/action_part1.parquet,YSEyqyboekU_segment_13_frame_0,man,man pointing,action,high,"The man's right hand is raised and directed towards the car's front wheel, indicating a specific action.",Qwen/Qwen3-VL-2B-Instruct,,imgedit_00000562_00,imgedit_00000562_00.png
imgedit_00000563_00,imgedit,action,8GtNC091knI_segment_0_frame_0.jpg,8GtNC091knI_segment_0_frame_55.jpg,,A cartoon portrait of a man with a bow tie in a red frame.,"A cartoon portrait of a man with a bow tie in a red frame, adjusting the bow tie.",The subject adjusts a bow tie.,,missing,0,D:/Datasets/ImgEdit/Parquet/action_part1.parquet,8GtNC091knI_segment_0_frame_0,man,man adjusting a bow tie,action,high,"The man's action is to adjust his bow tie, which is consistent with the original image. The edit is clear and specific.",Qwen/Qwen3-VL-2B-Instruct,,imgedit_00000563_00,imgedit_00000563_00.png
imgedit_00000564_00,imgedit,action,u0ocjT3gObE_segment_1_frame_0.jpg,u0ocjT3gObE_segment_1_frame_55.jpg,,"A man with gray hair sits on a chair holding an acoustic guitar, smiling at the camera in a music studio.","A man with gray hair sits on a chair, leaning forward slightly and holding an acoustic guitar with his right arm resting on the body of the guitar.",The man slightly shifts his posture by leaning more forward and repositioning his right arm on the guitar.,,missing,0,D:/Datasets/ImgEdit/Parquet/action_part1.parquet,u0ocjT3gObE_segment_1_frame_0,man,man leaning forward,action,high,"The man's posture has been adjusted to lean forward, and his right arm has been repositioned on the guitar.",Qwen/Qwen3-VL-2B-Instruct,,imgedit_00000564_00,imgedit_00000564_00.png
imgedit_00000565_00,imgedit,action,ECZJE16uyPw_segment_13_frame_12.jpg,ECZJE16uyPw_segment_13_frame_67.jpg,,"A young man with dark, styled hair and a black shirt looks to his right with a thoughtful expression.","A young man with dark, styled hair and a black shirt turns his head slightly more to the right, looking toward the right side of the frame.",The person turns their head slightly more to the right.,,missing,0,D:/Datasets/ImgEdit/Parquet/action_part1.parquet,ECZJE16uyPw_segment_13_frame_12,person,person turning his head slightly more to the right,action,high,The person's head position has been adjusted to align with the instruction.,Qwen/Qwen3-VL-2B-Instruct,,imgedit_00000565_00,imgedit_00000565_00.png
imgedit_00000566_00,imgedit,action,ZVvFc3OKlL8_segment_1_frame_0.jpg,ZVvFc3OKlL8_segment_1_frame_55.jpg,,"A woman in a white blouse stands in a kitchen, holding a bottle and preparing food on a stovetop.","A woman in a white blouse stands in a kitchen, resting her hand on a container while her other hand moves to the side to cook food on the stovetop.",The woman shifts her hand from holding a bottle to resting it on another container while her other hand moves from the front to the side.,,missing,0,D:/Datasets/ImgEdit/Parquet/action_part1.parquet,ZVvFc3OKlL8_segment_1_frame_0,hand,resting on a container,action,high,"The woman's hand is shown in a different position, moving from holding the bottle to resting on the container.",Qwen/Qwen3-VL-2B-Instruct,,imgedit_00000566_00,imgedit_00000566_00.png
imgedit_00000567_00,imgedit,action,4vF-YiLoeTQ_segment_9_frame_0.jpg,4vF-YiLoeTQ_segment_9_frame_55.jpg,,"A man in a kitchen wearing a blue shirt and a black apron stands in front of a stainless steel refrigerator and oven, gesturing with his hands.","A man in a kitchen wearing a blue shirt and a black apron stands in front of a stainless steel refrigerator and oven, with his hands closer together and slightly lower in front of him.",The person moves their hands closer together and slightly lower in front of them.,,missing,0,D:/Datasets/ImgEdit/Parquet/action_part1.parquet,4vF-YiLoeTQ_segment_9_frame_0,person,person with hands closer together and slightly lower in front of him,action,high,The person's hands are adjusted in the target image to be closer together and slightly lower than in the source image.,Qwen/Qwen3-VL-2B-Instruct,,imgedit_00000567_00,imgedit_00000567_00.png
imgedit_00000568_00,imgedit,action,70oNcdFC4K4_segment_8_frame_0.jpg,70oNcdFC4K4_segment_8_frame_55.jpg,,"A man wearing a black helmet and a black and white patterned jersey sits on a log in a forest, next to an orange mountain bike leaning against a tree.","A man wearing a black helmet and a black and white patterned jersey sits on a log in a forest, next to an orange mountain bike leaning against a tree, with his hands open and gesturing mid-explanation.",The person's hand gesture changes from holding fists close together to open hands mid-explanation.,,missing,0,D:/Datasets/ImgEdit/Parquet/action_part1.parquet,70oNcdFC4K4_segment_8_frame_0,person,person with open hands mid-explanation,action,high,The person's hand gesture changes from holding fists close together to open hands mid-explanation.,Qwen/Qwen3-VL-2B-Instruct,,imgedit_00000568_00,imgedit_00000568_00.png
imgedit_00000569_00,imgedit,action,g3rHXb_rwdc_segment_1_frame_11.jpg,g3rHXb_rwdc_segment_1_frame_66.jpg,,"A man in dark, medieval-style clothing sits in a chair in a dimly lit room with candles.","A man in dark, medieval-style clothing sits in a chair in a dimly lit room with candles, turning his head slightly to the left.",The person turns their head slightly to the left.,,missing,0,D:/Datasets/ImgEdit/Parquet/action_part1.parquet,g3rHXb_rwdc_segment_1_frame_11,person,person with turned head,action,high,"The person's head is slightly turned to the left in the target image, which is consistent with the editing instruction.",Qwen/Qwen3-VL-2B-Instruct,,imgedit_00000569_00,imgedit_00000569_00.png
imgedit_00000570_00,imgedit,action,3Wx-7UJsssw_segment_77_frame_0.jpg,3Wx-7UJsssw_segment_77_frame_55.jpg,,"A person in a striped robe stands in a misty, steamy environment with a large tree behind them, playing a flute.","A person in a striped robe stands in a misty, steamy environment with a large tree behind them, playing a flute and raising their head slightly.",The person raises their head slightly while continuing to play the flute.,,missing,0,D:/Datasets/ImgEdit/Parquet/action_part1.parquet,3Wx-7UJsssw_segment_77_frame_0,person,raising their head slightly,action,high,"The edit focuses on the person's head position, specifically raising it slightly while continuing to play the flute.",Qwen/Qwen3-VL-2B-Instruct,,imgedit_00000570_00,imgedit_00000570_00.png
imgedit_00000571_00,imgedit,action,6K-ATmU-NbU_segment_37_frame_6.jpg,6K-ATmU-NbU_segment_37_frame_61.jpg,,"A man sits on a blue couch, reaching forward with his right hand towards a white robot.","A man sits on a blue couch, extending his right fist forward towards a white robot.",The person extends their fist forward.,,missing,0,D:/Datasets/ImgEdit/Parquet/action_part1.parquet,6K-ATmU-NbU_segment_37_frame_6,hand,fist,action,high,"The hand is replaced with a fist, indicating an action of extending the hand.",Qwen/Qwen3-VL-2B-Instruct,,imgedit_00000571_00,imgedit_00000571_00.png
imgedit_00000572_00,imgedit,action,sLvLvCPhEYQ_segment_40_frame_0.jpg,sLvLvCPhEYQ_segment_40_frame_55.jpg,,A muscular man in a grey tank top stands in a boxing ring.,A muscular man in a grey tank top turns his head slightly to the right in a boxing ring.,The person turns their head slightly to the right.,,missing,0,D:/Datasets/ImgEdit/Parquet/action_part1.parquet,sLvLvCPhEYQ_segment_40_frame_0,person,turns his head slightly to the right,action,high,The person's head position is changed from facing forward to slightly turned to the right.,Qwen/Qwen3-VL-2B-Instruct,,imgedit_00000572_00,imgedit_00000572_00.png
imgedit_00000573_00,imgedit,action,IFhvQbA_WvM_segment_7_frame_0.jpg,IFhvQbA_WvM_segment_7_frame_55.jpg,,"A man in a white shirt and blue cap runs with a football on a grass field, approaching a blue training dummy.","A man in a white shirt and blue cap runs with a football, extending his arm toward a blue training dummy.",A man runs with a football while extending his arm toward a training dummy.,,missing,0,D:/Datasets/ImgEdit/Parquet/action_part1.parquet,IFhvQbA_WvM_segment_7_frame_0,man,man running with arm extended toward dummy,action,high,"The man's arm is extended forward, indicating an action of reaching or blocking, which is not visible in the original image.",Qwen/Qwen3-VL-2B-Instruct,,imgedit_00000573_00,imgedit_00000573_00.png
imgedit_00000574_00,imgedit,action,0GyJL0DbfEM_segment_8_frame_0.jpg,0GyJL0DbfEM_segment_8_frame_55.jpg,,A man in a white shirt sits in a wooden chair in a Mediterranean-style room with potted plants and pottery.,"A man in a white shirt sits in a wooden chair in a Mediterranean-style room with potted plants and pottery, lowering his right hand and resting his left hand on his lap.",The man lowers his right hand and rests his left hand on his lap.,,missing,0,D:/Datasets/ImgEdit/Parquet/action_part1.parquet,0GyJL0DbfEM_segment_8_frame_0,man,man with both hands on his lap,action,high,The man's right hand is lowered and his left hand is placed on his lap.,Qwen/Qwen3-VL-2B-Instruct,,imgedit_00000574_00,imgedit_00000574_00.png
imgedit_00000575_00,imgedit,action,ZWZI6e9D4gc_segment_259_frame_0.jpg,ZWZI6e9D4gc_segment_259_frame_54.jpg,,"A woman is lying on a large rock at the edge of a cliff, overlooking a lush valley.","A woman is lying on a large rock at the edge of a cliff, lifting her head slightly while looking out over the valley.",The person lifts their head slightly while lying on the rock.,,missing,0,D:/Datasets/ImgEdit/Parquet/action_part1.parquet,ZWZI6e9D4gc_segment_259_frame_0,person,lifting her head slightly,action,high,"The person's head is raised slightly, indicating the action of lifting it.",Qwen/Qwen3-VL-2B-Instruct,,imgedit_00000575_00,imgedit_00000575_00.png
imgedit_00000576_00,imgedit,action,hQL1eIVZA68_segment_1_frame_0.jpg,hQL1eIVZA68_segment_1_frame_55.jpg,,A man in a kitchen stands in front of a counter with fresh vegetables and a pot on the stove.,"A man in a kitchen stands in front of a counter with fresh vegetables and a pot on the stove, raising his head and lifting his arms slightly higher.",The person raises their head and lifts their arms slightly higher.,,missing,0,D:/Datasets/ImgEdit/Parquet/action_part1.parquet,hQL1eIVZA68_segment_1_frame_0,person,person with raised arms and head,action,high,"The person's arms are raised and his head is tilted upward, indicating a new action.",Qwen/Qwen3-VL-2B-Instruct,,imgedit_00000576_00,imgedit_00000576_00.png
imgedit_00000577_00,imgedit,action,SPvwtWyRZ28_segment_5_frame_0.jpg,SPvwtWyRZ28_segment_5_frame_55.jpg,,"A woman in a black jacket stands in front of a metal fence, gesturing with her right hand open.","A woman in a black jacket stands in front of a metal fence, gesturing with her right hand in a sweeping motion over her left palm.",A woman moves her right hand from an open gesture to a sweeping motion over her left palm.,,missing,0,D:/Datasets/ImgEdit/Parquet/action_part1.parquet,SPvwtWyRZ28_segment_5_frame_0,woman's right hand,woman's right hand in a sweeping motion over her left palm,action,high,The woman's right hand changes from an open gesture to a sweeping motion over her left palm.,Qwen/Qwen3-VL-2B-Instruct,,imgedit_00000577_00,imgedit_00000577_00.png
imgedit_00000578_00,imgedit,action,gcb5mjyMhcw_segment_61_frame_0.jpg,gcb5mjyMhcw_segment_61_frame_55.jpg,,"A woman with short brown hair wearing a pink sweater and a blue and white apron sits in a grocery store, resting her head on her hand with a tired expression.","A woman with short brown hair wearing a pink sweater and a blue and white apron sits in a grocery store, tilting her head slightly forward with a tired expression.",The person slightly tilts their head forward.,,missing,0,D:/Datasets/ImgEdit/Parquet/action_part1.parquet,gcb5mjyMhcw_segment_61_frame_0,person,tilting her head forward,action,high,The person's head position is slightly adjusted forward in the edited image.,Qwen/Qwen3-VL-2B-Instruct,,imgedit_00000578_00,imgedit_00000578_00.png
imgedit_00000579_00,imgedit,action,TZ7n4bOLNwc_segment_25_frame_0.jpg,TZ7n4bOLNwc_segment_25_frame_55.jpg,,A seated man in a dark suit and glasses looks at a document on a cluttered desk while another man leans over to speak to him.,A seated man in a dark suit and glasses adjusts his collar while another man leans over to speak to him.,The seated man adjusts his collar while being approached by another person.,,missing,0,D:/Datasets/ImgEdit/Parquet/action_part1.parquet,TZ7n4bOLNwc_segment_25_frame_0,the seated man,the seated man adjusting his collar,action,high,"The edit involves the seated man performing the action of adjusting his collar, which is not visible in the source image.",Qwen/Qwen3-VL-2B-Instruct,,imgedit_00000579_00,imgedit_00000579_00.png
imgedit_00000580_00,imgedit,action,3MdRlF7gLQo_segment_53_frame_0.jpg,3MdRlF7gLQo_segment_53_frame_50.jpg,,"A blonde girl in a pink skirt and striped socks stands in a colorful, strawberry-themed landscape, gesturing with her left hand.","A blonde girl in a pink skirt and striped socks turns her body to face the right and extends her right arm outward, while standing in the same colorful, strawberry-themed landscape.",A girl turns her body to face the right while extending her right arm outward.,,missing,0,D:/Datasets/ImgEdit/Parquet/action_part1.parquet,3MdRlF7gLQo_segment_53_frame_0,girl,girl with her body turned to the right and her right arm extended outward,action,high,The girl's body orientation and arm position have been changed to match the instruction.,Qwen/Qwen3-VL-2B-Instruct,,imgedit_00000580_00,imgedit_00000580_00.png
imgedit_00000581_00,imgedit,action,8G_HYZLRdks_segment_14_frame_4.jpg,8G_HYZLRdks_segment_14_frame_59.jpg,,"A man in a green shirt sits on a hillside, cooking a meal on a small stove with a backpack and camping gear nearby.","A man in a green shirt sits on a hillside, slightly tilting his head downward while cooking a meal on a small stove with a backpack and camping gear nearby.",The person slightly tilts their head downward.,,missing,0,D:/Datasets/ImgEdit/Parquet/action_part1.parquet,8G_HYZLRdks_segment_14_frame_4,person,person slightly tilting their head downward,action,high,The person's head is slightly tilted downward in the target image compared to the original.,Qwen/Qwen3-VL-2B-Instruct,,imgedit_00000581_00,imgedit_00000581_00.png
imgedit_00000582_00,imgedit,action,6JNIUVJi5rA_segment_9_frame_0.jpg,6JNIUVJi5rA_segment_9_frame_55.jpg,,"A man is sitting on a chair, using a broom to stir green tea leaves in a large, concrete wok with two bowls.","A man is sitting on a chair, using a broom to stir green tea leaves in a large, concrete wok with two bowls, with the broom now positioned more deeply into the wok.","The person shifts the position of the broom, moving it more deeply into the wok.",,missing,0,D:/Datasets/ImgEdit/Parquet/action_part1.parquet,6JNIUVJi5rA_segment_9_frame_0,broom,broom,action,high,"The broom's position has been altered to move deeper into the wok, which is consistent with the instruction.",Qwen/Qwen3-VL-2B-Instruct,,imgedit_00000582_00,imgedit_00000582_00.png
imgedit_00000583_00,imgedit,action,5x8qRCAjk2s_segment_10_frame_0.jpg,5x8qRCAjk2s_segment_10_frame_55.jpg,,"A close-up of a man with gray hair and glasses, wearing a dark suit and a light-colored shirt, looking down.","A close-up of a man with gray hair and glasses, wearing a dark suit and a light-colored shirt, looking down and turning his head slightly more to the left.",The person turns their head slightly more to the left.,,missing,0,D:/Datasets/ImgEdit/Parquet/action_part1.parquet,5x8qRCAjk2s_segment_10_frame_0,person,person with head turned slightly more to the left,action,high,The person's head is slightly more turned to the left in the target image compared to the source.,Qwen/Qwen3-VL-2B-Instruct,,imgedit_00000583_00,imgedit_00000583_00.png
imgedit_00000584_00,imgedit,action,ECWgZlkwtfA_segment_1_frame_0.jpg,ECWgZlkwtfA_segment_1_frame_55.jpg,,A man is seated on a wooden stool on a stage with a brick wall and stage lights in the background.,"A man is standing on a stage with a wooden stool in front of him, wearing the same clothes.",A man stands up and walks forward from a seated position.,,missing,0,D:/Datasets/ImgEdit/Parquet/action_part1.parquet,ECWgZlkwtfA_segment_1_frame_0,man,standing,action,high,The man has stood up and walked forward from the seated position.,Qwen/Qwen3-VL-2B-Instruct,,imgedit_00000584_00,imgedit_00000584_00.png
imgedit_00000585_00,imgedit,action,OSEO8CX736U_segment_7_frame_0.jpg,OSEO8CX736U_segment_7_frame_55.jpg,,"A red-haired figure with a pale face and dark eyes stands in a dark room, surrounded by red strings.","A red-haired figure with a pale face and dark eyes turns their upper body slightly to the right, still surrounded by red strings.",The figure turns their upper body slightly to the right.,,missing,0,D:/Datasets/ImgEdit/Parquet/action_part1.parquet,OSEO8CX736U_segment_7_frame_0,figure,figure turns their upper body slightly to the right,action,high,"The figure's upper body has been rotated to the right, while the rest of the scene remains unchanged.",Qwen/Qwen3-VL-2B-Instruct,,imgedit_00000585_00,imgedit_00000585_00.png
imgedit_00000586_00,imgedit,action,sLxPSRF3-gg_segment_37_frame_66.jpg,sLxPSRF3-gg_segment_37_frame_118.jpg,,A man in a police uniform sits in a chair in an office with a wooden bookshelf behind him.,A man in a police uniform leans back slightly more in his chair in an office with a wooden bookshelf behind him.,A man leans back slightly more in his chair.,,missing,0,D:/Datasets/ImgEdit/Parquet/action_part1.parquet,sLxPSRF3-gg_segment_37_frame_66,man,man leaning back slightly more in his chair,action,high,"The man's posture changes from upright to slightly reclined, indicating a subtle shift in his position in the chair.",Qwen/Qwen3-VL-2B-Instruct,,imgedit_00000586_00,imgedit_00000586_00.png
imgedit_00000587_00,imgedit,action,JOO8CXHpTco_segment_21_frame_0.jpg,JOO8CXHpTco_segment_21_frame_55.jpg,,A man wearing a grey beanie and a grey jacket is sitting and looking to his left.,A man wearing a grey beanie and a grey jacket is sitting and looking more to his right.,The person turns their head more to the right.,,missing,0,D:/Datasets/ImgEdit/Parquet/action_part1.parquet,JOO8CXHpTco_segment_21_frame_0,man,man,action,high,"The man's head has been rotated to the right, making his gaze more directed towards the right side of the frame.",Qwen/Qwen3-VL-2B-Instruct,,imgedit_00000587_00,imgedit_00000587_00.png
imgedit_00000588_00,imgedit,action,sJb7YRhW6Tw_segment_6_frame_2.jpg,sJb7YRhW6Tw_segment_6_frame_57.jpg,,"A man with glasses sits on a chair holding an acoustic guitar, with several other guitars hanging on the wall behind him.","A man with glasses sits on a chair holding an acoustic guitar, resting it on his lap and placing his left hand on his knee, with several other guitars hanging on the wall behind him.",The person rests the guitar on their lap and places their left hand on their knee.,,missing,0,D:/Datasets/ImgEdit/Parquet/action_part1.parquet,sJb7YRhW6Tw_segment_6_frame_2,guitar,guitar,action,high,"The guitar is being held in the same position, but the man's left hand is now on his knee, indicating the action of resting the guitar on his lap.",Qwen/Qwen3-VL-2B-Instruct,,imgedit_00000588_00,imgedit_00000588_00.png
imgedit_00000589_00,imgedit,action,70lIHoulAIg_segment_35_frame_0.jpg,70lIHoulAIg_segment_35_frame_55.jpg,,"A man wearing a white t-shirt, yellow shorts, and a black cap stands in a colorful cardboard diorama with trees, clouds, and rocks.","A man wearing a white t-shirt, yellow shorts, and a black cap stands in a colorful cardboard diorama with trees, clouds, and rocks, placing one hand on his hip and the other by his side.",The person moves their hands from holding an object in front of their torso to placing one hand on their hip and the other hand by their side.,,missing,0,D:/Datasets/ImgEdit/Parquet/action_part1.parquet,70lIHoulAIg_segment_35_frame_0,person,person with hands on hip and side,action,high,The person's hands have changed from holding an object in front of his torso to being placed on his hip and side.,Qwen/Qwen3-VL-2B-Instruct,,imgedit_00000589_00,imgedit_00000589_00.png
imgedit_00000590_00,imgedit,action,XBvW_t4ZjIY_segment_167_frame_0.jpg,XBvW_t4ZjIY_segment_167_frame_55.jpg,,A firefighter in a blue uniform and yellow helmet stands still on a grassy field next to a red hose.,A firefighter in a blue uniform and yellow helmet is running on a grassy field next to a red hose.,The person shifts from standing still to running.,,missing,0,D:/Datasets/ImgEdit/Parquet/action_part1.parquet,XBvW_t4ZjIY_segment_167_frame_0,person,running,action,high,The person's posture and motion have been changed from standing to running.,Qwen/Qwen3-VL-2B-Instruct,,imgedit_00000590_00,imgedit_00000590_00.png
imgedit_00000591_00,imgedit,action,7eqSzBWXAxM_segment_9_frame_0.jpg,7eqSzBWXAxM_segment_9_frame_55.jpg,,A man in a blue shirt and a hat stands outdoors next to a large cardboard box with the lid open.,A man in a blue shirt and a hat looks down into a large cardboard box with the lid open while holding it.,The man looks down into the box while holding the lid open.,,missing,0,D:/Datasets/ImgEdit/Parquet/action_part1.parquet,7eqSzBWXAxM_segment_9_frame_0,man,man looking down into the box,action,high,"The man's gaze has changed from looking up to looking down into the box, indicating the action of looking down.",Qwen/Qwen3-VL-2B-Instruct,,imgedit_00000591_00,imgedit_00000591_00.png
imgedit_00000592_00,imgedit,action,rAnLBh0Us-Q_segment_0_frame_0.jpg,rAnLBh0Us-Q_segment_0_frame_55.jpg,,A man in a beanie and jacket is kneeling in a grassy field with a large telephoto lens on a tripod.,"A man in a beanie and jacket is kneeling in a grassy field with a large telephoto lens on a tripod, lowering his right hand and placing it on his lap.",The person lowers their right hand and places it on their lap.,,missing,0,D:/Datasets/ImgEdit/Parquet/action_part1.parquet,rAnLBh0Us-Q_segment_0_frame_0,person,person with right hand on lap,action,high,"The person's right hand is lowered and placed on their lap, which is a clear action change from the original pose.",Qwen/Qwen3-VL-2B-Instruct,,imgedit_00000592_00,imgedit_00000592_00.png
imgedit_00000593_00,imgedit,action,SQdIGueRKj4_segment_0_frame_0.jpg,SQdIGueRKj4_segment_0_frame_55.jpg,,A woman with blonde hair wearing a dark blazer stands in a grassy field with a white bridge in the background.,"A woman with blonde hair wearing a dark blazer stands in a grassy field with a white bridge in the background, raising both hands in front of her while speaking.",The woman raises both hands in front of her while speaking.,,missing,0,D:/Datasets/ImgEdit/Parquet/action_part1.parquet,SQdIGueRKj4_segment_0_frame_0,woman,woman raising both hands in front of her while speaking,action,high,"The woman's hands are raised and her mouth is open, indicating she is speaking. The edit is consistent with the instruction.",Qwen/Qwen3-VL-2B-Instruct,,imgedit_00000593_00,imgedit_00000593_00.png
imgedit_00000594_00,imgedit,action,3MdRlF7gLQo_segment_46_frame_13.jpg,3MdRlF7gLQo_segment_46_frame_66.jpg,,A blonde girl with a polka-dotted shirt and a red skirt is holding a candy cane in a candy-colored landscape.,A blonde girl with a polka-dotted shirt and a red skirt is holding a large candy cane and facing forward in a candy-colored landscape.,The girl turns to face forward while holding a large candy cane.,,missing,0,D:/Datasets/ImgEdit/Parquet/action_part1.parquet,3MdRlF7gLQo_segment_46_frame_13,girl,girl turning to face forward,action,high,"The girl's orientation changes from angled to facing forward, and the candy cane is now held in a more prominent position.",Qwen/Qwen3-VL-2B-Instruct,,imgedit_00000594_00,imgedit_00000594_00.png
imgedit_00000595_00,imgedit,action,YRFUMt_3zxU_segment_5_frame_0.jpg,YRFUMt_3zxU_segment_5_frame_55.jpg,,"A woman with blonde hair and a white blazer stands in a modern office hallway, looking at the camera.","A woman with blonde hair and a white blazer stands in a modern office hallway, slightly tilting her head to the right.",The subject slightly tilts their head to the right.,,missing,0,D:/Datasets/ImgEdit/Parquet/action_part1.parquet,YRFUMt_3zxU_segment_5_frame_0,woman,slightly tilting her head to the right,action,high,The woman's head position is adjusted to match the instruction.,Qwen/Qwen3-VL-2B-Instruct,,imgedit_00000595_00,imgedit_00000595_00.png
imgedit_00000596_00,imgedit,action,29HzvU-q3Hc_segment_8_frame_1.jpg,29HzvU-q3Hc_segment_8_frame_56.jpg,,A cartoon donut with pink frosting and sprinkles is looking down at a large pile of red sauce.,A cartoon donut with pink frosting and sprinkles raises its arms and opens its mouth as if shouting at a large pile of red sauce.,A donut raises its arms and opens its mouth as if shouting.,,missing,0,D:/Datasets/ImgEdit/Parquet/action_part1.parquet,29HzvU-q3Hc_segment_8_frame_1,donut,raising its arms and opening its mouth,action,high,"The donut's expression and posture change from a neutral look to one of shouting, with its arms raised and mouth open.",Qwen/Qwen3-VL-2B-Instruct,,imgedit_00000596_00,imgedit_00000596_00.png
imgedit_00000597_00,imgedit,action,3WvknhM5r8g_segment_66_frame_0.jpg,3WvknhM5r8g_segment_66_frame_55.jpg,,"A man in a hat and vest sits in the water, holding a pan and raising his other hand.","A man in a hat and vest sits in the water, holding a pan and lowering his raised hand slightly.",The person lowers their raised hand slightly while continuing to hold the pan.,,missing,0,D:/Datasets/ImgEdit/Parquet/action_part1.parquet,3WvknhM5r8g_segment_66_frame_0,the man's raised hand,the man's raised hand lowered slightly,action,high,"The edit focuses on the man's raised hand, which is lowered in the target image compared to the source image.",Qwen/Qwen3-VL-2B-Instruct,,imgedit_00000597_00,imgedit_00000597_00.png
imgedit_00000598_00,imgedit,action,aNh7dd-VnAU_segment_16_frame_10.jpg,aNh7dd-VnAU_segment_16_frame_65.jpg,,"A woman with long red hair in a blue dress stands in a kitchen, holding a plate with a slice of cake.","A woman with long red hair in a blue dress stands in a kitchen, lowering her right hand closer to the plate she is holding.",The woman lowers her right hand closer to the plate she is holding.,,missing,0,D:/Datasets/ImgEdit/Parquet/action_part1.parquet,aNh7dd-VnAU_segment_16_frame_10,woman,woman lowering her right hand closer to the plate she is holding,action,high,"The woman's hand position changes from raised to lower, indicating a specific action.",Qwen/Qwen3-VL-2B-Instruct,,imgedit_00000598_00,imgedit_00000598_00.png
imgedit_00000599_00,imgedit,action,uq-Vj-KWqRQ_segment_39_frame_0.jpg,uq-Vj-KWqRQ_segment_39_frame_55.jpg,,"A man in a white t-shirt stands in a kitchen with a red brick wall, preparing food on a counter.","A man in a white t-shirt stands in a kitchen with a red brick wall, gesturing with his hands slightly apart while holding a dish.","The person moves their hands away from the dish, holding them slightly apart in a gesturing motion.",,missing,0,D:/Datasets/ImgEdit/Parquet/action_part1.parquet,uq-Vj-KWqRQ_segment_39_frame_0,the man,the man holding his hands apart in a gesturing motion,action,high,"The man's hands are moved away from the dish, indicating a change in his action.",Qwen/Qwen3-VL-2B-Instruct,,imgedit_00000599_00,imgedit_00000599_00.png
imgedit_00000600_00,imgedit,action,xcX52ryfX_g_segment_17_frame_0.jpg,xcX52ryfX_g_segment_17_frame_55.jpg,,A man in a modern kitchen is scooping food from a bowl with a spoon.,"A man in a modern kitchen is scooping food from a bowl with a spoon, moving the spoon away from the bowl.","A man scoops food from a bowl with a spoon, moving the spoon away from the bowl.",,missing,0,D:/Datasets/ImgEdit/Parquet/action_part1.parquet,xcX52ryfX_g_segment_17_frame_0,man,"man scooping food from a bowl with a spoon, moving the spoon away from the bowl",action,high,"The man's spoon is in motion, indicating a change in the action from scooping to moving away.",Qwen/Qwen3-VL-2B-Instruct,,imgedit_00000600_00,imgedit_00000600_00.png
imgedit_00000601_00,imgedit,action,ZWEBTxSmuww_segment_12_frame_0.jpg,ZWEBTxSmuww_segment_12_frame_55.jpg,,"A man in an orange sweater and glasses sits in a recording studio, gesturing with both hands raised.","A man in an orange sweater and glasses sits in a recording studio, with his right hand moved closer to his body while both hands remain raised.",The person moves their right hand closer to their body while both hands remain raised.,,missing,0,D:/Datasets/ImgEdit/Parquet/action_part1.parquet,ZWEBTxSmuww_segment_12_frame_0,person,person with right hand closer to body,action,high,"The right hand's position is adjusted in the target image to be closer to the body, while both hands remain raised.",Qwen/Qwen3-VL-2B-Instruct,,imgedit_00000601_00,imgedit_00000601_00.png
imgedit_00000602_00,imgedit,action,zAj6xEffOrI_segment_8_frame_30.jpg,zAj6xEffOrI_segment_8_frame_85.jpg,,A man in a dark jacket and light shirt looks at the camera with a serious expression.,"A man in a dark jacket and light shirt looks at the camera with a serious expression, while lowering his raised hand.",The person lowers their raised hand.,,missing,0,D:/Datasets/ImgEdit/Parquet/action_part1.parquet,zAj6xEffOrI_segment_8_frame_30,the man,the man with his hand lowered,action,high,The man's hand is raised in the source image but lowered in the target image.,Qwen/Qwen3-VL-2B-Instruct,,imgedit_00000602_00,imgedit_00000602_00.png
imgedit_00000603_00,imgedit,action,xWqtqWXjtCM_segment_23_frame_0.jpg,xWqtqWXjtCM_segment_23_frame_55.jpg,,"A young woman with long brown hair stands by a window, looking out with a thoughtful expression.",A young woman with long brown hair turns her head to face another person standing in front of her.,The person turns their head to face another individual.,,missing,0,D:/Datasets/ImgEdit/Parquet/action_part1.parquet,xWqtqWXjtCM_segment_23_frame_0,the woman,the woman looking at another person,action,high,"The woman's head is turned to face another individual, changing her gaze from the window to the person in front of her.",Qwen/Qwen3-VL-2B-Instruct,,imgedit_00000603_00,imgedit_00000603_00.png
imgedit_00000604_00,imgedit,action,4uwR-lqZTDs_segment_23_frame_0.jpg,4uwR-lqZTDs_segment_23_frame_55.jpg,,"A woman in a kitchen stands behind a stovetop, gesturing with her hands.","A woman in a kitchen stands behind a stovetop, lowering her hands slightly while gesturing with her hands.",The person lowers their hands slightly while standing.,,missing,0,D:/Datasets/ImgEdit/Parquet/action_part1.parquet,4uwR-lqZTDs_segment_23_frame_0,person,person with lowered hands,action,high,The person's hands are lowered slightly in the target image compared to the source.,Qwen/Qwen3-VL-2B-Instruct,,imgedit_00000604_00,imgedit_00000604_00.png
imgedit_00000605_00,imgedit,action,pwsBYZgspAg_segment_42_frame_8.jpg,pwsBYZgspAg_segment_42_frame_63.jpg,,"A man in a blue t-shirt is sitting at a desk, holding a rectangular electronic device and working on it.","A man in a blue t-shirt is sitting at a desk, holding a circular electronic device and working on it.",The person switches from holding a rectangular object to holding a circular object.,,missing,0,D:/Datasets/ImgEdit/Parquet/action_part1.parquet,pwsBYZgspAg_segment_42_frame_8,object,circular object,action,high,The man switches from holding a rectangular object to a circular object.,Qwen/Qwen3-VL-2B-Instruct,,imgedit_00000605_00,imgedit_00000605_00.png
imgedit_00000606_00,imgedit,action,0GtVj099LFY_segment_2_frame_0.jpg,0GtVj099LFY_segment_2_frame_52.jpg,,A woman in a white jacket is crouching outdoors with her head lowered.,A woman in a white jacket is crouching outdoors with her head tilted further downward.,The person tilts their head further downward.,,missing,0,D:/Datasets/ImgEdit/Parquet/action_part1.parquet,0GtVj099LFY_segment_2_frame_0,woman,woman tilting her head further downward,action,high,"The woman's head position is altered to be lower in the target image, consistent with the instruction.",Qwen/Qwen3-VL-2B-Instruct,,imgedit_00000606_00,imgedit_00000606_00.png
imgedit_00000607_00,imgedit,action,Q_ouhkdo-ko_segment_4_frame_0.jpg,Q_ouhkdo-ko_segment_4_frame_55.jpg,,A man in a black suit and white shirt stands on a stage with a microphone in his hand and a microphone stand in front of him.,A man in a black suit and white shirt stands on a stage with a microphone in his hand and his hand resting on the microphone stand.,A man shifts his hand from the microphone stand to rest on top of it while still holding the microphone with the other hand.,,missing,0,D:/Datasets/ImgEdit/Parquet/action_part1.parquet,Q_ouhkdo-ko_segment_4_frame_0,hand,resting on the microphone stand,action,high,"The man's hand is moved from the microphone to rest on the stand, while still holding the microphone.",Qwen/Qwen3-VL-2B-Instruct,,imgedit_00000607_00,imgedit_00000607_00.png
imgedit_00000608_00,imgedit,action,n4U9BdXzM0Q_segment_24_frame_0.jpg,n4U9BdXzM0Q_segment_24_frame_55.jpg,,"A bald man in a white shirt and tie sits in an office chair, gesturing with his hands.","A bald man in a white shirt and tie sits in an office chair, with his hands closer together as if emphasizing a point.",The man moves his hands closer together as if emphasizing a point.,,missing,0,D:/Datasets/ImgEdit/Parquet/action_part1.parquet,n4U9BdXzM0Q_segment_24_frame_0,man,man with hands closer together,action,high,The man's hands are moved closer together in the target image to emphasize a point.,Qwen/Qwen3-VL-2B-Instruct,,imgedit_00000608_00,imgedit_00000608_00.png
imgedit_00000609_00,imgedit,action,sJqxHlf3npE_segment_10_frame_90.jpg,sJqxHlf3npE_segment_10_frame_145.jpg,,"A man in an orange shirt and apron stands in a kitchen, raising his right hand to the microwave.","A man in an orange shirt and apron stands in a kitchen, holding both hands together in front of his body.",The person lowers their raised hand and places both hands together in front of their body.,,missing,0,D:/Datasets/ImgEdit/Parquet/action_part1.parquet,sJqxHlf3npE_segment_10_frame_90,person,both hands together in front of their body,action,high,The person's raised hand is lowered and replaced with both hands positioned in front of their body.,Qwen/Qwen3-VL-2B-Instruct,,imgedit_00000609_00,imgedit_00000609_00.png
imgedit_00000610_00,imgedit,action,7eqqMymlHEQ_segment_0_frame_148.jpg,7eqqMymlHEQ_segment_0_frame_203.jpg,,"A blonde woman with long hair stands in a kitchen, wearing a black and white striped shirt.","A blonde woman with long hair stands in a kitchen, wearing a black and white striped shirt and lowering her head slightly.",The person lowers their head slightly.,,missing,0,D:/Datasets/ImgEdit/Parquet/action_part1.parquet,7eqqMymlHEQ_segment_0_frame_148,person,person lowering her head slightly,action,high,The person's head position is altered from upright to slightly lowered.,Qwen/Qwen3-VL-2B-Instruct,,imgedit_00000610_00,imgedit_00000610_00.png
imgedit_00000611_00,imgedit,action,A7AsDO0Cgto_segment_24_frame_0.jpg,A7AsDO0Cgto_segment_24_frame_55.jpg,,A man with a black headband and a wooden bead necklace waves at the camera with his right hand raised.,A man with a black headband and a wooden bead necklace has his right hand lowered and resting at his side.,The person lowers their hand from a raised waving position to a resting position.,,missing,0,D:/Datasets/ImgEdit/Parquet/action_part1.parquet,A7AsDO0Cgto_segment_24_frame_0,hand,resting,action,high,The hand is in a raised waving position in the source image and is lowered in the target image.,Qwen/Qwen3-VL-2B-Instruct,,imgedit_00000611_00,imgedit_00000611_00.png
imgedit_00000612_00,imgedit,action,sMGXhnYGlfc_segment_11_frame_10.jpg,sMGXhnYGlfc_segment_11_frame_65.jpg,,"A man with tattoos on his arms and a baseball cap sits at a table, holding a camera.","A man with tattoos on his arms and a baseball cap sits at a table, holding a camera and adjusting it.",A man adjusts and inspects a camera.,,missing,0,D:/Datasets/ImgEdit/Parquet/action_part1.parquet,sMGXhnYGlfc_segment_11_frame_10,camera,camera,action,high,"The man's hand movement and the camera's position indicate he is adjusting the camera, which is consistent with the instruction.",Qwen/Qwen3-VL-2B-Instruct,,imgedit_00000612_00,imgedit_00000612_00.png
imgedit_00000613_00,imgedit,action,aOUhPizKB4s_segment_2_frame_0.jpg,aOUhPizKB4s_segment_2_frame_55.jpg,,A woman with blonde hair wearing a blue shirt is speaking.,A woman with blonde hair wearing a blue shirt is speaking and raising her right hand to show three fingers.,A woman raises her right hand showing three fingers.,,missing,0,D:/Datasets/ImgEdit/Parquet/action_part1.parquet,aOUhPizKB4s_segment_2_frame_0,woman,woman raising her right hand to show three fingers,action,high,"The woman's right hand is raised with three fingers extended in the target image, which matches the instruction.",Qwen/Qwen3-VL-2B-Instruct,,imgedit_00000613_00,imgedit_00000613_00.png
imgedit_00000614_00,imgedit,action,jPGv-BHs6cI_segment_38_frame_60.jpg,jPGv-BHs6cI_segment_38_frame_115.jpg,,"A soccer player in a Bayern Munich training kit is on a grass field, preparing to pass the ball.","A soccer player in a Bayern Munich training kit is on a grass field, with his left foot placed on the ball.","The person steps forward, placing their left foot on the ball.",,missing,0,D:/Datasets/ImgEdit/Parquet/action_part1.parquet,jPGv-BHs6cI_segment_38_frame_60,the person,the person's left foot on the ball,action,high,"The person's left foot is now on the ball, changing the action from standing to stepping forward.",Qwen/Qwen3-VL-2B-Instruct,,imgedit_00000614_00,imgedit_00000614_00.png
imgedit_00000615_00,imgedit,action,ylDoV79xUoU_segment_23_frame_0.jpg,ylDoV79xUoU_segment_23_frame_50.jpg,,A woman with blonde hair and a red hood stands with her arms at her sides.,A woman with blonde hair and a red hood stands with her arms lowered to her sides.,The woman lowers her arms from her waist to her sides.,,missing,0,D:/Datasets/ImgEdit/Parquet/action_part1.parquet,ylDoV79xUoU_segment_23_frame_0,arms,arms at her sides,action,high,"The woman's arms are lowered from her waist to her sides, as described in the instruction.",Qwen/Qwen3-VL-2B-Instruct,,imgedit_00000615_00,imgedit_00000615_00.png
imgedit_00000616_00,imgedit,action,A7pGnvR8kpk_segment_0_frame_0.jpg,A7pGnvR8kpk_segment_0_frame_55.jpg,,A man stands next to a black convertible car in a showroom.,A man waves his hand at the camera while standing next to a black convertible car in a showroom.,A man raises his hand as if waving.,,missing,0,D:/Datasets/ImgEdit/Parquet/action_part1.parquet,A7pGnvR8kpk_segment_0_frame_0,man,man waving,action,high,"The man's hand is raised in a waving gesture, which is consistent with the instruction.",Qwen/Qwen3-VL-2B-Instruct,,imgedit_00000616_00,imgedit_00000616_00.png
imgedit_00000617_00,imgedit,action,jK8u69QOKfY_segment_64_frame_0.jpg,jK8u69QOKfY_segment_64_frame_55.jpg,,"A man in a dark hoodie and cap holds a white object wrapped in plastic, standing in a room with a couch and a display case.","A man in a dark hoodie and cap holds a white object wrapped in plastic, standing in a room with a couch and a display case, adjusting his grip to hold the object lower and more horizontally.","The person adjusts their grip on the object, holding it lower and more horizontally.",,missing,0,D:/Datasets/ImgEdit/Parquet/action_part1.parquet,jK8u69QOKfY_segment_64_frame_0,object,object,action,high,The man's grip on the object has been adjusted to hold it lower and more horizontally.,Qwen/Qwen3-VL-2B-Instruct,,imgedit_00000617_00,imgedit_00000617_00.png
imgedit_00000618_00,imgedit,action,pafv6WRcams_segment_18_frame_0.jpg,pafv6WRcams_segment_18_frame_55.jpg,,"A woman in a dark, patterned dance costume stands in a room with brick walls and a large window, her arm raised.","A woman in a dark, patterned dance costume stands in a room with brick walls and a large window, her head turned to the side and her raised arm slightly repositioned.",The person turns their head to the side while slightly repositioning their raised arm.,,missing,0,D:/Datasets/ImgEdit/Parquet/action_part1.parquet,pafv6WRcams_segment_18_frame_0,person,person with turned head and repositioned arm,action,high,"The person's head is turned to the side and her arm is slightly repositioned, as per the instruction.",Qwen/Qwen3-VL-2B-Instruct,,imgedit_00000618_00,imgedit_00000618_00.png
imgedit_00000619_00,imgedit,action,ZmBlq7ZsWKg_segment_5_frame_0.jpg,ZmBlq7ZsWKg_segment_5_frame_55.jpg,,A woman with dark hair in pigtails holds a small white object in her hands.,"A woman with dark hair in pigtails holds a small white object in her hands, with her hands positioned differently.",The person adjusts the positioning of their hands while holding a small object.,,missing,0,D:/Datasets/ImgEdit/Parquet/action_part1.parquet,ZmBlq7ZsWKg_segment_5_frame_0,hands,hands holding the object with a different posture.,action,high,The hands are adjusted to show a different grip and position of the object.,Qwen/Qwen3-VL-2B-Instruct,,imgedit_00000619_00,imgedit_00000619_00.png
imgedit_00000620_00,imgedit,action,eOv4cLuw57k_segment_41_frame_0.jpg,eOv4cLuw57k_segment_41_frame_55.jpg,,"A man in a black suit and white shirt sits in the back seat of a luxury car, looking forward with a serious expression.","A man in a black suit and white shirt sits in the back seat of a luxury car, looking down with a slight smile.","No change in the subject's action, pose, or facial expression.",,missing,0,D:/Datasets/ImgEdit/Parquet/action_part1.parquet,eOv4cLuw57k_segment_41_frame_0,man,man with a slight smile,action,high,"The man's facial expression changes from serious to a slight smile, indicating a change in his emotional state. The edit is limited to the facial expression, with no change to the pose, action, or environment.",Qwen/Qwen3-VL-2B-Instruct,,imgedit_00000620_00,imgedit_00000620_00.png
imgedit_00000621_00,imgedit,action,MnVlFN3fCfc_segment_69_frame_0.jpg,MnVlFN3fCfc_segment_69_frame_55.jpg,,A girl with blonde hair and a pink headband is wearing a blindfold and looking at the camera.,"A girl with blonde hair and a pink headband is wearing a blindfold, covering her mouth with her hand and pointing forward.",A girl covers her eyes with a blindfold and then points forward while covering her mouth with her hand.,,missing,0,D:/Datasets/ImgEdit/Parquet/action_part1.parquet,MnVlFN3fCfc_segment_69_frame_0,girl,girl covering her mouth with her hand and pointing forward,action,high,The girl's action changes from looking to pointing forward while covering her mouth.,Qwen/Qwen3-VL-2B-Instruct,,imgedit_00000621_00,imgedit_00000621_00.png
imgedit_00000622_00,imgedit,action,WwjZkCnxQVE_segment_2_frame_140.jpg,WwjZkCnxQVE_segment_2_frame_195.jpg,,"A man in a vest and tie stands behind a bar, holding a bottle in his left hand and a large glass bowl in front of him.","A man in a vest and tie stands behind a bar, with his left arm moving away from the bowl and his right hand reaching toward the left side, no longer holding the bottle.",The man moves his left arm away from the bowl and his right hand toward the left side while no longer holding the bottle.,,missing,0,D:/Datasets/ImgEdit/Parquet/action_part1.parquet,WwjZkCnxQVE_segment_2_frame_140,man,man with his left arm away from the bowl and his right hand moving toward the left side,action,high,"The man's left hand is no longer holding the bottle, and his right hand is moving toward the left side of",Qwen/Qwen3-VL-2B-Instruct,,imgedit_00000622_00,imgedit_00000622_00.png
imgedit_00000623_00,imgedit,action,Wvz5GnqOGR4_segment_3_frame_98.jpg,Wvz5GnqOGR4_segment_3_frame_153.jpg,,"A man in a suit stands on a stage with a large, inflatable cup of Ben & Jerry's Moon Special Stash ice cream.","A man in a suit stands on a stage with a large, inflatable cup of Ben & Jerry's Moon Special Stash ice cream, having dropped a blue cloth and now standing upright.",A man drops a cloth and stands upright.,,missing,0,D:/Datasets/ImgEdit/Parquet/action_part1.parquet,Wvz5GnqOGR4_segment_3_frame_98,a man in a suit,a man in a suit standing upright,action,high,The man's posture changes from leaning to standing upright. The cloth is no longer visible.,Qwen/Qwen3-VL-2B-Instruct,,imgedit_00000623_00,imgedit_00000623_00.png
imgedit_00000624_00,imgedit,action,ukgarTtI1sI_segment_3_frame_0.jpg,ukgarTtI1sI_segment_3_frame_55.jpg,,"A woman with brown hair and red lipstick stands in front of a blue and green abstract background, wearing a black V-neck shirt and a necklace, with her hands raised and open.","A woman with brown hair and red lipstick stands in front of a blue and green abstract background, wearing a black V-neck shirt and a necklace, with her hands lowered slightly and still open.",The person lowers their hands slightly while keeping them open.,,missing,0,D:/Datasets/ImgEdit/Parquet/action_part1.parquet,ukgarTtI1sI_segment_3_frame_0,person,person with lowered hands,action,high,The person's hands are lowered slightly while maintaining an open gesture.,Qwen/Qwen3-VL-2B-Instruct,,imgedit_00000624_00,imgedit_00000624_00.png
imgedit_00000625_00,imgedit,action,CUz-G2lv_y8_segment_19_frame_114.jpg,CUz-G2lv_y8_segment_19_frame_169.jpg,,A man in a red and black plaid shirt stands behind a wooden table with a lemon in his raised right hand.,A man in a red and black plaid shirt stands behind a wooden table with his raised hand lowered to his side.,The person lowers their raised hand holding a lemon to their side.,,missing,0,D:/Datasets/ImgEdit/Parquet/action_part1.parquet,CUz-G2lv_y8_segment_19_frame_114,hand holding a lemon,hand lowered to his side,action,high,The hand holding the lemon is lowered from its raised position to the side of the body.,Qwen/Qwen3-VL-2B-Instruct,,imgedit_00000625_00,imgedit_00000625_00.png
imgedit_00000626_00,imgedit,action,ZWA0c7GZhcw_segment_28_frame_0.jpg,ZWA0c7GZhcw_segment_28_frame_55.jpg,,A man in a brown sweater sits on the toilet in a bathroom with green tiled walls.,A man in a brown sweater leans forward while resting his left arm on his knee on the toilet in a bathroom with green tiled walls.,The man leans forward while resting his left arm on his knee.,,missing,0,D:/Datasets/ImgEdit/Parquet/action_part1.parquet,ZWA0c7GZhcw_segment_28_frame_0,man,man leaning forward with left arm on knee,action,high,The man's posture changes from sitting to leaning forward with his left arm resting on his knee.,Qwen/Qwen3-VL-2B-Instruct,,imgedit_00000626_00,imgedit_00000626_00.png
imgedit_00000627_00,imgedit,action,Rchvfl9H3Qk_segment_261_frame_0.jpg,Rchvfl9H3Qk_segment_261_frame_55.jpg,,"A character in a red dress and a character in an orange outfit with a yellow hat are standing in a lush, green forest at night.","A character in an orange outfit with a yellow hat is leaning forward slightly while standing in a lush, green forest at night.",The character with the hat leans forward slightly.,,missing,0,D:/Datasets/ImgEdit/Parquet/action_part1.parquet,Rchvfl9H3Qk_segment_261_frame_0,character with the hat,leaning forward slightly,action,high,"The character with the hat is shown in a different posture in the target image, with their head tilted down and their body slightly forward, indicating the action of leaning forward.",Qwen/Qwen3-VL-2B-Instruct,,imgedit_00000627_00,imgedit_00000627_00.png
imgedit_00000628_00,imgedit,action,lPyMHhRG2WY_segment_11_frame_0.jpg,lPyMHhRG2WY_segment_11_frame_55.jpg,,A woman with short black hair is drinking from a glass of tea.,A woman with short black hair is drinking from a glass of tea and lowers her hand away from the glass.,The person lowers their hand away from the glass.,,missing,0,D:/Datasets/ImgEdit/Parquet/action_part1.parquet,lPyMHhRG2WY_segment_11_frame_0,hand,hand lowered away from the glass,action,high,"The hand is the foreground element being edited, and its position is changed from near the glass to being lowered away from it.",Qwen/Qwen3-VL-2B-Instruct,,imgedit_00000628_00,imgedit_00000628_00.png
imgedit_00000629_00,imgedit,action,BqnrbEX13WE_segment_14_frame_0.jpg,BqnrbEX13WE_segment_14_frame_55.jpg,,A man in a workshop holds a circular saw with both hands.,A man in a workshop swings his right arm as if to test the circular saw he is holding.,A man swings his right arm as if to strike or test the circular saw he is holding.,,missing,0,D:/Datasets/ImgEdit/Parquet/action_part1.parquet,BqnrbEX13WE_segment_14_frame_0,man,man swinging his right arm,action,high,"The man's right arm is extended forward, mimicking a strike or test motion with the circular saw.",Qwen/Qwen3-VL-2B-Instruct,,imgedit_00000629_00,imgedit_00000629_00.png
imgedit_00000630_00,imgedit,action,ECbK3Ex1LUs_segment_10_frame_0.jpg,ECbK3Ex1LUs_segment_10_frame_55.jpg,,"A woman with blonde hair wearing a black apron stands in a kitchen, holding a bowl and a spoon above a dish on the counter.","A woman with blonde hair wearing a black apron stands in a kitchen, lowering a bowl closer to the counter while holding a spoon above a dish on the counter.",A woman lowers the bowl closer to the counter while holding a spoon above a dish.,,missing,0,D:/Datasets/ImgEdit/Parquet/action_part1.parquet,ECbK3Ex1LUs_segment_10_frame_0,bowl,lowering the bowl closer to the counter,action,high,"The bowl is moved downward, bringing it closer to the counter surface while the spoon remains above the dish.",Qwen/Qwen3-VL-2B-Instruct,,imgedit_00000630_00,imgedit_00000630_00.png
imgedit_00000631_00,imgedit,action,OE0SPStqjIQ_segment_15_frame_25.jpg,OE0SPStqjIQ_segment_15_frame_80.jpg,,"A woman stands in a kitchen with a shopping bag of groceries, preparing to cook while a man in a white coat stands with a large roasted turkey on the counter.","A woman stands in a kitchen with a shopping bag of groceries, preparing to cook while a man in a white coat stands with his right arm extended forward and his left hand on his hip.",A man extends his right arm forward while standing with his left hand on his hip.,,missing,0,D:/Datasets/ImgEdit/Parquet/action_part1.parquet,OE0SPStqjIQ_segment_15_frame_25,man,man extending his right arm forward while standing with his left hand on his hip,action,high,"The man's arm is extended forward, indicating a new action, while his left hand remains on his hip",Qwen/Qwen3-VL-2B-Instruct,,imgedit_00000631_00,imgedit_00000631_00.png
imgedit_00000632_00,imgedit,action,sOpVrlZkHLY_segment_2_frame_0.jpg,sOpVrlZkHLY_segment_2_frame_55.jpg,,An elderly man wearing a dark beanie and glasses stands in a snowy landscape with a train in the background.,"An elderly man wearing a dark beanie and glasses turns his head slightly to the left, standing in a snowy landscape with a train in the background.",The person turns their head slightly to the left.,,missing,0,D:/Datasets/ImgEdit/Parquet/action_part1.parquet,sOpVrlZkHLY_segment_2_frame_0,person,person turns their head slightly to the left,action,high,"The person's head position has been adjusted to the left, while the rest of the scene remains unchanged.",Qwen/Qwen3-VL-2B-Instruct,,imgedit_00000632_00,imgedit_00000632_00.png
imgedit_00000633_00,imgedit,action,xOU_CL4R87g_segment_9_frame_0.jpg,xOU_CL4R87g_segment_9_frame_55.jpg,,"A man with glasses stands in a workshop, gesturing with both hands, in front of a wooden table with a green cutting mat and a drill.","A man with glasses stands in a workshop, raising his hands slightly higher and turning his head more to the left, in front of a wooden table with a green cutting mat and a drill.",The person raises their hands slightly higher and turns their head more to the left.,,missing,0,D:/Datasets/ImgEdit/Parquet/action_part1.parquet,xOU_CL4R87g_segment_9_frame_0,person,person with raised hands and turned head,action,high,The person's hands are raised slightly higher and his head is turned more to the left in the target image compared to the source image.,Qwen/Qwen3-VL-2B-Instruct,,imgedit_00000633_00,imgedit_00000633_00.png
imgedit_00000634_00,imgedit,action,uo36f1jGqmg_segment_10_frame_46.jpg,uo36f1jGqmg_segment_10_frame_101.jpg,,"A woman in a red plaid shirt is sitting on a black couch, holding a yellow book and looking up.","A woman in a red plaid shirt is sitting on a black couch, holding a yellow book and looking down.",The person lowers their raised leg and looks down at the open book.,,missing,0,D:/Datasets/ImgEdit/Parquet/action_part1.parquet,uo36f1jGqmg_segment_10_frame_46,person,reading a book,action,high,"The person's leg is raised and bent, and their gaze is directed upward. The edit changes the person's posture and gaze to look down at the book.",Qwen/Qwen3-VL-2B-Instruct,,imgedit_00000634_00,imgedit_00000634_00.png
imgedit_00000635_00,imgedit,action,c2FMbMc0AjI_segment_5_frame_64.jpg,c2FMbMc0AjI_segment_5_frame_118.jpg,,A man with dark hair and a black shirt is standing in a park with a building in the background.,"A man with dark hair and a black shirt is standing in a park with a building in the background, lowering his arm.",The man lowers his arm from a raised position.,,missing,0,D:/Datasets/ImgEdit/Parquet/action_part1.parquet,c2FMbMc0AjI_segment_5_frame_64,man,man lowering his arm,action,high,"The man's arm is in a raised position in the source image, but is lowered in the target image. The edit is consistent with the instruction.",Qwen/Qwen3-VL-2B-Instruct,,imgedit_00000635_00,imgedit_00000635_00.png
imgedit_00000636_00,imgedit,action,IFPktS4NJ0I_segment_4_frame_0.jpg,IFPktS4NJ0I_segment_4_frame_55.jpg,,A man with a beard stands in front of a farm building with silos and an American flag.,"A man with a beard tilts his head upward, standing in front of a farm building with silos and an American flag.",The man tilts his head slightly upward.,,missing,0,D:/Datasets/ImgEdit/Parquet/action_part1.parquet,IFPktS4NJ0I_segment_4_frame_0,man,man tilting his head upward,action,high,"The man's head is slightly tilted upward in the target image, which is consistent with the instruction.",Qwen/Qwen3-VL-2B-Instruct,,imgedit_00000636_00,imgedit_00000636_00.png
imgedit_00000637_00,imgedit,action,_1akrpn1O78_segment_5_frame_0.jpg,_1akrpn1O78_segment_5_frame_55.jpg,,A woman with blonde hair wearing a grey blazer and a pink shirt stands with her arms crossed in a room with a green wall and a collection of framed photos.,A woman with blonde hair wearing a grey blazer and a pink shirt turns her head slightly to the left in a room with a green wall and a collection of framed photos.,The person turns their head slightly to the left.,,missing,0,D:/Datasets/ImgEdit/Parquet/action_part1.parquet,_1akrpn1O78_segment_5_frame_0,person,person turning her head slightly to the left,action,high,"The person's head position changes from facing forward to slightly turned left, consistent with the editing instruction.",Qwen/Qwen3-VL-2B-Instruct,,imgedit_00000637_00,imgedit_00000637_00.png
imgedit_00000638_00,imgedit,action,hQprdIZGLiw_segment_6_frame_0.jpg,hQprdIZGLiw_segment_6_frame_55.jpg,,"A man with short brown hair and a beard wears a brown t-shirt with a white graphic on it, standing against a plain white background with his hands open and palms up.","A man with short brown hair and a beard wears a brown t-shirt with a white graphic on it, standing against a plain white background with his hands lowered and fingers raised in an expressive gesture.",The person moves their hands closer to their chest and raises their fingers in an expressive gesture.,,missing,0,D:/Datasets/ImgEdit/Parquet/action_part1.parquet,hQprdIZGLiw_segment_6_frame_0,person,person with hands raised and fingers extended,action,high,"The person's hands are moved closer to his chest and raised in an expressive gesture, indicating a change in posture and gesture.",Qwen/Qwen3-VL-2B-Instruct,,imgedit_00000638_00,imgedit_00000638_00.png
imgedit_00000639_00,imgedit,action,X5hgoa6vBV8_segment_35_frame_72.jpg,X5hgoa6vBV8_segment_35_frame_127.jpg,,"A man in a kitchen stands at the counter, holding a tortilla in his left hand and looking down.","A man in a kitchen turns to face the camera, holding a tortilla in his left hand.",The man turns to face the camera while holding a tortilla in one hand.,,missing,0,D:/Datasets/ImgEdit/Parquet/action_part1.parquet,X5hgoa6vBV8_segment_35_frame_72,man,man,action,high,The man's orientation changes from looking down to facing the camera.,Qwen/Qwen3-VL-2B-Instruct,,imgedit_00000639_00,imgedit_00000639_00.png
imgedit_00000640_00,imgedit,action,BqPjg765v2Q_segment_3_frame_0.jpg,BqPjg765v2Q_segment_3_frame_55.jpg,,"A man stands on a stage, pointing with his right hand while speaking to an audience.","A man stands on a stage, gesturing with both hands while speaking to an audience.",The person changes from pointing with one hand to gesturing with both hands.,,missing,0,D:/Datasets/ImgEdit/Parquet/action_part1.parquet,BqPjg765v2Q_segment_3_frame_0,person,person with both hands gesturing,action,high,The person's hand gesture changes from pointing to gesturing with both hands.,Qwen/Qwen3-VL-2B-Instruct,,imgedit_00000640_00,imgedit_00000640_00.png
imgedit_00000641_00,imgedit,action,5TEdD7sr058_segment_27_frame_0.jpg,5TEdD7sr058_segment_27_frame_55.jpg,,A man in a blue and white checkered shirt is using a screwdriver to tighten a screw on a wooden board in a kitchen.,"A man in a blue and white checkered shirt is using a screwdriver to tighten a screw on a wooden board in a kitchen, rotating the screwdriver in a clockwise direction.",A man rotates a screwdriver in a clockwise direction.,,missing,0,D:/Datasets/ImgEdit/Parquet/action_part1.parquet,5TEdD7sr058_segment_27_frame_0,screwdriver,screwdriver,action,high,"The action of the screwdriver is changed from a standard position to a clockwise rotation, which is consistent with the man's motion and the visual evidence in the image.",Qwen/Qwen3-VL-2B-Instruct,,imgedit_00000641_00,imgedit_00000641_00.png
imgedit_00000642_00,imgedit,action,hQVViyJw-SU_segment_1_frame_0.jpg,hQVViyJw-SU_segment_1_frame_52.jpg,,A man with a beard and short hair wearing a light blue shirt stands in a garage filled with motorcycles.,"A man with a beard and short hair wearing a light blue shirt turns his head slightly to the right, standing in a garage filled with motorcycles.",The person turns their head slightly to the right.,,missing,0,D:/Datasets/ImgEdit/Parquet/action_part1.parquet,hQVViyJw-SU_segment_1_frame_0,person,person turns his head slightly to the right,action,high,"The person's head position changes from facing forward to slightly turned right, which is clearly visible in the image.",Qwen/Qwen3-VL-2B-Instruct,,imgedit_00000642_00,imgedit_00000642_00.png
imgedit_00000643_00,imgedit,action,xTeMNvPHvvo_segment_23_frame_0.jpg,xTeMNvPHvvo_segment_23_frame_55.jpg,,"Two skeletons, one with red suspenders and glasses sitting in a chair, and the other with red hair and a tie standing behind a desk, are shaking hands on a talk show set with a city skyline in the background.","Two skeletons, one with red suspenders and glasses sitting in a chair, and the other with red hair and a tie standing behind a desk, are no longer shaking hands; the skeleton on the right is pulling their hand back.","The skeleton on the right releases the handshake, pulling their hand back.",,missing,0,D:/Datasets/ImgEdit/Parquet/action_part1.parquet,xTeMNvPHvvo_segment_23_frame_0,skeleton on the right,"skeleton on the right releasing the handshake, pulling their hand back",action,high,Recovered from truncated JSON.,Qwen/Qwen3-VL-2B-Instruct,,imgedit_00000643_00,imgedit_00000643_00.png
imgedit_00000644_00,imgedit,action,ZW3_38xXJlM_segment_5_frame_0.jpg,ZW3_38xXJlM_segment_5_frame_55.jpg,,A man with glasses and a beard is speaking in a room with a green wall and a shelf behind him.,"A man with glasses and a beard is speaking in a room with a green wall and a shelf behind him, lowering his hand.",The person lowers their hand.,,missing,0,D:/Datasets/ImgEdit/Parquet/action_part1.parquet,ZW3_38xXJlM_segment_5_frame_0,person,person lowering their hand,action,high,The person's hand is in a different position in the target image.,Qwen/Qwen3-VL-2B-Instruct,,imgedit_00000644_00,imgedit_00000644_00.png
imgedit_00000645_00,imgedit,action,WCFQBRNrjIs_segment_3_frame_0.jpg,WCFQBRNrjIs_segment_3_frame_55.jpg,,A man wearing a baseball cap and a black shirt stands behind a black table with his hands raised in a gesture of explanation.,A man wearing a baseball cap and a black shirt stands behind a black table with his right hand raised and his left hand lowered in a gesture of explanation.,The man lowers his hands and gestures with his right hand while speaking.,,missing,0,D:/Datasets/ImgEdit/Parquet/action_part1.parquet,WCFQBRNrjIs_segment_3_frame_0,man,man with right hand raised and left hand lowered,action,high,"The man's hands are lowered and his right hand is raised, indicating a change in gesture.",Qwen/Qwen3-VL-2B-Instruct,,imgedit_00000645_00,imgedit_00000645_00.png
imgedit_00000646_00,imgedit,action,cGyAgvOACjk_segment_1_frame_0.jpg,cGyAgvOACjk_segment_1_frame_55.jpg,,"A woman with blonde hair stands in a kitchen, wearing a grey cardigan over a red top, with a large metal mixing bowl on the counter in front of her.","A woman with blonde hair stands in a kitchen, wearing a grey cardigan over a red top, with her hands now clasped together in front of her.",The woman straightens her posture and brings her hands closer together in front of her.,,missing,0,D:/Datasets/ImgEdit/Parquet/action_part1.parquet,cGyAgvOACjk_segment_1_frame_0,woman,woman with hands clasped together in front of her,action,high,The woman's posture is straightened and her hands are brought closer together in front of her.,Qwen/Qwen3-VL-2B-Instruct,,imgedit_00000646_00,imgedit_00000646_00.png
imgedit_00000647_00,imgedit,action,-_jHK14tbRk_segment_11_frame_0.jpg,-_jHK14tbRk_segment_11_frame_55.jpg,,A man in a red and white striped shirt sits on a drum set in a studio.,"A man in a red and white striped shirt sits on a drum set in a studio, with his left hand moving closer to the cymbals.",The man moves his left hand closer to the cymbals.,,missing,0,D:/Datasets/ImgEdit/Parquet/action_part1.parquet,-_jHK14tbRk_segment_11_frame_0,man,man with his left hand closer to the cymbals,action,high,"The man's left hand is positioned closer to the cymbals in the target image, indicating a movement.",Qwen/Qwen3-VL-2B-Instruct,,imgedit_00000647_00,imgedit_00000647_00.png
imgedit_00000648_00,imgedit,action,zXp-oWBF5x0_segment_129_frame_24.jpg,zXp-oWBF5x0_segment_129_frame_79.jpg,,A man with blond hair wearing a black jacket and a purple shirt is laughing with a red object in his hand.,A man with blond hair wearing a black jacket and a purple shirt is looking down with a red object in his hand.,The person lowers their head and looks down while holding the red object.,,missing,0,D:/Datasets/ImgEdit/Parquet/action_part1.parquet,zXp-oWBF5x0_segment_129_frame_24,person,looking down,action,high,"The person's head is lowered and his gaze is directed downwards, while holding the red object.",Qwen/Qwen3-VL-2B-Instruct,,imgedit_00000648_00,imgedit_00000648_00.png
imgedit_00000649_00,imgedit,action,xTTBDTH7_W0_segment_25_frame_0.jpg,xTTBDTH7_W0_segment_25_frame_55.jpg,,A man in a green hoodie is eating a snack with his hand raised to his mouth.,A man in a green hoodie lowers his hand from eye level to near his chest while holding a snack.,A man lowers his hand from eye level to near his chest while holding a snack.,,missing,0,D:/Datasets/ImgEdit/Parquet/action_part1.parquet,xTTBDTH7_W0_segment_25_frame_0,hand,hand near chest,action,high,"The hand's position changes from being raised to near the mouth to being lowered to the chest area, indicating a change in the action of eating.",Qwen/Qwen3-VL-2B-Instruct,,imgedit_00000649_00,imgedit_00000649_00.png
imgedit_00000650_00,imgedit,action,BqTDlfC6UV8_segment_4_frame_0.jpg,BqTDlfC6UV8_segment_4_frame_55.jpg,,"A woman in a denim shirt stands in a modern kitchen, smiling at the camera.","A woman in a denim shirt stands in a modern kitchen, straightening her posture and raising her chin slightly.",The woman straightens her posture and raises her chin slightly.,,missing,0,D:/Datasets/ImgEdit/Parquet/action_part1.parquet,BqTDlfC6UV8_segment_4_frame_0,woman,woman with straightened posture and raised chin,action,high,The woman's posture is altered to reflect a more upright stance with her chin raised.,Qwen/Qwen3-VL-2B-Instruct,,imgedit_00000650_00,imgedit_00000650_00.png
imgedit_00000651_00,imgedit,action,c2Dpn_ByVhE_segment_37_frame_2.jpg,c2Dpn_ByVhE_segment_37_frame_57.jpg,,"A man in a red apron and black gloves is standing next to a bicycle handlebar, holding a small object in his right hand.","A man in a red apron and black gloves is standing next to a bicycle handlebar, with his right hand now resting on the handlebar.",The man moves his right hand from a raised position to resting on the bicycle handlebar.,,missing,0,D:/Datasets/ImgEdit/Parquet/action_part1.parquet,c2Dpn_ByVhE_segment_37_frame_2,man's right hand,resting on the bicycle handlebar,action,high,The man's right hand is in a raised position in the source image and is resting on the handlebar in the target image.,Qwen/Qwen3-VL-2B-Instruct,,imgedit_00000651_00,imgedit_00000651_00.png
imgedit_00000652_00,imgedit,action,71WWpnrfrXY_segment_27_frame_16.jpg,71WWpnrfrXY_segment_27_frame_71.jpg,,A woman with curly hair wearing a pink dress stands in front of a pile of gold coins.,A woman with curly hair wearing a pink dress stands in front of a pile of gold coins with her hands on her hips.,The person places their hands on their hips.,,missing,0,D:/Datasets/ImgEdit/Parquet/action_part1.parquet,71WWpnrfrXY_segment_27_frame_16,woman,woman with hands on hips,action,high,"The woman's hands are placed on her hips in the target image, which is consistent with the instruction.",Qwen/Qwen3-VL-2B-Instruct,,imgedit_00000652_00,imgedit_00000652_00.png
imgedit_00000653_00,imgedit,action,gypAjPp6eps_segment_3_frame_0.jpg,gypAjPp6eps_segment_3_frame_55.jpg,,"A woman with her hair in a bun, wearing a blue patterned top and a necklace, is speaking on a stage with a dark green curtain behind her.","A woman with her hair in a bun, wearing a blue patterned top and a necklace, is speaking on a stage with a dark green curtain behind her, and her hands are lowered to a resting position.",The person lowers their hands to a resting position.,,missing,0,D:/Datasets/ImgEdit/Parquet/action_part1.parquet,gypAjPp6eps_segment_3_frame_0,person,person with lowered hands,action,high,"The person's hands are in a resting position in the target image, whereas they are raised in the source image.",Qwen/Qwen3-VL-2B-Instruct,,imgedit_00000653_00,imgedit_00000653_00.png
imgedit_00000654_00,imgedit,action,xcSfSRmeVS0_segment_2_frame_0.jpg,xcSfSRmeVS0_segment_2_frame_55.jpg,,"A woman with long brown hair wearing a blue top stands in a kitchen, holding a small bowl with a textured surface and placing it on a counter next to a large clear glass bowl.","A woman with long brown hair wearing a blue top stands in a kitchen, lifting a small bowl with a textured surface above a large clear glass bowl as if adding ingredients.",A woman lifts a bowl above a larger glass bowl as if adding ingredients.,,missing,0,D:/Datasets/ImgEdit/Parquet/action_part1.parquet,xcSfSRmeVS0_segment_2_frame_0,bowl,lifting,action,high,"The woman's action of lifting the bowl is the key change, making it clear that she is in the process of adding ingredients.",Qwen/Qwen3-VL-2B-Instruct,,imgedit_00000654_00,imgedit_00000654_00.png
imgedit_00000655_00,imgedit,action,OE30g1Zdp-A_segment_4_frame_0.jpg,OE30g1Zdp-A_segment_4_frame_55.jpg,,"A bronze statue of a baseball player wearing a cap, looking forward.","A bronze statue of a baseball player wearing a cap, looking slightly downward.",The person turns their head slightly downward.,,missing,0,D:/Datasets/ImgEdit/Parquet/action_part1.parquet,OE30g1Zdp-A_segment_4_frame_0,the person's head,the person's head turned slightly downward,action,high,The head of the statue is slightly turned downward in the target image compared to the original.,Qwen/Qwen3-VL-2B-Instruct,,imgedit_00000655_00,imgedit_00000655_00.png
imgedit_00000656_00,imgedit,action,ODhD65OLWYE_segment_6_frame_5.jpg,ODhD65OLWYE_segment_6_frame_58.jpg,,A man with a beard sits at a table with a laptop in front of him.,A man with a beard sits at a table with a laptop placed on the table in front of him.,The person places the laptop down on the table.,,missing,0,D:/Datasets/ImgEdit/Parquet/action_part1.parquet,ODhD65OLWYE_segment_6_frame_5,laptop,laptop on the table,action,high,The laptop is moved from the man's hands to the table surface.,Qwen/Qwen3-VL-2B-Instruct,,imgedit_00000656_00,imgedit_00000656_00.png
imgedit_00000657_00,imgedit,action,kdX-hczqxwA_segment_15_frame_80.jpg,kdX-hczqxwA_segment_15_frame_135.jpg,,A woman is performing a V-sit exercise on a green mat outdoors against a leafy green hedge.,"A woman is performing a V-sit exercise on a green mat outdoors against a leafy green hedge, with the text 'HOLDING V-SIT' and '30 seconds / 2x' added at the top of the image.",Text is added at the top of the image describing the exercise being performed.,,missing,0,D:/Datasets/ImgEdit/Parquet/action_part1.parquet,kdX-hczqxwA_segment_15_frame_80,text,text,add,high,"The text overlay is added to the image, describing the exercise and duration.",Qwen/Qwen3-VL-2B-Instruct,,imgedit_00000657_00,imgedit_00000657_00.png
imgedit_00000658_00,imgedit,action,KgtN2dp9L7Q_segment_45_frame_0.jpg,KgtN2dp9L7Q_segment_45_frame_55.jpg,,A young girl in a purple hooded cloak sits on the back of a large brown animal in a grassy field with wildflowers.,"A young girl in a purple hooded cloak sits on the back of a large brown animal in a grassy field with wildflowers, turning her head slightly to the right.",The character turns their head slightly to the right.,,missing,0,D:/Datasets/ImgEdit/Parquet/action_part1.parquet,KgtN2dp9L7Q_segment_45_frame_0,the character's head,the character's head turned slightly to the right,action,high,"The character's head is slightly turned to the right in the target image, which is consistent with the instruction. The original image shows the character's head in a neutral",Qwen/Qwen3-VL-2B-Instruct,,imgedit_00000658_00,imgedit_00000658_00.png
imgedit_00000659_00,imgedit,action,pFbqKS-M_K8_segment_13_frame_0.jpg,pFbqKS-M_K8_segment_13_frame_55.jpg,,A man in a chef's uniform is rubbing his hands together in a professional kitchen.,A man in a chef's uniform is grating an ingredient with a grater in a professional kitchen.,The man changes from rubbing his hands together to grating an ingredient with a grater.,,missing,0,D:/Datasets/ImgEdit/Parquet/action_part1.parquet,pFbqKS-M_K8_segment_13_frame_0,man,grating an ingredient with a grater,action,high,The man's action changes from rubbing his hands to grating an ingredient.,Qwen/Qwen3-VL-2B-Instruct,,imgedit_00000659_00,imgedit_00000659_00.png
imgedit_00000660_00,imgedit,action,xTj92QYr9Yc_segment_0_frame_0.jpg,xTj92QYr9Yc_segment_0_frame_55.jpg,,A woman with blonde hair and red lipstick is wearing a blue denim shirt and looking at the camera.,A woman with blonde hair and red lipstick is wearing a blue denim shirt and raising her right hand toward her face in a gesturing motion.,The person raises their right hand toward their face in a gesturing motion.,,missing,0,D:/Datasets/ImgEdit/Parquet/action_part1.parquet,xTj92QYr9Yc_segment_0_frame_0,the person,the person raising their right hand toward their face,action,high,"The person's right hand is raised and positioned near their face, indicating a gesturing motion.",Qwen/Qwen3-VL-2B-Instruct,,imgedit_00000660_00,imgedit_00000660_00.png
imgedit_00000661_00,imgedit,action,8HIEKgxfcuw_segment_10_frame_0.jpg,8HIEKgxfcuw_segment_10_frame_55.jpg,,"A man in a brown suit and tie is shown in profile, looking to the right.","A man in a brown suit and tie is shown in a three-quarter view, looking down.",The person turns their head from a profile view to a three-quarter view.,,missing,0,D:/Datasets/ImgEdit/Parquet/action_part1.parquet,8HIEKgxfcuw_segment_10_frame_0,person,three-quarter view,action,high,The person's head has turned from a profile view to a three-quarter view.,Qwen/Qwen3-VL-2B-Instruct,,imgedit_00000661_00,imgedit_00000661_00.png
imgedit_00000662_00,imgedit,action,_FVZEbuzJIE_segment_13_frame_96.jpg,_FVZEbuzJIE_segment_13_frame_151.jpg,,A woman with blonde hair wearing a white crop top stands in front of a screen showing a hand placing a condom into a box.,"A woman with blonde hair wearing a white crop top stands in front of a screen showing a hand placing a condom into a box, with her hands lowered and smiling.",The woman lowers her hands and smiles.,,missing,0,D:/Datasets/ImgEdit/Parquet/action_part1.parquet,_FVZEbuzJIE_segment_13_frame_96,woman,woman with lowered hands and a smile,action,high,"The woman's hands are lowered and her expression changes to a smile, indicating a change in her posture and facial expression.",Qwen/Qwen3-VL-2B-Instruct,,imgedit_00000662_00,imgedit_00000662_00.png
imgedit_00000663_00,imgedit,action,_FiO0ZqZ8zg_segment_170_frame_0.jpg,_FiO0ZqZ8zg_segment_170_frame_55.jpg,,"A man in a white t-shirt and glasses stands behind a bar, holding a glass of purple liquid.","A man in a white t-shirt and glasses stands behind a bar, with his hands resting on the counter.",The person lowers their hands from holding the glass to resting on the bar counter.,,missing,0,D:/Datasets/ImgEdit/Parquet/action_part1.parquet,_FiO0ZqZ8zg_segment_170_frame_0,the man's hands,resting on the bar counter,action,high,The man's hands are lowered from holding the glass to resting on the counter.,Qwen/Qwen3-VL-2B-Instruct,,imgedit_00000663_00,imgedit_00000663_00.png
imgedit_00000664_00,imgedit,action,ZWGq6TPeRPg_segment_23_frame_0.jpg,ZWGq6TPeRPg_segment_23_frame_55.jpg,,"A close-up of an older man with white hair, wearing a dark uniform, looking at the camera with a serious expression.","A close-up of an older man with white hair, wearing a dark uniform, looking at the camera with a serious expression, with a glowing blue lightsaber visible in the background.",A person holds a glowing lightsaber.,,missing,0,D:/Datasets/ImgEdit/Parquet/action_part1.parquet,ZWGq6TPeRPg_segment_23_frame_0,lightsaber,glowing lightsaber,add,high,"The lightsaber is added to the background of the scene, enhancing the sci-fi atmosphere.",Qwen/Qwen3-VL-2B-Instruct,,imgedit_00000664_00,imgedit_00000664_00.png
imgedit_00000665_00,imgedit,action,sMbXuAahoT0_segment_2_frame_0.jpg,sMbXuAahoT0_segment_2_frame_55.jpg,,A woman with wavy brown hair and a striped shirt is smiling while speaking during an interview in front of a 'Big Miracle' movie poster.,A woman with wavy brown hair and a striped shirt is looking down and speaking during an interview in front of a 'Big Miracle' movie poster.,A woman turns her head slightly to the left.,,missing,0,D:/Datasets/ImgEdit/Parquet/action_part1.parquet,sMbXuAahoT0_segment_2_frame_0,woman,woman turning her head slightly to the left,action,high,"The woman's head position changes from facing forward to slightly turned to the left, which is consistent with the editing instruction.",Qwen/Qwen3-VL-2B-Instruct,,imgedit_00000665_00,imgedit_00000665_00.png
imgedit_00000666_00,imgedit,action,lPFWvgr-R_w_segment_11_frame_0.jpg,lPFWvgr-R_w_segment_11_frame_55.jpg,,A woman with black hair and glasses is washing a red pot in a kitchen sink.,A woman with black hair and glasses is scrubbing a red pot with a sponge in a kitchen sink.,A woman changes from rinsing a pot to scrubbing it with a sponge.,,missing,0,D:/Datasets/ImgEdit/Parquet/action_part1.parquet,lPFWvgr-R_w_segment_11_frame_0,the pot,the pot with a sponge,action,high,The woman's action changes from rinsing to scrubbing the pot with a sponge.,Qwen/Qwen3-VL-2B-Instruct,,imgedit_00000666_00,imgedit_00000666_00.png
imgedit_00000667_00,imgedit,action,EC-g464nT8I_segment_3_frame_0.jpg,EC-g464nT8I_segment_3_frame_50.jpg,,"A woman with short dark hair and a black polka-dot bow is wearing a white shirt and grey overalls, looking down at a yellow object.","A woman with short dark hair and a black polka-dot bow is wearing a white shirt and grey overalls, tilting her head slightly to the right while looking down at a yellow object.",The person tilts their head slightly to the right.,,missing,0,D:/Datasets/ImgEdit/Parquet/action_part1.parquet,EC-g464nT8I_segment_3_frame_0,person,tilting her head slightly to the right,action,high,The person's head position is adjusted to match the instruction.,Qwen/Qwen3-VL-2B-Instruct,,imgedit_00000667_00,imgedit_00000667_00.png
imgedit_00000668_00,imgedit,action,aOiZH-Ycb40_segment_71_frame_0.jpg,aOiZH-Ycb40_segment_71_frame_48.jpg,,A group of hikers with large backpacks trekking along a grassy trail in a mountainous valley under a clear blue sky.,"A hiker in a red shirt and black hat walks forward with their left leg raised higher, leaning slightly to the left, while others follow behind in a mountainous landscape.","A person steps forward with their left leg raised higher, leaning slightly to the left.",,missing,0,D:/Datasets/ImgEdit/Parquet/action_part1.parquet,aOiZH-Ycb40_segment_71_frame_0,a hiker,"a hiker stepping forward with their left leg raised higher, leaning slightly to the left",action,high,"The edit focuses on the hiker's posture, specifically their left leg being raised higher and leaning to the left, which is a",Qwen/Qwen3-VL-2B-Instruct,,imgedit_00000668_00,imgedit_00000668_00.png
imgedit_00000669_00,imgedit,action,aSkAROiSLXI_segment_21_frame_0.jpg,aSkAROiSLXI_segment_21_frame_54.jpg,,"A man with a beard sits at a table, holding a phone in his left hand and making an 'OK' gesture with his right hand.","A man with a beard sits at a table, holding a phone in his left hand and gesturing with his right hand as if beckoning or inviting.","The person moves their right hand from an ""OK"" gesture to a motion as if beckoning or inviting, while holding a phone in their left hand.",,missing,0,D:/Datasets/ImgEdit/Parquet/action_part1.parquet,aSkAROiSLXI_segment_21_frame_0,right hand,greeting hand,action,high,The right hand changes from an 'OK' gesture to a beckoning motion.,Qwen/Qwen3-VL-2B-Instruct,,imgedit_00000669_00,imgedit_00000669_00.png
imgedit_00000670_00,imgedit,action,SjOIIMvjASw_segment_99_frame_0.jpg,SjOIIMvjASw_segment_99_frame_55.jpg,,"A woman in a red hat and blue outfit is sitting on a stool and using a long pole to pull a large, white, cloud-like object across a sandy ground.","A woman in a red hat and blue outfit is sitting on a stool and using a long pole to pull a large, white, cloud-like object across a sandy ground, while lifting a basket filled with colorful bandanas.",A woman lifts a basket filled with colorful bandanas.,,missing,0,D:/Datasets/ImgEdit/Parquet/action_part1.parquet,SjOIIMvjASw_segment_99_frame_0,basket,basket filled with colorful bandanas,add,high,"The basket is added to the scene, changing the original empty basket into one filled with colorful bandanas.",Qwen/Qwen3-VL-2B-Instruct,,imgedit_00000670_00,imgedit_00000670_00.png
imgedit_00000671_00,imgedit,action,LTcMPNZTXHw_segment_12_frame_10.jpg,LTcMPNZTXHw_segment_12_frame_65.jpg,,"A man wearing a hat and glasses sits at a table with a banana and a beetle, holding a phone.","A man wearing a hat and glasses sits at a table with a banana and a beetle, leaning forward slightly and tilting his head to the side, holding a phone.",The person leans forward slightly and tilts their head to the side.,,missing,0,D:/Datasets/ImgEdit/Parquet/action_part1.parquet,LTcMPNZTXHw_segment_12_frame_10,person,leaning forward slightly and tilting their head to the side,action,high,The person's posture changes from upright to slightly leaned forward with a tilted head.,Qwen/Qwen3-VL-2B-Instruct,,imgedit_00000671_00,imgedit_00000671_00.png
imgedit_00000672_00,imgedit,action,NMmI8yhH47w_segment_7_frame_0.jpg,NMmI8yhH47w_segment_7_frame_55.jpg,,"A man in a green t-shirt is standing in a dark gym, holding a black bag.",A man in a green t-shirt is bending down to lift a black bag.,The person bends down to lift a bag.,,missing,0,D:/Datasets/ImgEdit/Parquet/action_part1.parquet,NMmI8yhH47w_segment_7_frame_0,person,person bending down,action,high,"The person's posture changes from standing to bending, indicating the action of lifting the bag.",Qwen/Qwen3-VL-2B-Instruct,,imgedit_00000672_00,imgedit_00000672_00.png
imgedit_00000673_00,imgedit,action,BqJCjoHBiCk_segment_0_frame_0.jpg,BqJCjoHBiCk_segment_0_frame_55.jpg,,"A man with wide eyes lies on his back in a field of dry grass, looking up.","A man lies on his back in a field of dry grass, viewed from a full-body perspective.",The person changes from a close-up view of their head and neck lying on the ground to a full-body view lying flat on their back.,,missing,0,D:/Datasets/ImgEdit/Parquet/action_part1.parquet,BqJCjoHBiCk_segment_0_frame_0,man,full-body view,action,high,"The edit changes the camera angle from a close-up to a full-body shot, keeping the man's position and the surrounding environment consistent.",Qwen/Qwen3-VL-2B-Instruct,,imgedit_00000673_00,imgedit_00000673_00.png
imgedit_00000674_00,imgedit,action,ePecXlpu5-E_segment_5_frame_0.jpg,ePecXlpu5-E_segment_5_frame_55.jpg,,A woman in a red shirt and green apron is cutting a yellow measuring tape with blue scissors on a wooden table.,"A woman in a red shirt and green apron is cutting a yellow measuring tape with blue scissors on a wooden table, lowering her hands slightly as she cuts.",The person lowers their hands slightly while cutting.,,missing,0,D:/Datasets/ImgEdit/Parquet/action_part1.parquet,ePecXlpu5-E_segment_5_frame_0,person,person,action,high,"The person's hands are lowered slightly, indicating a change in the action of cutting.",Qwen/Qwen3-VL-2B-Instruct,,imgedit_00000674_00,imgedit_00000674_00.png
imgedit_00000675_00,imgedit,action,4v97EqKN11I_segment_18_frame_0.jpg,4v97EqKN11I_segment_18_frame_55.jpg,,A woman in a blue blazer and pink blouse stands in a room with a large screen displaying 'SUMMER MUSIC FESTIVAL' behind her.,"A woman in a blue blazer and pink blouse stands in a room with a large screen displaying 'SUMMER MUSIC FESTIVAL' behind her, turning her head slightly to the left.",The person turns their head slightly to the left.,,missing,0,D:/Datasets/ImgEdit/Parquet/action_part1.parquet,4v97EqKN11I_segment_18_frame_0,woman,woman turning her head slightly to the left,action,high,The woman's head position is adjusted to the left in the target image.,Qwen/Qwen3-VL-2B-Instruct,,imgedit_00000675_00,imgedit_00000675_00.png
imgedit_00000676_00,imgedit,action,X681Mrej6Us_segment_22_frame_0.jpg,X681Mrej6Us_segment_22_frame_55.jpg,,"A woman in a pink jacket stands on a stage, speaking to an audience with a large screen behind her displaying a photo of a damaged room.","A woman in a pink jacket stands on a stage, speaking to an audience with a large screen behind her displaying a photo of a damaged room, but now her head is turned slightly to the left.",The woman turns her head slightly to the left.,,missing,0,D:/Datasets/ImgEdit/Parquet/action_part1.parquet,X681Mrej6Us_segment_22_frame_0,woman,woman with her head turned slightly to the left,action,high,"The woman's head position has been changed from neutral to slightly turned left, as seen in the target image.",Qwen/Qwen3-VL-2B-Instruct,,imgedit_00000676_00,imgedit_00000676_00.png
imgedit_00000677_00,imgedit,action,sMRpZGcNE1M_segment_11_frame_122.jpg,sMRpZGcNE1M_segment_11_frame_177.jpg,,A man in a white chef's coat is stirring food in a red pan on a stovetop.,A man in a white chef's coat is stirring food in a red pan on a stovetop using a wooden spoon.,The person switches from stirring with a spatula to stirring with a wooden spoon.,,missing,0,D:/Datasets/ImgEdit/Parquet/action_part1.parquet,sMRpZGcNE1M_segment_11_frame_122,spatula,wooden spoon,action,high,The person's utensil changes from a spatula to a wooden spoon.,Qwen/Qwen3-VL-2B-Instruct,,imgedit_00000677_00,imgedit_00000677_00.png
imgedit_00000678_00,imgedit,action,on-NRpkxGpk_segment_1_frame_0.jpg,on-NRpkxGpk_segment_1_frame_55.jpg,,"A man with short, graying hair wearing a white shirt and tie is speaking in a dimly lit room with a large organ behind him.","A man with short, graying hair wearing a white shirt and tie is speaking in a dimly lit room with a large organ behind him, but has turned his head slightly to the right.",The person turns their head slightly to the right.,,missing,0,D:/Datasets/ImgEdit/Parquet/action_part1.parquet,on-NRpkxGpk_segment_1_frame_0,person,person with turned head,action,high,The person's head position has been changed to the right.,Qwen/Qwen3-VL-2B-Instruct,,imgedit_00000678_00,imgedit_00000678_00.png
imgedit_00000679_00,imgedit,action,HFIK-kF2MA4_segment_33_frame_0.jpg,HFIK-kF2MA4_segment_33_frame_55.jpg,,A man wearing a helmet is balancing on a one-wheel skateboard in front of a white pavilion.,A man wearing a helmet is shifting his weight forward while balancing on a one-wheel skateboard in front of a white pavilion.,A man shifts his weight forward while balancing on a one-wheel skateboard.,,missing,0,D:/Datasets/ImgEdit/Parquet/action_part1.parquet,HFIK-kF2MA4_segment_33_frame_0,man,man shifting his weight forward,action,high,"The man's body posture has been adjusted to show a forward lean, consistent with the action of shifting weight.",Qwen/Qwen3-VL-2B-Instruct,,imgedit_00000679_00,imgedit_00000679_00.png
imgedit_00000680_00,imgedit,action,70bOVrhqUlQ_segment_0_frame_0.jpg,70bOVrhqUlQ_segment_0_frame_54.jpg,,"A man in a tie-dye shirt stands behind a laptop with his right arm bent across his chest, speaking to the camera.","A man in a tie-dye shirt stands behind a laptop with his right arm pointing upward with his index finger, speaking to the camera.",The person moves their right arm from a bent position across their chest to pointing upward with their index finger.,,missing,0,D:/Datasets/ImgEdit/Parquet/action_part1.parquet,70bOVrhqUlQ_segment_0_frame_0,right arm,right arm pointing upward with index finger,action,high,The arm's position changes from a bent position across the chest to a pointing gesture with the index finger.,Qwen/Qwen3-VL-2B-Instruct,,imgedit_00000680_00,imgedit_00000680_00.png
imgedit_00000681_00,imgedit,action,0GrYnjlivlY_segment_9_frame_10.jpg,0GrYnjlivlY_segment_9_frame_65.jpg,,"A news anchor in a suit and tie is sitting at a desk in a news studio, gesturing with both hands open and raised.","A news anchor in a suit and tie is sitting at a desk in a news studio, pointing at his wrist with his right hand.",The man changes from gesturing with both hands open and raised to pointing at his wrist with his right hand.,,missing,0,D:/Datasets/ImgEdit/Parquet/action_part1.parquet,0GrYnjlivlY_segment_9_frame_10,man,man pointing at his wrist,action,high,The man's gesture changes from open-handed to pointing at his wrist.,Qwen/Qwen3-VL-2B-Instruct,,imgedit_00000681_00,imgedit_00000681_00.png
imgedit_00000682_00,imgedit,action,Zc6B1RbN1Q4_segment_28_frame_0.jpg,Zc6B1RbN1Q4_segment_28_frame_55.jpg,,A person wearing glasses is eating a bowl of noodles with chopsticks.,"A person wearing glasses is eating a bowl of noodles with chopsticks, raising the chopsticks higher, closer to their mouth.","The person raises the chopsticks higher, closer to their mouth.",,missing,0,D:/Datasets/ImgEdit/Parquet/action_part1.parquet,Zc6B1RbN1Q4_segment_28_frame_0,chopsticks,"chopsticks higher, closer to their mouth",action,high,"The chopsticks are raised and positioned closer to the person's mouth, indicating a change in their position relative to the mouth.",Qwen/Qwen3-VL-2B-Instruct,,imgedit_00000682_00,imgedit_00000682_00.png
imgedit_00000683_00,imgedit,action,sPB7t-5BnCs_segment_0_frame_0.jpg,sPB7t-5BnCs_segment_0_frame_55.jpg,,A man with a beard wearing a Star Wars t-shirt stands against a plain wall.,"A man with a beard wearing a Star Wars t-shirt stands against a plain wall, raising his right arm and gesturing with his right hand.",The person raises their right arm and gestures with their right hand.,,missing,0,D:/Datasets/ImgEdit/Parquet/action_part1.parquet,sPB7t-5BnCs_segment_0_frame_0,person,person raising right arm and gesturing with right hand,action,high,"The person's right arm is raised and gesturing, indicating the specific action requested.",Qwen/Qwen3-VL-2B-Instruct,,imgedit_00000683_00,imgedit_00000683_00.png
imgedit_00000684_00,imgedit,action,QaMEv44N9NY_segment_3_frame_0.jpg,QaMEv44N9NY_segment_3_frame_55.jpg,,"A chef in a white uniform stands in a modern kitchen, with a stainless steel refrigerator and shelves of jars in the background.","A chef in a white uniform stands in a modern kitchen, with a stainless steel refrigerator and shelves of jars in the background, and his right hand is now near the fruit on the counter.",The person moves their right hand from resting on the table to a position near the fruit.,,missing,0,D:/Datasets/ImgEdit/Parquet/action_part1.parquet,QaMEv44N9NY_segment_3_frame_0,person,person's right hand,action,high,The person's right hand has moved from resting on the table to a position near the fruit.,Qwen/Qwen3-VL-2B-Instruct,,imgedit_00000684_00,imgedit_00000684_00.png
imgedit_00000685_00,imgedit,action,hQqlxd2R4ws_segment_0_frame_0.jpg,hQqlxd2R4ws_segment_0_frame_55.jpg,,"A woman in a white gown sits in a wooded landscape, her hand resting on her chin.","A woman in a white gown sits in a wooded landscape, her hand lowered from her chin.",The person slightly lowers their hand from their chin.,,missing,0,D:/Datasets/ImgEdit/Parquet/action_part1.parquet,hQqlxd2R4ws_segment_0_frame_0,hand,hand resting on her lap,action,high,The hand is lowered from the chin to rest on the lap.,Qwen/Qwen3-VL-2B-Instruct,,imgedit_00000685_00,imgedit_00000685_00.png
imgedit_00000686_00,imgedit,action,9Dfjp23iUps_segment_4_frame_0.jpg,9Dfjp23iUps_segment_4_frame_55.jpg,,A man with dark hair and a dark shirt stands against a textured red wall.,"A man with dark hair and a dark shirt turns his head slightly to the left, still standing against a textured red wall.",The person turns their head slightly to the left.,,missing,0,D:/Datasets/ImgEdit/Parquet/action_part1.parquet,9Dfjp23iUps_segment_4_frame_0,person,person turning his head slightly to the left,action,high,The person's head position has been adjusted to the left.,Qwen/Qwen3-VL-2B-Instruct,,imgedit_00000686_00,imgedit_00000686_00.png
imgedit_00000687_00,imgedit,action,kdVaDtUFVFc_segment_15_frame_0.jpg,kdVaDtUFVFc_segment_15_frame_55.jpg,,A woman with long brown hair is eating a piece of food with chopsticks in a restaurant.,A woman with long brown hair is eating a piece of food with chopsticks in her right hand and extending her left hand with fingers spread.,The person extends their left hand with fingers spread while holding food with chopsticks in their right hand.,,missing,0,D:/Datasets/ImgEdit/Parquet/action_part1.parquet,kdVaDtUFVFc_segment_15_frame_0,hand,extended hand,action,high,"The left hand is extended with fingers spread, while the chopsticks hold the food.",Qwen/Qwen3-VL-2B-Instruct,,imgedit_00000687_00,imgedit_00000687_00.png
imgedit_00000688_00,imgedit,action,TZJzqI9ZTO0_segment_13_frame_0.jpg,TZJzqI9ZTO0_segment_13_frame_55.jpg,,A woman in a red top and black skirt walks away from a man in a suit in a clothing store.,A woman in a red top and black skirt walks away from a man in a suit in a clothing store and exits the scene.,A woman walks away from the man and out of the scene.,,missing,0,D:/Datasets/ImgEdit/Parquet/action_part1.parquet,TZJzqI9ZTO0_segment_13_frame_0,woman,woman walks away from the man and out of the scene,action,high,"The woman is no longer visible in the target image, indicating she has walked out of the scene.",Qwen/Qwen3-VL-2B-Instruct,,imgedit_00000688_00,imgedit_00000688_00.png
imgedit_00000689_00,imgedit,action,CVg__nxti40_segment_23_frame_0.jpg,CVg__nxti40_segment_23_frame_55.jpg,,A girl holds a red remote control in a robot workshop with a robot companion and a small robot on the floor.,A boy walks into the scene with a robot companion and a small robot on the floor while the girl continues holding a red remote control.,A boy walks into the scene while the girl continues holding a remote control.,,missing,0,D:/Datasets/ImgEdit/Parquet/action_part1.parquet,CVg__nxti40_segment_23_frame_0,a boy,a boy walking into the scene,action,high,"The boy enters the scene from the left, and the girl remains in the same position holding the remote control.",Qwen/Qwen3-VL-2B-Instruct,,imgedit_00000689_00,imgedit_00000689_00.png
imgedit_00000690_00,imgedit,action,KLozWgR_voA_segment_40_frame_50.jpg,KLozWgR_voA_segment_40_frame_105.jpg,,A news anchor in a suit stands in front of a screen displaying 'BIBLE ONLINE' with a document on a computer.,"A news anchor in a suit stands in front of a screen displaying 'BIBLE ONLINE' with a document on a computer, with his hand lowered from a raised gesture to a resting position.",The man lowers his hand from a raised gesture to a resting position.,,missing,0,D:/Datasets/ImgEdit/Parquet/action_part1.parquet,KLozWgR_voA_segment_40_frame_50,man,man with hand lowered,action,high,"The man's hand is raised in the source image and lowered in the target image, matching the instruction.",Qwen/Qwen3-VL-2B-Instruct,,imgedit_00000690_00,imgedit_00000690_00.png
imgedit_00000691_00,imgedit,action,eP3e70FhGjA_segment_30_frame_0.jpg,eP3e70FhGjA_segment_30_frame_55.jpg,,"A person in a yellow sweater crouches on a sandy beach, interacting with a Siberian Husky.","A person in a yellow sweater crouches on a sandy beach, interacting with a Siberian Husky, which raises its front paw.",The dog raises its front paw.,,missing,0,D:/Datasets/ImgEdit/Parquet/action_part1.parquet,eP3e70FhGjA_segment_30_frame_0,dog,dog raising its front paw,action,high,"The dog's paw is raised in the target image, while it is lowered in the source image.",Qwen/Qwen3-VL-2B-Instruct,,imgedit_00000691_00,imgedit_00000691_00.png
imgedit_00000692_00,imgedit,action,2A-3_mjkdbI_segment_2_frame_0.jpg,2A-3_mjkdbI_segment_2_frame_55.jpg,,A man in a light gray suit and tie is speaking in front of a blue United Nations flag and a green plant.,"A man in a light gray suit and tie is speaking in front of a blue United Nations flag and a green plant, slightly turned to the left.",The man slightly turns his head to the left.,,missing,0,D:/Datasets/ImgEdit/Parquet/action_part1.parquet,2A-3_mjkdbI_segment_2_frame_0,man,man slightly turned to the left,action,high,"The man's head position has been adjusted to the left, with the rest of the scene remaining unchanged.",Qwen/Qwen3-VL-2B-Instruct,,imgedit_00000692_00,imgedit_00000692_00.png
imgedit_00000693_00,imgedit,action,rAxAzHaowyA_segment_41_frame_24.jpg,rAxAzHaowyA_segment_41_frame_79.jpg,,A woman in a kitchen is holding a wrap in her hands.,A woman in a kitchen is raising a wrap to her mouth to take a bite.,The person raises a wrap towards their mouth to take a bite.,,missing,0,D:/Datasets/ImgEdit/Parquet/action_part1.parquet,rAxAzHaowyA_segment_41_frame_24,wrap,eating,action,high,"The wrap is being raised to the mouth, indicating the action of taking a bite.",Qwen/Qwen3-VL-2B-Instruct,,imgedit_00000693_00,imgedit_00000693_00.png
imgedit_00000694_00,imgedit,action,rAdEdkLYafU_segment_2_frame_0.jpg,rAdEdkLYafU_segment_2_frame_55.jpg,,A woman with blonde hair and blue eyes is looking at the camera in a bedroom with a bed and string lights in the background.,"A woman with blonde hair and blue eyes is looking at the camera in a bedroom with a bed and string lights in the background, tilting her head slightly to the left.",The person tilts their head slightly to the left.,,missing,0,D:/Datasets/ImgEdit/Parquet/action_part1.parquet,rAdEdkLYafU_segment_2_frame_0,person,tilting her head slightly to the left,action,high,The person's head position has been adjusted to the left.,Qwen/Qwen3-VL-2B-Instruct,,imgedit_00000694_00,imgedit_00000694_00.png
imgedit_00000695_00,imgedit,action,71adNyphB1M_segment_44_frame_0.jpg,71adNyphB1M_segment_44_frame_55.jpg,,A man in a kitchen holds a black cake on a turntable.,A man in a kitchen lifts and tilts a black cake on a turntable.,The man lifts and tilts the cake on the turntable.,,missing,0,D:/Datasets/ImgEdit/Parquet/action_part1.parquet,71adNyphB1M_segment_44_frame_0,the cake on the turntable,the cake on the turntable being tilted,action,high,"The man's hands are shown lifting and tilting the cake, which is a clear action change from the original image where he is holding it still.",Qwen/Qwen3-VL-2B-Instruct,,imgedit_00000695_00,imgedit_00000695_00.png
imgedit_00000696_00,imgedit,action,2nshBD9EbxE_segment_71_frame_0.jpg,2nshBD9EbxE_segment_71_frame_55.jpg,,A man with glasses and a beard wearing a green shirt stands in a workshop with a pegboard wall behind him.,"A man with glasses and a beard wearing a green shirt stands in a workshop with a pegboard wall behind him, but his hands are now stationary and not blurred.",The man's hands change from a motion blur to a stationary position.,,missing,0,D:/Datasets/ImgEdit/Parquet/action_part1.parquet,2nshBD9EbxE_segment_71_frame_0,man's hands,stationary position,action,high,"The motion blur on the man's hands in the source image is removed in the target image, resulting in a stationary position.",Qwen/Qwen3-VL-2B-Instruct,,imgedit_00000696_00,imgedit_00000696_00.png
imgedit_00000697_00,imgedit,action,KhJvNl3FqHY_segment_61_frame_0.jpg,KhJvNl3FqHY_segment_61_frame_55.jpg,,A man wearing a white face mask and a black t-shirt stands on a sidewalk in a residential area.,"A man wearing a white face mask and a black t-shirt turns his head to the right, standing on a sidewalk in a residential area.",The person turns their head to the right.,,missing,0,D:/Datasets/ImgEdit/Parquet/action_part1.parquet,KhJvNl3FqHY_segment_61_frame_0,person,person turning to the right,action,high,"The person's head has been rotated to the right, maintaining the same facial expression and clothing.",Qwen/Qwen3-VL-2B-Instruct,,imgedit_00000697_00,imgedit_00000697_00.png
imgedit_00000698_00,imgedit,action,IGGxVb81V88_segment_14_frame_0.jpg,IGGxVb81V88_segment_14_frame_55.jpg,,A man with a beard holds a gun in a room.,A man with a beard lowers his arm slightly while holding a gun.,The person lowers their arm slightly while still holding the gun.,,missing,0,D:/Datasets/ImgEdit/Parquet/action_part1.parquet,IGGxVb81V88_segment_14_frame_0,person,person holding gun with lowered arm,action,high,"The person's arm is slightly lowered, indicating a change in posture while still holding the gun.",Qwen/Qwen3-VL-2B-Instruct,,imgedit_00000698_00,imgedit_00000698_00.png
imgedit_00000699_00,imgedit,action,716kGGvMzuQ_segment_7_frame_0.jpg,716kGGvMzuQ_segment_7_frame_55.jpg,,"A woman in an orange dress stands in a kitchen, holding a spoon and stirring food on a baking sheet.","A woman in an orange dress stands in a kitchen, adjusting her hand positions while scooping food from a baking sheet.",The woman adjusts her hand positions while scooping food.,,missing,0,D:/Datasets/ImgEdit/Parquet/action_part1.parquet,716kGGvMzuQ_segment_7_frame_0,woman,scooping food,action,high,The woman's hand position and the action of scooping are altered to reflect the new action.,Qwen/Qwen3-VL-2B-Instruct,,imgedit_00000699_00,imgedit_00000699_00.png
imgedit_00000700_00,imgedit,action,LU6r78pDLDw_segment_17_frame_0.jpg,LU6r78pDLDw_segment_17_frame_55.jpg,,"A woman with long dark hair stands behind a coffee counter, holding a white cup and speaking.","A woman with long dark hair stands behind a coffee counter, holding a white cup with both hands and facing forward.",The person turns to face forward while holding a coffee cup with both hands.,,missing,0,D:/Datasets/ImgEdit/Parquet/action_part1.parquet,LU6r78pDLDw_segment_17_frame_0,person,holding a coffee cup with both hands,action,high,"The person's hands are now holding the cup, and her gaze is directed forward.",Qwen/Qwen3-VL-2B-Instruct,,imgedit_00000700_00,imgedit_00000700_00.png
imgedit_00000701_00,imgedit,action,71ZkzrEtKBo_segment_28_frame_0.jpg,71ZkzrEtKBo_segment_28_frame_55.jpg,,"A chef in a white uniform stands in a modern kitchen, facing the camera with his hands on a wooden counter.","A chef in a white uniform stands in a modern kitchen, facing the camera with his left arm slightly raised, his hands on a wooden counter.",The person raises their left arm slightly.,,missing,0,D:/Datasets/ImgEdit/Parquet/action_part1.parquet,71ZkzrEtKBo_segment_28_frame_0,person,person with raised left arm,action,high,"The person's left arm is raised slightly in the target image, while the right arm remains in the same position as in the source image.",Qwen/Qwen3-VL-2B-Instruct,,imgedit_00000701_00,imgedit_00000701_00.png
imgedit_00000702_00,imgedit,action,R17wkRvZvMU_segment_39_frame_108.jpg,R17wkRvZvMU_segment_39_frame_163.jpg,,"A woman sits on a stone wall next to a motorcycle, holding a spray bottle.","A woman sits on a stone wall next to a motorcycle, leaning forward slightly while holding a spray bottle.",The person leans forward slightly while continuing to hold and use the spray bottle.,,missing,0,D:/Datasets/ImgEdit/Parquet/action_part1.parquet,R17wkRvZvMU_segment_39_frame_108,person,leaning forward slightly,action,high,"The person's posture changes from sitting to leaning forward, consistent with the instruction.",Qwen/Qwen3-VL-2B-Instruct,,imgedit_00000702_00,imgedit_00000702_00.png
imgedit_00000703_00,imgedit,action,7erniPIl9TQ_segment_47_frame_18.jpg,7erniPIl9TQ_segment_47_frame_73.jpg,,"A man in a black t-shirt holds a trail running shoe with a textured sole, gesturing with his right hand while speaking.","A man in a black t-shirt holds a trail running shoe with a textured sole, resting his right hand on the shoe while speaking.",The person lowers their right hand from a raised position to rest it on the shoe.,,missing,0,D:/Datasets/ImgEdit/Parquet/action_part1.parquet,7erniPIl9TQ_segment_47_frame_18,the man's right hand,the man's right hand resting on the shoe,action,high,"The man's right hand is lowered from a raised position to rest on the shoe, consistent with the instruction.",Qwen/Qwen3-VL-2B-Instruct,,imgedit_00000703_00,imgedit_00000703_00.png
imgedit_00000704_00,imgedit,action,aNtC94cYA1k_segment_0_frame_78.jpg,aNtC94cYA1k_segment_0_frame_130.jpg,,"A blonde woman with long hair is looking down, her hand resting on her chin.","A blonde woman with long hair is looking forward, her hand now resting on her cheek.","The person adjusts their hand, moving it slightly away from their chin.",,missing,0,D:/Datasets/ImgEdit/Parquet/action_part1.parquet,aNtC94cYA1k_segment_0_frame_78,hand,on her cheek,action,high,"The hand is moved from the chin to the cheek, indicating a slight adjustment in position.",Qwen/Qwen3-VL-2B-Instruct,,imgedit_00000704_00,imgedit_00000704_00.png
imgedit_00000705_00,imgedit,action,vkxHSYHoNdw_segment_14_frame_0.jpg,vkxHSYHoNdw_segment_14_frame_55.jpg,,"A man with short dark hair is speaking into a microphone against a backdrop of a planet, stars, and a satellite dish.","A man with short dark hair is speaking into a microphone against a backdrop of a planet, stars, and a satellite dish, with his right shoulder slightly lowered.",The person lowers their right shoulder slightly.,,missing,0,D:/Datasets/ImgEdit/Parquet/action_part1.parquet,vkxHSYHoNdw_segment_14_frame_0,person,person with lowered right shoulder,action,high,The person's posture has been changed by lowering their right shoulder slightly.,Qwen/Qwen3-VL-2B-Instruct,,imgedit_00000705_00,imgedit_00000705_00.png
imgedit_00000706_00,imgedit,action,ESn6gmtbhXA_segment_52_frame_0.jpg,ESn6gmtbhXA_segment_52_frame_55.jpg,,"A man in a grey t-shirt sits at a wooden table, eating a meal on a balcony with a view of a village.","A man in a grey t-shirt sits at a wooden table, eating a meal on a balcony with a view of a village, turning his head slightly to the left.",The person turns their head slightly to the left.,,missing,0,D:/Datasets/ImgEdit/Parquet/action_part1.parquet,ESn6gmtbhXA_segment_52_frame_0,person,turning his head slightly to the left,action,high,"The person's head position is changed from facing forward to slightly turned left, which is consistent with the instruction.",Qwen/Qwen3-VL-2B-Instruct,,imgedit_00000706_00,imgedit_00000706_00.png
imgedit_00000707_00,imgedit,action,n4Ig7AMsiLw_segment_11_frame_0.jpg,n4Ig7AMsiLw_segment_11_frame_55.jpg,,A woman wearing a red bandana and denim overalls is typing on a laptop at a desk in a workshop.,A woman wearing a red bandana and denim overalls is reaching for a cardboard piece on the table at a desk in a workshop.,The person shifts from typing on a laptop to reaching for a cardboard piece on the table.,,missing,0,D:/Datasets/ImgEdit/Parquet/action_part1.parquet,n4Ig7AMsiLw_segment_11_frame_0,person,reaching for a cardboard piece,action,high,"The person's hands are shown moving from the laptop to the cardboard piece, indicating a change in action.",Qwen/Qwen3-VL-2B-Instruct,,imgedit_00000707_00,imgedit_00000707_00.png
imgedit_00000708_00,imgedit,action,IFNYIh_EWWw_segment_5_frame_0.jpg,IFNYIh_EWWw_segment_5_frame_55.jpg,,"A smartphone displaying a bicycle pressure reading of 94.7 PSI is placed on a bike's wheel, next to a pump.","A smartphone displaying a bicycle pressure reading of 103.0 PSI is placed on a bike's wheel, next to a pump.",The phone screen updates to show a higher PSI reading.,,missing,0,D:/Datasets/ImgEdit/Parquet/action_part1.parquet,IFNYIh_EWWw_segment_5_frame_0,phone screen,103.0 PSI,action,high,The PSI reading on the phone screen has been updated from 94.7 to 103.0.,Qwen/Qwen3-VL-2B-Instruct,,imgedit_00000708_00,imgedit_00000708_00.png
imgedit_00000709_00,imgedit,action,ZleOJuXIlGM_segment_140_frame_0.jpg,ZleOJuXIlGM_segment_140_frame_55.jpg,,A young boy with glasses and a blue jacket looks up and to the left with a surprised expression.,A young boy with glasses and a blue jacket tilts his head slightly to the right with a surprised expression.,The person tilts their head slightly to the side.,,missing,0,D:/Datasets/ImgEdit/Parquet/action_part1.parquet,ZleOJuXIlGM_segment_140_frame_0,boy,tilts his head slightly to the side,action,high,The boy's head position is adjusted to match the instruction.,Qwen/Qwen3-VL-2B-Instruct,,imgedit_00000709_00,imgedit_00000709_00.png
imgedit_00000710_00,imgedit,action,yldhbgcQsgE_segment_0_frame_0.jpg,yldhbgcQsgE_segment_0_frame_55.jpg,,"A woman with long red hair is crouched on the ground in a jungle, surrounded by dirt.","A woman with long red hair is rising from a crouched position in a jungle, surrounded by dirt.",A woman rises from a crouched position.,,missing,0,D:/Datasets/ImgEdit/Parquet/action_part1.parquet,yldhbgcQsgE_segment_0_frame_0,woman,rising,action,high,"The woman's posture changes from crouched to standing, indicating an action of rising.",Qwen/Qwen3-VL-2B-Instruct,,imgedit_00000710_00,imgedit_00000710_00.png
imgedit_00000711_00,imgedit,action,sJYlWZ3oVGk_segment_0_frame_26.jpg,sJYlWZ3oVGk_segment_0_frame_81.jpg,,"A man with white hair wearing a red polo shirt stands in a dimly lit cave, with a large, ornate, metallic sculpture behind him.","A man with white hair wearing a red polo shirt stands in a dimly lit cave, with a large, ornate, metallic sculpture behind him, and turns his head slightly to the right.",The person turns their head slightly to the right.,,missing,0,D:/Datasets/ImgEdit/Parquet/action_part1.parquet,sJYlWZ3oVGk_segment_0_frame_26,person,person with turned head,action,high,The person's head is slightly turned to the right in the target image compared to the source.,Qwen/Qwen3-VL-2B-Instruct,,imgedit_00000711_00,imgedit_00000711_00.png
imgedit_00000712_00,imgedit,action,g3uJz9TUPdw_segment_30_frame_0.jpg,g3uJz9TUPdw_segment_30_frame_55.jpg,,"A man in a black leather jacket is performing a dynamic move, lifting his head and extending his arm upward.","A man in a black leather jacket is performing a dynamic move, lowering his head and extending his arm downward.",The person lowers their head and moves their arm downward.,,missing,0,D:/Datasets/ImgEdit/Parquet/action_part1.parquet,g3uJz9TUPdw_segment_30_frame_0,person,person with lowered head and downward arm motion,action,high,The edit involves changing the person's head position and arm orientation from upward to downward.,Qwen/Qwen3-VL-2B-Instruct,,imgedit_00000712_00,imgedit_00000712_00.png
imgedit_00000713_00,imgedit,action,fRisNZfdsLs_segment_6_frame_0.jpg,fRisNZfdsLs_segment_6_frame_55.jpg,,"A woman with short blonde hair sits on a stool at a sewing table, with a sewing machine and organized shelves of fabric and supplies behind her.","A woman with short blonde hair sits on a stool at a sewing table, gesturing with her left hand toward the sewing machine, with a sewing machine and organized shelves of fabric and supplies behind her.",The person changes from resting their left hand on the table to gesturing towards the sewing machine with their left hand.,,missing,0,D:/Datasets/ImgEdit/Parquet/action_part1.parquet,fRisNZfdsLs_segment_6_frame_0,the woman's left hand,gesturing towards the sewing machine,action,high,The woman's hand is changed from resting on the table to pointing at the sewing machine.,Qwen/Qwen3-VL-2B-Instruct,,imgedit_00000713_00,imgedit_00000713_00.png
imgedit_00000714_00,imgedit,action,1VJ6vuGuasY_segment_33_frame_0.jpg,1VJ6vuGuasY_segment_33_frame_55.jpg,,"A diver in a black wetsuit and snorkel gear holds a coin in their hand, looking at the camera.","A diver in a black wetsuit and snorkel gear holds a coin in their hand, but their hand is now clenched into a fist.",The person lowers their hand from a pinching gesture to a partially clenched fist.,,missing,0,D:/Datasets/ImgEdit/Parquet/action_part1.parquet,1VJ6vuGuasY_segment_33_frame_0,hand,fist,action,high,"The hand's position changes from a pinching gesture to a clenched fist, consistent with the instruction.",Qwen/Qwen3-VL-2B-Instruct,,imgedit_00000714_00,imgedit_00000714_00.png
imgedit_00000715_00,imgedit,action,IGIY5n3dn48_segment_0_frame_126.jpg,IGIY5n3dn48_segment_0_frame_181.jpg,,A woman with long dark hair smiles at the camera in a hotel room.,"A woman with long dark hair smiles at the camera in a hotel room, raising her left arm.",The person raises their left arm.,,missing,0,D:/Datasets/ImgEdit/Parquet/action_part1.parquet,IGIY5n3dn48_segment_0_frame_126,person,person raising left arm,action,high,"The person's left arm is raised in the target image, which is consistent with the instruction.",Qwen/Qwen3-VL-2B-Instruct,,imgedit_00000715_00,imgedit_00000715_00.png
imgedit_00000716_00,imgedit,action,WxBSOXuKG64_segment_46_frame_0.jpg,WxBSOXuKG64_segment_46_frame_55.jpg,,A man with red hair and a beard sits in a gaming chair in front of a microphone with his arms crossed.,"A man with red hair and a beard sits in a gaming chair in front of a microphone with his arms crossed, lowering his head slightly.",The subject lowers their head slightly.,,missing,0,D:/Datasets/ImgEdit/Parquet/action_part1.parquet,WxBSOXuKG64_segment_46_frame_0,man,man with lowered head,action,high,The man's head is lowered in the target image compared to the source image.,Qwen/Qwen3-VL-2B-Instruct,,imgedit_00000716_00,imgedit_00000716_00.png
imgedit_00000717_00,imgedit,action,omoCq5M8_yI_segment_156_frame_10.jpg,omoCq5M8_yI_segment_156_frame_65.jpg,,"A man in a white jacket leans over a blue pool table, holding a cue stick and preparing to play.","A man in a white jacket leans over a blue pool table, moving his cue stick forward to hit the ball.",The person moves their cue stick forward to hit the ball.,,missing,0,D:/Datasets/ImgEdit/Parquet/action_part1.parquet,omoCq5M8_yI_segment_156_frame_10,cue stick,"the cue stick is in motion, being used to hit the ball",action,high,"The cue stick is positioned to strike the ball, indicating the action of hitting it.",Qwen/Qwen3-VL-2B-Instruct,,imgedit_00000717_00,imgedit_00000717_00.png
imgedit_00000718_00,imgedit,action,SPkulMz1Fo0_segment_227_frame_40.jpg,SPkulMz1Fo0_segment_227_frame_95.jpg,,An older man with white hair wearing a dark suit and a red tie sits in a dimly lit office.,"An older man with white hair wearing a dark suit and a red tie sits in a dimly lit office, adjusting his posture to sit slightly straighter.",The person adjusts their posture to sit slightly straighter.,,missing,0,D:/Datasets/ImgEdit/Parquet/action_part1.parquet,SPkulMz1Fo0_segment_227_frame_40,person,person with slightly straighter posture,action,high,The person's posture is adjusted to be slightly straighter in the edited image.,Qwen/Qwen3-VL-2B-Instruct,,imgedit_00000718_00,imgedit_00000718_00.png
imgedit_00000719_00,imgedit,action,X6UGr4YrpdA_segment_46_frame_0.jpg,X6UGr4YrpdA_segment_46_frame_55.jpg,,A woman in a yellow shirt and blue apron is frosting a cake with a spatula.,A woman in a yellow shirt and blue apron lifts a chunk of cake frosting with a spatula.,The woman lifts a chunk of cake frosting with a spatula.,,missing,0,D:/Datasets/ImgEdit/Parquet/action_part1.parquet,X6UGr4YrpdA_segment_46_frame_0,the woman's hand and the spatula,the woman's hand and the spatula lifting a chunk of cake frosting,action,high,The edit changes the woman's action from spreading frosting to lifting a chunk of it.,Qwen/Qwen3-VL-2B-Instruct,,imgedit_00000719_00,imgedit_00000719_00.png
imgedit_00000720_00,imgedit,action,unQhQzEo71A_segment_10_frame_43.jpg,unQhQzEo71A_segment_10_frame_98.jpg,,A man in a white shirt and dark vest stands in a dimly lit room with a bed and a chair.,A man in a white shirt and dark vest walks forward and turns to face the camera in a dimly lit room with a bed and a chair.,The man turns to face forward while walking.,,missing,0,D:/Datasets/ImgEdit/Parquet/action_part1.parquet,unQhQzEo71A_segment_10_frame_43,man,man facing forward,action,high,The man's posture changes from standing to facing forward as he walks into the frame.,Qwen/Qwen3-VL-2B-Instruct,,imgedit_00000720_00,imgedit_00000720_00.png
imgedit_00000721_00,imgedit,action,RHH4stAaDjk_segment_1_frame_0.jpg,RHH4stAaDjk_segment_1_frame_54.jpg,,"A man with red tattoos is sitting in a cockpit, looking at a tablet.","A man with red tattoos is sitting in a cockpit, raising both arms with swirling fingers.",The character raises both arms with swirling fingers.,,missing,0,D:/Datasets/ImgEdit/Parquet/action_part1.parquet,RHH4stAaDjk_segment_1_frame_0,character,raising both arms with swirling fingers,action,high,"The character's arms are raised and his fingers are in a swirling motion, which is not visible in the source image.",Qwen/Qwen3-VL-2B-Instruct,,imgedit_00000721_00,imgedit_00000721_00.png
imgedit_00000722_00,imgedit,action,vEbqOFXDAHg_segment_6_frame_0.jpg,vEbqOFXDAHg_segment_6_frame_55.jpg,,A woman in a blue shirt and black leggings is lifting a yellow and gray exercise ball above her head with both hands.,A woman in a blue shirt and black leggings is holding a yellow and gray exercise ball in front of her body with her right hand.,A woman moves the yellow and gray exercise ball from above her head to in front of her body.,,missing,0,D:/Datasets/ImgEdit/Parquet/action_part1.parquet,vEbqOFXDAHg_segment_6_frame_0,exercise ball,in front of her body,action,high,"The woman's hands are now on the ball, and it is positioned in front of her body, indicating the action of moving the ball from above her head to in front of her body.",Qwen/Qwen3-VL-2B-Instruct,,imgedit_00000722_00,imgedit_00000722_00.png
imgedit_00000723_00,imgedit,action,rAbo9GHmPck_segment_65_frame_0.jpg,rAbo9GHmPck_segment_65_frame_55.jpg,,"A man with a shaved head wearing a black t-shirt is sitting at an outdoor table, holding chopsticks and a spoon while eating.","A man with a shaved head wearing a black t-shirt is sitting at an outdoor table, looking down at his food while holding chopsticks and a spoon.",A man looks down at his food while holding chopsticks and a spoon.,,missing,0,D:/Datasets/ImgEdit/Parquet/action_part1.parquet,rAbo9GHmPck_segment_65_frame_0,man,man looking down at his food,action,high,"The man's gaze changes from looking up to looking down at his food, which is consistent with the editing instruction.",Qwen/Qwen3-VL-2B-Instruct,,imgedit_00000723_00,imgedit_00000723_00.png
imgedit_00000724_00,imgedit,action,8HDsMeVB3ik_segment_3_frame_0.jpg,8HDsMeVB3ik_segment_3_frame_55.jpg,,"A person in ski gear stands inside a room, holding an empty hand and looking out a window at a snowy landscape.","A person in ski gear stands inside a room, holding a pair of skis upright and looking out a window at a snowy landscape.",The person shifts from holding out their empty hand to holding a pair of skis upright.,,missing,0,D:/Datasets/ImgEdit/Parquet/action_part1.parquet,8HDsMeVB3ik_segment_3_frame_0,hand,skis,action,high,"The person's hand is replaced by a pair of skis, which are held upright in the person's left hand. The original empty hand is no longer visible.",Qwen/Qwen3-VL-2B-Instruct,,imgedit_00000724_00,imgedit_00000724_00.png
imgedit_00000725_00,imgedit,action,JQq1TLAQbjY_segment_5_frame_0.jpg,JQq1TLAQbjY_segment_5_frame_55.jpg,,"A man with a beard wearing a green beanie and a light gray jacket stands in a snowy landscape, smiling with his head turned to the side.","A man with a beard wearing a green beanie and a light gray jacket stands in a snowy landscape, looking directly at the camera with a neutral expression.",The person turns from a side profile to directly facing the camera.,,missing,0,D:/Datasets/ImgEdit/Parquet/action_part1.parquet,JQq1TLAQbjY_segment_5_frame_0,person,person facing the camera,action,high,"The person's head position changes from a side profile to directly facing the camera, with the background and other elements remaining consistent.",Qwen/Qwen3-VL-2B-Instruct,,imgedit_00000725_00,imgedit_00000725_00.png
imgedit_00000726_00,imgedit,action,unvx3sKmmbg_segment_22_frame_12.jpg,unvx3sKmmbg_segment_22_frame_67.jpg,,"A man in a black t-shirt sits on a blue couch holding a black electronic device, giving a thumbs-up gesture with his right hand.","A man in a black t-shirt sits on a blue couch holding a black electronic device, with his right hand now placed flat on top of the device.",The person moves their right hand from a thumbs-up gesture to a flat hand placed on top of the object they are holding.,,missing,0,D:/Datasets/ImgEdit/Parquet/action_part1.parquet,unvx3sKmmbg_segment_22_frame_12,right hand,flat hand,action,high,The right hand changes from a thumbs-up gesture to a flat hand on the object.,Qwen/Qwen3-VL-2B-Instruct,,imgedit_00000726_00,imgedit_00000726_00.png
imgedit_00000727_00,imgedit,action,7eCzhJtnkk8_segment_4_frame_0.jpg,7eCzhJtnkk8_segment_4_frame_55.jpg,,A man wearing a light blue t-shirt with a lightning bolt logo and a white cap sits on a green park bench with his left arm resting on the back of the bench.,A man wearing a light blue t-shirt with a lightning bolt logo and a white cap sits on a green park bench with his left arm resting on his thigh.,The person lowers their left arm from resting on the back of the bench to resting on their thigh.,,missing,0,D:/Datasets/ImgEdit/Parquet/action_part1.parquet,7eCzhJtnkk8_segment_4_frame_0,person,person with left arm on thigh,action,high,The person's left arm is lowered from the bench back to his thigh.,Qwen/Qwen3-VL-2B-Instruct,,imgedit_00000727_00,imgedit_00000727_00.png
imgedit_00000728_00,imgedit,action,lPLGenLcSdA_segment_297_frame_0.jpg,lPLGenLcSdA_segment_297_frame_55.jpg,,A man in a maroon sweater is talking on a phone at night.,"A man in a maroon sweater is talking on a phone at night, lowering his hand slightly while holding the phone to his ear.",The person lowers their hand slightly while holding the phone to their ear.,,missing,0,D:/Datasets/ImgEdit/Parquet/action_part1.parquet,lPLGenLcSdA_segment_297_frame_0,hand,lowering hand,action,high,"The hand is positioned slightly lower on the phone, indicating a subtle movement.",Qwen/Qwen3-VL-2B-Instruct,,imgedit_00000728_00,imgedit_00000728_00.png
imgedit_00000729_00,imgedit,action,5wa3J61c9R4_segment_2_frame_0.jpg,5wa3J61c9R4_segment_2_frame_55.jpg,,"A young person with short, wavy, teal-colored hair and dark eyebrows, wearing a white collared shirt, looking down with their eyes closed.","A young person with short, wavy, teal-colored hair and dark eyebrows, wearing a white collared shirt, looking down with their eyes closed and their head slightly turned to the left.",The person turns their head slightly to the left.,,missing,0,D:/Datasets/ImgEdit/Parquet/action_part1.parquet,5wa3J61c9R4_segment_2_frame_0,person,person with head slightly turned to the left,action,high,The person's head is slightly turned to the left in the target image compared to the source image.,Qwen/Qwen3-VL-2B-Instruct,,imgedit_00000729_00,imgedit_00000729_00.png
imgedit_00000730_00,imgedit,action,71-Ji7OtriY_segment_1_frame_0.jpg,71-Ji7OtriY_segment_1_frame_55.jpg,,"A man in a blue t-shirt sits at a desk with two laptops, gesturing with his right hand in an open palm position.","A man in a blue t-shirt sits at a desk with two laptops, gesturing with his right hand in a thumbs-up position.",A man moves his right hand from an open palm gesture to a thumbs-up gesture.,,missing,0,D:/Datasets/ImgEdit/Parquet/action_part1.parquet,71-Ji7OtriY_segment_1_frame_0,man's right hand,thumbs-up gesture,action,high,The man's right hand changes from an open palm gesture to a thumbs-up gesture.,Qwen/Qwen3-VL-2B-Instruct,,imgedit_00000730_00,imgedit_00000730_00.png
imgedit_00000731_00,imgedit,action,8H2EAn68ovQ_segment_42_frame_42.jpg,8H2EAn68ovQ_segment_42_frame_92.jpg,,"A man and a green Gummy Bear are in a kitchen, with the man eating a cake and the Gummy Bear looking at him.","A man and a green Gummy Bear are in a kitchen, with the man eating a cake and the Gummy Bear leaning back and widening its mouth as if laughing.",The green character leans back and widens its mouth as if laughing.,,missing,0,D:/Datasets/ImgEdit/Parquet/action_part1.parquet,8H2EAn68ovQ_segment_42_frame_42,Gummy Bear,leaning back and widening its mouth as if laughing,action,high,"The Gummy Bear's posture and facial expression change from a neutral, observing state to one of laughter, with its mouth opening wide and its body leaning back.",Qwen/Qwen3-VL-2B-Instruct,,imgedit_00000731_00,imgedit_00000731_00.png
imgedit_00000732_00,imgedit,action,hQfWDxjhNHI_segment_2_frame_220.jpg,hQfWDxjhNHI_segment_2_frame_275.jpg,,A woman with curly hair holds a plate with two halved citrus fruits in an orchard.,"A woman with curly hair holds a plate with two halved citrus fruits, lowering her left hand closer to the plate.",The woman lowers her left hand closer to the plate she is holding.,,missing,0,D:/Datasets/ImgEdit/Parquet/action_part1.parquet,hQfWDxjhNHI_segment_2_frame_220,woman's left hand,woman's left hand closer to the plate,action,high,"The woman's left hand is positioned lower and more towards the plate, indicating a downward movement of the hand.",Qwen/Qwen3-VL-2B-Instruct,,imgedit_00000732_00,imgedit_00000732_00.png
imgedit_00000733_00,imgedit,action,sJwPtZxRIFk_segment_66_frame_0.jpg,sJwPtZxRIFk_segment_66_frame_55.jpg,,A man with glasses and a patterned shirt is playing an electric guitar in a dimly lit room.,A man with glasses and a patterned shirt is playing an electric guitar with his right hand lowered to a relaxed position in a dimly lit room.,The man lowers his right hand from strumming the guitar to a relaxed position.,,missing,0,D:/Datasets/ImgEdit/Parquet/action_part1.parquet,sJwPtZxRIFk_segment_66_frame_0,man,man with his right hand lowered to a relaxed position,action,high,"The man's right hand is in a relaxed position, not strumming, which matches the instruction.",Qwen/Qwen3-VL-2B-Instruct,,imgedit_00000733_00,imgedit_00000733_00.png
imgedit_00000734_00,imgedit,action,KkOdjePNbwE_segment_6_frame_56.jpg,KkOdjePNbwE_segment_6_frame_111.jpg,,A woman with long blonde hair is sitting in a room with a shoe rack and a mirror.,"A woman with long blonde hair is sitting in a room with a shoe rack and a mirror, moving her hands closer together and slightly downward.",The person moves their hands closer together and slightly downward.,,missing,0,D:/Datasets/ImgEdit/Parquet/action_part1.parquet,KkOdjePNbwE_segment_6_frame_56,person,person with hands closer together and slightly downward,action,high,"The hands are the only part of the person that changes, with the rest of the body and background remaining unchanged.",Qwen/Qwen3-VL-2B-Instruct,,imgedit_00000734_00,imgedit_00000734_00.png
imgedit_00000735_00,imgedit,action,hRL3sVkLfME_segment_35_frame_2.jpg,hRL3sVkLfME_segment_35_frame_57.jpg,,A man in a vest is holding a cocktail glass and smelling it.,A man in a vest is tilting his head downward while holding a cocktail glass and smelling it.,The man tilts his head downward while still holding the glass.,,missing,0,D:/Datasets/ImgEdit/Parquet/action_part1.parquet,hRL3sVkLfME_segment_35_frame_2,man,man tilting his head downward,action,high,The man's head position is changed from upright to downward tilt.,Qwen/Qwen3-VL-2B-Instruct,,imgedit_00000735_00,imgedit_00000735_00.png
imgedit_00000736_00,imgedit,action,aTIFw4FPdNA_segment_36_frame_0.jpg,aTIFw4FPdNA_segment_36_frame_55.jpg,,"A woman in a yellow off-the-shoulder top is sitting at a table with a large metal bowl in front of her, raising her hands in the air.",A woman in a yellow off-the-shoulder top is holding a large metal pan and swinging it forward with motion lines.,A woman raises a large metal pan and swings it forward.,,missing,0,D:/Datasets/ImgEdit/Parquet/action_part1.parquet,aTIFw4FPdNA_segment_36_frame_0,metal pan,swinging,action,high,"The pan is now in motion, and the woman's hands are positioned to show the action of swinging it.",Qwen/Qwen3-VL-2B-Instruct,,imgedit_00000736_00,imgedit_00000736_00.png
imgedit_00000737_00,imgedit,action,YQxKbarxZ1M_segment_33_frame_0.jpg,YQxKbarxZ1M_segment_33_frame_55.jpg,,"A girl with red hair in a yellow shirt and blue shorts is standing in the doorway of a barn, reaching out to a boy in a red and white striped shirt and blue pants.","A girl with red hair in a yellow shirt and blue shorts is standing in the doorway of a barn, opening her arms wide in a hug.",A girl opens her arms wide for a hug.,,missing,0,D:/Datasets/ImgEdit/Parquet/action_part1.parquet,YQxKbarxZ1M_segment_33_frame_0,girl,opening her arms wide for a hug,action,high,The girl's pose changes from reaching to opening her arms wide for a hug.,Qwen/Qwen3-VL-2B-Instruct,,imgedit_00000737_00,imgedit_00000737_00.png
imgedit_00000738_00,imgedit,action,fSOuwGgJ3rs_segment_0_frame_128.jpg,fSOuwGgJ3rs_segment_0_frame_183.jpg,,A man in a white t-shirt holds a black football helmet in a room with a red curtain and a Michigan flag.,A man in a white t-shirt holds a black football helmet upright in a room with a red curtain and a Michigan flag.,"The person moves the shoulder pads closer to their body, holding them upright.",,missing,0,D:/Datasets/ImgEdit/Parquet/action_part1.parquet,fSOuwGgJ3rs_segment_0_frame_128,shoulder pads,shoulder pads,action,high,The shoulder pads are moved closer to the man's body and held upright.,Qwen/Qwen3-VL-2B-Instruct,,imgedit_00000738_00,imgedit_00000738_00.png
imgedit_00000739_00,imgedit,action,uo1Zfs-tPds_segment_4_frame_108.jpg,uo1Zfs-tPds_segment_4_frame_163.jpg,,A man in a blue shirt stands in front of a picture of an astronaut planting an American flag on the moon.,"A man in a blue shirt stands in front of a picture of an astronaut planting an American flag on the moon, with his arms lowered to his sides.",A man lowers his arms to his sides.,,missing,0,D:/Datasets/ImgEdit/Parquet/action_part1.parquet,uo1Zfs-tPds_segment_4_frame_108,man,man with arms lowered to his sides,action,high,"The man's arms are lowered in the target image, which is consistent with the instruction. The scene context remains unchanged.",Qwen/Qwen3-VL-2B-Instruct,,imgedit_00000739_00,imgedit_00000739_00.png
imgedit_00000740_00,imgedit,action,ZmUzGwbS0kc_segment_2_frame_0.jpg,ZmUzGwbS0kc_segment_2_frame_55.jpg,,"A woman in a black and white striped shirt stands on a stage, holding a tablet and speaking.",A woman in a black and white striped shirt turns her head slightly to the right while holding a tablet.,The person turns their head slightly to the right.,,missing,0,D:/Datasets/ImgEdit/Parquet/action_part1.parquet,ZmUzGwbS0kc_segment_2_frame_0,person,turns her head slightly to the right,action,high,The person's head position changes from facing forward to slightly turned right.,Qwen/Qwen3-VL-2B-Instruct,,imgedit_00000740_00,imgedit_00000740_00.png
imgedit_00000741_00,imgedit,action,ylbZT6RNLLw_segment_57_frame_0.jpg,ylbZT6RNLLw_segment_57_frame_55.jpg,,Two men sit on a stone ledge overlooking a city square with a yellow building in the background.,"Two men sit on a stone ledge overlooking a city square with a yellow building in the background, the man on the right turns his head to the left while moving his right hand backward.",The man on the right turns his head to the left while moving his right hand backward.,,missing,0,D:/Datasets/ImgEdit/Parquet/action_part1.parquet,ylbZT6RNLLw_segment_57_frame_0,man on the right,man on the right turning his head to the left and moving his right hand backward,action,high,The man on the right's head and right hand are changed to reflect the specified action.,Qwen/Qwen3-VL-2B-Instruct,,imgedit_00000741_00,imgedit_00000741_00.png
imgedit_00000742_00,imgedit,action,xcBBBibeshY_segment_4_frame_0.jpg,xcBBBibeshY_segment_4_frame_55.jpg,,A woman in a blue jacket and maroon beanie stands on a rocky shore by a lake with a mountain in the background.,"A woman in a blue jacket and maroon beanie tilts her head slightly to the left, standing on a rocky shore by a lake with a mountain in the background.",The person tilts their head slightly to the left.,,missing,0,D:/Datasets/ImgEdit/Parquet/action_part1.parquet,xcBBBibeshY_segment_4_frame_0,person,person tilting head slightly to the left,action,high,The person's head position has been adjusted to match the instruction.,Qwen/Qwen3-VL-2B-Instruct,,imgedit_00000742_00,imgedit_00000742_00.png
imgedit_00000743_00,imgedit,action,afBng8CzpHg_segment_0_frame_0.jpg,afBng8CzpHg_segment_0_frame_55.jpg,,A woman with short blonde hair wearing a red scarf and a grey cardigan stands in a park with green grass and trees in the background.,"A woman with short blonde hair wearing a red scarf and a grey cardigan turns her head slightly to the left, standing in a park with green grass and trees in the background.",The person turns their head slightly to the left.,,missing,0,D:/Datasets/ImgEdit/Parquet/action_part1.parquet,afBng8CzpHg_segment_0_frame_0,person,person turns her head slightly to the left,action,high,"The person's head position has been adjusted to the left, as per the instruction.",Qwen/Qwen3-VL-2B-Instruct,,imgedit_00000743_00,imgedit_00000743_00.png
imgedit_00000744_00,imgedit,action,SQrkvZEKQTw_segment_2_frame_0.jpg,SQrkvZEKQTw_segment_2_frame_55.jpg,,"A man in a white t-shirt sits at a wooden table, holding a piece of paper and gesturing with his hands.","A man in a white t-shirt sits at a wooden table, lowering the paper in his left hand closer to the table.",The person lowers the paper in their left hand closer to the table.,,missing,0,D:/Datasets/ImgEdit/Parquet/action_part1.parquet,SQrkvZEKQTw_segment_2_frame_0,paper,paper,action,high,"The paper is held lower and closer to the table, indicating a downward movement of the hand holding it.",Qwen/Qwen3-VL-2B-Instruct,,imgedit_00000744_00,imgedit_00000744_00.png
imgedit_00000745_00,imgedit,action,IGIY5n3dn48_segment_86_frame_0.jpg,IGIY5n3dn48_segment_86_frame_55.jpg,,A woman is sitting in a salon chair while two stylists work on her hair.,A woman is sitting in a salon chair with her legs crossed while holding a camera.,The person adjusts their position to sit more upright with their legs crossed while holding the camera.,,missing,0,D:/Datasets/ImgEdit/Parquet/action_part1.parquet,IGIY5n3dn48_segment_86_frame_0,the woman,the woman with her legs crossed,action,high,"The woman's position has been adjusted to sit more upright with her legs crossed, while still holding the camera.",Qwen/Qwen3-VL-2B-Instruct,,imgedit_00000745_00,imgedit_00000745_00.png
imgedit_00000746_00,imgedit,action,c2lsgK8t5SE_segment_3_frame_0.jpg,c2lsgK8t5SE_segment_3_frame_55.jpg,,A man in a blue shirt is opening a container on a wooden table.,A man in a blue shirt is lifting the container slightly and adjusting his grip on it on a wooden table.,A man raises the container slightly and adjusts his grip.,,missing,0,D:/Datasets/ImgEdit/Parquet/action_part1.parquet,c2lsgK8t5SE_segment_3_frame_0,container,lifting the container slightly and adjusting his grip,action,high,"The man's posture and the container's position have changed, indicating a subtle action of adjusting his grip. The change is minimal and consistent with the instruction.",Qwen/Qwen3-VL-2B-Instruct,,imgedit_00000746_00,imgedit_00000746_00.png
imgedit_00000747_00,imgedit,action,LslFHzypd4I_segment_11_frame_12.jpg,LslFHzypd4I_segment_11_frame_67.jpg,,"A woman with blonde hair stands in a kitchen, wearing a red shirt, with a string of red chili peppers hanging above her.","A woman with blonde hair stands in a kitchen, wearing a red shirt, with her right hand lowered while her left hand remains raised.",The person lowers their right hand while keeping their left hand raised.,,missing,0,D:/Datasets/ImgEdit/Parquet/action_part1.parquet,LslFHzypd4I_segment_11_frame_12,person,person with both hands raised,action,high,"The person's right hand is lowered in the target image, while the left hand remains raised, as per the instruction.",Qwen/Qwen3-VL-2B-Instruct,,imgedit_00000747_00,imgedit_00000747_00.png
imgedit_00000748_00,imgedit,action,IGIY5n3dn48_segment_109_frame_0.jpg,IGIY5n3dn48_segment_109_frame_55.jpg,,A person in a red apron serves a tray of hot tteokbokki from a large cooking pan at a street food stall.,A person in a red apron lifts a tray of hot tteokbokki from a large cooking pan at a street food stall.,A person lifts a tray of food from the cooking pan.,,missing,0,D:/Datasets/ImgEdit/Parquet/action_part1.parquet,IGIY5n3dn48_segment_109_frame_0,a tray of food,a tray of food being lifted from the cooking pan,action,high,"The edit involves a person lifting a tray of food from the cooking pan, which is the main action in the scene. The tray is in the same position in the target image as",Qwen/Qwen3-VL-2B-Instruct,,imgedit_00000748_00,imgedit_00000748_00.png
imgedit_00000749_00,imgedit,action,omSNrhqriZ8_segment_32_frame_0.jpg,omSNrhqriZ8_segment_32_frame_55.jpg,,A woman with red hair and a white scarf stands outdoors in front of a building.,"A woman with red hair and a white scarf turns her head to the left, looking off-camera.",The woman turns her head from facing forward to looking to her left.,,missing,0,D:/Datasets/ImgEdit/Parquet/action_part1.parquet,omSNrhqriZ8_segment_32_frame_0,woman,woman turning her head to the left,action,high,The woman's head position changes from facing forward to looking to her left.,Qwen/Qwen3-VL-2B-Instruct,,imgedit_00000749_00,imgedit_00000749_00.png
imgedit_00000750_00,imgedit,action,Bqx2zWc4xHs_segment_8_frame_0.jpg,Bqx2zWc4xHs_segment_8_frame_55.jpg,,"A man in a black hoodie and cap stands behind a white table with two Apple MacBooks in their boxes, in a minimalist room with a geometric ceiling.","A man in a black hoodie and cap stands behind a white table with two Apple MacBooks in their boxes, in a minimalist room with a geometric ceiling, where he is touching the box on the right with his right hand.",The person moves their hand from the box on the left to reach and touch the box on the right.,,missing,0,D:/Datasets/ImgEdit/Parquet/action_part1.parquet,Bqx2zWc4xHs_segment_8_frame_0,the person's hand,the person's hand touching the box on the right,action,high,"The person's hand moves from the box on the left to the box on the right,",Qwen/Qwen3-VL-2B-Instruct,,imgedit_00000750_00,imgedit_00000750_00.png
imgedit_00000751_00,imgedit,action,-_XXGE3NjUw_segment_41_frame_0.jpg,-_XXGE3NjUw_segment_41_frame_55.jpg,,"A woman with blonde hair pulled back in a ponytail, wearing a grey t-shirt with a yellow graphic, is standing against a blue background and looking slightly to her left.","A woman with blonde hair pulled back in a ponytail, wearing a grey t-shirt with a yellow graphic, is standing against a blue background and looking directly forward with a slight smile.",The person turns their head from facing slightly to the left to facing forward.,,missing,0,D:/Datasets/ImgEdit/Parquet/action_part1.parquet,-_XXGE3NjUw_segment_41_frame_0,person,person looking forward,action,high,The person's head has been turned from slightly to the left to facing forward.,Qwen/Qwen3-VL-2B-Instruct,,imgedit_00000751_00,imgedit_00000751_00.png
imgedit_00000752_00,imgedit,action,pwNcRPQ5qdo_segment_21_frame_0.jpg,pwNcRPQ5qdo_segment_21_frame_55.jpg,,A woman in a blue dress stands in a studio with a window overlooking a river.,"A woman in a blue dress stands in a studio with a window overlooking a river, pointing forward with her right hand.",The woman points forward with her right hand.,,missing,0,D:/Datasets/ImgEdit/Parquet/action_part1.parquet,pwNcRPQ5qdo_segment_21_frame_0,woman,woman pointing forward with her right hand,action,high,"The woman's right hand is extended forward, indicating a pointing action.",Qwen/Qwen3-VL-2B-Instruct,,imgedit_00000752_00,imgedit_00000752_00.png
imgedit_00000753_00,imgedit,action,afGBgOPRgmI_segment_2_frame_0.jpg,afGBgOPRgmI_segment_2_frame_55.jpg,,A woman in a green shirt is drawing a simple shape on a whiteboard.,A woman in a green shirt is drawing a more complex shape on a whiteboard.,"The woman continues drawing, adding more details to the illustration.",,missing,0,D:/Datasets/ImgEdit/Parquet/action_part1.parquet,afGBgOPRgmI_segment_2_frame_0,the woman,the woman continuing to draw a more detailed shape,action,high,The woman adds a diagonal line to the shape she is drawing.,Qwen/Qwen3-VL-2B-Instruct,,imgedit_00000753_00,imgedit_00000753_00.png
imgedit_00000754_00,imgedit,action,W4e-Mwalhkg_segment_16_frame_0.jpg,W4e-Mwalhkg_segment_16_frame_55.jpg,,"A man with glasses and a beard sits in the driver's seat of a car, holding the steering wheel with his left hand.","A man with glasses and a beard sits in the driver's seat of a car, gripping the steering wheel with both hands.",The man grips the steering wheel with both hands.,,missing,0,D:/Datasets/ImgEdit/Parquet/action_part1.parquet,W4e-Mwalhkg_segment_16_frame_0,man,man gripping the steering wheel with both hands,action,high,"The edit focuses on the man's hands, changing their position from holding the wheel with one hand to gripping it with both.",Qwen/Qwen3-VL-2B-Instruct,,imgedit_00000754_00,imgedit_00000754_00.png
imgedit_00000755_00,imgedit,action,uo6Z9IIKTCE_segment_51_frame_0.jpg,uo6Z9IIKTCE_segment_51_frame_48.jpg,,"A man in a helmet rides a mountain bike on a forest trail, lifting the front wheel mid-air.","A man in a helmet stands still on a mountain bike on a forest trail, with the front wheel of the bike resting on the ground.",The person transitions from lifting the front wheel of the bicycle mid-air to standing still on the bicycle.,,missing,0,D:/Datasets/ImgEdit/Parquet/action_part1.parquet,uo6Z9IIKTCE_segment_51_frame_0,the person and the bicycle,the person standing still on the bicycle,action,high,The edit involves changing the person's action from lifting the front wheel to standing still on the bike.,Qwen/Qwen3-VL-2B-Instruct,,imgedit_00000755_00,imgedit_00000755_00.png
imgedit_00000756_00,imgedit,action,OE6PgQ0jZ84_segment_3_frame_0.jpg,OE6PgQ0jZ84_segment_3_frame_55.jpg,,"A man is lying on his back on a blue exercise ball, holding two dumbbells in his hands.","A man is lying on his back on a blue exercise ball, lifting two dumbbells straight up with his arms.",A man lifts dumbbells straight up while lying on his back.,,missing,0,D:/Datasets/ImgEdit/Parquet/action_part1.parquet,OE6PgQ0jZ84_segment_3_frame_0,dumbbells,lifting dumbbells,action,high,"The man's arms are extended upwards, indicating the action of lifting the dumbbells.",Qwen/Qwen3-VL-2B-Instruct,,imgedit_00000756_00,imgedit_00000756_00.png
imgedit_00000757_00,imgedit,action,kduMEutgYu8_segment_28_frame_0.jpg,kduMEutgYu8_segment_28_frame_55.jpg,,A woman with blonde hair and a blue scarf stands under a tree with yellow leaves in an autumn park.,"A woman with blonde hair and a blue scarf tilts her head slightly to the right, standing under a tree with yellow leaves in an autumn park.",The person tilts their head slightly to the right.,,missing,0,D:/Datasets/ImgEdit/Parquet/action_part1.parquet,kduMEutgYu8_segment_28_frame_0,person,tilts her head slightly to the right,action,high,The person's head position has been changed from neutral to a slight tilt to the right.,Qwen/Qwen3-VL-2B-Instruct,,imgedit_00000757_00,imgedit_00000757_00.png
imgedit_00000758_00,imgedit,action,4unznsc7OgE_segment_16_frame_0.jpg,4unznsc7OgE_segment_16_frame_55.jpg,,"A man in a blue hoodie and beanie sits in a chair with his arms raised, gesturing with his hands.",A man in a blue hoodie and beanie sits in a chair with his arms lowered and resting on his lap.,The person lowers their arms and rests them on their lap.,,missing,0,D:/Datasets/ImgEdit/Parquet/action_part1.parquet,4unznsc7OgE_segment_16_frame_0,person,person with arms resting on lap,action,high,"The person's arms are lowered and placed on his lap, while the rest of the scene remains unchanged.",Qwen/Qwen3-VL-2B-Instruct,,imgedit_00000758_00,imgedit_00000758_00.png
imgedit_00000759_00,imgedit,action,29z_wPZhZTY_segment_15_frame_0.jpg,29z_wPZhZTY_segment_15_frame_55.jpg,,A muscular man in a wrestling ring with his arms down and head tilted back.,A muscular man in a wrestling ring with his arms straightened and standing more upright.,The man straightens his arms and stands more upright.,,missing,0,D:/Datasets/ImgEdit/Parquet/action_part1.parquet,29z_wPZhZTY_segment_15_frame_0,man,man with straightened arms and more upright posture,action,high,"The man's arms are straightened and his posture is more upright in the target image, consistent with the instruction.",Qwen/Qwen3-VL-2B-Instruct,,imgedit_00000759_00,imgedit_00000759_00.png
imgedit_00000760_00,imgedit,action,5TThpI1s6_Y_segment_9_frame_0.jpg,5TThpI1s6_Y_segment_9_frame_55.jpg,,A woman with long red hair wearing a red coat and a scarf stands in a snowy forest landscape.,A woman with long red hair wearing a red coat and a scarf turns slightly to the right and raises her right hand while standing in a snowy forest landscape.,The person slightly turns their head to the right and raises their right hand.,,missing,0,D:/Datasets/ImgEdit/Parquet/action_part1.parquet,5TThpI1s6_Y_segment_9_frame_0,person,person slightly turns their head to the right and raises their right hand,action,high,"The person's head and right hand are in motion, with the head turned right and the right hand raised, matching the instruction.",Qwen/Qwen3-VL-2B-Instruct,,imgedit_00000760_00,imgedit_00000760_00.png
imgedit_00000761_00,imgedit,action,KkL_VJLJh_o_segment_17_frame_0.jpg,KkL_VJLJh_o_segment_17_frame_55.jpg,,A man with red hair and glasses wearing a dark t-shirt stands against a colorful gradient background.,"A man with red hair and glasses wearing a dark t-shirt stands against a colorful gradient background, raising his right hand with fingers spread.",The person raises their right hand with fingers spread.,,missing,0,D:/Datasets/ImgEdit/Parquet/action_part1.parquet,KkL_VJLJh_o_segment_17_frame_0,person,person raising right hand with fingers spread,action,high,"The person's right hand is raised with fingers spread in the target image, which is consistent with the instruction.",Qwen/Qwen3-VL-2B-Instruct,,imgedit_00000761_00,imgedit_00000761_00.png
imgedit_00000762_00,imgedit,action,8GR4nx_kwy4_segment_0_frame_70.jpg,8GR4nx_kwy4_segment_0_frame_125.jpg,,A close-up of a person's face with vibrant blue lipstick.,A close-up of a person's face with vibrant blue lipstick and eyes open.,The person opens their eyes.,,missing,0,D:/Datasets/ImgEdit/Parquet/action_part1.parquet,8GR4nx_kwy4_segment_0_frame_70,mouth,eyes,action,high,"The person's eyes are open in the target image, while the mouth remains closed in the source image.",Qwen/Qwen3-VL-2B-Instruct,,imgedit_00000762_00,imgedit_00000762_00.png
imgedit_00000763_00,imgedit,action,29M9OL9dkA0_segment_6_frame_0.jpg,29M9OL9dkA0_segment_6_frame_55.jpg,,"A man in a blue shirt and sunglasses stands by a lake, speaking into a microphone.","A man in a blue shirt and sunglasses stands by a lake, with his arms crossed.",The man crosses his arms.,,missing,0,D:/Datasets/ImgEdit/Parquet/action_part1.parquet,29M9OL9dkA0_segment_6_frame_0,man,man with arms crossed,action,high,"The man's arms are crossed in the target image, while they are relaxed in the source image.",Qwen/Qwen3-VL-2B-Instruct,,imgedit_00000763_00,imgedit_00000763_00.png
imgedit_00000764_00,imgedit,action,qE1R4ht5SGQ_segment_11_frame_0.jpg,qE1R4ht5SGQ_segment_11_frame_55.jpg,,A woman in a kitchen is stirring a pot of green food with a wooden spoon.,A woman in a kitchen stands upright with a wooden spoon resting in a pot of green food.,The person transitions from stirring a pan with a wooden spoon to standing upright with the spoon resting in the pan.,,missing,0,D:/Datasets/ImgEdit/Parquet/action_part1.parquet,qE1R4ht5SGQ_segment_11_frame_0,the person and the wooden spoon,the person standing upright with the spoon resting in the pan,action,high,The person's posture changes from stirring to standing still with the spoon in the pan.,Qwen/Qwen3-VL-2B-Instruct,,imgedit_00000764_00,imgedit_00000764_00.png
imgedit_00000765_00,imgedit,action,W4RdzzH1jrQ_segment_3_frame_0.jpg,W4RdzzH1jrQ_segment_3_frame_55.jpg,,A woman in a pink beanie and black outfit is crouching on a paved path with an orange foam roller beside her.,A woman in a pink beanie and black outfit is crouching on a paved path with her hands extended outward.,The person changes from placing their hands on their chest to extending their hands outward.,,missing,0,D:/Datasets/ImgEdit/Parquet/action_part1.parquet,W4RdzzH1jrQ_segment_3_frame_0,hands,hands extended outward,action,high,The hands are changed from being placed on the chest to being extended outward.,Qwen/Qwen3-VL-2B-Instruct,,imgedit_00000765_00,imgedit_00000765_00.png
imgedit_00000766_00,imgedit,action,KgrTKtOqcA0_segment_4_frame_0.jpg,KgrTKtOqcA0_segment_4_frame_50.jpg,,A woman in a kitchen is peeling an onion with her fingers.,A woman in a kitchen is holding an onion with both hands.,The woman changes from peeling the onion with her fingers to holding the onion with both hands.,,missing,0,D:/Datasets/ImgEdit/Parquet/action_part1.parquet,KgrTKtOqcA0_segment_4_frame_0,onion,holding,action,high,"The woman's hands are now holding the onion, replacing the action of peeling.",Qwen/Qwen3-VL-2B-Instruct,,imgedit_00000766_00,imgedit_00000766_00.png
imgedit_00000767_00,imgedit,action,29jw2ajsS9E_segment_21_frame_0.jpg,29jw2ajsS9E_segment_21_frame_55.jpg,,A woman with long curly hair and pink lipstick is standing in a room with a clapperboard and flowers on a table.,A woman with long curly hair and pink lipstick is standing in a room with her hands lowered and her arms relaxed.,"The woman lowers her hands from a raised, expressive gesture.",,missing,0,D:/Datasets/ImgEdit/Parquet/action_part1.parquet,29jw2ajsS9E_segment_21_frame_0,woman,woman with lowered hands,action,high,"The woman's hands are raised in a gesture in the source image, but are lowered in the target image. The edit is consistent with the instruction.",Qwen/Qwen3-VL-2B-Instruct,,imgedit_00000767_00,imgedit_00000767_00.png
imgedit_00000768_00,imgedit,action,g2gHQnqdv-Q_segment_2_frame_8.jpg,g2gHQnqdv-Q_segment_2_frame_63.jpg,,A man in a dark suit and purple tie stands in front of a cityscape with a hazy sky.,"A man in a dark suit and purple tie stands in front of a cityscape with a hazy sky, spreading his arms outward.",The man spreads his arms outward.,,missing,0,D:/Datasets/ImgEdit/Parquet/action_part1.parquet,g2gHQnqdv-Q_segment_2_frame_8,man,man spreading his arms outward,action,high,"The man's arms are extended to the sides, indicating an action.",Qwen/Qwen3-VL-2B-Instruct,,imgedit_00000768_00,imgedit_00000768_00.png
imgedit_00000769_00,imgedit,action,g3dOw-YAjN4_segment_6_frame_0.jpg,g3dOw-YAjN4_segment_6_frame_55.jpg,,A woman in a kitchen wearing a purple shirt and a white apron stands in front of a blender and several bags of supplements.,"A woman in a kitchen wearing a purple shirt and a white apron stands in front of a blender and several bags of supplements, with her right hand now forming a closed fist.","The woman changes her hand gesture from a flat, open-handed pose to a closed fist with her right hand.",,missing,0,D:/Datasets/ImgEdit/Parquet/action_part1.parquet,g3dOw-YAjN4_segment_6_frame_0,woman's right hand,closed fist,action,high,The woman's hand gesture changes from an open-handed pose to a closed fist.,Qwen/Qwen3-VL-2B-Instruct,,imgedit_00000769_00,imgedit_00000769_00.png
imgedit_00000770_00,imgedit,action,HEofpXHg6FI_segment_5_frame_0.jpg,HEofpXHg6FI_segment_5_frame_55.jpg,,"A woman with long dark hair stands on a stage holding a golden trophy, smiling as she speaks into a microphone.","A woman with long dark hair stands on a stage holding a golden trophy slightly lower, her head turned to the left, smiling as she speaks into a microphone.",The woman lowers the award trophy slightly while keeping her head turned to the left.,,missing,0,D:/Datasets/ImgEdit/Parquet/action_part1.parquet,HEofpXHg6FI_segment_5_frame_0,award trophy,lowered award trophy,action,high,"The trophy is positioned at a lower angle in the target image, consistent with the instruction to lower it slightly while maintaining the same pose and expression.",Qwen/Qwen3-VL-2B-Instruct,,imgedit_00000770_00,imgedit_00000770_00.png
imgedit_00000771_00,imgedit,action,KhUgY63SEkw_segment_3_frame_0.jpg,KhUgY63SEkw_segment_3_frame_55.jpg,,A person with red hair and sunglasses is hugging a large blue inflatable dolphin in a field with debris.,A person with red hair and sunglasses is leaning their head against the inflatable dolphin while hugging it more closely in a field with debris.,A person leans their head against the inflatable dolphin while hugging it more closely.,,missing,0,D:/Datasets/ImgEdit/Parquet/action_part1.parquet,KhUgY63SEkw_segment_3_frame_0,person,person leaning their head against the inflatable dolphin,action,high,"The person's head is now positioned against the dolphin, indicating a closer embrace, which is the key action change in the edit.",Qwen/Qwen3-VL-2B-Instruct,,imgedit_00000771_00,imgedit_00000771_00.png
imgedit_00000772_00,imgedit,action,sJfSSHGjVg8_segment_0_frame_12.jpg,sJfSSHGjVg8_segment_0_frame_67.jpg,,A woman with long black hair wearing a black blazer and a gray t-shirt is speaking in a modern indoor space with glass railings and a staircase in the background.,"A woman with long black hair wearing a black blazer and a gray t-shirt is speaking in a modern indoor space with glass railings and a staircase in the background, turning her head slightly to the left.",The person turns their head slightly to the left.,,missing,0,D:/Datasets/ImgEdit/Parquet/action_part1.parquet,sJfSSHGjVg8_segment_0_frame_12,person,person turning her head slightly to the left,action,high,"The person's head position has been adjusted to the left, matching the instruction.",Qwen/Qwen3-VL-2B-Instruct,,imgedit_00000772_00,imgedit_00000772_00.png
imgedit_00000773_00,imgedit,action,JRS7HIi1szI_segment_1_frame_0.jpg,JRS7HIi1szI_segment_1_frame_55.jpg,,A woman with short black hair wearing a green and white plaid shirt stands in a kitchen with string lights.,"A woman with short black hair wearing a green and white plaid shirt turns her head slightly to the left, standing in a kitchen with string lights.",The person turns their head slightly to the left.,,missing,0,D:/Datasets/ImgEdit/Parquet/action_part1.parquet,JRS7HIi1szI_segment_1_frame_0,person,person with turned head,action,high,The person's head is slightly turned to the left in the target image compared to the original.,Qwen/Qwen3-VL-2B-Instruct,,imgedit_00000773_00,imgedit_00000773_00.png
imgedit_00000774_00,imgedit,action,715qgYbzh7k_segment_18_frame_0.jpg,715qgYbzh7k_segment_18_frame_54.jpg,,"A man in a black jacket and red beanie stands on a soccer field, holding a pair of black gloves.","A man in a black jacket and red beanie stands on a soccer field, lowering his head slightly while holding a pair of black gloves.",The person lowers their head slightly.,,missing,0,D:/Datasets/ImgEdit/Parquet/action_part1.parquet,715qgYbzh7k_segment_18_frame_0,person,lowering their head slightly,action,high,"The person's head is positioned at a lower angle in the target image compared to the source, indicating a downward movement of the head.",Qwen/Qwen3-VL-2B-Instruct,,imgedit_00000774_00,imgedit_00000774_00.png
imgedit_00000775_00,imgedit,action,uku_pzuzGZM_segment_38_frame_0.jpg,uku_pzuzGZM_segment_38_frame_55.jpg,,"A young man in a black Pittsburgh Pirates baseball uniform with the number 27 on the chest, walking on a baseball field while carrying a bag over his shoulder.","A young man in a black Pittsburgh Pirates baseball uniform with the number 27 on the chest, walking on a baseball field with his left arm lowered and his fingers spread out while carrying a bag over his shoulder.",The person lowers their left arm and spreads their fingers while continuing to walk forward.,,missing,0,D:/Datasets/ImgEdit/Parquet/action_part1.parquet,uku_pzuzGZM_segment_38_frame_0,person,person with lowered left arm and spread fingers,action,high,"The person's left arm is lowered and fingers are spread in the target image, while in the source image the arm",Qwen/Qwen3-VL-2B-Instruct,,imgedit_00000775_00,imgedit_00000775_00.png
imgedit_00000776_00,imgedit,action,pasmKJSsmxs_segment_6_frame_2.jpg,pasmKJSsmxs_segment_6_frame_57.jpg,,A man with long blonde hair wearing a plaid shirt and a backward baseball cap is sitting in a room with large speakers behind him.,"A man with long blonde hair wearing a plaid shirt and a backward baseball cap is sitting in a room with large speakers behind him, turning his head to look to the right.",The person turns their head to look to the right.,,missing,0,D:/Datasets/ImgEdit/Parquet/action_part1.parquet,pasmKJSsmxs_segment_6_frame_2,man,man turning his head to the right,action,high,"The man's head position has been changed from facing forward to looking to the right, which is consistent with the instruction.",Qwen/Qwen3-VL-2B-Instruct,,imgedit_00000776_00,imgedit_00000776_00.png
imgedit_00000777_00,imgedit,action,jvpBX1uGtlk_segment_24_frame_60.jpg,jvpBX1uGtlk_segment_24_frame_115.jpg,,"A black and white photograph of a couple embracing, with the woman in a textured top and the man in a dark suit.","A black and white photograph of a couple embracing, with the woman in a textured top and the man in a dark suit, but the man's face is partially obscured.","No change in the subject's action, pose, or facial expression.",,missing,0,D:/Datasets/ImgEdit/Parquet/action_part1.parquet,jvpBX1uGtlk_segment_24_frame_60,man's face,man's face is partially obscured,remove,high,"The edit removes the man's face, resulting in a partially obscured view of the man. The woman's pose and expression remain unchanged.",Qwen/Qwen3-VL-2B-Instruct,,imgedit_00000777_00,imgedit_00000777_00.png
imgedit_00000778_00,imgedit,action,_Ev8VHY2Eao_segment_333_frame_0.jpg,_Ev8VHY2Eao_segment_333_frame_55.jpg,,A young girl with a purple hood stands in a dimly lit room filled with stacked wooden boxes.,"A young girl with a purple hood stands in a dimly lit room filled with stacked wooden boxes, now facing forward.",The girl turns from a side profile to facing forward.,,missing,0,D:/Datasets/ImgEdit/Parquet/action_part1.parquet,_Ev8VHY2Eao_segment_333_frame_0,the girl,facing forward,action,high,"The girl's orientation changes from a side profile to facing forward, which is the specified edit.",Qwen/Qwen3-VL-2B-Instruct,,imgedit_00000778_00,imgedit_00000778_00.png
imgedit_00000779_00,imgedit,action,xWvo79Gwq1Q_segment_12_frame_0.jpg,xWvo79Gwq1Q_segment_12_frame_55.jpg,,"A young man with short brown hair stands on a beach in front of a marina filled with sailboats, with mountains in the background.","A young man with short brown hair tilts his head slightly to the right, standing on a beach in front of a marina filled with sailboats, with mountains in the background.",The subject tilts their head slightly to the right.,,missing,0,D:/Datasets/ImgEdit/Parquet/action_part1.parquet,xWvo79Gwq1Q_segment_12_frame_0,the subject,the subject tilts their head slightly to the right,action,high,"The subject's head position has been changed to tilt slightly to the right, as per the instruction.",Qwen/Qwen3-VL-2B-Instruct,,imgedit_00000779_00,imgedit_00000779_00.png
imgedit_00000780_00,imgedit,action,IGI3yYhzDfc_segment_102_frame_0.jpg,IGI3yYhzDfc_segment_102_frame_55.jpg,,A man in a black blazer and white shirt is speaking on stage with a microphone.,A man in a black blazer and white shirt is speaking on stage with a microphone and turning his head to the right.,The person turns their head to the right.,,missing,0,D:/Datasets/ImgEdit/Parquet/action_part1.parquet,IGI3yYhzDfc_segment_102_frame_0,person,person with turned head,action,high,The person's head has been rotated to the right.,Qwen/Qwen3-VL-2B-Instruct,,imgedit_00000780_00,imgedit_00000780_00.png
imgedit_00000781_00,imgedit,action,zA2QD9ghfdo_segment_2_frame_76.jpg,zA2QD9ghfdo_segment_2_frame_131.jpg,,A woman with long brown hair and a red shirt is smiling with her eyes closed against an orange curtain background.,"A woman with long brown hair and a red shirt is looking at the camera with her eyes open and a slight smile, tilting her head backward against an orange curtain background.",The person tilts their head slightly backward.,,missing,0,D:/Datasets/ImgEdit/Parquet/action_part1.parquet,zA2QD9ghfdo_segment_2_frame_76,person,person with tilted head,action,high,"The person's head position has been changed from closed eyes to an open-eyed, slightly backward tilt.",Qwen/Qwen3-VL-2B-Instruct,,imgedit_00000781_00,imgedit_00000781_00.png
imgedit_00000782_00,imgedit,action,xWjOh0Ph8uM_segment_11_frame_2.jpg,xWjOh0Ph8uM_segment_11_frame_57.jpg,,A man with short brown hair and an earring looks at the camera in a room with a white wall and a dark wall behind him.,"A man with short brown hair and an earring looks at the camera in a room with a white wall and a dark wall behind him, but his head is turned to the right.",The person turns their head to the right.,,missing,0,D:/Datasets/ImgEdit/Parquet/action_part1.parquet,xWjOh0Ph8uM_segment_11_frame_2,person,person with turned head,action,high,The person's head has been rotated to the right.,Qwen/Qwen3-VL-2B-Instruct,,imgedit_00000782_00,imgedit_00000782_00.png
imgedit_00000783_00,imgedit,action,xTocJ1nBrf4_segment_1_frame_0.jpg,xTocJ1nBrf4_segment_1_frame_55.jpg,,"A woman with long blonde hair stands in a modern kitchen, wearing a patterned shirt, with a pot on the stove and various ingredients on the counter.","The woman in the same kitchen has moved her head slightly to the right, with her expression unchanged.",The person moves their head slightly to the right.,,missing,0,D:/Datasets/ImgEdit/Parquet/action_part1.parquet,xTocJ1nBrf4_segment_1_frame_0,person,person with head slightly turned to the right,action,high,"The person's head position has been adjusted to the right, while the rest of the scene remains consistent.",Qwen/Qwen3-VL-2B-Instruct,,imgedit_00000783_00,imgedit_00000783_00.png
imgedit_00000784_00,imgedit,action,xTqQVf64BmM_segment_7_frame_0.jpg,xTqQVf64BmM_segment_7_frame_55.jpg,,"A man with long brown hair wearing a black robe sits at a table eating breakfast, looking at someone off-camera.","A man with long brown hair wearing a black robe sits at a table eating breakfast, looking slightly to his left.",The person turns their head slightly to the left.,,missing,0,D:/Datasets/ImgEdit/Parquet/action_part1.parquet,xTqQVf64BmM_segment_7_frame_0,person,person turns their head slightly to the left,action,high,"The person's head position is adjusted to the left, matching the instruction.",Qwen/Qwen3-VL-2B-Instruct,,imgedit_00000784_00,imgedit_00000784_00.png
imgedit_00000785_00,imgedit,action,sLvby8O5xEk_segment_30_frame_10.jpg,sLvby8O5xEk_segment_30_frame_65.jpg,,"A man with a beard and a black cap is sitting in a room, holding a small black object in his right hand.","A man with a beard and a black cap is sitting in a room, holding a small black object in his left hand, with the object now showing a different side.",The person turns their wrist to show a different side of the object they are holding.,,missing,0,D:/Datasets/ImgEdit/Parquet/action_part1.parquet,sLvby8O5xEk_segment_30_frame_10,object,object,action,high,"The man's hand has turned to show a different side of the object, changing the orientation of the object in his hand.",Qwen/Qwen3-VL-2B-Instruct,,imgedit_00000785_00,imgedit_00000785_00.png
imgedit_00000786_00,imgedit,action,xcftX2-BCp0_segment_35_frame_0.jpg,xcftX2-BCp0_segment_35_frame_55.jpg,,"A menacing character with a pale face and glowing red eyes, wearing a dark, armored suit, is shown in a dynamic pose against a red and black background.","A menacing character with a pale face and glowing red eyes, wearing a dark, armored suit, raises their arm to aim and fire a flamethrower, with flames erupting from their weapon against a red and black background.",The character raises their arm to aim and fire a flamethrower.,,missing,0,D:/Datasets/ImgEdit/Parquet/action_part1.parquet,xcftX2-BCp0_segment_35_frame_0,character,character firing a flamethrower,action,high,"The character's arm is raised and the flamethrower is activated, showing a clear action change from a",Qwen/Qwen3-VL-2B-Instruct,,imgedit_00000786_00,imgedit_00000786_00.png
imgedit_00000787_00,imgedit,action,_FzbcmP3UhE_segment_411_frame_49.jpg,_FzbcmP3UhE_segment_411_frame_104.jpg,,"A girl with pink and brown hair stands in front of a glass aquarium, looking at a red shark.","A girl with pink and brown hair stands in front of a glass aquarium, facing the viewer with both arms extended.",The girl changes from a side pose with one arm extended to a front-facing pose with both arms extended.,,missing,0,D:/Datasets/ImgEdit/Parquet/action_part1.parquet,_FzbcmP3UhE_segment_411_frame_49,girl,girl with both arms extended,action,high,The girl's pose changes from a side view with one arm extended to a front-facing view with both arms extended.,Qwen/Qwen3-VL-2B-Instruct,,imgedit_00000787_00,imgedit_00000787_00.png
imgedit_00000788_00,imgedit,action,BqjL4EUKuo0_segment_12_frame_0.jpg,BqjL4EUKuo0_segment_12_frame_55.jpg,,"A woman with long dark hair sits in a chair, smiling and gesturing with her right hand while holding a white folder.",A woman with long dark hair turns her head to her left and raises her right hand while sitting in a chair with a green stuffed animal beside her.,A woman turns her head to her left while raising her right hand.,,missing,0,D:/Datasets/ImgEdit/Parquet/action_part1.parquet,BqjL4EUKuo0_segment_12_frame_0,woman,woman turning her head to her left and raising her right hand,action,high,"The woman's head position and hand gesture are changed from a neutral, smiling pose to a turning and gesturing pose, which aligns with the instruction.",Qwen/Qwen3-VL-2B-Instruct,,imgedit_00000788_00,imgedit_00000788_00.png
imgedit_00000789_00,imgedit,action,_FSSJiLZPH8_segment_1_frame_0.jpg,_FSSJiLZPH8_segment_1_frame_55.jpg,,A man in a shooting range wearing a gray shirt and jeans stands with his upper body slightly turned away from the camera.,A man in a shooting range wearing a gray shirt and jeans turns his upper body and head slightly more toward the camera.,The man turns his upper body and head slightly more toward the camera.,,missing,0,D:/Datasets/ImgEdit/Parquet/action_part1.parquet,_FSSJiLZPH8_segment_1_frame_0,man,man with his upper body and head turned more toward the camera,action,high,"The man's head and upper body have been rotated to face the camera more directly, while his hands remain in the same position.",Qwen/Qwen3-VL-2B-Instruct,,imgedit_00000789_00,imgedit_00000789_00.png
imgedit_00000790_00,imgedit,action,1UrX_CrUOrs_segment_1_frame_48.jpg,1UrX_CrUOrs_segment_1_frame_103.jpg,,"A woman with dark hair and a red shirt sits in a garden, holding a small green plant.","A woman with dark hair and a red shirt sits in a garden, raising the plant higher with her right hand while holding it.",The person raises the plant higher with one hand while holding it.,,missing,0,D:/Datasets/ImgEdit/Parquet/action_part1.parquet,1UrX_CrUOrs_segment_1_frame_48,plant,raised plant,action,high,"The woman's hand position changes to lift the plant higher, making the action clear.",Qwen/Qwen3-VL-2B-Instruct,,imgedit_00000790_00,imgedit_00000790_00.png
imgedit_00000791_00,imgedit,action,paTVVXm1rC4_segment_55_frame_0.jpg,paTVVXm1rC4_segment_55_frame_55.jpg,,"An astronaut in a red shirt is leaning forward inside the International Space Station, reaching for a control panel.","An astronaut in a red shirt is floating in the International Space Station, reaching both arms forward with his legs bent upward.",The person changes from extending one arm forward to reaching both arms forward while floating with legs bent upward.,,missing,0,D:/Datasets/ImgEdit/Parquet/action_part1.parquet,paTVVXm1rC4_segment_55_frame_0,astronaut,floating with both arms forward,action,high,"The astronaut's arms are extended forward in the source image, but in the target image, both arms are extended forward while floating in zero gravity.",Qwen/Qwen3-VL-2B-Instruct,,imgedit_00000791_00,imgedit_00000791_00.png
imgedit_00000792_00,imgedit,action,_Ff-bSwsU5M_segment_4_frame_0.jpg,_Ff-bSwsU5M_segment_4_frame_55.jpg,,A tennis player with a white visor smiles at the camera.,"A tennis player with a white visor lowers their arm and closes their hand, smiling.",The subject lowers their arm and closes their hand.,,missing,0,D:/Datasets/ImgEdit/Parquet/action_part1.parquet,_Ff-bSwsU5M_segment_4_frame_0,the tennis player's arm and hand,the tennis player's arm and hand lowered and closed,action,high,"The player's arm is in a different position in the target image, and the hand is closed. The change is consistent with the instruction.",Qwen/Qwen3-VL-2B-Instruct,,imgedit_00000792_00,imgedit_00000792_00.png
imgedit_00000793_00,imgedit,action,ETbexDVPJ5A_segment_20_frame_0.jpg,ETbexDVPJ5A_segment_20_frame_55.jpg,,A man with a beard and sunglasses stands on a road next to a rocky cliff.,A man with a beard and sunglasses turns slightly to his left while standing on a road next to a rocky cliff.,The man turns slightly to his left and wears sunglasses.,,missing,0,D:/Datasets/ImgEdit/Parquet/action_part1.parquet,ETbexDVPJ5A_segment_20_frame_0,man,man turns slightly to his left,action,high,The man's position and the surrounding environment remain unchanged; only his orientation changes.,Qwen/Qwen3-VL-2B-Instruct,,imgedit_00000793_00,imgedit_00000793_00.png
imgedit_00000794_00,imgedit,action,JQndOnm3AvU_segment_190_frame_0.jpg,JQndOnm3AvU_segment_190_frame_55.jpg,,"A man in a black shirt and cap sits at a light wood table, pointing at a white object in his hand with his right hand.","A man in a black shirt and cap sits at a light wood table, with his left hand lowered from a pointing gesture.",The person moves their left hand downward from a pointing gesture.,,missing,0,D:/Datasets/ImgEdit/Parquet/action_part1.parquet,JQndOnm3AvU_segment_190_frame_0,hand,lowered hand,action,high,"The hand is moved downward from a pointing gesture, indicating a change in the person's action.",Qwen/Qwen3-VL-2B-Instruct,,imgedit_00000794_00,imgedit_00000794_00.png
imgedit_00000795_00,imgedit,action,sKJ4i7p-o-4_segment_3_frame_0.jpg,sKJ4i7p-o-4_segment_3_frame_55.jpg,,"A hand holds a black smartphone with a colorful screen displaying the Android interface, in a room with other people and a white table.","A hand holds a white smartphone with the back facing the camera, showing a quad-camera module and the Google logo, in a room with other people and a white table.",A person turns the phone around to show its back.,,missing,0,D:/Datasets/ImgEdit/Parquet/action_part1.parquet,sKJ4i7p-o-4_segment_3_frame_0,phone,back of the phone,action,high,"The phone is turned around to show its back, which is a different orientation from the original front-facing view.",Qwen/Qwen3-VL-2B-Instruct,,imgedit_00000795_00,imgedit_00000795_00.png
imgedit_00000796_00,imgedit,action,aNoHcUnJ2aU_segment_1_frame_0.jpg,aNoHcUnJ2aU_segment_1_frame_52.jpg,,A man wearing a white hat and glasses looks out of a shattered window.,"A man wearing a white hat and glasses looks out of a shattered window, slightly lowering his head.",The person slightly lowers their head.,,missing,0,D:/Datasets/ImgEdit/Parquet/action_part1.parquet,aNoHcUnJ2aU_segment_1_frame_0,person,person with a lowered head,action,high,The person's head is slightly lower in the target image compared to the source.,Qwen/Qwen3-VL-2B-Instruct,,imgedit_00000796_00,imgedit_00000796_00.png
imgedit_00000797_00,imgedit,action,_FzbcmP3UhE_segment_131_frame_0.jpg,_FzbcmP3UhE_segment_131_frame_52.jpg,,"A young girl with pink and brown pigtails is gently petting a white sheep in a sunny, colorful farmyard.","A young girl with pink and brown pigtails is gently petting a white sheep in a sunny, colorful farmyard, with her hand resting on her knee.",A girl shifts her hand position from near her chest to resting on her knee.,,missing,0,D:/Datasets/ImgEdit/Parquet/action_part1.parquet,_FzbcmP3UhE_segment_131_frame_0,girl's hand,girl's hand resting on her knee,action,high,"The girl's hand is moved from near her chest to resting on her knee, which is the specified edit.",Qwen/Qwen3-VL-2B-Instruct,,imgedit_00000797_00,imgedit_00000797_00.png
imgedit_00000798_00,imgedit,action,R0DOsKEGFuk_segment_25_frame_0.jpg,R0DOsKEGFuk_segment_25_frame_55.jpg,,"A man with dark, wavy hair and a black scarf stands in front of a closed metal shutter, gesturing with his raised right hand.","A man with dark, wavy hair and a black scarf stands in front of a closed metal shutter, with his right hand lowered.",The person lowers their raised hand.,,missing,0,D:/Datasets/ImgEdit/Parquet/action_part1.parquet,R0DOsKEGFuk_segment_25_frame_0,hand,lowered hand,action,high,"The hand is raised in the source and lowered in the target, matching the instruction.",Qwen/Qwen3-VL-2B-Instruct,,imgedit_00000798_00,imgedit_00000798_00.png
imgedit_00000799_00,imgedit,action,u0ltIKNUKVQ_segment_18_frame_0.jpg,u0ltIKNUKVQ_segment_18_frame_55.jpg,,"A man in a maroon hoodie sits at a table in a modern office, holding a sandwich.","A man in a maroon hoodie sits at a table in a modern office, lowering his head slightly while holding a sandwich.",The person lowers their head slightly while holding the sandwich.,,missing,0,D:/Datasets/ImgEdit/Parquet/action_part1.parquet,u0ltIKNUKVQ_segment_18_frame_0,person,person lowering their head slightly,action,high,"The person's head position is altered to show a slight downward tilt, consistent with the instruction.",Qwen/Qwen3-VL-2B-Instruct,,imgedit_00000799_00,imgedit_00000799_00.png
imgedit_00000800_00,imgedit,action,kZ9y_vPhAaQ_segment_197_frame_0.jpg,kZ9y_vPhAaQ_segment_197_frame_50.jpg,,"Two animated characters, a boy and a dog, wearing red and white helmets and blue overalls, stand on a wooden floor surrounded by building materials.","The boy and the dog are holding hands, and the dog is lifting one leg as if taking a step.","The two characters hold hands, and the character on the right lifts one leg as if taking a step or dancing.",,missing,0,D:/Datasets/ImgEdit/Parquet/action_part1.parquet,kZ9y_vPhAaQ_segment_197_frame_0,the two characters,"the two characters holding hands, with the dog lifting one leg",action,high,"The edit involves the characters' interaction and pose, specifically the dog's leg movement.",Qwen/Qwen3-VL-2B-Instruct,,imgedit_00000800_00,imgedit_00000800_00.png
imgedit_00000801_00,imgedit,action,-_d0ac-pshg_segment_5_frame_0.jpg,-_d0ac-pshg_segment_5_frame_55.jpg,,"A woman with glasses and long brown hair is sitting at a desk, looking down and smiling at a person in front of her.","A woman with glasses and long brown hair is sitting at a desk, looking down and smiling, while raising her right arm.",The woman lowers her head and raises her right arm.,,missing,0,D:/Datasets/ImgEdit/Parquet/action_part1.parquet,-_d0ac-pshg_segment_5_frame_0,woman,woman raising her right arm,action,high,"The woman's head is lowered and her right arm is raised in the target image, which is consistent with the instruction.",Qwen/Qwen3-VL-2B-Instruct,,imgedit_00000801_00,imgedit_00000801_00.png
imgedit_00000802_00,imgedit,action,aTfS6ILyW1s_segment_4_frame_0.jpg,aTfS6ILyW1s_segment_4_frame_55.jpg,,"A woman with short dark hair wearing a teal tank top stands in a room, holding a chip in her right hand and looking at another person.","A woman with short dark hair wearing a teal tank top stands in a room, holding a chip in her right hand and raising her right hand slightly while looking at another person.",A person raises their hand slightly while holding a chip.,,missing,0,D:/Datasets/ImgEdit/Parquet/action_part1.parquet,aTfS6ILyW1s_segment_4_frame_0,hand,raising her hand slightly,action,high,"The hand is raised slightly, indicating a small motion, while the chip remains in the hand. The background and the other person remain unchanged.",Qwen/Qwen3-VL-2B-Instruct,,imgedit_00000802_00,imgedit_00000802_00.png
imgedit_00000803_00,imgedit,action,fRisNZfdsLs_segment_9_frame_108.jpg,fRisNZfdsLs_segment_9_frame_163.jpg,,A woman is sitting on a stool with her legs crossed and hands resting on her lap in a well-organized craft room with a white table and shelves filled with supplies.,A woman is sitting on a stool with her legs uncrossed and her arms extended outward on the table in a well-organized craft room with a white table and shelves filled with supplies.,The person changes from sitting with legs crossed and hands resting on the lap to sitting with legs uncrossed and arms extended outward on the table.,,missing,0,D:/Datasets/ImgEdit/Parquet/action_part1.parquet,fRisNZfdsLs_segment_9_frame_108,person,person with legs uncrossed and arms extended outward on the table,action,high,The person's posture and arm position have been changed from crossed legs with hands on the lap to uncrossed,Qwen/Qwen3-VL-2B-Instruct,,imgedit_00000803_00,imgedit_00000803_00.png
imgedit_00000804_00,imgedit,action,6IxcsokEGx0_segment_28_frame_0.jpg,6IxcsokEGx0_segment_28_frame_55.jpg,,"A man in a suit stands on a red carpet stage in front of a large screen displaying a forest scene, with a TED logo on the screen.","A man in a suit stands on a red carpet stage in front of a large screen displaying a forest scene, with a TED logo on the screen, leaning forward and looking down at a table.",The man leans forward and looks down at the table.,,missing,0,D:/Datasets/ImgEdit/Parquet/action_part1.parquet,6IxcsokEGx0_segment_28_frame_0,man,man leaning forward and looking down at a table,action,high,"The man's posture changes from standing to leaning forward, and he is now looking down at a table that is not visible in the original image.",Qwen/Qwen3-VL-2B-Instruct,,imgedit_00000804_00,imgedit_00000804_00.png
imgedit_00000805_00,imgedit,action,ZbhMqt2pDnw_segment_0_frame_0.jpg,ZbhMqt2pDnw_segment_0_frame_55.jpg,,"A young girl in a green dress stands in a play kitchen, gesturing with her arms raised and bent.","A young girl in a green dress stands in a play kitchen, with both arms extended outward and palms facing up.",A girl changes her arm position from raised and bent to extended outward with palms facing up.,,missing,0,D:/Datasets/ImgEdit/Parquet/action_part1.parquet,ZbhMqt2pDnw_segment_0_frame_0,girl's arms,arms extended outward with palms facing up,action,high,"The girl's arms are changed from a raised and bent position to an extended outward position with palms facing up, as described in the instruction.",Qwen/Qwen3-VL-2B-Instruct,,imgedit_00000805_00,imgedit_00000805_00.png
imgedit_00000806_00,imgedit,action,KgNaNiLA7dI_segment_67_frame_0.jpg,KgNaNiLA7dI_segment_67_frame_55.jpg,,"A man with glasses sits on an orange couch, holding a gaming device with both hands.","A man with glasses sits on an orange couch, holding a gaming device with both hands, and shifting the device slightly downward.",The person shifts the gaming device slightly downward while continuing to hold it with both hands.,,missing,0,D:/Datasets/ImgEdit/Parquet/action_part1.parquet,KgNaNiLA7dI_segment_67_frame_0,gaming device,gaming device slightly downward,action,high,The gaming device is moved slightly downward while the person's hands remain in the same position.,Qwen/Qwen3-VL-2B-Instruct,,imgedit_00000806_00,imgedit_00000806_00.png
imgedit_00000807_00,imgedit,action,aJiByf7MywY_segment_0_frame_0.jpg,aJiByf7MywY_segment_0_frame_55.jpg,,"A man in a white shirt and grey vest sits at a desk with a newspaper, surrounded by military paraphernalia.","A man in a white shirt and grey vest sits at a desk with a newspaper, raising his right arm in a fist while his left arm moves forward.",The man raises his right arm in a fist while his left arm moves forward.,,missing,0,D:/Datasets/ImgEdit/Parquet/action_part1.parquet,aJiByf7MywY_segment_0_frame_0,man,man with raised right arm in a fist,action,high,"The man's right arm is raised in a fist, while his left arm moves forward, indicating a clear action change.",Qwen/Qwen3-VL-2B-Instruct,,imgedit_00000807_00,imgedit_00000807_00.png
imgedit_00000808_00,imgedit,action,hQK3F8pff9Y_segment_37_frame_0.jpg,hQK3F8pff9Y_segment_37_frame_55.jpg,,A person wearing glasses holds chopsticks with a piece of tuna near a red bowl of rice.,A person wearing glasses holds chopsticks with a piece of tuna lowered closer to the bowl of rice.,The person lowers the piece of food held with chopsticks closer to the bowl of rice.,,missing,0,D:/Datasets/ImgEdit/Parquet/action_part1.parquet,hQK3F8pff9Y_segment_37_frame_0,piece of food held with chopsticks,piece of food held with chopsticks closer to the bowl of rice,action,high,The person's hand and the chopsticks are positioned to show the food is being lowered toward the bowl of rice.,Qwen/Qwen3-VL-2B-Instruct,,imgedit_00000808_00,imgedit_00000808_00.png
imgedit_00000809_00,imgedit,action,xWnW-IcugBQ_segment_14_frame_0.jpg,xWnW-IcugBQ_segment_14_frame_55.jpg,,A woman with long dark hair and a white shirt is holding a striped object while looking down.,A woman with long dark hair and a white shirt is holding a striped object and turns her head slightly to the right.,The woman turns her head slightly to the right.,,missing,0,D:/Datasets/ImgEdit/Parquet/action_part1.parquet,xWnW-IcugBQ_segment_14_frame_0,woman,woman turning her head slightly to the right,action,high,"The woman's head position changes from facing down to slightly turned to the right, matching the instruction.",Qwen/Qwen3-VL-2B-Instruct,,imgedit_00000809_00,imgedit_00000809_00.png
imgedit_00000810_00,imgedit,action,aSkAROiSLXI_segment_12_frame_0.jpg,aSkAROiSLXI_segment_12_frame_55.jpg,,A man with a beard wearing a grey and black hoodie sits at a wooden table with three smartphones in front of him.,"A man with a beard wearing a grey and black hoodie sits at a wooden table with three smartphones in front of him, his right hand clenched into a fist near his chest.","The person's right hand, initially gesturing outward, is now clenched in a fist near their chest.",,missing,0,D:/Datasets/ImgEdit/Parquet/action_part1.parquet,aSkAROiSLXI_segment_12_frame_0,person's right hand,clenched fist,action,high,The right hand's gesture has been changed from an outward gesture to a clenched fist near the chest.,Qwen/Qwen3-VL-2B-Instruct,,imgedit_00000810_00,imgedit_00000810_00.png
imgedit_00000811_00,imgedit,action,RelBObs2gAQ_segment_10_frame_0.jpg,RelBObs2gAQ_segment_10_frame_55.jpg,,"A man in a white lab coat stands in a cluttered workshop, gesturing with both hands above a black object on a table.","A man in a white lab coat leans forward, placing his right hand on a black object on a table.",The person moves their right hand to touch the object on the table.,,missing,0,D:/Datasets/ImgEdit/Parquet/action_part1.parquet,RelBObs2gAQ_segment_10_frame_0,person,person touching the object,action,high,"The person's right hand is now on the object, which is a black rectangular device on the table.",Qwen/Qwen3-VL-2B-Instruct,,imgedit_00000811_00,imgedit_00000811_00.png
imgedit_00000812_00,imgedit,action,TZBn8-UUQeI_segment_5_frame_0.jpg,TZBn8-UUQeI_segment_5_frame_55.jpg,,A man in a plaid shirt looks at the camera with a surprised expression.,"A man in a plaid shirt turns his head slightly to the right, looking off-camera.",The man turns his head slightly to the right.,,missing,0,D:/Datasets/ImgEdit/Parquet/action_part1.parquet,TZBn8-UUQeI_segment_5_frame_0,man,man turning his head slightly to the right,action,high,The man's head position has been changed from facing forward to slightly turned to the right.,Qwen/Qwen3-VL-2B-Instruct,,imgedit_00000812_00,imgedit_00000812_00.png
imgedit_00000813_00,imgedit,action,8GvonmehlFo_segment_14_frame_0.jpg,8GvonmehlFo_segment_14_frame_55.jpg,,A man in a dark room is operating a camera on a tripod.,A man in a dark room is turning his head to the right while operating a camera on a tripod.,The person turns their head to the right while continuing to operate the camera tripod.,,missing,0,D:/Datasets/ImgEdit/Parquet/action_part1.parquet,8GvonmehlFo_segment_14_frame_0,person,person turning his head to the right,action,high,"The person's head is turned to the right, and the camera is still on the tripod. The edit is focused on the person's head movement.",Qwen/Qwen3-VL-2B-Instruct,,imgedit_00000813_00,imgedit_00000813_00.png
imgedit_00000814_00,imgedit,action,zAzrE6Bp2rA_segment_2_frame_0.jpg,zAzrE6Bp2rA_segment_2_frame_55.jpg,,"A man in a blue t-shirt and red hat stands behind a white table, holding a small box in his right hand and gesturing with his left hand.","A man in a blue t-shirt and red hat stands behind a white table, raising the box higher with his right hand and lowering his left hand.",The person raises the box higher with their right hand and lowers their left hand.,,missing,0,D:/Datasets/ImgEdit/Parquet/action_part1.parquet,zAzrE6Bp2rA_segment_2_frame_0,the box,the box,action,high,The box is raised higher with the right hand and the left hand is lowered.,Qwen/Qwen3-VL-2B-Instruct,,imgedit_00000814_00,imgedit_00000814_00.png
imgedit_00000815_00,imgedit,action,A6ndrFdUAhk_segment_9_frame_0.jpg,A6ndrFdUAhk_segment_9_frame_55.jpg,,A man with glasses and a beard wearing a black t-shirt with a house graphic stands in front of a blue background.,A man with glasses and a beard wearing a black t-shirt with a house graphic stands in front of a blue background with his hands clasped together.,"The person changes the position of their hands, moving the right hand from over the left to clasping the left hand.",,missing,0,D:/Datasets/ImgEdit/Parquet/action_part1.parquet,A6ndrFdUAhk_segment_9_frame_0,hands,clasped hands,action,high,The right hand is moved from over the left hand to clasping the left hand.,Qwen/Qwen3-VL-2B-Instruct,,imgedit_00000815_00,imgedit_00000815_00.png
imgedit_00000816_00,imgedit,action,7e5Ws77t8us_segment_2_frame_16.jpg,7e5Ws77t8us_segment_2_frame_71.jpg,,"A man with a beard and a chef's hat is speaking in a kitchen, pointing with his right hand.","A man with a beard and a chef's hat is speaking in a kitchen, raising his right thumb.",The person changes their hand gesture from pointing to raising their thumb.,,missing,0,D:/Datasets/ImgEdit/Parquet/action_part1.parquet,7e5Ws77t8us_segment_2_frame_16,hand,thumb,action,high,The hand gesture changes from pointing to raising the thumb.,Qwen/Qwen3-VL-2B-Instruct,,imgedit_00000816_00,imgedit_00000816_00.png
imgedit_00000817_00,imgedit,action,gypAjPp6eps_segment_7_frame_0.jpg,gypAjPp6eps_segment_7_frame_55.jpg,,"A woman in a blue striped sleeveless top stands on a stage with a dark green curtain behind her, holding a remote in her right hand and gesturing with her left.","A woman in a blue striped sleeveless top stands on a stage with a dark green curtain behind her, holding a remote in her right hand and closing her left hand into a loose fist.",The woman lowers her right hand while holding a remote and closes her left hand into a loose fist.,,missing,0,D:/Datasets/ImgEdit/Parquet/action_part1.parquet,gypAjPp6eps_segment_7_frame_0,woman,woman with her left hand closed into a fist,action,high,"The woman's left hand is changed from an open gesture to a closed fist, while her right hand remains in the same position",Qwen/Qwen3-VL-2B-Instruct,,imgedit_00000817_00,imgedit_00000817_00.png
imgedit_00000818_00,imgedit,action,aSx9vGo8yZQ_segment_18_frame_0.jpg,aSx9vGo8yZQ_segment_18_frame_55.jpg,,A young man in a red long-sleeved shirt sits in a locker room with red Detroit Red Wings jerseys hanging behind him.,"A young man in a red long-sleeved shirt sits in a locker room with red Detroit Red Wings jerseys hanging behind him, his head slightly tilted forward.",The person's head is slightly tilted forward.,,missing,0,D:/Datasets/ImgEdit/Parquet/action_part1.parquet,aSx9vGo8yZQ_segment_18_frame_0,person's head,person's head is slightly tilted forward,action,high,"The edit focuses on the person's head position, which is altered from neutral to slightly tilted forward.",Qwen/Qwen3-VL-2B-Instruct,,imgedit_00000818_00,imgedit_00000818_00.png
imgedit_00000819_00,imgedit,action,1Uzu_gC7g94_segment_0_frame_0.jpg,1Uzu_gC7g94_segment_0_frame_55.jpg,,"A man with a long white beard and gray shirt sits in a cluttered workshop, holding a small object in his hand.","A man with a long white beard and gray shirt sits in a cluttered workshop, clapping his hands together with both hands.",The man claps his hands together.,,missing,0,D:/Datasets/ImgEdit/Parquet/action_part1.parquet,1Uzu_gC7g94_segment_0_frame_0,man,clapping his hands together,action,high,"The man's hands are in a clapping position, indicating the action.",Qwen/Qwen3-VL-2B-Instruct,,imgedit_00000819_00,imgedit_00000819_00.png
imgedit_00000820_00,imgedit,action,kdca8rTk9G0_segment_1_frame_26.jpg,kdca8rTk9G0_segment_1_frame_81.jpg,,"A man with a beard sits in a music studio, surrounded by keyboards, synthesizers, and audio equipment.","A man with a beard sits in a music studio, lowering his hands and tilting his head slightly to the right.",The man lowers his hands and tilts his head slightly to the right.,,missing,0,D:/Datasets/ImgEdit/Parquet/action_part1.parquet,kdca8rTk9G0_segment_1_frame_26,man,man with lowered hands and tilted head,action,high,"The man's hands are lowered and his head is tilted to the right, which is consistent with the editing instruction. The scene context remains the same.",Qwen/Qwen3-VL-2B-Instruct,,imgedit_00000820_00,imgedit_00000820_00.png
imgedit_00000821_00,imgedit,action,hOyOP-DPFNU_segment_4_frame_0.jpg,hOyOP-DPFNU_segment_4_frame_55.jpg,,A man with gray hair and a beard looks down with a serious expression at another person.,"A man with gray hair and a beard looks down with a serious expression at another person, who is now wearing glasses.",The person lowers their head slightly.,,missing,0,D:/Datasets/ImgEdit/Parquet/action_part1.parquet,hOyOP-DPFNU_segment_4_frame_0,man,man with glasses,action,high,"The man's head is slightly lowered in the target image, indicating the action of lowering his head.",Qwen/Qwen3-VL-2B-Instruct,,imgedit_00000821_00,imgedit_00000821_00.png
imgedit_00000822_00,imgedit,action,BqiNb-1L9bo_segment_35_frame_28.jpg,BqiNb-1L9bo_segment_35_frame_78.jpg,,A man in a tuxedo stands in a dimly lit library with bookshelves in the background.,"A man in a tuxedo stands in a dimly lit library with bookshelves in the background, looking slightly to his right.","There is no change in the subject's action, pose, or facial expression.",,missing,0,D:/Datasets/ImgEdit/Parquet/action_part1.parquet,BqiNb-1L9bo_segment_35_frame_28,man,man,action,high,"The man's head turns slightly to his right, indicating a subtle change in his pose.",Qwen/Qwen3-VL-2B-Instruct,,imgedit_00000822_00,imgedit_00000822_00.png
imgedit_00000823_00,imgedit,action,sJt_mx3tu7c_segment_0_frame_0.jpg,sJt_mx3tu7c_segment_0_frame_55.jpg,,"A woman with long brown hair is shown in profile, looking to the right in a dimly lit room.","A woman with long brown hair is shown in profile, looking more to the right in a dimly lit room.",The person turns their head slightly more to the right.,,missing,0,D:/Datasets/ImgEdit/Parquet/action_part1.parquet,sJt_mx3tu7c_segment_0_frame_0,person,the person's head is slightly more turned to the right,action,high,"The person's head has been slightly repositioned to the right, consistent with the instruction.",Qwen/Qwen3-VL-2B-Instruct,,imgedit_00000823_00,imgedit_00000823_00.png
imgedit_00000824_00,imgedit,action,G6HLlTsc_2M_segment_0_frame_0.jpg,G6HLlTsc_2M_segment_0_frame_55.jpg,,"A woman with short blonde hair stands in front of a quilted wall, wearing a green cardigan over a black shirt with a logo, with her hands resting on a table.","A woman with short blonde hair stands in front of a quilted wall, wearing a green cardigan over a black shirt with a logo, with her hands loosely resting on a table, fingers slightly spread.",The person loosens her hands and changes her finger position while resting them on the table.,,missing,0,D:/Datasets/ImgEdit/Parquet/action_part1.parquet,G6HLlTsc_2M_segment_0_frame_0,person,person with loosened hands and changed finger position,action,high,"The edit focuses on the person's hands, specifically changing their position from a resting state to a more relaxed",Qwen/Qwen3-VL-2B-Instruct,,imgedit_00000824_00,imgedit_00000824_00.png
imgedit_00000825_00,imgedit,action,BqlGpremlfo_segment_40_frame_0.jpg,BqlGpremlfo_segment_40_frame_55.jpg,,A woman in a bright pink shirt smiles at the camera in a news studio with a cityscape background.,A woman in a bright pink shirt looks slightly to her left in a news studio with a cityscape background.,The woman shifts from looking straight ahead to slightly turning her head to the left.,,missing,0,D:/Datasets/ImgEdit/Parquet/action_part1.parquet,BqlGpremlfo_segment_40_frame_0,woman,woman looking slightly to her left,action,high,The woman's head position has been changed from straight ahead to slightly turned to the left.,Qwen/Qwen3-VL-2B-Instruct,,imgedit_00000825_00,imgedit_00000825_00.png
imgedit_00000826_00,imgedit,action,LsmWlkgahdg_segment_10_frame_142.jpg,LsmWlkgahdg_segment_10_frame_197.jpg,,A woman in a black dress is speaking on a stage with a purple background.,"A woman in a black dress is speaking on a stage with a purple background, moving her hands outward with palms open.",The woman moves her hands outward with palms open.,,missing,0,D:/Datasets/ImgEdit/Parquet/action_part1.parquet,LsmWlkgahdg_segment_10_frame_142,woman,woman with hands outward with palms open,action,high,"The woman's hands are in a different position in the target image, indicating the edit.",Qwen/Qwen3-VL-2B-Instruct,,imgedit_00000826_00,imgedit_00000826_00.png
imgedit_00000827_00,imgedit,action,5SYMwBWWyDA_segment_28_frame_0.jpg,5SYMwBWWyDA_segment_28_frame_55.jpg,,"A woman with red hair stands in a brightly lit room, wearing a patterned scarf and a sleeveless top, with her hands loosely clasped in front of her.","A woman with red hair stands in a brightly lit room, wearing a patterned scarf and a sleeveless top, with her hands tightly clasped together.",The woman moves her hands from loosely clasped in front of her to tightly clasped together.,,missing,0,D:/Datasets/ImgEdit/Parquet/action_part1.parquet,5SYMwBWWyDA_segment_28_frame_0,hands,tightly clasped together,action,high,The woman's hands are the only part of the image that has been altered; the rest of the scene remains unchanged.,Qwen/Qwen3-VL-2B-Instruct,,imgedit_00000827_00,imgedit_00000827_00.png
imgedit_00000828_00,imgedit,action,jubL7qSbepM_segment_0_frame_0.jpg,jubL7qSbepM_segment_0_frame_52.jpg,,A young girl with curly blonde hair and a yellow scarf stands in a colorful craft room with her hands open.,"A young girl with curly blonde hair and a yellow scarf stands in a colorful craft room with her hands raised, fingers forming pointing gestures.",The person changes from holding their hands up in an open gesture to raising their hands with fingers forming pointing gestures.,,missing,0,D:/Datasets/ImgEdit/Parquet/action_part1.parquet,jubL7qSbepM_segment_0_frame_0,hands,fingers forming pointing gestures,action,high,The hands are changed from an open gesture to a pointing gesture.,Qwen/Qwen3-VL-2B-Instruct,,imgedit_00000828_00,imgedit_00000828_00.png
imgedit_00000829_00,imgedit,action,SPuNttgf7ZM_segment_0_frame_0.jpg,SPuNttgf7ZM_segment_0_frame_55.jpg,,"A man in a green shirt stands in a kitchen, leaning on a wooden counter with ingredients for a recipe.","The man in the green shirt stands in a kitchen, leaning forward slightly with his arms on the counter, shifting his weight.","The man shifts his weight slightly forward, changing the position of his arms on the counter.",,missing,0,D:/Datasets/ImgEdit/Parquet/action_part1.parquet,SPuNttgf7ZM_segment_0_frame_0,man,man with arms on the counter,action,high,The man's posture has been adjusted to reflect a slight forward lean.,Qwen/Qwen3-VL-2B-Instruct,,imgedit_00000829_00,imgedit_00000829_00.png
imgedit_00000830_00,imgedit,action,sMO02fT9RSU_segment_2_frame_136.jpg,sMO02fT9RSU_segment_2_frame_191.jpg,,"An older man with glasses stands on a stage with a blue, geometric background.","An older man with glasses stands on a stage with a blue, geometric background, lowering his hand and adopting a neutral posture.",The man lowers his hand and adopts a neutral posture.,,missing,0,D:/Datasets/ImgEdit/Parquet/action_part1.parquet,sMO02fT9RSU_segment_2_frame_136,man,man with lowered hand and neutral posture,action,high,The man's hand is lowered and his posture is neutralized.,Qwen/Qwen3-VL-2B-Instruct,,imgedit_00000830_00,imgedit_00000830_00.png
imgedit_00000831_00,imgedit,action,LsA0uJzg1Kk_segment_1_frame_0.jpg,LsA0uJzg1Kk_segment_1_frame_55.jpg,,A man in a light blue shirt stands on a bridge with ornate buildings in the background.,"A man in a light blue shirt stands on a bridge with ornate buildings in the background, raising his right arm outward while holding a microphone in his left hand.",The person raises their right arm outward while holding a microphone in their left hand.,,missing,0,D:/Datasets/ImgEdit/Parquet/action_part1.parquet,LsA0uJzg1Kk_segment_1_frame_0,person,person raising right arm outward,action,high,"The person's right arm is extended outward, indicating a gesture of pointing or describing the surroundings.",Qwen/Qwen3-VL-2B-Instruct,,imgedit_00000831_00,imgedit_00000831_00.png
imgedit_00000832_00,imgedit,action,Rd-gq2c99_U_segment_0_frame_6.jpg,Rd-gq2c99_U_segment_0_frame_61.jpg,,A woman with long dark hair wearing a white shirt is speaking in a softly lit room.,"A woman with long dark hair wearing a white shirt is speaking in a softly lit room, tilting her head slightly backward.",The person tilts their head slightly backward.,,missing,0,D:/Datasets/ImgEdit/Parquet/action_part1.parquet,Rd-gq2c99_U_segment_0_frame_6,person,tilting her head backward,action,high,The person's head position has been changed from upright to slightly backward.,Qwen/Qwen3-VL-2B-Instruct,,imgedit_00000832_00,imgedit_00000832_00.png
imgedit_00000833_00,imgedit,action,c2dVQUeRLYM_segment_9_frame_0.jpg,c2dVQUeRLYM_segment_9_frame_55.jpg,,"A man with blond hair and sunglasses sits on a wooden bench by a marina, reading a piece of paper.","A man with blond hair and sunglasses sits on a wooden bench by a marina, reading a piece of paper and lowering his hand from his face.",The man lowers his hand from his face.,,missing,0,D:/Datasets/ImgEdit/Parquet/action_part1.parquet,c2dVQUeRLYM_segment_9_frame_0,man,man lowering his hand from his face,action,high,"The man's hand is raised to his face in the source image, but lowered in the target image. The edit is clear and consistent with the instruction.",Qwen/Qwen3-VL-2B-Instruct,,imgedit_00000833_00,imgedit_00000833_00.png
imgedit_00000834_00,imgedit,action,c2qgv-W-QBE_segment_14_frame_0.jpg,c2qgv-W-QBE_segment_14_frame_55.jpg,,"A man sits on a white couch, holding a cardboard box and looking at a black box on the table.","A man sits on a white couch, lowering a cardboard box towards the table.",A man lowers a cardboard box towards the table.,,missing,0,D:/Datasets/ImgEdit/Parquet/action_part1.parquet,c2qgv-W-QBE_segment_14_frame_0,cardboard box,cardboard box,action,high,"The man's posture and the box's position change, indicating the action of lowering the box.",Qwen/Qwen3-VL-2B-Instruct,,imgedit_00000834_00,imgedit_00000834_00.png
imgedit_00000835_00,imgedit,action,sMeSLNMXGDI_segment_29_frame_0.jpg,sMeSLNMXGDI_segment_29_frame_55.jpg,,A woman in a white t-shirt is cutting a large loaf of bread with a knife on a wooden cutting board in a bright kitchen.,A woman in a white t-shirt is cutting a large loaf of bread with a knife at a different angle on a wooden cutting board in a bright kitchen.,A woman changes the angle of the knife while cutting the bread.,,missing,0,D:/Datasets/ImgEdit/Parquet/action_part1.parquet,sMeSLNMXGDI_segment_29_frame_0,knife,knife,action,high,"The knife is angled differently in the target image, indicating a change in the cutting motion.",Qwen/Qwen3-VL-2B-Instruct,,imgedit_00000835_00,imgedit_00000835_00.png
imgedit_00000836_00,imgedit,action,jukxImvFdWQ_segment_12_frame_14.jpg,jukxImvFdWQ_segment_12_frame_68.jpg,,A man in a blue shirt is working on a sewing machine.,A man in a blue shirt is adjusting his shirt sleeve while working on a sewing machine.,The man adjusts his shirt sleeve by pulling it up.,,missing,0,D:/Datasets/ImgEdit/Parquet/action_part1.parquet,jukxImvFdWQ_segment_12_frame_14,shirt sleeve,pulled up,action,high,"The man's sleeve is visibly pulled up, indicating the action.",Qwen/Qwen3-VL-2B-Instruct,,imgedit_00000836_00,imgedit_00000836_00.png
imgedit_00000837_00,imgedit,action,BqfcYhWET4E_segment_0_frame_0.jpg,BqfcYhWET4E_segment_0_frame_55.jpg,,"A man with graying hair wearing a dark blue polo shirt stands outdoors in a park, with a tree and a bench in the background.","A man with graying hair wearing a dark blue polo shirt tilts his head slightly to the right, standing outdoors in a park, with a tree and a bench in the background.",The subject tilts their head slightly to the right.,,missing,0,D:/Datasets/ImgEdit/Parquet/action_part1.parquet,BqfcYhWET4E_segment_0_frame_0,man,man tilting his head slightly to the right,action,high,"The man's head position is altered to the right, matching the instruction.",Qwen/Qwen3-VL-2B-Instruct,,imgedit_00000837_00,imgedit_00000837_00.png
imgedit_00000838_00,imgedit,action,IFKdDurpmHA_segment_10_frame_0.jpg,IFKdDurpmHA_segment_10_frame_55.jpg,,A woman stands behind a podium with the Philippine flag beside her.,"A woman stands behind a podium with the Philippine flag beside her, placing her hand on her hip.",A woman places her hand on her hip while standing behind a podium.,,missing,0,D:/Datasets/ImgEdit/Parquet/action_part1.parquet,IFKdDurpmHA_segment_10_frame_0,woman,woman with her hand on her hip,action,high,"The woman's hand is placed on her hip in the target image, which is consistent with the original scene.",Qwen/Qwen3-VL-2B-Instruct,,imgedit_00000838_00,imgedit_00000838_00.png
imgedit_00000839_00,imgedit,action,hOzGmi-9raI_segment_22_frame_0.jpg,hOzGmi-9raI_segment_22_frame_55.jpg,,A man in a black shirt and grey shorts is swinging a golf club on a green golf course.,A man in a black shirt and grey shorts is extending his arms forward while holding a golf club on a green golf course.,The man extends his arms forward while holding the golf club.,,missing,0,D:/Datasets/ImgEdit/Parquet/action_part1.parquet,hOzGmi-9raI_segment_22_frame_0,man,man extending arms forward,action,high,"The man's arms are extended forward in the target image, indicating a different posture than in the source image.",Qwen/Qwen3-VL-2B-Instruct,,imgedit_00000839_00,imgedit_00000839_00.png
imgedit_00000840_00,imgedit,action,A7icTZ9V7fQ_segment_13_frame_16.jpg,A7icTZ9V7fQ_segment_13_frame_71.jpg,,"A man with a beard and short hair stands on a stage, speaking into a microphone, with a black screen displaying 'CNBA' behind him.","A man with a beard and short hair stands on a stage, speaking into a microphone, with a black screen displaying 'CNBA' behind him, but his gaze is slightly to the right and his left hand is lowered.",The person shifts their gaze slightly to the right and lowers their left hand.,,missing,0,D:/Datasets/ImgEdit/Parquet/action_part1.parquet,A7icTZ9V7fQ_segment_13_frame_16,person,person with lowered left hand and shifted gaze,action,high,The person's gaze and hand position have been modified to match the instruction.,Qwen/Qwen3-VL-2B-Instruct,,imgedit_00000840_00,imgedit_00000840_00.png
imgedit_00000841_00,imgedit,action,sP-OHXulhM4_segment_4_frame_28.jpg,sP-OHXulhM4_segment_4_frame_83.jpg,,A man in a black polo shirt is being interviewed by a woman on a balcony overlooking a sea.,"A man in a black polo shirt is being interviewed by a woman on a balcony overlooking a sea, with his hands clasped in front of him.",The man moves his hands from his sides to clasp them in front of him.,,missing,0,D:/Datasets/ImgEdit/Parquet/action_part1.parquet,sP-OHXulhM4_segment_4_frame_28,man,man with hands clasped in front of him,action,high,The man's hands are moved from his sides to clasp in front of him.,Qwen/Qwen3-VL-2B-Instruct,,imgedit_00000841_00,imgedit_00000841_00.png
imgedit_00000842_00,imgedit,action,sK8iCNsivyk_segment_16_frame_10.jpg,sK8iCNsivyk_segment_16_frame_65.jpg,,A woman with short blonde hair holds a glass bottle of dark liquid.,A woman with short blonde hair holds a glass bottle of dark liquid and raises her right hand with the index finger pointing upward.,The person raises their right hand with the index finger pointing upward.,,missing,0,D:/Datasets/ImgEdit/Parquet/action_part1.parquet,sK8iCNsivyk_segment_16_frame_10,person,person with raised right hand,action,high,The person's right hand is raised with the index finger pointing upward.,Qwen/Qwen3-VL-2B-Instruct,,imgedit_00000842_00,imgedit_00000842_00.png
imgedit_00000843_00,imgedit,action,xWbc6fUm0-Y_segment_1_frame_0.jpg,xWbc6fUm0-Y_segment_1_frame_55.jpg,,A makeup artist applies makeup to a woman's face with a brush and palette.,A makeup artist applies makeup to a woman's neck as she lowers her chin.,A person lowers their chin as makeup is applied to their neck.,,missing,0,D:/Datasets/ImgEdit/Parquet/action_part1.parquet,xWbc6fUm0-Y_segment_1_frame_0,woman,woman's neck,action,high,"The woman's chin is lowered during the makeup application, changing the focus of the action from the face to the neck.",Qwen/Qwen3-VL-2B-Instruct,,imgedit_00000843_00,imgedit_00000843_00.png
imgedit_00000844_00,imgedit,action,_FC0fn1erFA_segment_12_frame_86.jpg,_FC0fn1erFA_segment_12_frame_141.jpg,,"A man with blond hair wearing a grey t-shirt stands in a modern kitchen, gesturing with his hands near a blender and a jar of ingredients.","A man with blond hair wearing a grey t-shirt stands in a modern kitchen, clenching his right hand into a fist while gesturing with his left hand near a blender and a jar of ingredients.",The person clenches their right hand into a fist.,,missing,0,D:/Datasets/ImgEdit/Parquet/action_part1.parquet,_FC0fn1erFA_segment_12_frame_86,person,clenching his right hand into a fist,action,high,"The person's right hand is changed from an open gesture to a clenched fist, which is consistent with the instruction.",Qwen/Qwen3-VL-2B-Instruct,,imgedit_00000844_00,imgedit_00000844_00.png
imgedit_00000845_00,imgedit,action,aJgC7FsJjA0_segment_7_frame_0.jpg,aJgC7FsJjA0_segment_7_frame_55.jpg,,A blonde doll with glasses stands in front of blue lockers.,"A blonde doll with glasses stands in front of blue lockers, tilting her head to a straight position.",The person tilts their head to a straight position.,,missing,0,D:/Datasets/ImgEdit/Parquet/action_part1.parquet,aJgC7FsJjA0_segment_7_frame_0,the person,the person with a straight head,action,high,"The doll's head is tilted in the source image, but the instruction specifies a straight position. The edit is a change in the doll's head orientation, which is consistent with the instruction.",Qwen/Qwen3-VL-2B-Instruct,,imgedit_00000845_00,imgedit_00000845_00.png
imgedit_00000846_00,imgedit,action,ECYFSwUtr_s_segment_17_frame_0.jpg,ECYFSwUtr_s_segment_17_frame_55.jpg,,A man in a kitchen wearing a white shirt and blue apron holds a white bowl in his left hand and gestures with his right hand.,A man in a kitchen wearing a white shirt and blue apron holds a white bowl in his left hand and uses a brush to apply something to a wooden board while looking down.,The man moves from holding a bowl to brushing an object while holding two bowls.,,missing,0,D:/Datasets/ImgEdit/Parquet/action_part1.parquet,ECYFSwUtr_s_segment_17_frame_0,man,man brushing an object,action,high,"The man's action changes from holding a bowl to brushing an object, with the bowl still in his hand.",Qwen/Qwen3-VL-2B-Instruct,,imgedit_00000846_00,imgedit_00000846_00.png
imgedit_00000847_00,imgedit,action,6JjC2-JNi1I_segment_5_frame_126.jpg,6JjC2-JNi1I_segment_5_frame_181.jpg,,A person with dark hair stands next to a person lying on the ground in a grassy field with a treehouse and a wall in the background.,A person with dark hair walks closer to a person lying on the ground in a grassy field with a treehouse and a wall in the background.,A person walks closer to another person lying on the ground.,,missing,0,D:/Datasets/ImgEdit/Parquet/action_part1.parquet,6JjC2-JNi1I_segment_5_frame_126,person,walking,action,high,"The person's posture and position have changed from standing to walking, indicating a movement towards the person on the ground.",Qwen/Qwen3-VL-2B-Instruct,,imgedit_00000847_00,imgedit_00000847_00.png
imgedit_00000848_00,imgedit,action,xcYu2IIHWqA_segment_0_frame_0.jpg,xcYu2IIHWqA_segment_0_frame_55.jpg,,"A man with a beard and glasses stands in front of a dark background, wearing a t-shirt with the word 'WIT' on it and gesturing with his hands.","A man with a beard and glasses stands in front of a dark background, wearing a t-shirt with the word 'WIT' on it and shifting his head slightly to the right while gesturing with his hands.",The person shifts their head slightly to the right.,,missing,0,D:/Datasets/ImgEdit/Parquet/action_part1.parquet,xcYu2IIHWqA_segment_0_frame_0,person,person shifting his head slightly to the right,action,high,The person's head position has been adjusted to the right.,Qwen/Qwen3-VL-2B-Instruct,,imgedit_00000848_00,imgedit_00000848_00.png
imgedit_00000849_00,imgedit,action,cGtpr8N8Xbc_segment_66_frame_0.jpg,cGtpr8N8Xbc_segment_66_frame_55.jpg,,A close-up of a woman adjusting her glasses with her hand.,"A close-up of a woman adjusting her glasses with her hand, now with a pearl earring visible on her ear.",The person adjusts their glasses.,,missing,0,D:/Datasets/ImgEdit/Parquet/action_part1.parquet,cGtpr8N8Xbc_segment_66_frame_0,glasses,glasses with a pearl earring,action,high,"The earring is added to the woman's ear, consistent with the action of adjusting her glasses.",Qwen/Qwen3-VL-2B-Instruct,,imgedit_00000849_00,imgedit_00000849_00.png
imgedit_00000850_00,imgedit,action,sMJPabzgJ4k_segment_5_frame_0.jpg,sMJPabzgJ4k_segment_5_frame_55.jpg,,"A woman with brown hair wearing a blue top and a pearl necklace stands against a black background, gesturing with her hands.","A woman with brown hair wearing a blue top and a pearl necklace stands against a black background, raising her right hand while lowering her left hand.",The woman raises her right hand while lowering her left hand.,,missing,0,D:/Datasets/ImgEdit/Parquet/action_part1.parquet,sMJPabzgJ4k_segment_5_frame_0,woman,woman raising her right hand while lowering her left hand,action,high,"The woman's right hand is raised and her left hand is lowered, indicating a specific gesture.",Qwen/Qwen3-VL-2B-Instruct,,imgedit_00000850_00,imgedit_00000850_00.png
imgedit_00000851_00,imgedit,action,xWYUM9rpO90_segment_249_frame_4.jpg,xWYUM9rpO90_segment_249_frame_59.jpg,,"A boy and a girl are at a colorful outdoor stage in front of a blue house, with the girl standing on a bench.","A boy and a girl are at a colorful outdoor stage in front of a blue house, with the girl standing on a bench and spreading her arms wide.",The girl spreads her arms wide while standing on the bench.,,missing,0,D:/Datasets/ImgEdit/Parquet/action_part1.parquet,xWYUM9rpO90_segment_249_frame_4,girl,spreading her arms wide,action,high,"The girl's arms are spread wide, indicating an action change from a neutral stance to a more expressive one.",Qwen/Qwen3-VL-2B-Instruct,,imgedit_00000851_00,imgedit_00000851_00.png
imgedit_00000852_00,imgedit,action,Bqt8mY5Zb_E_segment_7_frame_38.jpg,Bqt8mY5Zb_E_segment_7_frame_88.jpg,,"A young man is sitting on a chair in a music studio, playing a guitar and holding a music stand.","A young man is sitting on a chair in a music studio, playing a guitar and extending his right leg forward.",The person extends their right leg forward while playing the guitar.,,missing,0,D:/Datasets/ImgEdit/Parquet/action_part1.parquet,Bqt8mY5Zb_E_segment_7_frame_38,person,person extending right leg forward,action,high,"The person's right leg is extended forward, with the foot resting on the floor, while continuing to play the guitar.",Qwen/Qwen3-VL-2B-Instruct,,imgedit_00000852_00,imgedit_00000852_00.png
imgedit_00000853_00,imgedit,action,zAWPKLhbPAs_segment_0_frame_0.jpg,zAWPKLhbPAs_segment_0_frame_55.jpg,,"A person with red hair wearing a white t-shirt is standing in front of a wall with a laptop, a mug, and a cat on a shelf behind them.","A person with red hair wearing a white t-shirt is standing in front of a wall with a laptop, a mug, and a cat on a shelf behind them, gesturing with their right hand, fingers curled.",The person changes the position of their right hand from open and facing upward to gesturing with fingers curled.,,missing,0,D:/Datasets/ImgEdit/Parquet/action_part1.parquet,zAWPKLhbPAs_segment_0_frame_0,person's right hand,gesturing with fingers curled,action,high,"The person's right hand changes from an open, upward-facing position to a curled gesture.",Qwen/Qwen3-VL-2B-Instruct,,imgedit_00000853_00,imgedit_00000853_00.png
imgedit_00000854_00,imgedit,action,sJqUktjMcRY_segment_10_frame_62.jpg,sJqUktjMcRY_segment_10_frame_117.jpg,,"A football player wearing a purple Baltimore Ravens jersey with the number 3 on the front, standing against a plain gray background.","A football player wearing a purple Baltimore Ravens jersey with the number 3 on the front, standing against a plain gray background, with their head lowered slightly.",The person lowers their head slightly.,,missing,0,D:/Datasets/ImgEdit/Parquet/action_part1.parquet,sJqUktjMcRY_segment_10_frame_62,person,person with lowered head,action,high,The person's head is slightly lower in the target image compared to the source image.,Qwen/Qwen3-VL-2B-Instruct,,imgedit_00000854_00,imgedit_00000854_00.png
imgedit_00000855_00,imgedit,action,paeLLoAGcWw_segment_6_frame_0.jpg,paeLLoAGcWw_segment_6_frame_50.jpg,,A bartender in a vest is pouring a drink from a glass into a jigger.,A bartender in a vest is lifting the glass higher while pouring a drink from a glass into a jigger.,The man lifts the glass higher while pouring into the jigger.,,missing,0,D:/Datasets/ImgEdit/Parquet/action_part1.parquet,paeLLoAGcWw_segment_6_frame_0,the glass,the glass is lifted higher,action,high,The man's hand position and the glass's height have changed to reflect the new action.,Qwen/Qwen3-VL-2B-Instruct,,imgedit_00000855_00,imgedit_00000855_00.png
imgedit_00000856_00,imgedit,action,Br0pOSCCKaQ_segment_4_frame_0.jpg,Br0pOSCCKaQ_segment_4_frame_55.jpg,,"A hand holds a figurine of a pink-haired anime girl in a purple dress, sitting on a beige couch with her legs crossed, holding a phone.","A hand holds a figurine of a pink-haired anime girl in a purple dress, sitting on a beige couch with one leg extended, holding a phone.",The figure changes from sitting with crossed legs to sitting with one leg extended.,,missing,0,D:/Datasets/ImgEdit/Parquet/action_part1.parquet,Br0pOSCCKaQ_segment_4_frame_0,the figurine,the figurine with one leg extended,action,high,The figurine's leg position is changed from crossed to extended.,Qwen/Qwen3-VL-2B-Instruct,,imgedit_00000856_00,imgedit_00000856_00.png
imgedit_00000857_00,imgedit,action,pwQZTGU8B4M_segment_36_frame_0.jpg,pwQZTGU8B4M_segment_36_frame_55.jpg,,A woman in a kitchen is stirring a mixture in a bowl with a spoon.,A woman in a kitchen is stirring a mixture in a bowl more slowly while looking down at the bowl.,A woman stirs the mixture more slowly while looking down at the bowl.,,missing,0,D:/Datasets/ImgEdit/Parquet/action_part1.parquet,pwQZTGU8B4M_segment_36_frame_0,woman,woman stirring mixture more slowly while looking down at the bowl,action,high,The woman's gaze and the motion of stirring are both altered to reflect the new action of looking down and stirring more slowly.,Qwen/Qwen3-VL-2B-Instruct,,imgedit_00000857_00,imgedit_00000857_00.png
imgedit_00000858_00,imgedit,action,ZWaNqUBshDY_segment_2_frame_0.jpg,ZWaNqUBshDY_segment_2_frame_55.jpg,,A woman with long dark hair and a floral top stands in front of a floral arrangement.,A woman with long dark hair tilts her head slightly to the side and wears a floral top.,The woman tilts her head slightly to the side.,,missing,0,D:/Datasets/ImgEdit/Parquet/action_part1.parquet,ZWaNqUBshDY_segment_2_frame_0,woman,tilting her head,action,high,The woman's head position is changed from neutral to slightly tilted.,Qwen/Qwen3-VL-2B-Instruct,,imgedit_00000858_00,imgedit_00000858_00.png
imgedit_00000859_00,imgedit,action,sJrO2-F5m_M_segment_40_frame_0.jpg,sJrO2-F5m_M_segment_40_frame_55.jpg,,"A woman with blonde hair wearing an orange prison uniform stands in a dimly lit cell, looking to her left.","A woman with blonde hair wearing an orange prison uniform turns her head to face the right, her expression serious.",The person turns their head from facing left to facing right.,,missing,0,D:/Datasets/ImgEdit/Parquet/action_part1.parquet,sJrO2-F5m_M_segment_40_frame_0,woman,woman turning her head to face right,action,high,The woman's head position has been changed from facing left to facing right.,Qwen/Qwen3-VL-2B-Instruct,,imgedit_00000859_00,imgedit_00000859_00.png
imgedit_00000860_00,imgedit,action,R130kL-UCaA_segment_5_frame_86.jpg,R130kL-UCaA_segment_5_frame_141.jpg,,A man with curly hair and glasses is waving his hand while sitting at a desk with a laptop.,"A man with curly hair and glasses is sitting at a desk with a laptop, lowering his raised hand.",The person lowers their raised hand from a waving position.,,missing,0,D:/Datasets/ImgEdit/Parquet/action_part1.parquet,R130kL-UCaA_segment_5_frame_86,hand,lowered hand,action,high,"The hand is in a waving position in the source image, but is lowered in the target image.",Qwen/Qwen3-VL-2B-Instruct,,imgedit_00000860_00,imgedit_00000860_00.png
imgedit_00000861_00,imgedit,action,6JQSUs0GiUo_segment_70_frame_0.jpg,6JQSUs0GiUo_segment_70_frame_55.jpg,,"A man with red hair and a green shirt sits in a prison cell, looking out through the bars.","A man with red hair and a green shirt sits in a prison cell, looking out through the bars, with his left foot slightly forward and his left hand resting on the floor.",The person moves one hand and foot slightly forward.,,missing,0,D:/Datasets/ImgEdit/Parquet/action_part1.parquet,6JQSUs0GiUo_segment_70_frame_0,person,person with one hand and foot slightly forward,action,high,The person's position is adjusted to match the instruction.,Qwen/Qwen3-VL-2B-Instruct,,imgedit_00000861_00,imgedit_00000861_00.png
imgedit_00000862_00,imgedit,action,OScQdDhzgp0_segment_16_frame_0.jpg,OScQdDhzgp0_segment_16_frame_55.jpg,,"A man in a light-colored shirt and cap is standing in muddy water, holding a large snake with a patterned body.","A man in a light-colored shirt and cap is standing in muddy water, adjusting his grip on a large snake, holding its body lower and more extended.","The man adjusts his grip on the snake, holding its body lower and more extended.",,missing,0,D:/Datasets/ImgEdit/Parquet/action_part1.parquet,OScQdDhzgp0_segment_16_frame_0,man and snake,man holding snake with lower body extended,action,high,"The man's grip on the snake has been altered to make the snake's body appear more extended, with the man's hands positioned to support the snake's lower body.",Qwen/Qwen3-VL-2B-Instruct,,imgedit_00000862_00,imgedit_00000862_00.png
imgedit_00000863_00,imgedit,action,ylDchdrCtxI_segment_8_frame_184.jpg,ylDchdrCtxI_segment_8_frame_239.jpg,,A woman with blonde hair is running on a treadmill in a gym.,"A woman with blonde hair is running on a treadmill in a gym, adjusting her head position.",A woman adjusts her head position while running on a treadmill.,,missing,0,D:/Datasets/ImgEdit/Parquet/action_part1.parquet,ylDchdrCtxI_segment_8_frame_184,woman,woman adjusting her head position,action,high,The woman's head position has been altered to show she is adjusting it while running.,Qwen/Qwen3-VL-2B-Instruct,,imgedit_00000863_00,imgedit_00000863_00.png
imgedit_00000864_00,imgedit,action,LssPaP46LvQ_segment_19_frame_0.jpg,LssPaP46LvQ_segment_19_frame_55.jpg,,A woman with long brown hair wearing a blue patterned shirt stands in a kitchen with a white tiled backsplash and various kitchen items on the counter behind her.,A woman with long brown hair wearing a blue patterned shirt tilts her head slightly backward in a kitchen with a white tiled backsplash and various kitchen items on the counter behind her.,The person tilts their head slightly backward.,,missing,0,D:/Datasets/ImgEdit/Parquet/action_part1.parquet,LssPaP46LvQ_segment_19_frame_0,person,tilting her head backward,action,high,The person's head position is changed from upright to slightly backward.,Qwen/Qwen3-VL-2B-Instruct,,imgedit_00000864_00,imgedit_00000864_00.png
imgedit_00000865_00,imgedit,action,LsLLYhAZ87c_segment_18_frame_28.jpg,LsLLYhAZ87c_segment_18_frame_83.jpg,,"A man is kneeling in a forest next to a stone structure, tending a small fire.","A man is kneeling in a forest next to a stone structure, adjusting a stick in the fire.",The person adjusts a stick in the fire.,,missing,0,D:/Datasets/ImgEdit/Parquet/action_part1.parquet,LsLLYhAZ87c_segment_18_frame_28,the man,the man adjusting a stick in the fire,action,high,"The man's hand is visible near the fire, and he is holding a stick that is being adjusted.",Qwen/Qwen3-VL-2B-Instruct,,imgedit_00000865_00,imgedit_00000865_00.png
imgedit_00000866_00,imgedit,action,OSfHrX3ETkc_segment_7_frame_0.jpg,OSfHrX3ETkc_segment_7_frame_55.jpg,,A young man with dark hair smiles at the camera while being interviewed on an ice rink.,A young man with dark hair turns his head slightly to the right while being interviewed on an ice rink.,The person turns their head slightly to the right.,,missing,0,D:/Datasets/ImgEdit/Parquet/action_part1.parquet,OSfHrX3ETkc_segment_7_frame_0,the person,the person turns their head slightly to the right,action,high,The person's head position is adjusted to match the instruction.,Qwen/Qwen3-VL-2B-Instruct,,imgedit_00000866_00,imgedit_00000866_00.png
imgedit_00000867_00,imgedit,action,WCFQBRNrjIs_segment_10_frame_0.jpg,WCFQBRNrjIs_segment_10_frame_55.jpg,,"A man in a black shirt and a blue and white baseball cap is sitting at a table, holding a black object and looking at it.","A man in a black shirt and a blue and white baseball cap is sitting at a table, holding a black object and looking at it with his hands raised near his chest.",The person shifts the held object from a lowered position near the table to a raised position near their chest.,,missing,0,D:/Datasets/ImgEdit/Parquet/action_part1.parquet,WCFQBRNrjIs_segment_10_frame_0,the held object,the held object with the hands raised near the chest,action,high,The object is held at a lower position in the source and is raised near the chest in the target.,Qwen/Qwen3-VL-2B-Instruct,,imgedit_00000867_00,imgedit_00000867_00.png
imgedit_00000868_00,imgedit,action,pb1lkYs7QYs_segment_14_frame_0.jpg,pb1lkYs7QYs_segment_14_frame_55.jpg,,"A man with a beard and a cowboy hat stands in a kitchen, holding a metal grater.","A man with a beard and a cowboy hat stands in a kitchen, lifting a metal grater by its handle.",A man lifts a metal container by its handle.,,missing,0,D:/Datasets/ImgEdit/Parquet/action_part1.parquet,pb1lkYs7QYs_segment_14_frame_0,metal container,man lifting metal container,action,high,"The man's hand is shown gripping the handle of the metal container, indicating the action of lifting it. The container is positioned on a tray in front of him.",Qwen/Qwen3-VL-2B-Instruct,,imgedit_00000868_00,imgedit_00000868_00.png
imgedit_00000869_00,imgedit,action,Hta4cfaLjpw_segment_5_frame_0.jpg,Hta4cfaLjpw_segment_5_frame_55.jpg,,A man with dark hair and glasses stands in front of a brick wall with a potted plant to his left.,"A man with dark hair and glasses tilts his head slightly to the right, standing in front of a brick wall with a potted plant to his left.",The person tilts his head slightly to the right.,,missing,0,D:/Datasets/ImgEdit/Parquet/action_part1.parquet,Hta4cfaLjpw_segment_5_frame_0,person,tilting his head slightly to the right,action,high,The person's head position has been adjusted to the right.,Qwen/Qwen3-VL-2B-Instruct,,imgedit_00000869_00,imgedit_00000869_00.png
imgedit_00000870_00,imgedit,action,sJu84h-KLMg_segment_11_frame_0.jpg,sJu84h-KLMg_segment_11_frame_55.jpg,,"A man with glasses stands in a park, wearing a plaid shirt over a red t-shirt, holding a phone in his left hand.","A man with glasses stands in a park, wearing a plaid shirt over a red t-shirt, raising his right hand slightly while holding a phone in his left hand.",The person raises their right hand slightly.,,missing,0,D:/Datasets/ImgEdit/Parquet/action_part1.parquet,sJu84h-KLMg_segment_11_frame_0,person,person raising their right hand slightly,action,high,"The person's right hand is raised slightly in the target image, which is consistent with the instruction.",Qwen/Qwen3-VL-2B-Instruct,,imgedit_00000870_00,imgedit_00000870_00.png
imgedit_00000871_00,imgedit,action,1VNdejeGEtw_segment_15_frame_0.jpg,1VNdejeGEtw_segment_15_frame_55.jpg,,A woman with blonde hair and a black headband is applying makeup to her eye with a brush.,"A woman with blonde hair and a black headband is applying makeup to her eye with a brush, but her hand has moved away from her face.",The person moves their hand away from their face.,,missing,0,D:/Datasets/ImgEdit/Parquet/action_part1.parquet,1VNdejeGEtw_segment_15_frame_0,hand,hand,action,high,"The hand is in the same position in both images, but the action of applying makeup has been altered. The hand is not touching the face in the target image.",Qwen/Qwen3-VL-2B-Instruct,,imgedit_00000871_00,imgedit_00000871_00.png
imgedit_00000872_00,imgedit,action,_FGL-O2ga9s_segment_74_frame_6.jpg,_FGL-O2ga9s_segment_74_frame_61.jpg,,"A young girl with blonde hair and a red headband is sitting in a control room, waving her hand.","A young girl with blonde hair and a red headband is sitting in a control room, lowering her raised hand.",The person lowers their raised hand.,,missing,0,D:/Datasets/ImgEdit/Parquet/action_part1.parquet,_FGL-O2ga9s_segment_74_frame_6,person,person with lowered hand,action,high,The person's hand is raised in the source image and lowered in the target image.,Qwen/Qwen3-VL-2B-Instruct,,imgedit_00000872_00,imgedit_00000872_00.png
imgedit_00000873_00,imgedit,action,aONpB1yOlpE_segment_7_frame_23.jpg,aONpB1yOlpE_segment_7_frame_78.jpg,,A man wearing ear protection is using a miter saw to cut a piece of wood on a workbench in a cluttered workshop.,A man wearing ear protection is lowering the saw blade of a miter saw to cut a piece of wood on a workbench in a cluttered workshop.,A man lowers the saw blade to cut the wood.,,missing,0,D:/Datasets/ImgEdit/Parquet/action_part1.parquet,aONpB1yOlpE_segment_7_frame_23,saw blade,lowered,action,high,"The edit focuses on the movement of the saw blade, specifically its lowering to make the cut. The man's posture and the position of the wood remain consistent with the original image.",Qwen/Qwen3-VL-2B-Instruct,,imgedit_00000873_00,imgedit_00000873_00.png
imgedit_00000874_00,imgedit,action,ntyMpXSbG4g_segment_0_frame_0.jpg,ntyMpXSbG4g_segment_0_frame_55.jpg,,A woman in a kitchen stands with her arm extended towards a stand mixer.,"A woman in a kitchen stands with her arm lowered to her side, resting on the counter.",The woman lowers her extended arm to her side.,,missing,0,D:/Datasets/ImgEdit/Parquet/action_part1.parquet,ntyMpXSbG4g_segment_0_frame_0,woman's arm,arm lowered to her side,action,high,"The woman's arm is the only part that changes, and the rest of the scene remains consistent.",Qwen/Qwen3-VL-2B-Instruct,,imgedit_00000874_00,imgedit_00000874_00.png
imgedit_00000875_00,imgedit,action,R0Ok5hg-_JU_segment_10_frame_24.jpg,R0Ok5hg-_JU_segment_10_frame_79.jpg,,"A woman in a red shirt stands in a kitchen, preparing food with a large green bowl and a pile of chopped onions on a wooden cutting board.","A woman in a red shirt stands in a kitchen, raising both her hands with fingers spread apart, as if excited or surprised.",A woman raises both her hands with fingers spread apart.,,missing,0,D:/Datasets/ImgEdit/Parquet/action_part1.parquet,R0Ok5hg-_JU_segment_10_frame_24,woman,raising both hands with fingers spread apart,action,high,"The woman's hands are raised and spread apart, indicating an action of excitement or surprise, which is consistent with the original pose.",Qwen/Qwen3-VL-2B-Instruct,,imgedit_00000875_00,imgedit_00000875_00.png
imgedit_00000876_00,imgedit,action,RekTdKi-dYs_segment_14_frame_12.jpg,RekTdKi-dYs_segment_14_frame_67.jpg,,A news anchor in a suit gestures with both hands open in front of him while sitting at a desk in a newsroom.,"A news anchor in a suit points with his right hand while his left hand rests on his right arm, seated at a desk in a newsroom.",The man changes from gesturing with both hands open in front of him to pointing with his right hand while his left hand rests on his right arm.,,missing,0,D:/Datasets/ImgEdit/Parquet/action_part1.parquet,RekTdKi-dYs_segment_14_frame_12,man,man pointing with his right hand,action,high,The man's gesture changes from open-handed to pointing with his right hand.,Qwen/Qwen3-VL-2B-Instruct,,imgedit_00000876_00,imgedit_00000876_00.png
imgedit_00000877_00,imgedit,action,xWdSRaFVyoY_segment_16_frame_0.jpg,xWdSRaFVyoY_segment_16_frame_55.jpg,,A man in a green jacket with yellow stripes looks down at something in his hands.,"A man in a green jacket with yellow stripes tilts his head slightly more downward, looking down at something in his hands.",The person tilts their head slightly more downward.,,missing,0,D:/Datasets/ImgEdit/Parquet/action_part1.parquet,xWdSRaFVyoY_segment_16_frame_0,the man's head,the man's head tilted more downward,action,high,"The head tilt is the only change, with the rest of the scene remaining consistent.",Qwen/Qwen3-VL-2B-Instruct,,imgedit_00000877_00,imgedit_00000877_00.png
imgedit_00000878_00,imgedit,action,u0dTmpzI0XY_segment_48_frame_0.jpg,u0dTmpzI0XY_segment_48_frame_55.jpg,,An older man in a dark suit and red striped tie is sitting in a chair with a teal background.,"An older man in a dark suit and red striped tie is sitting in a chair, turning his head slightly to the right with a serious expression.",The person turns their head slightly to the right.,,missing,0,D:/Datasets/ImgEdit/Parquet/action_part1.parquet,u0dTmpzI0XY_segment_48_frame_0,person,person with turned head,action,high,"The person's head is slightly turned to the right in the target image, which is consistent with the instruction.",Qwen/Qwen3-VL-2B-Instruct,,imgedit_00000878_00,imgedit_00000878_00.png
imgedit_00000879_00,imgedit,action,Zlgx3Ah3se4_segment_0_frame_144.jpg,Zlgx3Ah3se4_segment_0_frame_199.jpg,,"A man in a white and blue polo shirt is sitting at a desk, holding a smartphone in his right hand and looking at it.","A man in a white and blue polo shirt is sitting at a desk, raising his right arm higher while holding a smartphone in his right hand and looking at it.",A man raises his arm higher while holding a phone.,,missing,0,D:/Datasets/ImgEdit/Parquet/action_part1.parquet,Zlgx3Ah3se4_segment_0_frame_144,man,man raising his arm higher,action,high,The man's arm is raised higher in the target image compared to the source image.,Qwen/Qwen3-VL-2B-Instruct,,imgedit_00000879_00,imgedit_00000879_00.png
imgedit_00000880_00,imgedit,action,dhhg3wWkFVY_segment_26_frame_166.jpg,dhhg3wWkFVY_segment_26_frame_221.jpg,,"A woman with long blonde hair stands by a swimming pool, wearing a red bikini.","A woman with long blonde hair stands by a swimming pool, lifting her hands to adjust her hair.",A woman lifts her hands to adjust her hair.,,missing,0,D:/Datasets/ImgEdit/Parquet/action_part1.parquet,dhhg3wWkFVY_segment_26_frame_166,woman,woman lifting her hands to adjust her hair,action,high,"The woman's hands are raised to her hair in the target image, which is consistent with the instruction to lift her hands to adjust her hair. The source image shows her hands not raised.",Qwen/Qwen3-VL-2B-Instruct,,imgedit_00000880_00,imgedit_00000880_00.png
imgedit_00000881_00,imgedit,action,g3t4TQS4t7A_segment_45_frame_140.jpg,g3t4TQS4t7A_segment_45_frame_195.jpg,,A man in a blue shirt and a purple cap stands in front of a digitally rendered image of the Great Wall of China.,"A man in a blue shirt and a purple cap stands in front of a digitally rendered image of the Great Wall of China, raising and moving his hands in front of his chest.",The man raises and moves his hands in front of his chest.,,missing,0,D:/Datasets/ImgEdit/Parquet/action_part1.parquet,g3t4TQS4t7A_segment_45_frame_140,man,man with raised hands,action,high,"The man's hands are in motion, indicating an action of raising and moving them. The background remains unchanged.",Qwen/Qwen3-VL-2B-Instruct,,imgedit_00000881_00,imgedit_00000881_00.png
imgedit_00000882_00,imgedit,action,ZW5RnvFFKko_segment_59_frame_0.jpg,ZW5RnvFFKko_segment_59_frame_55.jpg,,"A man in a red hoodie and black cap stands in a modern office, holding a torn piece of cardboard and gesturing with his hands.","A man in a red hoodie and black cap stands in a modern office, opening a cardboard box and examining its contents.",The person shifts from holding a torn cardboard piece to opening and examining the contents inside a box.,,missing,0,D:/Datasets/ImgEdit/Parquet/action_part1.parquet,ZW5RnvFFKko_segment_59_frame_0,the man,the man opening a box,action,high,"The man's hand position and the cardboard piece are consistent with the source image, and the box is now open in the target image, showing the contents inside.",Qwen/Qwen3-VL-2B-Instruct,,imgedit_00000882_00,imgedit_00000882_00.png
imgedit_00000883_00,imgedit,action,KlDcxogZdLM_segment_29_frame_0.jpg,KlDcxogZdLM_segment_29_frame_54.jpg,,"A cyclist in a red and black jersey stands next to a red road bike on a paved road, with a lush pink flower bed behind him.","A cyclist in a red and black jersey stands next to a red road bike on a paved road, with a lush pink flower bed behind him, and points downwards with his right hand.",A cyclist points downwards while standing next to the bike.,,missing,0,D:/Datasets/ImgEdit/Parquet/action_part1.parquet,KlDcxogZdLM_segment_29_frame_0,cyclist,cyclist points downwards,action,high,The cyclist's hand position changes from resting on the bike to pointing downwards.,Qwen/Qwen3-VL-2B-Instruct,,imgedit_00000883_00,imgedit_00000883_00.png
imgedit_00000884_00,imgedit,action,ODyIU8_izDo_segment_7_frame_0.jpg,ODyIU8_izDo_segment_7_frame_55.jpg,,A woman in a kitchen is cutting a slice of bread with a knife on a plate.,A woman in a kitchen is lowering her knife closer to the plate while cutting a slice of bread.,The woman lowers her knife closer to the plate.,,missing,0,D:/Datasets/ImgEdit/Parquet/action_part1.parquet,ODyIU8_izDo_segment_7_frame_0,knife,lowering her knife closer to the plate,action,high,"The knife is positioned more towards the plate, indicating a downward movement.",Qwen/Qwen3-VL-2B-Instruct,,imgedit_00000884_00,imgedit_00000884_00.png
imgedit_00000885_00,imgedit,action,xTZfAR55ly4_segment_48_frame_8.jpg,xTZfAR55ly4_segment_48_frame_63.jpg,,A man in a white shirt and glasses is speaking in a workshop.,A man in a white shirt and glasses is speaking in a workshop with his hand lowered.,The person lowers their raised hand.,,missing,0,D:/Datasets/ImgEdit/Parquet/action_part1.parquet,xTZfAR55ly4_segment_48_frame_8,hand,lowered hand,action,high,The hand is raised in the source and lowered in the target.,Qwen/Qwen3-VL-2B-Instruct,,imgedit_00000885_00,imgedit_00000885_00.png
imgedit_00000886_00,imgedit,action,70mAJ-1QpT0_segment_72_frame_4.jpg,70mAJ-1QpT0_segment_72_frame_59.jpg,,"A close-up of a muscular man with a grim expression, wearing a red and white patterned garment, in a dimly lit environment.","A close-up of a muscular man with a grim expression, tilting his head slightly to the right, wearing a red and white patterned garment, in a dimly lit environment.",The person tilts their head slightly to the right.,,missing,0,D:/Datasets/ImgEdit/Parquet/action_part1.parquet,70mAJ-1QpT0_segment_72_frame_4,man,man tilting his head slightly to the right,action,high,The man's head is slightly tilted to the right in the target image compared to the original.,Qwen/Qwen3-VL-2B-Instruct,,imgedit_00000886_00,imgedit_00000886_00.png
imgedit_00000887_00,imgedit,action,BrJtdo53FJc_segment_19_frame_0.jpg,BrJtdo53FJc_segment_19_frame_54.jpg,,A man with glasses and a beard wearing a blue denim shirt is sitting in a dimly lit room with a large illuminated 'R' sign on the left.,"A man with glasses and a beard wearing a blue denim shirt is sitting in a dimly lit room with a large illuminated 'R' sign on the left, turning his head slightly to the right.",The man turns his head slightly to the right.,,missing,0,D:/Datasets/ImgEdit/Parquet/action_part1.parquet,BrJtdo53FJc_segment_19_frame_0,man,man turning his head slightly to the right,action,high,"The man's head position changes from facing forward to slightly turned right, which is consistent with the editing instruction.",Qwen/Qwen3-VL-2B-Instruct,,imgedit_00000887_00,imgedit_00000887_00.png
imgedit_00000888_00,imgedit,action,_15p7u6KSgc_segment_39_frame_0.jpg,_15p7u6KSgc_segment_39_frame_55.jpg,,A young woman in a black habit holds a cross in her right hand and rests her left hand on a table with a book and a rosary.,A young woman in a black habit holds a cross in her right hand and rests her left hand by her side.,"The subject lowers their right hand from a raised position to a relaxed, open position by their side.",,missing,0,D:/Datasets/ImgEdit/Parquet/action_part1.parquet,_15p7u6KSgc_segment_39_frame_0,right hand,"relaxed, open position by her side",action,high,"The right hand is lowered from a raised position to a relaxed, open position by her side.",Qwen/Qwen3-VL-2B-Instruct,,imgedit_00000888_00,imgedit_00000888_00.png
imgedit_00000889_00,imgedit,action,omXhJU9XVjw_segment_0_frame_0.jpg,omXhJU9XVjw_segment_0_frame_55.jpg,,"A man in a black t-shirt and sunglasses stands on a concrete pier by the sea, holding a black object.","A man in a black t-shirt and sunglasses stands on a concrete pier by the sea, adjusting his grip on a black object.",The person adjusts their grip on the object they are holding.,,missing,0,D:/Datasets/ImgEdit/Parquet/action_part1.parquet,omXhJU9XVjw_segment_0_frame_0,object,object,action,high,"The man's grip on the object has changed, indicating an adjustment.",Qwen/Qwen3-VL-2B-Instruct,,imgedit_00000889_00,imgedit_00000889_00.png
imgedit_00000890_00,imgedit,action,Sz4iBlMQjmk_segment_9_frame_0.jpg,Sz4iBlMQjmk_segment_9_frame_55.jpg,,"A man wearing a Gear VR headset holds a white cup in his hand, looking down.","A man wearing a Gear VR headset tilts his head further back while holding a white cup in his hand, looking down.",The person tilts their head further back while holding the cup.,,missing,0,D:/Datasets/ImgEdit/Parquet/action_part1.parquet,Sz4iBlMQjmk_segment_9_frame_0,man,man tilting his head further back,action,high,"The man's head position is changed from a neutral angle to a more backward tilt, which is consistent with the instruction.",Qwen/Qwen3-VL-2B-Instruct,,imgedit_00000890_00,imgedit_00000890_00.png
imgedit_00000891_00,imgedit,action,6JFvMOTm3bs_segment_70_frame_0.jpg,6JFvMOTm3bs_segment_70_frame_55.jpg,,Masha in a purple hood sits at a table with a penguin beside her.,Masha in a purple hood sits at a table with a penguin that opens its eyes and looks upward.,A penguin opens its eyes and looks upward.,,missing,0,D:/Datasets/ImgEdit/Parquet/action_part1.parquet,6JFvMOTm3bs_segment_70_frame_0,penguin,penguin opens its eyes and looks upward,action,high,"The penguin's eyes are closed in the source image. In the target image, the penguin's eyes are open and it is looking upward.",Qwen/Qwen3-VL-2B-Instruct,,imgedit_00000891_00,imgedit_00000891_00.png
imgedit_00000892_00,imgedit,action,u0QgPnhVwuE_segment_9_frame_33.jpg,u0QgPnhVwuE_segment_9_frame_87.jpg,,An aerial view of a river flowing through a rocky landscape surrounded by dense green trees.,"An aerial view of a river flowing through a rocky landscape surrounded by dense green trees, with a small, circular green pool visible in the middle of the stream.","No change in the subject's action, pose, or facial expression is visible.",,missing,0,D:/Datasets/ImgEdit/Parquet/action_part1.parquet,u0QgPnhVwuE_segment_9_frame_33,"a small, circular green pool","a small, circular green pool",add,high,"The edit adds a new green pool in the middle of the stream, which is not present in the original image. The subject's action, pose, and facial expression are unchanged.",Qwen/Qwen3-VL-2B-Instruct,,imgedit_00000892_00,imgedit_00000892_00.png
imgedit_00000893_00,imgedit,action,on6VxMLd9HY_segment_13_frame_0.jpg,on6VxMLd9HY_segment_13_frame_55.jpg,,A man in a blue shirt is working on an electrical outlet with an oscilloscope on the table.,A man in a blue shirt is adjusting his grip on an electrical outlet with an oscilloscope on the table.,The man adjusts his grip on the electrical outlet.,,missing,0,D:/Datasets/ImgEdit/Parquet/action_part1.parquet,on6VxMLd9HY_segment_13_frame_0,man,man adjusting his grip,action,high,"The man's hands are repositioned to better grip the outlet, indicating a change in the action.",Qwen/Qwen3-VL-2B-Instruct,,imgedit_00000893_00,imgedit_00000893_00.png
imgedit_00000894_00,imgedit,action,afM33efW6kw_segment_2_frame_4.jpg,afM33efW6kw_segment_2_frame_59.jpg,,A woman in a light green blouse with ruffled sleeves stands in a room with a bookshelf behind her.,"A woman in a light green blouse with ruffled sleeves stands in a room with a bookshelf behind her, raising her left hand to touch her chest.",The person raises their left hand to touch their chest.,,missing,0,D:/Datasets/ImgEdit/Parquet/action_part1.parquet,afM33efW6kw_segment_2_frame_4,woman,woman raising left hand to touch chest,action,high,"The woman's left hand is raised to her chest in the target image, indicating a change in her posture and action.",Qwen/Qwen3-VL-2B-Instruct,,imgedit_00000894_00,imgedit_00000894_00.png
imgedit_00000895_00,imgedit,action,rARDWpNNhUI_segment_8_frame_0.jpg,rARDWpNNhUI_segment_8_frame_55.jpg,,A man in a blue jacket and white t-shirt is speaking into a microphone on a stage with trophies behind him.,"A man in a blue jacket and white t-shirt is sitting at a table with his hands resting on the table, speaking into a microphone.",The person lowers their hands from a gesturing position to resting on the table.,,missing,0,D:/Datasets/ImgEdit/Parquet/action_part1.parquet,rARDWpNNhUI_segment_8_frame_0,person,person with hands resting on the table,action,high,The person's hands are lowered from a gesturing position to resting on the table.,Qwen/Qwen3-VL-2B-Instruct,,imgedit_00000895_00,imgedit_00000895_00.png
imgedit_00000896_00,imgedit,action,uGpP77spn-s_segment_32_frame_0.jpg,uGpP77spn-s_segment_32_frame_55.jpg,,A woman with long blonde hair holds a pink makeup palette labeled 'Chocolate' in front of her.,A woman with long blonde hair holds a pink makeup palette labeled 'Chocolate' and turns it slightly to the side.,The woman turns the makeup palette slightly to the side.,,missing,0,D:/Datasets/ImgEdit/Parquet/action_part1.parquet,uGpP77spn-s_segment_32_frame_0,makeup palette,makeup palette turned slightly to the side,action,high,"The makeup palette is rotated to the right, showing a different angle of the product.",Qwen/Qwen3-VL-2B-Instruct,,imgedit_00000896_00,imgedit_00000896_00.png
imgedit_00000897_00,imgedit,action,2A3y8kLdm-s_segment_17_frame_34.jpg,2A3y8kLdm-s_segment_17_frame_89.jpg,,A man in a black coat and blue jeans stands next to a grey Hyundai Creta in an underground parking garage.,A man in a black coat and blue jeans stands next to a grey Hyundai Creta in an underground parking garage with his arms relaxed at his sides.,"The person lowers their arms from a bent, pointing position to a relaxed, straight position by their sides.",,missing,0,D:/Datasets/ImgEdit/Parquet/action_part1.parquet,2A3y8kLdm-s_segment_17_frame_34,person,person with arms relaxed at his sides,action,high,"The person's arms are lowered from a bent, pointing position to a relaxed, straight position by his sides.",Qwen/Qwen3-VL-2B-Instruct,,imgedit_00000897_00,imgedit_00000897_00.png
imgedit_00000898_00,imgedit,action,HuEm-0CVZhM_segment_47_frame_0.jpg,HuEm-0CVZhM_segment_47_frame_55.jpg,,A cartoon boy with a white cap and green shirt stands in a colorful outdoor scene.,"A cartoon boy with a white cap and green shirt turns his head slightly to the left, standing in a colorful outdoor scene.",The person turns their head slightly to the left.,,missing,0,D:/Datasets/ImgEdit/Parquet/action_part1.parquet,HuEm-0CVZhM_segment_47_frame_0,the person,the person turns their head slightly to the left,action,high,The person's head is slightly rotated to the left in the target image compared to the source image.,Qwen/Qwen3-VL-2B-Instruct,,imgedit_00000898_00,imgedit_00000898_00.png
imgedit_00000899_00,imgedit,action,ePHpofrRcko_segment_5_frame_0.jpg,ePHpofrRcko_segment_5_frame_55.jpg,,"A person wearing a white wig and glasses, dressed in a black shawl, sits on a beige armchair next to a small wooden table with red roses and a candle.","A person wearing a white wig and glasses, dressed in a black shawl, sits on a beige armchair next to a small wooden table with red roses and a candle, but their head is slightly turned to the side.",The person shifts their head slightly to the side.,,missing,0,D:/Datasets/ImgEdit/Parquet/action_part1.parquet,ePHpofrRcko_segment_5_frame_0,person,person with head shifted slightly to the side,action,high,"The person's head has been adjusted to the side, making the action clear.",Qwen/Qwen3-VL-2B-Instruct,,imgedit_00000899_00,imgedit_00000899_00.png
imgedit_00000900_00,imgedit,action,A_85jhphUtY_segment_14_frame_0.jpg,A_85jhphUtY_segment_14_frame_55.jpg,,"A man with dreadlocks wearing a red and white checkered shirt stands on a wooden bridge over a valley, looking down and smiling.","A man with dreadlocks wearing a red and white checkered shirt stands on a wooden bridge over a valley, looking down and smiling, with his left arm raised outward.",The person raises their left arm outward.,,missing,0,D:/Datasets/ImgEdit/Parquet/action_part1.parquet,A_85jhphUtY_segment_14_frame_0,person,person with raised left arm,action,high,"The person's left arm is extended outward in the target image, which is consistent with the instruction.",Qwen/Qwen3-VL-2B-Instruct,,imgedit_00000900_00,imgedit_00000900_00.png
imgedit_00000901_00,imgedit,action,2A6_F93lma0_segment_23_frame_0.jpg,2A6_F93lma0_segment_23_frame_55.jpg,,"A woman with blonde hair is sitting in bed, stretching her arms out to the sides.","A woman with blonde hair is sitting in bed, raising both arms above her head.",A woman raises both arms above her head.,,missing,0,D:/Datasets/ImgEdit/Parquet/action_part1.parquet,2A6_F93lma0_segment_23_frame_0,woman,raising both arms above her head,action,high,"The edit is a simple action of raising both arms above her head, which is consistent with the original scene.",Qwen/Qwen3-VL-2B-Instruct,,imgedit_00000901_00,imgedit_00000901_00.png
imgedit_00000902_00,imgedit,action,KgtRJ3m_LY4_segment_11_frame_0.jpg,KgtRJ3m_LY4_segment_11_frame_55.jpg,,A man with a mustache wearing a brown jacket with red epaulets is shaking hands with another person on a talk show set with a city skyline background.,"A man with a mustache wearing a brown jacket with red epaulets is shaking hands with another person on a talk show set with a city skyline background, lowering a pipe from his mouth.",The person lowers the pipe from their mouth while shaking hands.,,missing,0,D:/Datasets/ImgEdit/Parquet/action_part1.parquet,KgtRJ3m_LY4_segment_11_frame_0,pipe,pipe,action,high,The pipe is lowered from the man's mouth during the handshake.,Qwen/Qwen3-VL-2B-Instruct,,imgedit_00000902_00,imgedit_00000902_00.png
imgedit_00000903_00,imgedit,action,sK9yv5wAoY0_segment_1_frame_0.jpg,sK9yv5wAoY0_segment_1_frame_55.jpg,,A close-up of a carved Mayan statue with a central face surrounded by intricate carvings.,A close-up of a carved Mayan statue with the central face's eyes open.,The statue's eyes open.,,missing,0,D:/Datasets/ImgEdit/Parquet/action_part1.parquet,sK9yv5wAoY0_segment_1_frame_0,the statue's eyes,the statue's eyes open,action,high,The eyes are the only feature that has been modified.,Qwen/Qwen3-VL-2B-Instruct,,imgedit_00000903_00,imgedit_00000903_00.png
imgedit_00000904_00,imgedit,action,Renh2wGGhA8_segment_2_frame_66.jpg,Renh2wGGhA8_segment_2_frame_121.jpg,,A man with short brown hair wearing a dark blue polo shirt sits in front of a stone wall.,"A man with short brown hair wearing a dark blue polo shirt slightly turns his head to the right, sitting in front of a stone wall.",The person slightly turns their head to the right.,,missing,0,D:/Datasets/ImgEdit/Parquet/action_part1.parquet,Renh2wGGhA8_segment_2_frame_66,person,person slightly turns his head to the right,action,high,The person's head position is adjusted to reflect a slight turn to the right.,Qwen/Qwen3-VL-2B-Instruct,,imgedit_00000904_00,imgedit_00000904_00.png
imgedit_00000905_00,imgedit,action,29Z9rLPAykE_segment_1_frame_0.jpg,29Z9rLPAykE_segment_1_frame_55.jpg,,"A man in a black jacket and glasses stands in front of a blue background with stars and fish, speaking.","A man in a black jacket and glasses stands in front of a blue background with stars and fish, speaking with both hands clasped together.",The person moves their right hand from a gesture with an open palm to clasping both hands together.,,missing,0,D:/Datasets/ImgEdit/Parquet/action_part1.parquet,29Z9rLPAykE_segment_1_frame_0,man,man with both hands clasped together,action,high,The man's right hand changes from an open palm gesture to a clasping gesture with both hands.,Qwen/Qwen3-VL-2B-Instruct,,imgedit_00000905_00,imgedit_00000905_00.png
imgedit_00000906_00,imgedit,action,FmUzMJUHqYQ_segment_26_frame_8.jpg,FmUzMJUHqYQ_segment_26_frame_63.jpg,,"A woman with blonde hair sits in a chair in a living room, speaking and gesturing with her right hand.","A woman with blonde hair sits in a chair in a living room, speaking and raising her right hand higher while pointing upward.",The woman raises her right hand higher and points upward.,,missing,0,D:/Datasets/ImgEdit/Parquet/action_part1.parquet,FmUzMJUHqYQ_segment_26_frame_8,woman,woman raising her right hand higher and pointing upward,action,high,The woman's hand is raised higher and the gesture is more pointed in the target image.,Qwen/Qwen3-VL-2B-Instruct,,imgedit_00000906_00,imgedit_00000906_00.png
imgedit_00000907_00,imgedit,action,5T72ZgdfmlM_segment_44_frame_74.jpg,5T72ZgdfmlM_segment_44_frame_129.jpg,,A man in a kitchen is cooking with a bottle of sauce in his hand.,A man in a kitchen is cooking with a spatula in his hand.,A man puts down a bottle and picks up a spatula.,,missing,0,D:/Datasets/ImgEdit/Parquet/action_part1.parquet,5T72ZgdfmlM_segment_44_frame_74,bottle,spatula,action,high,The bottle is replaced by a spatula.,Qwen/Qwen3-VL-2B-Instruct,,imgedit_00000907_00,imgedit_00000907_00.png
imgedit_00000908_00,imgedit,action,Kge0hu88Dmo_segment_25_frame_0.jpg,Kge0hu88Dmo_segment_25_frame_55.jpg,,"A man with short hair and a beard stands on a stage, wearing a vest over a collared shirt, speaking into a microphone.","A man with short hair and a beard stands on a stage, wearing a vest over a collared shirt, turning his head slightly to his left and speaking into a microphone.",The man turns his head slightly to his left.,,missing,0,D:/Datasets/ImgEdit/Parquet/action_part1.parquet,Kge0hu88Dmo_segment_25_frame_0,man,man turning his head slightly to his left,action,high,"The man's head position has been adjusted to show a slight turn to the left, consistent with the instruction.",Qwen/Qwen3-VL-2B-Instruct,,imgedit_00000908_00,imgedit_00000908_00.png
imgedit_00000909_00,imgedit,action,xWntta302Tw_segment_13_frame_0.jpg,xWntta302Tw_segment_13_frame_55.jpg,,A person with blonde hair wearing a dark sweatshirt is touching the back of their head with both hands in a room with plants and shelves.,A person with blonde hair wearing a dark sweatshirt is brushing the side of their hair with a comb in a room with plants and shelves.,The person moves their hands from touching the back of their head to brushing the side of their hair with a comb.,,missing,0,D:/Datasets/ImgEdit/Parquet/action_part1.parquet,xWntta302Tw_segment_13_frame_0,person,brushing the side of their hair with a comb,action,high,"The person's hands are now actively brushing their hair, and the comb is visible in their hand.",Qwen/Qwen3-VL-2B-Instruct,,imgedit_00000909_00,imgedit_00000909_00.png
imgedit_00000910_00,imgedit,action,SQVbuvP-R6w_segment_25_frame_0.jpg,SQVbuvP-R6w_segment_25_frame_55.jpg,,"A woman in a pink shirt stands in a kitchen, holding two muffin trays filled with unbaked batter.","A woman in a pink shirt stands in a kitchen, placing two muffin trays filled with unbaked batter on a wooden counter.",A woman sets down two muffin trays on a counter.,,missing,0,D:/Datasets/ImgEdit/Parquet/action_part1.parquet,SQVbuvP-R6w_segment_25_frame_0,muffin trays,placed on a wooden counter,action,high,"The woman's hands are now empty, and the muffin trays are resting on the counter.",Qwen/Qwen3-VL-2B-Instruct,,imgedit_00000910_00,imgedit_00000910_00.png
imgedit_00000911_00,imgedit,action,2nuPWtv5Mjo_segment_11_frame_10.jpg,2nuPWtv5Mjo_segment_11_frame_65.jpg,,"A person holds an orange, lattice-like 3D printed object in their hands.","A person holds an orange, lattice-like 3D printed object in their hands, adjusting it to reveal more of its intricate shape.",The person adjusts the orange mesh object to reveal more details of its shape.,,missing,0,D:/Datasets/ImgEdit/Parquet/action_part1.parquet,2nuPWtv5Mjo_segment_11_frame_10,orange mesh object,orange mesh object with more details revealed,action,high,"The person's hands are positioned to manipulate the object, and the change is focused on the visible shape of the object.",Qwen/Qwen3-VL-2B-Instruct,,imgedit_00000911_00,imgedit_00000911_00.png
imgedit_00000912_00,imgedit,action,unDqlQA9rU4_segment_11_frame_0.jpg,unDqlQA9rU4_segment_11_frame_55.jpg,,A young man with short brown hair wearing a black long-sleeved shirt stands against a plain white background.,"A young man with short brown hair wearing a black long-sleeved shirt stands against a plain white background, gesturing with both hands forward with palms facing upward as if speaking.","The person moves their hands forward with palms facing upward, appearing to gesture while speaking.",,missing,0,D:/Datasets/ImgEdit/Parquet/action_part1.parquet,unDqlQA9rU4_segment_11_frame_0,person,person with hands forward and palms up,action,high,"The person's hands are moved forward with palms up, indicating a gesture while speaking.",Qwen/Qwen3-VL-2B-Instruct,,imgedit_00000912_00,imgedit_00000912_00.png
imgedit_00000913_00,imgedit,action,IFmctuiHxzM_segment_4_frame_0.jpg,IFmctuiHxzM_segment_4_frame_55.jpg,,"A woman in a black chef's jacket stands in a kitchen, using a white stand mixer.",A woman in a black chef's jacket tilts her head slightly to the right while using a white stand mixer.,The person tilts their head slightly to the right.,,missing,0,D:/Datasets/ImgEdit/Parquet/action_part1.parquet,IFmctuiHxzM_segment_4_frame_0,person,tilting her head,action,high,The person's head position is changed from neutral to slightly tilted to the right.,Qwen/Qwen3-VL-2B-Instruct,,imgedit_00000913_00,imgedit_00000913_00.png
imgedit_00000914_00,imgedit,action,aNv0p0FP8HA_segment_2_frame_10.jpg,aNv0p0FP8HA_segment_2_frame_65.jpg,,"A woman with long blonde hair stands in a brightly lit room, holding a yellow food item in her hands.","A woman with long blonde hair stands in a brightly lit room, holding a yellow food item in her hands and lowering it.",The woman lowers the food item from her hands.,,missing,0,D:/Datasets/ImgEdit/Parquet/action_part1.parquet,aNv0p0FP8HA_segment_2_frame_10,food item,food item lowered,action,high,"The food item is lowered from the woman's hands, consistent with the instruction.",Qwen/Qwen3-VL-2B-Instruct,,imgedit_00000914_00,imgedit_00000914_00.png
imgedit_00000915_00,imgedit,action,TaMM6fhNuF8_segment_10_frame_0.jpg,TaMM6fhNuF8_segment_10_frame_55.jpg,,"A man in a suit sits at a desk, speaking and gesturing with his right hand while holding a pen.","A man in a suit sits at a desk, speaking and gesturing with his right hand while holding a pen, with his hand slightly lowered.",The person moves their right hand slightly downward while holding a pen.,,missing,0,D:/Datasets/ImgEdit/Parquet/action_part1.parquet,TaMM6fhNuF8_segment_10_frame_0,the man's right hand,the man's right hand is slightly lowered,action,high,"The man's right hand is slightly lower in the target image, consistent with the instruction.",Qwen/Qwen3-VL-2B-Instruct,,imgedit_00000915_00,imgedit_00000915_00.png
imgedit_00000916_00,imgedit,action,xTMOO1xIMvI_segment_6_frame_28.jpg,xTMOO1xIMvI_segment_6_frame_83.jpg,,A golfer in a pink shirt is preparing to hit a shot on a green golf course with sand bunkers in the background.,A golfer in a pink shirt is preparing to hit a shot on a green golf course with a slightly repositioned golf club in his hands.,The golf club in the man's hands is slightly repositioned.,,missing,0,D:/Datasets/ImgEdit/Parquet/action_part1.parquet,xTMOO1xIMvI_segment_6_frame_28,golf club,golf club,action,high,"The golf club is slightly repositioned in the target image, indicating a minor adjustment to the golfer's stance.",Qwen/Qwen3-VL-2B-Instruct,,imgedit_00000916_00,imgedit_00000916_00.png
imgedit_00000917_00,imgedit,action,9DZNJfvv77U_segment_11_frame_0.jpg,9DZNJfvv77U_segment_11_frame_55.jpg,,"A man wearing a cap sits inside a camper van, holding a camera and gesturing with his right hand.","A man wearing a cap sits inside a camper van, holding a camera with both hands and resting his right hand on the table.",The person lowers one hand from a raised position to a resting position on the table.,,missing,0,D:/Datasets/ImgEdit/Parquet/action_part1.parquet,9DZNJfvv77U_segment_11_frame_0,hand,resting on the table,action,high,The hand is lowered from a raised position to a resting position on the table.,Qwen/Qwen3-VL-2B-Instruct,,imgedit_00000917_00,imgedit_00000917_00.png
imgedit_00000918_00,imgedit,action,Wwr4himRT94_segment_131_frame_0.jpg,Wwr4himRT94_segment_131_frame_55.jpg,,A young girl wearing a blue helmet with a headlamp holds a small golden coin in her hands.,"A woman in a floral tank top holds a small golden coin with her right hand, while a young girl in a blue helmet looks on.","A woman holds a coin differently, changing the grip and position of her hands.",,missing,0,D:/Datasets/ImgEdit/Parquet/action_part1.parquet,Wwr4himRT94_segment_131_frame_0,a woman holding a coin,a woman holding a coin with her right hand,action,high,"The woman's grip and hand position on the coin have been changed from a gentle hold to a more firm, open-handed grip, and she is now holding the coin with her right hand while the girl in the helmet observes.",Qwen/Qwen3-VL-2B-Instruct,,imgedit_00000918_00,imgedit_00000918_00.png
imgedit_00000919_00,imgedit,action,5x-i0d8xaLY_segment_12_frame_0.jpg,5x-i0d8xaLY_segment_12_frame_55.jpg,,"A woman in a black dress smiles broadly at the camera, standing next to a black car.","A woman in a black dress turns her head to face more directly toward the camera, smiling broadly.",The woman turns her head to face more towards the camera.,,missing,0,D:/Datasets/ImgEdit/Parquet/action_part1.parquet,5x-i0d8xaLY_segment_12_frame_0,woman,woman turns her head to face more towards the camera,action,high,"The woman's head position has been adjusted to face the camera more directly, while her expression remains unchanged.",Qwen/Qwen3-VL-2B-Instruct,,imgedit_00000919_00,imgedit_00000919_00.png
imgedit_00000920_00,imgedit,action,ODoawH2AkJg_segment_16_frame_0.jpg,ODoawH2AkJg_segment_16_frame_55.jpg,,"A man in a white tank top is standing in a gym, looking at a large mural of a smiling man in a cap.","A man in a white tank top is bending down in a gym, looking at a large mural of a smiling man in a cap.",The person lowers their arm and bends down.,,missing,0,D:/Datasets/ImgEdit/Parquet/action_part1.parquet,ODoawH2AkJg_segment_16_frame_0,man,bending down,action,high,"The man's arm is lowered and his body is bent forward, changing his posture from standing to bending.",Qwen/Qwen3-VL-2B-Instruct,,imgedit_00000920_00,imgedit_00000920_00.png
imgedit_00000921_00,imgedit,action,sP4IcX3Vbdc_segment_16_frame_0.jpg,sP4IcX3Vbdc_segment_16_frame_55.jpg,,A man in a blue t-shirt and a white cap holds a bowl of food in his hands.,A man in a blue t-shirt and a white cap holds a bowl of food in his hands with his hands slightly adjusted.,The person adjusts their hand position while holding the bowl.,,missing,0,D:/Datasets/ImgEdit/Parquet/action_part1.parquet,sP4IcX3Vbdc_segment_16_frame_0,hand,hand,action,high,"The man's hand position is slightly changed, with his fingers more relaxed and the bowl held at a different angle.",Qwen/Qwen3-VL-2B-Instruct,,imgedit_00000921_00,imgedit_00000921_00.png
imgedit_00000922_00,imgedit,action,xTMdNXnLDjk_segment_1_frame_0.jpg,xTMdNXnLDjk_segment_1_frame_55.jpg,,A woman with long blonde hair and red lipstick stands in a kitchen with white tiled walls and wooden shelves holding colorful bowls.,A woman with long blonde hair and red lipstick tilts her head back slightly while standing in a kitchen with white tiled walls and wooden shelves holding colorful bowls.,The woman tilts her head back slightly.,,missing,0,D:/Datasets/ImgEdit/Parquet/action_part1.parquet,xTMdNXnLDjk_segment_1_frame_0,woman,tilting her head back slightly,action,high,"The woman's head position changes from neutral to slightly tilted back, consistent with the instruction.",Qwen/Qwen3-VL-2B-Instruct,,imgedit_00000922_00,imgedit_00000922_00.png
imgedit_00000923_00,imgedit,action,zJMpzkLwHmA_segment_22_frame_0.jpg,zJMpzkLwHmA_segment_22_frame_55.jpg,,A woman in a white shirt and a hat is sitting on the ground inside a stone ruin with wooden scaffolding.,A woman in a white shirt and a hat is standing on the ground inside a stone ruin with wooden scaffolding.,The person shifts from sitting to standing.,,missing,0,D:/Datasets/ImgEdit/Parquet/action_part1.parquet,zJMpzkLwHmA_segment_22_frame_0,person,standing,action,high,The person's posture changes from sitting to standing.,Qwen/Qwen3-VL-2B-Instruct,,imgedit_00000923_00,imgedit_00000923_00.png
imgedit_00000924_00,imgedit,action,g2BLg756_4M_segment_18_frame_0.jpg,g2BLg756_4M_segment_18_frame_55.jpg,,"A man with glasses and a beard is kneeling on a wooden floor, holding a black umbrella with a long handle, while working on it.","A man with glasses and a beard is kneeling on a wooden floor, adjusting his grip on a black umbrella by moving his right hand closer to the handle.","The person adjusts their grip on the umbrella, moving their right hand closer to the handle.",,missing,0,D:/Datasets/ImgEdit/Parquet/action_part1.parquet,g2BLg756_4M_segment_18_frame_0,umbrella,umbrella,action,high,"The person's right hand is positioned closer to the handle of the umbrella in the target image, indicating the adjustment.",Qwen/Qwen3-VL-2B-Instruct,,imgedit_00000924_00,imgedit_00000924_00.png
imgedit_00000925_00,imgedit,action,BqjL2Ty-Yy4_segment_1_frame_0.jpg,BqjL2Ty-Yy4_segment_1_frame_55.jpg,,"A person with short dark hair, wearing glasses and a white face mask, standing outdoors on a sunny day with a building and power lines in the background.","A person with short dark hair, wearing glasses and a white face mask, turning their head slightly to the left, standing outdoors on a sunny day with a building and power lines in the background.",The person turns their head slightly to the left.,,missing,0,D:/Datasets/ImgEdit/Parquet/action_part1.parquet,BqjL2Ty-Yy4_segment_1_frame_0,person,person turning their head slightly to the left,action,high,The person's head position has been adjusted to the left in the target image.,Qwen/Qwen3-VL-2B-Instruct,,imgedit_00000925_00,imgedit_00000925_00.png
imgedit_00000926_00,imgedit,action,juzL6LfRYBk_segment_4_frame_190.jpg,juzL6LfRYBk_segment_4_frame_238.jpg,,A man wearing a black leather jacket with a high collar and a central zipper.,"A man wearing a black leather jacket with a high collar and a central zipper, slightly opening his mouth.",The man slightly opens his mouth.,,missing,0,D:/Datasets/ImgEdit/Parquet/action_part1.parquet,juzL6LfRYBk_segment_4_frame_190,man,man with slightly open mouth,action,high,"The man's mouth is slightly open in the target image, while it is closed in the source image. This is a clear difference in the man's facial expression.",Qwen/Qwen3-VL-2B-Instruct,,imgedit_00000926_00,imgedit_00000926_00.png
imgedit_00000927_00,imgedit,action,eD73M-4FVHM_segment_15_frame_0.jpg,eD73M-4FVHM_segment_15_frame_55.jpg,,"A man in a suit stands on a wooden stage at a TEDxUTD event, gesturing with his left hand.","A man in a suit stands on a wooden stage at a TEDxUTD event, raising his right arm and pointing with his right hand while holding a device in his left hand.",The man raises his right arm and points while holding a device in his hand.,,missing,0,D:/Datasets/ImgEdit/Parquet/action_part1.parquet,eD73M-4FVHM_segment_15_frame_0,man,man raising his right arm and pointing with his right hand while holding a device in his left hand,action,high,"The man's right arm is raised and pointing, and he is holding a device in his left hand. The action is consistent with",Qwen/Qwen3-VL-2B-Instruct,,imgedit_00000927_00,imgedit_00000927_00.png
imgedit_00000928_00,imgedit,action,juk8h3Qce2k_segment_8_frame_0.jpg,juk8h3Qce2k_segment_8_frame_55.jpg,,A woman with long white hair and a silver suit is sitting in a dimly lit room with a large circular window.,"A woman with long white hair and a silver suit is sitting in a dimly lit room with a large circular window, tilting her head slightly downward.",The subject's head tilts slightly downward.,,missing,0,D:/Datasets/ImgEdit/Parquet/action_part1.parquet,juk8h3Qce2k_segment_8_frame_0,the woman's head,the woman's head tilting slightly downward,action,high,"The edit clearly shows the woman's head tilting downward, which is consistent with the instruction and the visual evidence in the image.",Qwen/Qwen3-VL-2B-Instruct,,imgedit_00000928_00,imgedit_00000928_00.png
imgedit_00000929_00,imgedit,action,A7XkWhmDoEI_segment_27_frame_0.jpg,A7XkWhmDoEI_segment_27_frame_55.jpg,,"A woman with dark hair stands in a kitchen, holding a large copper pot.","A woman with dark hair stands in a kitchen, holding a fork with food on it.",The woman turns her head to the side and holds up a fork with food on it.,,missing,0,D:/Datasets/ImgEdit/Parquet/action_part1.parquet,A7XkWhmDoEI_segment_27_frame_0,woman,fork with food on it,action,high,"The woman's head turns to the side, and she holds a fork with food on it, which was not present in the original image.",Qwen/Qwen3-VL-2B-Instruct,,imgedit_00000929_00,imgedit_00000929_00.png
imgedit_00000930_00,imgedit,action,LTkDjI53jMA_segment_7_frame_6.jpg,LTkDjI53jMA_segment_7_frame_61.jpg,,"A woman with long wavy hair and red lipstick stands on a city rooftop, looking at the camera with her hand raised in a pointing gesture.","A woman with long wavy hair and red lipstick stands on a city rooftop, looking at the camera with her hand lowered and fingers near her chin in a contemplative pose.",A woman lowers her hand from a pointing gesture to a contemplative pose with her fingers near her chin.,,missing,0,D:/Datasets/ImgEdit/Parquet/action_part1.parquet,LTkDjI53jMA_segment_7_frame_6,hand,fingers near chin,action,high,"The hand is lowered and the fingers are positioned near the chin, indicating a change in gesture from pointing to a contemplative pose.",Qwen/Qwen3-VL-2B-Instruct,,imgedit_00000930_00,imgedit_00000930_00.png
imgedit_00000931_00,imgedit,action,7ei8FB8F4NM_segment_14_frame_0.jpg,7ei8FB8F4NM_segment_14_frame_55.jpg,,"A man in a red shirt and Santa hat is kneeling on the floor, holding a large cardboard box over his head while a woman in a white shirt works on a Christmas tree.","A man in a red shirt and Santa hat is kneeling on the floor, holding a large cardboard box over his head and raising his arms in the air while a woman in a white shirt works on a Christmas tree.",A man removes a large cardboard box from his head and raises his arms.,,missing,0,D:/Datasets/ImgEdit/Parquet/action_part1.parquet,7ei8FB8F4NM_segment_14_frame_0,man,man raising arms,action,high,The man's action of raising his arms is the key edit. The box is not removed from his head but is still held,Qwen/Qwen3-VL-2B-Instruct,,imgedit_00000931_00,imgedit_00000931_00.png
imgedit_00000932_00,imgedit,action,jutdJykbDkk_segment_11_frame_0.jpg,jutdJykbDkk_segment_11_frame_55.jpg,,"A woman in a black cycling outfit and helmet rides a mountain bike down a rocky, forested trail.","A woman in a black cycling outfit and helmet rides a mountain bike down a rocky, forested trail, lifting the front wheel of the bike into a wheelie.",The subject shifts from leaning forward while cycling to lifting the front wheel of the bike in a wheelie.,,missing,0,D:/Datasets/ImgEdit/Parquet/action_part1.parquet,jutdJykbDkk_segment_11_frame_0,bicycle,bicycle with lifted front wheel,action,high,"The edit changes the bicycle's front wheel from being in contact with the ground to being lifted off the ground, indicating a wheelie action.",Qwen/Qwen3-VL-2B-Instruct,,imgedit_00000932_00,imgedit_00000932_00.png
imgedit_00000933_00,imgedit,action,JQskLZkVEDY_segment_336_frame_0.jpg,JQskLZkVEDY_segment_336_frame_55.jpg,,A man in a blue shirt and jeans stands with a young boy and a monkey in a cornfield next to a red barn.,A man in a blue shirt and jeans turns his head upward in a cornfield next to a red barn.,The man on the right turns his head upward.,,missing,0,D:/Datasets/ImgEdit/Parquet/action_part1.parquet,JQskLZkVEDY_segment_336_frame_0,man on the right,man on the right turns his head upward,action,high,"The man's head is positioned in a way that suggests he is looking up, which aligns with the instruction to turn his head upward.",Qwen/Qwen3-VL-2B-Instruct,,imgedit_00000933_00,imgedit_00000933_00.png
imgedit_00000934_00,imgedit,action,ECIsYj_zdAI_segment_31_frame_0.jpg,ECIsYj_zdAI_segment_31_frame_55.jpg,,A chef in a professional kitchen is pouring oil from a bottle into a pan on a portable stove.,A chef in a professional kitchen is tilting a bottle to pour oil into a pan on a portable stove.,The person tilts the bottle to pour oil into the pan.,,missing,0,D:/Datasets/ImgEdit/Parquet/action_part1.parquet,ECIsYj_zdAI_segment_31_frame_0,bottle,pouring oil,action,high,"The action of tilting the bottle is clearly depicted in the edited image, matching the instruction.",Qwen/Qwen3-VL-2B-Instruct,,imgedit_00000934_00,imgedit_00000934_00.png
imgedit_00000935_00,imgedit,action,afTw1DZ3fhg_segment_7_frame_44.jpg,afTw1DZ3fhg_segment_7_frame_99.jpg,,A man with sunglasses and a beard holds a small fan and a white cylindrical object in a park.,"A man with sunglasses and a beard holds a small fan and a white cylindrical object, tilting his head downward in a park.",The subject slightly tilts their head downward.,,missing,0,D:/Datasets/ImgEdit/Parquet/action_part1.parquet,afTw1DZ3fhg_segment_7_frame_44,man,man tilting his head downward,action,high,"The man's head position is adjusted to slightly tilt downward, while the rest of the scene remains unchanged.",Qwen/Qwen3-VL-2B-Instruct,,imgedit_00000935_00,imgedit_00000935_00.png
imgedit_00000936_00,imgedit,action,AZyJGVzVddw_segment_1_frame_174.jpg,AZyJGVzVddw_segment_1_frame_229.jpg,,"A woman with long dark hair sits on a white couch, holding a green sneaker in her left hand.","A woman with long dark hair sits on a white couch, putting on a green sneaker with both hands.",A woman changes from holding a sneaker in one hand to putting on the sneaker with both hands.,,missing,0,D:/Datasets/ImgEdit/Parquet/action_part1.parquet,AZyJGVzVddw_segment_1_frame_174,sneaker,sneaker,action,high,"The woman's hand position changes from holding the sneaker to placing it on her foot, indicating the action of putting on the sneaker.",Qwen/Qwen3-VL-2B-Instruct,,imgedit_00000936_00,imgedit_00000936_00.png
imgedit_00000937_00,imgedit,action,6JxJj9ydkBM_segment_16_frame_32.jpg,6JxJj9ydkBM_segment_16_frame_87.jpg,,A man with glasses is holding a bowl of fried food.,A man with glasses is using chopsticks to pick up a piece of fried food from a bowl.,A person picks up a piece of fried food with chopsticks.,,missing,0,D:/Datasets/ImgEdit/Parquet/action_part1.parquet,6JxJj9ydkBM_segment_16_frame_32,a piece of fried food,a piece of fried food being picked up with chopsticks,action,high,"The edit involves the man using chopsticks to pick up the food, which is consistent with the action in the target image.",Qwen/Qwen3-VL-2B-Instruct,,imgedit_00000937_00,imgedit_00000937_00.png
imgedit_00000938_00,imgedit,action,jJfoV1Od4uI_segment_7_frame_0.jpg,jJfoV1Od4uI_segment_7_frame_55.jpg,,"A man in a blue jacket and white shirt stands on a stage with a microphone, looking down.","A man in a blue jacket and white shirt stands on a stage with a microphone, looking down slightly.",The person lowers their head slightly.,,missing,0,D:/Datasets/ImgEdit/Parquet/action_part1.parquet,jJfoV1Od4uI_segment_7_frame_0,person,person with lowered head,action,high,The person's head is lowered slightly in the edited image compared to the original.,Qwen/Qwen3-VL-2B-Instruct,,imgedit_00000938_00,imgedit_00000938_00.png
imgedit_00000939_00,imgedit,action,sJuomOEUvDU_segment_18_frame_0.jpg,sJuomOEUvDU_segment_18_frame_55.jpg,,A woman with blonde hair is holding a deodorant stick in her right hand and looking down.,A woman with blonde hair is holding a deodorant stick in her right hand and a small bag with money in her left hand.,The person holds a deodorant stick in one hand and adds a small bag with money in the other hand.,,missing,0,D:/Datasets/ImgEdit/Parquet/action_part1.parquet,sJuomOEUvDU_segment_18_frame_0,deodorant stick,bag with money,action,high,"The woman's left hand is now holding a small bag with money, which was not present in the original image.",Qwen/Qwen3-VL-2B-Instruct,,imgedit_00000939_00,imgedit_00000939_00.png
imgedit_00000940_00,imgedit,action,unfj_hU9Yos_segment_11_frame_0.jpg,unfj_hU9Yos_segment_11_frame_55.jpg,,A man with blood on his face screaming with his mouth wide open.,"A man with blood on his face, slightly lowering his chin and opening his mouth.",The man slightly lowers his chin and opens his mouth.,,missing,0,D:/Datasets/ImgEdit/Parquet/action_part1.parquet,unfj_hU9Yos_segment_11_frame_0,man,"man with blood on his face, slightly lowering his chin and opening his mouth.",action,high,The man's chin is lowered and his mouth is slightly more open in the target image compared to the source.,Qwen/Qwen3-VL-2B-Instruct,,imgedit_00000940_00,imgedit_00000940_00.png
imgedit_00000941_00,imgedit,action,KDeL3zwTgvI_segment_28_frame_0.jpg,KDeL3zwTgvI_segment_28_frame_55.jpg,,A man in a hat stands in a greenhouse surrounded by potted plants.,A man in a hat reaches out to hold a potted plant in a greenhouse.,A man reaches out to hold a potted plant.,,missing,0,D:/Datasets/ImgEdit/Parquet/action_part1.parquet,KDeL3zwTgvI_segment_28_frame_0,man,man holding a potted plant,action,high,"The man's hand is extended to grasp a plant, which is now in his grasp.",Qwen/Qwen3-VL-2B-Instruct,,imgedit_00000941_00,imgedit_00000941_00.png
imgedit_00000942_00,imgedit,action,zAapiODp6RM_segment_31_frame_0.jpg,zAapiODp6RM_segment_31_frame_55.jpg,,A woman with long brown hair and red lipstick is smiling and pointing her finger upward while sitting in a room with a lamp and a fireplace in the background.,A woman with long brown hair and red lipstick is smiling and looking to her right while holding a microphone and pointing her finger upward.,The woman turns her head slightly to the right.,,missing,0,D:/Datasets/ImgEdit/Parquet/action_part1.parquet,zAapiODp6RM_segment_31_frame_0,woman,woman holding a microphone,action,high,"The woman's head is turned slightly to the right in the target image, and she is now holding a microphone in her hand.",Qwen/Qwen3-VL-2B-Instruct,,imgedit_00000942_00,imgedit_00000942_00.png
imgedit_00000943_00,imgedit,action,3M_jald7Vlw_segment_2_frame_230.jpg,3M_jald7Vlw_segment_2_frame_280.jpg,,"A woman with blonde hair and glasses holds a black food container in her hands, standing in a kitchen.","A woman with blonde hair and glasses holds a black food container closer to the camera, showing its green contents.","A woman holds a food container closer to the camera, showing its contents.",,missing,0,D:/Datasets/ImgEdit/Parquet/action_part1.parquet,3M_jald7Vlw_segment_2_frame_230,food container,food container with green contents,action,high,"The food container is moved closer to the camera, making the contents more prominent.",Qwen/Qwen3-VL-2B-Instruct,,imgedit_00000943_00,imgedit_00000943_00.png
imgedit_00000944_00,imgedit,action,wz0LtYmQUHA_segment_45_frame_0.jpg,wz0LtYmQUHA_segment_45_frame_55.jpg,,A man with glasses and a beard sits in a modern living room with his arms crossed.,A man with glasses and a beard sits in a modern living room with his left arm resting on his right arm.,The man's arm position changes from both crossed to his left arm resting on his right arm.,,missing,0,D:/Datasets/ImgEdit/Parquet/action_part1.parquet,wz0LtYmQUHA_segment_45_frame_0,man,man with left arm resting on right arm,action,high,The man's arm position changes from both crossed to his left arm resting on his right arm.,Qwen/Qwen3-VL-2B-Instruct,,imgedit_00000944_00,imgedit_00000944_00.png
imgedit_00000945_00,imgedit,action,LV6GQHg5PWc_segment_8_frame_0.jpg,LV6GQHg5PWc_segment_8_frame_55.jpg,,A man in a red jacket is looking down.,A man in a red jacket is wearing a stethoscope around his neck.,The person places a stethoscope around their neck.,,missing,0,D:/Datasets/ImgEdit/Parquet/action_part1.parquet,LV6GQHg5PWc_segment_8_frame_0,stethoscope,worn around neck,action,high,The stethoscope is added to the man's neck in the target image.,Qwen/Qwen3-VL-2B-Instruct,,imgedit_00000945_00,imgedit_00000945_00.png
imgedit_00000946_00,imgedit,action,EC1uyk2eNsE_segment_309_frame_0.jpg,EC1uyk2eNsE_segment_309_frame_55.jpg,,"A hotel receptionist in a red uniform stands with a woman in a blue suit, holding a yellow bag, while a Dalmatian and a dachshund stand nearby in a hallway.","A hotel receptionist in a red uniform points with his right hand while the woman holds his hand, and they stand together in a hallway.",The man in the red uniform points with his right hand while the woman holds his hand.,,missing,0,D:/Datasets/ImgEdit/Parquet/action_part1.parquet,EC1uyk2eNsE_segment_309_frame_0,the man in the red uniform,points with his right hand,action,high,"The man's right hand is now raised and pointing, while the woman's hand is on his arm. The woman's posture and the man's",Qwen/Qwen3-VL-2B-Instruct,,imgedit_00000946_00,imgedit_00000946_00.png
imgedit_00000947_00,imgedit,action,MhFFK-dPYi0_segment_142_frame_0.jpg,MhFFK-dPYi0_segment_142_frame_55.jpg,,A man in a blue patterned shirt and glasses stands in a brightly lit room with a neon sign and shelves.,A man in a blue patterned shirt and glasses turns his head to the side in a brightly lit room with a neon sign and shelves.,The man turns his head to the side.,,missing,0,D:/Datasets/ImgEdit/Parquet/action_part1.parquet,MhFFK-dPYi0_segment_142_frame_0,man,man turning his head to the side,action,high,The man's head position changes from facing forward to turned slightly to the right.,Qwen/Qwen3-VL-2B-Instruct,,imgedit_00000947_00,imgedit_00000947_00.png
imgedit_00000948_00,imgedit,action,KlCLW9GodtA_segment_7_frame_22.jpg,KlCLW9GodtA_segment_7_frame_77.jpg,,"A young girl with purple hair and elf ears stands in a vibrant, magical landscape with a large purple tree and a stone structure in the background.","A young girl with purple hair and elf ears stands in a vibrant, magical landscape with a large purple tree and a stone structure in the background, raising both arms with clenched fists.",The person raises both arms with clenched fists.,,missing,0,D:/Datasets/ImgEdit/Parquet/action_part1.parquet,KlCLW9GodtA_segment_7_frame_22,person,person raising both arms with clenched fists,action,high,"The person's arms are raised and clenched in the target image, which matches the instruction. The source image shows the person standing still. The edit is a clear",Qwen/Qwen3-VL-2B-Instruct,,imgedit_00000948_00,imgedit_00000948_00.png
imgedit_00000949_00,imgedit,action,cGk9OwYlq_E_segment_55_frame_0.jpg,cGk9OwYlq_E_segment_55_frame_55.jpg,,"A blonde woman wearing sunglasses and a dark sweater, leaning against a tree with the sun shining brightly behind her.","A blonde woman wearing sunglasses and a dark sweater, leaning against a tree with her head tilted back slightly and her hand raised closer to her face.",The person tilts their head back slightly and raises their hand closer to their face.,,missing,0,D:/Datasets/ImgEdit/Parquet/action_part1.parquet,cGk9OwYlq_E_segment_55_frame_0,woman,woman with head tilted back and hand raised to her face,action,high,The woman's head position and hand placement have been adjusted to match the instruction.,Qwen/Qwen3-VL-2B-Instruct,,imgedit_00000949_00,imgedit_00000949_00.png
imgedit_00000950_00,imgedit,action,ETbexDVPJ5A_segment_15_frame_0.jpg,ETbexDVPJ5A_segment_15_frame_55.jpg,,A man with a beard and sunglasses stands on a winding road in a mountainous landscape.,A man with a beard and sunglasses turns his head to the side and raises his hand to the level of his chin.,The person turns their head to the side and raises their hand to the level of their chin.,,missing,0,D:/Datasets/ImgEdit/Parquet/action_part1.parquet,ETbexDVPJ5A_segment_15_frame_0,man,man with his head turned and hand raised to his chin,action,high,The man's head position and hand gesture are altered to match the instruction.,Qwen/Qwen3-VL-2B-Instruct,,imgedit_00000950_00,imgedit_00000950_00.png
imgedit_00000951_00,imgedit,action,gbwV8bLgvDg_segment_18_frame_0.jpg,gbwV8bLgvDg_segment_18_frame_55.jpg,,"A man in a grey t-shirt and brown pants crouches inside a wooden barn, gesturing with his hands.","A man in a grey t-shirt and brown pants crouches inside a wooden barn, looking to the side while clasping his hands together.",The person moves their head to look to the side while clasping their hands together.,,missing,0,D:/Datasets/ImgEdit/Parquet/action_part1.parquet,gbwV8bLgvDg_segment_18_frame_0,person,person looking to the side while clasping his hands together,action,high,The person's head position and hand gesture have been changed to match the instruction.,Qwen/Qwen3-VL-2B-Instruct,,imgedit_00000951_00,imgedit_00000951_00.png
imgedit_00000952_00,imgedit,action,XEVqHUvZ07A_segment_25_frame_156.jpg,XEVqHUvZ07A_segment_25_frame_211.jpg,,"A close-up of a hand holding a white stick, painting a detailed portrait of a woman with dark, curly hair.","A close-up of a hand holding a white stick, painting a detailed portrait of a woman with dark, curly hair, with the hand now gripping the edge of the stick.",The person changes their hand position from adjusting their grip to holding the edge of the object.,,missing,0,D:/Datasets/ImgEdit/Parquet/action_part1.parquet,XEVqHUvZ07A_segment_25_frame_156,hand,hand holding the edge of the object,action,high,The hand's grip on the stick changes from adjusting the grip to holding the edge of the object.,Qwen/Qwen3-VL-2B-Instruct,,imgedit_00000952_00,imgedit_00000952_00.png
imgedit_00000953_00,imgedit,action,xcGsl4UQpRg_segment_6_frame_0.jpg,xcGsl4UQpRg_segment_6_frame_55.jpg,,A muscular man in red shorts is using an exercise bike in a gym.,"A muscular man in red shorts is using an exercise bike in a gym, leaning forward more and gripping the handles with his elbows bent.",A man bends his elbows and leans forward more while gripping the handles.,,missing,0,D:/Datasets/ImgEdit/Parquet/action_part1.parquet,xcGsl4UQpRg_segment_6_frame_0,man,man leaning forward more while gripping the handles,action,high,"The man's posture has been adjusted to lean forward more, with his elbows bent and hands gripping the bike handles more firmly.",Qwen/Qwen3-VL-2B-Instruct,,imgedit_00000953_00,imgedit_00000953_00.png
imgedit_00000954_00,imgedit,action,aThqI4LJAZE_segment_17_frame_0.jpg,aThqI4LJAZE_segment_17_frame_55.jpg,,A man with a receding hairline and a light beard is speaking in front of a red brick wall with a poster of a nut and a model ship on a shelf behind him.,"A man with a receding hairline and a light beard is speaking in front of a red brick wall with a poster of a nut and a model ship on a shelf behind him, but his head is slightly turned to the right.",The head slightly turns to the right.,,missing,0,D:/Datasets/ImgEdit/Parquet/action_part1.parquet,aThqI4LJAZE_segment_17_frame_0,man,man with his head slightly turned to the right,action,high,"The man's head position has been adjusted to the right, which is",Qwen/Qwen3-VL-2B-Instruct,,imgedit_00000954_00,imgedit_00000954_00.png
imgedit_00000955_00,imgedit,action,SPoKPCQtue4_segment_25_frame_0.jpg,SPoKPCQtue4_segment_25_frame_54.jpg,,"A young girl with blue hair and a black jacket is looking at a boy with blonde hair from behind, holding a yellow object in her hands.","A young girl with blue hair and a black jacket is looking at a boy with blonde hair from behind, raising her hands in an open-handed gesture.","The person raises their hands from a clasped position near their chest to a higher, open-handed gesture.",,missing,0,D:/Datasets/ImgEdit/Parquet/action_part1.parquet,SPoKPCQtue4_segment_25_frame_0,the girl's hands,her hands are raised in an open-handed gesture,action,high,"The girl's hands are in a clasped position near her chest in the source image, but in the target image, they are raised to a higher, open-handed gesture.",Qwen/Qwen3-VL-2B-Instruct,,imgedit_00000955_00,imgedit_00000955_00.png
imgedit_00000956_00,imgedit,action,0HOSEJ8ppqg_segment_1_frame_76.jpg,0HOSEJ8ppqg_segment_1_frame_131.jpg,,A woman wearing a pink apron with a green broccoli graphic stands in a kitchen.,A woman wearing a pink apron with a green broccoli graphic extends her right arm forward in a kitchen.,The person extends their right arm forward.,,missing,0,D:/Datasets/ImgEdit/Parquet/action_part1.parquet,0HOSEJ8ppqg_segment_1_frame_76,person,person with extended right arm,action,high,"The person's right arm is extended forward, changing the posture.",Qwen/Qwen3-VL-2B-Instruct,,imgedit_00000956_00,imgedit_00000956_00.png
imgedit_00000957_00,imgedit,action,rAYW9n8i-C4_segment_34_frame_0.jpg,rAYW9n8i-C4_segment_34_frame_55.jpg,,"A man in a light blue shirt and glasses stands in a laboratory, gesturing with both hands raised while speaking next to a large, metallic industrial machine.","A man in a light blue shirt and glasses stands in a laboratory, holding his hands lower in front of him while speaking next to a large, metallic industrial machine.",The man changes from gesturing with both hands raised to holding his hands lower in front of him.,,missing,0,D:/Datasets/ImgEdit/Parquet/action_part1.parquet,rAYW9n8i-C4_segment_34_frame_0,man,man holding his hands lower in front of him,action,high,The man's hands are changed from being raised to being held lower in front of him.,Qwen/Qwen3-VL-2B-Instruct,,imgedit_00000957_00,imgedit_00000957_00.png
imgedit_00000958_00,imgedit,action,KD3z6NDbXKc_segment_8_frame_6.jpg,KD3z6NDbXKc_segment_8_frame_61.jpg,,"A man with long hair and a beard wearing a purple t-shirt stands against a black background, facing forward.","A man with long hair and a beard wearing a purple t-shirt stands against a black background, turning his head to the right, looking sideways.",The person turns their head from facing forward to facing sideways.,,missing,0,D:/Datasets/ImgEdit/Parquet/action_part1.parquet,KD3z6NDbXKc_segment_8_frame_6,person,person with head turned to the right,action,high,The person's head position has been changed from facing forward to facing sideways.,Qwen/Qwen3-VL-2B-Instruct,,imgedit_00000958_00,imgedit_00000958_00.png
imgedit_00000959_00,imgedit,action,syqkkYLLW3Y_segment_12_frame_168.jpg,syqkkYLLW3Y_segment_12_frame_223.jpg,,A man in a brown jacket stands in a forest with a stream behind him.,"A man in a brown jacket stands in a forest with a stream behind him, lowering his hands.",The person lowers their hands.,,missing,0,D:/Datasets/ImgEdit/Parquet/action_part1.parquet,syqkkYLLW3Y_segment_12_frame_168,person,person with lowered hands,action,high,The person's hands are lowered in the target image compared to the source image.,Qwen/Qwen3-VL-2B-Instruct,,imgedit_00000959_00,imgedit_00000959_00.png
imgedit_00000960_00,imgedit,action,XEz9zPguTUg_segment_9_frame_0.jpg,XEz9zPguTUg_segment_9_frame_55.jpg,,A man with a beard holds a microphone in his right hand and raises his left arm to his neck.,"A man with a beard holds a microphone in his right hand and lowers his left arm, bringing the microphone closer to his mouth.",A man lowers his raised arm and holds the microphone closer to his mouth.,,missing,0,D:/Datasets/ImgEdit/Parquet/action_part1.parquet,XEz9zPguTUg_segment_9_frame_0,man,man holding microphone closer to his mouth,action,high,"The man's left arm is raised and then lowered, bringing the microphone closer to his mouth.",Qwen/Qwen3-VL-2B-Instruct,,imgedit_00000960_00,imgedit_00000960_00.png
imgedit_00000961_00,imgedit,action,WwjSi8cIunE_segment_34_frame_0.jpg,WwjSi8cIunE_segment_34_frame_55.jpg,,"A woman with blonde hair tied back, wearing a black blazer and a patterned shirt, looks directly at the camera against a gray background.","A woman with blonde hair tied back, wearing a black blazer and a patterned shirt, tilts her head to the right and looks at the camera against a gray background.",The person tilts their head to the right.,,missing,0,D:/Datasets/ImgEdit/Parquet/action_part1.parquet,WwjSi8cIunE_segment_34_frame_0,person,tilting head to the right,action,high,"The person's head is tilted to the right in the target image, which is consistent with the instruction. The rest of the scene remains unchanged.",Qwen/Qwen3-VL-2B-Instruct,,imgedit_00000961_00,imgedit_00000961_00.png
imgedit_00000962_00,imgedit,action,-_pFCQXbopg_segment_112_frame_120.jpg,-_pFCQXbopg_segment_112_frame_170.jpg,,A large insect with red antennae is standing next to a tipped-over can and a glass bottle.,A large insect with red antennae is bent over and struggling on the ground next to a tipped-over can and a glass bottle.,"The insect on the right shifts from a joyful, jumping pose to a bent-over, struggling posture.",,missing,0,D:/Datasets/ImgEdit/Parquet/action_part1.parquet,-_pFCQXbopg_segment_112_frame_120,insect on the right,"insect on the right, bent over and struggling",action,high,"The insect's posture changes from a jumping pose to a bent-over, struggling posture.",Qwen/Qwen3-VL-2B-Instruct,,imgedit_00000962_00,imgedit_00000962_00.png
imgedit_00000963_00,imgedit,action,ylLQeIVrjIU_segment_74_frame_0.jpg,ylLQeIVrjIU_segment_74_frame_55.jpg,,"A woman in a white collared shirt is sitting at a desk, holding a calculator and looking at it.","A woman in a white collared shirt is sitting at a desk, holding a calculator and pointing at it with her right hand.",The person moves the calculator closer and points at it with their right hand.,,missing,0,D:/Datasets/ImgEdit/Parquet/action_part1.parquet,ylLQeIVrjIU_segment_74_frame_0,calculator,pointing at the calculator,action,high,"The woman's right hand is now extended towards the calculator, indicating a pointing action.",Qwen/Qwen3-VL-2B-Instruct,,imgedit_00000963_00,imgedit_00000963_00.png
imgedit_00000964_00,imgedit,action,vkBnbXlth0k_segment_8_frame_0.jpg,vkBnbXlth0k_segment_8_frame_55.jpg,,A person in a red shirt is leaning on a wooden box inside a workshop trailer.,A person in a red shirt is reaching forward and placing their hands on a wooden shelf inside a workshop trailer.,The person shifts from leaning on a wooden box to reaching forward and placing their hands on a shelf.,,missing,0,D:/Datasets/ImgEdit/Parquet/action_part1.parquet,vkBnbXlth0k_segment_8_frame_0,person,placing their hands on a shelf,action,high,"The person's posture changes from leaning to reaching forward, and their hands are now on the shelf.",Qwen/Qwen3-VL-2B-Instruct,,imgedit_00000964_00,imgedit_00000964_00.png
imgedit_00000965_00,imgedit,action,aNgFouxw4yE_segment_16_frame_130.jpg,aNgFouxw4yE_segment_16_frame_185.jpg,,"A woman with long white hair and a dark costume is raising her arm, with lightning emanating from her hand.","A woman with long white hair and a dark costume is raising her arm, with her face obscured by a blur.",The subject's facial expression is now obscured by a blur.,,missing,0,D:/Datasets/ImgEdit/Parquet/action_part1.parquet,aNgFouxw4yE_segment_16_frame_130,facial expression,blur,action,high,"The facial expression of the woman has been blurred, making her face unrecognizable. The surrounding scene and the lightning effect remain unchanged.",Qwen/Qwen3-VL-2B-Instruct,,imgedit_00000965_00,imgedit_00000965_00.png
imgedit_00000966_00,imgedit,action,YS9wAyV6Tb8_segment_0_frame_42.jpg,YS9wAyV6Tb8_segment_0_frame_97.jpg,,A man in a dark t-shirt stands at a reflective table with a white background.,"A man in a dark t-shirt stands at a reflective table with a white background, gesturing with his hands apart.",The man moves his hands apart in a gesturing motion.,,missing,0,D:/Datasets/ImgEdit/Parquet/action_part1.parquet,YS9wAyV6Tb8_segment_0_frame_42,man,gesturing with his hands apart,action,high,"The man's hands are positioned apart, indicating a gesturing motion.",Qwen/Qwen3-VL-2B-Instruct,,imgedit_00000966_00,imgedit_00000966_00.png
imgedit_00000967_00,imgedit,action,ylWiZwlVefM_segment_0_frame_4.jpg,ylWiZwlVefM_segment_0_frame_59.jpg,,A man with dark hair stands in front of a white Audi sedan in a forested area.,"A man with dark hair stands in front of a white Audi sedan in a forested area, clapping his hands.",The person changes from pointing with both thumbs to clapping their hands.,,missing,0,D:/Datasets/ImgEdit/Parquet/action_part1.parquet,ylWiZwlVefM_segment_0_frame_4,the person,clapping his hands,action,high,The person's hands are changed from pointing to a clapping motion.,Qwen/Qwen3-VL-2B-Instruct,,imgedit_00000967_00,imgedit_00000967_00.png
imgedit_00000968_00,imgedit,action,lPNMPMvZb0E_segment_64_frame_0.jpg,lPNMPMvZb0E_segment_64_frame_55.jpg,,A woman in a dark room is speaking and gesturing with her right hand.,A woman in a dark room turns her head to the left and lowers her right hand.,The person shifts their head and upper body slightly to the left and lowers their right hand.,,missing,0,D:/Datasets/ImgEdit/Parquet/action_part1.parquet,lPNMPMvZb0E_segment_64_frame_0,woman,woman,action,high,"The woman's head and upper body are slightly turned to the left, and her right hand is lowered.",Qwen/Qwen3-VL-2B-Instruct,,imgedit_00000968_00,imgedit_00000968_00.png
imgedit_00000969_00,imgedit,action,aT4y5KYAGFo_segment_12_frame_0.jpg,aT4y5KYAGFo_segment_12_frame_55.jpg,,A photographer is taking a photo of a woman in an orange sweater sitting on a stool in a room with pink and white walls.,"A photographer is taking a photo of a woman in an orange sweater sitting on a stool in a room with pink and white walls, tilting her head back and looking upwards.",The woman tilts her head back and looks upwards.,,missing,0,D:/Datasets/ImgEdit/Parquet/action_part1.parquet,aT4y5KYAGFo_segment_12_frame_0,woman,tilting her head back and looking upwards,action,high,The woman's head position changes from a neutral pose to one where her head is tilted back and her gaze is directed upwards.,Qwen/Qwen3-VL-2B-Instruct,,imgedit_00000969_00,imgedit_00000969_00.png
imgedit_00000970_00,imgedit,action,ZVjnLpeM6bs_segment_4_frame_0.jpg,ZVjnLpeM6bs_segment_4_frame_55.jpg,,A man with a beard and brown hair is speaking in a factory with industrial machinery in the background.,"A man with a beard and brown hair is speaking in a factory with industrial machinery in the background, opening the top button of his shirt.",The person opens the top button of their shirt.,,missing,0,D:/Datasets/ImgEdit/Parquet/action_part1.parquet,ZVjnLpeM6bs_segment_4_frame_0,man,man with his shirt's top button open,action,high,"The man's shirt is visibly open at the top, indicating the action of opening the button. The rest of the scene remains unchanged.",Qwen/Qwen3-VL-2B-Instruct,,imgedit_00000970_00,imgedit_00000970_00.png
imgedit_00000971_00,imgedit,action,4uoFzVOTks8_segment_19_frame_0.jpg,4uoFzVOTks8_segment_19_frame_55.jpg,,"A man in a red t-shirt stands in a woodworking shop, gesturing toward a stack of wooden boards.","A man in a red t-shirt stands in a woodworking shop, lowering his hand to rest on a stack of wooden boards.",The person lowers their hand to rest on the wooden board.,,missing,0,D:/Datasets/ImgEdit/Parquet/action_part1.parquet,4uoFzVOTks8_segment_19_frame_0,person,resting on the wooden board,action,high,"The person's hand is in a resting position on the wooden board, which is the same as the source image. The action is consistent with the instruction.",Qwen/Qwen3-VL-2B-Instruct,,imgedit_00000971_00,imgedit_00000971_00.png
imgedit_00000972_00,imgedit,action,Zlt4_mTuLkA_segment_25_frame_0.jpg,Zlt4_mTuLkA_segment_25_frame_55.jpg,,"A woman with brown hair in a braid, wearing a floral off-shoulder top and a pink lei, stands in front of a white wall with a green palm leaf.","A woman with brown hair in a braid, wearing a floral off-shoulder top and a pink lei, turns her head slightly to the right, standing in front of a white wall with a green palm leaf.",The woman turns her head slightly to the right.,,missing,0,D:/Datasets/ImgEdit/Parquet/action_part1.parquet,Zlt4_mTuLkA_segment_25_frame_0,woman,woman turns her head slightly to the right,action,high,The woman's head position changes from facing forward to slightly turned right.,Qwen/Qwen3-VL-2B-Instruct,,imgedit_00000972_00,imgedit_00000972_00.png
imgedit_00000973_00,imgedit,action,JOQHurWallA_segment_1_frame_165.jpg,JOQHurWallA_segment_1_frame_220.jpg,,A man walks toward a small shop on a quiet street lined with traditional buildings.,"A man walks toward a small shop on a quiet street lined with traditional buildings, with a blue bag in his hand.",A man walks toward a small shop.,,missing,0,D:/Datasets/ImgEdit/Parquet/action_part1.parquet,JOQHurWallA_segment_1_frame_165,man,man with a blue bag,action,high,"The man's bag is added to the scene, which is consistent with the instruction to walk toward the shop.",Qwen/Qwen3-VL-2B-Instruct,,imgedit_00000973_00,imgedit_00000973_00.png
imgedit_00000974_00,imgedit,action,KlD2IH8K8O8_segment_2_frame_0.jpg,KlD2IH8K8O8_segment_2_frame_55.jpg,,"A man wearing a white headband and glasses sits in a radio studio, wearing headphones and speaking into a microphone.","A man wearing a white headband and glasses sits in a radio studio, lifting his head to face forward and speaking into a microphone.",The person lifts their head to face forward.,,missing,0,D:/Datasets/ImgEdit/Parquet/action_part1.parquet,KlD2IH8K8O8_segment_2_frame_0,person,person lifting head to face forward,action,high,"The person's head position has been changed from a slightly tilted angle to a straight, forward-facing position.",Qwen/Qwen3-VL-2B-Instruct,,imgedit_00000974_00,imgedit_00000974_00.png
imgedit_00000975_00,imgedit,action,aJuOHWFMkOk_segment_11_frame_0.jpg,aJuOHWFMkOk_segment_11_frame_55.jpg,,A woman in a red dress is drawing on a sheet of paper at a kitchen counter.,"A woman in a red dress leans closer to her drawing, using a pen to add details on a sheet of paper.",A woman leans closer while drawing on a sheet of paper.,,missing,0,D:/Datasets/ImgEdit/Parquet/action_part1.parquet,aJuOHWFMkOk_segment_11_frame_0,woman,leaning closer,action,high,"The woman's posture changes from a neutral sitting position to leaning forward, indicating a closer approach to her drawing.",Qwen/Qwen3-VL-2B-Instruct,,imgedit_00000975_00,imgedit_00000975_00.png
imgedit_00000976_00,imgedit,action,4vYjIWjegxI_segment_17_frame_38.jpg,4vYjIWjegxI_segment_17_frame_93.jpg,,"A woman in a black jacket stands on a stage, raising her right hand in a gesture.","A woman in a black jacket stands on a stage, raising her right hand higher with her fingers more distinctly pinched.",A woman raises her right hand slightly higher with her fingers more distinctly pinched.,,missing,0,D:/Datasets/ImgEdit/Parquet/action_part1.parquet,4vYjIWjegxI_segment_17_frame_38,woman,woman raising her right hand higher with her fingers more distinctly pinched,action,high,"The edit focuses on the woman's raised right hand, specifically increasing the height and pinching of her fingers.",Qwen/Qwen3-VL-2B-Instruct,,imgedit_00000976_00,imgedit_00000976_00.png
imgedit_00000977_00,imgedit,action,sOH3hWlkUP8_segment_55_frame_0.jpg,sOH3hWlkUP8_segment_55_frame_55.jpg,,A young boy with blonde hair and wide eyes stands in a room with a white wall and a wooden-framed window.,"A young boy with blonde hair and wide eyes turns his body slightly to the right, while a hand rests on his shoulder.",A person turns their body slightly as a hand rests on their shoulder.,,missing,0,D:/Datasets/ImgEdit/Parquet/action_part1.parquet,sOH3hWlkUP8_segment_55_frame_0,the boy,the boy with a hand on his shoulder,action,high,"The boy's body position changes from facing forward to slightly turned, and a hand is now visible on his shoulder. The hand is not visible in the source image.",Qwen/Qwen3-VL-2B-Instruct,,imgedit_00000977_00,imgedit_00000977_00.png
imgedit_00000978_00,imgedit,action,X6Ec-hZaToA_segment_70_frame_0.jpg,X6Ec-hZaToA_segment_70_frame_55.jpg,,"A woman with short blonde hair wearing a face mask, looking to the right, with an American flag in the background.","A woman with short blonde hair wearing a face mask, looking to the right, with her head slightly tilted forward, and an American flag in the background.",The subject's head slightly tilts forward.,,missing,0,D:/Datasets/ImgEdit/Parquet/action_part1.parquet,X6Ec-hZaToA_segment_70_frame_0,subject's head,subject's head slightly tilted forward,action,high,"The subject's head is slightly tilted forward in the edited image, which is consistent with the instruction.",Qwen/Qwen3-VL-2B-Instruct,,imgedit_00000978_00,imgedit_00000978_00.png
imgedit_00000979_00,imgedit,action,8Go3P9HjhvE_segment_3_frame_0.jpg,8Go3P9HjhvE_segment_3_frame_55.jpg,,"A man with a beard and short hair wearing a grey suit jacket and a blue checkered shirt, standing against a black background.","A man with a beard and short hair wearing a grey suit jacket and a blue checkered shirt, standing against a black background and turning his head slightly to the right.",The man turns his head slightly to the right.,,missing,0,D:/Datasets/ImgEdit/Parquet/action_part1.parquet,8Go3P9HjhvE_segment_3_frame_0,man,man turning his head slightly to the right,action,high,"The man's head position has been adjusted to the right, consistent with the instruction.",Qwen/Qwen3-VL-2B-Instruct,,imgedit_00000979_00,imgedit_00000979_00.png
imgedit_00000980_00,imgedit,action,on7puw2zoL8_segment_49_frame_0.jpg,on7puw2zoL8_segment_49_frame_52.jpg,,A muscular man is performing a leg raise exercise with a dumbbell on a bench in a gym.,"A muscular man is standing upright in a gym, holding a dumbbell in his hand.",A man lowers his back leg from the bench to stand upright.,,missing,0,D:/Datasets/ImgEdit/Parquet/action_part1.parquet,on7puw2zoL8_segment_49_frame_0,man,standing upright,action,high,The man's leg is lowered from the bench and he is now standing upright.,Qwen/Qwen3-VL-2B-Instruct,,imgedit_00000980_00,imgedit_00000980_00.png
imgedit_00000981_00,imgedit,action,ET3qSiK3Szg_segment_6_frame_14.jpg,ET3qSiK3Szg_segment_6_frame_69.jpg,,A man with blonde hair and a beard wearing a white shirt is sitting in a room with a blue wall and framed pictures in the background.,"A man with blonde hair and a beard wearing a white shirt is turning his head to the left, looking at the camera, with a blue wall and framed pictures in the background.",The person turns their head to the side.,,missing,0,D:/Datasets/ImgEdit/Parquet/action_part1.parquet,ET3qSiK3Szg_segment_6_frame_14,person,person turning his head to the side,action,high,The person's head position changes from facing forward to angled to the left.,Qwen/Qwen3-VL-2B-Instruct,,imgedit_00000981_00,imgedit_00000981_00.png
imgedit_00000982_00,imgedit,action,X-sLG01fxk0_segment_2_frame_0.jpg,X-sLG01fxk0_segment_2_frame_52.jpg,,A man in a blue hoodie is speaking to the camera in a room with a black piano behind him.,"A man in a blue hoodie is speaking to the camera in a room with a black piano behind him, raising and gesturing with both hands.",The person raises and gestures with both hands.,,missing,0,D:/Datasets/ImgEdit/Parquet/action_part1.parquet,X-sLG01fxk0_segment_2_frame_0,person,person with both hands raised and gesturing,action,high,"The person's hands are in motion, indicating a gesture, which is consistent with the instruction to raise and gesture with both hands.",Qwen/Qwen3-VL-2B-Instruct,,imgedit_00000982_00,imgedit_00000982_00.png
imgedit_00000983_00,imgedit,action,xWoEOyisIRs_segment_2_frame_0.jpg,xWoEOyisIRs_segment_2_frame_55.jpg,,"A woman with short blonde hair and large hoop earrings stands in a hair salon, wearing a brown blouse.","A woman with short blonde hair and large hoop earrings stands in a hair salon, raising her right hand slightly while wearing a brown blouse.",The person raises their right hand slightly.,,missing,0,D:/Datasets/ImgEdit/Parquet/action_part1.parquet,xWoEOyisIRs_segment_2_frame_0,person,person raising her right hand slightly,action,high,"The person's right hand is raised slightly in the target image, which is consistent with the instruction. The edit is clear and the context remains the same.",Qwen/Qwen3-VL-2B-Instruct,,imgedit_00000983_00,imgedit_00000983_00.png
imgedit_00000984_00,imgedit,action,TaUw_qqlpTk_segment_0_frame_0.jpg,TaUw_qqlpTk_segment_0_frame_55.jpg,,"A man with a bald head, glasses, and a goatee stands on a stage with a red and white box pyramid behind him.","A man with a bald head, glasses, and a goatee stands on a stage with a red and white box pyramid behind him, gesturing with his left hand outward.",The man moves his left hand outward in a gesturing motion.,,missing,0,D:/Datasets/ImgEdit/Parquet/action_part1.parquet,TaUw_qqlpTk_segment_0_frame_0,man,man with his left hand outward in a gesturing motion,action,high,"The man's left hand is visibly extended outward in a gesture, which is the specific action requested in the instruction.",Qwen/Qwen3-VL-2B-Instruct,,imgedit_00000984_00,imgedit_00000984_00.png
imgedit_00000985_00,imgedit,action,1UsqSp7nmck_segment_1_frame_0.jpg,1UsqSp7nmck_segment_1_frame_55.jpg,,A man in a black suit stands in a modern living room with a concrete fireplace and a red wall.,"A man in a black suit stands in a modern living room with a concrete fireplace and a red wall, raising his right hand slightly higher.",The man raises his right hand slightly higher.,,missing,0,D:/Datasets/ImgEdit/Parquet/action_part1.parquet,1UsqSp7nmck_segment_1_frame_0,man,man raising his right hand slightly higher,action,high,The man's right hand is raised slightly higher in the target image compared to the source image.,Qwen/Qwen3-VL-2B-Instruct,,imgedit_00000985_00,imgedit_00000985_00.png
imgedit_00000986_00,imgedit,action,7dvB6as9tyE_segment_1_frame_24.jpg,7dvB6as9tyE_segment_1_frame_79.jpg,,"A woman in a black t-shirt stands behind a wooden workbench outdoors, with a red barn and green grass in the background.","A woman in a black t-shirt holds a wooden board up in front of her, standing behind a wooden workbench outdoors.",A woman lifts and holds a wooden board up in front of her.,,missing,0,D:/Datasets/ImgEdit/Parquet/action_part1.parquet,7dvB6as9tyE_segment_1_frame_24,a wooden board,a wooden board being held up,action,high,"The woman's hands are now visible as she holds the board, and her posture has changed to lift it. The board is positioned in front of her, and her hands are holding it from the top and bottom, indicating the action of lifting",Qwen/Qwen3-VL-2B-Instruct,,imgedit_00000986_00,imgedit_00000986_00.png
imgedit_00000987_00,imgedit,action,ZbpdT6B6dTc_segment_14_frame_2.jpg,ZbpdT6B6dTc_segment_14_frame_57.jpg,,"A man with a shaved head wearing a grey sweater stands in front of a dark blue sky with clouds, with his arms outstretched.","A man with a shaved head wearing a grey sweater stands in front of a dark blue sky with clouds, with his hands clasped together.",The person lowers their arms and clasps their hands together.,,missing,0,D:/Datasets/ImgEdit/Parquet/action_part1.parquet,ZbpdT6B6dTc_segment_14_frame_2,person,person with hands clasped together,action,high,The person's arms are lowered and his hands are clasped in the target image.,Qwen/Qwen3-VL-2B-Instruct,,imgedit_00000987_00,imgedit_00000987_00.png
imgedit_00000988_00,imgedit,action,Zm9G24kTmBs_segment_0_frame_2.jpg,Zm9G24kTmBs_segment_0_frame_57.jpg,,"A young man in a forest, wearing a blue and black vest, is crouching and holding a small plant.","A young man in a forest, wearing a blue and black vest, is crouching and extending his arm outward with his fingers spread.",The person extends their arm outward with fingers spread.,,missing,0,D:/Datasets/ImgEdit/Parquet/action_part1.parquet,Zm9G24kTmBs_segment_0_frame_2,the person,the person's arm,action,high,"The person's arm is extended outward with fingers spread, which is the specified action.",Qwen/Qwen3-VL-2B-Instruct,,imgedit_00000988_00,imgedit_00000988_00.png
imgedit_00000989_00,imgedit,action,RH5MwIjXicI_segment_38_frame_0.jpg,RH5MwIjXicI_segment_38_frame_55.jpg,,A person is using a handsaw to cut a wooden plank resting on a wooden sawhorse in a workshop.,"A person is using a handsaw to cut a wooden plank resting on a wooden sawhorse in a workshop, raising the saw higher while cutting.",The person raises the saw higher while cutting the wood.,,missing,0,D:/Datasets/ImgEdit/Parquet/action_part1.parquet,RH5MwIjXicI_segment_38_frame_0,saw,saw,action,high,"The saw is raised higher in the target image, indicating a change in the cutting position.",Qwen/Qwen3-VL-2B-Instruct,,imgedit_00000989_00,imgedit_00000989_00.png
imgedit_00000990_00,imgedit,action,8GPmwQ0RMNI_segment_26_frame_0.jpg,8GPmwQ0RMNI_segment_26_frame_55.jpg,,"A man with long hair stands in a doorway, buttoning his shirt.","A man with long hair stands in a doorway, having stopped buttoning his shirt and turned his body slightly to the side.",The person stops buttoning their shirt and turns their body slightly to the side.,,missing,0,D:/Datasets/ImgEdit/Parquet/action_part1.parquet,8GPmwQ0RMNI_segment_26_frame_0,man,man with stopped buttoning shirt and turned body,action,high,The man's posture and the direction of his gaze indicate a shift in his action from buttoning to turning.,Qwen/Qwen3-VL-2B-Instruct,,imgedit_00000990_00,imgedit_00000990_00.png
imgedit_00000991_00,imgedit,action,2A2NY29iQdI_segment_98_frame_0.jpg,2A2NY29iQdI_segment_98_frame_55.jpg,,A man with glasses and a hoodie is talking in a workshop with a woman.,"A man with glasses and a hoodie is talking in a workshop with a woman, his right hand is moving downward and his fingers are open wider.",The person moves their right hand downward and their fingers open wider.,,missing,0,D:/Datasets/ImgEdit/Parquet/action_part1.parquet,2A2NY29iQdI_segment_98_frame_0,person,"person, right hand moving downward and fingers open wider",action,high,"The edit involves the person's right hand, specifically its movement and finger spread, which is consistent with the instruction.",Qwen/Qwen3-VL-2B-Instruct,,imgedit_00000991_00,imgedit_00000991_00.png
imgedit_00000992_00,imgedit,action,70V9dq-F1DQ_segment_4_frame_0.jpg,70V9dq-F1DQ_segment_4_frame_55.jpg,,A man with sunglasses and a beard holds a gray bag in a forest.,"A man with sunglasses and a beard holds a gray bag closer to his body, adjusting the strap with his right hand.",The person shifts the bag slightly closer and adjusts the grip on the bag's strap.,,missing,0,D:/Datasets/ImgEdit/Parquet/action_part1.parquet,70V9dq-F1DQ_segment_4_frame_0,the man and the bag,the man holding the bag closer with a different grip on the strap,action,high,The man's hand position and the bag's orientation have changed to reflect the described action.,Qwen/Qwen3-VL-2B-Instruct,,imgedit_00000992_00,imgedit_00000992_00.png
imgedit_00000993_00,imgedit,action,2nvd6OaKQQU_segment_20_frame_0.jpg,2nvd6OaKQQU_segment_20_frame_55.jpg,,"A man is standing in a dimly lit, futuristic hallway with a glowing white door and a star emblem on the wall.","A man is standing in a dimly lit, futuristic hallway with a glowing white door and a star emblem on the wall, turning his head slightly to the left.",The person shifts from looking straight ahead to turning their head slightly to the left.,,missing,0,D:/Datasets/ImgEdit/Parquet/action_part1.parquet,2nvd6OaKQQU_segment_20_frame_0,person,person turning his head slightly to the left,action,high,"The person's head position has been adjusted from straight ahead to slightly turned left, matching the instruction.",Qwen/Qwen3-VL-2B-Instruct,,imgedit_00000993_00,imgedit_00000993_00.png
imgedit_00000994_00,imgedit,action,JRDHuJHmpdA_segment_12_frame_0.jpg,JRDHuJHmpdA_segment_12_frame_55.jpg,,"A man in a red jacket sits at a desk in an office, working on a laptop with a car image on the screen.","A man in a red jacket sits at a desk in an office, turns his chair and picks up a magazine.",The man turns in his chair and picks up a magazine.,,missing,0,D:/Datasets/ImgEdit/Parquet/action_part1.parquet,JRDHuJHmpdA_segment_12_frame_0,man,man holding a magazine,action,high,The man's posture and the magazine are consistent with the action of turning his chair and picking up the magazine.,Qwen/Qwen3-VL-2B-Instruct,,imgedit_00000994_00,imgedit_00000994_00.png
imgedit_00000995_00,imgedit,action,ORnlng0EZuM_segment_13_frame_0.jpg,ORnlng0EZuM_segment_13_frame_55.jpg,,A man in a suit walks down a modern office hallway with potted plants.,"A man in a suit walks down a modern office hallway with potted plants, slightly adjusting his jacket with his left hand.",A man continues walking forward while slightly adjusting his jacket with his left hand.,,missing,0,D:/Datasets/ImgEdit/Parquet/action_part1.parquet,ORnlng0EZuM_segment_13_frame_0,man,man with his left hand adjusting his jacket,action,high,"The man's left hand is visible near his jacket, indicating the action of adjusting it. The rest of the scene remains unchanged.",Qwen/Qwen3-VL-2B-Instruct,,imgedit_00000995_00,imgedit_00000995_00.png
imgedit_00000996_00,imgedit,action,ZbApnHfyXB4_segment_4_frame_0.jpg,ZbApnHfyXB4_segment_4_frame_55.jpg,,A man with a bull's head wearing a green plaid shirt and standing in a field with his arms crossed.,A man with a bull's head wearing a green plaid shirt and standing in a field with his arms straightened.,The subject straightens their posture.,,missing,0,D:/Datasets/ImgEdit/Parquet/action_part1.parquet,ZbApnHfyXB4_segment_4_frame_0,man,man with straight arms,action,high,The man's posture is altered from crossed arms to straight arms.,Qwen/Qwen3-VL-2B-Instruct,,imgedit_00000996_00,imgedit_00000996_00.png
imgedit_00000997_00,imgedit,action,xZ3QQxpgIs8_segment_0_frame_0.jpg,xZ3QQxpgIs8_segment_0_frame_55.jpg,,"A woman with black hair and glasses wearing a green jacket is sitting at a table with food, waving her hand.","A woman with black hair and glasses wearing a green jacket is sitting at a table with food, lowering her raised hand to rest on the table.",The person lowers their raised hand to rest on the table.,,missing,0,D:/Datasets/ImgEdit/Parquet/action_part1.parquet,xZ3QQxpgIs8_segment_0_frame_0,hand,resting on the table,action,high,"The hand is raised in the source and lowered in the target, with the action clearly indicated.",Qwen/Qwen3-VL-2B-Instruct,,imgedit_00000997_00,imgedit_00000997_00.png
imgedit_00000998_00,imgedit,action,rB98FLNH0Q0_segment_15_frame_0.jpg,rB98FLNH0Q0_segment_15_frame_55.jpg,,"A man in a grey suit and black hat sits in a white chair, gesturing with both hands raised.","A man in a grey suit and black hat sits in a white chair, lowering his hands and adjusting his fingers.",The man lowers his hands and changes the position of his fingers.,,missing,0,D:/Datasets/ImgEdit/Parquet/action_part1.parquet,rB98FLNH0Q0_segment_15_frame_0,man,man with lowered hands and changed finger positions,action,high,"The man's hands are positioned differently in the target image, with his fingers curled and his hands lower than in the source image.",Qwen/Qwen3-VL-2B-Instruct,,imgedit_00000998_00,imgedit_00000998_00.png
imgedit_00000999_00,imgedit,action,X0-f3FYzBRI_segment_0_frame_0.jpg,X0-f3FYzBRI_segment_0_frame_55.jpg,,A woman with curly hair wearing a white blazer over a black top stands in a kitchen with wooden cabinets and a stainless steel microwave.,"A woman with curly hair wearing a white blazer over a black top stands in a kitchen with wooden cabinets and a stainless steel microwave, gesturing with both hands apart.",The woman changes from clasping her hands together to gesturing with both hands apart.,,missing,0,D:/Datasets/ImgEdit/Parquet/action_part1.parquet,X0-f3FYzBRI_segment_0_frame_0,woman,gesturing with both hands apart,action,high,The woman's hands change from clasped together to being open and gesturing.,Qwen/Qwen3-VL-2B-Instruct,,imgedit_00000999_00,imgedit_00000999_00.png
