sample_id,t_delta,t_start,t_end,psnr,clip_edited
0,0.0,0.0,0.3,20.394428253173828,22.14931869506836
0,0.0,0.1,0.3,20.40557861328125,22.08914375305176
0,0.0,0.2,0.3,20.41426658630371,22.409666061401367
0,0.0,0.3,0.3,20.388988494873047,22.20805931091309
0,0.0,0.4,0.3,20.29367446899414,22.09399032592773
0,0.0,0.5,0.3,20.20134925842285,22.42312431335449
0,0.0,0.6,0.3,19.08642196655273,22.14999771118164
0,0.0,0.7,0.3,17.583236694335938,23.37757110595703
0,0.0,0.8,0.3,15.840497016906738,22.66803359985352
0,0.0,0.9,0.3,13.795971870422363,21.966890335083008
0,0.0,1.0,0.3,13.526058197021484,22.23084259033203
1,0.0,0.0,0.3,21.78451538085937,25.35314178466797
1,0.0,0.1,0.3,21.78190422058105,25.26338768005371
1,0.0,0.2,0.3,21.779539108276367,25.10385513305664
1,0.0,0.3,0.3,21.755109786987305,25.08194351196289
1,0.0,0.4,0.3,21.556650161743164,25.538063049316406
1,0.0,0.5,0.3,21.45993423461914,25.26700782775879
1,0.0,0.6,0.3,21.373884201049805,24.90468406677246
1,0.0,0.7,0.3,18.53696060180664,28.764623641967773
1,0.0,0.8,0.3,16.826574325561523,29.431381225585938
1,0.0,0.9,0.3,16.10657501220703,26.01020050048828
1,0.0,1.0,0.3,15.32625675201416,26.48598861694336
2,0.0,0.0,0.3,21.45685768127441,14.096993446350098
2,0.0,0.1,0.3,21.404483795166016,13.971614837646484
2,0.0,0.2,0.3,21.271764755249023,12.969446182250977
2,0.0,0.3,0.3,20.82164764404297,13.892345428466797
2,0.0,0.4,0.3,19.827795028686523,20.825138092041016
2,0.0,0.5,0.3,18.959447860717773,21.35354804992676
2,0.0,0.6,0.3,17.388399124145508,21.128427505493164
2,0.0,0.7,0.3,15.345808029174805,21.177562713623047
2,0.0,0.8,0.3,15.310789108276367,23.15293312072754
2,0.0,0.9,0.3,14.603160858154297,18.41532325744629
2,0.0,1.0,0.3,15.296957969665527,15.638819694519045
3,0.0,0.0,0.3,21.68234062194824,30.691286087036133
3,0.0,0.1,0.3,21.614303588867188,30.73347282409668
3,0.0,0.2,0.3,21.49828338623047,31.20586204528809
3,0.0,0.3,0.3,20.92384910583496,30.802547454833984
3,0.0,0.4,0.3,20.47195816040039,30.519380569458008
3,0.0,0.5,0.3,19.076709747314453,30.127317428588867
3,0.0,0.6,0.3,18.23252296447754,31.0141716003418
3,0.0,0.7,0.3,16.623523712158203,31.93802833557129
3,0.0,0.8,0.3,16.29635238647461,31.62904930114746
3,0.0,0.9,0.3,14.746814727783203,31.32553672790528
3,0.0,1.0,0.3,13.789891242980955,30.16158866882324
4,0.0,0.0,0.3,22.88086128234864,22.919984817504883
4,0.0,0.1,0.3,22.88398551940918,22.76544189453125
4,0.0,0.2,0.3,22.862224578857425,23.018699645996094
4,0.0,0.3,0.3,22.60757637023925,22.9703369140625
4,0.0,0.4,0.3,22.303241729736328,21.65817642211914
4,0.0,0.5,0.3,21.563697814941406,23.48788452148437
4,0.0,0.6,0.3,19.61107635498047,21.934795379638672
4,0.0,0.7,0.3,16.99115562438965,31.515926361083984
4,0.0,0.8,0.3,15.032525062561035,31.99333000183105
4,0.0,0.9,0.3,14.91810131072998,31.27537727355957
4,0.0,1.0,0.3,14.259400367736816,29.442258834838867
5,0.0,0.0,0.3,23.597244262695312,13.315593719482422
5,0.0,0.1,0.3,23.56361961364746,13.32219696044922
5,0.0,0.2,0.3,23.35874366760254,13.232956886291504
5,0.0,0.3,0.3,22.948938369750977,13.92660427093506
5,0.0,0.4,0.3,22.739103317260746,14.44655990600586
5,0.0,0.5,0.3,22.31864547729492,14.783872604370115
5,0.0,0.6,0.3,21.539257049560547,14.346049308776855
5,0.0,0.7,0.3,19.805707931518555,18.92447090148925
5,0.0,0.8,0.3,17.25387191772461,18.03205108642578
5,0.0,0.9,0.3,15.272907257080078,17.348894119262695
5,0.0,1.0,0.3,14.253121376037598,21.510967254638672
6,0.0,0.0,0.3,24.855825424194336,28.53532218933105
6,0.0,0.1,0.3,24.85649681091309,27.18684768676757
6,0.0,0.2,0.3,24.85841560363769,26.449342727661133
6,0.0,0.3,0.3,23.768768310546875,28.953447341918945
6,0.0,0.4,0.3,23.49486541748047,27.597192764282227
6,0.0,0.5,0.3,23.30373191833496,25.98647117614746
6,0.0,0.6,0.3,22.467906951904297,26.22942352294922
6,0.0,0.7,0.3,21.46682548522949,27.87175750732422
6,0.0,0.8,0.3,19.683244705200195,29.88623046875
6,0.0,0.9,0.3,17.00285530090332,29.26245307922364
6,0.0,1.0,0.3,15.35365390777588,20.24071502685547
7,0.0,0.0,0.3,22.05858993530273,24.67474937438965
7,0.0,0.1,0.3,22.059701919555664,24.60227394104004
7,0.0,0.2,0.3,22.060733795166016,24.418399810791016
7,0.0,0.3,0.3,22.050737380981445,24.61603355407715
7,0.0,0.4,0.3,22.029067993164062,24.82047843933105
7,0.0,0.5,0.3,21.97037506103516,25.142621994018555
7,0.0,0.6,0.3,21.93521499633789,24.471281051635746
7,0.0,0.7,0.3,21.862876892089844,24.408105850219727
7,0.0,0.8,0.3,21.938343048095703,24.819828033447266
7,0.0,0.9,0.3,21.59887886047364,24.310571670532227
7,0.0,1.0,0.3,21.41622543334961,24.743053436279297
8,0.0,0.0,0.3,22.318113327026367,9.053390502929688
8,0.0,0.1,0.3,22.29945373535156,7.859277725219727
8,0.0,0.2,0.3,22.277851104736328,7.178625583648682
8,0.0,0.3,0.3,22.21566390991211,6.1185503005981445
8,0.0,0.4,0.3,21.896726608276367,8.466789245605469
8,0.0,0.5,0.3,22.139781951904297,8.707633972167969
8,0.0,0.6,0.3,21.578771591186523,9.944466590881348
8,0.0,0.7,0.3,21.09982109069824,9.997830390930176
8,0.0,0.8,0.3,20.89709854125977,8.3135986328125
8,0.0,0.9,0.3,20.02495384216309,10.381951332092283
8,0.0,1.0,0.3,18.26216697692871,8.577340126037598
9,0.0,0.0,0.3,24.621213912963867,20.53369903564453
9,0.0,0.1,0.3,24.23243904113769,24.29968643188477
9,0.0,0.2,0.3,23.675403594970703,26.747556686401367
9,0.0,0.3,0.3,22.73330879211425,26.309350967407227
9,0.0,0.4,0.3,21.686994552612305,25.80044937133789
9,0.0,0.5,0.3,20.43384552001953,25.400257110595703
9,0.0,0.6,0.3,19.29337882995605,25.646608352661133
9,0.0,0.7,0.3,17.12244415283203,25.03969383239746
9,0.0,0.8,0.3,16.061960220336914,26.468441009521484
9,0.0,0.9,0.3,13.853591918945312,24.919214248657227
9,0.0,1.0,0.3,12.818893432617188,24.51108741760254
10,0.0,0.0,0.3,22.181196212768555,17.1190185546875
10,0.0,0.1,0.3,22.17296028137207,17.098237991333008
10,0.0,0.2,0.3,22.22846221923828,19.55907821655273
10,0.0,0.3,0.3,21.82172203063965,20.392730712890625
10,0.0,0.4,0.3,21.67000961303711,18.63677024841309
10,0.0,0.5,0.3,21.094566345214844,18.44334602355957
10,0.0,0.6,0.3,19.151168823242188,20.66829872131348
10,0.0,0.7,0.3,17.067087173461914,20.076316833496094
10,0.0,0.8,0.3,15.811923027038574,20.75034141540528
10,0.0,0.9,0.3,16.698671340942383,21.88056373596192
10,0.0,1.0,0.3,16.976343154907227,24.51747703552246
11,0.0,0.0,0.3,24.223207473754883,18.99309730529785
11,0.0,0.1,0.3,24.20523262023925,18.55091667175293
11,0.0,0.2,0.3,24.16577911376953,18.857681274414062
11,0.0,0.3,0.3,24.06879234313965,18.952131271362305
11,0.0,0.4,0.3,23.89410972595215,19.610864639282227
11,0.0,0.5,0.3,23.26593780517578,21.24651336669922
11,0.0,0.6,0.3,22.936737060546875,21.617572784423828
11,0.0,0.7,0.3,22.355249404907227,23.587665557861328
11,0.0,0.8,0.3,20.16437721252441,23.633617401123047
11,0.0,0.9,0.3,18.665889739990234,21.827468872070312
11,0.0,1.0,0.3,18.98642921447754,21.320444107055664
12,0.0,0.0,0.3,17.58523178100586,17.35702133178711
12,0.0,0.1,0.3,17.571029663085938,17.300485610961914
12,0.0,0.2,0.3,17.480302810668945,17.927997589111328
12,0.0,0.3,0.3,17.20488739013672,19.657331466674805
12,0.0,0.4,0.3,16.90277671813965,21.518741607666016
12,0.0,0.5,0.3,16.250627517700195,22.7915096282959
12,0.0,0.6,0.3,15.287002563476562,26.2794132232666
12,0.0,0.7,0.3,13.999094009399414,25.142627716064453
12,0.0,0.8,0.3,13.126812934875488,25.33460807800293
12,0.0,0.9,0.3,12.772249221801758,26.85285186767578
12,0.0,1.0,0.3,11.803868293762209,26.727617263793945
13,0.0,0.0,0.3,22.84432601928711,16.86219596862793
13,0.0,0.1,0.3,22.8053035736084,16.858266830444336
13,0.0,0.2,0.3,22.600770950317383,19.90725898742676
13,0.0,0.3,0.3,21.917724609375,17.824462890625
13,0.0,0.4,0.3,21.260719299316406,19.743549346923828
13,0.0,0.5,0.3,21.35311317443848,21.432348251342773
13,0.0,0.6,0.3,19.951940536499023,22.02888298034668
13,0.0,0.7,0.3,18.888818740844727,22.45750617980957
13,0.0,0.8,0.3,16.262798309326172,24.36343002319336
13,0.0,0.9,0.3,11.829174041748049,23.541488647460938
13,0.0,1.0,0.3,14.840277671813965,24.17861557006836
14,0.0,0.0,0.3,25.86598777770996,21.53489112854004
14,0.0,0.1,0.3,25.85884475708008,21.39721870422364
14,0.0,0.2,0.3,25.867891311645508,21.31210327148437
14,0.0,0.3,0.3,25.75610542297364,21.039134979248047
14,0.0,0.4,0.3,25.799448013305664,21.38320541381836
14,0.0,0.5,0.3,25.732954025268555,21.541507720947266
14,0.0,0.6,0.3,25.683746337890625,21.237876892089844
14,0.0,0.7,0.3,25.0945053100586,21.295202255249023
14,0.0,0.8,0.3,20.16510009765625,21.777324676513672
14,0.0,0.9,0.3,20.257709503173828,21.650310516357425
14,0.0,1.0,0.3,19.99894905090332,21.25811195373535
15,0.0,0.0,0.3,22.81220436096192,17.763181686401367
15,0.0,0.1,0.3,22.749286651611328,17.547786712646484
15,0.0,0.2,0.3,22.620649337768555,16.40234375
15,0.0,0.3,0.3,21.980545043945312,19.39997673034668
15,0.0,0.4,0.3,20.43850898742676,24.566181182861328
15,0.0,0.5,0.3,19.99137687683105,25.026979446411133
15,0.0,0.6,0.3,19.00618362426757,25.287214279174805
15,0.0,0.7,0.3,16.958812713623047,22.34417724609375
15,0.0,0.8,0.3,15.074560165405272,23.622726440429688
15,0.0,0.9,0.3,13.56019401550293,27.538311004638672
15,0.0,1.0,0.3,10.785480499267578,26.36398696899414
16,0.0,0.0,0.3,20.49711227416992,18.15553474426269
16,0.0,0.1,0.3,20.498580932617188,19.102293014526367
16,0.0,0.2,0.3,20.50925064086914,19.13858413696289
16,0.0,0.3,0.3,20.394126892089844,20.32500648498535
16,0.0,0.4,0.3,20.07999992370605,23.91527938842773
16,0.0,0.5,0.3,19.666059494018555,23.043684005737305
16,0.0,0.6,0.3,19.67685890197754,26.6506404876709
16,0.0,0.7,0.3,18.73541641235352,24.94901657104492
16,0.0,0.8,0.3,15.86648941040039,23.10733413696289
16,0.0,0.9,0.3,15.198447227478027,20.472795486450195
16,0.0,1.0,0.3,14.00605010986328,23.64750862121582
17,0.0,0.0,0.3,19.94690322875977,19.58084297180176
17,0.0,0.1,0.3,19.945858001708984,19.777631759643555
17,0.0,0.2,0.3,19.995885848999023,19.96074104309082
17,0.0,0.3,0.3,19.87716484069824,20.239152908325195
17,0.0,0.4,0.3,19.69144630432129,19.53105926513672
17,0.0,0.5,0.3,19.21703720092773,19.825862884521484
17,0.0,0.6,0.3,19.44134330749512,19.178857803344727
17,0.0,0.7,0.3,16.199234008789062,21.427452087402344
17,0.0,0.8,0.3,15.110501289367676,21.997314453125
17,0.0,0.9,0.3,14.622879028320312,21.86376953125
17,0.0,1.0,0.3,14.598470687866213,22.745346069335938
18,0.0,0.0,0.3,22.26675033569336,19.855636596679688
18,0.0,0.1,0.3,22.266366958618164,19.979209899902344
18,0.0,0.2,0.3,22.239978790283203,19.92695045471192
18,0.0,0.3,0.3,22.166135787963867,19.31975173950196
18,0.0,0.4,0.3,22.19525718688965,19.48662757873535
18,0.0,0.5,0.3,22.053831100463867,19.48380851745605
18,0.0,0.6,0.3,21.975191116333008,20.31390190124512
18,0.0,0.7,0.3,20.95767402648925,21.770299911499023
18,0.0,0.8,0.3,20.736665725708008,20.82162094116211
18,0.0,0.9,0.3,18.512670516967773,19.45566749572754
18,0.0,1.0,0.3,13.96837043762207,19.06505584716797
19,0.0,0.0,0.3,18.28409767150879,22.71474838256836
19,0.0,0.1,0.3,18.229631423950195,23.213228225708008
19,0.0,0.2,0.3,18.09639549255371,22.71854782104492
19,0.0,0.3,0.3,17.74468231201172,23.00753593444824
19,0.0,0.4,0.3,17.317472457885742,23.914989471435547
19,0.0,0.5,0.3,16.64383888244629,23.26843643188477
19,0.0,0.6,0.3,15.692679405212402,23.068809509277344
19,0.0,0.7,0.3,14.545683860778809,22.5975399017334
19,0.0,0.8,0.3,12.7680025100708,22.13348388671875
19,0.0,0.9,0.3,13.593695640563965,16.073217391967773
19,0.0,1.0,0.3,13.134185791015623,19.70451736450196
20,0.0,0.0,0.3,20.877628326416016,21.25397491455078
20,0.0,0.1,0.3,20.865434646606445,20.89371681213379
20,0.0,0.2,0.3,20.85297393798828,21.34196853637696
20,0.0,0.3,0.3,20.650678634643555,21.81766891479492
20,0.0,0.4,0.3,20.42115592956543,22.01434898376465
20,0.0,0.5,0.3,20.32456016540528,21.7620792388916
20,0.0,0.6,0.3,19.69856643676757,21.373193740844727
20,0.0,0.7,0.3,18.075523376464844,23.52008819580078
20,0.0,0.8,0.3,17.14124298095703,23.09768295288086
20,0.0,0.9,0.3,16.65071678161621,23.270771026611328
20,0.0,1.0,0.3,15.987669944763184,20.050518035888672
21,0.0,0.0,0.3,19.701663970947266,24.42397117614746
21,0.0,0.1,0.3,19.69978713989257,24.699848175048828
21,0.0,0.2,0.3,19.71152877807617,24.161216735839844
21,0.0,0.3,0.3,19.620662689208984,23.90990829467773
21,0.0,0.4,0.3,19.533706665039062,24.330337524414062
21,0.0,0.5,0.3,19.425020217895508,24.022680282592773
21,0.0,0.6,0.3,19.361093521118164,24.513317108154297
21,0.0,0.7,0.3,18.662023544311523,25.77500343322754
21,0.0,0.8,0.3,18.50756454467773,24.79018783569336
21,0.0,0.9,0.3,18.23599433898925,25.263893127441406
21,0.0,1.0,0.3,16.789772033691406,25.816837310791016
22,0.0,0.0,0.3,15.774727821350098,14.16310977935791
22,0.0,0.1,0.3,15.77289581298828,13.706618309020996
22,0.0,0.2,0.3,15.739745140075684,15.39142894744873
22,0.0,0.3,0.3,15.666107177734377,17.70475196838379
22,0.0,0.4,0.3,15.514909744262695,17.15489387512207
22,0.0,0.5,0.3,15.379393577575684,14.611283302307127
22,0.0,0.6,0.3,14.93533420562744,12.82203197479248
22,0.0,0.7,0.3,13.53520965576172,14.314164161682127
22,0.0,0.8,0.3,12.20228385925293,14.6222505569458
22,0.0,0.9,0.3,12.498294830322266,14.099637985229492
22,0.0,1.0,0.3,11.405461311340332,11.820667266845703
23,0.0,0.0,0.3,21.44580841064453,26.02387046813965
23,0.0,0.1,0.3,21.4346923828125,25.96341323852539
23,0.0,0.2,0.3,21.41421127319336,26.27774810791016
23,0.0,0.3,0.3,21.36026191711425,26.35688781738281
23,0.0,0.4,0.3,21.251577377319336,26.59099769592285
23,0.0,0.5,0.3,21.21291160583496,26.82248878479004
23,0.0,0.6,0.3,21.127477645874023,26.631515502929688
23,0.0,0.7,0.3,20.7431869506836,26.427978515625
23,0.0,0.8,0.3,20.379268646240234,25.62422180175781
23,0.0,0.9,0.3,19.89039421081543,27.118820190429688
23,0.0,1.0,0.3,17.960243225097656,24.8271427154541
24,0.0,0.0,0.3,20.305252075195312,20.51877212524414
24,0.0,0.1,0.3,20.30185890197754,20.55719566345215
24,0.0,0.2,0.3,20.29623985290528,20.7321891784668
24,0.0,0.3,0.3,20.215028762817383,20.825119018554688
24,0.0,0.4,0.3,20.141254425048828,20.701908111572266
24,0.0,0.5,0.3,19.952293395996094,20.99936866760254
24,0.0,0.6,0.3,19.59585762023925,20.91752243041992
24,0.0,0.7,0.3,19.033855438232425,21.432504653930664
24,0.0,0.8,0.3,18.174421310424805,21.398555755615234
24,0.0,0.9,0.3,16.5441951751709,22.6977481842041
24,0.0,1.0,0.3,15.3748197555542,21.63658905029297
25,0.0,0.0,0.3,20.374217987060547,24.82671546936035
25,0.0,0.1,0.3,20.38622665405273,25.0030517578125
25,0.0,0.2,0.3,20.39078712463379,25.759899139404297
25,0.0,0.3,0.3,20.18742561340332,25.696950912475582
25,0.0,0.4,0.3,19.8437728881836,27.710168838500977
25,0.0,0.5,0.3,19.36277198791504,26.48822975158692
25,0.0,0.6,0.3,18.707225799560547,25.790512084960938
25,0.0,0.7,0.3,15.428964614868164,26.758289337158203
25,0.0,0.8,0.3,13.008071899414062,32.2679443359375
25,0.0,0.9,0.3,12.508134841918944,24.1863956451416
25,0.0,1.0,0.3,12.236224174499512,24.04679107666016
26,0.0,0.0,0.3,21.621728897094727,16.631874084472656
26,0.0,0.1,0.3,21.62408828735352,16.24336051940918
26,0.0,0.2,0.3,21.57304954528809,16.723976135253906
26,0.0,0.3,0.3,21.329639434814453,15.801959991455078
26,0.0,0.4,0.3,21.1008529663086,16.050352096557617
26,0.0,0.5,0.3,20.622737884521484,15.799236297607422
26,0.0,0.6,0.3,20.039634704589844,17.30813980102539
26,0.0,0.7,0.3,18.908491134643555,18.814498901367188
26,0.0,0.8,0.3,16.30025291442871,19.483686447143555
26,0.0,0.9,0.3,15.650739669799805,17.488237380981445
26,0.0,1.0,0.3,14.821721076965332,19.654277801513672
27,0.0,0.0,0.3,20.19865798950196,21.86969566345215
27,0.0,0.1,0.3,20.193038940429688,21.793100357055664
27,0.0,0.2,0.3,20.1823673248291,21.935535430908203
27,0.0,0.3,0.3,20.164325714111328,21.97489547729492
27,0.0,0.4,0.3,20.11588287353516,23.01115608215332
27,0.0,0.5,0.3,20.10457229614257,22.81542587280273
27,0.0,0.6,0.3,20.08592796325684,21.69268035888672
27,0.0,0.7,0.3,19.98983383178711,21.22900390625
27,0.0,0.8,0.3,18.114356994628903,22.55626106262207
27,0.0,0.9,0.3,18.824033737182617,22.84950828552246
27,0.0,1.0,0.3,17.64533805847168,21.22455596923828
28,0.0,0.0,0.3,24.400123596191406,23.41952896118164
28,0.0,0.1,0.3,24.43744659423828,23.422168731689453
28,0.0,0.2,0.3,24.47967338562012,23.13498306274414
28,0.0,0.3,0.3,24.33177947998047,24.093618392944336
28,0.0,0.4,0.3,23.8752555847168,23.809770584106445
28,0.0,0.5,0.3,23.45932579040528,23.710426330566406
28,0.0,0.6,0.3,22.74613571166992,23.360645294189453
28,0.0,0.7,0.3,22.347681045532227,23.458961486816406
28,0.0,0.8,0.3,22.35182762145996,22.747920989990234
28,0.0,0.9,0.3,20.937843322753903,24.212928771972656
28,0.0,1.0,0.3,19.27886962890625,26.792675018310547
29,0.0,0.0,0.3,22.40224838256836,14.651827812194824
29,0.0,0.1,0.3,22.37657165527344,15.082674980163574
29,0.0,0.2,0.3,22.2968807220459,15.76845932006836
29,0.0,0.3,0.3,22.004751205444336,15.08182144165039
29,0.0,0.4,0.3,21.288837432861328,16.880338668823242
29,0.0,0.5,0.3,19.84998893737793,25.72082901000977
29,0.0,0.6,0.3,19.10115432739257,23.917675018310547
29,0.0,0.7,0.3,18.014684677124023,23.930892944335938
29,0.0,0.8,0.3,18.806612014770508,22.89166831970215
29,0.0,0.9,0.3,18.546310424804688,14.25891399383545
29,0.0,1.0,0.3,17.905052185058594,18.07207298278809
30,0.0,0.0,0.3,18.501007080078125,16.012950897216797
30,0.0,0.1,0.3,18.503549575805664,15.827037811279297
30,0.0,0.2,0.3,18.49701881408692,15.91503620147705
30,0.0,0.3,0.3,18.392099380493164,15.444003105163574
30,0.0,0.4,0.3,18.14081573486328,16.563241958618164
30,0.0,0.5,0.3,17.457630157470703,15.515921592712402
30,0.0,0.6,0.3,16.76561737060547,19.63651657104492
30,0.0,0.7,0.3,16.15455436706543,21.76171112060547
30,0.0,0.8,0.3,16.251447677612305,22.436193466186523
30,0.0,0.9,0.3,16.397253036499023,23.665233612060547
30,0.0,1.0,0.3,15.72214698791504,23.390941619873047
31,0.0,0.0,0.3,23.97476959228516,20.96286964416504
31,0.0,0.1,0.3,23.978729248046875,20.882457733154297
31,0.0,0.2,0.3,23.94173240661621,20.85382080078125
31,0.0,0.3,0.3,23.98854255676269,20.44764518737793
31,0.0,0.4,0.3,23.62674140930176,20.67107009887696
31,0.0,0.5,0.3,23.49635124206543,20.642009735107425
31,0.0,0.6,0.3,22.26343536376953,20.76375198364257
31,0.0,0.7,0.3,20.30439567565918,21.63404655456543
31,0.0,0.8,0.3,18.619287490844727,20.062255859375
31,0.0,0.9,0.3,15.88697624206543,21.693510055541992
31,0.0,1.0,0.3,13.944835662841797,23.640844345092773
32,0.0,0.0,0.3,21.17129135131836,15.905401229858398
32,0.0,0.1,0.3,21.175291061401367,16.11383819580078
32,0.0,0.2,0.3,21.17874336242676,16.1370792388916
32,0.0,0.3,0.3,21.19942283630371,16.643997192382812
32,0.0,0.4,0.3,20.957374572753903,16.86738395690918
32,0.0,0.5,0.3,20.50745391845703,17.4594783782959
32,0.0,0.6,0.3,20.42576026916504,17.634185791015625
32,0.0,0.7,0.3,19.31107711791992,18.715944290161133
32,0.0,0.8,0.3,18.48309135437012,19.791507720947266
32,0.0,0.9,0.3,16.530393600463867,21.150421142578125
32,0.0,1.0,0.3,15.957934379577637,18.597625732421875
33,0.0,0.0,0.3,23.303964614868164,18.5750789642334
33,0.0,0.1,0.3,23.301380157470703,18.531164169311523
33,0.0,0.2,0.3,23.29249382019043,18.529624938964844
33,0.0,0.3,0.3,23.129756927490234,17.42481803894043
33,0.0,0.4,0.3,22.94453239440918,17.930082321166992
33,0.0,0.5,0.3,22.59450912475586,17.46123504638672
33,0.0,0.6,0.3,22.160972595214844,21.14188766479492
33,0.0,0.7,0.3,21.28465843200684,21.321897506713867
33,0.0,0.8,0.3,20.613544464111328,24.164182662963867
33,0.0,0.9,0.3,18.15024948120117,18.52314186096192
33,0.0,1.0,0.3,17.150999069213867,18.63592529296875
34,0.0,0.0,0.3,18.19059944152832,22.957162857055664
34,0.0,0.1,0.3,18.18749618530273,22.63426399230957
34,0.0,0.2,0.3,18.175500869750977,22.968042373657227
34,0.0,0.3,0.3,18.022592544555664,23.456167221069336
34,0.0,0.4,0.3,17.87572479248047,22.647363662719727
34,0.0,0.5,0.3,17.680524826049805,22.82474899291992
34,0.0,0.6,0.3,17.599966049194336,23.302783966064453
34,0.0,0.7,0.3,17.536300659179688,31.881404876708984
34,0.0,0.8,0.3,16.342716217041016,35.59683990478516
34,0.0,0.9,0.3,14.768628120422363,33.45073699951172
34,0.0,1.0,0.3,14.558844566345217,34.44186019897461
35,0.0,0.0,0.3,20.35788345336914,16.387405395507812
35,0.0,0.1,0.3,20.368358612060547,16.438671112060547
35,0.0,0.2,0.3,20.378795623779297,18.031051635742188
35,0.0,0.3,0.3,20.295089721679688,23.788291931152344
35,0.0,0.4,0.3,19.7839298248291,24.124496459960938
35,0.0,0.5,0.3,18.93659210205078,21.73185539245605
35,0.0,0.6,0.3,17.651445388793945,22.236486434936523
35,0.0,0.7,0.3,17.27916717529297,25.19132804870605
35,0.0,0.8,0.3,15.578169822692873,25.234758377075195
35,0.0,0.9,0.3,15.557244300842283,24.76732444763184
35,0.0,1.0,0.3,16.21451759338379,27.633983612060547
36,0.0,0.0,0.3,23.38959503173828,13.36196994781494
36,0.0,0.1,0.3,23.38852500915528,13.521172523498535
36,0.0,0.2,0.3,23.3815860748291,13.740418434143066
36,0.0,0.3,0.3,23.30887031555176,13.490086555480955
36,0.0,0.4,0.3,23.086225509643555,13.519081115722656
36,0.0,0.5,0.3,23.015548706054688,13.674152374267578
36,0.0,0.6,0.3,21.81645965576172,14.293970108032228
36,0.0,0.7,0.3,19.307767868041992,17.586254119873047
36,0.0,0.8,0.3,19.266420364379883,20.48748207092285
36,0.0,0.9,0.3,18.401859283447266,20.85537910461425
36,0.0,1.0,0.3,16.180557250976562,19.627649307250977
37,0.0,0.0,0.3,20.232006072998047,15.469245910644531
37,0.0,0.1,0.3,20.225154876708984,15.471580505371094
37,0.0,0.2,0.3,20.220563888549805,14.661221504211426
37,0.0,0.3,0.3,20.18140983581543,13.120107650756836
37,0.0,0.4,0.3,20.093673706054688,13.400201797485352
37,0.0,0.5,0.3,19.68825340270996,13.349315643310549
37,0.0,0.6,0.3,18.95144462585449,13.924421310424805
37,0.0,0.7,0.3,18.68240737915039,17.12302017211914
37,0.0,0.8,0.3,18.846853256225582,16.00136375427246
37,0.0,0.9,0.3,19.049863815307617,15.615716934204102
37,0.0,1.0,0.3,18.81880569458008,14.132610321044922
38,0.0,0.0,0.3,21.457820892333984,15.584593772888184
38,0.0,0.1,0.3,21.45461654663086,15.397512435913086
38,0.0,0.2,0.3,21.46120834350586,15.51044464111328
38,0.0,0.3,0.3,21.463403701782227,15.542608261108398
38,0.0,0.4,0.3,21.456031799316406,15.37123203277588
38,0.0,0.5,0.3,21.45450019836425,15.77926540374756
38,0.0,0.6,0.3,21.41962242126465,15.393508911132812
38,0.0,0.7,0.3,21.236326217651367,16.2288875579834
38,0.0,0.8,0.3,20.717416763305664,15.869243621826172
38,0.0,0.9,0.3,21.161115646362305,15.916097640991213
38,0.0,1.0,0.3,20.4765682220459,16.775087356567383
39,0.0,0.0,0.3,18.333335876464844,26.1741943359375
39,0.0,0.1,0.3,18.34479331970215,26.181190490722656
39,0.0,0.2,0.3,18.340085983276367,26.081382751464844
39,0.0,0.3,0.3,18.27959251403809,26.159500122070312
39,0.0,0.4,0.3,18.13808822631836,26.4140853881836
39,0.0,0.5,0.3,17.883628845214844,26.09949111938477
39,0.0,0.6,0.3,17.494874954223633,25.30421638488769
39,0.0,0.7,0.3,16.779977798461914,24.63434410095215
39,0.0,0.8,0.3,14.990440368652344,24.891525268554688
39,0.0,0.9,0.3,14.067460060119627,23.99781990051269
39,0.0,1.0,0.3,13.269911766052246,22.639867782592773
40,0.0,0.0,0.3,22.72986221313477,23.27998352050781
40,0.0,0.1,0.3,22.734996795654297,23.35429573059082
40,0.0,0.2,0.3,22.72812843322754,23.34200859069824
40,0.0,0.3,0.3,22.698863983154297,23.3763370513916
40,0.0,0.4,0.3,22.54121780395508,23.180309295654297
40,0.0,0.5,0.3,22.33843994140625,21.47093772888184
40,0.0,0.6,0.3,21.657569885253903,22.04976463317871
40,0.0,0.7,0.3,18.80738067626953,23.20402336120605
40,0.0,0.8,0.3,18.88771629333496,29.95232582092285
40,0.0,0.9,0.3,18.20375633239746,29.79863929748535
40,0.0,1.0,0.3,17.79364776611328,25.56022453308105
41,0.0,0.0,0.3,20.013051986694336,16.685256958007812
41,0.0,0.1,0.3,20.02031135559082,16.680755615234375
41,0.0,0.2,0.3,20.039756774902344,17.25400733947754
41,0.0,0.3,0.3,20.003005981445312,19.3393611907959
41,0.0,0.4,0.3,19.905981063842773,19.532922744750977
41,0.0,0.5,0.3,19.42346572875977,24.0571231842041
41,0.0,0.6,0.3,18.799768447875977,25.600460052490234
41,0.0,0.7,0.3,18.442157745361328,23.95639610290528
41,0.0,0.8,0.3,17.48175048828125,24.25375938415528
41,0.0,0.9,0.3,16.2537784576416,25.560829162597656
41,0.0,1.0,0.3,15.41272258758545,23.653564453125
42,0.0,0.0,0.3,25.530420303344727,22.612533569335938
42,0.0,0.1,0.3,25.52439308166504,23.66944122314453
42,0.0,0.2,0.3,25.428136825561523,21.86837387084961
42,0.0,0.3,0.3,24.96622467041016,21.314525604248047
42,0.0,0.4,0.3,24.830596923828125,21.78738021850586
42,0.0,0.5,0.3,23.026351928710938,19.68244361877441
42,0.0,0.6,0.3,22.06879425048828,20.72107696533203
42,0.0,0.7,0.3,21.02165412902832,21.12782287597656
42,0.0,0.8,0.3,20.22724151611328,22.422637939453125
42,0.0,0.9,0.3,18.81940460205078,21.043540954589844
42,0.0,1.0,0.3,16.77179527282715,17.898468017578125
43,0.0,0.0,0.3,23.928232192993164,21.14972686767578
43,0.0,0.1,0.3,23.932382583618164,21.36835479736328
43,0.0,0.2,0.3,23.935380935668945,21.206886291503903
43,0.0,0.3,0.3,23.97216987609864,20.449562072753903
43,0.0,0.4,0.3,23.835453033447266,20.55582046508789
43,0.0,0.5,0.3,23.59371566772461,22.0334587097168
43,0.0,0.6,0.3,23.035755157470703,23.10654640197754
43,0.0,0.7,0.3,21.459688186645508,23.63600730895996
43,0.0,0.8,0.3,20.58769989013672,24.312728881835938
43,0.0,0.9,0.3,20.05219841003418,23.30635643005371
43,0.0,1.0,0.3,17.804485321044922,22.1958065032959
44,0.0,0.0,0.3,18.745677947998047,22.3443660736084
44,0.0,0.1,0.3,18.736549377441406,22.61297416687012
44,0.0,0.2,0.3,18.67859268188477,22.867084503173828
44,0.0,0.3,0.3,18.51435279846192,22.420764923095703
44,0.0,0.4,0.3,18.430736541748047,22.845558166503903
44,0.0,0.5,0.3,17.98444938659668,25.962770462036133
44,0.0,0.6,0.3,17.006996154785156,28.04358673095703
44,0.0,0.7,0.3,15.711943626403809,27.186500549316406
44,0.0,0.8,0.3,14.675660133361816,27.299118041992188
44,0.0,0.9,0.3,13.119745254516602,28.09113311767578
44,0.0,1.0,0.3,12.19249153137207,27.31669235229492
45,0.0,0.0,0.3,21.73879623413086,26.425079345703125
45,0.0,0.1,0.3,21.744647979736328,26.483049392700195
45,0.0,0.2,0.3,21.72005844116211,26.45419311523437
45,0.0,0.3,0.3,21.529062271118164,26.61966323852539
45,0.0,0.4,0.3,20.89697265625,26.513940811157227
45,0.0,0.5,0.3,20.96727180480957,29.90950393676757
45,0.0,0.6,0.3,20.674148559570312,29.584667205810547
45,0.0,0.7,0.3,19.82454490661621,29.88422584533692
45,0.0,0.8,0.3,17.052181243896484,30.72928237915039
45,0.0,0.9,0.3,16.040380477905273,24.82245445251465
45,0.0,1.0,0.3,17.16921043395996,28.36105155944824
46,0.0,0.0,0.3,25.86323356628418,22.870948791503903
46,0.0,0.1,0.3,25.808500289916992,22.758264541625977
46,0.0,0.2,0.3,25.492094039916992,22.635725021362305
46,0.0,0.3,0.3,24.97797393798828,23.122264862060547
46,0.0,0.4,0.3,24.514583587646484,23.34086227416992
46,0.0,0.5,0.3,24.151023864746094,23.563325881958008
46,0.0,0.6,0.3,24.02533721923828,23.006988525390625
46,0.0,0.7,0.3,23.037616729736328,23.03645706176757
46,0.0,0.8,0.3,21.76826858520508,23.40435028076172
46,0.0,0.9,0.3,21.6314697265625,23.802635192871094
46,0.0,1.0,0.3,21.703044891357425,23.0107421875
47,0.0,0.0,0.3,15.505766868591309,20.3098201751709
47,0.0,0.1,0.3,15.505829811096191,20.315921783447266
47,0.0,0.2,0.3,15.486231803894045,20.747188568115234
47,0.0,0.3,0.3,15.333539962768556,20.4797592163086
47,0.0,0.4,0.3,15.189986228942873,20.15216636657715
47,0.0,0.5,0.3,14.917366981506348,19.487842559814453
47,0.0,0.6,0.3,14.21538543701172,20.788270950317383
47,0.0,0.7,0.3,12.86176300048828,20.90395736694336
47,0.0,0.8,0.3,11.344297409057615,20.310752868652344
47,0.0,0.9,0.3,11.979100227355955,21.531551361083984
47,0.0,1.0,0.3,11.059574127197266,20.539077758789062
48,0.0,0.0,0.3,26.44100570678711,22.23073959350586
48,0.0,0.1,0.3,26.447784423828125,22.262022018432617
48,0.0,0.2,0.3,26.450740814208984,22.003692626953125
48,0.0,0.3,0.3,26.428367614746094,22.0369930267334
48,0.0,0.4,0.3,26.385883331298828,21.91506576538086
48,0.0,0.5,0.3,26.26177406311035,21.811222076416016
48,0.0,0.6,0.3,25.9326171875,21.939796447753903
48,0.0,0.7,0.3,24.74252319335937,22.132173538208008
48,0.0,0.8,0.3,22.41438102722168,22.25125503540039
48,0.0,0.9,0.3,18.4797420501709,21.99331855773925
48,0.0,1.0,0.3,15.250262260437012,21.511058807373047
49,0.0,0.0,0.3,23.87290573120117,24.10249328613281
49,0.0,0.1,0.3,23.861400604248047,25.137096405029297
49,0.0,0.2,0.3,23.83940887451172,24.71435737609864
49,0.0,0.3,0.3,23.8084716796875,24.676496505737305
49,0.0,0.4,0.3,23.63694190979004,24.729366302490234
49,0.0,0.5,0.3,23.248092651367188,24.78231430053711
49,0.0,0.6,0.3,22.44976806640625,24.92612648010254
49,0.0,0.7,0.3,21.174461364746094,26.684659957885746
49,0.0,0.8,0.3,19.00690460205078,25.866586685180664
49,0.0,0.9,0.3,16.869070053100586,26.29059600830078
49,0.0,1.0,0.3,16.565317153930664,26.35214233398437
50,0.0,0.0,0.3,21.42233657836914,17.860620498657227
50,0.0,0.1,0.3,21.402353286743164,18.43171501159668
50,0.0,0.2,0.3,21.340068817138672,17.451305389404297
50,0.0,0.3,0.3,21.1722469329834,17.09519386291504
50,0.0,0.4,0.3,20.96609687805176,17.819049835205078
50,0.0,0.5,0.3,20.756555557250977,16.85782241821289
50,0.0,0.6,0.3,20.38182640075684,18.0653133392334
50,0.0,0.7,0.3,19.255146026611328,18.840085983276367
50,0.0,0.8,0.3,15.74764633178711,20.17252349853516
50,0.0,0.9,0.3,14.70716667175293,18.49201011657715
50,0.0,1.0,0.3,12.87010097503662,17.646284103393555
51,0.0,0.0,0.3,20.83209800720215,24.156230926513672
51,0.0,0.1,0.3,20.80788230895996,24.118227005004883
51,0.0,0.2,0.3,20.759246826171875,23.083803176879883
51,0.0,0.3,0.3,20.5897274017334,24.87278938293457
51,0.0,0.4,0.3,20.239721298217773,24.8579330444336
51,0.0,0.5,0.3,19.61655807495117,26.03706932067871
51,0.0,0.6,0.3,19.08717536926269,22.362478256225582
51,0.0,0.7,0.3,18.63288307189941,22.86825561523437
51,0.0,0.8,0.3,17.326343536376953,25.62467193603516
51,0.0,0.9,0.3,15.702610969543455,21.865449905395508
51,0.0,1.0,0.3,15.858928680419922,25.537952423095703
52,0.0,0.0,0.3,26.34882545471192,20.04158401489257
52,0.0,0.1,0.3,26.362022399902344,21.01312828063965
52,0.0,0.2,0.3,26.29073905944824,20.974878311157227
52,0.0,0.3,0.3,25.79831886291504,21.825817108154297
52,0.0,0.4,0.3,25.13876914978028,21.63473892211914
52,0.0,0.5,0.3,24.03607177734375,20.2082633972168
52,0.0,0.6,0.3,23.794897079467773,20.231727600097656
52,0.0,0.7,0.3,21.48748016357422,22.21352195739746
52,0.0,0.8,0.3,17.600460052490234,29.443225860595703
52,0.0,0.9,0.3,15.301543235778809,31.34748077392578
52,0.0,1.0,0.3,14.819100379943848,27.578067779541016
53,0.0,0.0,0.3,21.339075088500977,22.06494140625
53,0.0,0.1,0.3,21.331172943115234,21.99913024902344
53,0.0,0.2,0.3,21.32049560546875,22.35276985168457
53,0.0,0.3,0.3,21.24977684020996,22.271684646606445
53,0.0,0.4,0.3,21.11119270324707,23.01193618774414
53,0.0,0.5,0.3,21.00185203552246,22.70173072814941
53,0.0,0.6,0.3,20.59994506835937,24.32589340209961
53,0.0,0.7,0.3,20.45439910888672,21.44194984436035
53,0.0,0.8,0.3,19.5193099975586,22.388202667236328
53,0.0,0.9,0.3,16.74102210998535,22.678062438964844
53,0.0,1.0,0.3,16.51407241821289,21.90833282470703
54,0.0,0.0,0.3,20.24797248840332,19.0979232788086
54,0.0,0.1,0.3,20.235048294067383,19.53411102294922
54,0.0,0.2,0.3,20.22764587402344,19.607654571533203
54,0.0,0.3,0.3,20.21274948120117,18.250926971435547
54,0.0,0.4,0.3,20.024871826171875,17.35810661315918
54,0.0,0.5,0.3,19.798412322998047,19.294984817504883
54,0.0,0.6,0.3,19.183650970458984,21.426721572875977
54,0.0,0.7,0.3,18.313854217529297,19.485265731811523
54,0.0,0.8,0.3,17.027381896972656,19.541637420654297
54,0.0,0.9,0.3,15.151104927062988,23.29185676574707
54,0.0,1.0,0.3,13.329320907592772,18.56490135192871
55,0.0,0.0,0.3,22.0362606048584,24.83408164978028
55,0.0,0.1,0.3,22.02237319946289,24.79945182800293
55,0.0,0.2,0.3,21.892986297607425,25.26751518249512
55,0.0,0.3,0.3,21.590553283691406,25.93352508544922
55,0.0,0.4,0.3,20.944334030151367,27.71162986755371
55,0.0,0.5,0.3,19.64542007446289,28.90196418762207
55,0.0,0.6,0.3,17.817350387573242,29.774730682373047
55,0.0,0.7,0.3,15.706013679504396,30.80124855041504
55,0.0,0.8,0.3,13.575518608093262,29.385393142700195
55,0.0,0.9,0.3,13.269742965698242,29.334402084350582
55,0.0,1.0,0.3,13.388471603393556,28.50533676147461
56,0.0,0.0,0.3,19.7467041015625,20.20148086547852
56,0.0,0.1,0.3,19.815099716186523,20.146991729736328
56,0.0,0.2,0.3,19.836973190307617,20.53075408935547
56,0.0,0.3,0.3,19.390119552612305,21.5527400970459
56,0.0,0.4,0.3,18.72232437133789,24.529863357543945
56,0.0,0.5,0.3,18.14068984985352,22.74075698852539
56,0.0,0.6,0.3,17.335304260253906,23.321685791015625
56,0.0,0.7,0.3,15.892881393432615,23.20159912109375
56,0.0,0.8,0.3,15.215322494506836,23.55872917175293
56,0.0,0.9,0.3,14.514311790466309,18.51893615722656
56,0.0,1.0,0.3,14.588332176208496,21.45076942443848
57,0.0,0.0,0.3,15.599194526672363,22.50452041625977
57,0.0,0.1,0.3,15.591925621032717,22.65975952148437
57,0.0,0.2,0.3,15.580568313598633,22.810237884521484
57,0.0,0.3,0.3,15.54207992553711,22.96843910217285
57,0.0,0.4,0.3,15.537191390991213,22.07784080505371
57,0.0,0.5,0.3,15.53076457977295,21.98821258544922
57,0.0,0.6,0.3,15.478822708129885,22.029481887817383
57,0.0,0.7,0.3,15.24680233001709,22.41917610168457
57,0.0,0.8,0.3,14.177793502807615,22.38972282409668
57,0.0,0.9,0.3,13.558837890625,19.794282913208008
57,0.0,1.0,0.3,14.207670211791992,20.63202476501465
58,0.0,0.0,0.3,22.501373291015625,18.31534194946289
58,0.0,0.1,0.3,22.51056671142578,18.17211532592773
58,0.0,0.2,0.3,22.4846305847168,17.592788696289062
58,0.0,0.3,0.3,22.438968658447266,17.236530303955078
58,0.0,0.4,0.3,22.346921920776367,17.42377471923828
58,0.0,0.5,0.3,22.21617317199707,18.936248779296875
58,0.0,0.6,0.3,21.224912643432617,18.760303497314453
58,0.0,0.7,0.3,20.33340072631836,14.48934841156006
58,0.0,0.8,0.3,18.4918270111084,17.458864212036133
58,0.0,0.9,0.3,16.703859329223633,16.031009674072266
58,0.0,1.0,0.3,14.273405075073242,18.649961471557617
59,0.0,0.0,0.3,22.791275024414062,23.88872528076172
59,0.0,0.1,0.3,22.79639434814453,23.79377555847168
59,0.0,0.2,0.3,22.776927947998047,24.18285369873047
59,0.0,0.3,0.3,22.782827377319336,24.01812744140625
59,0.0,0.4,0.3,22.76472282409668,23.69855690002441
59,0.0,0.5,0.3,22.81257438659668,23.681293487548828
59,0.0,0.6,0.3,22.20256423950196,24.4153060913086
59,0.0,0.7,0.3,18.116180419921875,24.344532012939453
59,0.0,0.8,0.3,16.2899112701416,25.144433975219727
59,0.0,0.9,0.3,14.223546981811523,24.68742179870605
59,0.0,1.0,0.3,12.72989273071289,26.278579711914062
60,0.0,0.0,0.3,28.179975509643555,22.19886779785156
60,0.0,0.1,0.3,28.17272186279297,22.17842102050781
60,0.0,0.2,0.3,28.12621688842773,22.443822860717773
60,0.0,0.3,0.3,28.010480880737305,23.0490837097168
60,0.0,0.4,0.3,27.81940269470215,23.46780586242676
60,0.0,0.5,0.3,27.595197677612305,23.20357131958008
60,0.0,0.6,0.3,27.127986907958984,22.78102302551269
60,0.0,0.7,0.3,25.976037979125977,23.570295333862305
60,0.0,0.8,0.3,24.1372299194336,24.315773010253903
60,0.0,0.9,0.3,19.71570587158203,25.868242263793945
60,0.0,1.0,0.3,18.48111724853516,22.04439163208008
61,0.0,0.0,0.3,18.012893676757812,23.256187438964844
61,0.0,0.1,0.3,18.007612228393555,23.199138641357425
61,0.0,0.2,0.3,17.98684310913086,23.065649032592773
61,0.0,0.3,0.3,17.922481536865234,23.33038330078125
61,0.0,0.4,0.3,17.85506248474121,23.46488571166992
61,0.0,0.5,0.3,17.727502822875977,23.42432975769043
61,0.0,0.6,0.3,17.55794906616211,23.567657470703125
61,0.0,0.7,0.3,17.09747314453125,24.276960372924805
61,0.0,0.8,0.3,16.209732055664062,25.010404586791992
61,0.0,0.9,0.3,15.666069984436035,24.261341094970703
61,0.0,1.0,0.3,14.78388786315918,25.4445915222168
62,0.0,0.0,0.3,20.320995330810547,13.7727689743042
62,0.0,0.1,0.3,20.27276992797852,14.055286407470703
62,0.0,0.2,0.3,20.103269577026367,14.542686462402344
62,0.0,0.3,0.3,19.686857223510746,15.323856353759766
62,0.0,0.4,0.3,19.00446891784668,15.455605506896973
62,0.0,0.5,0.3,18.42784881591797,17.66136360168457
62,0.0,0.6,0.3,17.85578155517578,18.29756164550781
62,0.0,0.7,0.3,17.169445037841797,21.872631072998047
62,0.0,0.8,0.3,17.168659210205078,14.7506103515625
62,0.0,0.9,0.3,16.15134620666504,18.658891677856445
62,0.0,1.0,0.3,15.413923263549805,16.865358352661133
63,0.0,0.0,0.3,20.72422218322754,22.43499183654785
63,0.0,0.1,0.3,20.72248268127441,22.983810424804688
63,0.0,0.2,0.3,20.70018196105957,21.61994171142578
63,0.0,0.3,0.3,20.6093978881836,21.47225952148437
63,0.0,0.4,0.3,20.50985336303711,20.78459930419922
63,0.0,0.5,0.3,20.45040702819824,21.213180541992188
63,0.0,0.6,0.3,20.15384292602539,21.80137252807617
63,0.0,0.7,0.3,19.67832565307617,21.520620346069336
63,0.0,0.8,0.3,19.232664108276367,20.90113067626953
63,0.0,0.9,0.3,18.932979583740234,21.41695022583008
63,0.0,1.0,0.3,18.19685745239257,20.927961349487305
64,0.0,0.0,0.3,19.36492729187012,22.17246627807617
64,0.0,0.1,0.3,19.371706008911133,22.238704681396484
64,0.0,0.2,0.3,19.405170440673828,21.32147789001465
64,0.0,0.3,0.3,19.365665435791016,21.90059471130371
64,0.0,0.4,0.3,19.130359649658203,21.90701675415039
64,0.0,0.5,0.3,19.098756790161133,22.113319396972656
64,0.0,0.6,0.3,17.626869201660156,27.98725891113281
64,0.0,0.7,0.3,16.024856567382812,25.884157180786133
64,0.0,0.8,0.3,15.502586364746094,24.74728012084961
64,0.0,0.9,0.3,13.448770523071287,25.36199188232422
64,0.0,1.0,0.3,11.673418998718262,22.7515926361084
65,0.0,0.0,0.3,22.68607521057129,18.81106185913086
65,0.0,0.1,0.3,22.686458587646484,18.78256225585937
65,0.0,0.2,0.3,22.688419342041016,19.781641006469727
65,0.0,0.3,0.3,22.63069534301757,18.16359138488769
65,0.0,0.4,0.3,22.462440490722656,19.637710571289062
65,0.0,0.5,0.3,22.299659729003903,19.340255737304688
65,0.0,0.6,0.3,22.28442001342773,18.93726921081543
65,0.0,0.7,0.3,21.610551834106445,19.953685760498047
65,0.0,0.8,0.3,20.373498916625977,16.574848175048828
65,0.0,0.9,0.3,19.039649963378903,17.901283264160156
65,0.0,1.0,0.3,16.883567810058594,23.408689498901367
66,0.0,0.0,0.3,20.350080490112305,25.806299209594727
66,0.0,0.1,0.3,20.35704231262207,26.23000717163086
66,0.0,0.2,0.3,20.380908966064453,26.989925384521484
66,0.0,0.3,0.3,20.222129821777344,26.814430236816406
66,0.0,0.4,0.3,20.22657585144043,28.258848190307617
66,0.0,0.5,0.3,19.733667373657227,29.84858131408692
66,0.0,0.6,0.3,19.458703994750977,28.9416618347168
66,0.0,0.7,0.3,17.52057647705078,30.57539749145508
66,0.0,0.8,0.3,18.46417999267578,29.92203140258789
66,0.0,0.9,0.3,16.670074462890625,33.94923400878906
66,0.0,1.0,0.3,14.162860870361328,32.58143615722656
67,0.0,0.0,0.3,20.504594802856445,18.34617805480957
67,0.0,0.1,0.3,20.506807327270508,19.1037540435791
67,0.0,0.2,0.3,20.50216293334961,19.22671127319336
67,0.0,0.3,0.3,20.359130859375,18.432775497436523
67,0.0,0.4,0.3,20.166244506835938,15.699299812316896
67,0.0,0.5,0.3,19.5965518951416,17.59404945373535
67,0.0,0.6,0.3,18.27558898925781,16.105222702026367
67,0.0,0.7,0.3,18.627742767333984,20.09269523620605
67,0.0,0.8,0.3,18.35167121887207,18.454509735107425
67,0.0,0.9,0.3,17.379011154174805,17.567964553833008
67,0.0,1.0,0.3,15.629042625427246,15.911754608154297
68,0.0,0.0,0.3,24.01175308227539,20.912229537963867
68,0.0,0.1,0.3,23.98442268371582,21.465282440185547
68,0.0,0.2,0.3,23.821434020996094,21.494808197021484
68,0.0,0.3,0.3,23.62600898742676,21.30160522460937
68,0.0,0.4,0.3,23.2439193725586,19.587535858154297
68,0.0,0.5,0.3,22.42971611022949,21.215898513793945
68,0.0,0.6,0.3,21.187963485717773,21.43363571166992
68,0.0,0.7,0.3,20.47389030456543,19.92758178710937
68,0.0,0.8,0.3,18.92189598083496,22.86927795410156
68,0.0,0.9,0.3,17.184284210205078,20.513731002807617
68,0.0,1.0,0.3,16.924575805664062,23.47505187988281
69,0.0,0.0,0.3,21.07510757446289,14.62446403503418
69,0.0,0.1,0.3,21.02757835388184,14.894254684448242
69,0.0,0.2,0.3,20.90593719482422,15.433398246765137
69,0.0,0.3,0.3,20.376197814941406,17.68458366394043
69,0.0,0.4,0.3,19.68170738220215,17.64307403564453
69,0.0,0.5,0.3,18.869251251220703,22.38861083984375
69,0.0,0.6,0.3,18.03348731994629,23.7952880859375
69,0.0,0.7,0.3,15.566107749938965,27.476192474365234
69,0.0,0.8,0.3,14.877896308898926,24.29523086547852
69,0.0,0.9,0.3,14.07446002960205,26.36710357666016
69,0.0,1.0,0.3,13.46920394897461,26.61917495727539
70,0.0,0.0,0.3,27.61920738220215,25.62615966796875
70,0.0,0.1,0.3,27.622577667236328,25.620174407958984
70,0.0,0.2,0.3,27.60474395751953,25.214147567749023
70,0.0,0.3,0.3,27.53997230529785,25.41944122314453
70,0.0,0.4,0.3,27.577775955200195,25.48187065124512
70,0.0,0.5,0.3,27.423099517822266,25.740617752075195
70,0.0,0.6,0.3,27.13245964050293,26.3488998413086
70,0.0,0.7,0.3,27.412044525146484,26.0889835357666
70,0.0,0.8,0.3,27.362224578857425,25.00271224975586
70,0.0,0.9,0.3,25.33025360107422,25.05048561096192
70,0.0,1.0,0.3,20.12614250183105,26.026010513305664
71,0.0,0.0,0.3,28.479528427124023,24.98806953430176
71,0.0,0.1,0.3,28.45255279541016,25.357999801635746
71,0.0,0.2,0.3,28.420244216918945,25.07257461547852
71,0.0,0.3,0.3,28.258420944213867,24.677879333496094
71,0.0,0.4,0.3,28.226463317871094,25.031965255737305
71,0.0,0.5,0.3,28.09376716613769,23.85550117492676
71,0.0,0.6,0.3,27.83725547790528,24.45691299438477
71,0.0,0.7,0.3,25.99919509887696,24.178958892822266
71,0.0,0.8,0.3,19.521867752075195,26.245176315307617
71,0.0,0.9,0.3,18.17896270751953,27.63985061645508
71,0.0,1.0,0.3,14.376267433166504,24.650421142578125
72,0.0,0.0,0.3,24.40131187438965,19.516260147094727
72,0.0,0.1,0.3,24.39706039428711,19.45804023742676
72,0.0,0.2,0.3,24.34575462341309,19.7180233001709
72,0.0,0.3,0.3,24.147140502929688,20.415111541748047
72,0.0,0.4,0.3,23.30283546447754,22.13921165466309
72,0.0,0.5,0.3,22.395931243896484,22.244293212890625
72,0.0,0.6,0.3,19.978384017944336,25.48818016052246
72,0.0,0.7,0.3,19.463302612304688,26.96526908874512
72,0.0,0.8,0.3,21.20689582824707,20.84771156311035
72,0.0,0.9,0.3,15.500638961791992,24.40271377563477
72,0.0,1.0,0.3,15.657745361328123,22.358217239379883
73,0.0,0.0,0.3,23.670021057128903,23.527177810668945
73,0.0,0.1,0.3,23.66813850402832,23.471099853515625
73,0.0,0.2,0.3,23.70258522033692,23.87516593933105
73,0.0,0.3,0.3,23.64535903930664,24.328264236450195
73,0.0,0.4,0.3,23.51833915710449,24.686124801635746
73,0.0,0.5,0.3,23.444475173950195,24.38796806335449
73,0.0,0.6,0.3,23.19366836547852,24.61722183227539
73,0.0,0.7,0.3,22.23172378540039,24.59687042236328
73,0.0,0.8,0.3,22.16974639892578,24.13656044006348
73,0.0,0.9,0.3,21.09755516052246,24.65732955932617
73,0.0,1.0,0.3,20.02497291564941,24.455612182617188
74,0.0,0.0,0.3,24.764799118041992,21.6190185546875
74,0.0,0.1,0.3,24.755844116210938,21.879833221435547
74,0.0,0.2,0.3,24.706689834594727,22.37478446960449
74,0.0,0.3,0.3,24.62157440185547,22.28952407836914
74,0.0,0.4,0.3,24.64431381225586,23.051532745361328
74,0.0,0.5,0.3,24.387102127075195,22.9096908569336
74,0.0,0.6,0.3,23.97948265075684,23.15723419189453
74,0.0,0.7,0.3,23.517410278320312,23.13763236999512
74,0.0,0.8,0.3,22.39430427551269,24.430438995361328
74,0.0,0.9,0.3,20.95383644104004,23.260498046875
74,0.0,1.0,0.3,18.80377769470215,24.159252166748047
75,0.0,0.0,0.3,21.017906188964844,18.17244529724121
75,0.0,0.1,0.3,21.005470275878903,18.3016300201416
75,0.0,0.2,0.3,20.93912506103516,18.52735710144043
75,0.0,0.3,0.3,20.66007423400879,19.05077743530273
75,0.0,0.4,0.3,20.358020782470703,18.73503303527832
75,0.0,0.5,0.3,19.952392578125,17.691186904907227
75,0.0,0.6,0.3,18.3906478881836,17.095487594604492
75,0.0,0.7,0.3,17.290639877319336,19.34943580627441
75,0.0,0.8,0.3,16.010295867919922,19.26191520690918
75,0.0,0.9,0.3,16.05460548400879,21.403413772583008
75,0.0,1.0,0.3,14.93938159942627,20.307636260986328
76,0.0,0.0,0.3,22.77374649047852,18.9319076538086
76,0.0,0.1,0.3,22.776716232299805,19.11818122863769
76,0.0,0.2,0.3,22.775184631347656,19.094627380371094
76,0.0,0.3,0.3,22.722314834594727,19.483083724975582
76,0.0,0.4,0.3,22.493785858154297,19.73784828186035
76,0.0,0.5,0.3,22.163562774658203,19.10628890991211
76,0.0,0.6,0.3,21.49102020263672,20.20116806030273
76,0.0,0.7,0.3,20.12906646728516,20.653844833374023
76,0.0,0.8,0.3,19.17306327819824,20.4057846069336
76,0.0,0.9,0.3,17.69628143310547,20.6933536529541
76,0.0,1.0,0.3,15.018760681152344,20.27225875854492
77,0.0,0.0,0.3,19.63448905944824,17.797529220581055
77,0.0,0.1,0.3,19.63241195678711,17.992136001586914
77,0.0,0.2,0.3,19.63603401184082,18.338218688964844
77,0.0,0.3,0.3,19.55465316772461,16.905691146850586
77,0.0,0.4,0.3,19.394710540771484,18.39104461669922
77,0.0,0.5,0.3,19.409975051879883,18.82678985595703
77,0.0,0.6,0.3,19.142847061157227,18.31008529663086
77,0.0,0.7,0.3,18.75858688354492,19.65020179748535
77,0.0,0.8,0.3,17.916088104248047,22.75959014892578
77,0.0,0.9,0.3,15.642826080322266,22.830171585083008
77,0.0,1.0,0.3,15.400175094604492,20.975561141967773
78,0.0,0.0,0.3,24.89178276062012,14.542828559875488
78,0.0,0.1,0.3,24.895322799682617,14.211023330688477
78,0.0,0.2,0.3,24.864999771118164,14.626516342163086
78,0.0,0.3,0.3,24.78877830505371,14.826363563537598
78,0.0,0.4,0.3,24.64360618591309,14.62639617919922
78,0.0,0.5,0.3,24.35603141784668,14.864425659179688
78,0.0,0.6,0.3,24.015844345092773,16.135034561157227
78,0.0,0.7,0.3,23.118995666503903,18.731294631958008
78,0.0,0.8,0.3,21.31134605407715,22.313356399536133
78,0.0,0.9,0.3,18.820476531982425,22.325483322143555
78,0.0,1.0,0.3,16.14890480041504,24.10220718383789
79,0.0,0.0,0.3,24.71218490600586,21.589431762695312
79,0.0,0.1,0.3,24.715381622314453,21.47110939025879
79,0.0,0.2,0.3,24.7048397064209,21.34840202331543
79,0.0,0.3,0.3,24.6179313659668,21.340932846069336
79,0.0,0.4,0.3,24.13806533813477,22.51522445678711
79,0.0,0.5,0.3,23.679691314697266,23.154516220092773
79,0.0,0.6,0.3,23.6086540222168,21.74921989440918
79,0.0,0.7,0.3,21.706375122070312,23.5452938079834
79,0.0,0.8,0.3,21.85689926147461,23.373899459838867
79,0.0,0.9,0.3,19.94841766357422,23.60886573791504
79,0.0,1.0,0.3,18.783655166625977,22.60686683654785
80,0.0,0.0,0.3,22.288169860839844,22.72045516967773
80,0.0,0.1,0.3,22.28728103637696,22.806644439697266
80,0.0,0.2,0.3,22.249719619750977,22.66487693786621
80,0.0,0.3,0.3,21.96575927734375,22.961042404174805
80,0.0,0.4,0.3,21.02863883972168,23.72703742980957
80,0.0,0.5,0.3,20.03431510925293,22.50767707824707
80,0.0,0.6,0.3,18.365806579589844,26.465070724487305
80,0.0,0.7,0.3,17.31617546081543,28.49214172363281
80,0.0,0.8,0.3,16.434619903564453,29.123294830322266
80,0.0,0.9,0.3,15.55201816558838,32.24249649047852
80,0.0,1.0,0.3,15.146073341369627,32.037498474121094
81,0.0,0.0,0.3,21.8477725982666,18.47955322265625
81,0.0,0.1,0.3,21.80508041381836,19.21904945373535
81,0.0,0.2,0.3,21.782390594482425,18.86525154113769
81,0.0,0.3,0.3,21.548301696777344,20.66108512878418
81,0.0,0.4,0.3,21.30578994750977,21.94178009033203
81,0.0,0.5,0.3,21.089092254638672,19.141510009765625
81,0.0,0.6,0.3,20.68522453308105,20.877103805541992
81,0.0,0.7,0.3,19.04658317565918,18.824365615844727
81,0.0,0.8,0.3,18.76312828063965,19.38863754272461
81,0.0,0.9,0.3,18.12118530273437,18.718414306640625
81,0.0,1.0,0.3,17.268505096435547,14.99177360534668
82,0.0,0.0,0.3,23.034528732299805,18.21975326538086
82,0.0,0.1,0.3,23.02385902404785,17.352724075317383
82,0.0,0.2,0.3,23.000871658325195,16.573156356811523
82,0.0,0.3,0.3,22.938854217529297,19.75042533874512
82,0.0,0.4,0.3,22.772216796875,19.420543670654297
82,0.0,0.5,0.3,22.45945167541504,21.5290756225586
82,0.0,0.6,0.3,21.678321838378903,20.399391174316406
82,0.0,0.7,0.3,20.070634841918945,19.349878311157227
82,0.0,0.8,0.3,19.24809455871582,19.5622501373291
82,0.0,0.9,0.3,17.422666549682617,20.991426467895508
82,0.0,1.0,0.3,15.2841215133667,16.611412048339844
83,0.0,0.0,0.3,26.73026657104492,19.258459091186523
83,0.0,0.1,0.3,26.746374130249023,19.129648208618164
83,0.0,0.2,0.3,26.774572372436523,19.27993392944336
83,0.0,0.3,0.3,26.73250389099121,18.133607864379883
83,0.0,0.4,0.3,26.65931510925293,19.54044532775879
83,0.0,0.5,0.3,26.344581604003903,20.553165435791016
83,0.0,0.6,0.3,26.2827205657959,19.41386985778809
83,0.0,0.7,0.3,25.72676467895508,20.32448959350586
83,0.0,0.8,0.3,24.137115478515625,20.845844268798828
83,0.0,0.9,0.3,21.910778045654297,17.850112915039062
83,0.0,1.0,0.3,15.202659606933594,19.085512161254883
84,0.0,0.0,0.3,21.42653083801269,20.14765930175781
84,0.0,0.1,0.3,21.43129539489746,20.04952049255371
84,0.0,0.2,0.3,21.413867950439453,19.770994186401367
84,0.0,0.3,0.3,21.30911064147949,22.6201114654541
84,0.0,0.4,0.3,21.37643814086914,23.49616813659668
84,0.0,0.5,0.3,20.9000301361084,24.40763282775879
84,0.0,0.6,0.3,20.686010360717773,25.892358779907227
84,0.0,0.7,0.3,17.730224609375,28.81041717529297
84,0.0,0.8,0.3,14.884498596191406,29.563152313232425
84,0.0,0.9,0.3,14.184710502624512,30.798583984375
84,0.0,1.0,0.3,13.3805570602417,29.006999969482425
85,0.0,0.0,0.3,23.300336837768555,25.51358985900879
85,0.0,0.1,0.3,23.300626754760746,25.525218963623047
85,0.0,0.2,0.3,23.301172256469727,25.324443817138672
85,0.0,0.3,0.3,23.15307235717773,25.5653076171875
85,0.0,0.4,0.3,23.191877365112305,25.78710556030273
85,0.0,0.5,0.3,23.169225692749023,25.398963928222656
85,0.0,0.6,0.3,22.78359031677246,25.557661056518555
85,0.0,0.7,0.3,22.36693382263184,25.28021240234375
85,0.0,0.8,0.3,20.615283966064453,24.857940673828125
85,0.0,0.9,0.3,17.054874420166016,23.49919509887696
85,0.0,1.0,0.3,16.497549057006836,22.94570541381836
86,0.0,0.0,0.3,21.882795333862305,20.22554588317871
86,0.0,0.1,0.3,21.906003952026367,20.13486099243164
86,0.0,0.2,0.3,21.936294555664062,20.10202980041504
86,0.0,0.3,0.3,21.84022521972656,20.248233795166016
86,0.0,0.4,0.3,21.65348052978516,20.09157943725586
86,0.0,0.5,0.3,21.38258552551269,19.944345474243164
86,0.0,0.6,0.3,21.29727935791016,20.474538803100582
86,0.0,0.7,0.3,20.306385040283203,20.76579666137696
86,0.0,0.8,0.3,19.774412155151367,20.224220275878903
86,0.0,0.9,0.3,19.263362884521484,21.133359909057617
86,0.0,1.0,0.3,18.302345275878903,21.60991477966309
87,0.0,0.0,0.3,20.88186454772949,16.38363265991211
87,0.0,0.1,0.3,20.880840301513672,16.488433837890625
87,0.0,0.2,0.3,20.86018753051757,16.479564666748047
87,0.0,0.3,0.3,20.65130043029785,16.482778549194336
87,0.0,0.4,0.3,20.474992752075195,16.673429489135742
87,0.0,0.5,0.3,20.036300659179688,17.12755584716797
87,0.0,0.6,0.3,19.44852638244629,16.647357940673828
87,0.0,0.7,0.3,19.56710433959961,17.270814895629883
87,0.0,0.8,0.3,17.84943962097168,16.786151885986328
87,0.0,0.9,0.3,17.01997947692871,16.31327247619629
87,0.0,1.0,0.3,17.757823944091797,17.67221450805664
88,0.0,0.0,0.3,18.85474967956543,15.42327880859375
88,0.0,0.1,0.3,18.856306076049805,16.066051483154297
88,0.0,0.2,0.3,18.86115074157715,16.036340713500977
88,0.0,0.3,0.3,18.85207748413086,16.107410430908203
88,0.0,0.4,0.3,18.65456771850586,15.277576446533203
88,0.0,0.5,0.3,18.72140121459961,14.780158042907717
88,0.0,0.6,0.3,18.464614868164062,16.819631576538086
88,0.0,0.7,0.3,18.23464012145996,15.360969543457031
88,0.0,0.8,0.3,17.913944244384766,15.342452049255373
88,0.0,0.9,0.3,16.052024841308594,15.45842742919922
88,0.0,1.0,0.3,16.850563049316406,16.042922973632812
89,0.0,0.0,0.3,24.460596084594727,18.4729232788086
89,0.0,0.1,0.3,24.45981216430664,18.76767349243164
89,0.0,0.2,0.3,24.439197540283203,18.948392868041992
89,0.0,0.3,0.3,24.40311050415039,19.00901222229004
89,0.0,0.4,0.3,24.310693740844727,18.998289108276367
89,0.0,0.5,0.3,24.213584899902344,18.572397232055664
89,0.0,0.6,0.3,24.211332321166992,18.682693481445312
89,0.0,0.7,0.3,23.970109939575195,18.991931915283203
89,0.0,0.8,0.3,22.413429260253903,17.116174697875977
89,0.0,0.9,0.3,19.535932540893555,17.35126304626465
89,0.0,1.0,0.3,17.507238388061523,18.335298538208008
90,0.0,0.0,0.3,20.057397842407227,29.53299331665039
90,0.0,0.1,0.3,20.06349754333496,29.108396530151367
90,0.0,0.2,0.3,20.05518341064453,29.96768951416016
90,0.0,0.3,0.3,20.110084533691406,28.1827449798584
90,0.0,0.4,0.3,19.898685455322266,26.93752670288086
90,0.0,0.5,0.3,19.83241081237793,28.07437515258789
90,0.0,0.6,0.3,18.92186737060547,25.217988967895508
90,0.0,0.7,0.3,16.62504005432129,23.89093780517578
90,0.0,0.8,0.3,15.582452774047852,25.20705223083496
90,0.0,0.9,0.3,14.575090408325195,23.85057258605957
90,0.0,1.0,0.3,14.570405006408691,25.68014335632324
91,0.0,0.0,0.3,17.574357986450195,20.518781661987305
91,0.0,0.1,0.3,17.56279945373535,19.818227767944336
91,0.0,0.2,0.3,17.443397521972656,20.849878311157227
91,0.0,0.3,0.3,17.358388900756836,21.36054992675781
91,0.0,0.4,0.3,16.907264709472656,18.38318634033203
91,0.0,0.5,0.3,15.969514846801758,20.63257598876953
91,0.0,0.6,0.3,16.049345016479492,15.604439735412598
91,0.0,0.7,0.3,15.350506782531738,20.17302131652832
91,0.0,0.8,0.3,14.527824401855469,23.150840759277344
91,0.0,0.9,0.3,14.101799011230469,16.185033798217773
91,0.0,1.0,0.3,13.864314079284668,14.690308570861816
92,0.0,0.0,0.3,18.747669219970703,16.96428871154785
92,0.0,0.1,0.3,18.752384185791016,16.908809661865234
92,0.0,0.2,0.3,18.7481632232666,17.32094383239746
92,0.0,0.3,0.3,18.66074752807617,17.300626754760742
92,0.0,0.4,0.3,18.65966033935547,17.4838809967041
92,0.0,0.5,0.3,16.658912658691406,20.297813415527344
92,0.0,0.6,0.3,16.45618438720703,21.72952651977539
92,0.0,0.7,0.3,16.223539352416992,21.144237518310547
92,0.0,0.8,0.3,16.710657119750977,20.143041610717773
92,0.0,0.9,0.3,15.571718215942385,22.09245491027832
92,0.0,1.0,0.3,15.433777809143066,21.46290779113769
93,0.0,0.0,0.3,22.36705207824707,10.383868217468262
93,0.0,0.1,0.3,22.294164657592773,9.709662437438965
93,0.0,0.2,0.3,21.98471641540528,10.30229663848877
93,0.0,0.3,0.3,21.35466957092285,14.533912658691406
93,0.0,0.4,0.3,20.30174446105957,18.36997032165528
93,0.0,0.5,0.3,18.74931907653809,20.066282272338867
93,0.0,0.6,0.3,16.502534866333008,22.42976188659668
93,0.0,0.7,0.3,14.042439460754396,21.026588439941406
93,0.0,0.8,0.3,14.029309272766112,21.894567489624023
93,0.0,0.9,0.3,13.287001609802246,20.65834045410156
93,0.0,1.0,0.3,12.676011085510254,24.22408676147461
94,0.0,0.0,0.3,22.74298477172852,12.97064971923828
94,0.0,0.1,0.3,22.747360229492188,12.68899154663086
94,0.0,0.2,0.3,22.756959915161133,12.807652473449709
94,0.0,0.3,0.3,22.76239585876465,12.89177131652832
94,0.0,0.4,0.3,22.6909236907959,12.983997344970703
94,0.0,0.5,0.3,22.599475860595703,13.057233810424805
94,0.0,0.6,0.3,22.446895599365234,12.806036949157717
94,0.0,0.7,0.3,21.470535278320312,13.605713844299316
94,0.0,0.8,0.3,20.04656791687012,13.860275268554688
94,0.0,0.9,0.3,14.734357833862305,15.344694137573242
94,0.0,1.0,0.3,13.523003578186035,21.540346145629883
95,0.0,0.0,0.3,21.350934982299805,19.89948463439941
95,0.0,0.1,0.3,21.35379981994629,19.84743309020996
95,0.0,0.2,0.3,21.338722229003903,19.46368789672852
95,0.0,0.3,0.3,21.23100471496582,19.56821632385254
95,0.0,0.4,0.3,20.886762619018555,19.401954650878903
95,0.0,0.5,0.3,20.751537322998047,19.866857528686523
95,0.0,0.6,0.3,19.98644256591797,15.994308471679688
95,0.0,0.7,0.3,19.06214904785156,17.870929718017578
95,0.0,0.8,0.3,17.6196231842041,20.083845138549805
95,0.0,0.9,0.3,17.233449935913086,18.21104621887207
95,0.0,1.0,0.3,16.150800704956055,20.279098510742188
96,0.0,0.0,0.3,20.55969619750977,21.03788375854492
96,0.0,0.1,0.3,20.558868408203125,21.18842887878418
96,0.0,0.2,0.3,20.559595108032227,21.22900390625
96,0.0,0.3,0.3,20.509382247924805,21.01685333251953
96,0.0,0.4,0.3,20.45402717590332,21.15347671508789
96,0.0,0.5,0.3,20.434249877929688,21.46747398376465
96,0.0,0.6,0.3,20.352384567260746,21.39876747131348
96,0.0,0.7,0.3,19.19609642028809,21.54319953918457
96,0.0,0.8,0.3,15.873984336853027,23.10127258300781
96,0.0,0.9,0.3,13.832704544067385,27.47086906433105
96,0.0,1.0,0.3,16.043533325195312,25.88580894470215
97,0.0,0.0,0.3,16.45652961730957,22.237882614135746
97,0.0,0.1,0.3,16.458919525146484,21.72168731689453
97,0.0,0.2,0.3,16.462318420410156,21.939939498901367
97,0.0,0.3,0.3,16.475664138793945,22.54474258422852
97,0.0,0.4,0.3,16.4664249420166,22.0432243347168
97,0.0,0.5,0.3,16.448884963989258,23.040287017822266
97,0.0,0.6,0.3,16.420787811279297,21.92607307434082
97,0.0,0.7,0.3,16.224573135375977,22.5561580657959
97,0.0,0.8,0.3,15.097713470458984,23.906326293945312
97,0.0,0.9,0.3,14.14686679840088,23.70402336120605
97,0.0,1.0,0.3,13.431278228759766,24.792251586914062
98,0.0,0.0,0.3,21.61349105834961,21.557518005371094
98,0.0,0.1,0.3,21.61359977722168,21.810909271240234
98,0.0,0.2,0.3,21.60004425048828,21.895301818847656
98,0.0,0.3,0.3,21.546781539916992,21.4249267578125
98,0.0,0.4,0.3,21.57936668395996,21.928197860717773
98,0.0,0.5,0.3,21.433029174804688,21.592119216918945
98,0.0,0.6,0.3,19.590967178344727,20.74331283569336
98,0.0,0.7,0.3,21.05246353149414,21.17002868652344
98,0.0,0.8,0.3,19.704479217529297,20.73002052307129
98,0.0,0.9,0.3,15.712275505065918,22.32896041870117
98,0.0,1.0,0.3,8.689508438110352,26.520023345947266
99,0.0,0.0,0.3,22.762052536010746,12.285375595092772
99,0.0,0.1,0.3,22.770471572875977,12.646870613098145
99,0.0,0.2,0.3,22.71796417236328,12.342741012573242
99,0.0,0.3,0.3,22.423433303833008,17.410709381103516
99,0.0,0.4,0.3,21.403234481811523,18.076068878173828
99,0.0,0.5,0.3,19.61976623535156,14.864984512329102
99,0.0,0.6,0.3,18.66276931762696,16.710596084594727
99,0.0,0.7,0.3,16.786834716796875,15.341338157653809
99,0.0,0.8,0.3,15.609861373901367,14.893235206604004
99,0.0,0.9,0.3,15.44723892211914,14.340654373168944
99,0.0,1.0,0.3,14.812751770019531,15.111331939697266
100,0.0,0.0,0.3,25.244272232055664,30.216222763061523
100,0.0,0.1,0.3,25.25311279296875,30.65220642089844
100,0.0,0.2,0.3,25.16878318786621,29.990577697753903
100,0.0,0.3,0.3,24.991832733154297,29.084348678588867
100,0.0,0.4,0.3,24.819896697998047,29.93528175354004
100,0.0,0.5,0.3,24.50930404663086,27.15299224853516
100,0.0,0.6,0.3,23.94249153137207,27.863922119140625
100,0.0,0.7,0.3,22.78159141540528,28.589805603027344
100,0.0,0.8,0.3,18.07671356201172,29.187122344970703
100,0.0,0.9,0.3,14.406023025512695,28.768857955932617
100,0.0,1.0,0.3,12.366247177124023,29.11061286926269
101,0.0,0.0,0.3,17.448854446411133,17.754405975341797
101,0.0,0.1,0.3,17.424163818359375,17.88286781311035
101,0.0,0.2,0.3,17.347457885742188,18.547006607055664
101,0.0,0.3,0.3,16.97820281982422,20.09098052978516
101,0.0,0.4,0.3,16.52960777282715,19.787553787231445
101,0.0,0.5,0.3,15.836669921875,20.80226325988769
101,0.0,0.6,0.3,14.490853309631348,21.82778549194336
101,0.0,0.7,0.3,14.268309593200684,21.329736709594727
101,0.0,0.8,0.3,14.23780632019043,21.319278717041016
101,0.0,0.9,0.3,14.454533576965332,21.767318725585938
101,0.0,1.0,0.3,13.544479370117188,21.00131607055664
102,0.0,0.0,0.3,24.19472312927246,22.794675827026367
102,0.0,0.1,0.3,24.12957572937012,22.946365356445312
102,0.0,0.2,0.3,24.029590606689453,23.25674629211425
102,0.0,0.3,0.3,23.943321228027344,23.111143112182617
102,0.0,0.4,0.3,23.50126075744629,26.1387882232666
102,0.0,0.5,0.3,22.72035026550293,25.50034523010254
102,0.0,0.6,0.3,21.435361862182617,23.17844581604004
102,0.0,0.7,0.3,18.485260009765625,25.28553009033203
102,0.0,0.8,0.3,15.825644493103027,23.90361213684082
102,0.0,0.9,0.3,13.9434175491333,24.9858341217041
102,0.0,1.0,0.3,12.83234405517578,23.27993392944336
103,0.0,0.0,0.3,21.858333587646484,23.413169860839844
103,0.0,0.1,0.3,21.87039375305176,23.97061347961425
103,0.0,0.2,0.3,21.87066078186035,25.454599380493164
103,0.0,0.3,0.3,21.62303352355957,25.257009506225582
103,0.0,0.4,0.3,21.135467529296875,25.726205825805664
103,0.0,0.5,0.3,21.04066276550293,27.06059837341309
103,0.0,0.6,0.3,21.18260955810547,26.75308609008789
103,0.0,0.7,0.3,21.22970199584961,25.851694107055664
103,0.0,0.8,0.3,21.20724868774414,24.282411575317383
103,0.0,0.9,0.3,20.830623626708984,26.238998413085938
103,0.0,1.0,0.3,19.155920028686523,29.39364051818848
104,0.0,0.0,0.3,20.873186111450195,19.47601318359375
104,0.0,0.1,0.3,20.864177703857425,18.99462127685547
104,0.0,0.2,0.3,20.803598403930664,18.89708709716797
104,0.0,0.3,0.3,20.47809600830078,19.33401679992676
104,0.0,0.4,0.3,19.47864151000977,19.5024642944336
104,0.0,0.5,0.3,18.95493507385254,19.854232788085938
104,0.0,0.6,0.3,18.30375289916992,20.77741241455078
104,0.0,0.7,0.3,16.687362670898438,22.94270706176757
104,0.0,0.8,0.3,16.177820205688477,19.173891067504883
104,0.0,0.9,0.3,16.452016830444336,17.989761352539062
104,0.0,1.0,0.3,14.698010444641112,21.65420150756836
105,0.0,0.0,0.3,16.203510284423828,21.31189346313477
105,0.0,0.1,0.3,16.203208923339844,21.43978881835937
105,0.0,0.2,0.3,16.197662353515625,21.82481384277344
105,0.0,0.3,0.3,16.17873191833496,21.96730232238769
105,0.0,0.4,0.3,16.150693893432617,21.957582473754883
105,0.0,0.5,0.3,16.159290313720703,21.62870216369629
105,0.0,0.6,0.3,16.073017120361328,21.820459365844727
105,0.0,0.7,0.3,15.910008430480955,22.620962142944336
105,0.0,0.8,0.3,15.448662757873535,23.331993103027344
105,0.0,0.9,0.3,13.88637351989746,22.55278205871582
105,0.0,1.0,0.3,13.164725303649902,22.31442070007324
106,0.0,0.0,0.3,21.24503898620605,22.82099914550781
106,0.0,0.1,0.3,21.24608421325684,22.69338607788086
106,0.0,0.2,0.3,21.2463436126709,22.71487808227539
106,0.0,0.3,0.3,21.11455726623535,23.08904457092285
106,0.0,0.4,0.3,20.89217185974121,23.097177505493164
106,0.0,0.5,0.3,20.72534370422364,23.68526077270508
106,0.0,0.6,0.3,20.48846435546875,23.408662796020508
106,0.0,0.7,0.3,19.43566131591797,23.704593658447266
106,0.0,0.8,0.3,17.94251251220703,25.32470893859864
106,0.0,0.9,0.3,15.99024772644043,21.36424446105957
106,0.0,1.0,0.3,15.910848617553713,23.00165367126465
107,0.0,0.0,0.3,17.543882369995117,23.78122901916504
107,0.0,0.1,0.3,17.538869857788086,23.597076416015625
107,0.0,0.2,0.3,17.549640655517578,23.454917907714844
107,0.0,0.3,0.3,17.50930404663086,23.112756729125977
107,0.0,0.4,0.3,17.4898681640625,23.917999267578125
107,0.0,0.5,0.3,17.508472442626953,23.505216598510746
107,0.0,0.6,0.3,17.33625602722168,23.11543273925781
107,0.0,0.7,0.3,17.285215377807617,22.699970245361328
107,0.0,0.8,0.3,16.989229202270508,23.39288330078125
107,0.0,0.9,0.3,15.702756881713867,22.884071350097656
107,0.0,1.0,0.3,16.040082931518555,22.86692237854004
108,0.0,0.0,0.3,23.860671997070312,13.496377944946287
108,0.0,0.1,0.3,23.84832572937012,13.175352096557615
108,0.0,0.2,0.3,23.814727783203125,13.695642471313477
108,0.0,0.3,0.3,23.520980834960938,13.61349391937256
108,0.0,0.4,0.3,22.641033172607425,20.04731559753418
108,0.0,0.5,0.3,21.96484375,18.397781372070312
108,0.0,0.6,0.3,20.98164367675781,25.17208480834961
108,0.0,0.7,0.3,19.969507217407227,27.918991088867188
108,0.0,0.8,0.3,17.98406982421875,19.91192626953125
108,0.0,0.9,0.3,14.494382858276367,31.787771224975582
108,0.0,1.0,0.3,13.868306159973145,26.942068099975582
109,0.0,0.0,0.3,16.834035873413086,18.852989196777344
109,0.0,0.1,0.3,16.82416534423828,19.028987884521484
109,0.0,0.2,0.3,16.80307960510254,19.157699584960938
109,0.0,0.3,0.3,16.645545959472656,21.31239128112793
109,0.0,0.4,0.3,16.428203582763672,19.938879013061523
109,0.0,0.5,0.3,16.024229049682617,19.16953086853028
109,0.0,0.6,0.3,16.019046783447266,19.357437133789062
109,0.0,0.7,0.3,15.805338859558104,21.789501190185547
109,0.0,0.8,0.3,14.960244178771973,22.17934226989746
109,0.0,0.9,0.3,14.683746337890623,22.45197868347168
109,0.0,1.0,0.3,12.864435195922852,18.161911010742188
110,0.0,0.0,0.3,24.393218994140625,11.372804641723633
110,0.0,0.1,0.3,24.39398956298828,11.618230819702148
110,0.0,0.2,0.3,24.37641334533692,11.310622215270996
110,0.0,0.3,0.3,24.322254180908203,11.52847385406494
110,0.0,0.4,0.3,24.043256759643555,12.517884254455566
110,0.0,0.5,0.3,23.499818801879883,15.42038631439209
110,0.0,0.6,0.3,21.812732696533203,21.31689453125
110,0.0,0.7,0.3,19.466169357299805,22.42854881286621
110,0.0,0.8,0.3,16.923343658447266,23.1953239440918
110,0.0,0.9,0.3,16.174243927001953,22.766361236572266
110,0.0,1.0,0.3,15.079538345336914,26.20794677734375
111,0.0,0.0,0.3,19.36178970336914,16.412254333496094
111,0.0,0.1,0.3,19.363422393798828,16.469839096069336
111,0.0,0.2,0.3,19.35445213317871,16.45921516418457
111,0.0,0.3,0.3,19.2766170501709,16.254785537719727
111,0.0,0.4,0.3,19.04876518249512,16.357471466064453
111,0.0,0.5,0.3,18.558395385742188,17.079904556274414
111,0.0,0.6,0.3,15.01895236968994,22.43244361877441
111,0.0,0.7,0.3,14.189846992492676,20.74586677551269
111,0.0,0.8,0.3,14.35161590576172,19.40861892700196
111,0.0,0.9,0.3,13.551295280456545,20.74692726135254
111,0.0,1.0,0.3,13.498133659362791,20.478349685668945
112,0.0,0.0,0.3,16.84804916381836,26.953369140625
112,0.0,0.1,0.3,16.847261428833008,26.744770050048828
112,0.0,0.2,0.3,16.814075469970703,26.24343681335449
112,0.0,0.3,0.3,16.719139099121094,25.98060417175293
112,0.0,0.4,0.3,16.655961990356445,26.549598693847656
112,0.0,0.5,0.3,16.36172866821289,24.96551513671875
112,0.0,0.6,0.3,15.833891868591309,26.61957740783692
112,0.0,0.7,0.3,15.383227348327637,28.018627166748047
112,0.0,0.8,0.3,13.22225856781006,23.686981201171875
112,0.0,0.9,0.3,12.71608829498291,21.05259323120117
112,0.0,1.0,0.3,12.26753044128418,19.51948928833008
113,0.0,0.0,0.3,19.651123046875,20.59137916564941
113,0.0,0.1,0.3,19.627790451049805,21.457448959350582
113,0.0,0.2,0.3,19.4668025970459,24.010406494140625
113,0.0,0.3,0.3,19.14862632751465,24.449142456054688
113,0.0,0.4,0.3,18.87959671020508,27.09178352355957
113,0.0,0.5,0.3,18.60571479797364,26.129940032958984
113,0.0,0.6,0.3,17.853347778320312,27.76783943176269
113,0.0,0.7,0.3,17.906330108642578,25.83262252807617
113,0.0,0.8,0.3,17.511184692382812,19.84060859680176
113,0.0,0.9,0.3,17.996929168701172,23.54404830932617
113,0.0,1.0,0.3,18.263601303100582,23.476482391357425
114,0.0,0.0,0.3,23.115312576293945,12.03809642791748
114,0.0,0.1,0.3,23.108152389526367,12.707783699035645
114,0.0,0.2,0.3,23.082164764404297,12.228753089904783
114,0.0,0.3,0.3,23.0444564819336,13.15648078918457
114,0.0,0.4,0.3,22.992015838623047,13.494539260864258
114,0.0,0.5,0.3,22.57630920410156,13.644003868103027
114,0.0,0.6,0.3,22.76781463623047,15.52701473236084
114,0.0,0.7,0.3,20.17042350769043,15.524734497070312
114,0.0,0.8,0.3,16.633150100708008,10.44533634185791
114,0.0,0.9,0.3,16.513832092285156,13.082209587097168
114,0.0,1.0,0.3,17.919902801513672,18.18801689147949
115,0.0,0.0,0.3,26.148757934570312,23.40612030029297
115,0.0,0.1,0.3,26.06424331665039,23.61305427551269
115,0.0,0.2,0.3,25.817100524902344,23.89015007019043
115,0.0,0.3,0.3,25.00870704650879,24.36539459228516
115,0.0,0.4,0.3,23.908260345458984,23.38451385498047
115,0.0,0.5,0.3,21.543302536010746,23.41116142272949
115,0.0,0.6,0.3,20.51358222961425,23.8814697265625
115,0.0,0.7,0.3,19.233875274658203,25.486204147338867
115,0.0,0.8,0.3,18.704551696777344,24.80486869812012
115,0.0,0.9,0.3,17.050350189208984,24.19879150390625
115,0.0,1.0,0.3,15.738092422485352,22.24723243713379
116,0.0,0.0,0.3,20.01618766784668,13.373242378234863
116,0.0,0.1,0.3,20.011369705200195,13.499347686767578
116,0.0,0.2,0.3,19.976709365844727,13.44765853881836
116,0.0,0.3,0.3,19.911602020263672,13.3396577835083
116,0.0,0.4,0.3,19.42716217041016,12.394752502441406
116,0.0,0.5,0.3,18.59951400756836,20.78949737548828
116,0.0,0.6,0.3,17.835617065429688,20.78986930847168
116,0.0,0.7,0.3,16.223388671875,26.46748352050781
116,0.0,0.8,0.3,13.67100429534912,25.43880653381348
116,0.0,0.9,0.3,12.980164527893066,24.5873966217041
116,0.0,1.0,0.3,13.917741775512695,22.352447509765625
117,0.0,0.0,0.3,22.620582580566406,15.745893478393556
117,0.0,0.1,0.3,22.63539123535156,15.737361907958984
117,0.0,0.2,0.3,22.64503669738769,15.767452239990234
117,0.0,0.3,0.3,22.63723564147949,15.802616119384766
117,0.0,0.4,0.3,22.585662841796875,16.132295608520508
117,0.0,0.5,0.3,22.503267288208008,16.199506759643555
117,0.0,0.6,0.3,22.068239212036133,16.323318481445312
117,0.0,0.7,0.3,20.75397491455078,16.74399757385254
117,0.0,0.8,0.3,17.373525619506836,20.139034271240234
117,0.0,0.9,0.3,13.645383834838867,21.591278076171875
117,0.0,1.0,0.3,11.50744915008545,26.22625160217285
118,0.0,0.0,0.3,25.36481475830078,24.17659378051757
118,0.0,0.1,0.3,25.369075775146484,24.069091796875
118,0.0,0.2,0.3,25.35769462585449,24.53721237182617
118,0.0,0.3,0.3,25.293285369873047,24.59029769897461
118,0.0,0.4,0.3,25.14326858520508,25.4923038482666
118,0.0,0.5,0.3,24.908660888671875,26.129615783691406
118,0.0,0.6,0.3,24.40140151977539,25.803482055664062
118,0.0,0.7,0.3,22.711320877075195,25.821155548095703
118,0.0,0.8,0.3,20.19515419006348,25.422685623168945
118,0.0,0.9,0.3,19.08645439147949,24.84123420715332
118,0.0,1.0,0.3,18.53484344482422,26.073192596435547
119,0.0,0.0,0.3,24.16229248046875,23.719348907470703
119,0.0,0.1,0.3,24.14307975769043,24.68643951416016
119,0.0,0.2,0.3,24.04269218444824,25.20323371887207
119,0.0,0.3,0.3,23.72661590576172,25.14564323425293
119,0.0,0.4,0.3,23.59543800354004,25.534486770629883
119,0.0,0.5,0.3,23.51252555847168,26.8994369506836
119,0.0,0.6,0.3,21.85244941711425,26.201379776000977
119,0.0,0.7,0.3,18.31556701660156,24.545944213867188
119,0.0,0.8,0.3,17.426767349243164,27.42480659484864
119,0.0,0.9,0.3,16.725629806518555,28.053083419799805
119,0.0,1.0,0.3,14.520956039428713,30.37645721435547
120,0.0,0.0,0.3,23.10822868347168,19.548078536987305
120,0.0,0.1,0.3,23.07835578918457,19.796422958374023
120,0.0,0.2,0.3,23.003463745117188,20.073076248168945
120,0.0,0.3,0.3,22.751813888549805,21.2275333404541
120,0.0,0.4,0.3,22.292612075805664,24.935657501220703
120,0.0,0.5,0.3,21.48392677307129,26.62939643859864
120,0.0,0.6,0.3,20.32255744934082,26.853281021118164
120,0.0,0.7,0.3,18.62769317626953,27.213865280151367
120,0.0,0.8,0.3,16.527616500854492,26.91162300109864
120,0.0,0.9,0.3,15.564112663269045,26.48223114013672
120,0.0,1.0,0.3,11.986613273620604,24.908092498779297
121,0.0,0.0,0.3,19.99766540527344,24.782730102539062
121,0.0,0.1,0.3,19.995086669921875,24.77709007263184
121,0.0,0.2,0.3,19.972055435180664,25.33124732971192
121,0.0,0.3,0.3,19.76873016357422,25.144689559936523
121,0.0,0.4,0.3,19.37628746032715,24.804128646850582
121,0.0,0.5,0.3,19.4818115234375,26.100557327270508
121,0.0,0.6,0.3,19.27960777282715,26.97698783874512
121,0.0,0.7,0.3,18.86568069458008,25.629100799560547
121,0.0,0.8,0.3,17.682506561279297,25.738733291625977
121,0.0,0.9,0.3,16.259531021118164,27.15373039245605
121,0.0,1.0,0.3,14.436686515808104,26.03602409362793
122,0.0,0.0,0.3,20.95901679992676,17.314674377441406
122,0.0,0.1,0.3,20.94106101989746,17.32233238220215
122,0.0,0.2,0.3,20.90567207336425,17.680456161499023
122,0.0,0.3,0.3,20.75968170166016,18.06592559814453
122,0.0,0.4,0.3,20.35515785217285,18.780866622924805
122,0.0,0.5,0.3,20.02280807495117,19.382884979248047
122,0.0,0.6,0.3,19.29184913635254,19.421831130981445
122,0.0,0.7,0.3,17.021770477294922,20.23443031311035
122,0.0,0.8,0.3,14.685524940490724,20.12903213500977
122,0.0,0.9,0.3,12.079720497131348,20.71336555480957
122,0.0,1.0,0.3,10.978181838989258,19.8330135345459
123,0.0,0.0,0.3,22.6065616607666,20.820873260498047
123,0.0,0.1,0.3,22.624252319335938,20.7858829498291
123,0.0,0.2,0.3,22.590234756469727,20.87434196472168
123,0.0,0.3,0.3,22.139198303222656,21.24798011779785
123,0.0,0.4,0.3,21.38883399963379,21.66326141357422
123,0.0,0.5,0.3,20.54955673217773,22.10334205627441
123,0.0,0.6,0.3,20.627370834350582,21.747217178344727
123,0.0,0.7,0.3,18.93191146850586,21.763477325439453
123,0.0,0.8,0.3,16.51348876953125,21.968170166015625
123,0.0,0.9,0.3,13.968514442443848,20.05880546569824
123,0.0,1.0,0.3,13.608771324157717,24.58012008666992
124,0.0,0.0,0.3,24.9321403503418,21.01955795288086
124,0.0,0.1,0.3,24.924184799194336,20.31730079650879
124,0.0,0.2,0.3,24.91707992553711,20.18681907653809
124,0.0,0.3,0.3,24.856239318847656,21.282560348510746
124,0.0,0.4,0.3,24.74403953552246,19.747671127319336
124,0.0,0.5,0.3,24.581275939941406,19.81274604797364
124,0.0,0.6,0.3,24.15381050109864,21.23342704772949
124,0.0,0.7,0.3,23.117795944213867,19.91929054260254
124,0.0,0.8,0.3,19.94852638244629,19.087690353393555
124,0.0,0.9,0.3,17.352108001708984,18.94496154785156
124,0.0,1.0,0.3,14.822930335998535,20.598447799682617
125,0.0,0.0,0.3,21.600961685180664,14.365545272827148
125,0.0,0.1,0.3,21.609588623046875,14.863591194152832
125,0.0,0.2,0.3,21.619552612304688,14.016807556152344
125,0.0,0.3,0.3,21.62565422058105,13.661262512207031
125,0.0,0.4,0.3,21.63899040222168,14.293726921081545
125,0.0,0.5,0.3,21.53523063659668,14.012661933898926
125,0.0,0.6,0.3,21.26178932189941,15.859940528869627
125,0.0,0.7,0.3,20.582725524902344,15.51315975189209
125,0.0,0.8,0.3,18.73373413085937,16.300827026367188
125,0.0,0.9,0.3,16.475574493408203,18.73119735717773
125,0.0,1.0,0.3,14.59933090209961,26.90648651123047
126,0.0,0.0,0.3,20.9193115234375,17.963804244995117
126,0.0,0.1,0.3,20.93211936950684,18.235933303833008
126,0.0,0.2,0.3,20.8857479095459,18.419998168945312
126,0.0,0.3,0.3,20.713668823242188,18.31414794921875
126,0.0,0.4,0.3,20.51730728149414,18.91183853149414
126,0.0,0.5,0.3,19.885103225708008,27.880767822265625
126,0.0,0.6,0.3,18.849315643310547,28.52425575256348
126,0.0,0.7,0.3,15.91061019897461,30.46463394165039
126,0.0,0.8,0.3,13.767507553100586,29.591856002807617
126,0.0,0.9,0.3,13.37517261505127,28.766376495361328
126,0.0,1.0,0.3,12.792488098144531,29.6884708404541
127,0.0,0.0,0.3,23.683168411254883,15.851009368896484
127,0.0,0.1,0.3,23.684053421020508,15.689754486083984
127,0.0,0.2,0.3,23.66855430603028,16.088098526000977
127,0.0,0.3,0.3,23.601408004760746,16.806079864501953
127,0.0,0.4,0.3,23.25805854797364,17.395967483520508
127,0.0,0.5,0.3,21.715669631958008,19.48299026489257
127,0.0,0.6,0.3,20.49538993835449,19.95506858825684
127,0.0,0.7,0.3,18.458057403564453,20.663393020629883
127,0.0,0.8,0.3,16.38734245300293,20.890287399291992
127,0.0,0.9,0.3,13.962843894958496,23.48280334472656
127,0.0,1.0,0.3,12.511667251586914,23.095439910888672
128,0.0,0.0,0.3,22.416975021362305,30.05940055847168
128,0.0,0.1,0.3,22.41142845153809,29.78788375854492
128,0.0,0.2,0.3,22.444883346557617,29.91114044189453
128,0.0,0.3,0.3,22.13988876342773,29.7790470123291
128,0.0,0.4,0.3,21.7728271484375,30.58039283752441
128,0.0,0.5,0.3,20.907373428344727,30.27042961120605
128,0.0,0.6,0.3,20.619888305664062,29.1130485534668
128,0.0,0.7,0.3,20.855030059814453,31.23849105834961
128,0.0,0.8,0.3,20.4597396850586,31.036046981811523
128,0.0,0.9,0.3,19.8488883972168,31.359180450439453
128,0.0,1.0,0.3,19.802135467529297,30.651641845703125
129,0.0,0.0,0.3,20.775909423828125,26.190933227539062
129,0.0,0.1,0.3,20.77202606201172,27.06173324584961
129,0.0,0.2,0.3,20.751190185546875,27.68720054626465
129,0.0,0.3,0.3,20.614154815673828,28.29136276245117
129,0.0,0.4,0.3,20.20574951171875,28.37410926818848
129,0.0,0.5,0.3,19.61528778076172,28.817760467529297
129,0.0,0.6,0.3,19.058725357055664,28.54451560974121
129,0.0,0.7,0.3,17.023839950561523,24.022336959838867
129,0.0,0.8,0.3,15.13767910003662,21.41175842285156
129,0.0,0.9,0.3,16.276954650878906,22.74845123291016
129,0.0,1.0,0.3,13.985774993896484,23.508621215820312
130,0.0,0.0,0.3,24.212385177612305,22.17862701416016
130,0.0,0.1,0.3,24.211793899536133,21.977632522583008
130,0.0,0.2,0.3,24.207195281982425,21.91404914855957
130,0.0,0.3,0.3,24.04918098449707,21.433025360107425
130,0.0,0.4,0.3,23.952232360839844,20.566904067993164
130,0.0,0.5,0.3,23.899232864379883,20.636369705200195
130,0.0,0.6,0.3,22.86210060119629,22.51539421081543
130,0.0,0.7,0.3,22.67638397216797,22.62157440185547
130,0.0,0.8,0.3,21.5903263092041,21.932153701782227
130,0.0,0.9,0.3,19.51890182495117,20.885955810546875
130,0.0,1.0,0.3,17.36256217956543,21.9085693359375
131,0.0,0.0,0.3,17.940948486328125,27.868621826171875
131,0.0,0.1,0.3,17.938135147094727,27.50743293762207
131,0.0,0.2,0.3,17.93130111694336,27.802249908447266
131,0.0,0.3,0.3,17.92531967163086,27.470991134643555
131,0.0,0.4,0.3,17.90108299255371,27.1787166595459
131,0.0,0.5,0.3,17.860517501831055,27.58006477355957
131,0.0,0.6,0.3,17.850629806518555,27.493820190429688
131,0.0,0.7,0.3,17.790035247802734,26.91552734375
131,0.0,0.8,0.3,17.82026481628418,27.229135513305664
131,0.0,0.9,0.3,17.66881561279297,27.390098571777344
131,0.0,1.0,0.3,17.493709564208984,27.67832946777344
132,0.0,0.0,0.3,22.64685440063477,20.677684783935547
132,0.0,0.1,0.3,22.648191452026367,20.26655006408692
132,0.0,0.2,0.3,22.63075256347656,19.676576614379883
132,0.0,0.3,0.3,22.48094749450684,21.20888900756836
132,0.0,0.4,0.3,22.27041244506836,20.74759864807129
132,0.0,0.5,0.3,20.768613815307617,20.940261840820312
132,0.0,0.6,0.3,20.66136741638184,19.666263580322266
132,0.0,0.7,0.3,19.37530899047852,22.38544654846192
132,0.0,0.8,0.3,18.260215759277344,17.31715202331543
132,0.0,0.9,0.3,17.00957489013672,16.568302154541016
132,0.0,1.0,0.3,16.908130645751953,21.60930824279785
133,0.0,0.0,0.3,24.221420288085938,10.402596473693848
133,0.0,0.1,0.3,24.21103858947754,10.329572677612305
133,0.0,0.2,0.3,24.16317367553711,10.595037460327148
133,0.0,0.3,0.3,24.05032157897949,9.658743858337402
133,0.0,0.4,0.3,23.83925437927246,10.201045989990234
133,0.0,0.5,0.3,23.322328567504883,10.048768043518066
133,0.0,0.6,0.3,22.46949005126953,8.951669692993164
133,0.0,0.7,0.3,20.949954986572266,8.624564170837402
133,0.0,0.8,0.3,19.000593185424805,11.037388801574709
133,0.0,0.9,0.3,17.664209365844727,13.673043251037598
133,0.0,1.0,0.3,16.020408630371094,16.222248077392578
134,0.0,0.0,0.3,26.86710357666016,22.16555404663086
134,0.0,0.1,0.3,26.874765396118164,22.05562973022461
134,0.0,0.2,0.3,26.81961250305176,22.540958404541016
134,0.0,0.3,0.3,26.72964859008789,22.60963249206543
134,0.0,0.4,0.3,26.645641326904297,23.341447830200195
134,0.0,0.5,0.3,26.552947998046875,23.34663772583008
134,0.0,0.6,0.3,25.577789306640625,23.423973083496094
134,0.0,0.7,0.3,23.998300552368164,24.77248954772949
134,0.0,0.8,0.3,22.85224723815918,25.123119354248047
134,0.0,0.9,0.3,19.32099914550781,25.47641372680664
134,0.0,1.0,0.3,20.77767562866211,22.703649520874023
135,0.0,0.0,0.3,24.750638961791992,18.49976348876953
135,0.0,0.1,0.3,24.76362609863281,19.42465209960937
135,0.0,0.2,0.3,24.6442813873291,19.605449676513672
135,0.0,0.3,0.3,24.433061599731445,20.964263916015625
135,0.0,0.4,0.3,22.95494270324707,24.49069595336914
135,0.0,0.5,0.3,21.79746627807617,25.53479766845703
135,0.0,0.6,0.3,19.97727394104004,26.17034339904785
135,0.0,0.7,0.3,19.28168296813965,22.1253662109375
135,0.0,0.8,0.3,17.334369659423828,23.85068893432617
135,0.0,0.9,0.3,14.255468368530272,17.486370086669922
135,0.0,1.0,0.3,12.558253288269045,19.182910919189453
136,0.0,0.0,0.3,24.35133552551269,18.77334785461425
136,0.0,0.1,0.3,24.34922409057617,18.919174194335938
136,0.0,0.2,0.3,24.341461181640625,19.066038131713867
136,0.0,0.3,0.3,24.23135757446289,19.50623321533203
136,0.0,0.4,0.3,24.07362365722656,19.991899490356445
136,0.0,0.5,0.3,23.75367927551269,20.01463508605957
136,0.0,0.6,0.3,23.19924736022949,19.929664611816406
136,0.0,0.7,0.3,20.899200439453125,21.29766082763672
136,0.0,0.8,0.3,18.08942413330078,21.56892776489257
136,0.0,0.9,0.3,15.808232307434082,23.714008331298828
136,0.0,1.0,0.3,14.10074234008789,18.31718635559082
137,0.0,0.0,0.3,18.082876205444336,24.17094039916992
137,0.0,0.1,0.3,18.08108711242676,24.54311752319336
137,0.0,0.2,0.3,18.082517623901367,24.797651290893555
137,0.0,0.3,0.3,17.989255905151367,24.61936378479004
137,0.0,0.4,0.3,17.764596939086914,25.015180587768555
137,0.0,0.5,0.3,17.496116638183594,24.49689102172852
137,0.0,0.6,0.3,16.80856704711914,25.9974365234375
137,0.0,0.7,0.3,15.668852806091309,27.83382034301757
137,0.0,0.8,0.3,13.440956115722656,26.38026428222656
137,0.0,0.9,0.3,14.166441917419434,32.375431060791016
137,0.0,1.0,0.3,13.84457778930664,30.99942207336425
138,0.0,0.0,0.3,21.10906982421875,21.340850830078125
138,0.0,0.1,0.3,21.101293563842773,21.299785614013672
138,0.0,0.2,0.3,21.078752517700195,20.989242553710938
138,0.0,0.3,0.3,21.025035858154297,21.235824584960938
138,0.0,0.4,0.3,20.795211791992188,21.27703666687012
138,0.0,0.5,0.3,20.62486267089844,21.369001388549805
138,0.0,0.6,0.3,20.57124328613281,21.261293411254883
138,0.0,0.7,0.3,19.899301528930664,21.11611557006836
138,0.0,0.8,0.3,18.13082695007324,21.181869506835938
138,0.0,0.9,0.3,17.23709487915039,21.724056243896484
138,0.0,1.0,0.3,17.274839401245117,21.264535903930664
139,0.0,0.0,0.3,15.859880447387695,13.362682342529297
139,0.0,0.1,0.3,15.85731601715088,12.733734130859377
139,0.0,0.2,0.3,15.842910766601562,13.165847778320312
139,0.0,0.3,0.3,15.789525032043455,13.979281425476074
139,0.0,0.4,0.3,15.728862762451172,14.619694709777832
139,0.0,0.5,0.3,15.656035423278809,14.559647560119627
139,0.0,0.6,0.3,15.233576774597168,14.81593418121338
139,0.0,0.7,0.3,15.00312328338623,13.234482765197754
139,0.0,0.8,0.3,14.274909973144531,16.27689552307129
139,0.0,0.9,0.3,13.93186855316162,13.194963455200195
139,0.0,1.0,0.3,14.250755310058594,13.393548011779783
111000000000,0.0,0.0,0.3,17.09376335144043,14.321615219116213
111000000000,0.0,0.1,0.3,17.101816177368164,14.435863494873049
111000000000,0.0,0.2,0.3,16.9655704498291,14.450967788696287
111000000000,0.0,0.3,0.3,16.483823776245117,14.648496627807615
111000000000,0.0,0.4,0.3,15.500356674194336,15.03573226928711
111000000000,0.0,0.5,0.3,14.635165214538574,15.48288917541504
111000000000,0.0,0.6,0.3,14.27829360961914,15.63543701171875
111000000000,0.0,0.7,0.3,13.284944534301758,20.42609977722168
111000000000,0.0,0.8,0.3,12.815967559814451,21.09718894958496
111000000000,0.0,0.9,0.3,13.93691349029541,17.39542579650879
111000000000,0.0,1.0,0.3,14.07518196105957,14.28691864013672
111000000001,0.0,0.0,0.3,22.89992904663086,17.533626556396484
111000000001,0.0,0.1,0.3,22.81875801086425,17.286209106445312
111000000001,0.0,0.2,0.3,22.604467391967773,17.412761688232422
111000000001,0.0,0.3,0.3,22.05950736999512,18.28701400756836
111000000001,0.0,0.4,0.3,20.907808303833008,18.87973022460937
111000000001,0.0,0.5,0.3,19.69564247131348,20.743072509765625
111000000001,0.0,0.6,0.3,17.608936309814453,21.90160369873047
111000000001,0.0,0.7,0.3,15.15018081665039,20.99518394470215
111000000001,0.0,0.8,0.3,14.749471664428713,20.71014404296875
111000000001,0.0,0.9,0.3,12.9470796585083,22.947677612304688
111000000001,0.0,1.0,0.3,12.012605667114258,24.97024917602539
111000000002,0.0,0.0,0.3,25.490137100219727,14.694727897644045
111000000002,0.0,0.1,0.3,25.4875602722168,15.09895133972168
111000000002,0.0,0.2,0.3,25.39387321472168,14.999731063842772
111000000002,0.0,0.3,0.3,24.7917709350586,15.728200912475586
111000000002,0.0,0.4,0.3,23.33799362182617,16.223005294799805
111000000002,0.0,0.5,0.3,21.23277282714844,17.632383346557617
111000000002,0.0,0.6,0.3,18.991565704345703,20.420747756958008
111000000002,0.0,0.7,0.3,16.98040199279785,23.680530548095703
111000000002,0.0,0.8,0.3,15.435391426086426,14.093986511230469
111000000002,0.0,0.9,0.3,14.295876502990724,19.63714408874512
111000000002,0.0,1.0,0.3,14.122516632080078,14.338506698608398
111000000003,0.0,0.0,0.3,24.05193901062012,23.11736869812012
111000000003,0.0,0.1,0.3,24.030797958374023,23.45371627807617
111000000003,0.0,0.2,0.3,23.93076133728028,23.99109268188477
111000000003,0.0,0.3,0.3,23.660140991210938,25.02210998535156
111000000003,0.0,0.4,0.3,23.396284103393555,25.30154800415039
111000000003,0.0,0.5,0.3,22.489660263061523,24.25253677368164
111000000003,0.0,0.6,0.3,20.88875389099121,24.1151123046875
111000000003,0.0,0.7,0.3,17.33675193786621,23.187042236328125
111000000003,0.0,0.8,0.3,16.505577087402344,24.53496360778809
111000000003,0.0,0.9,0.3,15.835593223571776,27.25448226928711
111000000003,0.0,1.0,0.3,14.710335731506348,23.999488830566406
111000000004,0.0,0.0,0.3,21.539926528930664,14.012185096740724
111000000004,0.0,0.1,0.3,21.54840469360352,14.00943374633789
111000000004,0.0,0.2,0.3,21.546550750732425,14.06738567352295
111000000004,0.0,0.3,0.3,21.535869598388672,14.108580589294434
111000000004,0.0,0.4,0.3,21.444297790527344,14.096051216125488
111000000004,0.0,0.5,0.3,21.264379501342773,14.176289558410645
111000000004,0.0,0.6,0.3,20.74642372131348,13.75788116455078
111000000004,0.0,0.7,0.3,19.45726776123047,15.00550651550293
111000000004,0.0,0.8,0.3,17.68755531311035,15.65508270263672
111000000004,0.0,0.9,0.3,16.98802947998047,18.030101776123047
111000000004,0.0,1.0,0.3,15.654211044311523,15.584959030151367
111000000005,0.0,0.0,0.3,21.112756729125977,10.968732833862305
111000000005,0.0,0.1,0.3,21.081092834472656,10.74498462677002
111000000005,0.0,0.2,0.3,21.08177757263184,11.387697219848633
111000000005,0.0,0.3,0.3,20.79233741760254,13.716279983520508
111000000005,0.0,0.4,0.3,20.1393985748291,21.1948471069336
111000000005,0.0,0.5,0.3,19.63694190979004,20.563232421875
111000000005,0.0,0.6,0.3,19.33101463317871,16.230804443359375
111000000005,0.0,0.7,0.3,19.466651916503903,14.708402633666992
111000000005,0.0,0.8,0.3,18.78281211853028,13.99215602874756
111000000005,0.0,0.9,0.3,17.282682418823242,12.125411987304688
111000000005,0.0,1.0,0.3,15.364602088928224,12.270089149475098
111000000006,0.0,0.0,0.3,27.48825454711914,21.803852081298828
111000000006,0.0,0.1,0.3,27.41992378234864,23.355796813964844
111000000006,0.0,0.2,0.3,27.266515731811523,23.084321975708008
111000000006,0.0,0.3,0.3,26.974529266357425,22.035362243652344
111000000006,0.0,0.4,0.3,26.2414493560791,20.615947723388672
111000000006,0.0,0.5,0.3,26.299785614013672,20.58810234069824
111000000006,0.0,0.6,0.3,26.161949157714844,20.47962188720703
111000000006,0.0,0.7,0.3,24.472150802612305,20.969486236572266
111000000006,0.0,0.8,0.3,23.30506706237793,19.290504455566406
111000000006,0.0,0.9,0.3,22.14810371398925,23.980064392089844
111000000006,0.0,1.0,0.3,20.757545471191406,20.79520797729492
111000000007,0.0,0.0,0.3,20.69332504272461,12.82606315612793
111000000007,0.0,0.1,0.3,20.689252853393555,12.928898811340332
111000000007,0.0,0.2,0.3,20.658540725708008,12.229021072387695
111000000007,0.0,0.3,0.3,20.434120178222656,12.554691314697266
111000000007,0.0,0.4,0.3,19.68735122680664,13.216236114501951
111000000007,0.0,0.5,0.3,17.826801300048828,16.422584533691406
111000000007,0.0,0.6,0.3,18.006040573120117,16.06951332092285
111000000007,0.0,0.7,0.3,17.01528549194336,19.49173355102539
111000000007,0.0,0.8,0.3,15.972267150878906,13.401445388793944
111000000007,0.0,0.9,0.3,14.879611015319824,18.457225799560547
111000000007,0.0,1.0,0.3,14.245314598083496,26.873186111450195
111000000008,0.0,0.0,0.3,20.329364776611328,20.01418876647949
111000000008,0.0,0.1,0.3,20.33728790283203,20.343860626220703
111000000008,0.0,0.2,0.3,20.250205993652344,20.600250244140625
111000000008,0.0,0.3,0.3,19.815540313720703,23.17033576965332
111000000008,0.0,0.4,0.3,19.04977226257324,25.63046836853028
111000000008,0.0,0.5,0.3,17.923368453979492,25.54678535461425
111000000008,0.0,0.6,0.3,16.67438507080078,25.446678161621094
111000000008,0.0,0.7,0.3,15.530747413635254,26.496458053588867
111000000008,0.0,0.8,0.3,14.893044471740724,28.16962623596192
111000000008,0.0,0.9,0.3,13.845900535583496,31.21756935119629
111000000008,0.0,1.0,0.3,13.418641090393066,29.72534370422364
111000000009,0.0,0.0,0.3,17.669034957885742,16.67723846435547
111000000009,0.0,0.1,0.3,17.67673110961914,16.739822387695312
111000000009,0.0,0.2,0.3,17.652793884277344,16.763689041137695
111000000009,0.0,0.3,0.3,17.47264862060547,16.953243255615234
111000000009,0.0,0.4,0.3,17.02620506286621,17.324737548828125
111000000009,0.0,0.5,0.3,16.016254425048828,18.57747840881348
111000000009,0.0,0.6,0.3,14.752679824829102,18.304304122924805
111000000009,0.0,0.7,0.3,13.861483573913574,17.15816879272461
111000000009,0.0,0.8,0.3,12.521947860717772,23.464183807373047
111000000009,0.0,0.9,0.3,12.255321502685549,24.6413516998291
111000000009,0.0,1.0,0.3,11.731208801269531,23.54885673522949
112000000000,0.0,0.0,0.3,21.0446891784668,24.759334564208984
112000000000,0.0,0.1,0.3,21.048603057861328,24.847488403320312
112000000000,0.0,0.2,0.3,21.03043365478516,24.21210670471192
112000000000,0.0,0.3,0.3,21.003463745117188,24.345081329345703
112000000000,0.0,0.4,0.3,20.96953010559082,24.230581283569336
112000000000,0.0,0.5,0.3,20.879716873168945,24.450109481811523
112000000000,0.0,0.6,0.3,20.83926582336425,24.865896224975582
112000000000,0.0,0.7,0.3,20.665264129638672,25.763113021850582
112000000000,0.0,0.8,0.3,20.38934135437012,25.4572696685791
112000000000,0.0,0.9,0.3,19.559722900390625,26.044607162475582
112000000000,0.0,1.0,0.3,19.103004455566406,26.278451919555664
112000000001,0.0,0.0,0.3,20.25533103942871,15.26688003540039
112000000001,0.0,0.1,0.3,20.25605583190918,16.106382369995117
112000000001,0.0,0.2,0.3,20.18558692932129,17.065082550048828
112000000001,0.0,0.3,0.3,19.92498779296875,18.192720413208008
112000000001,0.0,0.4,0.3,19.481557846069336,19.274158477783203
112000000001,0.0,0.5,0.3,18.65530776977539,17.344900131225586
112000000001,0.0,0.6,0.3,17.81387710571289,16.704065322875977
112000000001,0.0,0.7,0.3,15.641963958740234,16.47767448425293
112000000001,0.0,0.8,0.3,14.503668785095217,14.36037540435791
112000000001,0.0,0.9,0.3,14.134478569030762,14.838101387023926
112000000001,0.0,1.0,0.3,13.964292526245115,17.19208335876465
112000000002,0.0,0.0,0.3,19.77057266235352,12.983550071716309
112000000002,0.0,0.1,0.3,19.776840209960938,13.524434089660645
112000000002,0.0,0.2,0.3,19.770910263061523,12.739232063293455
112000000002,0.0,0.3,0.3,19.71834754943848,12.967693328857422
112000000002,0.0,0.4,0.3,19.3378849029541,10.765419006347656
112000000002,0.0,0.5,0.3,19.17275619506836,12.574480056762695
112000000002,0.0,0.6,0.3,18.483003616333008,12.69091510772705
112000000002,0.0,0.7,0.3,17.81232261657715,16.71536636352539
112000000002,0.0,0.8,0.3,16.48209571838379,16.9565372467041
112000000002,0.0,0.9,0.3,15.352604866027832,14.016047477722168
112000000002,0.0,1.0,0.3,13.574962615966797,15.168383598327637
112000000003,0.0,0.0,0.3,21.569656372070312,17.423444747924805
112000000003,0.0,0.1,0.3,21.553695678710938,18.59214973449707
112000000003,0.0,0.2,0.3,21.52564811706543,19.68777084350586
112000000003,0.0,0.3,0.3,21.34703063964844,19.84946823120117
112000000003,0.0,0.4,0.3,21.12237548828125,22.166486740112305
112000000003,0.0,0.5,0.3,20.684539794921875,15.897567749023438
112000000003,0.0,0.6,0.3,20.245162963867188,17.716716766357422
112000000003,0.0,0.7,0.3,20.20244026184082,16.834592819213867
112000000003,0.0,0.8,0.3,17.108135223388672,16.42683219909668
112000000003,0.0,0.9,0.3,14.964315414428713,18.31211471557617
112000000003,0.0,1.0,0.3,17.138200759887695,20.70561408996582
112000000004,0.0,0.0,0.3,21.85263442993164,12.313675880432127
112000000004,0.0,0.1,0.3,21.8669490814209,12.174336433410645
112000000004,0.0,0.2,0.3,21.86244773864746,12.949973106384276
112000000004,0.0,0.3,0.3,21.801544189453125,12.101009368896484
112000000004,0.0,0.4,0.3,21.578685760498047,17.080951690673828
112000000004,0.0,0.5,0.3,20.320215225219727,16.533100128173828
112000000004,0.0,0.6,0.3,18.97428321838379,17.72019386291504
112000000004,0.0,0.7,0.3,16.951913833618164,15.25285530090332
112000000004,0.0,0.8,0.3,15.827261924743652,18.81805229187012
112000000004,0.0,0.9,0.3,14.90419101715088,17.526674270629883
112000000004,0.0,1.0,0.3,13.626703262329102,12.087292671203612
112000000005,0.0,0.0,0.3,17.964399337768555,16.218671798706055
112000000005,0.0,0.1,0.3,17.979089736938477,15.530305862426758
112000000005,0.0,0.2,0.3,18.036958694458008,16.64089584350586
112000000005,0.0,0.3,0.3,17.919086456298828,16.569202423095703
112000000005,0.0,0.4,0.3,17.649444580078125,17.109378814697266
112000000005,0.0,0.5,0.3,17.036489486694336,16.74889373779297
112000000005,0.0,0.6,0.3,16.436344146728516,18.146329879760746
112000000005,0.0,0.7,0.3,15.606064796447754,23.075572967529297
112000000005,0.0,0.8,0.3,14.953889846801758,20.09534072875977
112000000005,0.0,0.9,0.3,15.607455253601074,14.336787223815918
112000000005,0.0,1.0,0.3,13.875967025756836,17.190813064575195
112000000006,0.0,0.0,0.3,20.937469482421875,23.95073127746582
112000000006,0.0,0.1,0.3,20.94042015075684,24.127817153930664
112000000006,0.0,0.2,0.3,20.948110580444336,23.89712142944336
112000000006,0.0,0.3,0.3,20.900590896606445,23.86717414855957
112000000006,0.0,0.4,0.3,20.835567474365234,23.939077377319336
112000000006,0.0,0.5,0.3,20.857481002807617,23.97429656982422
112000000006,0.0,0.6,0.3,20.714046478271484,25.68599510192871
112000000006,0.0,0.7,0.3,18.81477165222168,26.308536529541016
112000000006,0.0,0.8,0.3,16.600364685058594,28.25343894958496
112000000006,0.0,0.9,0.3,13.769903182983398,28.48035049438477
112000000006,0.0,1.0,0.3,13.6791353225708,27.05566024780273
112000000007,0.0,0.0,0.3,17.986835479736328,23.30031394958496
112000000007,0.0,0.1,0.3,17.992355346679688,23.25595092773437
112000000007,0.0,0.2,0.3,17.949081420898438,23.320037841796875
112000000007,0.0,0.3,0.3,17.759662628173828,22.054502487182617
112000000007,0.0,0.4,0.3,17.51898956298828,21.99080848693848
112000000007,0.0,0.5,0.3,17.080799102783203,27.354049682617188
112000000007,0.0,0.6,0.3,16.294408798217773,26.502933502197266
112000000007,0.0,0.7,0.3,14.520811080932615,27.900171279907227
112000000007,0.0,0.8,0.3,14.202313423156738,27.77971839904785
112000000007,0.0,0.9,0.3,14.180773735046388,27.49831771850586
112000000007,0.0,1.0,0.3,13.94640064239502,27.11019515991211
112000000008,0.0,0.0,0.3,22.28103828430176,24.183189392089844
112000000008,0.0,0.1,0.3,22.288843154907227,23.79555892944336
112000000008,0.0,0.2,0.3,22.255746841430664,23.568817138671875
112000000008,0.0,0.3,0.3,22.056699752807617,23.82585906982422
112000000008,0.0,0.4,0.3,21.85061454772949,24.28694725036621
112000000008,0.0,0.5,0.3,21.200326919555664,23.39301872253418
112000000008,0.0,0.6,0.3,19.18313407897949,22.47062492370605
112000000008,0.0,0.7,0.3,17.25910186767578,26.895736694335938
112000000008,0.0,0.8,0.3,16.33683967590332,31.418865203857425
112000000008,0.0,0.9,0.3,14.741081237792969,29.30154800415039
112000000008,0.0,1.0,0.3,13.398780822753906,31.895160675048828
112000000009,0.0,0.0,0.3,19.7117977142334,21.24407958984375
112000000009,0.0,0.1,0.3,19.702795028686523,20.932218551635746
112000000009,0.0,0.2,0.3,19.645544052124023,21.36302947998047
112000000009,0.0,0.3,0.3,19.469247817993164,22.15973663330078
112000000009,0.0,0.4,0.3,19.135921478271484,22.00015449523925
112000000009,0.0,0.5,0.3,18.674972534179688,21.682933807373047
112000000009,0.0,0.6,0.3,17.771198272705078,21.794872283935547
112000000009,0.0,0.7,0.3,16.839914321899414,22.098546981811523
112000000009,0.0,0.8,0.3,16.051219940185547,22.15915870666504
112000000009,0.0,0.9,0.3,15.590947151184082,21.474756240844727
112000000009,0.0,1.0,0.3,15.4985990524292,21.169021606445312
113000000000,0.0,0.0,0.3,22.09395408630371,17.965486526489258
113000000000,0.0,0.1,0.3,22.087158203125,18.04087448120117
113000000000,0.0,0.2,0.3,21.971479415893555,18.0068359375
113000000000,0.0,0.3,0.3,21.75079345703125,18.203292846679688
113000000000,0.0,0.4,0.3,20.491352081298828,26.044727325439453
113000000000,0.0,0.5,0.3,19.77671813964844,26.12506675720215
113000000000,0.0,0.6,0.3,19.35205841064453,24.01604080200196
113000000000,0.0,0.7,0.3,17.345539093017578,23.337507247924805
113000000000,0.0,0.8,0.3,16.815793991088867,27.134401321411133
113000000000,0.0,0.9,0.3,16.3118953704834,28.33626937866211
113000000000,0.0,1.0,0.3,16.826236724853516,21.733642578125
113000000001,0.0,0.0,0.3,26.21232986450196,14.078296661376951
113000000001,0.0,0.1,0.3,26.217248916625977,14.138197898864746
113000000001,0.0,0.2,0.3,26.162878036499023,14.514702796936035
113000000001,0.0,0.3,0.3,25.89130401611328,15.138433456420898
113000000001,0.0,0.4,0.3,25.27337074279785,14.940574645996094
113000000001,0.0,0.5,0.3,24.30632209777832,16.51424217224121
113000000001,0.0,0.6,0.3,22.9187240600586,15.453319549560549
113000000001,0.0,0.7,0.3,20.140342712402344,19.11064720153809
113000000001,0.0,0.8,0.3,18.96268844604492,21.65424346923828
113000000001,0.0,0.9,0.3,17.519256591796875,17.342159271240234
113000000001,0.0,1.0,0.3,18.33927154541016,14.64642333984375
113000000002,0.0,0.0,0.3,23.84026908874512,19.01523399353028
113000000002,0.0,0.1,0.3,23.78751373291016,19.10169792175293
113000000002,0.0,0.2,0.3,23.74907684326172,19.22180938720703
113000000002,0.0,0.3,0.3,23.26984214782715,17.279016494750977
113000000002,0.0,0.4,0.3,22.74451446533203,14.639264106750488
113000000002,0.0,0.5,0.3,21.24573135375977,21.5935173034668
113000000002,0.0,0.6,0.3,19.671022415161133,22.465532302856445
113000000002,0.0,0.7,0.3,18.055007934570312,24.74293327331543
113000000002,0.0,0.8,0.3,17.048139572143555,24.020511627197266
113000000002,0.0,0.9,0.3,17.398677825927734,24.878780364990234
113000000002,0.0,1.0,0.3,14.884780883789062,25.68248176574707
113000000003,0.0,0.0,0.3,21.908342361450195,23.75272750854492
113000000003,0.0,0.1,0.3,21.900043487548828,23.43261909484864
113000000003,0.0,0.2,0.3,21.8584213256836,23.71382522583008
113000000003,0.0,0.3,0.3,21.5028076171875,23.91390037536621
113000000003,0.0,0.4,0.3,20.72715187072754,26.25481414794922
113000000003,0.0,0.5,0.3,19.95235252380371,26.41220664978028
113000000003,0.0,0.6,0.3,19.211143493652344,25.82080078125
113000000003,0.0,0.7,0.3,17.298818588256836,27.95657730102539
113000000003,0.0,0.8,0.3,16.101314544677734,25.42043685913086
113000000003,0.0,0.9,0.3,15.375421524047852,24.241086959838867
113000000003,0.0,1.0,0.3,14.450262069702148,25.14776039123535
113000000004,0.0,0.0,0.3,21.591487884521484,19.43114471435547
113000000004,0.0,0.1,0.3,21.582916259765625,19.904443740844727
113000000004,0.0,0.2,0.3,21.55880355834961,20.927385330200195
113000000004,0.0,0.3,0.3,21.38818359375,22.936222076416016
113000000004,0.0,0.4,0.3,20.901927947998047,22.91900634765625
113000000004,0.0,0.5,0.3,20.367816925048828,21.975868225097656
113000000004,0.0,0.6,0.3,20.32648277282715,22.44439125061035
113000000004,0.0,0.7,0.3,18.25302505493164,22.48334312438965
113000000004,0.0,0.8,0.3,18.423837661743164,19.142099380493164
113000000004,0.0,0.9,0.3,15.960278511047363,19.209880828857425
113000000004,0.0,1.0,0.3,17.275293350219727,19.01512718200684
113000000005,0.0,0.0,0.3,29.07048416137696,18.23372459411621
113000000005,0.0,0.1,0.3,29.08097267150879,17.97415542602539
113000000005,0.0,0.2,0.3,29.087059020996094,18.085712432861328
113000000005,0.0,0.3,0.3,28.94395637512207,18.462352752685547
113000000005,0.0,0.4,0.3,28.87518882751465,18.2774658203125
113000000005,0.0,0.5,0.3,28.17278480529785,18.024038314819336
113000000005,0.0,0.6,0.3,28.44276428222656,17.450288772583008
113000000005,0.0,0.7,0.3,20.601184844970703,22.327051162719727
113000000005,0.0,0.8,0.3,16.542449951171875,20.94451713562012
113000000005,0.0,0.9,0.3,14.614749908447266,19.4447078704834
113000000005,0.0,1.0,0.3,15.26936149597168,19.3100528717041
113000000006,0.0,0.0,0.3,24.180200576782227,19.553112030029297
113000000006,0.0,0.1,0.3,24.16806411743164,19.89348793029785
113000000006,0.0,0.2,0.3,24.147390365600582,20.26386833190918
113000000006,0.0,0.3,0.3,24.045063018798828,18.686458587646484
113000000006,0.0,0.4,0.3,23.963363647460938,19.098785400390625
113000000006,0.0,0.5,0.3,23.75454330444336,20.13262176513672
113000000006,0.0,0.6,0.3,22.787633895874023,19.336992263793945
113000000006,0.0,0.7,0.3,20.29605484008789,20.70326805114746
113000000006,0.0,0.8,0.3,22.26780128479004,18.67406845092773
113000000006,0.0,0.9,0.3,19.70034980773925,18.603185653686523
113000000006,0.0,1.0,0.3,18.300180435180664,20.122163772583008
113000000007,0.0,0.0,0.3,21.15436172485352,17.50322151184082
113000000007,0.0,0.1,0.3,21.15091133117676,17.325328826904297
113000000007,0.0,0.2,0.3,21.143394470214844,17.09153938293457
113000000007,0.0,0.3,0.3,21.108192443847656,16.480472564697266
113000000007,0.0,0.4,0.3,21.060583114624023,16.80007553100586
113000000007,0.0,0.5,0.3,20.958526611328125,17.030813217163086
113000000007,0.0,0.6,0.3,20.705848693847656,16.456022262573242
113000000007,0.0,0.7,0.3,20.05024528503418,17.128395080566406
113000000007,0.0,0.8,0.3,17.05986976623535,17.425277709960938
113000000007,0.0,0.9,0.3,14.824529647827148,19.12752151489257
113000000007,0.0,1.0,0.3,16.592174530029297,16.086917877197266
113000000008,0.0,0.0,0.3,18.79728507995605,17.92392349243164
113000000008,0.0,0.1,0.3,18.788061141967773,17.99190902709961
113000000008,0.0,0.2,0.3,18.7154598236084,17.686717987060547
113000000008,0.0,0.3,0.3,18.45328712463379,17.718862533569336
113000000008,0.0,0.4,0.3,17.931795120239258,16.062532424926758
113000000008,0.0,0.5,0.3,17.446834564208984,18.379180908203125
113000000008,0.0,0.6,0.3,16.990028381347656,16.76424217224121
113000000008,0.0,0.7,0.3,14.711139678955078,23.529653549194336
113000000008,0.0,0.8,0.3,14.314642906188965,21.722637176513672
113000000008,0.0,0.9,0.3,13.573219299316406,22.38434219360352
113000000008,0.0,1.0,0.3,13.36587142944336,20.1767692565918
113000000009,0.0,0.0,0.3,17.429513931274414,15.463858604431152
113000000009,0.0,0.1,0.3,17.427017211914062,16.367704391479492
113000000009,0.0,0.2,0.3,17.394128799438477,16.584945678710938
113000000009,0.0,0.3,0.3,17.30291748046875,16.914939880371094
113000000009,0.0,0.4,0.3,17.11422348022461,16.821857452392578
113000000009,0.0,0.5,0.3,16.852209091186523,15.450650215148926
113000000009,0.0,0.6,0.3,16.258520126342773,18.509248733520508
113000000009,0.0,0.7,0.3,15.724010467529297,19.413942337036133
113000000009,0.0,0.8,0.3,16.04673957824707,17.28590965270996
113000000009,0.0,0.9,0.3,16.016572952270508,18.34444046020508
113000000009,0.0,1.0,0.3,15.837006568908691,18.25963592529297
114000000000,0.0,0.0,0.3,22.77755546569824,18.27821350097656
114000000000,0.0,0.1,0.3,22.752870559692383,18.252864837646484
114000000000,0.0,0.2,0.3,22.647676467895508,17.880918502807617
114000000000,0.0,0.3,0.3,22.49275588989257,18.253326416015625
114000000000,0.0,0.4,0.3,22.279409408569336,19.08773422241211
114000000000,0.0,0.5,0.3,22.005395889282227,19.21687889099121
114000000000,0.0,0.6,0.3,19.92277336120605,19.88409996032715
114000000000,0.0,0.7,0.3,17.326536178588867,18.2833309173584
114000000000,0.0,0.8,0.3,18.070816040039062,17.258102416992188
114000000000,0.0,0.9,0.3,15.363809585571287,22.62043571472168
114000000000,0.0,1.0,0.3,14.91574478149414,15.920186042785645
114000000001,0.0,0.0,0.3,24.831729888916016,21.124462127685547
114000000001,0.0,0.1,0.3,24.811140060424805,23.33460235595703
114000000001,0.0,0.2,0.3,25.00888633728028,22.27641868591309
114000000001,0.0,0.3,0.3,24.615949630737305,24.60881996154785
114000000001,0.0,0.4,0.3,24.45012855529785,24.676416397094727
114000000001,0.0,0.5,0.3,24.1921443939209,22.24309158325196
114000000001,0.0,0.6,0.3,22.65668678283692,20.002609252929688
114000000001,0.0,0.7,0.3,21.25582504272461,24.497716903686523
114000000001,0.0,0.8,0.3,20.580678939819336,18.27980232238769
114000000001,0.0,0.9,0.3,18.371484756469727,18.90351104736328
114000000001,0.0,1.0,0.3,16.798511505126953,19.16128730773925
114000000002,0.0,0.0,0.3,22.343475341796875,20.99986457824707
114000000002,0.0,0.1,0.3,22.353729248046875,21.19154167175293
114000000002,0.0,0.2,0.3,22.35983085632324,21.75609397888184
114000000002,0.0,0.3,0.3,22.20472717285156,21.64432144165039
114000000002,0.0,0.4,0.3,21.815847396850582,22.083614349365234
114000000002,0.0,0.5,0.3,21.51995658874512,22.34496688842773
114000000002,0.0,0.6,0.3,21.32847785949707,22.24890518188477
114000000002,0.0,0.7,0.3,20.59507751464844,21.329668045043945
114000000002,0.0,0.8,0.3,20.250751495361328,21.396240234375
114000000002,0.0,0.9,0.3,19.417415618896484,20.988325119018555
114000000002,0.0,1.0,0.3,17.25217056274414,21.712373733520508
114000000003,0.0,0.0,0.3,19.30120277404785,18.75684928894043
114000000003,0.0,0.1,0.3,19.29250144958496,18.924171447753903
114000000003,0.0,0.2,0.3,19.295595169067383,19.139907836914062
114000000003,0.0,0.3,0.3,19.17547607421875,19.608198165893555
114000000003,0.0,0.4,0.3,19.01311492919922,20.64472007751465
114000000003,0.0,0.5,0.3,19.029216766357425,20.567853927612305
114000000003,0.0,0.6,0.3,18.41835021972656,18.259929656982425
114000000003,0.0,0.7,0.3,16.795072555541992,18.83048248291016
114000000003,0.0,0.8,0.3,14.008214950561523,24.546770095825195
114000000003,0.0,0.9,0.3,12.968290328979492,22.274356842041016
114000000003,0.0,1.0,0.3,11.38974380493164,23.32645797729492
114000000004,0.0,0.0,0.3,24.07552719116211,25.376903533935547
114000000004,0.0,0.1,0.3,24.050037384033203,25.792377471923828
114000000004,0.0,0.2,0.3,23.98002815246582,25.451644897460938
114000000004,0.0,0.3,0.3,23.74981117248535,25.652990341186523
114000000004,0.0,0.4,0.3,23.36516189575196,25.878292083740234
114000000004,0.0,0.5,0.3,23.011520385742188,26.07368278503418
114000000004,0.0,0.6,0.3,22.21098518371582,25.99431037902832
114000000004,0.0,0.7,0.3,19.570701599121094,27.69701194763184
114000000004,0.0,0.8,0.3,18.103025436401367,27.29054069519043
114000000004,0.0,0.9,0.3,17.550432205200195,27.664310455322266
114000000004,0.0,1.0,0.3,15.640213966369627,26.10492706298828
114000000005,0.0,0.0,0.3,22.556581497192383,18.03150749206543
114000000005,0.0,0.1,0.3,22.54767799377441,18.13419342041016
114000000005,0.0,0.2,0.3,22.53441429138184,18.172048568725582
114000000005,0.0,0.3,0.3,22.349424362182617,18.404539108276367
114000000005,0.0,0.4,0.3,22.0406551361084,18.649843215942383
114000000005,0.0,0.5,0.3,19.97966384887696,23.98714637756348
114000000005,0.0,0.6,0.3,19.208192825317383,24.72977638244629
114000000005,0.0,0.7,0.3,19.03987693786621,24.38478279113769
114000000005,0.0,0.8,0.3,18.59254646301269,23.69976043701172
114000000005,0.0,0.9,0.3,17.389301300048828,25.100929260253903
114000000005,0.0,1.0,0.3,16.198427200317383,23.930065155029297
114000000006,0.0,0.0,0.3,24.082136154174805,18.82746315002441
114000000006,0.0,0.1,0.3,24.058406829833984,19.065380096435547
114000000006,0.0,0.2,0.3,23.9585189819336,19.24356460571289
114000000006,0.0,0.3,0.3,23.579309463500977,19.149497985839844
114000000006,0.0,0.4,0.3,23.087535858154297,20.812021255493164
114000000006,0.0,0.5,0.3,22.5048770904541,19.10374641418457
114000000006,0.0,0.6,0.3,21.96177864074707,18.69637107849121
114000000006,0.0,0.7,0.3,21.031482696533203,16.025009155273438
114000000006,0.0,0.8,0.3,20.253103256225582,20.99384307861328
114000000006,0.0,0.9,0.3,17.075355529785156,17.837602615356445
114000000006,0.0,1.0,0.3,15.805806159973145,20.752147674560547
114000000007,0.0,0.0,0.3,23.098997116088867,13.784760475158691
114000000007,0.0,0.1,0.3,23.08943557739257,13.870692253112791
114000000007,0.0,0.2,0.3,22.92225646972656,12.94838809967041
114000000007,0.0,0.3,0.3,22.4150390625,11.611909866333008
114000000007,0.0,0.4,0.3,21.64227104187012,22.753793716430664
114000000007,0.0,0.5,0.3,20.78614997863769,18.56387710571289
114000000007,0.0,0.6,0.3,19.03085899353028,22.398515701293945
114000000007,0.0,0.7,0.3,17.4605712890625,22.692840576171875
114000000007,0.0,0.8,0.3,14.70363998413086,19.869430541992188
114000000007,0.0,0.9,0.3,13.359113693237305,22.60883522033692
114000000007,0.0,1.0,0.3,12.787190437316896,23.13897705078125
114000000008,0.0,0.0,0.3,21.32309913635254,18.276273727416992
114000000008,0.0,0.1,0.3,21.33698081970215,18.23080062866211
114000000008,0.0,0.2,0.3,21.33599853515625,18.40958023071289
114000000008,0.0,0.3,0.3,21.267921447753903,18.221378326416016
114000000008,0.0,0.4,0.3,21.12133026123047,19.00425148010254
114000000008,0.0,0.5,0.3,20.440784454345703,20.27094078063965
114000000008,0.0,0.6,0.3,20.41091537475586,19.79133415222168
114000000008,0.0,0.7,0.3,20.197486877441406,21.11028480529785
114000000008,0.0,0.8,0.3,19.57219696044922,19.3132438659668
114000000008,0.0,0.9,0.3,19.20439720153809,17.442733764648438
114000000008,0.0,1.0,0.3,17.92626190185547,18.83290672302246
114000000009,0.0,0.0,0.3,23.228008270263672,18.969873428344727
114000000009,0.0,0.1,0.3,23.21648406982422,18.76396942138672
114000000009,0.0,0.2,0.3,23.20191764831543,18.64681434631348
114000000009,0.0,0.3,0.3,23.10422134399414,19.10061836242676
114000000009,0.0,0.4,0.3,22.99701499938965,18.409320831298828
114000000009,0.0,0.5,0.3,22.5555419921875,18.206674575805664
114000000009,0.0,0.6,0.3,22.24749183654785,18.14853858947754
114000000009,0.0,0.7,0.3,21.803524017333984,17.53704833984375
114000000009,0.0,0.8,0.3,20.76046562194824,18.407615661621094
114000000009,0.0,0.9,0.3,19.912372589111328,18.53437805175781
114000000009,0.0,1.0,0.3,18.63691520690918,19.51384162902832
121000000000,0.0,0.0,0.3,21.509296417236328,19.3060359954834
121000000000,0.0,0.1,0.3,21.499475479125977,19.487533569335938
121000000000,0.0,0.2,0.3,21.45676040649414,19.87730026245117
121000000000,0.0,0.3,0.3,21.325963973999023,19.89164352416992
121000000000,0.0,0.4,0.3,20.94440460205078,20.012245178222656
121000000000,0.0,0.5,0.3,20.152904510498047,19.805885314941406
121000000000,0.0,0.6,0.3,18.59464836120605,21.048473358154297
121000000000,0.0,0.7,0.3,16.223604202270508,17.717437744140625
121000000000,0.0,0.8,0.3,17.619897842407227,20.06894874572754
121000000000,0.0,0.9,0.3,17.7582950592041,20.352941513061523
121000000000,0.0,1.0,0.3,16.653493881225586,21.219135284423828
121000000001,0.0,0.0,0.3,22.68606185913086,19.51233291625977
121000000001,0.0,0.1,0.3,22.529014587402344,20.19953727722168
121000000001,0.0,0.2,0.3,22.22474479675293,21.76470184326172
121000000001,0.0,0.3,0.3,21.49078369140625,25.10317611694336
121000000001,0.0,0.4,0.3,19.976491928100582,28.60516357421875
121000000001,0.0,0.5,0.3,17.417131423950195,27.048677444458008
121000000001,0.0,0.6,0.3,15.864862442016602,30.09874725341797
121000000001,0.0,0.7,0.3,15.078948974609377,27.30678367614746
121000000001,0.0,0.8,0.3,13.678218841552734,27.265077590942383
121000000001,0.0,0.9,0.3,13.601353645324709,27.418188095092773
121000000001,0.0,1.0,0.3,12.04581356048584,27.647655487060547
121000000002,0.0,0.0,0.3,20.212541580200195,14.616235733032228
121000000002,0.0,0.1,0.3,20.19024658203125,14.936047554016112
121000000002,0.0,0.2,0.3,19.998022079467773,21.447246551513672
121000000002,0.0,0.3,0.3,19.67682838439941,25.01697540283203
121000000002,0.0,0.4,0.3,19.158180236816406,25.43340110778809
121000000002,0.0,0.5,0.3,18.19307327270508,25.340431213378903
121000000002,0.0,0.6,0.3,16.437511444091797,25.020408630371094
121000000002,0.0,0.7,0.3,15.25688648223877,23.94472312927246
121000000002,0.0,0.8,0.3,14.853677749633787,23.540233612060547
121000000002,0.0,0.9,0.3,15.214200019836426,23.34246253967285
121000000002,0.0,1.0,0.3,14.143685340881348,23.275127410888672
121000000003,0.0,0.0,0.3,20.365455627441406,20.76723861694336
121000000003,0.0,0.1,0.3,20.333070755004883,20.73383140563965
121000000003,0.0,0.2,0.3,20.17239570617676,21.26880073547364
121000000003,0.0,0.3,0.3,19.815492630004883,26.637130737304688
121000000003,0.0,0.4,0.3,19.221153259277344,27.22736358642578
121000000003,0.0,0.5,0.3,18.600038528442383,25.580612182617188
121000000003,0.0,0.6,0.3,17.295164108276367,27.18724250793457
121000000003,0.0,0.7,0.3,16.504745483398438,25.72074317932129
121000000003,0.0,0.8,0.3,15.10002326965332,26.879613876342773
121000000003,0.0,0.9,0.3,14.935527801513672,26.178503036499023
121000000003,0.0,1.0,0.3,15.617915153503418,26.088035583496094
121000000004,0.0,0.0,0.3,21.422401428222656,15.132850646972656
121000000004,0.0,0.1,0.3,21.412185668945312,15.131914138793944
121000000004,0.0,0.2,0.3,21.26718711853028,15.86485481262207
121000000004,0.0,0.3,0.3,20.8237533569336,15.969133377075195
121000000004,0.0,0.4,0.3,20.11269187927246,18.38241577148437
121000000004,0.0,0.5,0.3,19.52829360961914,20.982097625732425
121000000004,0.0,0.6,0.3,18.563465118408203,23.468265533447266
121000000004,0.0,0.7,0.3,17.741668701171875,14.444419860839844
121000000004,0.0,0.8,0.3,17.17894172668457,21.110811233520508
121000000004,0.0,0.9,0.3,16.572336196899414,19.794166564941406
121000000004,0.0,1.0,0.3,16.19626808166504,13.367548942565918
121000000005,0.0,0.0,0.3,22.9989070892334,18.46079444885254
121000000005,0.0,0.1,0.3,22.90938186645508,18.11383056640625
121000000005,0.0,0.2,0.3,22.62140274047852,18.595603942871094
121000000005,0.0,0.3,0.3,21.76181983947754,19.946422576904297
121000000005,0.0,0.4,0.3,20.66453742980957,20.185136795043945
121000000005,0.0,0.5,0.3,20.75753593444824,19.283018112182617
121000000005,0.0,0.6,0.3,20.28290557861328,19.68306541442871
121000000005,0.0,0.7,0.3,18.28996658325196,20.002933502197266
121000000005,0.0,0.8,0.3,17.676618576049805,21.39153861999512
121000000005,0.0,0.9,0.3,18.17975425720215,21.33616828918457
121000000005,0.0,1.0,0.3,17.737035751342773,14.02892780303955
121000000006,0.0,0.0,0.3,22.174888610839844,14.166670799255373
121000000006,0.0,0.1,0.3,22.10721778869629,14.294012069702148
121000000006,0.0,0.2,0.3,21.90972137451172,14.332797050476074
121000000006,0.0,0.3,0.3,21.51106834411621,14.8560791015625
121000000006,0.0,0.4,0.3,20.5752182006836,16.178434371948242
121000000006,0.0,0.5,0.3,19.43697929382324,16.3850040435791
121000000006,0.0,0.6,0.3,18.1696834564209,18.682519912719727
121000000006,0.0,0.7,0.3,16.619470596313477,19.950693130493164
121000000006,0.0,0.8,0.3,16.867286682128906,18.83059883117676
121000000006,0.0,0.9,0.3,18.150182723999023,13.947927474975586
121000000006,0.0,1.0,0.3,17.471309661865234,14.204517364501951
121000000007,0.0,0.0,0.3,19.91526985168457,15.80796241760254
121000000007,0.0,0.1,0.3,19.7248649597168,16.658567428588867
121000000007,0.0,0.2,0.3,19.252241134643555,19.99751091003418
121000000007,0.0,0.3,0.3,18.49402618408203,20.288330078125
121000000007,0.0,0.4,0.3,17.75753402709961,20.67769432067871
121000000007,0.0,0.5,0.3,16.96208381652832,20.76163101196289
121000000007,0.0,0.6,0.3,16.355743408203125,21.964954376220703
121000000007,0.0,0.7,0.3,14.35064697265625,22.157169342041016
121000000007,0.0,0.8,0.3,12.813100814819336,23.0996208190918
121000000007,0.0,0.9,0.3,10.9718017578125,24.95574951171875
121000000007,0.0,1.0,0.3,10.94341278076172,18.63567543029785
121000000008,0.0,0.0,0.3,18.001129150390625,17.094566345214844
121000000008,0.0,0.1,0.3,18.004621505737305,17.544694900512695
121000000008,0.0,0.2,0.3,17.970775604248047,17.64260482788086
121000000008,0.0,0.3,0.3,17.732868194580078,17.98452377319336
121000000008,0.0,0.4,0.3,17.323406219482422,18.108766555786133
121000000008,0.0,0.5,0.3,16.251239776611328,19.29125213623047
121000000008,0.0,0.6,0.3,14.853437423706056,25.89370346069336
121000000008,0.0,0.7,0.3,14.14561653137207,25.86914825439453
121000000008,0.0,0.8,0.3,13.49576473236084,23.32863426208496
121000000008,0.0,0.9,0.3,13.051694869995115,20.40806770324707
121000000008,0.0,1.0,0.3,13.073424339294434,17.10567283630371
121000000009,0.0,0.0,0.3,21.81912040710449,12.562847137451172
121000000009,0.0,0.1,0.3,21.7278060913086,14.02298641204834
121000000009,0.0,0.2,0.3,21.46022224426269,15.479779243469238
121000000009,0.0,0.3,0.3,20.90369415283203,15.840211868286133
121000000009,0.0,0.4,0.3,19.652307510375977,19.35330390930176
121000000009,0.0,0.5,0.3,17.76938247680664,25.172117233276367
121000000009,0.0,0.6,0.3,16.9990291595459,24.08279800415039
121000000009,0.0,0.7,0.3,16.46443748474121,22.110179901123047
121000000009,0.0,0.8,0.3,15.834035873413086,23.070356369018555
121000000009,0.0,0.9,0.3,16.32784080505371,25.24716567993164
121000000009,0.0,1.0,0.3,16.431983947753906,21.529937744140625
122000000000,0.0,0.0,0.3,20.762975692749023,19.66985511779785
122000000000,0.0,0.1,0.3,20.775522232055664,19.66750907897949
122000000000,0.0,0.2,0.3,20.72903633117676,19.409093856811523
122000000000,0.0,0.3,0.3,20.61183738708496,19.60500717163086
122000000000,0.0,0.4,0.3,20.523094177246094,20.061094284057617
122000000000,0.0,0.5,0.3,19.85077857971192,19.385009765625
122000000000,0.0,0.6,0.3,15.441442489624023,27.42580223083496
122000000000,0.0,0.7,0.3,12.583786010742188,28.95452690124512
122000000000,0.0,0.8,0.3,12.722691535949709,25.910186767578125
122000000000,0.0,0.9,0.3,12.784241676330566,27.050758361816406
122000000000,0.0,1.0,0.3,12.479636192321776,25.26776885986328
122000000001,0.0,0.0,0.3,19.85602188110352,16.95342254638672
122000000001,0.0,0.1,0.3,19.76997756958008,16.668100357055664
122000000001,0.0,0.2,0.3,19.51450157165528,18.524524688720703
122000000001,0.0,0.3,0.3,19.05849266052246,17.276439666748047
122000000001,0.0,0.4,0.3,18.014232635498047,19.61812210083008
122000000001,0.0,0.5,0.3,17.31250762939453,20.227283477783203
122000000001,0.0,0.6,0.3,15.77467918395996,19.326818466186523
122000000001,0.0,0.7,0.3,14.7909574508667,21.82010269165039
122000000001,0.0,0.8,0.3,13.934921264648438,17.791086196899414
122000000001,0.0,0.9,0.3,13.261329650878906,16.752010345458984
122000000001,0.0,1.0,0.3,13.29144287109375,18.2287654876709
122000000002,0.0,0.0,0.3,24.43899154663086,12.597368240356444
122000000002,0.0,0.1,0.3,24.43036460876465,12.595277786254885
122000000002,0.0,0.2,0.3,24.394433975219727,12.478804588317873
122000000002,0.0,0.3,0.3,24.15800094604492,12.733957290649414
122000000002,0.0,0.4,0.3,23.34425544738769,10.7511568069458
122000000002,0.0,0.5,0.3,22.75058555603028,12.53011703491211
122000000002,0.0,0.6,0.3,20.999311447143555,16.215545654296875
122000000002,0.0,0.7,0.3,18.525882720947266,16.085472106933594
122000000002,0.0,0.8,0.3,18.431123733520508,13.86849880218506
122000000002,0.0,0.9,0.3,17.04127311706543,12.27635383605957
122000000002,0.0,1.0,0.3,15.890429496765137,13.677292823791504
122000000003,0.0,0.0,0.3,19.375965118408203,13.543778419494627
122000000003,0.0,0.1,0.3,19.367860794067383,13.628825187683104
122000000003,0.0,0.2,0.3,19.338668823242188,14.354568481445312
122000000003,0.0,0.3,0.3,19.22978401184082,15.132906913757324
122000000003,0.0,0.4,0.3,19.106597900390625,16.798995971679688
122000000003,0.0,0.5,0.3,19.12793159484864,15.200942993164062
122000000003,0.0,0.6,0.3,18.94524955749512,17.140235900878906
122000000003,0.0,0.7,0.3,18.320114135742188,16.698734283447266
122000000003,0.0,0.8,0.3,17.530847549438477,15.367332458496094
122000000003,0.0,0.9,0.3,16.501150131225586,15.497562408447266
122000000003,0.0,1.0,0.3,15.99729824066162,18.077077865600582
122000000004,0.0,0.0,0.3,22.83551979064941,15.34585666656494
122000000004,0.0,0.1,0.3,22.85051918029785,15.204985618591309
122000000004,0.0,0.2,0.3,22.8220272064209,15.302705764770508
122000000004,0.0,0.3,0.3,22.688034057617188,15.353293418884276
122000000004,0.0,0.4,0.3,22.250652313232425,15.36064338684082
122000000004,0.0,0.5,0.3,22.01200294494629,14.966143608093262
122000000004,0.0,0.6,0.3,20.09510040283203,16.267311096191406
122000000004,0.0,0.7,0.3,16.701934814453125,18.95151710510254
122000000004,0.0,0.8,0.3,15.938793182373049,18.4617919921875
122000000004,0.0,0.9,0.3,16.24378776550293,19.785844802856445
122000000004,0.0,1.0,0.3,15.413905143737791,20.87212181091309
122000000005,0.0,0.0,0.3,20.57405662536621,16.140239715576172
122000000005,0.0,0.1,0.3,20.58177375793457,15.947508811950684
122000000005,0.0,0.2,0.3,20.629270553588867,16.26838493347168
122000000005,0.0,0.3,0.3,20.40752410888672,15.971465110778809
122000000005,0.0,0.4,0.3,19.349559783935547,15.35925579071045
122000000005,0.0,0.5,0.3,17.971084594726562,17.6710147857666
122000000005,0.0,0.6,0.3,15.202071189880373,15.915985107421877
122000000005,0.0,0.7,0.3,14.68613338470459,20.02403450012207
122000000005,0.0,0.8,0.3,12.486262321472168,19.977840423583984
122000000005,0.0,0.9,0.3,11.973278045654297,22.897491455078125
122000000005,0.0,1.0,0.3,10.460345268249512,22.77431869506836
122000000006,0.0,0.0,0.3,18.828563690185547,18.432064056396484
122000000006,0.0,0.1,0.3,18.838817596435547,18.427446365356445
122000000006,0.0,0.2,0.3,18.785663604736328,19.20885467529297
122000000006,0.0,0.3,0.3,18.58693122863769,18.58219146728516
122000000006,0.0,0.4,0.3,18.311880111694336,19.72696685791016
122000000006,0.0,0.5,0.3,17.808307647705078,18.84654235839844
122000000006,0.0,0.6,0.3,15.859155654907228,21.318405151367188
122000000006,0.0,0.7,0.3,13.408721923828123,27.67881774902344
122000000006,0.0,0.8,0.3,13.858059883117676,26.029247283935547
122000000006,0.0,0.9,0.3,13.202333450317385,29.32051467895508
122000000006,0.0,1.0,0.3,12.991698265075684,29.345733642578125
122000000007,0.0,0.0,0.3,20.645336151123047,8.196226119995117
122000000007,0.0,0.1,0.3,20.64407157897949,8.594522476196289
122000000007,0.0,0.2,0.3,20.65520095825196,9.418033599853516
122000000007,0.0,0.3,0.3,20.47611618041992,10.224405288696287
122000000007,0.0,0.4,0.3,20.19694900512696,11.47837257385254
122000000007,0.0,0.5,0.3,19.60499763488769,11.954792976379396
122000000007,0.0,0.6,0.3,17.439926147460938,15.512662887573242
122000000007,0.0,0.7,0.3,16.113197326660156,20.79017448425293
122000000007,0.0,0.8,0.3,16.285743713378906,19.27475547790528
122000000007,0.0,0.9,0.3,16.279767990112305,17.049318313598633
122000000007,0.0,1.0,0.3,16.013614654541016,15.533486366271973
122000000008,0.0,0.0,0.3,20.63033103942871,14.070727348327637
122000000008,0.0,0.1,0.3,20.62749671936035,14.344382286071776
122000000008,0.0,0.2,0.3,20.615026473999023,13.934283256530762
122000000008,0.0,0.3,0.3,20.595558166503903,14.045421600341797
122000000008,0.0,0.4,0.3,20.565549850463867,14.1422119140625
122000000008,0.0,0.5,0.3,20.03207778930664,14.415290832519531
122000000008,0.0,0.6,0.3,18.22709274291992,18.14127540588379
122000000008,0.0,0.7,0.3,15.599679946899414,23.96728706359864
122000000008,0.0,0.8,0.3,13.618770599365234,11.345623016357422
122000000008,0.0,0.9,0.3,16.791675567626953,14.827817916870115
122000000008,0.0,1.0,0.3,15.377135276794434,16.409141540527344
122000000009,0.0,0.0,0.3,24.52386283874512,9.923065185546877
122000000009,0.0,0.1,0.3,24.52022171020508,10.2474365234375
122000000009,0.0,0.2,0.3,24.47062873840332,10.56180191040039
122000000009,0.0,0.3,0.3,24.239017486572266,10.402770042419434
122000000009,0.0,0.4,0.3,23.931127548217773,6.540009498596191
122000000009,0.0,0.5,0.3,23.83362197875977,9.23371124267578
122000000009,0.0,0.6,0.3,22.995784759521484,10.952542304992676
122000000009,0.0,0.7,0.3,19.545772552490234,9.183549880981444
122000000009,0.0,0.8,0.3,18.17655372619629,11.881451606750488
122000000009,0.0,0.9,0.3,17.015928268432617,13.487269401550291
122000000009,0.0,1.0,0.3,16.374828338623047,9.77318286895752
123000000000,0.0,0.0,0.3,21.62085723876953,18.09905815124512
123000000000,0.0,0.1,0.3,21.62094688415528,18.1091365814209
123000000000,0.0,0.2,0.3,21.47309112548828,18.85957717895508
123000000000,0.0,0.3,0.3,20.954635620117188,18.947603225708008
123000000000,0.0,0.4,0.3,19.41348457336425,16.925655364990234
123000000000,0.0,0.5,0.3,18.194313049316406,18.02484703063965
123000000000,0.0,0.6,0.3,16.294513702392578,21.246749877929688
123000000000,0.0,0.7,0.3,15.576398849487305,21.05124282836914
123000000000,0.0,0.8,0.3,14.469836235046388,19.7583122253418
123000000000,0.0,0.9,0.3,13.491405487060549,21.274852752685547
123000000000,0.0,1.0,0.3,12.749870300292969,16.773616790771484
123000000001,0.0,0.0,0.3,28.7988510131836,15.559412956237791
123000000001,0.0,0.1,0.3,28.774429321289062,15.57164478302002
123000000001,0.0,0.2,0.3,28.702939987182617,15.51328468322754
123000000001,0.0,0.3,0.3,28.597393035888672,15.282333374023438
123000000001,0.0,0.4,0.3,28.431734085083008,15.749110221862791
123000000001,0.0,0.5,0.3,28.13846969604492,17.407629013061523
123000000001,0.0,0.6,0.3,24.487733840942383,18.51258850097656
123000000001,0.0,0.7,0.3,20.39091682434082,18.274837493896484
123000000001,0.0,0.8,0.3,18.55709457397461,18.71445274353028
123000000001,0.0,0.9,0.3,17.26909828186035,20.707393646240234
123000000001,0.0,1.0,0.3,15.514640808105469,17.34520721435547
123000000002,0.0,0.0,0.3,24.32822036743164,11.518357276916504
123000000002,0.0,0.1,0.3,24.293481826782227,11.468027114868164
123000000002,0.0,0.2,0.3,24.206111907958984,9.650548934936523
123000000002,0.0,0.3,0.3,23.792495727539062,10.250114440917969
123000000002,0.0,0.4,0.3,22.78436088562012,13.11997890472412
123000000002,0.0,0.5,0.3,22.558557510375977,13.633960723876951
123000000002,0.0,0.6,0.3,20.96430206298828,18.80241584777832
123000000002,0.0,0.7,0.3,19.18669891357422,12.951940536499023
123000000002,0.0,0.8,0.3,18.88909721374512,10.441993713378906
123000000002,0.0,0.9,0.3,16.72804832458496,19.37854385375977
123000000002,0.0,1.0,0.3,13.463516235351562,17.802303314208984
123000000003,0.0,0.0,0.3,22.11454200744629,18.62720489501953
123000000003,0.0,0.1,0.3,22.13268280029297,18.44771957397461
123000000003,0.0,0.2,0.3,22.102054595947266,18.690868377685547
123000000003,0.0,0.3,0.3,21.53217315673828,19.06000328063965
123000000003,0.0,0.4,0.3,21.022930145263672,19.03616714477539
123000000003,0.0,0.5,0.3,19.587535858154297,21.488168716430664
123000000003,0.0,0.6,0.3,19.64328956604004,21.369585037231445
123000000003,0.0,0.7,0.3,17.96760368347168,19.840044021606445
123000000003,0.0,0.8,0.3,16.286869049072266,18.708709716796875
123000000003,0.0,0.9,0.3,14.299616813659668,21.37021827697754
123000000003,0.0,1.0,0.3,13.553964614868164,22.0380859375
123000000004,0.0,0.0,0.3,19.20948600769043,24.326641082763672
123000000004,0.0,0.1,0.3,19.209678649902344,24.293664932250977
123000000004,0.0,0.2,0.3,19.19780921936035,23.64276123046875
123000000004,0.0,0.3,0.3,19.14521217346192,23.446577072143555
123000000004,0.0,0.4,0.3,19.086410522460938,23.52187156677246
123000000004,0.0,0.5,0.3,18.90181541442871,23.85256576538086
123000000004,0.0,0.6,0.3,18.277816772460938,24.03087043762207
123000000004,0.0,0.7,0.3,17.087108612060547,24.63790702819824
123000000004,0.0,0.8,0.3,16.488845825195312,27.786354064941406
123000000004,0.0,0.9,0.3,15.642967224121094,26.65882110595703
123000000004,0.0,1.0,0.3,12.397713661193848,20.306196212768555
123000000005,0.0,0.0,0.3,19.613067626953125,13.084498405456545
123000000005,0.0,0.1,0.3,19.60714530944824,12.916474342346191
123000000005,0.0,0.2,0.3,19.573272705078125,12.73249053955078
123000000005,0.0,0.3,0.3,19.43071937561035,12.84512710571289
123000000005,0.0,0.4,0.3,19.21538734436035,14.028592109680176
123000000005,0.0,0.5,0.3,18.99485206604004,14.754780769348145
123000000005,0.0,0.6,0.3,18.39818000793457,16.2320556640625
123000000005,0.0,0.7,0.3,17.075414657592773,17.820491790771484
123000000005,0.0,0.8,0.3,15.737020492553713,21.375707626342773
123000000005,0.0,0.9,0.3,15.139155387878418,22.20159149169922
123000000005,0.0,1.0,0.3,14.276565551757812,22.016950607299805
123000000006,0.0,0.0,0.3,22.857202529907227,19.091949462890625
123000000006,0.0,0.1,0.3,22.85120964050293,18.935142517089844
123000000006,0.0,0.2,0.3,22.84276390075684,19.10547065734864
123000000006,0.0,0.3,0.3,22.804931640625,18.64392852783203
123000000006,0.0,0.4,0.3,22.71979522705078,20.31001663208008
123000000006,0.0,0.5,0.3,22.6213607788086,24.88252639770508
123000000006,0.0,0.6,0.3,21.11261558532715,25.002944946289062
123000000006,0.0,0.7,0.3,19.241851806640625,24.873628616333008
123000000006,0.0,0.8,0.3,17.634668350219727,22.73521041870117
123000000006,0.0,0.9,0.3,15.80361270904541,31.719070434570312
123000000006,0.0,1.0,0.3,14.252946853637695,18.620336532592773
123000000007,0.0,0.0,0.3,22.333311080932617,17.299285888671875
123000000007,0.0,0.1,0.3,22.32015419006348,17.382305145263672
123000000007,0.0,0.2,0.3,22.294092178344727,17.545818328857422
123000000007,0.0,0.3,0.3,21.941211700439453,17.38218879699707
123000000007,0.0,0.4,0.3,21.93485450744629,17.22924041748047
123000000007,0.0,0.5,0.3,21.84824180603028,18.020402908325195
123000000007,0.0,0.6,0.3,20.14236831665039,16.23077964782715
123000000007,0.0,0.7,0.3,18.113750457763672,18.57209587097168
123000000007,0.0,0.8,0.3,16.931066513061523,20.05919647216797
123000000007,0.0,0.9,0.3,16.041990280151367,19.52551651000977
123000000007,0.0,1.0,0.3,14.765510559082031,19.4237117767334
123000000008,0.0,0.0,0.3,20.353858947753903,15.708303451538086
123000000008,0.0,0.1,0.3,20.3431396484375,15.459291458129885
123000000008,0.0,0.2,0.3,20.32539749145508,15.948722839355469
123000000008,0.0,0.3,0.3,20.211620330810547,16.029069900512695
123000000008,0.0,0.4,0.3,20.257312774658203,16.646211624145508
123000000008,0.0,0.5,0.3,19.84362030029297,15.538331985473633
123000000008,0.0,0.6,0.3,19.39922523498535,15.85114574432373
123000000008,0.0,0.7,0.3,19.21098899841309,15.797901153564451
123000000008,0.0,0.8,0.3,17.179447174072266,16.02570343017578
123000000008,0.0,0.9,0.3,17.88479232788086,13.664266586303713
123000000008,0.0,1.0,0.3,17.465438842773438,15.12639331817627
123000000009,0.0,0.0,0.3,20.198617935180664,12.36199951171875
123000000009,0.0,0.1,0.3,20.20798110961914,12.794169425964355
123000000009,0.0,0.2,0.3,20.220314025878903,13.370119094848633
123000000009,0.0,0.3,0.3,20.016355514526367,12.876544952392578
123000000009,0.0,0.4,0.3,19.73478126525879,15.739351272583008
123000000009,0.0,0.5,0.3,19.30290985107422,13.060837745666504
123000000009,0.0,0.6,0.3,19.1202335357666,16.251798629760742
123000000009,0.0,0.7,0.3,18.22338485717773,14.296822547912598
123000000009,0.0,0.8,0.3,15.84970474243164,14.089116096496582
123000000009,0.0,0.9,0.3,16.472917556762695,13.387112617492676
123000000009,0.0,1.0,0.3,13.55074405670166,12.67707061767578
124000000000,0.0,0.0,0.3,24.93949317932129,19.56524658203125
124000000000,0.0,0.1,0.3,24.920515060424805,19.747791290283203
124000000000,0.0,0.2,0.3,24.911592483520508,19.12824249267578
124000000000,0.0,0.3,0.3,24.947799682617188,19.698944091796875
124000000000,0.0,0.4,0.3,24.82275581359864,17.99319839477539
124000000000,0.0,0.5,0.3,24.162813186645508,16.565711975097656
124000000000,0.0,0.6,0.3,24.084924697875977,17.185104370117188
124000000000,0.0,0.7,0.3,22.18989562988281,21.723670959472656
124000000000,0.0,0.8,0.3,21.266090393066406,21.629552841186523
124000000000,0.0,0.9,0.3,21.86069107055664,20.497047424316406
124000000000,0.0,1.0,0.3,20.20865058898925,21.714937210083008
124000000001,0.0,0.0,0.3,28.94048309326172,16.029844284057617
124000000001,0.0,0.1,0.3,28.983827590942383,15.94725227355957
124000000001,0.0,0.2,0.3,29.037792205810547,16.072044372558594
124000000001,0.0,0.3,0.3,29.01927947998047,15.514421463012695
124000000001,0.0,0.4,0.3,28.757192611694336,15.520877838134766
124000000001,0.0,0.5,0.3,27.820009231567383,15.651363372802734
124000000001,0.0,0.6,0.3,26.442567825317383,17.98146629333496
124000000001,0.0,0.7,0.3,25.90355682373047,15.674633026123049
124000000001,0.0,0.8,0.3,24.231201171875,15.004684448242188
124000000001,0.0,0.9,0.3,17.307048797607422,14.070311546325684
124000000001,0.0,1.0,0.3,15.325353622436523,13.67513370513916
124000000002,0.0,0.0,0.3,20.907854080200195,12.586463928222656
124000000002,0.0,0.1,0.3,20.878293991088867,12.53653335571289
124000000002,0.0,0.2,0.3,20.787960052490234,12.473431587219238
124000000002,0.0,0.3,0.3,20.56340217590332,12.12060832977295
124000000002,0.0,0.4,0.3,20.163461685180664,12.735958099365234
124000000002,0.0,0.5,0.3,19.17201232910156,12.965514183044434
124000000002,0.0,0.6,0.3,19.35103225708008,13.273221015930176
124000000002,0.0,0.7,0.3,18.15062713623047,14.842737197875977
124000000002,0.0,0.8,0.3,15.184791564941406,18.618240356445312
124000000002,0.0,0.9,0.3,13.16045379638672,21.584152221679688
124000000002,0.0,1.0,0.3,12.137012481689451,21.798938751220703
124000000003,0.0,0.0,0.3,15.625102043151855,17.577266693115234
124000000003,0.0,0.1,0.3,15.616143226623535,17.382776260375977
124000000003,0.0,0.2,0.3,15.582659721374512,17.879850387573242
124000000003,0.0,0.3,0.3,15.48210906982422,17.92776870727539
124000000003,0.0,0.4,0.3,15.237884521484377,18.11825561523437
124000000003,0.0,0.5,0.3,14.736083030700684,16.404075622558594
124000000003,0.0,0.6,0.3,13.970179557800291,28.358531951904297
124000000003,0.0,0.7,0.3,13.831724166870115,29.19443893432617
124000000003,0.0,0.8,0.3,13.621553421020508,25.98226356506348
124000000003,0.0,0.9,0.3,14.675156593322754,16.66020965576172
124000000003,0.0,1.0,0.3,14.654698371887209,16.493356704711914
124000000004,0.0,0.0,0.3,20.37875938415528,19.563432693481445
124000000004,0.0,0.1,0.3,20.375560760498047,19.41440200805664
124000000004,0.0,0.2,0.3,20.361385345458984,19.299495697021484
124000000004,0.0,0.3,0.3,20.358083724975582,19.01577949523925
124000000004,0.0,0.4,0.3,20.326488494873047,19.088802337646484
124000000004,0.0,0.5,0.3,20.255125045776367,19.31797790527344
124000000004,0.0,0.6,0.3,18.627830505371094,18.7816104888916
124000000004,0.0,0.7,0.3,18.406713485717773,18.482177734375
124000000004,0.0,0.8,0.3,15.882646560668944,25.71695709228516
124000000004,0.0,0.9,0.3,15.024940490722656,22.350854873657227
124000000004,0.0,1.0,0.3,15.061320304870604,17.11430549621582
124000000005,0.0,0.0,0.3,24.03254508972168,22.841049194335938
124000000005,0.0,0.1,0.3,24.035120010375977,22.7607364654541
124000000005,0.0,0.2,0.3,24.017305374145508,22.89170837402344
124000000005,0.0,0.3,0.3,23.95636940002441,22.834209442138672
124000000005,0.0,0.4,0.3,23.806791305541992,22.723255157470703
124000000005,0.0,0.5,0.3,23.447324752807617,22.590118408203125
124000000005,0.0,0.6,0.3,23.13063621520996,22.60225296020508
124000000005,0.0,0.7,0.3,22.627140045166016,22.548906326293945
124000000005,0.0,0.8,0.3,20.39845085144043,22.80035972595215
124000000005,0.0,0.9,0.3,17.110733032226562,22.16097068786621
124000000005,0.0,1.0,0.3,14.203198432922363,22.27251434326172
124000000006,0.0,0.0,0.3,24.98513603210449,15.168941497802734
124000000006,0.0,0.1,0.3,24.986248016357425,15.508264541625977
124000000006,0.0,0.2,0.3,24.973234176635746,15.511385917663574
124000000006,0.0,0.3,0.3,24.94464111328125,15.598315238952637
124000000006,0.0,0.4,0.3,24.80220603942871,15.962142944335938
124000000006,0.0,0.5,0.3,24.227069854736328,17.002574920654297
124000000006,0.0,0.6,0.3,23.571088790893555,16.34758758544922
124000000006,0.0,0.7,0.3,22.001678466796875,15.280694007873535
124000000006,0.0,0.8,0.3,22.511615753173828,13.904913902282717
124000000006,0.0,0.9,0.3,21.35163116455078,13.909080505371094
124000000006,0.0,1.0,0.3,18.62618637084961,16.68305015563965
124000000007,0.0,0.0,0.3,23.877416610717773,14.335325241088867
124000000007,0.0,0.1,0.3,23.811304092407227,14.251754760742188
124000000007,0.0,0.2,0.3,23.518165588378903,15.302144050598145
124000000007,0.0,0.3,0.3,22.96842765808105,17.247760772705078
124000000007,0.0,0.4,0.3,22.3388729095459,16.17271614074707
124000000007,0.0,0.5,0.3,20.48568725585937,21.90495109558105
124000000007,0.0,0.6,0.3,18.73912239074707,23.0551700592041
124000000007,0.0,0.7,0.3,17.63018798828125,22.62116050720215
124000000007,0.0,0.8,0.3,16.59186363220215,22.66517448425293
124000000007,0.0,0.9,0.3,14.151984214782717,24.944446563720703
124000000007,0.0,1.0,0.3,12.83405876159668,25.07583808898925
124000000008,0.0,0.0,0.3,25.19902992248535,13.498250961303713
124000000008,0.0,0.1,0.3,25.223678588867188,13.403045654296877
124000000008,0.0,0.2,0.3,25.2130126953125,13.07220458984375
124000000008,0.0,0.3,0.3,25.074695587158203,12.764389991760254
124000000008,0.0,0.4,0.3,24.71171760559082,11.939823150634766
124000000008,0.0,0.5,0.3,24.323017120361328,13.526880264282228
124000000008,0.0,0.6,0.3,24.01607894897461,14.839407920837402
124000000008,0.0,0.7,0.3,22.054000854492188,15.653209686279297
124000000008,0.0,0.8,0.3,20.827768325805664,14.922038078308104
124000000008,0.0,0.9,0.3,20.46842193603516,17.66069793701172
124000000008,0.0,1.0,0.3,18.93955421447754,12.336041450500488
124000000009,0.0,0.0,0.3,25.58858108520508,20.09075355529785
124000000009,0.0,0.1,0.3,25.59111976623535,19.906726837158203
124000000009,0.0,0.2,0.3,25.59419250488281,20.062801361083984
124000000009,0.0,0.3,0.3,25.578826904296875,20.28554916381836
124000000009,0.0,0.4,0.3,25.55485916137696,20.26809501647949
124000000009,0.0,0.5,0.3,25.485145568847656,20.51778984069824
124000000009,0.0,0.6,0.3,25.47767639160156,20.652420043945312
124000000009,0.0,0.7,0.3,25.009540557861328,20.46328926086425
124000000009,0.0,0.8,0.3,23.518009185791016,20.666391372680664
124000000009,0.0,0.9,0.3,19.964786529541016,22.0393009185791
124000000009,0.0,1.0,0.3,20.00081443786621,22.50790023803711
211000000000,0.0,0.0,0.3,21.827281951904297,24.19891357421875
211000000000,0.0,0.1,0.3,21.83230972290039,24.076017379760746
211000000000,0.0,0.2,0.3,21.820219039916992,24.119110107421875
211000000000,0.0,0.3,0.3,21.67127227783203,27.984458923339844
211000000000,0.0,0.4,0.3,21.28305435180664,29.60453987121582
211000000000,0.0,0.5,0.3,21.025049209594727,27.4510498046875
211000000000,0.0,0.6,0.3,19.025341033935547,28.816938400268555
211000000000,0.0,0.7,0.3,18.501325607299805,27.591875076293945
211000000000,0.0,0.8,0.3,17.594873428344727,26.06469345092773
211000000000,0.0,0.9,0.3,14.870051383972168,29.40313148498535
211000000000,0.0,1.0,0.3,14.270155906677246,30.968067169189453
211000000001,0.0,0.0,0.3,17.905200958251953,18.673259735107425
211000000001,0.0,0.1,0.3,17.901521682739258,18.52039909362793
211000000001,0.0,0.2,0.3,17.841651916503906,18.75919342041016
211000000001,0.0,0.3,0.3,17.5645751953125,21.95327377319336
211000000001,0.0,0.4,0.3,16.895153045654297,26.41137886047364
211000000001,0.0,0.5,0.3,15.866458892822266,26.676097869873047
211000000001,0.0,0.6,0.3,15.244083404541016,27.668806076049805
211000000001,0.0,0.7,0.3,14.831087112426758,27.659198760986328
211000000001,0.0,0.8,0.3,13.123970985412598,22.90826416015625
211000000001,0.0,0.9,0.3,14.379703521728516,24.78589057922364
211000000001,0.0,1.0,0.3,13.573040008544922,23.44159889221192
211000000002,0.0,0.0,0.3,17.543317794799805,28.22954559326172
211000000002,0.0,0.1,0.3,17.545934677124023,28.30745506286621
211000000002,0.0,0.2,0.3,17.540088653564453,28.326171875
211000000002,0.0,0.3,0.3,17.44158935546875,28.48009490966797
211000000002,0.0,0.4,0.3,17.181385040283203,28.79839324951172
211000000002,0.0,0.5,0.3,16.70370101928711,30.24695587158203
211000000002,0.0,0.6,0.3,15.767293930053713,29.63223457336425
211000000002,0.0,0.7,0.3,14.372081756591797,30.1721420288086
211000000002,0.0,0.8,0.3,14.388776779174805,29.018783569335938
211000000002,0.0,0.9,0.3,12.923646926879885,28.739994049072266
211000000002,0.0,1.0,0.3,11.817656517028809,31.003454208374023
211000000003,0.0,0.0,0.3,20.63334274291992,29.55707359313965
211000000003,0.0,0.1,0.3,20.63880920410156,29.47711563110352
211000000003,0.0,0.2,0.3,20.63704872131348,29.838424682617188
211000000003,0.0,0.3,0.3,20.52547073364257,29.6862907409668
211000000003,0.0,0.4,0.3,20.229921340942383,28.817689895629883
211000000003,0.0,0.5,0.3,20.273719787597656,28.65318298339844
211000000003,0.0,0.6,0.3,20.067445755004883,29.59091567993164
211000000003,0.0,0.7,0.3,18.79624366760254,28.73699378967285
211000000003,0.0,0.8,0.3,17.65625,30.10218811035156
211000000003,0.0,0.9,0.3,16.1862850189209,29.93596839904785
211000000003,0.0,1.0,0.3,15.574915885925291,29.437801361083984
211000000004,0.0,0.0,0.3,19.23396110534668,27.180164337158203
211000000004,0.0,0.1,0.3,19.25145721435547,27.61054420471192
211000000004,0.0,0.2,0.3,19.27661895751953,27.41235542297364
211000000004,0.0,0.3,0.3,19.23304557800293,26.73317146301269
211000000004,0.0,0.4,0.3,19.03732681274414,26.79401016235352
211000000004,0.0,0.5,0.3,18.980897903442383,27.0705795288086
211000000004,0.0,0.6,0.3,18.587099075317383,27.49991035461425
211000000004,0.0,0.7,0.3,17.7029972076416,25.61146545410156
211000000004,0.0,0.8,0.3,17.13716697692871,29.13755226135254
211000000004,0.0,0.9,0.3,14.263534545898438,25.27855110168457
211000000004,0.0,1.0,0.3,11.90311336517334,26.79549789428711
211000000005,0.0,0.0,0.3,23.37969207763672,20.667943954467773
211000000005,0.0,0.1,0.3,23.38312530517578,20.51952171325684
211000000005,0.0,0.2,0.3,23.38111114501953,20.246461868286133
211000000005,0.0,0.3,0.3,23.348188400268555,21.08357810974121
211000000005,0.0,0.4,0.3,23.208232879638672,20.838623046875
211000000005,0.0,0.5,0.3,22.964012145996094,22.141651153564453
211000000005,0.0,0.6,0.3,21.796300888061523,21.54510307312012
211000000005,0.0,0.7,0.3,21.06629753112793,20.43540573120117
211000000005,0.0,0.8,0.3,20.548492431640625,20.30475807189941
211000000005,0.0,0.9,0.3,18.80652236938477,21.37986946105957
211000000005,0.0,1.0,0.3,16.367969512939453,22.84144401550293
211000000006,0.0,0.0,0.3,21.890600204467773,26.4460563659668
211000000006,0.0,0.1,0.3,21.90097427368164,26.348995208740234
211000000006,0.0,0.2,0.3,21.895971298217773,26.40774917602539
211000000006,0.0,0.3,0.3,21.836572647094727,26.25244903564453
211000000006,0.0,0.4,0.3,21.76717758178711,26.4689884185791
211000000006,0.0,0.5,0.3,21.750205993652344,26.21403312683105
211000000006,0.0,0.6,0.3,21.73241806030273,26.206701278686523
211000000006,0.0,0.7,0.3,21.737701416015625,26.183164596557617
211000000006,0.0,0.8,0.3,21.699291229248047,26.16700553894043
211000000006,0.0,0.9,0.3,21.25871086120605,26.73689651489257
211000000006,0.0,1.0,0.3,18.126558303833008,29.30299568176269
211000000007,0.0,0.0,0.3,21.78716087341309,29.65956687927246
211000000007,0.0,0.1,0.3,21.78400421142578,29.886699676513672
211000000007,0.0,0.2,0.3,21.76839828491211,29.5832748413086
211000000007,0.0,0.3,0.3,21.6270694732666,30.08653450012207
211000000007,0.0,0.4,0.3,21.186473846435547,31.21343231201172
211000000007,0.0,0.5,0.3,21.443187713623047,30.03515625
211000000007,0.0,0.6,0.3,20.83841133117676,31.98355484008789
211000000007,0.0,0.7,0.3,20.77510643005371,31.28306007385254
211000000007,0.0,0.8,0.3,19.439348220825195,31.27492332458496
211000000007,0.0,0.9,0.3,19.46012306213379,30.66926956176757
211000000007,0.0,1.0,0.3,18.712507247924805,30.397003173828125
211000000008,0.0,0.0,0.3,26.3374137878418,20.31879615783692
211000000008,0.0,0.1,0.3,26.347457885742188,20.593067169189453
211000000008,0.0,0.2,0.3,26.377609252929688,20.44780921936035
211000000008,0.0,0.3,0.3,26.41704368591309,20.433162689208984
211000000008,0.0,0.4,0.3,26.420373916625977,20.179357528686523
211000000008,0.0,0.5,0.3,26.36627578735352,20.44692611694336
211000000008,0.0,0.6,0.3,26.362817764282227,20.59499931335449
211000000008,0.0,0.7,0.3,26.362716674804688,20.49458885192871
211000000008,0.0,0.8,0.3,25.70791816711425,19.666423797607425
211000000008,0.0,0.9,0.3,23.800949096679688,20.49934959411621
211000000008,0.0,1.0,0.3,21.5173282623291,19.21187400817871
211000000009,0.0,0.0,0.3,24.189598083496094,29.60084724426269
211000000009,0.0,0.1,0.3,24.188295364379883,29.522693634033203
211000000009,0.0,0.2,0.3,24.18168830871582,29.417116165161133
211000000009,0.0,0.3,0.3,24.15218544006348,29.437068939208984
211000000009,0.0,0.4,0.3,23.94980239868164,29.956262588500977
211000000009,0.0,0.5,0.3,24.009201049804688,29.32537269592285
211000000009,0.0,0.6,0.3,23.246553421020508,30.96142196655273
211000000009,0.0,0.7,0.3,20.46208953857422,30.633872985839844
211000000009,0.0,0.8,0.3,19.12666320800781,25.55998039245605
211000000009,0.0,0.9,0.3,18.883872985839844,30.18999481201172
211000000009,0.0,1.0,0.3,21.60535430908203,30.261075973510746
212000000000,0.0,0.0,0.3,22.14211654663086,28.30526733398437
212000000000,0.0,0.1,0.3,22.149112701416016,28.520771026611328
212000000000,0.0,0.2,0.3,22.155811309814453,28.572717666625977
212000000000,0.0,0.3,0.3,22.09575080871582,28.598403930664062
212000000000,0.0,0.4,0.3,21.8598861694336,27.455196380615234
212000000000,0.0,0.5,0.3,21.50364875793457,27.93139839172364
212000000000,0.0,0.6,0.3,20.95112609863281,28.42491340637207
212000000000,0.0,0.7,0.3,20.424739837646484,30.51923561096192
212000000000,0.0,0.8,0.3,18.413373947143555,31.0638484954834
212000000000,0.0,0.9,0.3,17.66353988647461,27.14187431335449
212000000000,0.0,1.0,0.3,17.392309188842773,26.829647064208984
212000000001,0.0,0.0,0.3,21.3327751159668,18.469213485717773
212000000001,0.0,0.1,0.3,21.333084106445312,18.55683708190918
212000000001,0.0,0.2,0.3,21.3264274597168,18.28654861450196
212000000001,0.0,0.3,0.3,21.31326675415039,18.653484344482425
212000000001,0.0,0.4,0.3,21.075040817260746,21.53487777709961
212000000001,0.0,0.5,0.3,19.96306800842285,20.16762924194336
212000000001,0.0,0.6,0.3,19.13836097717285,20.60915184020996
212000000001,0.0,0.7,0.3,19.80318069458008,20.1252498626709
212000000001,0.0,0.8,0.3,20.01447105407715,20.534149169921875
212000000001,0.0,0.9,0.3,16.115352630615234,18.323665618896484
212000000001,0.0,1.0,0.3,13.800704002380373,20.56194877624512
212000000002,0.0,0.0,0.3,19.86954498291016,18.87986946105957
212000000002,0.0,0.1,0.3,19.876415252685547,19.19220733642578
212000000002,0.0,0.2,0.3,19.85651588439941,19.41283416748047
212000000002,0.0,0.3,0.3,19.761117935180664,20.25404357910156
212000000002,0.0,0.4,0.3,19.48953437805176,20.6791934967041
212000000002,0.0,0.5,0.3,18.98293685913086,22.84585762023925
212000000002,0.0,0.6,0.3,18.699827194213867,23.05997085571289
212000000002,0.0,0.7,0.3,17.67389488220215,20.69997787475586
212000000002,0.0,0.8,0.3,14.622426986694336,21.107032775878903
212000000002,0.0,0.9,0.3,13.994624137878418,19.27865982055664
212000000002,0.0,1.0,0.3,13.907512664794922,19.061906814575195
212000000003,0.0,0.0,0.3,22.502979278564453,17.427488327026367
212000000003,0.0,0.1,0.3,22.49782943725586,17.662446975708008
212000000003,0.0,0.2,0.3,22.47275924682617,17.72807502746582
212000000003,0.0,0.3,0.3,22.396711349487305,17.9449405670166
212000000003,0.0,0.4,0.3,22.329809188842773,18.24732208251953
212000000003,0.0,0.5,0.3,22.2507266998291,18.18997573852539
212000000003,0.0,0.6,0.3,21.346342086791992,18.683910369873047
212000000003,0.0,0.7,0.3,19.663768768310547,19.41138458251953
212000000003,0.0,0.8,0.3,19.46510887145996,17.97041893005371
212000000003,0.0,0.9,0.3,18.12060737609864,20.574050903320312
212000000003,0.0,1.0,0.3,16.352033615112305,22.94938087463379
212000000004,0.0,0.0,0.3,23.17442321777344,10.37312126159668
212000000004,0.0,0.1,0.3,23.144811630249023,10.743718147277832
212000000004,0.0,0.2,0.3,23.10791206359864,10.322848320007324
212000000004,0.0,0.3,0.3,22.959287643432617,11.37364673614502
212000000004,0.0,0.4,0.3,22.66042709350586,11.745452880859377
212000000004,0.0,0.5,0.3,22.47901725769043,10.722418785095217
212000000004,0.0,0.6,0.3,22.2485294342041,10.36351203918457
212000000004,0.0,0.7,0.3,22.05182647705078,10.94322681427002
212000000004,0.0,0.8,0.3,20.49544143676757,12.201833724975586
212000000004,0.0,0.9,0.3,17.450944900512695,21.4139404296875
212000000004,0.0,1.0,0.3,12.036089897155762,23.890384674072266
212000000005,0.0,0.0,0.3,23.1685733795166,20.247238159179688
212000000005,0.0,0.1,0.3,23.17267608642578,20.476465225219727
212000000005,0.0,0.2,0.3,23.169675827026367,19.81485176086425
212000000005,0.0,0.3,0.3,23.0735092163086,20.295551300048828
212000000005,0.0,0.4,0.3,22.95193099975586,19.77824211120605
212000000005,0.0,0.5,0.3,22.143484115600582,18.836009979248047
212000000005,0.0,0.6,0.3,21.23617172241211,14.231612205505373
212000000005,0.0,0.7,0.3,20.2430477142334,15.558788299560549
212000000005,0.0,0.8,0.3,20.931055068969727,19.07131576538086
212000000005,0.0,0.9,0.3,16.949193954467773,18.829191207885746
212000000005,0.0,1.0,0.3,17.497940063476562,18.577205657958984
212000000006,0.0,0.0,0.3,24.04424095153809,30.671417236328125
212000000006,0.0,0.1,0.3,24.0474796295166,31.41829299926757
212000000006,0.0,0.2,0.3,24.02727127075196,30.99016571044922
212000000006,0.0,0.3,0.3,23.8116397857666,32.745872497558594
212000000006,0.0,0.4,0.3,22.749919891357425,33.06245040893555
212000000006,0.0,0.5,0.3,21.943666458129883,32.904754638671875
212000000006,0.0,0.6,0.3,20.391260147094727,31.64277648925781
212000000006,0.0,0.7,0.3,19.26433563232422,31.99644088745117
212000000006,0.0,0.8,0.3,19.221466064453125,33.178340911865234
212000000006,0.0,0.9,0.3,15.603273391723633,30.83747673034668
212000000006,0.0,1.0,0.3,15.369766235351562,28.33037376403809
212000000007,0.0,0.0,0.3,22.70833969116211,24.433460235595703
212000000007,0.0,0.1,0.3,22.706239700317383,24.98191261291504
212000000007,0.0,0.2,0.3,22.696678161621094,24.054244995117188
212000000007,0.0,0.3,0.3,22.675630569458008,24.84258079528809
212000000007,0.0,0.4,0.3,22.60771369934082,26.840150833129883
212000000007,0.0,0.5,0.3,22.30642890930176,24.97345542907715
212000000007,0.0,0.6,0.3,21.63817405700684,28.2553939819336
212000000007,0.0,0.7,0.3,21.126026153564453,26.994049072265625
212000000007,0.0,0.8,0.3,21.158334732055664,25.7165756225586
212000000007,0.0,0.9,0.3,18.83004570007324,27.59035301208496
212000000007,0.0,1.0,0.3,18.468233108520508,29.3684310913086
212000000008,0.0,0.0,0.3,25.137924194335938,15.47197151184082
212000000008,0.0,0.1,0.3,25.15018844604492,15.227235794067385
212000000008,0.0,0.2,0.3,25.134262084960938,15.397199630737305
212000000008,0.0,0.3,0.3,24.929229736328125,15.488340377807615
212000000008,0.0,0.4,0.3,24.89593505859375,15.979888916015623
212000000008,0.0,0.5,0.3,24.51182556152344,16.64468765258789
212000000008,0.0,0.6,0.3,22.72833824157715,15.877429008483888
212000000008,0.0,0.7,0.3,20.15096664428711,21.750883102416992
212000000008,0.0,0.8,0.3,15.75285530090332,24.13006591796875
212000000008,0.0,0.9,0.3,15.723854064941406,24.63030242919922
212000000008,0.0,1.0,0.3,14.327735900878906,24.899227142333984
212000000009,0.0,0.0,0.3,23.329570770263672,19.04090881347656
212000000009,0.0,0.1,0.3,23.328840255737305,19.129091262817383
212000000009,0.0,0.2,0.3,23.33630752563477,20.07527732849121
212000000009,0.0,0.3,0.3,23.25153350830078,20.09388732910156
212000000009,0.0,0.4,0.3,23.11262893676757,21.69234848022461
212000000009,0.0,0.5,0.3,23.05583381652832,22.037124633789062
212000000009,0.0,0.6,0.3,22.91402053833008,20.69906044006348
212000000009,0.0,0.7,0.3,22.49351119995117,18.57917022705078
212000000009,0.0,0.8,0.3,21.887300491333008,16.53842544555664
212000000009,0.0,0.9,0.3,21.489606857299805,20.30310821533203
212000000009,0.0,1.0,0.3,16.66860008239746,19.52552795410156
213000000000,0.0,0.0,0.3,29.012104034423828,25.539186477661133
213000000000,0.0,0.1,0.3,29.00846672058105,25.694316864013672
213000000000,0.0,0.2,0.3,28.99202346801757,25.561670303344727
213000000000,0.0,0.3,0.3,28.881385803222656,24.522201538085938
213000000000,0.0,0.4,0.3,28.581897735595703,24.833341598510746
213000000000,0.0,0.5,0.3,27.8547592163086,24.248329162597656
213000000000,0.0,0.6,0.3,24.865381240844727,29.209125518798828
213000000000,0.0,0.7,0.3,25.88992691040039,22.24045181274414
213000000000,0.0,0.8,0.3,24.66361427307129,25.610679626464844
213000000000,0.0,0.9,0.3,20.341590881347656,27.581802368164062
213000000000,0.0,1.0,0.3,15.182373046875,27.54008102416992
213000000001,0.0,0.0,0.3,26.475696563720703,15.073370933532717
213000000001,0.0,0.1,0.3,26.48296165466309,15.17636775970459
213000000001,0.0,0.2,0.3,26.509580612182617,15.192176818847656
213000000001,0.0,0.3,0.3,26.367507934570312,15.056951522827148
213000000001,0.0,0.4,0.3,25.887773513793945,15.507661819458008
213000000001,0.0,0.5,0.3,25.927169799804688,15.224963188171388
213000000001,0.0,0.6,0.3,24.787363052368164,15.034079551696776
213000000001,0.0,0.7,0.3,23.719844818115234,16.081253051757812
213000000001,0.0,0.8,0.3,21.92403793334961,16.326539993286133
213000000001,0.0,0.9,0.3,20.72602081298828,14.418542861938477
213000000001,0.0,1.0,0.3,20.089183807373047,13.81233024597168
213000000002,0.0,0.0,0.3,18.0183048248291,25.201160430908203
213000000002,0.0,0.1,0.3,18.00105857849121,25.566875457763672
213000000002,0.0,0.2,0.3,17.959440231323242,25.60920143127441
213000000002,0.0,0.3,0.3,17.79030418395996,25.82846069335937
213000000002,0.0,0.4,0.3,17.35923194885254,26.09616470336914
213000000002,0.0,0.5,0.3,16.675382614135742,26.15155601501465
213000000002,0.0,0.6,0.3,15.74435329437256,26.72045516967773
213000000002,0.0,0.7,0.3,14.846203804016112,26.130434036254883
213000000002,0.0,0.8,0.3,14.61500072479248,23.258628845214844
213000000002,0.0,0.9,0.3,14.476287841796877,24.750675201416016
213000000002,0.0,1.0,0.3,14.680761337280272,25.698543548583984
213000000003,0.0,0.0,0.3,26.004472732543945,25.42158889770508
213000000003,0.0,0.1,0.3,25.9871883392334,25.149322509765625
213000000003,0.0,0.2,0.3,25.94478988647461,25.645273208618164
213000000003,0.0,0.3,0.3,25.782865524291992,24.30898666381836
213000000003,0.0,0.4,0.3,24.8112735748291,26.02311134338379
213000000003,0.0,0.5,0.3,24.47209548950196,23.2369384765625
213000000003,0.0,0.6,0.3,24.27484893798828,24.373868942260746
213000000003,0.0,0.7,0.3,23.164365768432617,24.201536178588867
213000000003,0.0,0.8,0.3,20.02477264404297,23.52069854736328
213000000003,0.0,0.9,0.3,18.78335952758789,24.013357162475582
213000000003,0.0,1.0,0.3,19.280363082885746,23.747774124145508
213000000004,0.0,0.0,0.3,18.035430908203125,15.676596641540527
213000000004,0.0,0.1,0.3,18.039905548095703,14.97547435760498
213000000004,0.0,0.2,0.3,18.031286239624023,15.394491195678713
213000000004,0.0,0.3,0.3,18.001548767089844,15.13632869720459
213000000004,0.0,0.4,0.3,17.81380271911621,17.445636749267578
213000000004,0.0,0.5,0.3,17.497297286987305,16.06574249267578
213000000004,0.0,0.6,0.3,17.494014739990234,19.264877319335938
213000000004,0.0,0.7,0.3,16.64504051208496,18.962722778320312
213000000004,0.0,0.8,0.3,17.085567474365234,18.1272087097168
213000000004,0.0,0.9,0.3,16.339628219604492,25.02577209472656
213000000004,0.0,1.0,0.3,14.347220420837402,16.7122802734375
213000000005,0.0,0.0,0.3,23.031005859375,29.062110900878903
213000000005,0.0,0.1,0.3,23.021862030029297,29.14274978637696
213000000005,0.0,0.2,0.3,23.01176071166992,29.163827896118164
213000000005,0.0,0.3,0.3,22.994504928588867,29.27959632873535
213000000005,0.0,0.4,0.3,22.961227416992188,29.477882385253903
213000000005,0.0,0.5,0.3,22.95069122314453,29.27897834777832
213000000005,0.0,0.6,0.3,22.768043518066406,29.011648178100582
213000000005,0.0,0.7,0.3,22.212533950805664,29.0501766204834
213000000005,0.0,0.8,0.3,18.939422607421875,28.56723022460937
213000000005,0.0,0.9,0.3,15.318254470825195,28.422260284423828
213000000005,0.0,1.0,0.3,15.871434211730955,24.53131103515625
213000000006,0.0,0.0,0.3,18.95319366455078,16.81294822692871
213000000006,0.0,0.1,0.3,18.95444297790528,16.601171493530273
213000000006,0.0,0.2,0.3,18.94572257995605,16.484155654907227
213000000006,0.0,0.3,0.3,18.84937858581543,17.800464630126953
213000000006,0.0,0.4,0.3,18.68072891235352,17.84379005432129
213000000006,0.0,0.5,0.3,17.958297729492188,16.319074630737305
213000000006,0.0,0.6,0.3,15.605524063110352,20.48153114318848
213000000006,0.0,0.7,0.3,16.00701904296875,20.098922729492188
213000000006,0.0,0.8,0.3,16.802532196044922,19.074541091918945
213000000006,0.0,0.9,0.3,15.19554042816162,21.48604202270508
213000000006,0.0,1.0,0.3,14.841264724731444,19.979137420654297
213000000007,0.0,0.0,0.3,28.038129806518555,24.24242782592773
213000000007,0.0,0.1,0.3,28.046951293945312,24.376537322998047
213000000007,0.0,0.2,0.3,28.01773834228516,24.456865310668945
213000000007,0.0,0.3,0.3,27.84737777709961,25.348047256469727
213000000007,0.0,0.4,0.3,26.689327239990234,25.04160118103028
213000000007,0.0,0.5,0.3,26.52322578430176,24.217432022094727
213000000007,0.0,0.6,0.3,24.999897003173828,23.213321685791016
213000000007,0.0,0.7,0.3,23.37059783935547,23.31691551208496
213000000007,0.0,0.8,0.3,22.06572723388672,22.357881546020508
213000000007,0.0,0.9,0.3,17.859573364257812,23.52803611755371
213000000007,0.0,1.0,0.3,18.61995506286621,22.326980590820312
213000000008,0.0,0.0,0.3,19.80420684814453,16.743139266967773
213000000008,0.0,0.1,0.3,19.80203056335449,16.878496170043945
213000000008,0.0,0.2,0.3,19.813316345214844,16.34001350402832
213000000008,0.0,0.3,0.3,19.684202194213867,16.486286163330078
213000000008,0.0,0.4,0.3,19.592458724975582,16.931270599365234
213000000008,0.0,0.5,0.3,18.97390365600586,17.91965675354004
213000000008,0.0,0.6,0.3,18.66566467285156,17.898353576660156
213000000008,0.0,0.7,0.3,17.61035919189453,18.299850463867188
213000000008,0.0,0.8,0.3,16.689924240112305,18.3953857421875
213000000008,0.0,0.9,0.3,16.031631469726562,19.053123474121094
213000000008,0.0,1.0,0.3,16.926921844482422,19.331449508666992
213000000009,0.0,0.0,0.3,21.458681106567383,27.10678482055664
213000000009,0.0,0.1,0.3,21.452556610107425,27.01949119567871
213000000009,0.0,0.2,0.3,21.4697380065918,27.036380767822266
213000000009,0.0,0.3,0.3,21.39080238342285,27.374601364135746
213000000009,0.0,0.4,0.3,21.263973236083984,26.90607070922852
213000000009,0.0,0.5,0.3,21.40365982055664,26.74502944946289
213000000009,0.0,0.6,0.3,21.071657180786133,27.24950408935547
213000000009,0.0,0.7,0.3,20.00346946716309,27.68722152709961
213000000009,0.0,0.8,0.3,18.736156463623047,27.52596473693848
213000000009,0.0,0.9,0.3,16.815357208251953,26.89129447937012
213000000009,0.0,1.0,0.3,13.927412986755373,25.27347755432129
214000000000,0.0,0.0,0.3,20.362415313720703,27.543365478515625
214000000000,0.0,0.1,0.3,20.35006332397461,27.69479751586914
214000000000,0.0,0.2,0.3,20.347633361816406,28.08113670349121
214000000000,0.0,0.3,0.3,20.25679588317871,28.25060272216797
214000000000,0.0,0.4,0.3,20.11556053161621,28.432905197143555
214000000000,0.0,0.5,0.3,20.116500854492188,28.396493911743164
214000000000,0.0,0.6,0.3,19.50057601928711,29.64957427978516
214000000000,0.0,0.7,0.3,19.763690948486328,28.368114471435547
214000000000,0.0,0.8,0.3,19.65986442565918,28.31937599182129
214000000000,0.0,0.9,0.3,19.449642181396484,28.78718376159668
214000000000,0.0,1.0,0.3,18.60653114318848,29.35019493103028
214000000001,0.0,0.0,0.3,19.24374961853028,17.302501678466797
214000000001,0.0,0.1,0.3,19.25731658935547,17.442712783813477
214000000001,0.0,0.2,0.3,19.20403861999512,17.464826583862305
214000000001,0.0,0.3,0.3,19.03836441040039,23.726795196533203
214000000001,0.0,0.4,0.3,18.444957733154297,17.857036590576172
214000000001,0.0,0.5,0.3,18.27332878112793,23.26399612426757
214000000001,0.0,0.6,0.3,18.284168243408203,24.893198013305664
214000000001,0.0,0.7,0.3,18.28424453735352,23.03486442565918
214000000001,0.0,0.8,0.3,18.084077835083008,21.50034523010254
214000000001,0.0,0.9,0.3,17.31698989868164,22.657581329345703
214000000001,0.0,1.0,0.3,17.067523956298828,22.404449462890625
214000000002,0.0,0.0,0.3,26.240068435668945,23.36583137512207
214000000002,0.0,0.1,0.3,26.24610137939453,23.15955924987793
214000000002,0.0,0.2,0.3,26.26512908935547,23.447004318237305
214000000002,0.0,0.3,0.3,26.26114654541016,23.3262996673584
214000000002,0.0,0.4,0.3,24.841466903686523,24.45001220703125
214000000002,0.0,0.5,0.3,23.9509334564209,24.342458724975582
214000000002,0.0,0.6,0.3,24.85663414001465,24.793928146362305
214000000002,0.0,0.7,0.3,24.01266098022461,27.36108589172364
214000000002,0.0,0.8,0.3,23.82796669006348,26.407867431640625
214000000002,0.0,0.9,0.3,19.88561248779297,26.900577545166016
214000000002,0.0,1.0,0.3,16.431150436401367,25.224267959594727
214000000003,0.0,0.0,0.3,23.444730758666992,12.20195198059082
214000000003,0.0,0.1,0.3,23.432382583618164,12.06456470489502
214000000003,0.0,0.2,0.3,23.394184112548828,12.341814994812012
214000000003,0.0,0.3,0.3,23.241056442260746,12.055143356323242
214000000003,0.0,0.4,0.3,23.11940574645996,11.712091445922852
214000000003,0.0,0.5,0.3,22.917631149291992,11.68629264831543
214000000003,0.0,0.6,0.3,22.863637924194336,12.26369857788086
214000000003,0.0,0.7,0.3,22.002986907958984,13.60454273223877
214000000003,0.0,0.8,0.3,19.916336059570312,14.526602745056152
214000000003,0.0,0.9,0.3,18.838603973388672,18.313608169555664
214000000003,0.0,1.0,0.3,18.64118766784668,14.035489082336426
214000000004,0.0,0.0,0.3,22.62886428833008,18.186914443969727
214000000004,0.0,0.1,0.3,22.63050651550293,18.713497161865234
214000000004,0.0,0.2,0.3,22.63089942932129,18.820730209350582
214000000004,0.0,0.3,0.3,22.669227600097656,18.99224853515625
214000000004,0.0,0.4,0.3,22.6367130279541,18.37786674499512
214000000004,0.0,0.5,0.3,22.63154602050781,19.042625427246094
214000000004,0.0,0.6,0.3,22.63183784484864,19.039125442504883
214000000004,0.0,0.7,0.3,22.609399795532227,19.72119140625
214000000004,0.0,0.8,0.3,22.62627410888672,17.20662498474121
214000000004,0.0,0.9,0.3,22.567228317260746,18.537282943725582
214000000004,0.0,1.0,0.3,21.96608543395996,19.21821022033692
214000000005,0.0,0.0,0.3,24.897178649902344,20.97655487060547
214000000005,0.0,0.1,0.3,24.89813804626465,20.92670440673828
214000000005,0.0,0.2,0.3,24.86811065673828,21.09726333618164
214000000005,0.0,0.3,0.3,24.693378448486328,21.87272071838379
214000000005,0.0,0.4,0.3,24.03752899169922,26.43338203430176
214000000005,0.0,0.5,0.3,23.17956924438477,24.45266914367676
214000000005,0.0,0.6,0.3,22.88894462585449,24.248699188232425
214000000005,0.0,0.7,0.3,22.495325088500977,24.12799072265625
214000000005,0.0,0.8,0.3,20.39752578735352,26.42347526550293
214000000005,0.0,0.9,0.3,20.39526557922364,28.2139949798584
214000000005,0.0,1.0,0.3,19.188600540161133,26.907894134521484
214000000006,0.0,0.0,0.3,21.356523513793945,13.642212867736816
214000000006,0.0,0.1,0.3,21.347211837768555,13.608153343200684
214000000006,0.0,0.2,0.3,21.301244735717773,13.866790771484377
214000000006,0.0,0.3,0.3,21.21503448486328,14.42721176147461
214000000006,0.0,0.4,0.3,21.103872299194336,14.317849159240724
214000000006,0.0,0.5,0.3,21.010385513305664,14.032184600830078
214000000006,0.0,0.6,0.3,20.83606338500977,15.39128589630127
214000000006,0.0,0.7,0.3,18.94318008422852,13.72977352142334
214000000006,0.0,0.8,0.3,17.75405502319336,15.7684326171875
214000000006,0.0,0.9,0.3,18.32538414001465,15.001018524169922
214000000006,0.0,1.0,0.3,17.653831481933594,21.166259765625
214000000007,0.0,0.0,0.3,24.72283744812012,21.642541885375977
214000000007,0.0,0.1,0.3,24.726179122924805,21.754470825195312
214000000007,0.0,0.2,0.3,24.71658706665039,21.866756439208984
214000000007,0.0,0.3,0.3,24.64494705200196,22.14765167236328
214000000007,0.0,0.4,0.3,24.47575569152832,21.980314254760746
214000000007,0.0,0.5,0.3,24.16019821166992,22.125751495361328
214000000007,0.0,0.6,0.3,24.21544075012207,21.96380424499512
214000000007,0.0,0.7,0.3,23.422712326049805,22.021875381469727
214000000007,0.0,0.8,0.3,22.446514129638672,22.607608795166016
214000000007,0.0,0.9,0.3,20.38564109802246,23.118955612182617
214000000007,0.0,1.0,0.3,13.448935508728027,22.8855209350586
214000000008,0.0,0.0,0.3,24.900606155395508,18.20479965209961
214000000008,0.0,0.1,0.3,24.898101806640625,17.751617431640625
214000000008,0.0,0.2,0.3,24.83016586303711,17.364574432373047
214000000008,0.0,0.3,0.3,24.39413070678711,18.711626052856445
214000000008,0.0,0.4,0.3,23.44985008239746,16.493396759033203
214000000008,0.0,0.5,0.3,21.620025634765625,22.33455276489257
214000000008,0.0,0.6,0.3,20.6355209350586,23.87828826904297
214000000008,0.0,0.7,0.3,20.54071998596192,23.43866729736328
214000000008,0.0,0.8,0.3,19.216312408447266,21.64848518371582
214000000008,0.0,0.9,0.3,17.20207405090332,22.75680351257324
214000000008,0.0,1.0,0.3,16.394487380981445,19.532272338867188
214000000009,0.0,0.0,0.3,26.38584518432617,17.939882278442383
214000000009,0.0,0.1,0.3,26.42048454284668,18.306371688842773
214000000009,0.0,0.2,0.3,26.38524055480957,18.713069915771484
214000000009,0.0,0.3,0.3,26.257930755615234,18.91352272033692
214000000009,0.0,0.4,0.3,25.98761367797852,18.917505264282227
214000000009,0.0,0.5,0.3,25.72719955444336,19.612335205078125
214000000009,0.0,0.6,0.3,24.84321022033692,18.998607635498047
214000000009,0.0,0.7,0.3,24.062938690185547,21.235654830932617
214000000009,0.0,0.8,0.3,22.8769645690918,25.13064765930176
214000000009,0.0,0.9,0.3,22.8039665222168,23.69503593444824
214000000009,0.0,1.0,0.3,17.34132957458496,24.4477481842041
221000000000,0.0,0.0,0.3,24.13981819152832,16.120943069458008
221000000000,0.0,0.1,0.3,24.14361572265625,15.941614151000977
221000000000,0.0,0.2,0.3,24.131465911865234,16.678884506225586
221000000000,0.0,0.3,0.3,24.05330467224121,16.7388973236084
221000000000,0.0,0.4,0.3,23.993242263793945,17.421829223632812
221000000000,0.0,0.5,0.3,23.82710838317871,17.45590591430664
221000000000,0.0,0.6,0.3,23.16438674926757,17.898725509643555
221000000000,0.0,0.7,0.3,21.79527282714844,18.82183265686035
221000000000,0.0,0.8,0.3,19.866573333740234,18.696807861328125
221000000000,0.0,0.9,0.3,19.51390647888184,18.85016632080078
221000000000,0.0,1.0,0.3,18.40043830871582,20.40273666381836
221000000001,0.0,0.0,0.3,20.987079620361328,20.050609588623047
221000000001,0.0,0.1,0.3,20.994178771972656,19.95587539672852
221000000001,0.0,0.2,0.3,21.01371383666992,20.041969299316406
221000000001,0.0,0.3,0.3,20.996227264404297,20.844974517822266
221000000001,0.0,0.4,0.3,20.97237777709961,20.78090476989746
221000000001,0.0,0.5,0.3,21.003915786743164,20.986934661865234
221000000001,0.0,0.6,0.3,20.95039367675781,21.272594451904297
221000000001,0.0,0.7,0.3,20.68403053283692,20.71330451965332
221000000001,0.0,0.8,0.3,20.5810775756836,19.105587005615234
221000000001,0.0,0.9,0.3,17.825281143188477,24.010469436645508
221000000001,0.0,1.0,0.3,17.357561111450195,22.59027862548828
221000000002,0.0,0.0,0.3,23.876684188842773,23.32152366638184
221000000002,0.0,0.1,0.3,23.87272071838379,23.48551368713379
221000000002,0.0,0.2,0.3,23.894227981567383,23.39853477478028
221000000002,0.0,0.3,0.3,23.943199157714844,23.036659240722656
221000000002,0.0,0.4,0.3,23.82960319519043,23.19083023071289
221000000002,0.0,0.5,0.3,23.735694885253903,23.13583374023437
221000000002,0.0,0.6,0.3,23.004404067993164,23.2367000579834
221000000002,0.0,0.7,0.3,21.465770721435547,23.155797958374023
221000000002,0.0,0.8,0.3,18.504817962646484,22.37537956237793
221000000002,0.0,0.9,0.3,14.182435035705566,24.41264915466309
221000000002,0.0,1.0,0.3,17.649106979370117,23.174041748046875
221000000003,0.0,0.0,0.3,20.49130249023437,23.606517791748047
221000000003,0.0,0.1,0.3,20.49413108825684,23.932228088378903
221000000003,0.0,0.2,0.3,20.48597717285156,24.091938018798828
221000000003,0.0,0.3,0.3,20.461498260498047,24.130046844482425
221000000003,0.0,0.4,0.3,20.326988220214844,24.238964080810547
221000000003,0.0,0.5,0.3,20.13438034057617,24.728870391845703
221000000003,0.0,0.6,0.3,19.846336364746094,24.643102645874023
221000000003,0.0,0.7,0.3,19.96139335632324,24.38020133972168
221000000003,0.0,0.8,0.3,20.106504440307617,24.140830993652344
221000000003,0.0,0.9,0.3,19.735456466674805,24.95447540283203
221000000003,0.0,1.0,0.3,19.042171478271484,27.91530418395996
221000000004,0.0,0.0,0.3,21.505146026611328,19.09518051147461
221000000004,0.0,0.1,0.3,21.506811141967773,19.40984535217285
221000000004,0.0,0.2,0.3,21.509864807128903,19.09723472595215
221000000004,0.0,0.3,0.3,21.436182022094727,19.462589263916016
221000000004,0.0,0.4,0.3,21.217708587646484,20.6638298034668
221000000004,0.0,0.5,0.3,21.12171173095703,20.72632026672364
221000000004,0.0,0.6,0.3,21.187088012695312,20.256298065185547
221000000004,0.0,0.7,0.3,20.80539321899414,20.38787078857422
221000000004,0.0,0.8,0.3,20.6038818359375,20.200777053833008
221000000004,0.0,0.9,0.3,19.81307601928711,20.3617000579834
221000000004,0.0,1.0,0.3,19.01258087158203,18.9060173034668
221000000005,0.0,0.0,0.3,23.071069717407227,25.178220748901367
221000000005,0.0,0.1,0.3,23.065025329589844,25.53516387939453
221000000005,0.0,0.2,0.3,23.022571563720703,25.552806854248047
221000000005,0.0,0.3,0.3,22.96995735168457,25.26283836364746
221000000005,0.0,0.4,0.3,22.83645248413086,25.31848907470703
221000000005,0.0,0.5,0.3,22.71854019165039,25.39126205444336
221000000005,0.0,0.6,0.3,22.407560348510746,24.85405540466309
221000000005,0.0,0.7,0.3,21.633316040039062,25.10337257385254
221000000005,0.0,0.8,0.3,21.64167213439941,25.12430000305176
221000000005,0.0,0.9,0.3,20.30040740966797,25.51664352416992
221000000005,0.0,1.0,0.3,19.554426193237305,25.422731399536133
221000000006,0.0,0.0,0.3,16.592529296875,17.946073532104492
221000000006,0.0,0.1,0.3,16.593475341796875,18.16379737854004
221000000006,0.0,0.2,0.3,16.603612899780273,18.08320045471192
221000000006,0.0,0.3,0.3,16.619915008544922,17.869709014892578
221000000006,0.0,0.4,0.3,16.57318878173828,19.183881759643555
221000000006,0.0,0.5,0.3,16.489730834960938,18.756256103515625
221000000006,0.0,0.6,0.3,16.177568435668945,17.890857696533203
221000000006,0.0,0.7,0.3,16.00925064086914,20.617958068847656
221000000006,0.0,0.8,0.3,15.50387191772461,19.87605094909668
221000000006,0.0,0.9,0.3,14.721962928771973,18.333478927612305
221000000006,0.0,1.0,0.3,12.810486793518066,20.202600479125977
221000000007,0.0,0.0,0.3,24.025299072265625,22.65125274658203
221000000007,0.0,0.1,0.3,24.03886604309082,22.673660278320312
221000000007,0.0,0.2,0.3,24.05503273010254,22.70989799499512
221000000007,0.0,0.3,0.3,24.06031036376953,22.69512367248535
221000000007,0.0,0.4,0.3,23.989803314208984,22.62879943847656
221000000007,0.0,0.5,0.3,23.78816032409668,22.842857360839844
221000000007,0.0,0.6,0.3,23.723312377929688,22.954099655151367
221000000007,0.0,0.7,0.3,23.41837310791016,22.877138137817383
221000000007,0.0,0.8,0.3,22.77610969543457,24.074228286743164
221000000007,0.0,0.9,0.3,21.92081069946289,23.67012405395508
221000000007,0.0,1.0,0.3,20.6423397064209,24.31859397888184
221000000008,0.0,0.0,0.3,21.87754249572754,20.94979286193848
221000000008,0.0,0.1,0.3,21.87306785583496,20.87788963317871
221000000008,0.0,0.2,0.3,21.869524002075195,20.817794799804688
221000000008,0.0,0.3,0.3,21.705699920654297,20.79803466796875
221000000008,0.0,0.4,0.3,21.725706100463867,21.02886390686035
221000000008,0.0,0.5,0.3,21.44927978515625,21.562000274658203
221000000008,0.0,0.6,0.3,21.380821228027344,22.398101806640625
221000000008,0.0,0.7,0.3,21.135223388671875,22.348268508911133
221000000008,0.0,0.8,0.3,18.56487846374512,28.2534294128418
221000000008,0.0,0.9,0.3,17.747026443481445,28.9482650756836
221000000008,0.0,1.0,0.3,17.001667022705078,23.40032958984375
221000000009,0.0,0.0,0.3,21.15811920166016,26.334857940673828
221000000009,0.0,0.1,0.3,21.15893745422364,26.06663703918457
221000000009,0.0,0.2,0.3,21.156618118286133,26.391094207763672
221000000009,0.0,0.3,0.3,21.06950569152832,26.024066925048828
221000000009,0.0,0.4,0.3,21.044801712036133,26.229719161987305
221000000009,0.0,0.5,0.3,21.063995361328125,26.92992782592773
221000000009,0.0,0.6,0.3,21.011764526367188,26.28838348388672
221000000009,0.0,0.7,0.3,20.61467933654785,25.66419792175293
221000000009,0.0,0.8,0.3,19.720046997070312,25.7955379486084
221000000009,0.0,0.9,0.3,19.23955535888672,27.170259475708008
221000000009,0.0,1.0,0.3,18.85145378112793,25.38078498840332
222000000000,0.0,0.0,0.3,26.47024726867676,27.448999404907227
222000000000,0.0,0.1,0.3,26.44590377807617,27.61176300048828
222000000000,0.0,0.2,0.3,26.42024040222168,27.22911262512207
222000000000,0.0,0.3,0.3,26.138914108276367,27.60527801513672
222000000000,0.0,0.4,0.3,25.93593978881836,27.73299217224121
222000000000,0.0,0.5,0.3,25.746564865112305,27.612659454345703
222000000000,0.0,0.6,0.3,25.43540954589844,27.624385833740234
222000000000,0.0,0.7,0.3,24.569753646850582,27.94440460205078
222000000000,0.0,0.8,0.3,23.146059036254883,28.47561264038086
222000000000,0.0,0.9,0.3,20.345626831054688,28.948598861694336
222000000000,0.0,1.0,0.3,17.943340301513672,30.461257934570312
222000000001,0.0,0.0,0.3,24.33085060119629,23.690488815307617
222000000001,0.0,0.1,0.3,24.33796501159668,23.63579750061035
222000000001,0.0,0.2,0.3,24.32620429992676,22.97327423095703
222000000001,0.0,0.3,0.3,24.25130844116211,20.93980026245117
222000000001,0.0,0.4,0.3,24.1495361328125,20.928863525390625
222000000001,0.0,0.5,0.3,24.12719917297364,22.9937744140625
222000000001,0.0,0.6,0.3,24.046594619750977,22.97412109375
222000000001,0.0,0.7,0.3,23.374679565429688,20.93661880493164
222000000001,0.0,0.8,0.3,19.609825134277344,16.10631561279297
222000000001,0.0,0.9,0.3,18.452730178833008,20.856311798095703
222000000001,0.0,1.0,0.3,19.626867294311523,18.452083587646484
222000000002,0.0,0.0,0.3,23.02171516418457,15.470996856689451
222000000002,0.0,0.1,0.3,23.02777862548828,14.487913131713867
222000000002,0.0,0.2,0.3,23.031253814697266,15.8370943069458
222000000002,0.0,0.3,0.3,22.933813095092773,15.012174606323242
222000000002,0.0,0.4,0.3,22.87489128112793,13.953879356384276
222000000002,0.0,0.5,0.3,22.167499542236328,15.690933227539062
222000000002,0.0,0.6,0.3,20.77040672302246,15.998101234436035
222000000002,0.0,0.7,0.3,17.607812881469727,18.25818634033203
222000000002,0.0,0.8,0.3,16.22633934020996,21.625167846679688
222000000002,0.0,0.9,0.3,14.39443016052246,27.788997650146484
222000000002,0.0,1.0,0.3,12.235953330993652,21.11720848083496
222000000003,0.0,0.0,0.3,21.715192794799805,20.95450782775879
222000000003,0.0,0.1,0.3,21.697416305541992,21.78642463684082
222000000003,0.0,0.2,0.3,21.707801818847656,21.350616455078125
222000000003,0.0,0.3,0.3,21.571741104125977,22.189023971557617
222000000003,0.0,0.4,0.3,21.50545120239257,22.23154830932617
222000000003,0.0,0.5,0.3,21.0577392578125,21.46476173400879
222000000003,0.0,0.6,0.3,20.031963348388672,21.58366775512696
222000000003,0.0,0.7,0.3,17.864837646484375,22.64965438842773
222000000003,0.0,0.8,0.3,16.660987854003906,21.878772735595703
222000000003,0.0,0.9,0.3,14.820032119750977,23.14420318603516
222000000003,0.0,1.0,0.3,13.79009246826172,24.495819091796875
222000000004,0.0,0.0,0.3,19.55761909484864,18.54705810546875
222000000004,0.0,0.1,0.3,19.514833450317383,18.6396427154541
222000000004,0.0,0.2,0.3,19.471641540527344,19.029272079467773
222000000004,0.0,0.3,0.3,19.28815269470215,19.616270065307617
222000000004,0.0,0.4,0.3,19.184484481811523,19.448162078857425
222000000004,0.0,0.5,0.3,18.90549087524414,18.887676239013672
222000000004,0.0,0.6,0.3,18.564085006713867,17.807342529296875
222000000004,0.0,0.7,0.3,17.79277801513672,13.367554664611816
222000000004,0.0,0.8,0.3,16.002853393554688,26.10489654541016
222000000004,0.0,0.9,0.3,16.16144561767578,16.544248580932617
222000000004,0.0,1.0,0.3,15.447968482971191,14.98599910736084
222000000005,0.0,0.0,0.3,26.753162384033203,17.508146286010742
222000000005,0.0,0.1,0.3,26.72774124145508,17.4311466217041
222000000005,0.0,0.2,0.3,26.682071685791016,17.429325103759766
222000000005,0.0,0.3,0.3,26.25176429748535,17.73940658569336
222000000005,0.0,0.4,0.3,25.33983612060547,19.697519302368164
222000000005,0.0,0.5,0.3,24.744932174682617,22.947486877441406
222000000005,0.0,0.6,0.3,23.32700729370117,24.27437973022461
222000000005,0.0,0.7,0.3,20.765602111816406,22.480562210083008
222000000005,0.0,0.8,0.3,18.968002319335938,23.501691818237305
222000000005,0.0,0.9,0.3,18.84511375427246,24.55367851257324
222000000005,0.0,1.0,0.3,17.190162658691406,14.682811737060549
222000000006,0.0,0.0,0.3,22.92448234558105,23.123798370361328
222000000006,0.0,0.1,0.3,22.91217803955078,23.258432388305664
222000000006,0.0,0.2,0.3,22.876691818237305,22.93578338623047
222000000006,0.0,0.3,0.3,22.776912689208984,21.39139175415039
222000000006,0.0,0.4,0.3,22.727602005004883,22.439451217651367
222000000006,0.0,0.5,0.3,22.42106437683105,24.908252716064453
222000000006,0.0,0.6,0.3,22.11217498779297,22.818737030029297
222000000006,0.0,0.7,0.3,21.297195434570312,21.69225311279297
222000000006,0.0,0.8,0.3,17.375654220581055,22.210573196411133
222000000006,0.0,0.9,0.3,17.102535247802734,22.30983161926269
222000000006,0.0,1.0,0.3,15.525347709655762,20.6478214263916
222000000007,0.0,0.0,0.3,24.63101387023925,22.17662048339844
222000000007,0.0,0.1,0.3,24.63749122619629,22.209640502929688
222000000007,0.0,0.2,0.3,24.63814926147461,21.76069068908692
222000000007,0.0,0.3,0.3,24.59769630432129,22.061830520629883
222000000007,0.0,0.4,0.3,24.581335067749023,22.36758804321289
222000000007,0.0,0.5,0.3,24.500133514404297,22.46596336364746
222000000007,0.0,0.6,0.3,23.98630142211914,22.544830322265625
222000000007,0.0,0.7,0.3,23.29994201660156,23.18931579589844
222000000007,0.0,0.8,0.3,21.59248924255371,23.78605842590332
222000000007,0.0,0.9,0.3,18.303653717041016,22.34452247619629
222000000007,0.0,1.0,0.3,17.475509643554688,22.572898864746094
222000000008,0.0,0.0,0.3,26.1092529296875,18.89434814453125
222000000008,0.0,0.1,0.3,26.121070861816406,18.58041000366211
222000000008,0.0,0.2,0.3,26.13100242614746,18.1705322265625
222000000008,0.0,0.3,0.3,26.05572509765625,19.48812484741211
222000000008,0.0,0.4,0.3,25.42925453186035,19.728412628173828
222000000008,0.0,0.5,0.3,24.67325592041016,18.927478790283203
222000000008,0.0,0.6,0.3,22.4229679107666,20.73568344116211
222000000008,0.0,0.7,0.3,20.0170841217041,22.1726303100586
222000000008,0.0,0.8,0.3,18.00806999206543,23.573495864868164
222000000008,0.0,0.9,0.3,14.774189949035645,21.480205535888672
222000000008,0.0,1.0,0.3,14.114340782165527,17.07753562927246
222000000009,0.0,0.0,0.3,18.68048095703125,23.32579231262207
222000000009,0.0,0.1,0.3,18.67877197265625,23.571521759033203
222000000009,0.0,0.2,0.3,18.6726303100586,23.90701675415039
222000000009,0.0,0.3,0.3,18.624277114868164,24.56201934814453
222000000009,0.0,0.4,0.3,18.56935310363769,24.77613639831543
222000000009,0.0,0.5,0.3,18.467344284057617,25.06541633605957
222000000009,0.0,0.6,0.3,18.2984676361084,25.71562767028809
222000000009,0.0,0.7,0.3,17.571941375732422,24.35141563415528
222000000009,0.0,0.8,0.3,16.977264404296875,22.815805435180664
222000000009,0.0,0.9,0.3,14.02304744720459,22.90614318847656
222000000009,0.0,1.0,0.3,12.010915756225586,15.643705368041992
223000000000,0.0,0.0,0.3,26.53796768188477,16.807126998901367
223000000000,0.0,0.1,0.3,26.54501914978028,16.731647491455078
223000000000,0.0,0.2,0.3,26.60711097717285,16.908382415771484
223000000000,0.0,0.3,0.3,26.40830039978028,16.97257423400879
223000000000,0.0,0.4,0.3,26.138071060180664,16.75628662109375
223000000000,0.0,0.5,0.3,25.63896369934082,17.138111114501953
223000000000,0.0,0.6,0.3,23.88117027282715,16.357952117919922
223000000000,0.0,0.7,0.3,21.61278343200684,16.74055290222168
223000000000,0.0,0.8,0.3,20.148313522338867,19.64291000366211
223000000000,0.0,0.9,0.3,17.9107666015625,22.78158950805664
223000000000,0.0,1.0,0.3,18.547258377075195,19.722925186157227
223000000001,0.0,0.0,0.3,29.17731475830078,21.74746322631836
223000000001,0.0,0.1,0.3,29.168333053588867,21.80164909362793
223000000001,0.0,0.2,0.3,29.204965591430664,22.437685012817383
223000000001,0.0,0.3,0.3,28.98927879333496,21.79729652404785
223000000001,0.0,0.4,0.3,28.018428802490234,21.5660343170166
223000000001,0.0,0.5,0.3,26.652851104736328,20.727283477783203
223000000001,0.0,0.6,0.3,25.64734268188477,22.26951789855957
223000000001,0.0,0.7,0.3,23.810651779174805,21.95663452148437
223000000001,0.0,0.8,0.3,21.582162857055664,25.51521110534668
223000000001,0.0,0.9,0.3,15.965412139892578,24.692590713500977
223000000001,0.0,1.0,0.3,15.049063682556152,27.71878242492676
223000000002,0.0,0.0,0.3,21.25033950805664,20.32356834411621
223000000002,0.0,0.1,0.3,21.23516845703125,20.38061141967773
223000000002,0.0,0.2,0.3,21.192502975463867,20.828651428222656
223000000002,0.0,0.3,0.3,21.008420944213867,21.19609832763672
223000000002,0.0,0.4,0.3,20.82457160949707,21.987594604492188
223000000002,0.0,0.5,0.3,20.87873077392578,21.761449813842773
223000000002,0.0,0.6,0.3,20.414888381958008,20.653377532958984
223000000002,0.0,0.7,0.3,18.77734375,21.346471786499023
223000000002,0.0,0.8,0.3,15.986854553222656,24.368059158325195
223000000002,0.0,0.9,0.3,14.160699844360352,25.541364669799805
223000000002,0.0,1.0,0.3,13.562960624694824,26.670425415039062
223000000003,0.0,0.0,0.3,29.55992889404297,26.70799446105957
223000000003,0.0,0.1,0.3,29.58380889892578,26.617733001708984
223000000003,0.0,0.2,0.3,29.58123779296875,26.33397674560547
223000000003,0.0,0.3,0.3,29.63117790222168,26.426326751708984
223000000003,0.0,0.4,0.3,29.497108459472656,26.143434524536133
223000000003,0.0,0.5,0.3,29.410511016845703,26.624006271362305
223000000003,0.0,0.6,0.3,26.236003875732425,28.47789192199707
223000000003,0.0,0.7,0.3,25.72351455688477,27.29792594909668
223000000003,0.0,0.8,0.3,26.570783615112305,26.79353904724121
223000000003,0.0,0.9,0.3,20.23651695251465,23.59619903564453
223000000003,0.0,1.0,0.3,19.661226272583008,28.579879760742188
223000000004,0.0,0.0,0.3,25.91162872314453,30.051916122436523
223000000004,0.0,0.1,0.3,25.920543670654297,29.80857276916504
223000000004,0.0,0.2,0.3,25.919557571411133,29.68403625488281
223000000004,0.0,0.3,0.3,25.838844299316406,29.706478118896484
223000000004,0.0,0.4,0.3,25.837770462036133,29.973857879638672
223000000004,0.0,0.5,0.3,25.741682052612305,29.5474796295166
223000000004,0.0,0.6,0.3,25.661067962646484,29.77341651916504
223000000004,0.0,0.7,0.3,25.60186767578125,29.591529846191406
223000000004,0.0,0.8,0.3,20.282867431640625,29.59052848815918
223000000004,0.0,0.9,0.3,14.152701377868652,24.01140022277832
223000000004,0.0,1.0,0.3,15.540053367614746,25.38822364807129
223000000005,0.0,0.0,0.3,22.835811614990234,19.77318382263184
223000000005,0.0,0.1,0.3,22.828493118286133,19.792036056518555
223000000005,0.0,0.2,0.3,22.817527770996094,19.982410430908203
223000000005,0.0,0.3,0.3,22.74217987060547,20.098478317260746
223000000005,0.0,0.4,0.3,22.45133781433105,20.44311714172364
223000000005,0.0,0.5,0.3,21.7517318725586,20.53557014465332
223000000005,0.0,0.6,0.3,21.134389877319336,23.287185668945312
223000000005,0.0,0.7,0.3,18.03979682922364,23.24400520324707
223000000005,0.0,0.8,0.3,16.91703987121582,24.16009330749512
223000000005,0.0,0.9,0.3,15.857382774353027,23.515501022338867
223000000005,0.0,1.0,0.3,14.787259101867676,24.6873836517334
223000000006,0.0,0.0,0.3,25.75339126586914,14.549718856811523
223000000006,0.0,0.1,0.3,25.749549865722656,14.442412376403809
223000000006,0.0,0.2,0.3,25.74452781677246,13.936871528625488
223000000006,0.0,0.3,0.3,25.735614776611328,14.634873390197754
223000000006,0.0,0.4,0.3,25.75982666015625,13.97128677368164
223000000006,0.0,0.5,0.3,25.309595108032227,15.316763877868652
223000000006,0.0,0.6,0.3,25.171581268310547,15.59410572052002
223000000006,0.0,0.7,0.3,21.59440803527832,17.627656936645508
223000000006,0.0,0.8,0.3,20.678926467895508,19.112136840820312
223000000006,0.0,0.9,0.3,20.40592765808105,18.929548263549805
223000000006,0.0,1.0,0.3,18.514184951782227,21.870534896850582
223000000007,0.0,0.0,0.3,23.090734481811523,24.056684494018555
223000000007,0.0,0.1,0.3,23.0806941986084,24.20242500305176
223000000007,0.0,0.2,0.3,23.07655143737793,24.00794792175293
223000000007,0.0,0.3,0.3,23.036375045776367,23.812314987182617
223000000007,0.0,0.4,0.3,22.960840225219727,24.00992202758789
223000000007,0.0,0.5,0.3,22.7746639251709,22.67995834350586
223000000007,0.0,0.6,0.3,20.95191192626953,27.605443954467773
223000000007,0.0,0.7,0.3,19.711502075195312,32.092018127441406
223000000007,0.0,0.8,0.3,18.832275390625,30.685115814208984
223000000007,0.0,0.9,0.3,18.2225284576416,25.863325119018555
223000000007,0.0,1.0,0.3,16.51999282836914,25.07446479797364
223000000008,0.0,0.0,0.3,20.69016456604004,29.74153709411621
223000000008,0.0,0.1,0.3,20.68402862548828,29.7055892944336
223000000008,0.0,0.2,0.3,20.678924560546875,29.801454544067383
223000000008,0.0,0.3,0.3,20.6539363861084,29.8402042388916
223000000008,0.0,0.4,0.3,20.63408660888672,29.379451751708984
223000000008,0.0,0.5,0.3,20.58438873291016,29.141170501708984
223000000008,0.0,0.6,0.3,20.65560531616211,29.4738998413086
223000000008,0.0,0.7,0.3,20.56895065307617,29.117631912231445
223000000008,0.0,0.8,0.3,20.406917572021484,29.6300048828125
223000000008,0.0,0.9,0.3,19.481828689575195,28.56216049194336
223000000008,0.0,1.0,0.3,13.975913047790527,27.977783203125
223000000009,0.0,0.0,0.3,24.442684173583984,21.343584060668945
223000000009,0.0,0.1,0.3,24.44237899780273,21.40973854064941
223000000009,0.0,0.2,0.3,24.453344345092773,21.345230102539062
223000000009,0.0,0.3,0.3,24.35338592529297,21.321069717407227
223000000009,0.0,0.4,0.3,24.30777931213379,21.39189910888672
223000000009,0.0,0.5,0.3,24.17318153381348,21.617361068725582
223000000009,0.0,0.6,0.3,22.68901634216309,21.63738822937012
223000000009,0.0,0.7,0.3,20.228456497192383,21.331993103027344
223000000009,0.0,0.8,0.3,16.79524040222168,22.27215003967285
223000000009,0.0,0.9,0.3,15.078804969787598,21.11714553833008
223000000009,0.0,1.0,0.3,14.907140731811523,19.084413528442383
224000000000,0.0,0.0,0.3,24.45017433166504,19.473447799682617
224000000000,0.0,0.1,0.3,24.466909408569336,19.567045211791992
224000000000,0.0,0.2,0.3,24.52250862121582,19.5990047454834
224000000000,0.0,0.3,0.3,24.530902862548828,19.88627815246582
224000000000,0.0,0.4,0.3,24.37404060363769,19.8414363861084
224000000000,0.0,0.5,0.3,24.3493595123291,19.95755195617676
224000000000,0.0,0.6,0.3,23.9539737701416,19.88656234741211
224000000000,0.0,0.7,0.3,21.470365524291992,20.471529006958008
224000000000,0.0,0.8,0.3,18.58768081665039,23.341642379760746
224000000000,0.0,0.9,0.3,19.20851325988769,24.018857955932617
224000000000,0.0,1.0,0.3,17.743009567260742,24.013919830322266
224000000001,0.0,0.0,0.3,22.538543701171875,28.597381591796875
224000000001,0.0,0.1,0.3,22.542213439941406,28.7386474609375
224000000001,0.0,0.2,0.3,22.54140281677246,28.668964385986328
224000000001,0.0,0.3,0.3,22.50726318359375,29.166540145874023
224000000001,0.0,0.4,0.3,22.416210174560547,28.31854248046875
224000000001,0.0,0.5,0.3,22.28741455078125,29.27434539794922
224000000001,0.0,0.6,0.3,22.47306251525879,28.08820915222168
224000000001,0.0,0.7,0.3,22.33074760437012,28.40290641784668
224000000001,0.0,0.8,0.3,21.651172637939453,29.87582015991211
224000000001,0.0,0.9,0.3,21.151752471923828,28.92131805419922
224000000001,0.0,1.0,0.3,18.35700416564941,23.8327751159668
224000000002,0.0,0.0,0.3,21.06064414978028,21.289283752441406
224000000002,0.0,0.1,0.3,21.06747055053711,21.11724090576172
224000000002,0.0,0.2,0.3,21.066654205322266,21.08381080627441
224000000002,0.0,0.3,0.3,21.024242401123047,21.28990173339844
224000000002,0.0,0.4,0.3,20.894088745117188,21.07617950439453
224000000002,0.0,0.5,0.3,20.333887100219727,22.297195434570312
224000000002,0.0,0.6,0.3,20.743106842041016,21.86516761779785
224000000002,0.0,0.7,0.3,19.12617874145508,22.65298080444336
224000000002,0.0,0.8,0.3,19.59546661376953,21.68044853210449
224000000002,0.0,0.9,0.3,14.23341464996338,20.90774345397949
224000000002,0.0,1.0,0.3,14.762859344482422,23.566808700561523
224000000003,0.0,0.0,0.3,20.687971115112305,27.007308959960938
224000000003,0.0,0.1,0.3,20.686826705932617,27.01980400085449
224000000003,0.0,0.2,0.3,20.66444396972656,27.19145965576172
224000000003,0.0,0.3,0.3,20.57074928283692,27.01701736450196
224000000003,0.0,0.4,0.3,20.344356536865234,26.408035278320312
224000000003,0.0,0.5,0.3,20.287612915039062,27.05959129333496
224000000003,0.0,0.6,0.3,19.95893669128418,26.968551635742188
224000000003,0.0,0.7,0.3,20.066722869873047,26.49726867675781
224000000003,0.0,0.8,0.3,20.0698356628418,26.6601676940918
224000000003,0.0,0.9,0.3,19.433086395263672,23.27601623535156
224000000003,0.0,1.0,0.3,16.624988555908203,29.741758346557617
224000000004,0.0,0.0,0.3,20.16820526123047,15.27998161315918
224000000004,0.0,0.1,0.3,20.152368545532227,15.427043914794922
224000000004,0.0,0.2,0.3,20.128522872924805,15.218368530273438
224000000004,0.0,0.3,0.3,20.07147026062012,15.002534866333008
224000000004,0.0,0.4,0.3,19.837820053100582,20.56861686706543
224000000004,0.0,0.5,0.3,19.20931434631348,20.786561965942383
224000000004,0.0,0.6,0.3,18.82868385314941,22.84430885314941
224000000004,0.0,0.7,0.3,17.47578239440918,27.73022651672364
224000000004,0.0,0.8,0.3,17.408573150634766,27.67164421081543
224000000004,0.0,0.9,0.3,15.910326957702637,26.657861709594727
224000000004,0.0,1.0,0.3,15.33945083618164,26.719322204589844
224000000005,0.0,0.0,0.3,24.48865127563477,26.206085205078125
224000000005,0.0,0.1,0.3,24.48637008666992,26.09719657897949
224000000005,0.0,0.2,0.3,24.51459312438965,26.11747932434082
224000000005,0.0,0.3,0.3,24.31454467773437,26.228321075439453
224000000005,0.0,0.4,0.3,24.25809669494629,25.864482879638672
224000000005,0.0,0.5,0.3,23.91891098022461,25.892309188842773
224000000005,0.0,0.6,0.3,23.589956283569336,26.701801300048828
224000000005,0.0,0.7,0.3,23.10651588439941,25.9920654296875
224000000005,0.0,0.8,0.3,21.869558334350582,26.72581672668457
224000000005,0.0,0.9,0.3,20.48422813415528,25.19024085998535
224000000005,0.0,1.0,0.3,19.34944725036621,25.9271183013916
224000000006,0.0,0.0,0.3,22.50881004333496,24.395362854003903
224000000006,0.0,0.1,0.3,22.50506401062012,24.47632598876953
224000000006,0.0,0.2,0.3,22.49942398071289,24.400375366210938
224000000006,0.0,0.3,0.3,22.471555709838867,24.255878448486328
224000000006,0.0,0.4,0.3,22.405776977539062,24.36992454528809
224000000006,0.0,0.5,0.3,22.22216796875,25.39731788635254
224000000006,0.0,0.6,0.3,21.987070083618164,25.29774284362793
224000000006,0.0,0.7,0.3,21.652082443237305,25.439653396606445
224000000006,0.0,0.8,0.3,20.41868019104004,23.90780639648437
224000000006,0.0,0.9,0.3,19.37295150756836,25.374570846557617
224000000006,0.0,1.0,0.3,16.509685516357422,25.039756774902344
224000000007,0.0,0.0,0.3,26.20572662353516,19.159135818481445
224000000007,0.0,0.1,0.3,26.21449851989746,19.162994384765625
224000000007,0.0,0.2,0.3,26.237201690673828,19.550508499145508
224000000007,0.0,0.3,0.3,26.23402404785156,19.3399658203125
224000000007,0.0,0.4,0.3,26.145414352416992,19.490375518798828
224000000007,0.0,0.5,0.3,25.9527587890625,19.522968292236328
224000000007,0.0,0.6,0.3,25.66193008422852,20.07914161682129
224000000007,0.0,0.7,0.3,24.13290023803711,20.6594467163086
224000000007,0.0,0.8,0.3,22.90033721923828,24.3488883972168
224000000007,0.0,0.9,0.3,21.48263168334961,25.11080741882324
224000000007,0.0,1.0,0.3,18.031373977661133,22.97599983215332
224000000008,0.0,0.0,0.3,25.29183387756348,19.93323135375977
224000000008,0.0,0.1,0.3,25.296371459960938,19.25618362426757
224000000008,0.0,0.2,0.3,25.26325798034668,19.443885803222656
224000000008,0.0,0.3,0.3,25.178207397460938,20.149030685424805
224000000008,0.0,0.4,0.3,25.26906967163086,20.67502212524414
224000000008,0.0,0.5,0.3,25.22557640075684,23.67176628112793
224000000008,0.0,0.6,0.3,24.8125114440918,23.065099716186523
224000000008,0.0,0.7,0.3,23.754377365112305,19.86310577392578
224000000008,0.0,0.8,0.3,21.261457443237305,23.50529670715332
224000000008,0.0,0.9,0.3,20.233572006225582,24.50043296813965
224000000008,0.0,1.0,0.3,19.500852584838867,17.960548400878906
224000000009,0.0,0.0,0.3,21.49172782897949,25.35692977905273
224000000009,0.0,0.1,0.3,21.490310668945312,25.649188995361328
224000000009,0.0,0.2,0.3,21.471323013305664,25.882244110107425
224000000009,0.0,0.3,0.3,21.321157455444336,23.371448516845703
224000000009,0.0,0.4,0.3,21.29170799255371,23.32460021972656
224000000009,0.0,0.5,0.3,21.090959548950195,25.3846492767334
224000000009,0.0,0.6,0.3,18.51793098449707,23.924776077270508
224000000009,0.0,0.7,0.3,20.86697769165039,25.35905265808105
224000000009,0.0,0.8,0.3,20.809221267700195,27.06543159484864
224000000009,0.0,0.9,0.3,20.326723098754883,30.67528343200684
224000000009,0.0,1.0,0.3,18.92725372314453,31.02046775817871
311000000000,0.0,0.0,0.3,27.18814468383789,11.872821807861328
311000000000,0.0,0.1,0.3,27.19598197937012,12.008028984069824
311000000000,0.0,0.2,0.3,27.23518943786621,12.003702163696287
311000000000,0.0,0.3,0.3,27.160144805908203,12.09229564666748
311000000000,0.0,0.4,0.3,26.69295692443848,11.054628372192385
311000000000,0.0,0.5,0.3,24.526655197143555,11.72528076171875
311000000000,0.0,0.6,0.3,23.31245231628418,11.983196258544922
311000000000,0.0,0.7,0.3,21.959651947021484,11.958969116210938
311000000000,0.0,0.8,0.3,19.83250617980957,14.11136531829834
311000000000,0.0,0.9,0.3,17.042009353637695,11.45673942565918
311000000000,0.0,1.0,0.3,14.357890129089355,10.555535316467283
311000000001,0.0,0.0,0.3,24.404848098754883,14.551061630249023
311000000001,0.0,0.1,0.3,24.38820075988769,14.45455837249756
311000000001,0.0,0.2,0.3,24.306848526000977,14.101222038269045
311000000001,0.0,0.3,0.3,24.05403518676757,14.218521118164062
311000000001,0.0,0.4,0.3,23.50479507446289,14.17429256439209
311000000001,0.0,0.5,0.3,22.15389633178711,13.705809593200684
311000000001,0.0,0.6,0.3,20.321718215942383,13.075648307800291
311000000001,0.0,0.7,0.3,17.920076370239258,12.139047622680664
311000000001,0.0,0.8,0.3,15.944527626037598,10.636585235595703
311000000001,0.0,0.9,0.3,14.686616897583008,7.218872547149658
311000000001,0.0,1.0,0.3,14.892943382263184,7.898542881011963
311000000002,0.0,0.0,0.3,19.697837829589844,17.846363067626953
311000000002,0.0,0.1,0.3,19.68919944763184,18.007518768310547
311000000002,0.0,0.2,0.3,19.65218734741211,18.30947494506836
311000000002,0.0,0.3,0.3,19.540515899658203,18.054763793945312
311000000002,0.0,0.4,0.3,19.27961158752441,18.12630844116211
311000000002,0.0,0.5,0.3,18.96766662597656,18.217464447021484
311000000002,0.0,0.6,0.3,18.90275001525879,19.063087463378903
311000000002,0.0,0.7,0.3,17.67306900024414,17.772279739379883
311000000002,0.0,0.8,0.3,14.70913028717041,16.70342254638672
311000000002,0.0,0.9,0.3,15.07314109802246,14.83949851989746
311000000002,0.0,1.0,0.3,14.709736824035645,17.4903564453125
311000000003,0.0,0.0,0.3,21.819976806640625,10.984006881713867
311000000003,0.0,0.1,0.3,21.79531478881836,10.550894737243652
311000000003,0.0,0.2,0.3,21.72962188720703,10.802271842956545
311000000003,0.0,0.3,0.3,21.53955268859864,10.72946834564209
311000000003,0.0,0.4,0.3,20.285499572753903,18.40478134155273
311000000003,0.0,0.5,0.3,20.609750747680664,14.882491111755373
311000000003,0.0,0.6,0.3,19.402143478393555,15.561400413513184
311000000003,0.0,0.7,0.3,17.761730194091797,7.601130962371826
311000000003,0.0,0.8,0.3,17.019886016845703,12.225316047668455
311000000003,0.0,0.9,0.3,17.430465698242188,19.59819602966309
311000000003,0.0,1.0,0.3,16.937847137451172,17.292572021484375
311000000004,0.0,0.0,0.3,19.41290855407715,18.99198532104492
311000000004,0.0,0.1,0.3,19.40192413330078,19.373794555664062
311000000004,0.0,0.2,0.3,19.32496833801269,20.25691032409668
311000000004,0.0,0.3,0.3,19.123027801513672,20.019466400146484
311000000004,0.0,0.4,0.3,18.67556571960449,21.499568939208984
311000000004,0.0,0.5,0.3,17.955238342285156,18.34711456298828
311000000004,0.0,0.6,0.3,17.191120147705078,20.5664291381836
311000000004,0.0,0.7,0.3,16.806594848632812,19.44544219970703
311000000004,0.0,0.8,0.3,15.722830772399902,19.681188583374023
311000000004,0.0,0.9,0.3,15.661505699157717,19.18725776672364
311000000004,0.0,1.0,0.3,14.749435424804688,19.038227081298828
311000000005,0.0,0.0,0.3,20.09425544738769,15.489398002624512
311000000005,0.0,0.1,0.3,20.0906982421875,15.760980606079102
311000000005,0.0,0.2,0.3,20.0857162475586,15.546428680419922
311000000005,0.0,0.3,0.3,19.962928771972656,15.160322189331056
311000000005,0.0,0.4,0.3,19.741743087768555,19.2276668548584
311000000005,0.0,0.5,0.3,19.21208000183105,17.032238006591797
311000000005,0.0,0.6,0.3,18.262514114379883,17.68682861328125
311000000005,0.0,0.7,0.3,17.808429718017578,15.995296478271484
311000000005,0.0,0.8,0.3,16.603214263916016,19.37440299987793
311000000005,0.0,0.9,0.3,14.84428596496582,20.29245948791504
311000000005,0.0,1.0,0.3,12.795730590820312,18.308887481689453
311000000006,0.0,0.0,0.3,24.80934333801269,20.56045913696289
311000000006,0.0,0.1,0.3,24.81126594543457,20.61062240600586
311000000006,0.0,0.2,0.3,24.845468521118164,20.76923561096192
311000000006,0.0,0.3,0.3,24.800647735595703,20.654409408569336
311000000006,0.0,0.4,0.3,24.811498641967773,20.630491256713867
311000000006,0.0,0.5,0.3,24.037338256835938,22.964529037475582
311000000006,0.0,0.6,0.3,23.04279327392578,15.96650505065918
311000000006,0.0,0.7,0.3,21.994781494140625,20.77950859069824
311000000006,0.0,0.8,0.3,20.29328727722168,24.39778709411621
311000000006,0.0,0.9,0.3,15.904451370239258,18.306848526000977
311000000006,0.0,1.0,0.3,15.394158363342283,17.402570724487305
311000000007,0.0,0.0,0.3,21.83163452148437,15.08993911743164
311000000007,0.0,0.1,0.3,21.83905982971192,15.290440559387209
311000000007,0.0,0.2,0.3,21.860599517822266,15.324396133422852
311000000007,0.0,0.3,0.3,21.682462692260746,15.21194553375244
311000000007,0.0,0.4,0.3,21.519895553588867,15.592016220092772
311000000007,0.0,0.5,0.3,19.065689086914062,19.293739318847656
311000000007,0.0,0.6,0.3,19.411840438842773,13.74184799194336
311000000007,0.0,0.7,0.3,19.643930435180664,15.699410438537598
311000000007,0.0,0.8,0.3,18.77190971374512,14.764460563659668
311000000007,0.0,0.9,0.3,17.33316421508789,14.812231063842772
311000000007,0.0,1.0,0.3,14.920709609985352,18.085102081298828
311000000008,0.0,0.0,0.3,20.836849212646484,26.65100479125977
311000000008,0.0,0.1,0.3,20.82441139221192,26.676427841186523
311000000008,0.0,0.2,0.3,20.810577392578125,26.451414108276367
311000000008,0.0,0.3,0.3,20.78683280944824,26.66908264160156
311000000008,0.0,0.4,0.3,20.70575904846192,26.68997001647949
311000000008,0.0,0.5,0.3,20.466365814208984,27.42030906677246
311000000008,0.0,0.6,0.3,20.169300079345703,27.686946868896484
311000000008,0.0,0.7,0.3,20.180509567260746,26.792341232299805
311000000008,0.0,0.8,0.3,19.379047393798828,25.44474601745605
311000000008,0.0,0.9,0.3,19.03599548339844,26.10035514831543
311000000008,0.0,1.0,0.3,19.11268615722656,26.45175170898437
311000000009,0.0,0.0,0.3,23.42955780029297,24.71173477172852
311000000009,0.0,0.1,0.3,23.42323875427246,24.5722713470459
311000000009,0.0,0.2,0.3,23.42146682739257,24.66297912597656
311000000009,0.0,0.3,0.3,23.41873550415039,24.57851791381836
311000000009,0.0,0.4,0.3,23.32909202575684,24.597225189208984
311000000009,0.0,0.5,0.3,23.22348976135254,24.46594619750977
311000000009,0.0,0.6,0.3,22.9333724975586,24.090112686157227
311000000009,0.0,0.7,0.3,22.6467514038086,23.593530654907227
311000000009,0.0,0.8,0.3,22.28182601928711,23.58500289916992
311000000009,0.0,0.9,0.3,17.9102840423584,25.913291931152344
311000000009,0.0,1.0,0.3,14.599434852600098,26.0525131225586
312000000000,0.0,0.0,0.3,20.18998336791992,12.120487213134766
312000000000,0.0,0.1,0.3,20.189754486083984,11.926339149475098
312000000000,0.0,0.2,0.3,20.16038703918457,12.189539909362791
312000000000,0.0,0.3,0.3,19.87696647644043,10.792566299438477
312000000000,0.0,0.4,0.3,19.02802276611328,10.92799949645996
312000000000,0.0,0.5,0.3,18.215652465820312,13.027034759521484
312000000000,0.0,0.6,0.3,17.743921279907227,13.160284996032717
312000000000,0.0,0.7,0.3,16.3870906829834,12.974739074707031
312000000000,0.0,0.8,0.3,15.924776077270508,10.39237117767334
312000000000,0.0,0.9,0.3,15.242417335510254,8.212847709655762
312000000000,0.0,1.0,0.3,14.389242172241213,9.203351020812988
312000000001,0.0,0.0,0.3,19.32152557373047,12.95917797088623
312000000001,0.0,0.1,0.3,19.306325912475582,12.4857816696167
312000000001,0.0,0.2,0.3,19.29692649841309,13.093487739562988
312000000001,0.0,0.3,0.3,19.12407875061035,14.180524826049805
312000000001,0.0,0.4,0.3,18.654296875,11.472790718078612
312000000001,0.0,0.5,0.3,17.282859802246094,13.701164245605469
312000000001,0.0,0.6,0.3,16.06463623046875,14.084574699401855
312000000001,0.0,0.7,0.3,15.073982238769531,11.45482063293457
312000000001,0.0,0.8,0.3,14.04880428314209,13.704270362854004
312000000001,0.0,0.9,0.3,12.758749008178713,15.06969928741455
312000000001,0.0,1.0,0.3,12.508626937866213,14.666378021240234
312000000002,0.0,0.0,0.3,20.75599670410156,13.08753490447998
312000000002,0.0,0.1,0.3,20.748798370361328,13.26889705657959
312000000002,0.0,0.2,0.3,20.73785781860352,13.669787406921388
312000000002,0.0,0.3,0.3,20.54121780395508,13.282299041748049
312000000002,0.0,0.4,0.3,20.224573135375977,15.77755355834961
312000000002,0.0,0.5,0.3,19.3790340423584,14.377530097961426
312000000002,0.0,0.6,0.3,17.171098709106445,18.097990036010746
312000000002,0.0,0.7,0.3,15.592456817626951,17.84473991394043
312000000002,0.0,0.8,0.3,15.736559867858888,17.457294464111328
312000000002,0.0,0.9,0.3,14.660298347473145,20.03815078735352
312000000002,0.0,1.0,0.3,13.481093406677246,18.381872177124023
312000000003,0.0,0.0,0.3,18.668102264404297,14.112436294555664
312000000003,0.0,0.1,0.3,18.660377502441406,14.181544303894045
312000000003,0.0,0.2,0.3,18.64364624023437,14.173975944519045
312000000003,0.0,0.3,0.3,18.607580184936523,14.084747314453123
312000000003,0.0,0.4,0.3,18.555343627929688,14.20921230316162
312000000003,0.0,0.5,0.3,18.574403762817383,14.176589012145996
312000000003,0.0,0.6,0.3,18.255348205566406,14.577701568603516
312000000003,0.0,0.7,0.3,17.88782501220703,13.610735893249512
312000000003,0.0,0.8,0.3,17.072277069091797,12.491826057434082
312000000003,0.0,0.9,0.3,17.38715934753418,13.58384609222412
312000000003,0.0,1.0,0.3,16.659889221191406,14.577802658081056
312000000004,0.0,0.0,0.3,22.55670166015625,16.38705825805664
312000000004,0.0,0.1,0.3,22.57848358154297,16.257051467895508
312000000004,0.0,0.2,0.3,22.604707717895508,16.552248001098633
312000000004,0.0,0.3,0.3,22.31156539916992,16.850154876708984
312000000004,0.0,0.4,0.3,21.242084503173828,18.15495681762696
312000000004,0.0,0.5,0.3,20.101179122924805,20.01995086669922
312000000004,0.0,0.6,0.3,19.27119827270508,18.83368873596192
312000000004,0.0,0.7,0.3,17.993953704833984,16.509658813476562
312000000004,0.0,0.8,0.3,16.471580505371094,18.077672958374023
312000000004,0.0,0.9,0.3,16.43379783630371,19.728256225585938
312000000004,0.0,1.0,0.3,15.67673110961914,22.535860061645508
312000000005,0.0,0.0,0.3,18.068988800048828,10.671917915344238
312000000005,0.0,0.1,0.3,18.06521415710449,10.245878219604492
312000000005,0.0,0.2,0.3,17.987733840942383,9.753204345703123
312000000005,0.0,0.3,0.3,17.936298370361328,9.413433074951172
312000000005,0.0,0.4,0.3,17.63835906982422,8.663466453552246
312000000005,0.0,0.5,0.3,16.66871452331543,13.315075874328612
312000000005,0.0,0.6,0.3,16.78928565979004,16.36788558959961
312000000005,0.0,0.7,0.3,15.935864448547363,11.589855194091797
312000000005,0.0,0.8,0.3,16.237232208251953,14.607003211975098
312000000005,0.0,0.9,0.3,15.973143577575684,13.892468452453612
312000000005,0.0,1.0,0.3,16.232677459716797,8.715876579284668
312000000006,0.0,0.0,0.3,23.17973899841309,16.249540328979492
312000000006,0.0,0.1,0.3,23.17952537536621,16.270801544189453
312000000006,0.0,0.2,0.3,23.18191337585449,16.17361068725586
312000000006,0.0,0.3,0.3,23.17519760131836,16.346904754638672
312000000006,0.0,0.4,0.3,23.150739669799805,16.41792106628418
312000000006,0.0,0.5,0.3,23.05923843383789,15.79102611541748
312000000006,0.0,0.6,0.3,22.95073890686035,16.635557174682617
312000000006,0.0,0.7,0.3,22.810606002807617,16.16330337524414
312000000006,0.0,0.8,0.3,21.95686912536621,17.32131004333496
312000000006,0.0,0.9,0.3,21.57523727416992,16.33501434326172
312000000006,0.0,1.0,0.3,19.651580810546875,14.130651473999023
312000000007,0.0,0.0,0.3,23.832368850708008,18.013402938842773
312000000007,0.0,0.1,0.3,23.82732009887696,18.049448013305664
312000000007,0.0,0.2,0.3,23.839778900146484,18.22185134887696
312000000007,0.0,0.3,0.3,23.75214958190918,17.42912483215332
312000000007,0.0,0.4,0.3,23.28595924377441,18.62649726867676
312000000007,0.0,0.5,0.3,23.06302261352539,19.12381935119629
312000000007,0.0,0.6,0.3,22.361961364746094,17.829214096069336
312000000007,0.0,0.7,0.3,19.088329315185547,23.983705520629883
312000000007,0.0,0.8,0.3,17.381685256958008,25.335205078125
312000000007,0.0,0.9,0.3,15.865591049194336,27.050817489624023
312000000007,0.0,1.0,0.3,16.55171012878418,23.635921478271484
312000000008,0.0,0.0,0.3,18.46228408813477,11.62768268585205
312000000008,0.0,0.1,0.3,18.46919822692871,11.648635864257812
312000000008,0.0,0.2,0.3,18.463623046875,11.312381744384766
312000000008,0.0,0.3,0.3,18.381498336791992,11.36509132385254
312000000008,0.0,0.4,0.3,18.25603675842285,11.3329496383667
312000000008,0.0,0.5,0.3,18.096324920654297,11.376876831054688
312000000008,0.0,0.6,0.3,17.393861770629883,13.964329719543455
312000000008,0.0,0.7,0.3,15.536832809448242,15.741470336914062
312000000008,0.0,0.8,0.3,15.97701358795166,14.938555717468262
312000000008,0.0,0.9,0.3,14.641397476196287,13.785910606384276
312000000008,0.0,1.0,0.3,11.867615699768066,11.22761344909668
312000000009,0.0,0.0,0.3,22.366979598999023,16.305103302001953
312000000009,0.0,0.1,0.3,22.373090744018555,16.17655372619629
312000000009,0.0,0.2,0.3,22.37837219238281,16.094070434570312
312000000009,0.0,0.3,0.3,22.366334915161133,16.01448631286621
312000000009,0.0,0.4,0.3,22.26167106628418,15.975838661193848
312000000009,0.0,0.5,0.3,22.0310001373291,16.011262893676758
312000000009,0.0,0.6,0.3,21.41094970703125,15.869757652282717
312000000009,0.0,0.7,0.3,20.363508224487305,15.864212989807127
312000000009,0.0,0.8,0.3,20.238008499145508,16.599090576171875
312000000009,0.0,0.9,0.3,17.158451080322266,14.747097969055176
312000000009,0.0,1.0,0.3,15.300811767578123,14.727899551391602
313000000000,0.0,0.0,0.3,18.888336181640625,22.738758087158203
313000000000,0.0,0.1,0.3,18.89483642578125,22.612802505493164
313000000000,0.0,0.2,0.3,18.89913749694824,22.630136489868164
313000000000,0.0,0.3,0.3,18.79363250732422,22.43311309814453
313000000000,0.0,0.4,0.3,18.744457244873047,22.48985290527344
313000000000,0.0,0.5,0.3,18.031206130981445,22.191225051879883
313000000000,0.0,0.6,0.3,17.361587524414062,24.833297729492188
313000000000,0.0,0.7,0.3,17.943641662597656,22.3965072631836
313000000000,0.0,0.8,0.3,15.83926486968994,20.927175521850582
313000000000,0.0,0.9,0.3,15.875948905944824,22.919363021850582
313000000000,0.0,1.0,0.3,14.935298919677734,24.71466445922852
313000000001,0.0,0.0,0.3,27.28603744506836,20.829620361328125
313000000001,0.0,0.1,0.3,27.298315048217773,20.9183292388916
313000000001,0.0,0.2,0.3,27.19283866882324,21.56046295166016
313000000001,0.0,0.3,0.3,26.89291763305664,21.592187881469727
313000000001,0.0,0.4,0.3,26.35993385314941,20.042211532592773
313000000001,0.0,0.5,0.3,25.68175506591797,21.66976928710937
313000000001,0.0,0.6,0.3,24.20150184631348,21.068214416503903
313000000001,0.0,0.7,0.3,20.46540641784668,19.40178871154785
313000000001,0.0,0.8,0.3,19.077863693237305,24.36617088317871
313000000001,0.0,0.9,0.3,19.91790008544922,22.546113967895508
313000000001,0.0,1.0,0.3,19.27876663208008,23.225322723388672
313000000002,0.0,0.0,0.3,22.947237014770508,20.70945167541504
313000000002,0.0,0.1,0.3,22.93425941467285,20.721254348754883
313000000002,0.0,0.2,0.3,22.915807723999023,20.83966636657715
313000000002,0.0,0.3,0.3,22.870201110839844,20.79424476623535
313000000002,0.0,0.4,0.3,22.80308532714844,20.879623413085938
313000000002,0.0,0.5,0.3,22.55501937866211,21.06134414672852
313000000002,0.0,0.6,0.3,22.18030548095703,21.495210647583008
313000000002,0.0,0.7,0.3,21.633909225463867,21.3074951171875
313000000002,0.0,0.8,0.3,20.309844970703125,21.31796836853028
313000000002,0.0,0.9,0.3,17.91585350036621,21.586498260498047
313000000002,0.0,1.0,0.3,15.817386627197266,20.390125274658203
313000000003,0.0,0.0,0.3,17.408050537109375,18.153295516967773
313000000003,0.0,0.1,0.3,17.412874221801758,18.20121383666992
313000000003,0.0,0.2,0.3,17.415063858032227,18.28022575378418
313000000003,0.0,0.3,0.3,17.329593658447266,17.58319854736328
313000000003,0.0,0.4,0.3,17.325218200683594,18.30749893188477
313000000003,0.0,0.5,0.3,17.327932357788086,19.148496627807617
313000000003,0.0,0.6,0.3,16.86716079711914,19.312875747680664
313000000003,0.0,0.7,0.3,16.441434860229492,19.68589782714844
313000000003,0.0,0.8,0.3,15.37677764892578,20.28648567199707
313000000003,0.0,0.9,0.3,13.6915864944458,19.65664863586425
313000000003,0.0,1.0,0.3,13.012146949768066,20.17847442626953
313000000004,0.0,0.0,0.3,23.598716735839844,12.637933731079102
313000000004,0.0,0.1,0.3,23.593624114990234,13.953781127929688
313000000004,0.0,0.2,0.3,23.58058357238769,12.703317642211914
313000000004,0.0,0.3,0.3,23.138126373291016,14.34223175048828
313000000004,0.0,0.4,0.3,22.74342536926269,15.628978729248049
313000000004,0.0,0.5,0.3,21.94031143188477,17.263254165649414
313000000004,0.0,0.6,0.3,20.766691207885746,16.340423583984375
313000000004,0.0,0.7,0.3,16.5755672454834,14.59017848968506
313000000004,0.0,0.8,0.3,14.963509559631348,19.06116104125977
313000000004,0.0,0.9,0.3,14.535411834716797,18.53986549377441
313000000004,0.0,1.0,0.3,14.609711647033691,19.28762435913086
313000000005,0.0,0.0,0.3,21.799537658691406,13.07656478881836
313000000005,0.0,0.1,0.3,21.796253204345703,12.91069793701172
313000000005,0.0,0.2,0.3,21.799053192138672,12.826204299926758
313000000005,0.0,0.3,0.3,21.73782730102539,12.760543823242188
313000000005,0.0,0.4,0.3,21.62874794006348,12.063753128051758
313000000005,0.0,0.5,0.3,21.13421440124512,13.315937042236328
313000000005,0.0,0.6,0.3,20.73167991638184,13.628384590148926
313000000005,0.0,0.7,0.3,18.501121520996094,12.66420078277588
313000000005,0.0,0.8,0.3,16.766630172729492,13.393669128417969
313000000005,0.0,0.9,0.3,15.779925346374512,13.22604751586914
313000000005,0.0,1.0,0.3,14.392876625061035,15.950228691101074
313000000006,0.0,0.0,0.3,24.586429595947266,19.57776641845703
313000000006,0.0,0.1,0.3,24.58489990234375,19.38987159729004
313000000006,0.0,0.2,0.3,24.57065963745117,19.1199951171875
313000000006,0.0,0.3,0.3,24.49889373779297,19.10618782043457
313000000006,0.0,0.4,0.3,24.530595779418945,19.218196868896484
313000000006,0.0,0.5,0.3,24.10910415649414,18.995485305786133
313000000006,0.0,0.6,0.3,23.35701942443848,17.68981170654297
313000000006,0.0,0.7,0.3,21.321531295776367,16.58281898498535
313000000006,0.0,0.8,0.3,16.3453311920166,18.578746795654297
313000000006,0.0,0.9,0.3,15.240375518798828,18.593233108520508
313000000006,0.0,1.0,0.3,15.589459419250488,21.30368423461914
313000000007,0.0,0.0,0.3,21.557950973510746,19.39998435974121
313000000007,0.0,0.1,0.3,21.56225204467773,19.810657501220703
313000000007,0.0,0.2,0.3,21.554651260375977,20.332996368408203
313000000007,0.0,0.3,0.3,21.38384437561035,19.86324691772461
313000000007,0.0,0.4,0.3,21.13457298278809,23.170211791992188
313000000007,0.0,0.5,0.3,20.723657608032227,21.832143783569336
313000000007,0.0,0.6,0.3,20.752668380737305,20.852094650268555
313000000007,0.0,0.7,0.3,19.784080505371094,20.63504219055176
313000000007,0.0,0.8,0.3,19.93810272216797,21.2253360748291
313000000007,0.0,0.9,0.3,18.03067970275879,24.083526611328125
313000000007,0.0,1.0,0.3,16.634029388427734,22.60716819763184
313000000008,0.0,0.0,0.3,23.08806800842285,11.879571914672852
313000000008,0.0,0.1,0.3,23.09394073486328,11.686484336853027
313000000008,0.0,0.2,0.3,23.077970504760746,12.01996612548828
313000000008,0.0,0.3,0.3,22.921375274658203,12.409818649291992
313000000008,0.0,0.4,0.3,22.60796356201172,14.46793270111084
313000000008,0.0,0.5,0.3,21.84638977050781,13.257601737976074
313000000008,0.0,0.6,0.3,21.66069984436035,10.543285369873049
313000000008,0.0,0.7,0.3,21.29910087585449,16.810083389282227
313000000008,0.0,0.8,0.3,20.68304443359375,11.64348030090332
313000000008,0.0,0.9,0.3,19.50467109680176,20.82023048400879
313000000008,0.0,1.0,0.3,20.0762939453125,17.799802780151367
313000000009,0.0,0.0,0.3,23.55953025817871,10.020383834838867
313000000009,0.0,0.1,0.3,23.53822326660156,10.306715965270996
313000000009,0.0,0.2,0.3,23.51758575439453,10.4647855758667
313000000009,0.0,0.3,0.3,23.436843872070312,10.297507286071776
313000000009,0.0,0.4,0.3,23.22604179382324,11.048396110534668
313000000009,0.0,0.5,0.3,22.4230899810791,21.47577476501465
313000000009,0.0,0.6,0.3,22.30956268310547,19.498367309570312
313000000009,0.0,0.7,0.3,22.0644588470459,18.43489646911621
313000000009,0.0,0.8,0.3,20.245874404907227,20.48271942138672
313000000009,0.0,0.9,0.3,18.84896278381348,17.20442771911621
313000000009,0.0,1.0,0.3,17.71149444580078,15.727755546569824
314000000000,0.0,0.0,0.3,24.67896270751953,16.062719345092773
314000000000,0.0,0.1,0.3,24.671205520629883,16.083942413330078
314000000000,0.0,0.2,0.3,24.6667423248291,16.102115631103516
314000000000,0.0,0.3,0.3,24.58710289001465,16.024211883544922
314000000000,0.0,0.4,0.3,24.448118209838867,16.094928741455078
314000000000,0.0,0.5,0.3,23.830066680908203,16.14971923828125
314000000000,0.0,0.6,0.3,22.967071533203125,16.222675323486328
314000000000,0.0,0.7,0.3,21.70611000061035,16.515499114990234
314000000000,0.0,0.8,0.3,20.686464309692383,16.100603103637695
314000000000,0.0,0.9,0.3,16.87765121459961,16.80575942993164
314000000000,0.0,1.0,0.3,13.717501640319824,16.024826049804688
314000000001,0.0,0.0,0.3,25.24399948120117,14.69080924987793
314000000001,0.0,0.1,0.3,25.2282829284668,14.49289608001709
314000000001,0.0,0.2,0.3,25.161869049072266,14.745271682739258
314000000001,0.0,0.3,0.3,25.01041603088379,15.523931503295898
314000000001,0.0,0.4,0.3,24.58868789672852,14.92098903656006
314000000001,0.0,0.5,0.3,24.60104179382324,15.972820281982422
314000000001,0.0,0.6,0.3,22.64219665527344,16.065698623657227
314000000001,0.0,0.7,0.3,19.61506462097168,20.089075088500977
314000000001,0.0,0.8,0.3,19.57671356201172,20.45789337158203
314000000001,0.0,0.9,0.3,19.508657455444336,21.365901947021484
314000000001,0.0,1.0,0.3,15.44007968902588,19.57474708557129
314000000002,0.0,0.0,0.3,24.247722625732425,20.16454696655273
314000000002,0.0,0.1,0.3,24.216007232666016,20.46551513671875
314000000002,0.0,0.2,0.3,24.12657928466797,20.86763381958008
314000000002,0.0,0.3,0.3,23.977344512939453,19.99692726135254
314000000002,0.0,0.4,0.3,23.70504570007324,19.38902473449707
314000000002,0.0,0.5,0.3,23.34433555603028,19.454769134521484
314000000002,0.0,0.6,0.3,22.84688377380371,21.83481979370117
314000000002,0.0,0.7,0.3,22.039989471435547,20.960498809814453
314000000002,0.0,0.8,0.3,20.020294189453125,22.61455726623535
314000000002,0.0,0.9,0.3,17.31807518005371,21.53235626220703
314000000002,0.0,1.0,0.3,14.376484870910645,22.562644958496094
314000000003,0.0,0.0,0.3,18.56738471984864,21.48234367370605
314000000003,0.0,0.1,0.3,18.56315994262696,21.22471237182617
314000000003,0.0,0.2,0.3,18.55206298828125,21.31506729125977
314000000003,0.0,0.3,0.3,18.47250747680664,21.442079544067383
314000000003,0.0,0.4,0.3,18.39554977416992,20.18251609802246
314000000003,0.0,0.5,0.3,18.188152313232425,19.453582763671875
314000000003,0.0,0.6,0.3,17.980297088623047,20.6260986328125
314000000003,0.0,0.7,0.3,17.69217872619629,18.605514526367188
314000000003,0.0,0.8,0.3,17.66408920288086,20.59731674194336
314000000003,0.0,0.9,0.3,17.654239654541016,17.629024505615234
314000000003,0.0,1.0,0.3,17.42251968383789,19.89779663085937
314000000004,0.0,0.0,0.3,21.538867950439453,23.156980514526367
314000000004,0.0,0.1,0.3,21.53706169128418,23.851247787475582
314000000004,0.0,0.2,0.3,21.534542083740234,23.39873504638672
314000000004,0.0,0.3,0.3,21.50032997131348,23.272878646850582
314000000004,0.0,0.4,0.3,21.42778968811035,25.08013916015625
314000000004,0.0,0.5,0.3,21.408611297607425,24.60888671875
314000000004,0.0,0.6,0.3,21.150440216064453,23.487913131713867
314000000004,0.0,0.7,0.3,20.273054122924805,24.890804290771484
314000000004,0.0,0.8,0.3,19.9437313079834,24.91067123413086
314000000004,0.0,0.9,0.3,19.56362533569336,25.18446350097656
314000000004,0.0,1.0,0.3,18.85428810119629,25.332910537719727
314000000005,0.0,0.0,0.3,22.540401458740234,22.201038360595703
314000000005,0.0,0.1,0.3,22.53594970703125,22.755327224731445
314000000005,0.0,0.2,0.3,22.53099822998047,22.031726837158203
314000000005,0.0,0.3,0.3,22.42811584472656,22.09628677368164
314000000005,0.0,0.4,0.3,22.31883811950684,22.90448570251465
314000000005,0.0,0.5,0.3,22.011293411254883,22.234769821166992
314000000005,0.0,0.6,0.3,21.1234073638916,22.535091400146484
314000000005,0.0,0.7,0.3,18.688945770263672,20.21887588500977
314000000005,0.0,0.8,0.3,18.840023040771484,21.146913528442383
314000000005,0.0,0.9,0.3,18.020732879638672,19.410552978515625
314000000005,0.0,1.0,0.3,17.686420440673828,20.665847778320312
314000000006,0.0,0.0,0.3,20.31620979309082,20.666030883789062
314000000006,0.0,0.1,0.3,20.30744743347168,20.618452072143555
314000000006,0.0,0.2,0.3,20.26248359680176,20.642194747924805
314000000006,0.0,0.3,0.3,20.21415328979492,20.644577026367188
314000000006,0.0,0.4,0.3,20.214962005615234,20.98375701904297
314000000006,0.0,0.5,0.3,20.208860397338867,21.12725830078125
314000000006,0.0,0.6,0.3,19.85312461853028,24.454530715942383
314000000006,0.0,0.7,0.3,19.629243850708008,21.31512451171875
314000000006,0.0,0.8,0.3,17.121536254882812,20.14391326904297
314000000006,0.0,0.9,0.3,18.155622482299805,20.451047897338867
314000000006,0.0,1.0,0.3,17.945045471191406,19.33231544494629
314000000007,0.0,0.0,0.3,19.298471450805664,17.269975662231445
314000000007,0.0,0.1,0.3,19.29931640625,17.159454345703125
314000000007,0.0,0.2,0.3,19.25530433654785,16.104066848754883
314000000007,0.0,0.3,0.3,18.9990177154541,15.208980560302734
314000000007,0.0,0.4,0.3,18.2297306060791,14.397849082946776
314000000007,0.0,0.5,0.3,17.73946762084961,18.049728393554688
314000000007,0.0,0.6,0.3,17.8797550201416,18.818906784057617
314000000007,0.0,0.7,0.3,17.453144073486328,16.781906127929688
314000000007,0.0,0.8,0.3,17.187931060791016,17.447525024414062
314000000007,0.0,0.9,0.3,16.574249267578125,17.295551300048828
314000000007,0.0,1.0,0.3,15.864250183105469,17.455629348754883
314000000008,0.0,0.0,0.3,20.93448829650879,16.87847137451172
314000000008,0.0,0.1,0.3,20.92760467529297,17.006887435913086
314000000008,0.0,0.2,0.3,20.87493133544922,17.409860610961914
314000000008,0.0,0.3,0.3,20.766063690185547,17.514907836914062
314000000008,0.0,0.4,0.3,20.64084243774414,18.335363388061523
314000000008,0.0,0.5,0.3,19.60210418701172,18.46772193908692
314000000008,0.0,0.6,0.3,20.106237411499023,17.863576889038086
314000000008,0.0,0.7,0.3,19.85908508300781,17.59318733215332
314000000008,0.0,0.8,0.3,18.783132553100582,17.864967346191406
314000000008,0.0,0.9,0.3,17.755483627319336,17.276784896850586
314000000008,0.0,1.0,0.3,17.950044631958008,17.400768280029297
314000000009,0.0,0.0,0.3,16.193986892700195,19.69020271301269
314000000009,0.0,0.1,0.3,16.196258544921875,19.563644409179688
314000000009,0.0,0.2,0.3,16.191390991210938,19.431900024414062
314000000009,0.0,0.3,0.3,16.09417724609375,19.500776290893555
314000000009,0.0,0.4,0.3,15.917738914489746,18.601221084594727
314000000009,0.0,0.5,0.3,15.724979400634766,20.507030487060547
314000000009,0.0,0.6,0.3,15.187207221984863,19.67121696472168
314000000009,0.0,0.7,0.3,14.415083885192873,15.606096267700195
314000000009,0.0,0.8,0.3,14.620996475219728,21.33773803710937
314000000009,0.0,0.9,0.3,14.81314182281494,15.873411178588867
314000000009,0.0,1.0,0.3,13.398111343383787,18.010324478149414
321000000000,0.0,0.0,0.3,22.942333221435547,11.839069366455078
321000000000,0.0,0.1,0.3,22.960384368896484,12.93643283843994
321000000000,0.0,0.2,0.3,22.88541412353516,12.95814323425293
321000000000,0.0,0.3,0.3,22.64772224426269,12.32193374633789
321000000000,0.0,0.4,0.3,22.460922241210938,12.109403610229492
321000000000,0.0,0.5,0.3,21.88011741638184,12.69572639465332
321000000000,0.0,0.6,0.3,21.15007972717285,15.013277053833008
321000000000,0.0,0.7,0.3,18.24990463256836,17.446870803833008
321000000000,0.0,0.8,0.3,18.625524520874023,16.775165557861328
321000000000,0.0,0.9,0.3,18.63325500488281,12.228781700134276
321000000000,0.0,1.0,0.3,18.969385147094727,12.416275024414062
321000000001,0.0,0.0,0.3,20.969947814941406,14.238168716430664
321000000001,0.0,0.1,0.3,20.973482131958008,14.065731048583984
321000000001,0.0,0.2,0.3,20.86506462097168,14.27050495147705
321000000001,0.0,0.3,0.3,20.531702041625977,13.946527481079102
321000000001,0.0,0.4,0.3,20.02032470703125,13.953449249267578
321000000001,0.0,0.5,0.3,19.68239021301269,12.822553634643556
321000000001,0.0,0.6,0.3,18.636381149291992,14.225859642028809
321000000001,0.0,0.7,0.3,17.36642074584961,14.415301322937012
321000000001,0.0,0.8,0.3,16.396100997924805,18.13044548034668
321000000001,0.0,0.9,0.3,16.314693450927734,18.2456283569336
321000000001,0.0,1.0,0.3,14.72988510131836,18.0631160736084
321000000002,0.0,0.0,0.3,16.9068603515625,22.78434181213379
321000000002,0.0,0.1,0.3,16.904874801635742,22.80243682861328
321000000002,0.0,0.2,0.3,16.901962280273438,21.99588394165039
321000000002,0.0,0.3,0.3,16.88706398010254,22.93478775024414
321000000002,0.0,0.4,0.3,16.865619659423828,24.360063552856445
321000000002,0.0,0.5,0.3,16.817825317382812,25.574541091918945
321000000002,0.0,0.6,0.3,16.854124069213867,25.747358322143555
321000000002,0.0,0.7,0.3,16.812562942504883,22.544469833374023
321000000002,0.0,0.8,0.3,16.747581481933594,26.48161697387696
321000000002,0.0,0.9,0.3,16.67885971069336,27.48365020751953
321000000002,0.0,1.0,0.3,16.372629165649414,25.102373123168945
321000000003,0.0,0.0,0.3,23.690874099731445,13.777682304382324
321000000003,0.0,0.1,0.3,23.72676658630371,14.237801551818848
321000000003,0.0,0.2,0.3,23.76801872253418,14.27572250366211
321000000003,0.0,0.3,0.3,23.56338119506836,14.265264511108398
321000000003,0.0,0.4,0.3,23.31757354736328,15.019680976867676
321000000003,0.0,0.5,0.3,22.808349609375,15.37331485748291
321000000003,0.0,0.6,0.3,21.00458526611328,15.915542602539062
321000000003,0.0,0.7,0.3,20.24860572814941,14.573075294494627
321000000003,0.0,0.8,0.3,17.127159118652344,22.463911056518555
321000000003,0.0,0.9,0.3,15.943951606750488,14.534838676452637
321000000003,0.0,1.0,0.3,15.014275550842283,16.45568084716797
321000000004,0.0,0.0,0.3,19.11117553710937,11.56699275970459
321000000004,0.0,0.1,0.3,19.10957717895508,11.734756469726562
321000000004,0.0,0.2,0.3,19.09163856506348,11.687273979187012
321000000004,0.0,0.3,0.3,19.016468048095703,11.699851989746094
321000000004,0.0,0.4,0.3,18.7041015625,14.475663185119627
321000000004,0.0,0.5,0.3,18.348657608032227,14.944036483764648
321000000004,0.0,0.6,0.3,17.377769470214844,14.661264419555664
321000000004,0.0,0.7,0.3,16.62529182434082,16.128019332885742
321000000004,0.0,0.8,0.3,18.169898986816406,12.614020347595217
321000000004,0.0,0.9,0.3,17.505624771118164,16.585853576660156
321000000004,0.0,1.0,0.3,15.297564506530762,12.7416353225708
321000000005,0.0,0.0,0.3,22.815717697143555,7.620395660400391
321000000005,0.0,0.1,0.3,22.805360794067383,7.5319671630859375
321000000005,0.0,0.2,0.3,22.70721435546875,7.471591949462891
321000000005,0.0,0.3,0.3,22.4771728515625,7.658833503723144
321000000005,0.0,0.4,0.3,22.0490951538086,7.588033199310303
321000000005,0.0,0.5,0.3,21.4293155670166,7.784636497497559
321000000005,0.0,0.6,0.3,19.441495895385746,7.681021213531494
321000000005,0.0,0.7,0.3,18.89309501647949,8.887656211853027
321000000005,0.0,0.8,0.3,17.038341522216797,12.850356101989746
321000000005,0.0,0.9,0.3,15.16394329071045,16.329265594482422
321000000005,0.0,1.0,0.3,14.956966400146484,10.091465950012209
321000000006,0.0,0.0,0.3,23.04177474975586,14.895346641540527
321000000006,0.0,0.1,0.3,22.944536209106445,15.340693473815918
321000000006,0.0,0.2,0.3,22.709402084350582,14.632813453674316
321000000006,0.0,0.3,0.3,22.223783493041992,14.710253715515137
321000000006,0.0,0.4,0.3,21.83377456665039,15.681889533996582
321000000006,0.0,0.5,0.3,21.03417015075684,13.026909828186035
321000000006,0.0,0.6,0.3,19.990949630737305,11.70634937286377
321000000006,0.0,0.7,0.3,19.07766342163086,18.679363250732425
321000000006,0.0,0.8,0.3,17.85788345336914,19.4920711517334
321000000006,0.0,0.9,0.3,15.9620361328125,16.957988739013672
321000000006,0.0,1.0,0.3,13.99835968017578,17.58278465270996
321000000007,0.0,0.0,0.3,20.12745857238769,14.889958381652832
321000000007,0.0,0.1,0.3,20.10209274291992,14.940841674804688
321000000007,0.0,0.2,0.3,20.007905960083008,14.604812622070312
321000000007,0.0,0.3,0.3,19.751882553100582,14.795745849609377
321000000007,0.0,0.4,0.3,19.54713630676269,15.329805374145508
321000000007,0.0,0.5,0.3,18.95566749572754,15.384838104248049
321000000007,0.0,0.6,0.3,16.092069625854492,14.640283584594728
321000000007,0.0,0.7,0.3,14.789986610412598,15.25900650024414
321000000007,0.0,0.8,0.3,14.365610122680664,13.89736270904541
321000000007,0.0,0.9,0.3,14.628006935119627,10.557489395141602
321000000007,0.0,1.0,0.3,14.445670127868652,12.819602966308594
321000000008,0.0,0.0,0.3,16.457937240600586,18.449281692504883
321000000008,0.0,0.1,0.3,16.450429916381836,19.20273208618164
321000000008,0.0,0.2,0.3,16.431026458740234,19.86626434326172
321000000008,0.0,0.3,0.3,16.343120574951172,19.953065872192383
321000000008,0.0,0.4,0.3,16.24818992614746,22.36435508728028
321000000008,0.0,0.5,0.3,15.96180820465088,22.44829750061035
321000000008,0.0,0.6,0.3,15.535616874694824,24.295053482055664
321000000008,0.0,0.7,0.3,14.996858596801758,21.77824211120605
321000000008,0.0,0.8,0.3,15.09658145904541,13.94848346710205
321000000008,0.0,0.9,0.3,14.692811012268066,21.684574127197266
321000000008,0.0,1.0,0.3,13.904451370239258,19.045135498046875
321000000009,0.0,0.0,0.3,24.8150634765625,24.694868087768555
321000000009,0.0,0.1,0.3,24.81852912902832,24.10553932189941
321000000009,0.0,0.2,0.3,24.827238082885746,24.1153621673584
321000000009,0.0,0.3,0.3,24.73006057739257,24.993635177612305
321000000009,0.0,0.4,0.3,24.4000301361084,24.753070831298828
321000000009,0.0,0.5,0.3,23.44475746154785,23.668359756469727
321000000009,0.0,0.6,0.3,24.50902557373047,24.298837661743164
321000000009,0.0,0.7,0.3,23.37125587463379,21.32697486877441
321000000009,0.0,0.8,0.3,22.332826614379883,20.56779670715332
321000000009,0.0,0.9,0.3,22.710243225097656,21.56892776489257
321000000009,0.0,1.0,0.3,22.304101943969727,19.06092071533203
322000000000,0.0,0.0,0.3,21.90034294128418,12.902469635009766
322000000000,0.0,0.1,0.3,21.880348205566406,12.78376579284668
322000000000,0.0,0.2,0.3,21.81181907653809,12.38673496246338
322000000000,0.0,0.3,0.3,21.53124618530273,14.862863540649414
322000000000,0.0,0.4,0.3,21.58433532714844,13.124253273010254
322000000000,0.0,0.5,0.3,21.18980407714844,13.491196632385254
322000000000,0.0,0.6,0.3,20.414066314697266,13.446934700012209
322000000000,0.0,0.7,0.3,19.0520076751709,17.731624603271484
322000000000,0.0,0.8,0.3,18.1628475189209,15.376893043518066
322000000000,0.0,0.9,0.3,16.893245697021484,17.357250213623047
322000000000,0.0,1.0,0.3,17.357906341552734,17.372272491455078
322000000001,0.0,0.0,0.3,21.705337524414062,8.301566123962402
322000000001,0.0,0.1,0.3,21.696823120117188,8.188775062561035
322000000001,0.0,0.2,0.3,21.672344207763672,8.130364418029785
322000000001,0.0,0.3,0.3,21.575319290161133,8.440731048583984
322000000001,0.0,0.4,0.3,21.29700088500977,7.053803443908691
322000000001,0.0,0.5,0.3,21.175439834594727,8.583455085754395
322000000001,0.0,0.6,0.3,19.20844078063965,11.21829319000244
322000000001,0.0,0.7,0.3,17.689716339111328,10.176560401916504
322000000001,0.0,0.8,0.3,15.692896842956545,14.374783515930176
322000000001,0.0,0.9,0.3,14.661781311035156,12.859333992004396
322000000001,0.0,1.0,0.3,15.480252265930176,11.018940925598145
322000000002,0.0,0.0,0.3,22.33023262023925,9.13413906097412
322000000002,0.0,0.1,0.3,22.34441566467285,7.374163627624512
322000000002,0.0,0.2,0.3,22.28411865234375,7.604794979095459
322000000002,0.0,0.3,0.3,22.05826187133789,12.502182960510254
322000000002,0.0,0.4,0.3,21.82162857055664,9.329078674316406
322000000002,0.0,0.5,0.3,21.541303634643555,8.478790283203125
322000000002,0.0,0.6,0.3,20.95311164855957,9.004185676574707
322000000002,0.0,0.7,0.3,19.39292335510254,10.10433864593506
322000000002,0.0,0.8,0.3,17.1519775390625,8.135651588439941
322000000002,0.0,0.9,0.3,17.28531265258789,11.472773551940918
322000000002,0.0,1.0,0.3,15.843945503234863,8.79416561126709
322000000003,0.0,0.0,0.3,25.45506477355957,8.436058044433594
322000000003,0.0,0.1,0.3,25.46174430847168,9.430153846740724
322000000003,0.0,0.2,0.3,25.456933975219727,10.433460235595703
322000000003,0.0,0.3,0.3,25.404800415039062,10.959670066833496
322000000003,0.0,0.4,0.3,25.34713554382324,10.165349006652832
322000000003,0.0,0.5,0.3,24.31064796447754,5.148097038269043
322000000003,0.0,0.6,0.3,24.40528106689453,6.923182964324951
322000000003,0.0,0.7,0.3,24.503406524658203,9.768756866455078
322000000003,0.0,0.8,0.3,23.38898658752441,8.388134956359863
322000000003,0.0,0.9,0.3,21.16534805297852,9.104883193969728
322000000003,0.0,1.0,0.3,19.63734436035156,15.750702857971191
322000000004,0.0,0.0,0.3,22.46125030517578,16.795015335083008
322000000004,0.0,0.1,0.3,22.457443237304688,16.775903701782227
322000000004,0.0,0.2,0.3,22.450166702270508,16.428905487060547
322000000004,0.0,0.3,0.3,22.401386260986328,15.73889446258545
322000000004,0.0,0.4,0.3,22.2977352142334,14.987913131713867
322000000004,0.0,0.5,0.3,21.829879760742188,17.26903533935547
322000000004,0.0,0.6,0.3,21.42014503479004,17.19562339782715
322000000004,0.0,0.7,0.3,20.409120559692383,15.120710372924805
322000000004,0.0,0.8,0.3,19.495193481445312,15.8734130859375
322000000004,0.0,0.9,0.3,18.85858154296875,15.87074089050293
322000000004,0.0,1.0,0.3,17.574655532836914,13.98813533782959
322000000005,0.0,0.0,0.3,21.591806411743164,16.89327049255371
322000000005,0.0,0.1,0.3,21.584821701049805,17.173072814941406
322000000005,0.0,0.2,0.3,21.5449447631836,16.044055938720703
322000000005,0.0,0.3,0.3,21.287330627441406,17.065481185913086
322000000005,0.0,0.4,0.3,21.041513442993164,16.806724548339844
322000000005,0.0,0.5,0.3,20.54279327392578,17.46058464050293
322000000005,0.0,0.6,0.3,18.034109115600582,17.626413345336914
322000000005,0.0,0.7,0.3,18.08808708190918,20.02635383605957
322000000005,0.0,0.8,0.3,16.871967315673828,19.89834976196289
322000000005,0.0,0.9,0.3,15.266743659973145,19.69535255432129
322000000005,0.0,1.0,0.3,13.53596019744873,19.714738845825195
322000000006,0.0,0.0,0.3,25.76517868041992,14.913362503051758
322000000006,0.0,0.1,0.3,25.739730834960938,14.550158500671388
322000000006,0.0,0.2,0.3,25.66753578186035,14.44890022277832
322000000006,0.0,0.3,0.3,25.385406494140625,13.451905250549316
322000000006,0.0,0.4,0.3,24.84111595153809,13.737091064453123
322000000006,0.0,0.5,0.3,23.61358070373535,14.57282257080078
322000000006,0.0,0.6,0.3,22.75863075256348,13.483309745788574
322000000006,0.0,0.7,0.3,19.759281158447266,13.522538185119627
322000000006,0.0,0.8,0.3,18.184303283691406,12.866531372070312
322000000006,0.0,0.9,0.3,14.450100898742676,16.0838565826416
322000000006,0.0,1.0,0.3,12.792750358581545,14.11695957183838
322000000007,0.0,0.0,0.3,18.59834098815918,10.907144546508787
322000000007,0.0,0.1,0.3,18.59964370727539,12.10484790802002
322000000007,0.0,0.2,0.3,18.566293716430664,10.85416030883789
322000000007,0.0,0.3,0.3,18.434755325317383,10.589372634887695
322000000007,0.0,0.4,0.3,18.13573265075684,10.129852294921877
322000000007,0.0,0.5,0.3,17.84539031982422,9.162760734558104
322000000007,0.0,0.6,0.3,17.03523063659668,12.668792724609377
322000000007,0.0,0.7,0.3,16.09134864807129,20.60244369506836
322000000007,0.0,0.8,0.3,14.680973052978516,13.89123821258545
322000000007,0.0,0.9,0.3,15.92433261871338,10.37466049194336
322000000007,0.0,1.0,0.3,14.095364570617676,9.551091194152832
322000000008,0.0,0.0,0.3,20.25236892700196,18.39220428466797
322000000008,0.0,0.1,0.3,20.25202369689941,17.794349670410156
322000000008,0.0,0.2,0.3,20.245880126953125,17.437063217163086
322000000008,0.0,0.3,0.3,20.187997817993164,18.75595664978028
322000000008,0.0,0.4,0.3,19.955799102783203,17.010297775268555
322000000008,0.0,0.5,0.3,19.88128471374512,17.816139221191406
322000000008,0.0,0.6,0.3,19.696165084838867,17.465377807617188
322000000008,0.0,0.7,0.3,18.337133407592773,17.679744720458984
322000000008,0.0,0.8,0.3,17.615415573120117,18.0670166015625
322000000008,0.0,0.9,0.3,16.8958797454834,22.11717414855957
322000000008,0.0,1.0,0.3,17.858551025390625,24.089649200439453
322000000009,0.0,0.0,0.3,22.645526885986328,10.566648483276367
322000000009,0.0,0.1,0.3,22.64583969116211,10.498663902282717
322000000009,0.0,0.2,0.3,22.63979148864746,10.932709693908691
322000000009,0.0,0.3,0.3,22.587831497192383,10.647903442382812
322000000009,0.0,0.4,0.3,22.43230628967285,9.801122665405272
322000000009,0.0,0.5,0.3,22.30941772460937,9.661706924438477
322000000009,0.0,0.6,0.3,21.93528938293457,8.67418384552002
322000000009,0.0,0.7,0.3,21.1198844909668,7.138705253601074
322000000009,0.0,0.8,0.3,20.49295234680176,11.646051406860352
322000000009,0.0,0.9,0.3,18.76311111450196,10.766276359558104
322000000009,0.0,1.0,0.3,16.683380126953125,14.351065635681152
323000000000,0.0,0.0,0.3,23.399030685424805,23.198148727416992
323000000000,0.0,0.1,0.3,23.395801544189453,23.915016174316406
323000000000,0.0,0.2,0.3,23.389413833618164,23.39450454711914
323000000000,0.0,0.3,0.3,23.34169578552246,23.841676712036133
323000000000,0.0,0.4,0.3,22.85043907165528,23.236312866210938
323000000000,0.0,0.5,0.3,22.34383010864257,23.22379875183105
323000000000,0.0,0.6,0.3,21.051239013671875,21.75161361694336
323000000000,0.0,0.7,0.3,20.181001663208008,16.329282760620117
323000000000,0.0,0.8,0.3,18.235593795776367,19.52283096313477
323000000000,0.0,0.9,0.3,17.17710304260254,22.536745071411133
323000000000,0.0,1.0,0.3,16.87319564819336,11.940458297729492
323000000001,0.0,0.0,0.3,23.04998588562012,9.11729335784912
323000000001,0.0,0.1,0.3,23.04620933532715,9.069890975952148
323000000001,0.0,0.2,0.3,23.05754280090332,9.563149452209473
323000000001,0.0,0.3,0.3,23.04547500610352,9.6076078414917
323000000001,0.0,0.4,0.3,22.891719818115234,11.50012493133545
323000000001,0.0,0.5,0.3,22.974708557128903,9.043184280395508
323000000001,0.0,0.6,0.3,22.855201721191406,9.290069580078123
323000000001,0.0,0.7,0.3,21.14045143127441,10.312969207763672
323000000001,0.0,0.8,0.3,20.70980453491211,10.814030647277832
323000000001,0.0,0.9,0.3,17.66912841796875,8.327716827392578
323000000001,0.0,1.0,0.3,15.619467735290527,8.062064170837402
323000000002,0.0,0.0,0.3,20.35639762878418,28.47772216796875
323000000002,0.0,0.1,0.3,20.34540557861328,28.13329124450684
323000000002,0.0,0.2,0.3,20.325475692749023,27.716917037963867
323000000002,0.0,0.3,0.3,20.27727699279785,27.315061569213867
323000000002,0.0,0.4,0.3,20.2336540222168,27.768266677856445
323000000002,0.0,0.5,0.3,20.126407623291016,25.747745513916016
323000000002,0.0,0.6,0.3,20.148794174194336,26.76744842529297
323000000002,0.0,0.7,0.3,19.420312881469727,27.179014205932617
323000000002,0.0,0.8,0.3,18.153818130493164,22.03443717956543
323000000002,0.0,0.9,0.3,16.153982162475586,21.48995018005371
323000000002,0.0,1.0,0.3,15.299729347229004,23.204326629638672
323000000003,0.0,0.0,0.3,26.323246002197266,15.908804893493652
323000000003,0.0,0.1,0.3,26.366641998291016,15.71982765197754
323000000003,0.0,0.2,0.3,26.42612648010254,15.851792335510254
323000000003,0.0,0.3,0.3,26.30498313903809,15.388824462890623
323000000003,0.0,0.4,0.3,25.7631778717041,15.566741943359377
323000000003,0.0,0.5,0.3,25.502927780151367,15.42831802368164
323000000003,0.0,0.6,0.3,24.89303398132324,15.655194282531738
323000000003,0.0,0.7,0.3,21.12518119812012,19.11943626403809
323000000003,0.0,0.8,0.3,22.655237197875977,20.256561279296875
323000000003,0.0,0.9,0.3,18.538440704345703,22.806957244873047
323000000003,0.0,1.0,0.3,12.996225357055664,21.867156982421875
323000000004,0.0,0.0,0.3,19.041763305664062,15.8873291015625
323000000004,0.0,0.1,0.3,19.04726791381836,15.705280303955078
323000000004,0.0,0.2,0.3,19.02240943908692,14.946438789367676
323000000004,0.0,0.3,0.3,18.953840255737305,14.879480361938477
323000000004,0.0,0.4,0.3,18.79496955871582,17.885005950927734
323000000004,0.0,0.5,0.3,17.45219612121582,15.937009811401367
323000000004,0.0,0.6,0.3,15.345134735107422,20.401973724365234
323000000004,0.0,0.7,0.3,16.097204208374023,18.07678604125977
323000000004,0.0,0.8,0.3,16.813465118408203,18.231639862060547
323000000004,0.0,0.9,0.3,14.228450775146484,19.735864639282227
323000000004,0.0,1.0,0.3,13.49339199066162,19.41779327392578
323000000005,0.0,0.0,0.3,18.85330581665039,25.82331657409668
323000000005,0.0,0.1,0.3,18.853221893310547,25.77913475036621
323000000005,0.0,0.2,0.3,18.864551544189453,25.89102363586425
323000000005,0.0,0.3,0.3,18.86175537109375,26.02835273742676
323000000005,0.0,0.4,0.3,18.8426570892334,26.46278190612793
323000000005,0.0,0.5,0.3,18.777368545532227,26.2175521850586
323000000005,0.0,0.6,0.3,18.702587127685547,26.41839408874512
323000000005,0.0,0.7,0.3,18.56504821777344,26.372438430786133
323000000005,0.0,0.8,0.3,17.986961364746094,26.44864082336425
323000000005,0.0,0.9,0.3,17.544281005859375,26.472383499145508
323000000005,0.0,1.0,0.3,16.36469078063965,26.18703842163086
323000000006,0.0,0.0,0.3,22.37958526611328,16.87537384033203
323000000006,0.0,0.1,0.3,22.38949966430664,16.92315673828125
323000000006,0.0,0.2,0.3,22.41962432861328,16.93938446044922
323000000006,0.0,0.3,0.3,22.327726364135746,17.214553833007812
323000000006,0.0,0.4,0.3,22.071195602416992,17.026737213134766
323000000006,0.0,0.5,0.3,21.32657623291016,17.7509822845459
323000000006,0.0,0.6,0.3,20.43757438659668,17.966951370239258
323000000006,0.0,0.7,0.3,18.84928703308105,17.274967193603516
323000000006,0.0,0.8,0.3,16.586849212646484,20.323768615722656
323000000006,0.0,0.9,0.3,13.074620246887209,16.936866760253906
323000000006,0.0,1.0,0.3,12.62819766998291,23.86580467224121
323000000007,0.0,0.0,0.3,23.72858238220215,20.99997329711914
323000000007,0.0,0.1,0.3,23.725675582885746,21.103836059570312
323000000007,0.0,0.2,0.3,23.72003936767578,21.03308486938477
323000000007,0.0,0.3,0.3,23.58126640319824,20.42779922485352
323000000007,0.0,0.4,0.3,23.24244880676269,20.43524169921875
323000000007,0.0,0.5,0.3,22.82003402709961,20.88099479675293
323000000007,0.0,0.6,0.3,22.459646224975582,20.340999603271484
323000000007,0.0,0.7,0.3,21.36148262023925,20.46699905395508
323000000007,0.0,0.8,0.3,20.31758117675781,20.014284133911133
323000000007,0.0,0.9,0.3,18.766319274902344,18.55314445495605
323000000007,0.0,1.0,0.3,18.054407119750977,17.66037368774414
323000000008,0.0,0.0,0.3,20.27563095092773,20.427095413208008
323000000008,0.0,0.1,0.3,20.277006149291992,20.54007911682129
323000000008,0.0,0.2,0.3,20.27159118652344,20.512575149536133
323000000008,0.0,0.3,0.3,20.288503646850582,20.86651992797852
323000000008,0.0,0.4,0.3,20.234350204467773,21.246007919311523
323000000008,0.0,0.5,0.3,20.07398796081543,20.858055114746094
323000000008,0.0,0.6,0.3,19.586036682128903,21.387819290161133
323000000008,0.0,0.7,0.3,19.02084350585937,22.298826217651367
323000000008,0.0,0.8,0.3,17.81107521057129,21.28366470336914
323000000008,0.0,0.9,0.3,15.22707462310791,22.41377258300781
323000000008,0.0,1.0,0.3,13.146077156066896,21.67125129699707
323000000009,0.0,0.0,0.3,20.210737228393555,14.03672695159912
323000000009,0.0,0.1,0.3,20.21069526672364,14.722657203674316
323000000009,0.0,0.2,0.3,20.21022224426269,13.748449325561523
323000000009,0.0,0.3,0.3,20.108341217041016,14.046356201171877
323000000009,0.0,0.4,0.3,19.82950019836425,12.16266632080078
323000000009,0.0,0.5,0.3,19.57640647888184,16.888872146606445
323000000009,0.0,0.6,0.3,18.847671508789062,19.66234970092773
323000000009,0.0,0.7,0.3,18.34734344482422,15.244826316833496
323000000009,0.0,0.8,0.3,17.92280387878418,15.404619216918944
323000000009,0.0,0.9,0.3,16.913074493408203,18.881834030151367
323000000009,0.0,1.0,0.3,14.896599769592283,16.410314559936523
324000000000,0.0,0.0,0.3,24.553747177124023,18.85920524597168
324000000000,0.0,0.1,0.3,24.55582427978516,18.65994644165039
324000000000,0.0,0.2,0.3,24.431575775146484,18.755521774291992
324000000000,0.0,0.3,0.3,23.71536636352539,18.925920486450195
324000000000,0.0,0.4,0.3,22.283048629760746,19.43801498413086
324000000000,0.0,0.5,0.3,21.962202072143555,19.306751251220703
324000000000,0.0,0.6,0.3,20.250537872314453,20.661001205444336
324000000000,0.0,0.7,0.3,17.161907196044922,24.190448760986328
324000000000,0.0,0.8,0.3,13.973662376403809,24.33024978637696
324000000000,0.0,0.9,0.3,12.550019264221191,26.85648727416992
324000000000,0.0,1.0,0.3,12.284993171691896,26.048009872436523
324000000001,0.0,0.0,0.3,23.39877319335937,25.279396057128903
324000000001,0.0,0.1,0.3,23.402175903320312,25.12625503540039
324000000001,0.0,0.2,0.3,23.386598587036133,25.29387092590332
324000000001,0.0,0.3,0.3,23.33473396301269,25.676986694335938
324000000001,0.0,0.4,0.3,23.31343650817871,25.53797149658203
324000000001,0.0,0.5,0.3,23.29686737060547,25.02218246459961
324000000001,0.0,0.6,0.3,23.199377059936523,25.3361930847168
324000000001,0.0,0.7,0.3,23.05109977722168,26.56011199951172
324000000001,0.0,0.8,0.3,22.75071144104004,26.411741256713867
324000000001,0.0,0.9,0.3,20.81072998046875,24.524688720703125
324000000001,0.0,1.0,0.3,19.172107696533203,25.558895111083984
324000000002,0.0,0.0,0.3,24.473756790161133,19.93570709228516
324000000002,0.0,0.1,0.3,24.42549705505371,20.025577545166016
324000000002,0.0,0.2,0.3,24.311548233032227,20.220535278320312
324000000002,0.0,0.3,0.3,23.86613655090332,20.431583404541016
324000000002,0.0,0.4,0.3,22.30349349975586,20.945619583129883
324000000002,0.0,0.5,0.3,21.342798233032227,24.11076545715332
324000000002,0.0,0.6,0.3,21.2197494506836,20.349666595458984
324000000002,0.0,0.7,0.3,20.10784721374512,20.309431076049805
324000000002,0.0,0.8,0.3,18.73613166809082,21.807748794555664
324000000002,0.0,0.9,0.3,17.760095596313477,24.016929626464844
324000000002,0.0,1.0,0.3,17.076950073242188,22.908111572265625
324000000003,0.0,0.0,0.3,22.85404396057129,18.192358016967773
324000000003,0.0,0.1,0.3,22.80005073547364,18.21368408203125
324000000003,0.0,0.2,0.3,22.66253471374512,21.127105712890625
324000000003,0.0,0.3,0.3,22.483718872070312,19.994495391845703
324000000003,0.0,0.4,0.3,22.15132713317871,19.372753143310547
324000000003,0.0,0.5,0.3,21.09334945678711,27.07766342163086
324000000003,0.0,0.6,0.3,20.124845504760746,25.03888702392578
324000000003,0.0,0.7,0.3,18.87324523925781,24.00495147705078
324000000003,0.0,0.8,0.3,18.370819091796875,19.47718811035156
324000000003,0.0,0.9,0.3,17.6302490234375,20.89030838012696
324000000003,0.0,1.0,0.3,17.18474006652832,22.614452362060547
324000000004,0.0,0.0,0.3,23.73317527770996,17.855628967285156
324000000004,0.0,0.1,0.3,23.718250274658203,17.422515869140625
324000000004,0.0,0.2,0.3,23.71487236022949,17.70048713684082
324000000004,0.0,0.3,0.3,23.64052391052246,18.57486724853516
324000000004,0.0,0.4,0.3,23.560535430908203,17.80259895324707
324000000004,0.0,0.5,0.3,23.512046813964844,17.813669204711914
324000000004,0.0,0.6,0.3,23.565818786621094,17.944053649902344
324000000004,0.0,0.7,0.3,23.532485961914062,18.139318466186523
324000000004,0.0,0.8,0.3,22.58108329772949,18.47793769836425
324000000004,0.0,0.9,0.3,20.10227394104004,17.910152435302734
324000000004,0.0,1.0,0.3,18.73395156860352,17.753490447998047
324000000005,0.0,0.0,0.3,24.010034561157227,18.05419540405273
324000000005,0.0,0.1,0.3,23.99925422668457,18.01880073547364
324000000005,0.0,0.2,0.3,23.97344017028809,18.18559837341309
324000000005,0.0,0.3,0.3,23.94213485717773,18.33524703979492
324000000005,0.0,0.4,0.3,23.90093421936035,17.664623260498047
324000000005,0.0,0.5,0.3,23.9602165222168,18.56891441345215
324000000005,0.0,0.6,0.3,24.02117729187012,18.42714500427246
324000000005,0.0,0.7,0.3,23.84989356994629,18.862268447875977
324000000005,0.0,0.8,0.3,23.546106338500977,18.361127853393555
324000000005,0.0,0.9,0.3,22.668710708618164,18.104528427124023
324000000005,0.0,1.0,0.3,19.84530258178711,17.991365432739258
324000000006,0.0,0.0,0.3,21.272159576416016,15.777935028076172
324000000006,0.0,0.1,0.3,21.287330627441406,15.258644104003906
324000000006,0.0,0.2,0.3,21.314594268798828,15.968504905700684
324000000006,0.0,0.3,0.3,21.22847366333008,15.413247108459473
324000000006,0.0,0.4,0.3,20.58716583251953,15.204754829406738
324000000006,0.0,0.5,0.3,20.27325820922852,16.04176139831543
324000000006,0.0,0.6,0.3,18.99882125854492,17.12122917175293
324000000006,0.0,0.7,0.3,18.708295822143555,16.07635498046875
324000000006,0.0,0.8,0.3,18.52698516845703,13.349810600280762
324000000006,0.0,0.9,0.3,15.586275100708008,15.499238967895508
324000000006,0.0,1.0,0.3,13.678214073181152,15.410682678222656
324000000007,0.0,0.0,0.3,17.414772033691406,22.63382339477539
324000000007,0.0,0.1,0.3,17.411457061767578,22.77647590637207
324000000007,0.0,0.2,0.3,17.394397735595703,22.618871688842773
324000000007,0.0,0.3,0.3,17.385515213012695,22.54754638671875
324000000007,0.0,0.4,0.3,17.34573745727539,22.52102279663086
324000000007,0.0,0.5,0.3,17.404300689697266,22.17938041687012
324000000007,0.0,0.6,0.3,17.339597702026367,22.484975814819336
324000000007,0.0,0.7,0.3,17.384517669677734,21.655929565429688
324000000007,0.0,0.8,0.3,17.100543975830078,23.20386505126953
324000000007,0.0,0.9,0.3,16.660696029663086,22.593307495117188
324000000007,0.0,1.0,0.3,15.069171905517578,24.093828201293945
324000000008,0.0,0.0,0.3,18.62843894958496,20.115854263305664
324000000008,0.0,0.1,0.3,18.62364959716797,19.95490264892578
324000000008,0.0,0.2,0.3,18.61263084411621,19.44316864013672
324000000008,0.0,0.3,0.3,18.57582664489746,19.53192138671875
324000000008,0.0,0.4,0.3,18.52093315124512,19.62506675720215
324000000008,0.0,0.5,0.3,18.4314193725586,20.34713554382324
324000000008,0.0,0.6,0.3,17.27609634399414,22.80312156677246
324000000008,0.0,0.7,0.3,16.245393753051758,22.48433303833008
324000000008,0.0,0.8,0.3,16.428361892700195,19.172748565673828
324000000008,0.0,0.9,0.3,16.485319137573242,20.490402221679688
324000000008,0.0,1.0,0.3,14.288639068603516,21.02532386779785
324000000009,0.0,0.0,0.3,19.016651153564453,13.007213592529297
324000000009,0.0,0.1,0.3,19.018234252929688,13.037676811218262
324000000009,0.0,0.2,0.3,19.00080680847168,13.252689361572266
324000000009,0.0,0.3,0.3,18.961576461791992,13.532916069030762
324000000009,0.0,0.4,0.3,18.885892868041992,12.858549118041992
324000000009,0.0,0.5,0.3,18.63673210144043,14.384958267211914
324000000009,0.0,0.6,0.3,18.217161178588867,13.921894073486328
324000000009,0.0,0.7,0.3,17.310659408569336,12.503775596618652
324000000009,0.0,0.8,0.3,17.30284881591797,14.141765594482422
324000000009,0.0,0.9,0.3,16.885316848754883,14.59233570098877
324000000009,0.0,1.0,0.3,15.508699417114258,13.236230850219728
411000000000,0.0,0.0,0.3,19.53441619873047,18.10916328430176
411000000000,0.0,0.1,0.3,19.5368881225586,17.940032958984375
411000000000,0.0,0.2,0.3,19.561824798583984,17.991374969482422
411000000000,0.0,0.3,0.3,19.56175994873047,17.89842414855957
411000000000,0.0,0.4,0.3,19.490243911743164,18.245615005493164
411000000000,0.0,0.5,0.3,19.41512107849121,17.92961883544922
411000000000,0.0,0.6,0.3,19.381319046020508,17.678579330444336
411000000000,0.0,0.7,0.3,19.01728820800781,17.810060501098633
411000000000,0.0,0.8,0.3,18.96110343933105,17.63783073425293
411000000000,0.0,0.9,0.3,17.29656982421875,18.13228988647461
411000000000,0.0,1.0,0.3,16.65113067626953,20.93195343017578
411000000001,0.0,0.0,0.3,19.17246437072754,24.33122634887696
411000000001,0.0,0.1,0.3,19.177711486816406,24.25474548339844
411000000001,0.0,0.2,0.3,19.185476303100582,23.877439498901367
411000000001,0.0,0.3,0.3,19.13496780395508,23.62417793273925
411000000001,0.0,0.4,0.3,19.058223724365234,24.05223846435547
411000000001,0.0,0.5,0.3,19.04804801940918,23.351640701293945
411000000001,0.0,0.6,0.3,18.78443717956543,22.52760505676269
411000000001,0.0,0.7,0.3,18.341211318969727,21.85587310791016
411000000001,0.0,0.8,0.3,18.236608505249023,23.760705947875977
411000000001,0.0,0.9,0.3,16.903379440307617,23.68660354614257
411000000001,0.0,1.0,0.3,15.997886657714844,25.751001358032227
411000000002,0.0,0.0,0.3,25.419273376464844,22.88479423522949
411000000002,0.0,0.1,0.3,25.41565704345703,22.97530746459961
411000000002,0.0,0.2,0.3,25.41279983520508,22.843521118164062
411000000002,0.0,0.3,0.3,25.417449951171875,22.965856552124023
411000000002,0.0,0.4,0.3,25.32365226745605,23.29289054870605
411000000002,0.0,0.5,0.3,25.095516204833984,23.2807846069336
411000000002,0.0,0.6,0.3,24.525983810424805,23.164382934570312
411000000002,0.0,0.7,0.3,23.63029861450196,23.29620361328125
411000000002,0.0,0.8,0.3,22.763628005981445,23.23301124572754
411000000002,0.0,0.9,0.3,20.212596893310547,24.294958114624023
411000000002,0.0,1.0,0.3,17.572357177734375,28.54446792602539
411000000003,0.0,0.0,0.3,21.16025733947754,23.306060791015625
411000000003,0.0,0.1,0.3,21.147140502929688,23.643354415893555
411000000003,0.0,0.2,0.3,21.10680389404297,23.979217529296875
411000000003,0.0,0.3,0.3,21.031503677368164,24.17064666748047
411000000003,0.0,0.4,0.3,20.841508865356445,23.707313537597656
411000000003,0.0,0.5,0.3,20.597835540771484,24.6112060546875
411000000003,0.0,0.6,0.3,20.41608047485352,23.42107009887696
411000000003,0.0,0.7,0.3,19.62167739868164,25.205928802490234
411000000003,0.0,0.8,0.3,18.29979133605957,24.532123565673828
411000000003,0.0,0.9,0.3,17.486190795898438,23.79153823852539
411000000003,0.0,1.0,0.3,15.977697372436523,23.49263572692871
411000000004,0.0,0.0,0.3,19.770750045776367,18.69159507751465
411000000004,0.0,0.1,0.3,19.760847091674805,18.65038299560547
411000000004,0.0,0.2,0.3,19.721179962158203,18.86860466003418
411000000004,0.0,0.3,0.3,19.595645904541016,18.66289710998535
411000000004,0.0,0.4,0.3,19.29927444458008,19.701982498168945
411000000004,0.0,0.5,0.3,18.809476852416992,19.85025405883789
411000000004,0.0,0.6,0.3,17.909595489501953,19.314809799194336
411000000004,0.0,0.7,0.3,17.52313232421875,19.59376335144043
411000000004,0.0,0.8,0.3,16.930418014526367,19.709157943725582
411000000004,0.0,0.9,0.3,16.462215423583984,20.142831802368164
411000000004,0.0,1.0,0.3,15.842535018920898,19.60687255859375
412000000000,0.0,0.0,0.3,24.47518348693848,20.08018493652344
412000000000,0.0,0.1,0.3,24.46977424621582,19.991498947143555
412000000000,0.0,0.2,0.3,24.4542179107666,19.78521728515625
412000000000,0.0,0.3,0.3,24.33305549621582,19.94172477722168
412000000000,0.0,0.4,0.3,24.25436782836914,19.050277709960938
412000000000,0.0,0.5,0.3,23.601362228393555,22.98081970214844
412000000000,0.0,0.6,0.3,22.4416732788086,21.123857498168945
412000000000,0.0,0.7,0.3,21.7407455444336,17.030487060546875
412000000000,0.0,0.8,0.3,21.015735626220703,18.36009788513184
412000000000,0.0,0.9,0.3,20.247621536254883,18.98452949523925
412000000000,0.0,1.0,0.3,17.695940017700195,18.703819274902344
412000000001,0.0,0.0,0.3,21.054452896118164,23.63429450988769
412000000001,0.0,0.1,0.3,21.04426002502441,23.569583892822266
412000000001,0.0,0.2,0.3,20.98342704772949,22.774150848388672
412000000001,0.0,0.3,0.3,20.80397605895996,22.488649368286133
412000000001,0.0,0.4,0.3,20.55730628967285,21.371118545532227
412000000001,0.0,0.5,0.3,20.18962478637696,20.27836799621582
412000000001,0.0,0.6,0.3,19.702186584472656,21.80495834350586
412000000001,0.0,0.7,0.3,18.48259735107422,22.90114974975586
412000000001,0.0,0.8,0.3,18.81382179260254,21.14310646057129
412000000001,0.0,0.9,0.3,17.176570892333984,23.64369201660156
412000000001,0.0,1.0,0.3,15.96658706665039,12.007001876831056
412000000002,0.0,0.0,0.3,19.959890365600582,17.70853614807129
412000000002,0.0,0.1,0.3,19.9516716003418,17.5762939453125
412000000002,0.0,0.2,0.3,19.912429809570312,17.17784881591797
412000000002,0.0,0.3,0.3,19.78920555114746,18.79558563232422
412000000002,0.0,0.4,0.3,19.389968872070312,21.20531845092773
412000000002,0.0,0.5,0.3,18.97710609436035,22.700624465942383
412000000002,0.0,0.6,0.3,18.376070022583008,22.41536903381348
412000000002,0.0,0.7,0.3,17.920122146606445,21.41912651062012
412000000002,0.0,0.8,0.3,15.622167587280272,21.992074966430664
412000000002,0.0,0.9,0.3,14.658777236938477,18.50791358947754
412000000002,0.0,1.0,0.3,14.03986358642578,23.591419219970703
412000000003,0.0,0.0,0.3,25.614479064941406,20.470991134643555
412000000003,0.0,0.1,0.3,25.612491607666016,20.596508026123047
412000000003,0.0,0.2,0.3,25.61474609375,20.63401222229004
412000000003,0.0,0.3,0.3,25.570762634277344,20.65969467163086
412000000003,0.0,0.4,0.3,25.56666755676269,20.84449577331543
412000000003,0.0,0.5,0.3,25.34317779541016,20.72870445251465
412000000003,0.0,0.6,0.3,24.933080673217773,20.095993041992188
412000000003,0.0,0.7,0.3,23.51374244689941,21.40349769592285
412000000003,0.0,0.8,0.3,23.60386848449707,18.751201629638672
412000000003,0.0,0.9,0.3,21.7827262878418,20.8945255279541
412000000003,0.0,1.0,0.3,19.83674430847168,18.855693817138672
412000000004,0.0,0.0,0.3,21.57892417907715,19.41455841064453
412000000004,0.0,0.1,0.3,21.560571670532227,19.47149658203125
412000000004,0.0,0.2,0.3,21.496522903442383,19.474470138549805
412000000004,0.0,0.3,0.3,21.35173225402832,19.079566955566406
412000000004,0.0,0.4,0.3,20.555599212646484,23.47642707824707
412000000004,0.0,0.5,0.3,18.53480529785156,23.729700088500977
412000000004,0.0,0.6,0.3,19.1191463470459,22.79140281677246
412000000004,0.0,0.7,0.3,16.09840202331543,18.682348251342773
412000000004,0.0,0.8,0.3,15.781352043151855,17.250263214111328
412000000004,0.0,0.9,0.3,18.009902954101562,24.166166305541992
412000000004,0.0,1.0,0.3,18.0036678314209,22.15451431274414
413000000000,0.0,0.0,0.3,18.99533462524414,23.79496383666992
413000000000,0.0,0.1,0.3,18.99044609069824,24.124732971191406
413000000000,0.0,0.2,0.3,18.99114227294922,23.695358276367188
413000000000,0.0,0.3,0.3,18.98343276977539,23.63099670410156
413000000000,0.0,0.4,0.3,18.927186965942383,24.174522399902344
413000000000,0.0,0.5,0.3,18.910539627075195,23.36094093322754
413000000000,0.0,0.6,0.3,18.493370056152344,26.06754302978516
413000000000,0.0,0.7,0.3,17.75766372680664,23.938724517822266
413000000000,0.0,0.8,0.3,16.926536560058594,22.09324073791504
413000000000,0.0,0.9,0.3,17.18486976623535,26.932710647583008
413000000000,0.0,1.0,0.3,17.072797775268555,25.112892150878903
413000000001,0.0,0.0,0.3,23.444541931152344,25.80083656311035
413000000001,0.0,0.1,0.3,23.44131660461425,25.614538192749023
413000000001,0.0,0.2,0.3,23.43835830688477,25.7631778717041
413000000001,0.0,0.3,0.3,23.398164749145508,25.837909698486328
413000000001,0.0,0.4,0.3,23.320772171020508,25.78911399841309
413000000001,0.0,0.5,0.3,23.221933364868164,26.681554794311523
413000000001,0.0,0.6,0.3,23.048324584960938,25.350791931152344
413000000001,0.0,0.7,0.3,23.394426345825195,26.16181945800781
413000000001,0.0,0.8,0.3,21.51047706604004,26.481449127197266
413000000001,0.0,0.9,0.3,18.1181869506836,27.914655685424805
413000000001,0.0,1.0,0.3,15.54277515411377,27.484834671020508
413000000002,0.0,0.0,0.3,23.9755802154541,19.04496192932129
413000000002,0.0,0.1,0.3,23.977310180664062,18.64020729064941
413000000002,0.0,0.2,0.3,23.97596549987793,18.54941177368164
413000000002,0.0,0.3,0.3,23.919118881225582,18.55613136291504
413000000002,0.0,0.4,0.3,23.80254554748535,18.93769264221192
413000000002,0.0,0.5,0.3,22.94736862182617,17.241500854492188
413000000002,0.0,0.6,0.3,22.21758270263672,18.193986892700195
413000000002,0.0,0.7,0.3,20.712331771850582,17.561384201049805
413000000002,0.0,0.8,0.3,19.24041748046875,20.332380294799805
413000000002,0.0,0.9,0.3,18.65254783630371,19.00366401672364
413000000002,0.0,1.0,0.3,15.44275188446045,14.274398803710938
413000000003,0.0,0.0,0.3,17.868005752563477,17.362186431884766
413000000003,0.0,0.1,0.3,17.856416702270508,17.427274703979492
413000000003,0.0,0.2,0.3,17.789859771728516,17.376220703125
413000000003,0.0,0.3,0.3,17.422887802124023,17.428770065307617
413000000003,0.0,0.4,0.3,16.873754501342773,20.568634033203125
413000000003,0.0,0.5,0.3,16.198318481445312,20.132455825805664
413000000003,0.0,0.6,0.3,15.3148775100708,17.92355728149414
413000000003,0.0,0.7,0.3,14.43591594696045,20.762699127197266
413000000003,0.0,0.8,0.3,13.933402061462402,16.722414016723633
413000000003,0.0,0.9,0.3,14.251869201660156,15.047179222106934
413000000003,0.0,1.0,0.3,13.15314769744873,17.168886184692383
413000000004,0.0,0.0,0.3,18.99281120300293,27.796846389770508
413000000004,0.0,0.1,0.3,18.975006103515625,27.753915786743164
413000000004,0.0,0.2,0.3,18.925121307373047,27.66360664367676
413000000004,0.0,0.3,0.3,18.7828369140625,27.941370010375977
413000000004,0.0,0.4,0.3,18.231674194335938,29.442279815673828
413000000004,0.0,0.5,0.3,18.03417587280273,28.44590759277344
413000000004,0.0,0.6,0.3,17.951473236083984,28.121545791625977
413000000004,0.0,0.7,0.3,17.66209602355957,25.46038246154785
413000000004,0.0,0.8,0.3,17.156383514404297,27.272554397583008
413000000004,0.0,0.9,0.3,15.215147018432615,24.344331741333008
413000000004,0.0,1.0,0.3,13.73454475402832,27.358991622924805
414000000000,0.0,0.0,0.3,22.31043243408203,17.12974739074707
414000000000,0.0,0.1,0.3,22.286209106445312,18.38207244873047
414000000000,0.0,0.2,0.3,22.22851181030273,17.388689041137695
414000000000,0.0,0.3,0.3,21.991941452026367,17.871187210083008
414000000000,0.0,0.4,0.3,21.700603485107425,18.45863151550293
414000000000,0.0,0.5,0.3,21.382923126220703,18.96009826660156
414000000000,0.0,0.6,0.3,21.2729434967041,18.34360122680664
414000000000,0.0,0.7,0.3,20.61213493347168,17.293018341064453
414000000000,0.0,0.8,0.3,19.850399017333984,18.33505630493164
414000000000,0.0,0.9,0.3,17.88907241821289,20.48118782043457
414000000000,0.0,1.0,0.3,17.04994773864746,19.51656913757324
414000000001,0.0,0.0,0.3,20.57695198059082,28.853321075439453
414000000001,0.0,0.1,0.3,20.57622718811035,28.987159729003903
414000000001,0.0,0.2,0.3,20.59130096435547,29.00049591064453
414000000001,0.0,0.3,0.3,20.543886184692383,28.72815704345703
414000000001,0.0,0.4,0.3,20.37443733215332,29.46748161315918
414000000001,0.0,0.5,0.3,19.84327507019043,27.904151916503903
414000000001,0.0,0.6,0.3,19.12812232971192,27.38002586364746
414000000001,0.0,0.7,0.3,18.88361167907715,27.12854766845703
414000000001,0.0,0.8,0.3,18.253063201904297,26.16102409362793
414000000001,0.0,0.9,0.3,18.252843856811523,27.66103172302246
414000000001,0.0,1.0,0.3,18.385120391845703,28.093994140625
414000000002,0.0,0.0,0.3,20.939697265625,22.26773452758789
414000000002,0.0,0.1,0.3,20.936634063720703,22.1324405670166
414000000002,0.0,0.2,0.3,20.92207908630371,22.83206367492676
414000000002,0.0,0.3,0.3,20.86285972595215,23.151874542236328
414000000002,0.0,0.4,0.3,20.76377868652344,23.16357040405273
414000000002,0.0,0.5,0.3,20.893918991088867,22.776975631713867
414000000002,0.0,0.6,0.3,20.84654426574707,22.30312728881836
414000000002,0.0,0.7,0.3,20.5127067565918,22.55158424377441
414000000002,0.0,0.8,0.3,19.39169692993164,22.268768310546875
414000000002,0.0,0.9,0.3,18.62732696533203,23.710420608520508
414000000002,0.0,1.0,0.3,18.9254093170166,24.94500732421875
414000000003,0.0,0.0,0.3,25.02949333190918,16.976022720336914
414000000003,0.0,0.1,0.3,25.01417732238769,16.526763916015625
414000000003,0.0,0.2,0.3,24.932588577270508,16.84821128845215
414000000003,0.0,0.3,0.3,24.68418312072754,17.54399871826172
414000000003,0.0,0.4,0.3,24.23711204528809,18.50398826599121
414000000003,0.0,0.5,0.3,23.223588943481445,18.173295974731445
414000000003,0.0,0.6,0.3,21.830114364624023,19.64312744140625
414000000003,0.0,0.7,0.3,19.618127822875977,16.927555084228516
414000000003,0.0,0.8,0.3,16.906780242919922,20.00679016113281
414000000003,0.0,0.9,0.3,13.994479179382324,20.588472366333008
414000000003,0.0,1.0,0.3,12.41692352294922,20.081130981445312
414000000004,0.0,0.0,0.3,19.8612117767334,27.29351806640625
414000000004,0.0,0.1,0.3,19.8720817565918,28.273082733154297
414000000004,0.0,0.2,0.3,19.88114356994629,27.179908752441406
414000000004,0.0,0.3,0.3,19.80310821533203,27.019655227661133
414000000004,0.0,0.4,0.3,19.47330474853516,26.9221305847168
414000000004,0.0,0.5,0.3,19.2160758972168,27.68400955200196
414000000004,0.0,0.6,0.3,18.640079498291016,27.18825340270996
414000000004,0.0,0.7,0.3,18.18449783325196,26.82388687133789
414000000004,0.0,0.8,0.3,17.32931900024414,27.85311889648437
414000000004,0.0,0.9,0.3,16.285797119140625,27.96040153503418
414000000004,0.0,1.0,0.3,14.253849029541016,25.12034797668457
421000000000,0.0,0.0,0.3,19.87711334228516,23.27941131591797
421000000000,0.0,0.1,0.3,19.836389541625977,24.10746955871582
421000000000,0.0,0.2,0.3,19.63697052001953,24.690683364868164
421000000000,0.0,0.3,0.3,19.327880859375,24.82169342041016
421000000000,0.0,0.4,0.3,18.86678695678711,24.007293701171875
421000000000,0.0,0.5,0.3,18.270702362060547,23.98053741455078
421000000000,0.0,0.6,0.3,17.120731353759766,29.114187240600582
421000000000,0.0,0.7,0.3,14.932127952575684,29.210281372070312
421000000000,0.0,0.8,0.3,15.00692081451416,25.303184509277344
421000000000,0.0,0.9,0.3,14.15602970123291,32.670101165771484
421000000000,0.0,1.0,0.3,10.691202163696287,24.374923706054688
421000000001,0.0,0.0,0.3,22.36662483215332,27.51764297485352
421000000001,0.0,0.1,0.3,22.36638641357422,27.32051658630371
421000000001,0.0,0.2,0.3,22.36638259887696,27.84375
421000000001,0.0,0.3,0.3,22.32299423217773,27.9395751953125
421000000001,0.0,0.4,0.3,22.282899856567383,27.343582153320312
421000000001,0.0,0.5,0.3,22.302154541015625,28.03675842285156
421000000001,0.0,0.6,0.3,22.21575927734375,29.509178161621094
421000000001,0.0,0.7,0.3,22.254186630249023,27.302623748779297
421000000001,0.0,0.8,0.3,21.116628646850582,27.86043357849121
421000000001,0.0,0.9,0.3,17.575668334960938,23.29900932312012
421000000001,0.0,1.0,0.3,18.66427230834961,23.67301368713379
421000000002,0.0,0.0,0.3,23.0938720703125,24.90799331665039
421000000002,0.0,0.1,0.3,23.07461166381836,25.043428421020508
421000000002,0.0,0.2,0.3,23.01326942443848,25.073671340942383
421000000002,0.0,0.3,0.3,22.93875503540039,25.56792449951172
421000000002,0.0,0.4,0.3,22.86225700378418,25.121471405029297
421000000002,0.0,0.5,0.3,22.61896705627441,25.32905387878418
421000000002,0.0,0.6,0.3,22.322898864746094,25.721662521362305
421000000002,0.0,0.7,0.3,21.584535598754883,25.373056411743164
421000000002,0.0,0.8,0.3,20.659677505493164,24.831932067871094
421000000002,0.0,0.9,0.3,20.590072631835938,24.93766593933105
421000000002,0.0,1.0,0.3,19.30257606506348,24.16860008239746
421000000003,0.0,0.0,0.3,22.326017379760746,22.10778045654297
421000000003,0.0,0.1,0.3,22.327775955200195,22.39079093933105
421000000003,0.0,0.2,0.3,22.26066398620605,22.393356323242188
421000000003,0.0,0.3,0.3,22.088354110717773,22.75477409362793
421000000003,0.0,0.4,0.3,21.601173400878903,22.63690948486328
421000000003,0.0,0.5,0.3,21.10681915283203,22.310585021972656
421000000003,0.0,0.6,0.3,20.39270782470703,23.26526641845703
421000000003,0.0,0.7,0.3,19.66912078857422,22.087730407714844
421000000003,0.0,0.8,0.3,18.31405067443848,23.37549591064453
421000000003,0.0,0.9,0.3,16.447458267211914,18.9778060913086
421000000003,0.0,1.0,0.3,17.34095001220703,20.34474372863769
421000000004,0.0,0.0,0.3,18.37130546569824,24.36574363708496
421000000004,0.0,0.1,0.3,18.37014961242676,24.28982925415039
421000000004,0.0,0.2,0.3,18.364805221557617,24.24300575256348
421000000004,0.0,0.3,0.3,18.31635093688965,24.3829345703125
421000000004,0.0,0.4,0.3,18.277565002441406,24.30360221862793
421000000004,0.0,0.5,0.3,18.2294864654541,24.22696113586425
421000000004,0.0,0.6,0.3,18.18204498291016,24.238468170166016
421000000004,0.0,0.7,0.3,17.999130249023438,24.174604415893555
421000000004,0.0,0.8,0.3,17.246292114257812,25.508190155029297
421000000004,0.0,0.9,0.3,17.8787899017334,25.179174423217773
421000000004,0.0,1.0,0.3,17.850889205932617,24.577938079833984
422000000000,0.0,0.0,0.3,26.392127990722656,14.428960800170898
422000000000,0.0,0.1,0.3,26.38518714904785,14.58485984802246
422000000000,0.0,0.2,0.3,26.38123893737793,14.287996292114258
422000000000,0.0,0.3,0.3,26.32066535949707,14.499536514282228
422000000000,0.0,0.4,0.3,26.1030330657959,14.728492736816406
422000000000,0.0,0.5,0.3,25.824615478515625,14.463874816894531
422000000000,0.0,0.6,0.3,25.808629989624023,14.14369010925293
422000000000,0.0,0.7,0.3,25.438013076782227,13.08333683013916
422000000000,0.0,0.8,0.3,21.795089721679688,15.168002128601074
422000000000,0.0,0.9,0.3,20.72366523742676,14.093236923217772
422000000000,0.0,1.0,0.3,15.566686630249023,14.509880065917969
422000000001,0.0,0.0,0.3,21.649822235107425,22.38875389099121
422000000001,0.0,0.1,0.3,21.64759635925293,22.51231002807617
422000000001,0.0,0.2,0.3,21.61683654785156,22.169754028320312
422000000001,0.0,0.3,0.3,21.462825775146484,22.09148025512696
422000000001,0.0,0.4,0.3,21.082738876342773,21.860855102539062
422000000001,0.0,0.5,0.3,20.80367088317871,22.25713348388672
422000000001,0.0,0.6,0.3,20.036590576171875,22.5332088470459
422000000001,0.0,0.7,0.3,18.96742248535156,23.1862735748291
422000000001,0.0,0.8,0.3,18.65762519836425,24.07802391052246
422000000001,0.0,0.9,0.3,15.199684143066406,18.001482009887695
422000000001,0.0,1.0,0.3,14.001465797424316,19.91354751586914
422000000002,0.0,0.0,0.3,23.07897186279297,7.499462127685547
422000000002,0.0,0.1,0.3,23.081546783447266,7.532020092010498
422000000002,0.0,0.2,0.3,23.10222625732422,7.719007015228271
422000000002,0.0,0.3,0.3,23.085548400878903,8.528706550598145
422000000002,0.0,0.4,0.3,23.054168701171875,10.350357055664062
422000000002,0.0,0.5,0.3,22.89207649230957,9.431246757507324
422000000002,0.0,0.6,0.3,22.487110137939453,10.06650733947754
422000000002,0.0,0.7,0.3,21.858198165893555,8.911678314208984
422000000002,0.0,0.8,0.3,19.687715530395508,5.693856716156006
422000000002,0.0,0.9,0.3,18.62367057800293,9.4636869430542
422000000002,0.0,1.0,0.3,18.30663108825684,10.668848037719728
422000000003,0.0,0.0,0.3,25.21697998046875,18.503381729125977
422000000003,0.0,0.1,0.3,25.20639419555664,18.719646453857425
422000000003,0.0,0.2,0.3,25.21494102478028,18.31336975097656
422000000003,0.0,0.3,0.3,25.08490943908692,18.97406959533692
422000000003,0.0,0.4,0.3,24.89927864074707,18.112716674804688
422000000003,0.0,0.5,0.3,24.366479873657227,19.453838348388672
422000000003,0.0,0.6,0.3,22.59154319763184,16.360742568969727
422000000003,0.0,0.7,0.3,20.857084274291992,11.854986190795898
422000000003,0.0,0.8,0.3,20.42045211791992,13.708824157714844
422000000003,0.0,0.9,0.3,18.005006790161133,14.34904956817627
422000000003,0.0,1.0,0.3,15.906454086303713,16.09669303894043
422000000004,0.0,0.0,0.3,26.63427925109864,14.841026306152344
422000000004,0.0,0.1,0.3,26.63140106201172,14.22697925567627
422000000004,0.0,0.2,0.3,26.63570785522461,14.797978401184082
422000000004,0.0,0.3,0.3,26.58625030517578,14.769051551818848
422000000004,0.0,0.4,0.3,26.44504737854004,14.594581604003906
422000000004,0.0,0.5,0.3,26.232568740844727,15.1339693069458
422000000004,0.0,0.6,0.3,26.08569526672364,14.86923885345459
422000000004,0.0,0.7,0.3,25.53252410888672,15.922422409057615
422000000004,0.0,0.8,0.3,23.73524284362793,20.58012962341309
422000000004,0.0,0.9,0.3,18.4914779663086,16.82984161376953
422000000004,0.0,1.0,0.3,16.543439865112305,18.53620338439941
423000000000,0.0,0.0,0.3,29.37117576599121,17.814844131469727
423000000000,0.0,0.1,0.3,29.39302444458008,17.99013328552246
423000000000,0.0,0.2,0.3,29.427637100219727,18.06483268737793
423000000000,0.0,0.3,0.3,29.400453567504883,18.645566940307617
423000000000,0.0,0.4,0.3,29.210105895996094,15.809002876281738
423000000000,0.0,0.5,0.3,27.121479034423828,22.415117263793945
423000000000,0.0,0.6,0.3,22.307188034057617,25.76022720336914
423000000000,0.0,0.7,0.3,20.54204368591309,23.23151588439941
423000000000,0.0,0.8,0.3,14.125441551208496,24.36726188659668
423000000000,0.0,0.9,0.3,14.158605575561523,24.86195182800293
423000000000,0.0,1.0,0.3,14.51740264892578,25.29161262512207
423000000001,0.0,0.0,0.3,21.76661491394043,20.0078067779541
423000000001,0.0,0.1,0.3,21.762651443481445,20.40307807922364
423000000001,0.0,0.2,0.3,21.75430679321289,19.22347640991211
423000000001,0.0,0.3,0.3,21.638301849365234,18.876543045043945
423000000001,0.0,0.4,0.3,21.51874732971192,18.998266220092773
423000000001,0.0,0.5,0.3,20.413862228393555,17.668638229370117
423000000001,0.0,0.6,0.3,18.681468963623047,16.498233795166016
423000000001,0.0,0.7,0.3,17.493968963623047,18.46820640563965
423000000001,0.0,0.8,0.3,14.137361526489258,19.52483940124512
423000000001,0.0,0.9,0.3,12.276658058166504,17.796398162841797
423000000001,0.0,1.0,0.3,11.756746292114258,20.823823928833008
423000000002,0.0,0.0,0.3,21.791263580322266,23.909269332885746
423000000002,0.0,0.1,0.3,21.795011520385746,24.02377891540528
423000000002,0.0,0.2,0.3,21.77827262878418,23.89011001586914
423000000002,0.0,0.3,0.3,21.718584060668945,23.51150894165039
423000000002,0.0,0.4,0.3,21.45388603210449,23.244365692138672
423000000002,0.0,0.5,0.3,21.445701599121094,22.88750648498535
423000000002,0.0,0.6,0.3,21.19199562072754,22.066465377807617
423000000002,0.0,0.7,0.3,19.89568328857422,21.503921508789062
423000000002,0.0,0.8,0.3,15.226008415222168,26.501480102539062
423000000002,0.0,0.9,0.3,13.982308387756348,28.64696311950684
423000000002,0.0,1.0,0.3,14.046087265014648,28.31012916564941
423000000003,0.0,0.0,0.3,23.441864013671875,21.92520332336425
423000000003,0.0,0.1,0.3,23.449817657470703,21.82136344909668
423000000003,0.0,0.2,0.3,23.47333335876465,21.672840118408203
423000000003,0.0,0.3,0.3,23.502716064453125,21.630170822143555
423000000003,0.0,0.4,0.3,23.430395126342773,21.41727638244629
423000000003,0.0,0.5,0.3,23.13573265075684,22.12743186950684
423000000003,0.0,0.6,0.3,22.948091506958008,21.77283096313477
423000000003,0.0,0.7,0.3,21.099903106689453,22.267683029174805
423000000003,0.0,0.8,0.3,21.60517692565918,21.781530380249023
423000000003,0.0,0.9,0.3,19.854698181152344,22.393898010253903
423000000003,0.0,1.0,0.3,18.811065673828125,21.902565002441406
423000000004,0.0,0.0,0.3,24.234352111816406,23.14940643310547
423000000004,0.0,0.1,0.3,24.25194358825684,23.127979278564453
423000000004,0.0,0.2,0.3,24.28643226623535,23.049156188964844
423000000004,0.0,0.3,0.3,24.245912551879883,22.57500648498535
423000000004,0.0,0.4,0.3,24.10515594482422,22.74278450012207
423000000004,0.0,0.5,0.3,23.94372940063477,22.56254196166992
423000000004,0.0,0.6,0.3,23.186389923095703,23.26980781555176
423000000004,0.0,0.7,0.3,20.087026596069336,23.13103675842285
423000000004,0.0,0.8,0.3,16.93978500366211,21.586406707763672
423000000004,0.0,0.9,0.3,15.733141899108888,21.17578887939453
423000000004,0.0,1.0,0.3,14.891980171203612,23.55669593811035
424000000000,0.0,0.0,0.3,21.203325271606445,20.94419288635254
424000000000,0.0,0.1,0.3,21.20054626464844,20.914134979248047
424000000000,0.0,0.2,0.3,21.210636138916016,20.900632858276367
424000000000,0.0,0.3,0.3,21.17656898498535,21.018922805786133
424000000000,0.0,0.4,0.3,21.159059524536133,21.41469383239746
424000000000,0.0,0.5,0.3,21.10403251647949,21.186647415161133
424000000000,0.0,0.6,0.3,21.117172241210938,21.340452194213867
424000000000,0.0,0.7,0.3,21.016870498657227,21.421911239624023
424000000000,0.0,0.8,0.3,20.769620895385746,21.06691169738769
424000000000,0.0,0.9,0.3,20.094629287719727,20.86871719360352
424000000000,0.0,1.0,0.3,16.306062698364258,21.9563217163086
424000000001,0.0,0.0,0.3,19.51054573059082,17.623666763305664
424000000001,0.0,0.1,0.3,19.51337623596192,17.51274299621582
424000000001,0.0,0.2,0.3,19.512393951416016,18.10238265991211
424000000001,0.0,0.3,0.3,19.45398330688477,17.94463348388672
424000000001,0.0,0.4,0.3,19.346519470214844,17.905941009521484
424000000001,0.0,0.5,0.3,19.130773544311523,18.774587631225582
424000000001,0.0,0.6,0.3,19.012210845947266,18.47736549377441
424000000001,0.0,0.7,0.3,17.857786178588867,20.84106063842773
424000000001,0.0,0.8,0.3,15.943325996398926,22.565404891967773
424000000001,0.0,0.9,0.3,15.410652160644531,22.788057327270508
424000000001,0.0,1.0,0.3,14.877693176269531,22.09459114074707
424000000002,0.0,0.0,0.3,21.786386489868164,20.51212310791016
424000000002,0.0,0.1,0.3,21.78339385986328,20.54356575012207
424000000002,0.0,0.2,0.3,21.77017593383789,20.32846069335937
424000000002,0.0,0.3,0.3,21.74455642700196,20.39943504333496
424000000002,0.0,0.4,0.3,21.6500186920166,19.025310516357425
424000000002,0.0,0.5,0.3,21.48243904113769,20.293092727661133
424000000002,0.0,0.6,0.3,21.30219841003418,21.22007751464844
424000000002,0.0,0.7,0.3,20.86598777770996,20.18323516845703
424000000002,0.0,0.8,0.3,18.172670364379883,20.108444213867188
424000000002,0.0,0.9,0.3,17.535785675048828,19.99027633666992
424000000002,0.0,1.0,0.3,15.952681541442873,23.89894294738769
424000000003,0.0,0.0,0.3,20.321626663208008,22.92360496520996
424000000003,0.0,0.1,0.3,20.3195743560791,22.90369033813477
424000000003,0.0,0.2,0.3,20.31813240051269,22.83061981201172
424000000003,0.0,0.3,0.3,20.319618225097656,22.817710876464844
424000000003,0.0,0.4,0.3,20.224010467529297,22.394100189208984
424000000003,0.0,0.5,0.3,20.088823318481445,22.92864990234375
424000000003,0.0,0.6,0.3,19.892772674560547,22.06257057189941
424000000003,0.0,0.7,0.3,19.82558822631836,22.992048263549805
424000000003,0.0,0.8,0.3,19.822263717651367,22.91869354248047
424000000003,0.0,0.9,0.3,18.841094970703125,21.863056182861328
424000000003,0.0,1.0,0.3,18.83194160461425,22.31598854064941
424000000004,0.0,0.0,0.3,24.548770904541016,22.85034370422364
424000000004,0.0,0.1,0.3,24.54593276977539,22.90215492248535
424000000004,0.0,0.2,0.3,24.533435821533203,22.86389923095703
424000000004,0.0,0.3,0.3,24.32878494262696,22.602453231811523
424000000004,0.0,0.4,0.3,24.145965576171875,22.677928924560547
424000000004,0.0,0.5,0.3,23.78738212585449,22.565231323242188
424000000004,0.0,0.6,0.3,23.017980575561523,21.929763793945312
424000000004,0.0,0.7,0.3,22.022544860839844,22.23190689086914
424000000004,0.0,0.8,0.3,21.02918243408203,23.294591903686523
424000000004,0.0,0.9,0.3,19.296104431152344,23.00151824951172
424000000004,0.0,1.0,0.3,17.894014358520508,23.60225296020508
511000000000,0.0,0.0,0.3,29.20022201538086,17.625871658325195
511000000000,0.0,0.1,0.3,29.2644271850586,18.978734970092773
511000000000,0.0,0.2,0.3,29.236087799072266,18.89780235290528
511000000000,0.0,0.3,0.3,28.56865119934082,19.252111434936523
511000000000,0.0,0.4,0.3,27.92005729675293,18.0930290222168
511000000000,0.0,0.5,0.3,26.647953033447266,18.29878616333008
511000000000,0.0,0.6,0.3,23.50503730773925,19.99817657470703
511000000000,0.0,0.7,0.3,22.13022232055664,20.00220489501953
511000000000,0.0,0.8,0.3,19.54784202575684,19.000118255615234
511000000000,0.0,0.9,0.3,17.573829650878906,15.464876174926758
511000000000,0.0,1.0,0.3,16.107955932617188,20.72517776489257
511000000001,0.0,0.0,0.3,17.433298110961914,30.128314971923828
511000000001,0.0,0.1,0.3,17.42966651916504,30.19186019897461
511000000001,0.0,0.2,0.3,17.44609832763672,30.106597900390625
511000000001,0.0,0.3,0.3,17.394691467285156,28.94135093688965
511000000001,0.0,0.4,0.3,17.278833389282227,29.32540512084961
511000000001,0.0,0.5,0.3,17.187971115112305,30.00933265686035
511000000001,0.0,0.6,0.3,16.966894149780273,31.85018920898437
511000000001,0.0,0.7,0.3,16.147441864013672,31.38922691345215
511000000001,0.0,0.8,0.3,15.271734237670898,31.13902473449707
511000000001,0.0,0.9,0.3,13.687350273132324,31.2960205078125
511000000001,0.0,1.0,0.3,12.583208084106444,28.856521606445312
511000000002,0.0,0.0,0.3,24.0008487701416,19.29097557067871
511000000002,0.0,0.1,0.3,24.00283432006836,18.909311294555664
511000000002,0.0,0.2,0.3,23.974559783935547,19.2417106628418
511000000002,0.0,0.3,0.3,23.89651298522949,19.217668533325195
511000000002,0.0,0.4,0.3,23.51576805114746,19.57983589172364
511000000002,0.0,0.5,0.3,23.231813430786133,19.71014976501465
511000000002,0.0,0.6,0.3,23.76618194580078,19.44419479370117
511000000002,0.0,0.7,0.3,22.876588821411133,19.897926330566406
511000000002,0.0,0.8,0.3,21.77462577819824,20.037221908569336
511000000002,0.0,0.9,0.3,19.056201934814453,20.55450439453125
511000000002,0.0,1.0,0.3,16.86372184753418,23.36273765563965
511000000003,0.0,0.0,0.3,23.16270065307617,21.22759246826172
511000000003,0.0,0.1,0.3,23.171953201293945,21.052026748657227
511000000003,0.0,0.2,0.3,23.19981002807617,21.08594512939453
511000000003,0.0,0.3,0.3,23.1933822631836,21.095428466796875
511000000003,0.0,0.4,0.3,23.14799118041992,21.16985321044922
511000000003,0.0,0.5,0.3,23.014196395874023,20.823198318481445
511000000003,0.0,0.6,0.3,22.74248504638672,21.14521217346192
511000000003,0.0,0.7,0.3,22.29386711120605,20.63981437683105
511000000003,0.0,0.8,0.3,21.99773979187012,20.586599349975582
511000000003,0.0,0.9,0.3,20.65048599243164,20.59310913085937
511000000003,0.0,1.0,0.3,20.65634536743164,20.655405044555664
511000000004,0.0,0.0,0.3,20.036909103393555,19.17616271972656
511000000004,0.0,0.1,0.3,20.03083610534668,19.693500518798828
511000000004,0.0,0.2,0.3,20.027984619140625,19.38168716430664
511000000004,0.0,0.3,0.3,20.00579643249512,19.830659866333008
511000000004,0.0,0.4,0.3,19.96353340148925,19.655366897583008
511000000004,0.0,0.5,0.3,19.868942260742188,20.278942108154297
511000000004,0.0,0.6,0.3,19.66642951965332,20.222959518432617
511000000004,0.0,0.7,0.3,19.17298126220703,19.956039428710938
511000000004,0.0,0.8,0.3,17.079696655273438,18.02075958251953
511000000004,0.0,0.9,0.3,15.968445777893066,18.579736709594727
511000000004,0.0,1.0,0.3,14.875112533569336,20.62900924682617
512000000000,0.0,0.0,0.3,24.270248413085938,19.05695915222168
512000000000,0.0,0.1,0.3,24.26580238342285,18.678850173950195
512000000000,0.0,0.2,0.3,24.25736427307129,19.20098876953125
512000000000,0.0,0.3,0.3,24.192785263061523,19.036108016967773
512000000000,0.0,0.4,0.3,24.05865859985352,19.130056381225582
512000000000,0.0,0.5,0.3,23.689558029174805,17.871397018432617
512000000000,0.0,0.6,0.3,23.38203430175781,17.146482467651367
512000000000,0.0,0.7,0.3,22.5826416015625,17.979856491088867
512000000000,0.0,0.8,0.3,21.22383117675781,16.69235610961914
512000000000,0.0,0.9,0.3,17.598554611206055,16.197736740112305
512000000000,0.0,1.0,0.3,17.01384925842285,19.43399238586425
512000000001,0.0,0.0,0.3,21.83616065979004,23.113082885742188
512000000001,0.0,0.1,0.3,21.824975967407227,22.830162048339844
512000000001,0.0,0.2,0.3,21.80809211730957,23.02924156188965
512000000001,0.0,0.3,0.3,21.729894638061523,23.05946350097656
512000000001,0.0,0.4,0.3,21.58645439147949,24.33929443359375
512000000001,0.0,0.5,0.3,21.40697479248047,26.651594161987305
512000000001,0.0,0.6,0.3,21.20488929748535,26.05400657653809
512000000001,0.0,0.7,0.3,20.69037628173828,25.51433181762696
512000000001,0.0,0.8,0.3,20.28963661193848,24.30776023864746
512000000001,0.0,0.9,0.3,20.19997215270996,24.942323684692383
512000000001,0.0,1.0,0.3,19.48794174194336,26.167028427124023
512000000002,0.0,0.0,0.3,18.835168838500977,17.142040252685547
512000000002,0.0,0.1,0.3,18.833457946777344,16.898286819458008
512000000002,0.0,0.2,0.3,18.8445987701416,17.007545471191406
512000000002,0.0,0.3,0.3,18.74964141845703,16.084857940673828
512000000002,0.0,0.4,0.3,18.55771827697754,16.743200302124023
512000000002,0.0,0.5,0.3,18.561452865600582,18.41034507751465
512000000002,0.0,0.6,0.3,18.5114974975586,17.89188003540039
512000000002,0.0,0.7,0.3,16.947525024414062,18.38036155700684
512000000002,0.0,0.8,0.3,14.47567081451416,19.30752944946289
512000000002,0.0,0.9,0.3,13.05582332611084,16.052204132080078
512000000002,0.0,1.0,0.3,12.15341091156006,18.36198806762696
512000000003,0.0,0.0,0.3,21.3059196472168,18.5220947265625
512000000003,0.0,0.1,0.3,21.311582565307617,18.54846572875977
512000000003,0.0,0.2,0.3,21.3175106048584,18.71036148071289
512000000003,0.0,0.3,0.3,21.306575775146484,18.39835929870605
512000000003,0.0,0.4,0.3,21.305076599121094,18.51166725158692
512000000003,0.0,0.5,0.3,21.309799194335938,18.40052795410156
512000000003,0.0,0.6,0.3,21.273826599121094,18.513198852539062
512000000003,0.0,0.7,0.3,21.258846282958984,19.450511932373047
512000000003,0.0,0.8,0.3,19.23932456970215,19.89623069763184
512000000003,0.0,0.9,0.3,19.158281326293945,18.428804397583008
512000000003,0.0,1.0,0.3,20.65558242797852,19.3291244506836
512000000004,0.0,0.0,0.3,20.44682502746582,12.105488777160645
512000000004,0.0,0.1,0.3,20.45140266418457,12.09415340423584
512000000004,0.0,0.2,0.3,20.45088195800781,12.628203392028809
512000000004,0.0,0.3,0.3,20.442928314208984,13.26190185546875
512000000004,0.0,0.4,0.3,20.458494186401367,13.176849365234377
512000000004,0.0,0.5,0.3,20.454391479492188,13.686716079711914
512000000004,0.0,0.6,0.3,20.321332931518555,12.150571823120115
512000000004,0.0,0.7,0.3,20.300682067871094,11.901016235351562
512000000004,0.0,0.8,0.3,18.21135711669922,12.199626922607422
512000000004,0.0,0.9,0.3,17.12957763671875,11.500697135925291
512000000004,0.0,1.0,0.3,16.01739501953125,12.574666976928713
513000000000,0.0,0.0,0.3,21.91202545166016,21.807632446289062
513000000000,0.0,0.1,0.3,21.909629821777344,22.36830139160156
513000000000,0.0,0.2,0.3,21.91018295288086,21.995994567871094
513000000000,0.0,0.3,0.3,21.91230773925781,22.12405776977539
513000000000,0.0,0.4,0.3,21.871395111083984,21.920339584350582
513000000000,0.0,0.5,0.3,21.82009506225586,19.43390655517578
513000000000,0.0,0.6,0.3,20.843412399291992,21.231334686279297
513000000000,0.0,0.7,0.3,20.35215187072754,21.41649627685547
513000000000,0.0,0.8,0.3,19.463809967041016,22.51725578308105
513000000000,0.0,0.9,0.3,20.4803524017334,20.61337280273437
513000000000,0.0,1.0,0.3,19.652000427246094,21.086015701293945
513000000001,0.0,0.0,0.3,25.17570686340332,22.049617767333984
513000000001,0.0,0.1,0.3,25.17378616333008,22.14430427551269
513000000001,0.0,0.2,0.3,25.16118431091309,21.921741485595703
513000000001,0.0,0.3,0.3,25.178356170654297,22.3618392944336
513000000001,0.0,0.4,0.3,25.14303398132324,21.86301612854004
513000000001,0.0,0.5,0.3,25.138717651367188,22.495800018310547
513000000001,0.0,0.6,0.3,25.14037704467773,21.887710571289062
513000000001,0.0,0.7,0.3,25.066999435424805,23.06720542907715
513000000001,0.0,0.8,0.3,24.93155288696289,22.849300384521484
513000000001,0.0,0.9,0.3,23.73936462402344,23.25725555419922
513000000001,0.0,1.0,0.3,21.76333236694336,22.24707221984864
513000000002,0.0,0.0,0.3,24.96209526062012,16.47812843322754
513000000002,0.0,0.1,0.3,24.93270492553711,16.948863983154297
513000000002,0.0,0.2,0.3,24.882051467895508,16.245615005493164
513000000002,0.0,0.3,0.3,24.775691986083984,16.944446563720703
513000000002,0.0,0.4,0.3,24.731840133666992,16.68450164794922
513000000002,0.0,0.5,0.3,24.451583862304688,16.485212326049805
513000000002,0.0,0.6,0.3,23.861629486083984,19.324691772460938
513000000002,0.0,0.7,0.3,23.313884735107425,18.5079345703125
513000000002,0.0,0.8,0.3,21.950300216674805,18.62936019897461
513000000002,0.0,0.9,0.3,20.80809783935547,18.679601669311523
513000000002,0.0,1.0,0.3,20.516382217407227,22.5789794921875
513000000003,0.0,0.0,0.3,21.85950088500977,7.447609424591064
513000000003,0.0,0.1,0.3,21.860763549804688,7.441268920898437
513000000003,0.0,0.2,0.3,21.87017822265625,7.303141117095947
513000000003,0.0,0.3,0.3,21.873254776000977,7.555863857269287
513000000003,0.0,0.4,0.3,21.86492156982422,7.057899951934815
513000000003,0.0,0.5,0.3,21.860143661499023,7.745835304260254
513000000003,0.0,0.6,0.3,20.72063446044922,6.729464054107666
513000000003,0.0,0.7,0.3,20.763580322265625,7.432214736938477
513000000003,0.0,0.8,0.3,21.433818817138672,7.008160591125488
513000000003,0.0,0.9,0.3,20.436561584472656,5.725108623504639
513000000003,0.0,1.0,0.3,20.690900802612305,14.791011810302734
513000000004,0.0,0.0,0.3,23.663301467895508,16.430877685546875
513000000004,0.0,0.1,0.3,23.65354347229004,16.776201248168945
513000000004,0.0,0.2,0.3,23.658090591430664,17.98903465270996
513000000004,0.0,0.3,0.3,23.57765007019043,18.855363845825195
513000000004,0.0,0.4,0.3,22.97195816040039,16.563074111938477
513000000004,0.0,0.5,0.3,23.181486129760746,19.18620109558105
513000000004,0.0,0.6,0.3,22.616369247436523,20.239213943481445
513000000004,0.0,0.7,0.3,19.039230346679688,19.26755714416504
513000000004,0.0,0.8,0.3,16.931753158569336,15.275382995605469
513000000004,0.0,0.9,0.3,15.085752487182615,15.036535263061523
513000000004,0.0,1.0,0.3,14.385849952697754,13.942035675048828
514000000000,0.0,0.0,0.3,20.51665687561035,25.49753761291504
514000000000,0.0,0.1,0.3,20.520511627197266,25.6566162109375
514000000000,0.0,0.2,0.3,20.528812408447266,25.50793838500977
514000000000,0.0,0.3,0.3,20.479093551635746,25.05963516235352
514000000000,0.0,0.4,0.3,20.41809844970703,25.41287612915039
514000000000,0.0,0.5,0.3,20.40775489807129,25.50014305114746
514000000000,0.0,0.6,0.3,20.201509475708008,26.49270820617676
514000000000,0.0,0.7,0.3,20.02701759338379,25.40526390075684
514000000000,0.0,0.8,0.3,19.83399200439453,25.556076049804688
514000000000,0.0,0.9,0.3,18.919145584106445,25.24896240234375
514000000000,0.0,1.0,0.3,17.91284942626953,25.33772850036621
514000000001,0.0,0.0,0.3,21.19585609436035,22.27189826965332
514000000001,0.0,0.1,0.3,21.19536018371582,22.29647445678711
514000000001,0.0,0.2,0.3,21.199193954467773,22.24366950988769
514000000001,0.0,0.3,0.3,21.20048713684082,22.3238582611084
514000000001,0.0,0.4,0.3,21.20070457458496,22.387964248657227
514000000001,0.0,0.5,0.3,21.09064483642578,22.30518341064453
514000000001,0.0,0.6,0.3,20.744972229003903,22.334936141967773
514000000001,0.0,0.7,0.3,20.01742172241211,23.08169174194336
514000000001,0.0,0.8,0.3,20.308422088623047,22.63724708557129
514000000001,0.0,0.9,0.3,17.60834312438965,20.946273803710938
514000000001,0.0,1.0,0.3,19.159120559692383,19.88943290710449
514000000002,0.0,0.0,0.3,16.641681671142578,16.189777374267578
514000000002,0.0,0.1,0.3,16.64666748046875,16.92108726501465
514000000002,0.0,0.2,0.3,16.651294708251953,17.079248428344727
514000000002,0.0,0.3,0.3,16.651363372802734,16.713022232055664
514000000002,0.0,0.4,0.3,16.653989791870117,16.699119567871094
514000000002,0.0,0.5,0.3,16.643070220947266,16.623668670654297
514000000002,0.0,0.6,0.3,16.581851959228516,17.17889976501465
514000000002,0.0,0.7,0.3,16.51090431213379,16.28933334350586
514000000002,0.0,0.8,0.3,16.268714904785156,18.31147003173828
514000000002,0.0,0.9,0.3,16.18224334716797,17.70730209350586
514000000002,0.0,1.0,0.3,16.125858306884766,17.55493927001953
514000000003,0.0,0.0,0.3,19.578882217407227,22.896583557128903
514000000003,0.0,0.1,0.3,19.569988250732425,22.839401245117188
514000000003,0.0,0.2,0.3,19.559419631958008,22.761693954467773
514000000003,0.0,0.3,0.3,19.42156791687012,22.838010787963867
514000000003,0.0,0.4,0.3,19.266969680786133,22.5787353515625
514000000003,0.0,0.5,0.3,18.90235137939453,22.46855735778809
514000000003,0.0,0.6,0.3,18.510217666625977,24.65488815307617
514000000003,0.0,0.7,0.3,16.699134826660156,22.458295822143555
514000000003,0.0,0.8,0.3,16.283329010009766,23.210918426513672
514000000003,0.0,0.9,0.3,15.36645221710205,22.331418991088867
514000000003,0.0,1.0,0.3,14.432957649230955,23.486841201782227
514000000004,0.0,0.0,0.3,22.26041984558105,28.052812576293945
514000000004,0.0,0.1,0.3,22.26521682739257,28.141456604003903
514000000004,0.0,0.2,0.3,22.270910263061523,28.128341674804688
514000000004,0.0,0.3,0.3,22.192516326904297,28.21881866455078
514000000004,0.0,0.4,0.3,22.23104858398437,28.03452682495117
514000000004,0.0,0.5,0.3,22.123985290527344,28.145885467529297
514000000004,0.0,0.6,0.3,21.90829467773437,28.531116485595703
514000000004,0.0,0.7,0.3,21.39497756958008,28.348913192749023
514000000004,0.0,0.8,0.3,21.52215576171875,27.89986038208008
514000000004,0.0,0.9,0.3,18.82289695739746,27.650611877441406
514000000004,0.0,1.0,0.3,17.561630249023438,28.52762985229492
521000000000,0.0,0.0,0.3,22.067481994628903,21.825315475463867
521000000000,0.0,0.1,0.3,22.07378196716309,21.664655685424805
521000000000,0.0,0.2,0.3,22.07632064819336,21.70633316040039
521000000000,0.0,0.3,0.3,22.079599380493164,21.61218643188477
521000000000,0.0,0.4,0.3,22.044776916503903,21.48479652404785
521000000000,0.0,0.5,0.3,21.981033325195312,21.50310134887696
521000000000,0.0,0.6,0.3,21.753662109375,21.414854049682617
521000000000,0.0,0.7,0.3,20.679994583129883,21.492719650268555
521000000000,0.0,0.8,0.3,19.96891593933105,19.22420883178711
521000000000,0.0,0.9,0.3,19.07688331604004,22.03954124450684
521000000000,0.0,1.0,0.3,17.828201293945312,19.813928604125977
521000000001,0.0,0.0,0.3,20.337465286254883,27.47600173950196
521000000001,0.0,0.1,0.3,20.337236404418945,27.2822380065918
521000000001,0.0,0.2,0.3,20.34114456176757,27.82334899902344
521000000001,0.0,0.3,0.3,20.33865165710449,27.797962188720703
521000000001,0.0,0.4,0.3,20.289400100708008,27.640390396118164
521000000001,0.0,0.5,0.3,20.291460037231445,26.81642723083496
521000000001,0.0,0.6,0.3,20.19067573547364,25.18959617614746
521000000001,0.0,0.7,0.3,20.128585815429688,28.257328033447266
521000000001,0.0,0.8,0.3,19.806888580322266,29.40781784057617
521000000001,0.0,0.9,0.3,19.53743934631348,24.08049392700196
521000000001,0.0,1.0,0.3,18.74123191833496,28.112060546875
521000000002,0.0,0.0,0.3,23.84772300720215,24.69221878051757
521000000002,0.0,0.1,0.3,23.85383415222168,24.792882919311523
521000000002,0.0,0.2,0.3,23.881139755249023,24.977489471435547
521000000002,0.0,0.3,0.3,23.92913627624512,25.3443660736084
521000000002,0.0,0.4,0.3,23.7207088470459,24.68642807006836
521000000002,0.0,0.5,0.3,23.54240226745605,24.59943580627441
521000000002,0.0,0.6,0.3,23.12027359008789,25.802772521972656
521000000002,0.0,0.7,0.3,22.70348358154297,25.71798515319824
521000000002,0.0,0.8,0.3,20.817855834960938,25.37461471557617
521000000002,0.0,0.9,0.3,19.44074440002441,25.890981674194336
521000000002,0.0,1.0,0.3,19.916257858276367,23.866926193237305
521000000003,0.0,0.0,0.3,21.20576286315918,24.446435928344727
521000000003,0.0,0.1,0.3,21.210447311401367,24.47093391418457
521000000003,0.0,0.2,0.3,21.227766036987305,24.55367660522461
521000000003,0.0,0.3,0.3,21.211271286010746,24.50625991821289
521000000003,0.0,0.4,0.3,21.182090759277344,24.4931755065918
521000000003,0.0,0.5,0.3,21.19451713562012,24.42466354370117
521000000003,0.0,0.6,0.3,21.137256622314453,24.358753204345703
521000000003,0.0,0.7,0.3,21.10928726196289,24.23768424987793
521000000003,0.0,0.8,0.3,20.95374870300293,24.022668838500977
521000000003,0.0,0.9,0.3,20.6361141204834,25.06892967224121
521000000003,0.0,1.0,0.3,18.75931739807129,25.090023040771484
521000000004,0.0,0.0,0.3,21.406667709350582,27.39601707458496
521000000004,0.0,0.1,0.3,21.40535545349121,27.34878921508789
521000000004,0.0,0.2,0.3,21.39299964904785,27.529884338378903
521000000004,0.0,0.3,0.3,21.370235443115234,27.48007774353028
521000000004,0.0,0.4,0.3,21.35547637939453,27.618152618408203
521000000004,0.0,0.5,0.3,21.23958396911621,28.24125862121582
521000000004,0.0,0.6,0.3,21.089656829833984,28.127479553222656
521000000004,0.0,0.7,0.3,20.82832336425781,25.553285598754883
521000000004,0.0,0.8,0.3,20.27099800109864,27.14476585388184
521000000004,0.0,0.9,0.3,19.211313247680664,26.672277450561523
521000000004,0.0,1.0,0.3,17.208175659179688,26.364988327026367
522000000000,0.0,0.0,0.3,25.722484588623047,23.98270797729492
522000000000,0.0,0.1,0.3,25.72697830200196,23.72110176086425
522000000000,0.0,0.2,0.3,25.74654197692871,23.73357009887696
522000000000,0.0,0.3,0.3,25.75278282165528,24.2816162109375
522000000000,0.0,0.4,0.3,25.7065372467041,24.2104434967041
522000000000,0.0,0.5,0.3,25.617456436157227,24.45733070373535
522000000000,0.0,0.6,0.3,25.333494186401367,24.111860275268555
522000000000,0.0,0.7,0.3,23.39046669006348,24.458873748779297
522000000000,0.0,0.8,0.3,24.010398864746094,24.962541580200195
522000000000,0.0,0.9,0.3,20.695215225219727,23.956621170043945
522000000000,0.0,1.0,0.3,13.198894500732422,22.4542293548584
522000000001,0.0,0.0,0.3,21.07372665405273,14.295937538146973
522000000001,0.0,0.1,0.3,21.077714920043945,14.20047092437744
522000000001,0.0,0.2,0.3,21.06288719177246,14.057477951049805
522000000001,0.0,0.3,0.3,20.98348045349121,14.468905448913574
522000000001,0.0,0.4,0.3,20.923179626464844,13.635009765625
522000000001,0.0,0.5,0.3,20.6103572845459,16.20872688293457
522000000001,0.0,0.6,0.3,19.808570861816406,12.43922233581543
522000000001,0.0,0.7,0.3,17.910533905029297,15.503636360168455
522000000001,0.0,0.8,0.3,17.004928588867188,12.097719192504885
522000000001,0.0,0.9,0.3,17.835556030273438,9.965356826782228
522000000001,0.0,1.0,0.3,17.171354293823242,9.38222885131836
522000000002,0.0,0.0,0.3,23.30449867248535,22.80025863647461
522000000002,0.0,0.1,0.3,23.30210494995117,23.148706436157227
522000000002,0.0,0.2,0.3,23.288848876953125,23.493377685546875
522000000002,0.0,0.3,0.3,23.261962890625,22.57712745666504
522000000002,0.0,0.4,0.3,23.16308784484864,23.063804626464844
522000000002,0.0,0.5,0.3,23.250959396362305,23.49168968200684
522000000002,0.0,0.6,0.3,23.18511390686035,23.731597900390625
522000000002,0.0,0.7,0.3,22.54227638244629,22.749292373657227
522000000002,0.0,0.8,0.3,17.27410888671875,22.98505973815918
522000000002,0.0,0.9,0.3,18.25526428222656,21.46677017211914
522000000002,0.0,1.0,0.3,17.90005874633789,21.32339859008789
522000000003,0.0,0.0,0.3,23.09917640686035,18.93473625183105
522000000003,0.0,0.1,0.3,23.097240447998047,18.87103271484375
522000000003,0.0,0.2,0.3,23.094099044799805,18.94158172607422
522000000003,0.0,0.3,0.3,23.078096389770508,19.35224151611328
522000000003,0.0,0.4,0.3,23.022216796875,18.99069023132324
522000000003,0.0,0.5,0.3,22.784547805786133,19.662715911865234
522000000003,0.0,0.6,0.3,22.59062767028809,18.15432357788086
522000000003,0.0,0.7,0.3,22.272180557250977,19.626813888549805
522000000003,0.0,0.8,0.3,22.01877784729004,21.714599609375
522000000003,0.0,0.9,0.3,20.57993125915528,20.452009201049805
522000000003,0.0,1.0,0.3,16.707094192504883,14.318140983581545
522000000004,0.0,0.0,0.3,19.5732536315918,10.785637855529783
522000000004,0.0,0.1,0.3,19.57225227355957,11.207575798034668
522000000004,0.0,0.2,0.3,19.565797805786133,11.135053634643556
522000000004,0.0,0.3,0.3,19.52845573425293,10.930671691894531
522000000004,0.0,0.4,0.3,19.50393867492676,11.409537315368652
522000000004,0.0,0.5,0.3,19.47627258300781,11.353269577026367
522000000004,0.0,0.6,0.3,19.33841896057129,11.708629608154297
522000000004,0.0,0.7,0.3,18.997011184692383,12.41458511352539
522000000004,0.0,0.8,0.3,18.20105361938477,13.66884708404541
522000000004,0.0,0.9,0.3,15.796363830566406,14.66177749633789
522000000004,0.0,1.0,0.3,15.8384370803833,13.02981948852539
523000000000,0.0,0.0,0.3,21.819828033447266,27.04472541809082
523000000000,0.0,0.1,0.3,21.81875228881836,27.088329315185547
523000000000,0.0,0.2,0.3,21.823436737060547,26.995962142944336
523000000000,0.0,0.3,0.3,21.840166091918945,26.95517539978028
523000000000,0.0,0.4,0.3,21.75575256347656,27.070327758789062
523000000000,0.0,0.5,0.3,21.6021785736084,26.69889259338379
523000000000,0.0,0.6,0.3,21.34272766113281,25.3105697631836
523000000000,0.0,0.7,0.3,20.22063446044922,25.764678955078125
523000000000,0.0,0.8,0.3,17.808555603027344,26.152074813842773
523000000000,0.0,0.9,0.3,15.949904441833496,26.17005157470703
523000000000,0.0,1.0,0.3,14.355008125305176,26.35919189453125
523000000001,0.0,0.0,0.3,19.42115592956543,28.128074645996094
523000000001,0.0,0.1,0.3,19.41573715209961,28.16024208068848
523000000001,0.0,0.2,0.3,19.401092529296875,28.153005599975582
523000000001,0.0,0.3,0.3,19.36052894592285,28.11918830871582
523000000001,0.0,0.4,0.3,19.367923736572266,28.064638137817383
523000000001,0.0,0.5,0.3,19.301727294921875,27.96294403076172
523000000001,0.0,0.6,0.3,17.35426902770996,26.59366798400879
523000000001,0.0,0.7,0.3,17.606653213500977,28.113311767578125
523000000001,0.0,0.8,0.3,16.084495544433594,27.67130470275879
523000000001,0.0,0.9,0.3,16.240739822387695,24.16835594177246
523000000001,0.0,1.0,0.3,15.220110893249512,26.94747734069824
523000000002,0.0,0.0,0.3,22.183473587036133,27.83488845825196
523000000002,0.0,0.1,0.3,22.18274688720703,27.98910140991211
523000000002,0.0,0.2,0.3,22.183439254760746,27.85532188415528
523000000002,0.0,0.3,0.3,22.188100814819336,28.140926361083984
523000000002,0.0,0.4,0.3,22.183996200561523,28.23331642150879
523000000002,0.0,0.5,0.3,22.18663787841797,28.215526580810547
523000000002,0.0,0.6,0.3,22.151931762695312,28.532548904418945
523000000002,0.0,0.7,0.3,22.153839111328125,27.972530364990234
523000000002,0.0,0.8,0.3,22.187143325805664,27.96797180175781
523000000002,0.0,0.9,0.3,22.166831970214844,28.714000701904297
523000000002,0.0,1.0,0.3,22.07721710205078,27.283615112304688
523000000003,0.0,0.0,0.3,21.132322311401367,29.00838851928711
523000000003,0.0,0.1,0.3,21.1235294342041,29.48016166687012
523000000003,0.0,0.2,0.3,21.11411666870117,29.281965255737305
523000000003,0.0,0.3,0.3,21.0896053314209,28.636199951171875
523000000003,0.0,0.4,0.3,21.040170669555664,28.96484375
523000000003,0.0,0.5,0.3,20.994150161743164,28.95561981201172
523000000003,0.0,0.6,0.3,20.51607322692871,29.288190841674805
523000000003,0.0,0.7,0.3,19.47306060791016,27.76091957092285
523000000003,0.0,0.8,0.3,17.138225555419922,28.79042625427246
523000000003,0.0,0.9,0.3,16.921659469604492,28.62317657470703
523000000003,0.0,1.0,0.3,17.082773208618164,27.76156997680664
523000000004,0.0,0.0,0.3,22.838468551635746,24.9067611694336
523000000004,0.0,0.1,0.3,22.84499931335449,24.930381774902344
523000000004,0.0,0.2,0.3,22.85144424438477,24.8830623626709
523000000004,0.0,0.3,0.3,22.820810317993164,25.080739974975582
523000000004,0.0,0.4,0.3,22.79906272888184,24.744457244873047
523000000004,0.0,0.5,0.3,22.7207145690918,24.81671142578125
523000000004,0.0,0.6,0.3,22.35905265808105,24.813459396362305
523000000004,0.0,0.7,0.3,21.992774963378903,25.3427677154541
523000000004,0.0,0.8,0.3,21.782865524291992,24.834829330444336
523000000004,0.0,0.9,0.3,21.049362182617188,25.08146095275879
523000000004,0.0,1.0,0.3,17.621171951293945,23.88641166687012
524000000000,0.0,0.0,0.3,22.163305282592773,23.513187408447266
524000000000,0.0,0.1,0.3,22.172462463378903,23.64930725097656
524000000000,0.0,0.2,0.3,22.19072914123535,23.548206329345703
524000000000,0.0,0.3,0.3,22.13408470153809,23.66063690185547
524000000000,0.0,0.4,0.3,22.06755828857422,23.548402786254883
524000000000,0.0,0.5,0.3,22.08661842346192,23.77017593383789
524000000000,0.0,0.6,0.3,22.001192092895508,23.65475082397461
524000000000,0.0,0.7,0.3,21.11800575256348,25.129472732543945
524000000000,0.0,0.8,0.3,19.189617156982425,24.078882217407227
524000000000,0.0,0.9,0.3,19.62215042114257,23.82390594482422
524000000000,0.0,1.0,0.3,18.886533737182617,24.77162170410156
524000000001,0.0,0.0,0.3,20.635801315307617,22.675521850585938
524000000001,0.0,0.1,0.3,20.631505966186523,22.6806583404541
524000000001,0.0,0.2,0.3,20.61040306091309,22.625364303588867
524000000001,0.0,0.3,0.3,20.596052169799805,22.8597469329834
524000000001,0.0,0.4,0.3,20.51961326599121,23.292224884033203
524000000001,0.0,0.5,0.3,20.26795196533203,22.565523147583008
524000000001,0.0,0.6,0.3,20.10990524291992,21.923038482666016
524000000001,0.0,0.7,0.3,19.941879272460938,23.00769424438477
524000000001,0.0,0.8,0.3,19.341062545776367,22.229772567749023
524000000001,0.0,0.9,0.3,18.55774307250977,23.49117660522461
524000000001,0.0,1.0,0.3,16.564987182617188,22.052318572998047
524000000002,0.0,0.0,0.3,18.82186889648437,19.91851043701172
524000000002,0.0,0.1,0.3,18.81802749633789,19.97025489807129
524000000002,0.0,0.2,0.3,18.82236099243164,20.002206802368164
524000000002,0.0,0.3,0.3,18.79935073852539,19.18469619750977
524000000002,0.0,0.4,0.3,18.752103805541992,19.192432403564453
524000000002,0.0,0.5,0.3,18.742908477783203,19.852577209472656
524000000002,0.0,0.6,0.3,18.45035552978516,19.12925338745117
524000000002,0.0,0.7,0.3,17.68253517150879,19.03935432434082
524000000002,0.0,0.8,0.3,17.620088577270508,19.16475296020508
524000000002,0.0,0.9,0.3,16.957897186279297,21.51380729675293
524000000002,0.0,1.0,0.3,15.637947082519531,23.074087142944336
524000000003,0.0,0.0,0.3,24.67259788513184,22.13919258117676
524000000003,0.0,0.1,0.3,24.673885345458984,22.46675109863281
524000000003,0.0,0.2,0.3,24.67169189453125,21.91282844543457
524000000003,0.0,0.3,0.3,24.558324813842773,22.20660400390625
524000000003,0.0,0.4,0.3,24.52740859985352,21.97162818908692
524000000003,0.0,0.5,0.3,24.561431884765625,21.87087059020996
524000000003,0.0,0.6,0.3,24.13359642028809,22.46138381958008
524000000003,0.0,0.7,0.3,23.988540649414062,21.18470764160156
524000000003,0.0,0.8,0.3,23.09866523742676,23.27115058898925
524000000003,0.0,0.9,0.3,22.623329162597656,23.279769897460938
524000000003,0.0,1.0,0.3,23.43086814880371,23.72161293029785
524000000004,0.0,0.0,0.3,17.73290252685547,30.198760986328125
524000000004,0.0,0.1,0.3,17.73085594177246,30.59675407409668
524000000004,0.0,0.2,0.3,17.721187591552734,30.99361991882324
524000000004,0.0,0.3,0.3,17.637636184692383,31.775331497192383
524000000004,0.0,0.4,0.3,17.50084686279297,29.00228881835937
524000000004,0.0,0.5,0.3,17.439579010009766,28.977447509765625
524000000004,0.0,0.6,0.3,17.264434814453125,25.68729019165039
524000000004,0.0,0.7,0.3,16.746158599853516,30.96465492248535
524000000004,0.0,0.8,0.3,15.781034469604492,31.968175888061523
524000000004,0.0,0.9,0.3,15.65074062347412,32.19766616821289
524000000004,0.0,1.0,0.3,15.66240692138672,31.335670471191406
611000000000,0.0,0.0,0.3,23.6466064453125,13.706485748291016
611000000000,0.0,0.1,0.3,23.63917350769043,13.827893257141112
611000000000,0.0,0.2,0.3,23.644800186157227,14.002513885498049
611000000000,0.0,0.3,0.3,23.575693130493164,13.470743179321287
611000000000,0.0,0.4,0.3,23.405250549316406,13.784018516540527
611000000000,0.0,0.5,0.3,23.298526763916016,13.59405517578125
611000000000,0.0,0.6,0.3,23.09969711303711,13.750100135803224
611000000000,0.0,0.7,0.3,22.69040298461914,14.18500518798828
611000000000,0.0,0.8,0.3,21.790998458862305,14.127487182617188
611000000000,0.0,0.9,0.3,20.694154739379883,15.231473922729492
611000000000,0.0,1.0,0.3,20.10043334960937,16.890256881713867
611000000001,0.0,0.0,0.3,16.26287269592285,10.711305618286133
611000000001,0.0,0.1,0.3,16.258176803588867,10.92541790008545
611000000001,0.0,0.2,0.3,16.247875213623047,11.479969024658203
611000000001,0.0,0.3,0.3,16.193323135375977,11.02428150177002
611000000001,0.0,0.4,0.3,16.0185546875,10.846211433410645
611000000001,0.0,0.5,0.3,15.967169761657717,12.066414833068848
611000000001,0.0,0.6,0.3,15.47830867767334,10.92808437347412
611000000001,0.0,0.7,0.3,14.163491249084473,10.07302188873291
611000000001,0.0,0.8,0.3,13.673234939575195,9.185053825378418
611000000001,0.0,0.9,0.3,13.046462059020996,12.01983642578125
611000000001,0.0,1.0,0.3,11.260969161987305,17.61171531677246
611000000002,0.0,0.0,0.3,20.56036376953125,16.379940032958984
611000000002,0.0,0.1,0.3,20.566593170166016,16.671058654785156
611000000002,0.0,0.2,0.3,20.58356475830078,16.18599510192871
611000000002,0.0,0.3,0.3,20.47988510131836,17.864110946655273
611000000002,0.0,0.4,0.3,20.235170364379883,17.001426696777344
611000000002,0.0,0.5,0.3,19.66739845275879,17.149269104003906
611000000002,0.0,0.6,0.3,19.37607383728028,17.995094299316406
611000000002,0.0,0.7,0.3,17.263093948364258,18.009849548339844
611000000002,0.0,0.8,0.3,16.417858123779297,25.608781814575195
611000000002,0.0,0.9,0.3,14.888956069946287,15.925529479980469
611000000002,0.0,1.0,0.3,14.688688278198242,16.88520622253418
611000000003,0.0,0.0,0.3,17.953670501708984,14.417794227600098
611000000003,0.0,0.1,0.3,17.951534271240234,14.372003555297852
611000000003,0.0,0.2,0.3,17.949588775634766,14.623552322387695
611000000003,0.0,0.3,0.3,17.962459564208984,14.473837852478027
611000000003,0.0,0.4,0.3,17.911195755004883,14.828168869018556
611000000003,0.0,0.5,0.3,17.737215042114258,14.61922550201416
611000000003,0.0,0.6,0.3,17.310239791870117,15.667923927307127
611000000003,0.0,0.7,0.3,16.954769134521484,16.02492904663086
611000000003,0.0,0.8,0.3,16.347007751464844,16.835920333862305
611000000003,0.0,0.9,0.3,16.511716842651367,19.85376167297364
611000000003,0.0,1.0,0.3,16.082258224487305,19.152050018310547
611000000004,0.0,0.0,0.3,22.39428329467773,20.45755386352539
611000000004,0.0,0.1,0.3,22.39175796508789,20.455623626708984
611000000004,0.0,0.2,0.3,22.39889907836914,20.437150955200195
611000000004,0.0,0.3,0.3,22.362768173217773,20.67039680480957
611000000004,0.0,0.4,0.3,22.10424041748047,20.97246360778809
611000000004,0.0,0.5,0.3,21.877212524414062,21.09002685546875
611000000004,0.0,0.6,0.3,21.08933448791504,21.0174617767334
611000000004,0.0,0.7,0.3,19.712560653686523,22.17947578430176
611000000004,0.0,0.8,0.3,18.82828521728516,21.528221130371094
611000000004,0.0,0.9,0.3,18.473352432250977,23.078519821166992
611000000004,0.0,1.0,0.3,16.421470642089844,21.68210792541504
612000000000,0.0,0.0,0.3,15.433938026428224,26.601219177246094
612000000000,0.0,0.1,0.3,15.430194854736328,26.5233211517334
612000000000,0.0,0.2,0.3,15.421740531921388,25.93129539489746
612000000000,0.0,0.3,0.3,15.386649131774902,26.56148147583008
612000000000,0.0,0.4,0.3,15.393594741821287,26.38913345336914
612000000000,0.0,0.5,0.3,15.393835067749023,26.89312744140625
612000000000,0.0,0.6,0.3,15.20123291015625,26.35612869262696
612000000000,0.0,0.7,0.3,15.146374702453612,25.62333869934082
612000000000,0.0,0.8,0.3,14.617694854736328,25.428699493408203
612000000000,0.0,0.9,0.3,13.025945663452148,24.670488357543945
612000000000,0.0,1.0,0.3,11.117892265319824,25.09456825256348
612000000001,0.0,0.0,0.3,18.33938217163086,22.11434936523437
612000000001,0.0,0.1,0.3,18.34164810180664,22.07210159301757
612000000001,0.0,0.2,0.3,18.35025405883789,21.639711380004883
612000000001,0.0,0.3,0.3,18.365497589111328,21.433618545532227
612000000001,0.0,0.4,0.3,18.374698638916016,21.51535987854004
612000000001,0.0,0.5,0.3,18.360496520996094,21.27993965148925
612000000001,0.0,0.6,0.3,18.2912540435791,20.88848114013672
612000000001,0.0,0.7,0.3,17.61245346069336,21.32976150512696
612000000001,0.0,0.8,0.3,17.813920974731445,22.4549560546875
612000000001,0.0,0.9,0.3,14.499317169189451,24.91876602172852
612000000001,0.0,1.0,0.3,14.168910026550291,23.343605041503903
612000000002,0.0,0.0,0.3,29.90925025939941,18.720918655395508
612000000002,0.0,0.1,0.3,29.916608810424805,18.91550636291504
612000000002,0.0,0.2,0.3,29.90371894836425,18.595626831054688
612000000002,0.0,0.3,0.3,29.82414436340332,18.770959854125977
612000000002,0.0,0.4,0.3,29.60625457763672,19.484846115112305
612000000002,0.0,0.5,0.3,29.365140914916992,21.61262893676757
612000000002,0.0,0.6,0.3,28.929420471191406,19.738082885742188
612000000002,0.0,0.7,0.3,28.490476608276367,19.13272285461425
612000000002,0.0,0.8,0.3,27.666269302368164,21.61556053161621
612000000002,0.0,0.9,0.3,24.564781188964844,22.49163055419922
612000000002,0.0,1.0,0.3,13.42121124267578,24.49684715270996
612000000003,0.0,0.0,0.3,23.345178604125977,18.674936294555664
612000000003,0.0,0.1,0.3,23.296142578125,17.902738571166992
612000000003,0.0,0.2,0.3,23.161251068115234,18.00859260559082
612000000003,0.0,0.3,0.3,22.93204689025879,18.36622428894043
612000000003,0.0,0.4,0.3,22.58680725097656,18.6289119720459
612000000003,0.0,0.5,0.3,22.71488380432129,18.8469295501709
612000000003,0.0,0.6,0.3,21.78766822814941,18.6585636138916
612000000003,0.0,0.7,0.3,19.236469268798828,16.266557693481445
612000000003,0.0,0.8,0.3,17.444015502929688,17.955463409423828
612000000003,0.0,0.9,0.3,14.54018497467041,18.699960708618164
612000000003,0.0,1.0,0.3,13.094191551208496,23.72960662841797
612000000004,0.0,0.0,0.3,21.58816909790039,8.295759201049805
612000000004,0.0,0.1,0.3,21.58572006225586,8.162585258483887
612000000004,0.0,0.2,0.3,21.57915687561035,8.489081382751465
612000000004,0.0,0.3,0.3,21.55446052551269,9.10967254638672
612000000004,0.0,0.4,0.3,21.51580619812012,9.386544227600098
612000000004,0.0,0.5,0.3,21.430635452270508,9.80673122406006
612000000004,0.0,0.6,0.3,21.27080535888672,10.349337577819824
612000000004,0.0,0.7,0.3,20.9301815032959,10.747249603271484
612000000004,0.0,0.8,0.3,20.62754440307617,9.476908683776855
612000000004,0.0,0.9,0.3,20.092254638671875,9.936383247375488
612000000004,0.0,1.0,0.3,19.96780586242676,10.011677742004396
613000000000,0.0,0.0,0.3,16.960243225097656,17.234882354736328
613000000000,0.0,0.1,0.3,16.962060928344727,17.254484176635742
613000000000,0.0,0.2,0.3,16.95012855529785,17.52900505065918
613000000000,0.0,0.3,0.3,16.885316848754883,17.830142974853516
613000000000,0.0,0.4,0.3,16.701631546020508,16.720979690551758
613000000000,0.0,0.5,0.3,16.251853942871094,16.630531311035156
613000000000,0.0,0.6,0.3,15.064082145690918,18.51951789855957
613000000000,0.0,0.7,0.3,14.489599227905272,22.10034942626953
613000000000,0.0,0.8,0.3,13.651378631591797,20.468551635742188
613000000000,0.0,0.9,0.3,13.338391304016112,19.45790100097656
613000000000,0.0,1.0,0.3,12.515892028808594,19.975719451904297
613000000001,0.0,0.0,0.3,21.37051010131836,18.675270080566406
613000000001,0.0,0.1,0.3,21.387392044067383,18.67300796508789
613000000001,0.0,0.2,0.3,21.413070678710938,18.42262458801269
613000000001,0.0,0.3,0.3,21.410289764404297,17.94354248046875
613000000001,0.0,0.4,0.3,21.36420631408692,17.502208709716797
613000000001,0.0,0.5,0.3,21.210805892944336,19.23401641845703
613000000001,0.0,0.6,0.3,20.076736450195312,22.81922912597656
613000000001,0.0,0.7,0.3,18.67653083801269,23.94786834716797
613000000001,0.0,0.8,0.3,15.794759750366213,27.783599853515625
613000000001,0.0,0.9,0.3,14.153996467590332,23.712543487548828
613000000001,0.0,1.0,0.3,12.9459228515625,17.274463653564453
613000000002,0.0,0.0,0.3,21.711610794067383,15.794983863830566
613000000002,0.0,0.1,0.3,21.718505859375,15.725488662719728
613000000002,0.0,0.2,0.3,21.72220230102539,16.275300979614258
613000000002,0.0,0.3,0.3,21.65787506103516,15.57919216156006
613000000002,0.0,0.4,0.3,21.4446964263916,15.93974494934082
613000000002,0.0,0.5,0.3,21.31227302551269,17.046579360961914
613000000002,0.0,0.6,0.3,20.872634887695312,16.002256393432617
613000000002,0.0,0.7,0.3,19.01759529113769,14.407669067382812
613000000002,0.0,0.8,0.3,16.271089553833008,16.151615142822266
613000000002,0.0,0.9,0.3,13.853296279907228,17.839168548583984
613000000002,0.0,1.0,0.3,11.091708183288574,16.18753433227539
613000000003,0.0,0.0,0.3,21.75062370300293,22.26963806152344
613000000003,0.0,0.1,0.3,21.75345230102539,22.08150100708008
613000000003,0.0,0.2,0.3,21.75743293762207,22.064836502075195
613000000003,0.0,0.3,0.3,21.722450256347656,22.15557098388672
613000000003,0.0,0.4,0.3,21.639488220214844,22.04949951171875
613000000003,0.0,0.5,0.3,21.35975456237793,22.551870346069336
613000000003,0.0,0.6,0.3,20.7646427154541,22.499292373657227
613000000003,0.0,0.7,0.3,19.65712547302246,22.16165351867676
613000000003,0.0,0.8,0.3,16.24515151977539,24.073869705200195
613000000003,0.0,0.9,0.3,12.325692176818848,21.09311294555664
613000000003,0.0,1.0,0.3,9.930500984191896,22.254037857055664
613000000004,0.0,0.0,0.3,18.85061264038086,18.091941833496094
613000000004,0.0,0.1,0.3,18.85935401916504,17.399084091186523
613000000004,0.0,0.2,0.3,18.85706329345703,18.053682327270508
613000000004,0.0,0.3,0.3,18.77793312072754,18.115812301635746
613000000004,0.0,0.4,0.3,18.66017723083496,17.93186378479004
613000000004,0.0,0.5,0.3,18.16309356689453,17.218551635742188
613000000004,0.0,0.6,0.3,17.78369903564453,18.13715934753418
613000000004,0.0,0.7,0.3,16.401748657226562,19.56122589111328
613000000004,0.0,0.8,0.3,15.916377067565918,20.933181762695312
613000000004,0.0,0.9,0.3,15.741666793823242,18.15744972229004
613000000004,0.0,1.0,0.3,15.706318855285645,20.18784141540528
614000000000,0.0,0.0,0.3,24.916948318481445,19.057992935180664
614000000000,0.0,0.1,0.3,24.916748046875,19.233619689941406
614000000000,0.0,0.2,0.3,24.91478157043457,19.993263244628903
614000000000,0.0,0.3,0.3,24.89596176147461,20.04057502746582
614000000000,0.0,0.4,0.3,24.6976318359375,19.020814895629883
614000000000,0.0,0.5,0.3,23.83629608154297,19.44354248046875
614000000000,0.0,0.6,0.3,23.21046257019043,18.68187522888184
614000000000,0.0,0.7,0.3,19.646005630493164,19.113073348999023
614000000000,0.0,0.8,0.3,16.66876792907715,19.71361923217773
614000000000,0.0,0.9,0.3,20.47383689880371,22.035274505615234
614000000000,0.0,1.0,0.3,20.597579956054688,19.39114570617676
614000000001,0.0,0.0,0.3,22.30109024047852,22.766403198242188
614000000001,0.0,0.1,0.3,22.30069923400879,22.877498626708984
614000000001,0.0,0.2,0.3,22.29476928710937,23.208290100097656
614000000001,0.0,0.3,0.3,22.24066734313965,24.147205352783203
614000000001,0.0,0.4,0.3,22.044532775878903,25.254512786865234
614000000001,0.0,0.5,0.3,21.716835021972656,26.151954650878903
614000000001,0.0,0.6,0.3,21.088966369628903,26.587127685546875
614000000001,0.0,0.7,0.3,19.622283935546875,26.707517623901367
614000000001,0.0,0.8,0.3,17.884679794311523,27.107393264770508
614000000001,0.0,0.9,0.3,16.270090103149414,26.86634635925293
614000000001,0.0,1.0,0.3,13.930164337158203,26.97905921936035
614000000002,0.0,0.0,0.3,30.624895095825195,21.028539657592773
614000000002,0.0,0.1,0.3,30.58675765991211,21.05622673034668
614000000002,0.0,0.2,0.3,30.50008201599121,20.848052978515625
614000000002,0.0,0.3,0.3,30.17405891418457,20.52619171142578
614000000002,0.0,0.4,0.3,29.74925422668457,20.80670928955078
614000000002,0.0,0.5,0.3,28.979650497436523,21.925323486328125
614000000002,0.0,0.6,0.3,26.23165702819824,22.24684333801269
614000000002,0.0,0.7,0.3,25.21334457397461,21.66102600097656
614000000002,0.0,0.8,0.3,21.174015045166016,22.4914779663086
614000000002,0.0,0.9,0.3,15.502401351928713,22.65401840209961
614000000002,0.0,1.0,0.3,13.18686580657959,22.45786666870117
614000000003,0.0,0.0,0.3,23.697254180908203,23.08418655395508
614000000003,0.0,0.1,0.3,23.69693374633789,23.204532623291016
614000000003,0.0,0.2,0.3,23.684255599975582,22.99735641479492
614000000003,0.0,0.3,0.3,23.661266326904297,23.206478118896484
614000000003,0.0,0.4,0.3,23.49431228637696,22.921287536621094
614000000003,0.0,0.5,0.3,23.10848617553711,23.46991539001465
614000000003,0.0,0.6,0.3,21.72331047058105,23.53822135925293
614000000003,0.0,0.7,0.3,20.03484535217285,24.316211700439453
614000000003,0.0,0.8,0.3,18.616914749145508,24.81166076660156
614000000003,0.0,0.9,0.3,16.094499588012695,24.14446830749512
614000000003,0.0,1.0,0.3,15.807417869567873,23.123998641967773
614000000004,0.0,0.0,0.3,23.248104095458984,20.569839477539062
614000000004,0.0,0.1,0.3,23.25403594970703,20.592891693115234
614000000004,0.0,0.2,0.3,23.248157501220703,21.04174423217773
614000000004,0.0,0.3,0.3,23.01502227783203,20.676692962646484
614000000004,0.0,0.4,0.3,22.94748306274414,20.71906852722168
614000000004,0.0,0.5,0.3,22.36370086669922,21.868986129760746
614000000004,0.0,0.6,0.3,21.369848251342773,20.76483154296875
614000000004,0.0,0.7,0.3,18.585168838500977,21.769868850708008
614000000004,0.0,0.8,0.3,14.267348289489746,21.609336853027344
614000000004,0.0,0.9,0.3,13.842925071716309,22.367137908935547
614000000004,0.0,1.0,0.3,13.498527526855469,22.719932556152344
621000000000,0.0,0.0,0.3,19.9917049407959,20.409841537475582
621000000000,0.0,0.1,0.3,19.98887634277344,20.51650619506836
621000000000,0.0,0.2,0.3,19.97507095336914,20.60929298400879
621000000000,0.0,0.3,0.3,19.90808486938477,20.71061134338379
621000000000,0.0,0.4,0.3,19.82815170288086,21.25555992126465
621000000000,0.0,0.5,0.3,19.77538299560547,21.04090690612793
621000000000,0.0,0.6,0.3,19.64131736755371,21.048614501953125
621000000000,0.0,0.7,0.3,19.36156272888184,19.230302810668945
621000000000,0.0,0.8,0.3,19.311466217041016,18.95833206176757
621000000000,0.0,0.9,0.3,18.78614997863769,21.376882553100582
621000000000,0.0,1.0,0.3,18.40886878967285,20.94924545288086
621000000001,0.0,0.0,0.3,23.840112686157227,22.662084579467773
621000000001,0.0,0.1,0.3,23.837316513061523,22.685970306396484
621000000001,0.0,0.2,0.3,23.65409278869629,22.78787422180176
621000000001,0.0,0.3,0.3,23.526784896850582,23.385417938232425
621000000001,0.0,0.4,0.3,23.046295166015625,23.73996353149414
621000000001,0.0,0.5,0.3,22.547605514526367,24.0003604888916
621000000001,0.0,0.6,0.3,21.76117515563965,24.85394859313965
621000000001,0.0,0.7,0.3,20.527626037597656,25.849740982055664
621000000001,0.0,0.8,0.3,19.219709396362305,26.482946395874023
621000000001,0.0,0.9,0.3,16.788450241088867,27.929946899414062
621000000001,0.0,1.0,0.3,15.878318786621094,28.717395782470703
621000000002,0.0,0.0,0.3,23.04812240600586,18.9516658782959
621000000002,0.0,0.1,0.3,23.05774307250977,19.245609283447266
621000000002,0.0,0.2,0.3,23.038061141967773,19.38738822937012
621000000002,0.0,0.3,0.3,22.90389633178711,20.79169654846192
621000000002,0.0,0.4,0.3,22.532712936401367,22.42955207824707
621000000002,0.0,0.5,0.3,22.05052947998047,22.91976928710937
621000000002,0.0,0.6,0.3,21.125221252441406,22.256711959838867
621000000002,0.0,0.7,0.3,19.360252380371094,23.6120662689209
621000000002,0.0,0.8,0.3,18.18708610534668,24.66407585144043
621000000002,0.0,0.9,0.3,18.747053146362305,24.45540809631348
621000000002,0.0,1.0,0.3,17.54987335205078,25.36098289489746
621000000003,0.0,0.0,0.3,18.190359115600582,21.788116455078125
621000000003,0.0,0.1,0.3,18.19185447692871,21.709779739379883
621000000003,0.0,0.2,0.3,18.154556274414062,21.730133056640625
621000000003,0.0,0.3,0.3,18.05129051208496,22.483402252197266
621000000003,0.0,0.4,0.3,17.890743255615234,22.15702438354492
621000000003,0.0,0.5,0.3,17.571104049682617,21.52307891845703
621000000003,0.0,0.6,0.3,16.99518394470215,20.660017013549805
621000000003,0.0,0.7,0.3,16.782245635986328,24.05516815185547
621000000003,0.0,0.8,0.3,15.742836952209473,20.905277252197266
621000000003,0.0,0.9,0.3,14.234643936157228,22.928451538085938
621000000003,0.0,1.0,0.3,14.034771919250488,27.236873626708984
621000000004,0.0,0.0,0.3,22.500307083129883,20.27980613708496
621000000004,0.0,0.1,0.3,22.48386573791504,20.275554656982425
621000000004,0.0,0.2,0.3,22.399152755737305,20.160680770874023
621000000004,0.0,0.3,0.3,22.15973472595215,20.36270332336425
621000000004,0.0,0.4,0.3,21.892559051513672,20.23274040222168
621000000004,0.0,0.5,0.3,21.34650039672852,20.8668270111084
621000000004,0.0,0.6,0.3,20.514101028442383,20.088565826416016
621000000004,0.0,0.7,0.3,19.484140396118164,20.130577087402344
621000000004,0.0,0.8,0.3,17.505605697631836,20.61231803894043
621000000004,0.0,0.9,0.3,16.356029510498047,20.111055374145508
621000000004,0.0,1.0,0.3,15.931756973266602,18.969350814819336
622000000000,0.0,0.0,0.3,30.298673629760746,18.10500907897949
622000000000,0.0,0.1,0.3,30.272045135498047,18.172496795654297
622000000000,0.0,0.2,0.3,30.22394561767578,18.20439720153809
622000000000,0.0,0.3,0.3,30.0898380279541,18.2063045501709
622000000000,0.0,0.4,0.3,30.013458251953125,18.61346435546875
622000000000,0.0,0.5,0.3,29.711790084838867,16.066238403320312
622000000000,0.0,0.6,0.3,29.04966926574707,17.86420249938965
622000000000,0.0,0.7,0.3,27.72838592529297,18.499080657958984
622000000000,0.0,0.8,0.3,26.031110763549805,16.92104148864746
622000000000,0.0,0.9,0.3,16.040943145751953,24.260805130004883
622000000000,0.0,1.0,0.3,13.499176025390623,26.91073989868164
622000000001,0.0,0.0,0.3,17.49114990234375,13.557367324829102
622000000001,0.0,0.1,0.3,17.506853103637695,14.09650421142578
622000000001,0.0,0.2,0.3,17.50410270690918,13.440068244934082
622000000001,0.0,0.3,0.3,17.37685775756836,13.306304931640623
622000000001,0.0,0.4,0.3,17.154903411865234,13.642329216003418
622000000001,0.0,0.5,0.3,17.10115623474121,13.204203605651855
622000000001,0.0,0.6,0.3,16.82904052734375,12.30130100250244
622000000001,0.0,0.7,0.3,16.194011688232422,15.876102447509766
622000000001,0.0,0.8,0.3,14.771649360656738,16.287439346313477
622000000001,0.0,0.9,0.3,12.297635078430176,20.03923416137696
622000000001,0.0,1.0,0.3,10.696839332580566,20.61654090881348
622000000002,0.0,0.0,0.3,23.24744033813477,16.368175506591797
622000000002,0.0,0.1,0.3,23.27227210998535,16.346294403076172
622000000002,0.0,0.2,0.3,23.308727264404297,16.36592674255371
622000000002,0.0,0.3,0.3,23.131637573242188,15.666678428649902
622000000002,0.0,0.4,0.3,23.307016372680664,16.45534896850586
622000000002,0.0,0.5,0.3,21.54140281677246,17.145870208740234
622000000002,0.0,0.6,0.3,22.348499298095703,17.48448944091797
622000000002,0.0,0.7,0.3,20.724607467651367,16.535690307617188
622000000002,0.0,0.8,0.3,18.96786880493164,18.16071891784668
622000000002,0.0,0.9,0.3,17.451417922973633,18.46646499633789
622000000002,0.0,1.0,0.3,13.481658935546877,15.84922981262207
622000000003,0.0,0.0,0.3,29.033409118652344,20.208480834960938
622000000003,0.0,0.1,0.3,29.08130645751953,20.23063087463379
622000000003,0.0,0.2,0.3,29.09752655029297,20.389429092407227
622000000003,0.0,0.3,0.3,28.85007667541504,20.952505111694336
622000000003,0.0,0.4,0.3,28.780914306640625,20.86142349243164
622000000003,0.0,0.5,0.3,28.45284652709961,20.756610870361328
622000000003,0.0,0.6,0.3,27.69944953918457,21.44010162353516
622000000003,0.0,0.7,0.3,26.504865646362305,21.781782150268555
622000000003,0.0,0.8,0.3,19.31119537353516,20.99005126953125
622000000003,0.0,0.9,0.3,20.863658905029297,24.6687068939209
622000000003,0.0,1.0,0.3,17.007492065429688,25.32068252563477
622000000004,0.0,0.0,0.3,25.395341873168945,15.407651901245115
622000000004,0.0,0.1,0.3,25.39163398742676,15.505308151245115
622000000004,0.0,0.2,0.3,25.389122009277344,15.884730339050291
622000000004,0.0,0.3,0.3,25.30113983154297,15.924485206604004
622000000004,0.0,0.4,0.3,24.355356216430664,15.900257110595703
622000000004,0.0,0.5,0.3,23.21641159057617,15.039831161499023
622000000004,0.0,0.6,0.3,23.45380401611328,14.463912010192873
622000000004,0.0,0.7,0.3,21.34246253967285,14.959200859069824
622000000004,0.0,0.8,0.3,18.692760467529297,18.45790672302246
622000000004,0.0,0.9,0.3,15.510526657104492,18.88335609436035
622000000004,0.0,1.0,0.3,14.684370994567873,17.82794952392578
623000000000,0.0,0.0,0.3,24.224910736083984,22.558534622192383
623000000000,0.0,0.1,0.3,24.22566795349121,22.931489944458008
623000000000,0.0,0.2,0.3,24.22099876403809,22.742467880249023
623000000000,0.0,0.3,0.3,24.11438369750977,22.564193725585938
623000000000,0.0,0.4,0.3,23.664714813232425,22.486831665039062
623000000000,0.0,0.5,0.3,23.494853973388672,24.16845321655273
623000000000,0.0,0.6,0.3,21.28618621826172,23.837644577026367
623000000000,0.0,0.7,0.3,19.153045654296875,23.93425178527832
623000000000,0.0,0.8,0.3,18.11647605895996,24.013412475585938
623000000000,0.0,0.9,0.3,17.07208824157715,23.00217628479004
623000000000,0.0,1.0,0.3,16.268573760986328,23.921875
623000000001,0.0,0.0,0.3,20.7257022857666,20.57500648498535
623000000001,0.0,0.1,0.3,20.72071075439453,19.912803649902344
623000000001,0.0,0.2,0.3,20.702726364135746,19.97125244140625
623000000001,0.0,0.3,0.3,20.64058303833008,20.18268775939941
623000000001,0.0,0.4,0.3,20.52144241333008,19.88750648498535
623000000001,0.0,0.5,0.3,20.53242492675781,24.04839134216309
623000000001,0.0,0.6,0.3,20.27555656433105,25.86421585083008
623000000001,0.0,0.7,0.3,20.4123477935791,23.14390754699707
623000000001,0.0,0.8,0.3,20.36664581298828,21.5229549407959
623000000001,0.0,0.9,0.3,20.27958869934082,22.02752685546875
623000000001,0.0,1.0,0.3,19.99388694763184,22.13193130493164
623000000002,0.0,0.0,0.3,25.85204124450684,22.569393157958984
623000000002,0.0,0.1,0.3,25.84239196777344,22.543052673339844
623000000002,0.0,0.2,0.3,25.801881790161133,22.596450805664062
623000000002,0.0,0.3,0.3,25.67148208618164,22.50577163696289
623000000002,0.0,0.4,0.3,25.586061477661133,22.519285202026367
623000000002,0.0,0.5,0.3,25.27108383178711,22.480932235717773
623000000002,0.0,0.6,0.3,24.75364875793457,23.00830268859864
623000000002,0.0,0.7,0.3,21.30843162536621,24.688522338867188
623000000002,0.0,0.8,0.3,17.38527488708496,23.440128326416016
623000000002,0.0,0.9,0.3,18.38460731506348,26.437503814697266
623000000002,0.0,1.0,0.3,17.705394744873047,15.92698097229004
623000000003,0.0,0.0,0.3,27.140077590942383,12.145940780639648
623000000003,0.0,0.1,0.3,27.15687370300293,12.581727027893066
623000000003,0.0,0.2,0.3,27.207260131835938,11.719536781311035
623000000003,0.0,0.3,0.3,27.139514923095703,12.82672119140625
623000000003,0.0,0.4,0.3,27.139591217041016,11.86008644104004
623000000003,0.0,0.5,0.3,27.023134231567383,12.42094898223877
623000000003,0.0,0.6,0.3,27.10724258422852,12.999643325805664
623000000003,0.0,0.7,0.3,26.62934112548828,11.823481559753418
623000000003,0.0,0.8,0.3,24.52762985229492,13.079041481018066
623000000003,0.0,0.9,0.3,21.754714965820312,12.155583381652832
623000000003,0.0,1.0,0.3,22.06273078918457,12.28834342956543
623000000004,0.0,0.0,0.3,24.91901206970215,10.877008438110352
623000000004,0.0,0.1,0.3,24.908557891845703,10.774698257446287
623000000004,0.0,0.2,0.3,24.871177673339844,11.093454360961914
623000000004,0.0,0.3,0.3,24.80323982238769,11.341838836669922
623000000004,0.0,0.4,0.3,24.48451042175293,14.139409065246582
623000000004,0.0,0.5,0.3,24.1341609954834,11.501468658447266
623000000004,0.0,0.6,0.3,23.015140533447266,10.555148124694824
623000000004,0.0,0.7,0.3,20.478116989135746,11.840359687805176
623000000004,0.0,0.8,0.3,18.197139739990234,16.444522857666016
623000000004,0.0,0.9,0.3,16.181987762451172,20.844804763793945
623000000004,0.0,1.0,0.3,15.672826766967772,19.50801658630371
624000000000,0.0,0.0,0.3,20.51013565063477,24.51976203918457
624000000000,0.0,0.1,0.3,20.51299285888672,24.58319664001465
624000000000,0.0,0.2,0.3,20.50481414794922,24.68391799926757
624000000000,0.0,0.3,0.3,20.47403335571289,24.506221771240234
624000000000,0.0,0.4,0.3,20.394311904907227,24.71224594116211
624000000000,0.0,0.5,0.3,20.43965148925781,24.564611434936523
624000000000,0.0,0.6,0.3,20.165149688720703,24.259605407714844
624000000000,0.0,0.7,0.3,19.93189811706543,23.77212715148925
624000000000,0.0,0.8,0.3,20.013437271118164,24.07843589782715
624000000000,0.0,0.9,0.3,18.1700439453125,24.59111595153809
624000000000,0.0,1.0,0.3,14.650299072265623,26.88713455200196
624000000001,0.0,0.0,0.3,20.068981170654297,17.683284759521484
624000000001,0.0,0.1,0.3,20.06367874145508,17.733562469482422
624000000001,0.0,0.2,0.3,20.05095672607422,17.683917999267578
624000000001,0.0,0.3,0.3,20.004329681396484,17.66645050048828
624000000001,0.0,0.4,0.3,19.88298988342285,17.24888038635254
624000000001,0.0,0.5,0.3,19.80811882019043,19.40314674377441
624000000001,0.0,0.6,0.3,19.463367462158203,18.40251922607422
624000000001,0.0,0.7,0.3,18.895233154296875,16.830541610717773
624000000001,0.0,0.8,0.3,18.743328094482425,20.391817092895508
624000000001,0.0,0.9,0.3,16.567262649536133,19.2668399810791
624000000001,0.0,1.0,0.3,14.942794799804688,21.732765197753903
624000000002,0.0,0.0,0.3,20.636558532714844,11.124099731445312
624000000002,0.0,0.1,0.3,20.63684844970703,10.97983741760254
624000000002,0.0,0.2,0.3,20.63567924499512,10.916622161865234
624000000002,0.0,0.3,0.3,20.609346389770508,10.577238082885742
624000000002,0.0,0.4,0.3,20.55784034729004,10.855206489562988
624000000002,0.0,0.5,0.3,20.51408195495605,11.506694793701172
624000000002,0.0,0.6,0.3,20.394561767578125,11.461872100830078
624000000002,0.0,0.7,0.3,19.98653030395508,10.620735168457031
624000000002,0.0,0.8,0.3,18.80820274353028,12.668577194213867
624000000002,0.0,0.9,0.3,17.93912696838379,17.44106674194336
624000000002,0.0,1.0,0.3,18.265867233276367,16.567790985107422
624000000003,0.0,0.0,0.3,18.153717041015625,21.188980102539062
624000000003,0.0,0.1,0.3,18.149593353271484,21.62614250183105
624000000003,0.0,0.2,0.3,18.14452171325684,21.353878021240234
624000000003,0.0,0.3,0.3,18.113426208496094,21.122926712036133
624000000003,0.0,0.4,0.3,18.068965911865234,21.49689483642578
624000000003,0.0,0.5,0.3,18.03351402282715,21.89743423461914
624000000003,0.0,0.6,0.3,17.639911651611328,21.217220306396484
624000000003,0.0,0.7,0.3,17.55300521850586,20.846942901611328
624000000003,0.0,0.8,0.3,16.6402645111084,22.697507858276367
624000000003,0.0,0.9,0.3,16.198772430419922,24.16042900085449
624000000003,0.0,1.0,0.3,15.330062866210938,23.79500198364257
624000000004,0.0,0.0,0.3,18.74531364440918,15.50181770324707
624000000004,0.0,0.1,0.3,18.74666786193848,15.191489219665527
624000000004,0.0,0.2,0.3,18.75478172302246,15.178153038024902
624000000004,0.0,0.3,0.3,18.65817070007324,15.844789505004885
624000000004,0.0,0.4,0.3,18.48656272888184,14.842313766479492
624000000004,0.0,0.5,0.3,18.267410278320312,15.838217735290527
624000000004,0.0,0.6,0.3,17.642839431762695,16.345401763916016
624000000004,0.0,0.7,0.3,16.573434829711914,17.43869400024414
624000000004,0.0,0.8,0.3,15.554047584533691,15.978545188903809
624000000004,0.0,0.9,0.3,14.29023265838623,19.216514587402344
624000000004,0.0,1.0,0.3,13.808239936828612,17.71612548828125
711000000000,0.0,0.0,0.3,21.97390556335449,22.371824264526367
711000000000,0.0,0.1,0.3,21.97380447387696,21.80454063415528
711000000000,0.0,0.2,0.3,21.89868927001953,22.166963577270508
711000000000,0.0,0.3,0.3,21.609390258789062,23.04073905944824
711000000000,0.0,0.4,0.3,20.822208404541016,21.757015228271484
711000000000,0.0,0.5,0.3,20.102340698242188,21.8183822631836
711000000000,0.0,0.6,0.3,19.32795524597168,21.43276596069336
711000000000,0.0,0.7,0.3,17.708831787109375,24.994060516357425
711000000000,0.0,0.8,0.3,17.275114059448242,25.489723205566406
711000000000,0.0,0.9,0.3,16.114736557006836,31.056026458740234
711000000000,0.0,1.0,0.3,16.75944709777832,28.1298942565918
711000000001,0.0,0.0,0.3,24.57237243652344,22.288249969482425
711000000001,0.0,0.1,0.3,24.60050201416016,22.237957000732425
711000000001,0.0,0.2,0.3,24.57612609863281,22.236766815185547
711000000001,0.0,0.3,0.3,24.395448684692383,22.293764114379883
711000000001,0.0,0.4,0.3,24.285860061645508,22.012184143066406
711000000001,0.0,0.5,0.3,24.038545608520508,22.270488739013672
711000000001,0.0,0.6,0.3,23.795339584350582,22.153564453125
711000000001,0.0,0.7,0.3,23.64955711364746,21.82800674438477
711000000001,0.0,0.8,0.3,22.86244010925293,21.645341873168945
711000000001,0.0,0.9,0.3,20.12725257873535,22.41836929321289
711000000001,0.0,1.0,0.3,20.52577018737793,21.407758712768555
711000000002,0.0,0.0,0.3,18.145936965942383,24.234506607055664
711000000002,0.0,0.1,0.3,18.148378372192383,23.888408660888672
711000000002,0.0,0.2,0.3,18.13804817199707,24.582294464111328
711000000002,0.0,0.3,0.3,18.030961990356445,24.095365524291992
711000000002,0.0,0.4,0.3,17.8342227935791,23.84988594055176
711000000002,0.0,0.5,0.3,17.5712833404541,24.679256439208984
711000000002,0.0,0.6,0.3,17.583662033081055,23.469921112060547
711000000002,0.0,0.7,0.3,17.15275001525879,23.739160537719727
711000000002,0.0,0.8,0.3,16.868005752563477,25.33649253845215
711000000002,0.0,0.9,0.3,16.542264938354492,26.28426170349121
711000000002,0.0,1.0,0.3,16.83503532409668,26.0751953125
711000000003,0.0,0.0,0.3,23.030113220214844,28.93320083618164
711000000003,0.0,0.1,0.3,23.02654266357422,29.01813697814941
711000000003,0.0,0.2,0.3,22.93854713439941,29.07955551147461
711000000003,0.0,0.3,0.3,22.61997604370117,29.612228393554688
711000000003,0.0,0.4,0.3,22.284122467041016,30.201250076293945
711000000003,0.0,0.5,0.3,21.309646606445312,29.325443267822266
711000000003,0.0,0.6,0.3,20.53011131286621,30.683528900146484
711000000003,0.0,0.7,0.3,17.7029972076416,31.651874542236328
711000000003,0.0,0.8,0.3,16.41822052001953,30.195236206054688
711000000003,0.0,0.9,0.3,15.35363483428955,30.57344055175781
711000000003,0.0,1.0,0.3,14.215249061584473,33.58592987060547
711000000004,0.0,0.0,0.3,23.97007751464844,19.469284057617188
711000000004,0.0,0.1,0.3,23.96953773498535,19.44573211669922
711000000004,0.0,0.2,0.3,23.92319869995117,19.50226593017578
711000000004,0.0,0.3,0.3,23.59363555908203,19.25398063659668
711000000004,0.0,0.4,0.3,23.016860961914062,19.528783798217773
711000000004,0.0,0.5,0.3,21.34341049194336,19.847936630249023
711000000004,0.0,0.6,0.3,18.91926002502441,18.55017852783203
711000000004,0.0,0.7,0.3,17.433917999267578,17.60784339904785
711000000004,0.0,0.8,0.3,16.575275421142578,19.216272354125977
711000000004,0.0,0.9,0.3,15.08430290222168,21.32187271118164
711000000004,0.0,1.0,0.3,13.559138298034668,19.962860107421875
712000000000,0.0,0.0,0.3,20.98365974426269,19.517765045166016
712000000000,0.0,0.1,0.3,20.988405227661133,19.88409423828125
712000000000,0.0,0.2,0.3,20.885835647583008,19.69391250610352
712000000000,0.0,0.3,0.3,20.472068786621094,19.54187393188477
712000000000,0.0,0.4,0.3,19.991193771362305,20.33059501647949
712000000000,0.0,0.5,0.3,18.754892349243164,23.6431884765625
712000000000,0.0,0.6,0.3,17.351089477539062,27.77025604248047
712000000000,0.0,0.7,0.3,17.011465072631836,31.80522346496582
712000000000,0.0,0.8,0.3,16.268386840820312,29.597097396850582
712000000000,0.0,0.9,0.3,13.963374137878418,28.331438064575195
712000000000,0.0,1.0,0.3,12.480223655700684,24.527484893798828
712000000001,0.0,0.0,0.3,22.8680477142334,18.15739631652832
712000000001,0.0,0.1,0.3,22.87031364440918,18.152677536010746
712000000001,0.0,0.2,0.3,22.799304962158203,18.527551651000977
712000000001,0.0,0.3,0.3,22.56673049926757,18.46416664123535
712000000001,0.0,0.4,0.3,22.08662986755371,18.353248596191406
712000000001,0.0,0.5,0.3,20.98293113708496,19.048236846923828
712000000001,0.0,0.6,0.3,18.60567092895508,23.60919952392578
712000000001,0.0,0.7,0.3,16.572500228881836,23.400209426879883
712000000001,0.0,0.8,0.3,14.205266952514648,29.40956115722656
712000000001,0.0,0.9,0.3,14.725326538085938,28.128570556640625
712000000001,0.0,1.0,0.3,14.192326545715332,29.127967834472656
712000000002,0.0,0.0,0.3,23.36121368408203,20.71184158325196
712000000002,0.0,0.1,0.3,23.361230850219727,20.85622787475586
712000000002,0.0,0.2,0.3,23.32537841796875,21.296342849731445
712000000002,0.0,0.3,0.3,23.11247634887696,21.6683292388916
712000000002,0.0,0.4,0.3,22.84747314453125,22.46227264404297
712000000002,0.0,0.5,0.3,22.01742553710937,24.081527709960938
712000000002,0.0,0.6,0.3,20.41111183166504,25.36763572692871
712000000002,0.0,0.7,0.3,19.122303009033203,28.7996768951416
712000000002,0.0,0.8,0.3,16.944656372070312,27.987682342529297
712000000002,0.0,0.9,0.3,16.42441749572754,34.153568267822266
712000000002,0.0,1.0,0.3,15.627800941467283,25.11269760131836
712000000003,0.0,0.0,0.3,25.26888465881348,31.526046752929688
712000000003,0.0,0.1,0.3,25.266571044921875,31.416109085083008
712000000003,0.0,0.2,0.3,25.16764259338379,31.329578399658203
712000000003,0.0,0.3,0.3,24.847530364990234,30.16513061523437
712000000003,0.0,0.4,0.3,24.565614700317383,30.01187515258789
712000000003,0.0,0.5,0.3,24.027502059936523,30.695146560668945
712000000003,0.0,0.6,0.3,23.29878044128418,28.84567642211914
712000000003,0.0,0.7,0.3,20.99906539916992,27.2708683013916
712000000003,0.0,0.8,0.3,19.02666282653809,27.0235652923584
712000000003,0.0,0.9,0.3,18.708818435668945,27.93804168701172
712000000003,0.0,1.0,0.3,17.3139705657959,24.74510383605957
712000000004,0.0,0.0,0.3,21.20895004272461,17.18585205078125
712000000004,0.0,0.1,0.3,21.191728591918945,17.117673873901367
712000000004,0.0,0.2,0.3,21.18158531188965,17.369007110595703
712000000004,0.0,0.3,0.3,21.13259696960449,17.928054809570312
712000000004,0.0,0.4,0.3,20.957904815673828,17.545818328857422
712000000004,0.0,0.5,0.3,20.826610565185547,17.249788284301758
712000000004,0.0,0.6,0.3,20.38433074951172,17.51297378540039
712000000004,0.0,0.7,0.3,19.59233283996582,17.69464683532715
712000000004,0.0,0.8,0.3,15.556526184082031,21.58012962341309
712000000004,0.0,0.9,0.3,14.979303359985352,16.561758041381836
712000000004,0.0,1.0,0.3,15.513476371765137,16.47786521911621
713000000000,0.0,0.0,0.3,19.249643325805664,22.351598739624023
713000000000,0.0,0.1,0.3,19.24483299255371,21.84001350402832
713000000000,0.0,0.2,0.3,19.23927116394043,21.69609642028809
713000000000,0.0,0.3,0.3,19.167739868164062,22.81601524353028
713000000000,0.0,0.4,0.3,19.04461669921875,21.43350601196289
713000000000,0.0,0.5,0.3,18.838897705078125,21.11836624145508
713000000000,0.0,0.6,0.3,18.68305206298828,23.050052642822266
713000000000,0.0,0.7,0.3,18.03019905090332,18.03587913513184
713000000000,0.0,0.8,0.3,16.722923278808594,21.74279022216797
713000000000,0.0,0.9,0.3,16.20389747619629,20.78195571899414
713000000000,0.0,1.0,0.3,15.292948722839355,16.717451095581055
713000000001,0.0,0.0,0.3,21.97132873535156,23.359161376953125
713000000001,0.0,0.1,0.3,21.982532501220703,23.502641677856445
713000000001,0.0,0.2,0.3,21.97433280944824,23.556615829467773
713000000001,0.0,0.3,0.3,21.89194107055664,22.91904067993164
713000000001,0.0,0.4,0.3,21.907751083374023,23.9716739654541
713000000001,0.0,0.5,0.3,21.509183883666992,21.463850021362305
713000000001,0.0,0.6,0.3,20.74654769897461,22.55509757995605
713000000001,0.0,0.7,0.3,19.5674057006836,22.79210662841797
713000000001,0.0,0.8,0.3,19.028478622436523,23.26279640197754
713000000001,0.0,0.9,0.3,17.049427032470703,22.43330764770508
713000000001,0.0,1.0,0.3,15.8624849319458,23.871965408325195
713000000002,0.0,0.0,0.3,28.35127830505371,24.062923431396484
713000000002,0.0,0.1,0.3,28.349279403686523,23.5261173248291
713000000002,0.0,0.2,0.3,28.302719116210938,23.026121139526367
713000000002,0.0,0.3,0.3,28.24850273132324,22.894760131835938
713000000002,0.0,0.4,0.3,28.250362396240234,23.21482276916504
713000000002,0.0,0.5,0.3,27.903125762939453,22.836185455322266
713000000002,0.0,0.6,0.3,27.18467712402344,23.86649513244629
713000000002,0.0,0.7,0.3,25.875608444213867,23.863325119018555
713000000002,0.0,0.8,0.3,23.89801025390625,24.18331718444824
713000000002,0.0,0.9,0.3,22.617815017700195,24.19574928283692
713000000002,0.0,1.0,0.3,21.808319091796875,25.876134872436523
713000000003,0.0,0.0,0.3,22.08224296569824,21.80030632019043
713000000003,0.0,0.1,0.3,22.08916664123535,21.77503776550293
713000000003,0.0,0.2,0.3,22.090335845947266,22.111251831054688
713000000003,0.0,0.3,0.3,21.870012283325195,21.35799217224121
713000000003,0.0,0.4,0.3,21.15937614440918,22.743906021118164
713000000003,0.0,0.5,0.3,20.772573471069336,23.60306739807129
713000000003,0.0,0.6,0.3,21.22356414794922,22.790884017944336
713000000003,0.0,0.7,0.3,19.42340660095215,19.926681518554688
713000000003,0.0,0.8,0.3,18.943574905395508,20.79316520690918
713000000003,0.0,0.9,0.3,16.69309425354004,23.50754737854004
713000000003,0.0,1.0,0.3,16.070173263549805,22.826398849487305
713000000004,0.0,0.0,0.3,18.23376846313477,23.333419799804688
713000000004,0.0,0.1,0.3,18.235963821411133,23.35925674438477
713000000004,0.0,0.2,0.3,18.230939865112305,23.463438034057617
713000000004,0.0,0.3,0.3,18.23550796508789,23.36404800415039
713000000004,0.0,0.4,0.3,18.203378677368164,23.582761764526367
713000000004,0.0,0.5,0.3,18.1751708984375,23.15290260314941
713000000004,0.0,0.6,0.3,17.775760650634766,23.930932998657227
713000000004,0.0,0.7,0.3,17.28498649597168,24.73033142089844
713000000004,0.0,0.8,0.3,16.865718841552734,23.52270126342773
713000000004,0.0,0.9,0.3,15.511419296264648,25.0921630859375
713000000004,0.0,1.0,0.3,15.475168228149414,24.708404541015625
714000000000,0.0,0.0,0.3,20.96402740478516,25.5301513671875
714000000000,0.0,0.1,0.3,20.95259666442871,25.74547576904297
714000000000,0.0,0.2,0.3,20.90789604187012,25.97618103027344
714000000000,0.0,0.3,0.3,20.73930549621582,25.515281677246094
714000000000,0.0,0.4,0.3,20.450000762939453,26.80330276489257
714000000000,0.0,0.5,0.3,19.95058250427246,27.76765251159668
714000000000,0.0,0.6,0.3,19.222103118896484,30.514175415039062
714000000000,0.0,0.7,0.3,18.42575454711914,30.74813270568848
714000000000,0.0,0.8,0.3,17.40669822692871,29.203001022338867
714000000000,0.0,0.9,0.3,17.395734786987305,28.91057205200196
714000000000,0.0,1.0,0.3,17.051969528198242,25.05560302734375
714000000001,0.0,0.0,0.3,22.461870193481445,21.834352493286133
714000000001,0.0,0.1,0.3,22.46104431152344,21.8055362701416
714000000001,0.0,0.2,0.3,22.45666885375977,21.83970260620117
714000000001,0.0,0.3,0.3,22.427040100097656,21.78350830078125
714000000001,0.0,0.4,0.3,22.346927642822266,21.89877319335937
714000000001,0.0,0.5,0.3,22.091529846191406,22.20639610290528
714000000001,0.0,0.6,0.3,21.96183586120605,22.12202835083008
714000000001,0.0,0.7,0.3,20.89898109436035,21.74258804321289
714000000001,0.0,0.8,0.3,20.519439697265625,21.592254638671875
714000000001,0.0,0.9,0.3,19.15372085571289,21.101186752319336
714000000001,0.0,1.0,0.3,19.04961204528809,22.58745002746582
714000000002,0.0,0.0,0.3,21.134916305541992,21.162811279296875
714000000002,0.0,0.1,0.3,21.134326934814453,21.068435668945312
714000000002,0.0,0.2,0.3,21.10737609863281,21.35844993591309
714000000002,0.0,0.3,0.3,21.04767608642578,20.58034324645996
714000000002,0.0,0.4,0.3,20.96515846252441,21.75518035888672
714000000002,0.0,0.5,0.3,20.854082107543945,20.98259353637696
714000000002,0.0,0.6,0.3,19.704191207885746,21.020383834838867
714000000002,0.0,0.7,0.3,18.71458625793457,21.69297981262207
714000000002,0.0,0.8,0.3,16.909406661987305,20.67039680480957
714000000002,0.0,0.9,0.3,16.62513542175293,20.926847457885746
714000000002,0.0,1.0,0.3,15.374853134155272,21.28103446960449
714000000003,0.0,0.0,0.3,29.53872299194336,23.46587562561035
714000000003,0.0,0.1,0.3,29.526037216186523,23.47571563720703
714000000003,0.0,0.2,0.3,29.484777450561523,23.73805427551269
714000000003,0.0,0.3,0.3,29.39821434020996,23.276329040527344
714000000003,0.0,0.4,0.3,29.15235710144043,23.589418411254883
714000000003,0.0,0.5,0.3,28.7933349609375,23.51650619506836
714000000003,0.0,0.6,0.3,28.592464447021484,23.12278175354004
714000000003,0.0,0.7,0.3,27.377256393432617,23.026901245117188
714000000003,0.0,0.8,0.3,26.710765838623047,23.33048248291016
714000000003,0.0,0.9,0.3,26.221973419189453,23.460872650146484
714000000003,0.0,1.0,0.3,25.10791778564453,22.79200935363769
714000000004,0.0,0.0,0.3,17.880352020263672,26.364097595214844
714000000004,0.0,0.1,0.3,17.882835388183594,26.41630744934082
714000000004,0.0,0.2,0.3,17.86886978149414,26.51959609985352
714000000004,0.0,0.3,0.3,17.72176742553711,26.44305229187012
714000000004,0.0,0.4,0.3,17.669204711914062,25.8484001159668
714000000004,0.0,0.5,0.3,17.139223098754883,25.894418716430664
714000000004,0.0,0.6,0.3,16.995025634765625,26.071088790893555
714000000004,0.0,0.7,0.3,16.13824462890625,26.61641311645508
714000000004,0.0,0.8,0.3,14.851412773132324,25.7221794128418
714000000004,0.0,0.9,0.3,15.49649715423584,26.133506774902344
714000000004,0.0,1.0,0.3,14.962112426757812,27.454662322998047
721000000000,0.0,0.0,0.3,20.98365592956543,20.37677764892578
721000000000,0.0,0.1,0.3,20.98349952697754,20.30887985229492
721000000000,0.0,0.2,0.3,20.97907447814941,20.24600982666016
721000000000,0.0,0.3,0.3,20.918621063232425,20.39472389221192
721000000000,0.0,0.4,0.3,20.728315353393555,20.7633056640625
721000000000,0.0,0.5,0.3,20.59714126586914,20.332151412963867
721000000000,0.0,0.6,0.3,20.300264358520508,19.98786163330078
721000000000,0.0,0.7,0.3,19.59855079650879,21.476205825805664
721000000000,0.0,0.8,0.3,17.733243942260742,21.333396911621094
721000000000,0.0,0.9,0.3,17.1856632232666,22.05318260192871
721000000000,0.0,1.0,0.3,15.9210205078125,21.77026557922364
721000000001,0.0,0.0,0.3,22.2176456451416,21.566978454589844
721000000001,0.0,0.1,0.3,22.229625701904297,21.8658504486084
721000000001,0.0,0.2,0.3,22.26773262023925,22.22397994995117
721000000001,0.0,0.3,0.3,22.18602752685547,22.28510856628418
721000000001,0.0,0.4,0.3,21.848291397094727,21.77245712280273
721000000001,0.0,0.5,0.3,21.558177947998047,22.23668098449707
721000000001,0.0,0.6,0.3,21.57673454284668,21.91989517211914
721000000001,0.0,0.7,0.3,21.035476684570312,23.55329322814941
721000000001,0.0,0.8,0.3,20.62215042114257,21.930742263793945
721000000001,0.0,0.9,0.3,18.509716033935547,23.82023048400879
721000000001,0.0,1.0,0.3,16.736909866333008,23.34550094604492
721000000002,0.0,0.0,0.3,21.5700912475586,24.841083526611328
721000000002,0.0,0.1,0.3,21.56325340270996,24.91390037536621
721000000002,0.0,0.2,0.3,21.545223236083984,24.57825469970703
721000000002,0.0,0.3,0.3,21.379833221435547,24.57578086853028
721000000002,0.0,0.4,0.3,20.95967102050781,24.77479362487793
721000000002,0.0,0.5,0.3,20.48031044006348,24.63762092590332
721000000002,0.0,0.6,0.3,20.082788467407227,24.256410598754883
721000000002,0.0,0.7,0.3,19.78340721130371,23.82007026672364
721000000002,0.0,0.8,0.3,19.28725242614746,25.41336441040039
721000000002,0.0,0.9,0.3,17.825096130371094,24.86968040466309
721000000002,0.0,1.0,0.3,16.59491539001465,26.32087135314941
721000000003,0.0,0.0,0.3,18.941240310668945,25.44484138488769
721000000003,0.0,0.1,0.3,18.943565368652344,25.753475189208984
721000000003,0.0,0.2,0.3,18.92861557006836,25.651948928833008
721000000003,0.0,0.3,0.3,18.86469078063965,25.73715209960937
721000000003,0.0,0.4,0.3,18.72872543334961,25.31103706359864
721000000003,0.0,0.5,0.3,18.50972557067871,25.97592735290528
721000000003,0.0,0.6,0.3,18.208969116210938,25.450742721557617
721000000003,0.0,0.7,0.3,18.02129173278809,25.4417781829834
721000000003,0.0,0.8,0.3,17.89296531677246,25.49406623840332
721000000003,0.0,0.9,0.3,13.49359893798828,27.44607353210449
721000000003,0.0,1.0,0.3,12.975604057312012,27.13337516784668
721000000004,0.0,0.0,0.3,25.468727111816406,29.70705986022949
721000000004,0.0,0.1,0.3,25.47953414916992,29.620868682861328
721000000004,0.0,0.2,0.3,25.42943954467773,29.31056022644043
721000000004,0.0,0.3,0.3,25.302473068237305,29.38242530822754
721000000004,0.0,0.4,0.3,25.019006729125977,29.92413711547852
721000000004,0.0,0.5,0.3,24.536680221557617,29.533641815185547
721000000004,0.0,0.6,0.3,23.899168014526367,30.13533973693848
721000000004,0.0,0.7,0.3,23.58502960205078,29.82286262512207
721000000004,0.0,0.8,0.3,23.36386680603028,29.965049743652344
721000000004,0.0,0.9,0.3,21.909637451171875,30.61722183227539
721000000004,0.0,1.0,0.3,20.380664825439453,28.128135681152344
722000000000,0.0,0.0,0.3,28.2385368347168,19.53323173522949
722000000000,0.0,0.1,0.3,28.229204177856445,19.61379623413086
722000000000,0.0,0.2,0.3,28.21022605895996,19.80736541748047
722000000000,0.0,0.3,0.3,28.14369773864746,20.150529861450195
722000000000,0.0,0.4,0.3,27.939010620117188,20.11798477172852
722000000000,0.0,0.5,0.3,27.524587631225582,20.748924255371094
722000000000,0.0,0.6,0.3,26.185352325439453,21.54128074645996
722000000000,0.0,0.7,0.3,23.914087295532227,22.11577796936035
722000000000,0.0,0.8,0.3,20.6507568359375,21.47908592224121
722000000000,0.0,0.9,0.3,18.38202857971192,23.930099487304688
722000000000,0.0,1.0,0.3,16.418977737426758,22.364845275878903
722000000001,0.0,0.0,0.3,22.711641311645508,13.576597213745115
722000000001,0.0,0.1,0.3,22.70743751525879,13.70846939086914
722000000001,0.0,0.2,0.3,22.68188095092773,13.96803379058838
722000000001,0.0,0.3,0.3,22.42244529724121,13.700265884399414
722000000001,0.0,0.4,0.3,22.067920684814453,13.632878303527832
722000000001,0.0,0.5,0.3,21.278255462646484,13.681147575378418
722000000001,0.0,0.6,0.3,20.8572998046875,17.462230682373047
722000000001,0.0,0.7,0.3,19.124412536621094,22.317869186401367
722000000001,0.0,0.8,0.3,16.28691864013672,24.180858612060547
722000000001,0.0,0.9,0.3,14.69113540649414,20.454065322875977
722000000001,0.0,1.0,0.3,14.138608932495115,18.29763603210449
722000000002,0.0,0.0,0.3,19.631982803344727,23.3433895111084
722000000002,0.0,0.1,0.3,19.6426944732666,23.294193267822266
722000000002,0.0,0.2,0.3,19.6448974609375,23.24325942993164
722000000002,0.0,0.3,0.3,19.589311599731445,23.063589096069336
722000000002,0.0,0.4,0.3,19.510555267333984,22.719057083129883
722000000002,0.0,0.5,0.3,19.50091552734375,22.98503303527832
722000000002,0.0,0.6,0.3,17.849990844726562,22.115222930908203
722000000002,0.0,0.7,0.3,17.75954818725586,24.70736122131348
722000000002,0.0,0.8,0.3,17.901578903198242,25.35891532897949
722000000002,0.0,0.9,0.3,13.979275703430176,23.84556770324707
722000000002,0.0,1.0,0.3,14.82526397705078,25.307024002075195
722000000003,0.0,0.0,0.3,26.66327857971192,21.849830627441406
722000000003,0.0,0.1,0.3,26.68558692932129,21.3560791015625
722000000003,0.0,0.2,0.3,26.65964698791504,21.488983154296875
722000000003,0.0,0.3,0.3,26.578500747680664,21.574586868286133
722000000003,0.0,0.4,0.3,26.50074005126953,21.98777198791504
722000000003,0.0,0.5,0.3,26.204559326171875,21.801862716674805
722000000003,0.0,0.6,0.3,25.129213333129883,22.36733627319336
722000000003,0.0,0.7,0.3,23.836620330810547,21.99020767211914
722000000003,0.0,0.8,0.3,16.251758575439453,24.293821334838867
722000000003,0.0,0.9,0.3,13.75197410583496,25.08816146850586
722000000003,0.0,1.0,0.3,11.665154457092283,24.182064056396484
722000000004,0.0,0.0,0.3,25.516582489013672,24.286041259765625
722000000004,0.0,0.1,0.3,25.512954711914062,24.27699851989746
722000000004,0.0,0.2,0.3,25.509366989135746,24.33983612060547
722000000004,0.0,0.3,0.3,25.50118637084961,24.349903106689453
722000000004,0.0,0.4,0.3,25.473840713500977,24.44857406616211
722000000004,0.0,0.5,0.3,25.44684600830078,24.746131896972656
722000000004,0.0,0.6,0.3,25.412885665893555,25.13990974426269
722000000004,0.0,0.7,0.3,25.330154418945312,24.94524955749512
722000000004,0.0,0.8,0.3,24.632219314575195,24.890533447265625
722000000004,0.0,0.9,0.3,23.21602249145508,25.636199951171875
722000000004,0.0,1.0,0.3,20.32175636291504,25.544946670532227
723000000000,0.0,0.0,0.3,25.11454391479492,20.4705753326416
723000000000,0.0,0.1,0.3,25.10737991333008,20.656370162963867
723000000000,0.0,0.2,0.3,25.004074096679688,20.70003128051757
723000000000,0.0,0.3,0.3,24.833118438720703,20.101282119750977
723000000000,0.0,0.4,0.3,24.55411720275879,20.38754272460937
723000000000,0.0,0.5,0.3,23.90145874023437,20.1986141204834
723000000000,0.0,0.6,0.3,21.56895637512207,21.8076114654541
723000000000,0.0,0.7,0.3,19.72614097595215,22.00885391235352
723000000000,0.0,0.8,0.3,16.73965835571289,21.2930850982666
723000000000,0.0,0.9,0.3,17.26263999938965,22.534135818481445
723000000000,0.0,1.0,0.3,15.691850662231444,24.35408401489257
723000000001,0.0,0.0,0.3,18.658674240112305,15.132206916809082
723000000001,0.0,0.1,0.3,18.65850830078125,15.226268768310549
723000000001,0.0,0.2,0.3,18.62077522277832,15.130725860595703
723000000001,0.0,0.3,0.3,18.53836441040039,15.53327751159668
723000000001,0.0,0.4,0.3,18.41355323791504,15.534710884094238
723000000001,0.0,0.5,0.3,18.150524139404297,15.337438583374023
723000000001,0.0,0.6,0.3,18.27514839172364,15.148194313049316
723000000001,0.0,0.7,0.3,18.112768173217773,14.069364547729492
723000000001,0.0,0.8,0.3,17.165197372436523,14.304902076721191
723000000001,0.0,0.9,0.3,14.110084533691406,17.341333389282227
723000000001,0.0,1.0,0.3,15.488895416259766,15.019793510437012
723000000002,0.0,0.0,0.3,20.9260368347168,26.342641830444336
723000000002,0.0,0.1,0.3,20.873220443725582,26.413349151611328
723000000002,0.0,0.2,0.3,20.795652389526367,26.530147552490234
723000000002,0.0,0.3,0.3,20.5526065826416,27.153051376342773
723000000002,0.0,0.4,0.3,20.263181686401367,28.321319580078125
723000000002,0.0,0.5,0.3,19.258865356445312,27.12677383422852
723000000002,0.0,0.6,0.3,18.51121711730957,29.33615493774414
723000000002,0.0,0.7,0.3,16.84446144104004,30.63484764099121
723000000002,0.0,0.8,0.3,15.886493682861328,33.43815612792969
723000000002,0.0,0.9,0.3,14.19826602935791,32.177574157714844
723000000002,0.0,1.0,0.3,14.485735893249512,29.071733474731445
723000000003,0.0,0.0,0.3,20.018505096435547,25.603252410888672
723000000003,0.0,0.1,0.3,20.05410957336425,26.38741111755371
723000000003,0.0,0.2,0.3,20.074182510375977,24.86778259277344
723000000003,0.0,0.3,0.3,19.99041175842285,24.624876022338867
723000000003,0.0,0.4,0.3,19.838979721069336,25.8814754486084
723000000003,0.0,0.5,0.3,19.54719924926757,25.024150848388672
723000000003,0.0,0.6,0.3,18.45526123046875,25.357181549072266
723000000003,0.0,0.7,0.3,16.922876358032227,27.125131607055664
723000000003,0.0,0.8,0.3,14.062647819519045,26.564428329467773
723000000003,0.0,0.9,0.3,12.514068603515623,26.4008731842041
723000000003,0.0,1.0,0.3,11.276968002319336,21.88156509399414
723000000004,0.0,0.0,0.3,22.49635124206543,18.580604553222656
723000000004,0.0,0.1,0.3,22.515241622924805,18.54973793029785
723000000004,0.0,0.2,0.3,22.481748580932617,19.19312286376953
723000000004,0.0,0.3,0.3,22.37740135192871,17.75004005432129
723000000004,0.0,0.4,0.3,22.288265228271484,20.10958480834961
723000000004,0.0,0.5,0.3,22.022674560546875,21.049205780029297
723000000004,0.0,0.6,0.3,16.9790096282959,19.60496711730957
723000000004,0.0,0.7,0.3,15.28543472290039,24.57349395751953
723000000004,0.0,0.8,0.3,13.700909614562988,22.46021842956543
723000000004,0.0,0.9,0.3,15.128406524658203,17.305023193359375
723000000004,0.0,1.0,0.3,15.228049278259276,20.825498580932617
724000000000,0.0,0.0,0.3,23.47077751159668,22.559722900390625
724000000000,0.0,0.1,0.3,23.48585700988769,22.49959373474121
724000000000,0.0,0.2,0.3,23.52384185791016,22.278100967407227
724000000000,0.0,0.3,0.3,23.29876708984375,22.449085235595703
724000000000,0.0,0.4,0.3,23.04916763305664,22.014488220214844
724000000000,0.0,0.5,0.3,22.97056198120117,21.918115615844727
724000000000,0.0,0.6,0.3,22.589147567749023,23.08387756347656
724000000000,0.0,0.7,0.3,21.73740005493164,23.9467830657959
724000000000,0.0,0.8,0.3,21.5977840423584,23.573974609375
724000000000,0.0,0.9,0.3,21.65982437133789,23.057025909423828
724000000000,0.0,1.0,0.3,21.23382568359375,23.213417053222656
724000000001,0.0,0.0,0.3,16.365766525268555,24.275619506835938
724000000001,0.0,0.1,0.3,16.361495971679688,24.48659896850586
724000000001,0.0,0.2,0.3,16.351930618286133,24.48114013671875
724000000001,0.0,0.3,0.3,16.331623077392578,24.26663017272949
724000000001,0.0,0.4,0.3,16.333675384521484,24.69510269165039
724000000001,0.0,0.5,0.3,16.288206100463867,24.63202857971192
724000000001,0.0,0.6,0.3,16.242416381835938,24.22743034362793
724000000001,0.0,0.7,0.3,16.191944122314453,24.64800453186035
724000000001,0.0,0.8,0.3,16.175600051879883,24.07303237915039
724000000001,0.0,0.9,0.3,15.947763442993164,24.6291732788086
724000000001,0.0,1.0,0.3,15.672329902648926,25.24285316467285
724000000002,0.0,0.0,0.3,21.531667709350582,19.12607192993164
724000000002,0.0,0.1,0.3,21.52977752685547,18.654396057128903
724000000002,0.0,0.2,0.3,21.533323287963867,18.546310424804688
724000000002,0.0,0.3,0.3,21.460878372192383,18.106523513793945
724000000002,0.0,0.4,0.3,21.36199378967285,18.91359519958496
724000000002,0.0,0.5,0.3,21.377254486083984,19.41547966003418
724000000002,0.0,0.6,0.3,21.128158569335938,18.46307182312012
724000000002,0.0,0.7,0.3,20.94531440734864,18.118677139282227
724000000002,0.0,0.8,0.3,20.560665130615234,19.690168380737305
724000000002,0.0,0.9,0.3,18.560667037963867,16.8372802734375
724000000002,0.0,1.0,0.3,14.761585235595703,18.397340774536133
724000000003,0.0,0.0,0.3,25.090177536010746,25.71514892578125
724000000003,0.0,0.1,0.3,25.12196922302246,25.884521484375
724000000003,0.0,0.2,0.3,25.164379119873047,25.91772079467773
724000000003,0.0,0.3,0.3,24.96201133728028,25.733715057373047
724000000003,0.0,0.4,0.3,24.753597259521484,25.59041976928711
724000000003,0.0,0.5,0.3,24.118757247924805,26.01287078857422
724000000003,0.0,0.6,0.3,23.482725143432617,26.111217498779297
724000000003,0.0,0.7,0.3,21.886320114135746,26.02954292297364
724000000003,0.0,0.8,0.3,21.018898010253903,25.375465393066406
724000000003,0.0,0.9,0.3,21.1766357421875,24.710453033447266
724000000003,0.0,1.0,0.3,20.62566566467285,26.471364974975582
724000000004,0.0,0.0,0.3,18.38119125366211,17.479198455810547
724000000004,0.0,0.1,0.3,18.3775691986084,17.6476993560791
724000000004,0.0,0.2,0.3,18.35509490966797,17.554935455322266
724000000004,0.0,0.3,0.3,18.227930068969727,17.124887466430664
724000000004,0.0,0.4,0.3,17.939437866210938,16.850433349609375
724000000004,0.0,0.5,0.3,17.87880516052246,17.74405288696289
724000000004,0.0,0.6,0.3,17.48016357421875,17.250244140625
724000000004,0.0,0.7,0.3,17.095958709716797,18.403329849243164
724000000004,0.0,0.8,0.3,16.914344787597656,16.65125274658203
724000000004,0.0,0.9,0.3,16.412803649902344,16.099912643432617
724000000004,0.0,1.0,0.3,14.926239967346191,16.983970642089844
811000000000,0.0,0.0,0.3,24.258037567138672,12.873470306396484
811000000000,0.0,0.1,0.3,24.267133712768555,13.195382118225098
811000000000,0.0,0.2,0.3,24.23673439025879,13.18057918548584
811000000000,0.0,0.3,0.3,24.03646469116211,11.816884994506836
811000000000,0.0,0.4,0.3,23.204763412475582,12.21103572845459
811000000000,0.0,0.5,0.3,21.87869071960449,6.457608222961426
811000000000,0.0,0.6,0.3,19.41547584533692,8.65509033203125
811000000000,0.0,0.7,0.3,16.946002960205078,15.983539581298828
811000000000,0.0,0.8,0.3,15.403040885925291,17.5450382232666
811000000000,0.0,0.9,0.3,13.23669719696045,18.04466819763184
811000000000,0.0,1.0,0.3,10.532838821411133,23.12519836425781
811000000001,0.0,0.0,0.3,17.896289825439453,24.441280364990234
811000000001,0.0,0.1,0.3,17.899038314819336,24.19178771972656
811000000001,0.0,0.2,0.3,17.8990478515625,23.967506408691406
811000000001,0.0,0.3,0.3,17.868986129760742,23.91182327270508
811000000001,0.0,0.4,0.3,17.820363998413086,24.07597541809082
811000000001,0.0,0.5,0.3,17.72903823852539,24.618288040161133
811000000001,0.0,0.6,0.3,17.519372940063477,24.517105102539062
811000000001,0.0,0.7,0.3,16.714862823486328,27.09513282775879
811000000001,0.0,0.8,0.3,16.007015228271484,26.72772979736328
811000000001,0.0,0.9,0.3,14.778637886047363,26.64486122131348
811000000001,0.0,1.0,0.3,13.74548625946045,24.99481201171875
811000000002,0.0,0.0,0.3,19.02116775512696,24.583858489990234
811000000002,0.0,0.1,0.3,19.02024269104004,24.78911399841309
811000000002,0.0,0.2,0.3,18.95449447631836,24.640878677368164
811000000002,0.0,0.3,0.3,18.82215881347656,24.45063209533692
811000000002,0.0,0.4,0.3,18.572111129760746,23.695594787597656
811000000002,0.0,0.5,0.3,18.52438735961914,23.71054458618164
811000000002,0.0,0.6,0.3,17.701448440551758,24.820667266845703
811000000002,0.0,0.7,0.3,17.735788345336914,24.28293228149414
811000000002,0.0,0.8,0.3,16.424345016479492,25.431453704833984
811000000002,0.0,0.9,0.3,15.227190971374512,26.78596878051757
811000000002,0.0,1.0,0.3,13.56633758544922,26.351219177246094
811000000003,0.0,0.0,0.3,27.695375442504883,16.05364418029785
811000000003,0.0,0.1,0.3,27.69510841369629,15.997031211853027
811000000003,0.0,0.2,0.3,27.706615447998047,16.835886001586914
811000000003,0.0,0.3,0.3,27.680234909057617,16.595243453979492
811000000003,0.0,0.4,0.3,27.67291641235352,16.52212905883789
811000000003,0.0,0.5,0.3,27.748096466064453,16.253768920898438
811000000003,0.0,0.6,0.3,27.48569869995117,16.722436904907227
811000000003,0.0,0.7,0.3,20.87651252746582,21.152193069458008
811000000003,0.0,0.8,0.3,21.54972648620605,18.561628341674805
811000000003,0.0,0.9,0.3,19.015504837036133,22.782087326049805
811000000003,0.0,1.0,0.3,14.645418167114258,20.007190704345703
811000000004,0.0,0.0,0.3,21.22289657592773,26.69746208190918
811000000004,0.0,0.1,0.3,21.22027587890625,26.280593872070312
811000000004,0.0,0.2,0.3,21.23459243774414,26.55475425720215
811000000004,0.0,0.3,0.3,21.25209617614746,25.91657257080078
811000000004,0.0,0.4,0.3,21.273908615112305,26.11112594604492
811000000004,0.0,0.5,0.3,21.28041076660156,26.07584953308105
811000000004,0.0,0.6,0.3,20.994060516357425,27.540180206298828
811000000004,0.0,0.7,0.3,20.12835121154785,26.30464172363281
811000000004,0.0,0.8,0.3,20.21058464050293,27.591947555541992
811000000004,0.0,0.9,0.3,19.995004653930664,28.02088928222656
811000000004,0.0,1.0,0.3,16.997037887573242,29.26824760437012
811000000005,0.0,0.0,0.3,15.657435417175291,23.46858596801757
811000000005,0.0,0.1,0.3,15.662019729614258,23.66997528076172
811000000005,0.0,0.2,0.3,15.662824630737305,23.54930305480957
811000000005,0.0,0.3,0.3,15.602367401123049,23.63962745666504
811000000005,0.0,0.4,0.3,15.41272258758545,23.697513580322266
811000000005,0.0,0.5,0.3,15.275219917297363,23.04185485839844
811000000005,0.0,0.6,0.3,14.406951904296877,21.300182342529297
811000000005,0.0,0.7,0.3,12.751091957092283,23.49474334716797
811000000005,0.0,0.8,0.3,11.859999656677246,20.421749114990234
811000000005,0.0,0.9,0.3,10.411040306091309,20.113433837890625
811000000005,0.0,1.0,0.3,8.401169776916504,22.85236167907715
811000000006,0.0,0.0,0.3,21.27845764160156,22.474952697753903
811000000006,0.0,0.1,0.3,21.28047752380371,22.373794555664062
811000000006,0.0,0.2,0.3,21.28007698059082,22.563432693481445
811000000006,0.0,0.3,0.3,21.247907638549805,22.29708480834961
811000000006,0.0,0.4,0.3,21.249765396118164,22.467926025390625
811000000006,0.0,0.5,0.3,21.15549659729004,22.55367088317871
811000000006,0.0,0.6,0.3,21.109315872192383,21.355283737182617
811000000006,0.0,0.7,0.3,20.857589721679688,21.79149436950684
811000000006,0.0,0.8,0.3,20.70569610595703,22.22216987609864
811000000006,0.0,0.9,0.3,18.65684127807617,24.787654876708984
811000000006,0.0,1.0,0.3,13.770119667053224,30.48458480834961
811000000007,0.0,0.0,0.3,18.018911361694336,19.450517654418945
811000000007,0.0,0.1,0.3,18.024572372436523,19.961305618286133
811000000007,0.0,0.2,0.3,18.013916015625,19.1534366607666
811000000007,0.0,0.3,0.3,17.968297958374023,19.84746551513672
811000000007,0.0,0.4,0.3,17.912294387817383,19.278886795043945
811000000007,0.0,0.5,0.3,17.930339813232422,19.589115142822266
811000000007,0.0,0.6,0.3,17.85660171508789,20.062021255493164
811000000007,0.0,0.7,0.3,17.266626358032227,21.49920082092285
811000000007,0.0,0.8,0.3,17.013748168945312,21.116867065429688
811000000007,0.0,0.9,0.3,16.76450538635254,23.30652236938477
811000000007,0.0,1.0,0.3,16.1739444732666,23.7783203125
811000000008,0.0,0.0,0.3,21.341033935546875,22.29143524169922
811000000008,0.0,0.1,0.3,21.339275360107425,22.55373954772949
811000000008,0.0,0.2,0.3,21.33121109008789,22.1604118347168
811000000008,0.0,0.3,0.3,21.14435195922852,22.60350608825684
811000000008,0.0,0.4,0.3,20.881303787231445,24.34176445007324
811000000008,0.0,0.5,0.3,20.610107421875,22.777809143066406
811000000008,0.0,0.6,0.3,19.459672927856445,26.941781997680664
811000000008,0.0,0.7,0.3,17.57855796813965,27.262514114379883
811000000008,0.0,0.8,0.3,16.007545471191406,30.61358642578125
811000000008,0.0,0.9,0.3,13.04889965057373,29.55113410949707
811000000008,0.0,1.0,0.3,10.716609954833984,29.55488014221192
811000000009,0.0,0.0,0.3,17.072233200073242,17.767101287841797
811000000009,0.0,0.1,0.3,17.07461929321289,17.66042709350586
811000000009,0.0,0.2,0.3,17.073871612548828,17.711332321166992
811000000009,0.0,0.3,0.3,17.06837272644043,17.16800308227539
811000000009,0.0,0.4,0.3,17.069210052490234,17.51416015625
811000000009,0.0,0.5,0.3,17.072616577148438,18.27201461791992
811000000009,0.0,0.6,0.3,16.765581130981445,17.51498031616211
811000000009,0.0,0.7,0.3,15.977059364318848,18.878360748291016
811000000009,0.0,0.8,0.3,14.947266578674316,18.529943466186523
811000000009,0.0,0.9,0.3,13.633441925048828,19.54578399658203
811000000009,0.0,1.0,0.3,12.167437553405762,17.290979385375977
812000000000,0.0,0.0,0.3,20.49574089050293,15.905854225158691
812000000000,0.0,0.1,0.3,20.498435974121094,16.127241134643555
812000000000,0.0,0.2,0.3,20.500486373901367,15.736404418945312
812000000000,0.0,0.3,0.3,20.355138778686523,15.80800724029541
812000000000,0.0,0.4,0.3,19.931190490722656,17.304813385009766
812000000000,0.0,0.5,0.3,19.80483627319336,17.60670280456543
812000000000,0.0,0.6,0.3,19.32935333251953,18.26875877380371
812000000000,0.0,0.7,0.3,18.71881866455078,17.845279693603516
812000000000,0.0,0.8,0.3,16.765087127685547,20.24105453491211
812000000000,0.0,0.9,0.3,16.309314727783203,21.5406551361084
812000000000,0.0,1.0,0.3,15.29831886291504,18.544330596923828
812000000001,0.0,0.0,0.3,17.922611236572266,12.702591896057127
812000000001,0.0,0.1,0.3,17.920961380004883,12.452467918395996
812000000001,0.0,0.2,0.3,17.903026580810547,13.099723815917969
812000000001,0.0,0.3,0.3,17.822185516357422,12.498546600341797
812000000001,0.0,0.4,0.3,17.40542221069336,12.315781593322754
812000000001,0.0,0.5,0.3,17.167747497558594,11.37484359741211
812000000001,0.0,0.6,0.3,16.96127700805664,14.42807960510254
812000000001,0.0,0.7,0.3,16.258180618286133,14.477218627929688
812000000001,0.0,0.8,0.3,15.61678409576416,14.133482933044434
812000000001,0.0,0.9,0.3,14.481083869934082,16.512866973876953
812000000001,0.0,1.0,0.3,14.928834915161133,16.583337783813477
812000000002,0.0,0.0,0.3,23.590234756469727,22.809701919555664
812000000002,0.0,0.1,0.3,23.597457885742188,22.567459106445312
812000000002,0.0,0.2,0.3,23.608997344970703,22.628530502319336
812000000002,0.0,0.3,0.3,23.5678768157959,23.136642456054688
812000000002,0.0,0.4,0.3,23.21389579772949,23.12116050720215
812000000002,0.0,0.5,0.3,23.346694946289062,22.594844818115234
812000000002,0.0,0.6,0.3,23.182472229003903,23.843202590942383
812000000002,0.0,0.7,0.3,22.19676399230957,24.475053787231445
812000000002,0.0,0.8,0.3,17.557857513427734,23.48420143127441
812000000002,0.0,0.9,0.3,13.699597358703612,27.147668838500977
812000000002,0.0,1.0,0.3,9.27012825012207,26.6604118347168
812000000003,0.0,0.0,0.3,26.61289405822754,16.162948608398438
812000000003,0.0,0.1,0.3,26.61612129211425,16.263702392578125
812000000003,0.0,0.2,0.3,26.6005916595459,16.162031173706055
812000000003,0.0,0.3,0.3,26.572641372680664,16.35380744934082
812000000003,0.0,0.4,0.3,26.515745162963867,16.512929916381836
812000000003,0.0,0.5,0.3,26.2117977142334,16.473506927490234
812000000003,0.0,0.6,0.3,26.37070083618164,16.133769989013672
812000000003,0.0,0.7,0.3,23.90557098388672,17.195642471313477
812000000003,0.0,0.8,0.3,19.30657768249512,19.447507858276367
812000000003,0.0,0.9,0.3,15.889719009399414,20.65690422058105
812000000003,0.0,1.0,0.3,15.265849113464355,20.73880195617676
812000000004,0.0,0.0,0.3,19.749755859375,14.916276931762695
812000000004,0.0,0.1,0.3,19.74428939819336,15.015196800231934
812000000004,0.0,0.2,0.3,19.742897033691406,15.632624626159668
812000000004,0.0,0.3,0.3,19.62228202819824,15.131071090698242
812000000004,0.0,0.4,0.3,19.510711669921875,15.02257251739502
812000000004,0.0,0.5,0.3,18.966228485107425,15.65255355834961
812000000004,0.0,0.6,0.3,17.36517333984375,16.73245620727539
812000000004,0.0,0.7,0.3,16.125659942626953,14.976814270019531
812000000004,0.0,0.8,0.3,14.93709945678711,15.615270614624023
812000000004,0.0,0.9,0.3,13.876912117004396,18.985599517822266
812000000004,0.0,1.0,0.3,13.62475872039795,16.529869079589844
812000000005,0.0,0.0,0.3,21.198888778686523,28.71991920471192
812000000005,0.0,0.1,0.3,21.20058250427246,28.774547576904297
812000000005,0.0,0.2,0.3,21.203765869140625,28.74925422668457
812000000005,0.0,0.3,0.3,21.182586669921875,28.739591598510746
812000000005,0.0,0.4,0.3,20.95518493652344,28.49052047729492
812000000005,0.0,0.5,0.3,20.65635299682617,28.396574020385746
812000000005,0.0,0.6,0.3,19.962032318115234,28.977907180786133
812000000005,0.0,0.7,0.3,19.18869400024414,28.75812149047852
812000000005,0.0,0.8,0.3,17.162456512451172,29.94758415222168
812000000005,0.0,0.9,0.3,16.628145217895508,30.44590950012207
812000000005,0.0,1.0,0.3,14.18588161468506,29.58123779296875
812000000006,0.0,0.0,0.3,22.947715759277344,28.032365798950195
812000000006,0.0,0.1,0.3,22.94191169738769,27.98705673217773
812000000006,0.0,0.2,0.3,22.92319679260254,27.97359275817871
812000000006,0.0,0.3,0.3,22.841148376464844,28.24199867248535
812000000006,0.0,0.4,0.3,22.69334602355957,31.032854080200195
812000000006,0.0,0.5,0.3,22.31498146057129,30.342329025268555
812000000006,0.0,0.6,0.3,21.6356201171875,30.903196334838867
812000000006,0.0,0.7,0.3,17.929370880126953,31.56666374206543
812000000006,0.0,0.8,0.3,15.055798530578612,34.369808197021484
812000000006,0.0,0.9,0.3,12.57862949371338,33.26662063598633
812000000006,0.0,1.0,0.3,9.224738121032717,30.025508880615234
812000000007,0.0,0.0,0.3,28.117923736572266,28.36047744750977
812000000007,0.0,0.1,0.3,28.109209060668945,28.21395492553711
812000000007,0.0,0.2,0.3,28.09580993652344,28.610530853271484
812000000007,0.0,0.3,0.3,28.04913902282715,28.405925750732425
812000000007,0.0,0.4,0.3,27.99717330932617,28.42676544189453
812000000007,0.0,0.5,0.3,27.73013687133789,28.616125106811523
812000000007,0.0,0.6,0.3,26.832332611083984,28.510438919067383
812000000007,0.0,0.7,0.3,24.160808563232425,28.962013244628903
812000000007,0.0,0.8,0.3,20.223604202270508,29.2541618347168
812000000007,0.0,0.9,0.3,16.11941146850586,27.592395782470703
812000000007,0.0,1.0,0.3,12.582134246826172,26.521821975708008
812000000008,0.0,0.0,0.3,18.795801162719727,17.845069885253906
812000000008,0.0,0.1,0.3,18.807905197143555,17.552154541015625
812000000008,0.0,0.2,0.3,18.759092330932617,18.073421478271484
812000000008,0.0,0.3,0.3,18.528541564941406,18.029958724975582
812000000008,0.0,0.4,0.3,18.207704544067383,17.692249298095703
812000000008,0.0,0.5,0.3,17.914836883544922,18.16214179992676
812000000008,0.0,0.6,0.3,16.776628494262695,17.258275985717773
812000000008,0.0,0.7,0.3,16.72871971130371,20.12526130676269
812000000008,0.0,0.8,0.3,15.252429008483888,21.90238380432129
812000000008,0.0,0.9,0.3,15.25843906402588,20.421113967895508
812000000008,0.0,1.0,0.3,11.30067253112793,24.66213798522949
812000000009,0.0,0.0,0.3,20.59195709228516,19.914609909057617
812000000009,0.0,0.1,0.3,20.59056854248047,20.054595947265625
812000000009,0.0,0.2,0.3,20.58336067199707,19.5522575378418
812000000009,0.0,0.3,0.3,20.518678665161133,19.675216674804688
812000000009,0.0,0.4,0.3,20.34721565246582,19.568294525146484
812000000009,0.0,0.5,0.3,20.005226135253903,20.05162048339844
812000000009,0.0,0.6,0.3,19.61390686035156,20.899614334106445
812000000009,0.0,0.7,0.3,17.777986526489258,25.11768341064453
812000000009,0.0,0.8,0.3,16.846115112304688,28.74002456665039
812000000009,0.0,0.9,0.3,15.467452049255373,23.14743423461914
812000000009,0.0,1.0,0.3,16.252092361450195,27.34168815612793
813000000000,0.0,0.0,0.3,20.4904842376709,25.86857032775879
813000000000,0.0,0.1,0.3,20.491474151611328,26.53662872314453
813000000000,0.0,0.2,0.3,20.47355842590332,26.07952880859375
813000000000,0.0,0.3,0.3,20.361120223999023,26.2758846282959
813000000000,0.0,0.4,0.3,20.26370048522949,26.33198547363281
813000000000,0.0,0.5,0.3,19.64057159423828,25.30736351013184
813000000000,0.0,0.6,0.3,18.96363639831543,24.14209747314453
813000000000,0.0,0.7,0.3,17.756816864013672,21.00237464904785
813000000000,0.0,0.8,0.3,17.58316421508789,26.576000213623047
813000000000,0.0,0.9,0.3,16.45066261291504,24.090707778930664
813000000000,0.0,1.0,0.3,16.70505142211914,24.55115509033203
813000000001,0.0,0.0,0.3,21.53717803955078,17.314796447753906
813000000001,0.0,0.1,0.3,21.53264617919922,17.554899215698242
813000000001,0.0,0.2,0.3,21.51157760620117,17.24422264099121
813000000001,0.0,0.3,0.3,21.31145668029785,17.285600662231445
813000000001,0.0,0.4,0.3,21.06918907165528,17.498004913330078
813000000001,0.0,0.5,0.3,20.610864639282227,16.11212730407715
813000000001,0.0,0.6,0.3,19.63094711303711,18.97910690307617
813000000001,0.0,0.7,0.3,19.58642578125,19.26370620727539
813000000001,0.0,0.8,0.3,19.14874839782715,17.90013313293457
813000000001,0.0,0.9,0.3,18.50572395324707,20.84042358398437
813000000001,0.0,1.0,0.3,17.580379486083984,19.169845581054688
813000000002,0.0,0.0,0.3,20.718843460083008,13.822558403015137
813000000002,0.0,0.1,0.3,20.723190307617188,15.16125202178955
813000000002,0.0,0.2,0.3,20.70789909362793,12.218997955322266
813000000002,0.0,0.3,0.3,20.63496780395508,11.988580703735352
813000000002,0.0,0.4,0.3,20.1765193939209,17.16790199279785
813000000002,0.0,0.5,0.3,19.67791557312012,21.43927764892578
813000000002,0.0,0.6,0.3,18.55577278137207,22.67393112182617
813000000002,0.0,0.7,0.3,18.111007690429688,23.21821594238281
813000000002,0.0,0.8,0.3,16.881216049194336,22.123573303222656
813000000002,0.0,0.9,0.3,16.65468978881836,22.82194709777832
813000000002,0.0,1.0,0.3,16.210464477539062,14.851405143737791
813000000003,0.0,0.0,0.3,27.484806060791016,22.768497467041016
813000000003,0.0,0.1,0.3,27.4952392578125,23.115631103515625
813000000003,0.0,0.2,0.3,27.48031234741211,22.6975212097168
813000000003,0.0,0.3,0.3,27.415401458740234,22.723791122436523
813000000003,0.0,0.4,0.3,27.29891395568848,22.56639289855957
813000000003,0.0,0.5,0.3,27.13125991821289,23.606107711791992
813000000003,0.0,0.6,0.3,25.83326911926269,22.29545021057129
813000000003,0.0,0.7,0.3,24.07260131835937,24.195858001708984
813000000003,0.0,0.8,0.3,19.334392547607425,29.125932693481445
813000000003,0.0,0.9,0.3,19.22245407104492,27.01841354370117
813000000003,0.0,1.0,0.3,17.031084060668945,28.260629653930664
813000000004,0.0,0.0,0.3,23.77351188659668,25.51210021972656
813000000004,0.0,0.1,0.3,23.77734565734864,25.537017822265625
813000000004,0.0,0.2,0.3,23.788721084594727,25.529170989990234
813000000004,0.0,0.3,0.3,23.73201560974121,25.205398559570312
813000000004,0.0,0.4,0.3,23.64419174194336,24.31669235229492
813000000004,0.0,0.5,0.3,23.221010208129883,27.34896469116211
813000000004,0.0,0.6,0.3,23.13867950439453,21.85204315185547
813000000004,0.0,0.7,0.3,18.99475479125977,28.41920280456543
813000000004,0.0,0.8,0.3,17.405153274536133,20.20434188842773
813000000004,0.0,0.9,0.3,17.117244720458984,25.07886505126953
813000000004,0.0,1.0,0.3,15.400711059570312,29.202211380004883
813000000005,0.0,0.0,0.3,22.586225509643555,24.730113983154297
813000000005,0.0,0.1,0.3,22.576276779174805,24.909069061279297
813000000005,0.0,0.2,0.3,22.56333351135254,24.50914192199707
813000000005,0.0,0.3,0.3,22.521860122680664,25.34057807922364
813000000005,0.0,0.4,0.3,22.00244331359864,25.708818435668945
813000000005,0.0,0.5,0.3,21.10164260864257,24.25383377075196
813000000005,0.0,0.6,0.3,20.011852264404297,24.5031681060791
813000000005,0.0,0.7,0.3,19.340606689453125,23.23407745361328
813000000005,0.0,0.8,0.3,19.23056983947754,23.62905502319336
813000000005,0.0,0.9,0.3,18.51629447937012,23.04997444152832
813000000005,0.0,1.0,0.3,15.92534637451172,24.584228515625
813000000006,0.0,0.0,0.3,21.74208641052246,17.31134796142578
813000000006,0.0,0.1,0.3,21.73844718933105,17.463891983032227
813000000006,0.0,0.2,0.3,21.679828643798828,16.08110237121582
813000000006,0.0,0.3,0.3,21.61838150024414,16.17494773864746
813000000006,0.0,0.4,0.3,21.11853790283203,17.072668075561523
813000000006,0.0,0.5,0.3,20.974889755249023,16.84010887145996
813000000006,0.0,0.6,0.3,20.45713424682617,17.336009979248047
813000000006,0.0,0.7,0.3,19.14046859741211,18.431581497192383
813000000006,0.0,0.8,0.3,19.569486618041992,23.852691650390625
813000000006,0.0,0.9,0.3,18.488563537597656,20.957332611083984
813000000006,0.0,1.0,0.3,16.97677230834961,18.973865509033203
813000000007,0.0,0.0,0.3,20.34062957763672,26.600086212158203
813000000007,0.0,0.1,0.3,20.335968017578125,26.99211311340332
813000000007,0.0,0.2,0.3,20.34984016418457,25.18128204345703
813000000007,0.0,0.3,0.3,20.322301864624023,24.17420959472656
813000000007,0.0,0.4,0.3,20.18777847290039,24.77225875854492
813000000007,0.0,0.5,0.3,19.99088478088379,26.129186630249023
813000000007,0.0,0.6,0.3,19.620830535888672,28.653324127197266
813000000007,0.0,0.7,0.3,19.31102561950684,29.06997299194336
813000000007,0.0,0.8,0.3,18.118728637695312,27.77298927307129
813000000007,0.0,0.9,0.3,18.598403930664062,25.37624168395996
813000000007,0.0,1.0,0.3,17.80011749267578,24.81158447265625
813000000008,0.0,0.0,0.3,23.48407745361328,14.664986610412598
813000000008,0.0,0.1,0.3,23.476581573486328,14.710237503051758
813000000008,0.0,0.2,0.3,23.44302558898925,13.382953643798828
813000000008,0.0,0.3,0.3,23.306020736694336,14.20248794555664
813000000008,0.0,0.4,0.3,22.88114547729492,16.964712142944336
813000000008,0.0,0.5,0.3,22.11225700378418,16.20655059814453
813000000008,0.0,0.6,0.3,20.669193267822266,15.69831085205078
813000000008,0.0,0.7,0.3,19.500131607055664,16.6749267578125
813000000008,0.0,0.8,0.3,17.120813369750977,18.42581558227539
813000000008,0.0,0.9,0.3,14.381905555725098,21.76132583618164
813000000008,0.0,1.0,0.3,13.87877082824707,20.45667266845703
813000000009,0.0,0.0,0.3,23.6441707611084,14.24390697479248
813000000009,0.0,0.1,0.3,23.62272834777832,14.79360008239746
813000000009,0.0,0.2,0.3,23.506366729736328,15.148509979248049
813000000009,0.0,0.3,0.3,23.1645622253418,16.48632049560547
813000000009,0.0,0.4,0.3,22.18359375,17.28280258178711
813000000009,0.0,0.5,0.3,20.89121437072754,19.26215171813965
813000000009,0.0,0.6,0.3,18.29298210144043,18.53130340576172
813000000009,0.0,0.7,0.3,15.923739433288574,22.353416442871094
813000000009,0.0,0.8,0.3,14.205284118652344,28.707275390625
813000000009,0.0,0.9,0.3,12.679752349853516,29.70884132385254
813000000009,0.0,1.0,0.3,10.818660736083984,26.985858917236328
814000000000,0.0,0.0,0.3,22.919937133789062,17.400428771972656
814000000000,0.0,0.1,0.3,22.912878036499023,17.243637084960938
814000000000,0.0,0.2,0.3,22.8930892944336,17.347715377807617
814000000000,0.0,0.3,0.3,22.815841674804688,17.516185760498047
814000000000,0.0,0.4,0.3,22.528074264526367,19.618690490722656
814000000000,0.0,0.5,0.3,22.30159378051757,20.37299919128418
814000000000,0.0,0.6,0.3,22.42498588562012,18.791091918945312
814000000000,0.0,0.7,0.3,21.5756893157959,19.15651130676269
814000000000,0.0,0.8,0.3,20.04210662841797,21.96508407592773
814000000000,0.0,0.9,0.3,19.59227561950684,21.82775115966797
814000000000,0.0,1.0,0.3,20.5896224975586,22.47542381286621
814000000001,0.0,0.0,0.3,22.415727615356445,19.8748779296875
814000000001,0.0,0.1,0.3,22.39381599426269,19.61309242248535
814000000001,0.0,0.2,0.3,22.34623908996582,19.31877517700196
814000000001,0.0,0.3,0.3,22.11661529541016,19.46730613708496
814000000001,0.0,0.4,0.3,21.62539863586425,18.023588180541992
814000000001,0.0,0.5,0.3,20.533090591430664,20.08676528930664
814000000001,0.0,0.6,0.3,18.974384307861328,24.10214614868164
814000000001,0.0,0.7,0.3,16.290847778320312,21.69451141357422
814000000001,0.0,0.8,0.3,15.210819244384766,21.87148094177246
814000000001,0.0,0.9,0.3,12.845257759094238,24.539918899536133
814000000001,0.0,1.0,0.3,10.758350372314451,27.621845245361328
814000000002,0.0,0.0,0.3,30.567386627197266,22.87173843383789
814000000002,0.0,0.1,0.3,30.55034637451172,22.3428955078125
814000000002,0.0,0.2,0.3,30.525569915771484,21.96278190612793
814000000002,0.0,0.3,0.3,30.418672561645508,23.29305458068848
814000000002,0.0,0.4,0.3,30.21106719970703,23.544878005981445
814000000002,0.0,0.5,0.3,29.970224380493164,23.655845642089844
814000000002,0.0,0.6,0.3,29.46625709533692,23.572296142578125
814000000002,0.0,0.7,0.3,28.36130714416504,23.26611518859864
814000000002,0.0,0.8,0.3,27.11197090148925,23.173234939575195
814000000002,0.0,0.9,0.3,25.00707244873047,24.47295188903809
814000000002,0.0,1.0,0.3,23.14785385131836,22.6914176940918
814000000003,0.0,0.0,0.3,20.02960968017578,18.035659790039062
814000000003,0.0,0.1,0.3,20.02767944335937,18.585893630981445
814000000003,0.0,0.2,0.3,20.024978637695312,18.30808448791504
814000000003,0.0,0.3,0.3,19.946548461914062,18.10721015930176
814000000003,0.0,0.4,0.3,19.46258544921875,20.9341049194336
814000000003,0.0,0.5,0.3,17.805683135986328,21.02750587463379
814000000003,0.0,0.6,0.3,17.448270797729492,23.548095703125
814000000003,0.0,0.7,0.3,16.693635940551758,24.419418334960938
814000000003,0.0,0.8,0.3,16.275880813598633,25.253868103027344
814000000003,0.0,0.9,0.3,15.253457069396973,24.16397285461425
814000000003,0.0,1.0,0.3,15.052106857299805,21.4890079498291
814000000004,0.0,0.0,0.3,21.93020248413086,24.52628898620605
814000000004,0.0,0.1,0.3,21.92034721374512,24.017133712768555
814000000004,0.0,0.2,0.3,21.81846618652344,26.776206970214844
814000000004,0.0,0.3,0.3,21.54158401489257,29.72347640991211
814000000004,0.0,0.4,0.3,20.684459686279297,33.12900161743164
814000000004,0.0,0.5,0.3,20.05479049682617,32.0626220703125
814000000004,0.0,0.6,0.3,19.4825439453125,31.70098876953125
814000000004,0.0,0.7,0.3,18.76301002502441,33.33218002319336
814000000004,0.0,0.8,0.3,16.443769454956055,32.99565887451172
814000000004,0.0,0.9,0.3,15.377981185913086,32.42463684082031
814000000004,0.0,1.0,0.3,15.562049865722656,32.25381851196289
814000000005,0.0,0.0,0.3,21.048768997192383,26.23196220397949
814000000005,0.0,0.1,0.3,21.03671646118164,26.13132095336914
814000000005,0.0,0.2,0.3,21.03034019470215,26.354412078857425
814000000005,0.0,0.3,0.3,20.9726676940918,26.553112030029297
814000000005,0.0,0.4,0.3,20.95758819580078,26.37230491638184
814000000005,0.0,0.5,0.3,20.9135799407959,26.292818069458008
814000000005,0.0,0.6,0.3,20.91606712341309,26.273313522338867
814000000005,0.0,0.7,0.3,20.778812408447266,26.470016479492188
814000000005,0.0,0.8,0.3,20.549240112304688,26.746824264526367
814000000005,0.0,0.9,0.3,20.20065116882324,26.47047615051269
814000000005,0.0,1.0,0.3,18.030811309814453,26.97835922241211
814000000006,0.0,0.0,0.3,13.025814056396484,24.50069236755371
814000000006,0.0,0.1,0.3,13.0265531539917,24.264781951904297
814000000006,0.0,0.2,0.3,13.024983406066896,25.106489181518555
814000000006,0.0,0.3,0.3,12.983416557312012,26.431612014770508
814000000006,0.0,0.4,0.3,12.952699661254885,26.025577545166016
814000000006,0.0,0.5,0.3,12.91112995147705,24.452543258666992
814000000006,0.0,0.6,0.3,12.803873062133787,24.13182258605957
814000000006,0.0,0.7,0.3,12.557801246643066,23.78082656860352
814000000006,0.0,0.8,0.3,12.19278049468994,25.87945556640625
814000000006,0.0,0.9,0.3,12.082686424255373,25.064451217651367
814000000006,0.0,1.0,0.3,12.06031894683838,26.759654998779297
814000000007,0.0,0.0,0.3,24.89338111877441,21.18413734436035
814000000007,0.0,0.1,0.3,24.901660919189453,21.136838912963867
814000000007,0.0,0.2,0.3,24.912092208862305,21.506591796875
814000000007,0.0,0.3,0.3,24.965030670166016,21.50815391540528
814000000007,0.0,0.4,0.3,24.97275924682617,21.51115798950196
814000000007,0.0,0.5,0.3,24.77399063110352,20.733243942260746
814000000007,0.0,0.6,0.3,24.70497703552246,19.7022647857666
814000000007,0.0,0.7,0.3,24.599010467529297,18.74943351745605
814000000007,0.0,0.8,0.3,23.000057220458984,20.885543823242188
814000000007,0.0,0.9,0.3,21.744857788085938,20.71124267578125
814000000007,0.0,1.0,0.3,20.501577377319336,22.63686180114746
814000000008,0.0,0.0,0.3,25.54380798339844,22.006160736083984
814000000008,0.0,0.1,0.3,25.536779403686523,22.42548370361328
814000000008,0.0,0.2,0.3,25.554208755493164,22.058115005493164
814000000008,0.0,0.3,0.3,25.416648864746094,22.3011474609375
814000000008,0.0,0.4,0.3,24.697885513305664,20.42193984985352
814000000008,0.0,0.5,0.3,23.86041831970215,22.32550430297852
814000000008,0.0,0.6,0.3,23.018016815185547,24.90860748291016
814000000008,0.0,0.7,0.3,18.40548515319824,29.64755249023437
814000000008,0.0,0.8,0.3,17.572263717651367,30.97973251342773
814000000008,0.0,0.9,0.3,18.485090255737305,30.28972816467285
814000000008,0.0,1.0,0.3,15.186677932739258,28.715137481689453
814000000009,0.0,0.0,0.3,25.571504592895508,21.90913772583008
814000000009,0.0,0.1,0.3,25.55829811096192,21.746488571166992
814000000009,0.0,0.2,0.3,25.510883331298828,21.81405639648437
814000000009,0.0,0.3,0.3,25.46304702758789,22.7922420501709
814000000009,0.0,0.4,0.3,25.417369842529297,22.80282592773437
814000000009,0.0,0.5,0.3,25.288259506225582,23.397151947021484
814000000009,0.0,0.6,0.3,24.91165542602539,22.4055118560791
814000000009,0.0,0.7,0.3,22.90239906311035,21.92091560363769
814000000009,0.0,0.8,0.3,21.61604118347168,23.08577346801757
814000000009,0.0,0.9,0.3,20.438695907592773,23.519380569458008
814000000009,0.0,1.0,0.3,20.65383529663086,24.099578857421875
821000000000,0.0,0.0,0.3,23.380992889404297,19.98262023925781
821000000000,0.0,0.1,0.3,23.37917900085449,19.760501861572266
821000000000,0.0,0.2,0.3,23.36826133728028,20.8708724975586
821000000000,0.0,0.3,0.3,23.30647659301757,21.909786224365234
821000000000,0.0,0.4,0.3,23.253820419311523,20.58233070373535
821000000000,0.0,0.5,0.3,23.165666580200195,19.364044189453125
821000000000,0.0,0.6,0.3,22.7076473236084,24.345626831054688
821000000000,0.0,0.7,0.3,22.74495315551757,19.664106369018555
821000000000,0.0,0.8,0.3,21.68857955932617,20.23065757751465
821000000000,0.0,0.9,0.3,16.045196533203125,19.72299575805664
821000000000,0.0,1.0,0.3,14.435733795166016,19.800701141357425
821000000001,0.0,0.0,0.3,22.557048797607425,25.795286178588867
821000000001,0.0,0.1,0.3,22.509910583496094,25.809215545654297
821000000001,0.0,0.2,0.3,22.406400680541992,25.756385803222656
821000000001,0.0,0.3,0.3,22.14327049255371,25.626691818237305
821000000001,0.0,0.4,0.3,21.742076873779297,25.75038146972656
821000000001,0.0,0.5,0.3,21.097143173217773,25.620948791503903
821000000001,0.0,0.6,0.3,19.844560623168945,25.660076141357425
821000000001,0.0,0.7,0.3,16.919906616210938,25.79901885986328
821000000001,0.0,0.8,0.3,14.647478103637695,28.03999710083008
821000000001,0.0,0.9,0.3,12.803266525268556,28.553586959838867
821000000001,0.0,1.0,0.3,11.039263725280762,27.7771110534668
821000000002,0.0,0.0,0.3,26.189489364624023,23.1452751159668
821000000002,0.0,0.1,0.3,26.183650970458984,23.504758834838867
821000000002,0.0,0.2,0.3,26.175268173217773,23.50680160522461
821000000002,0.0,0.3,0.3,25.98011779785156,23.49514961242676
821000000002,0.0,0.4,0.3,25.60744285583496,23.778095245361328
821000000002,0.0,0.5,0.3,23.17542839050293,24.23745346069336
821000000002,0.0,0.6,0.3,21.935266494750977,25.8551025390625
821000000002,0.0,0.7,0.3,20.2335147857666,25.21573257446289
821000000002,0.0,0.8,0.3,18.19593811035156,26.04928970336914
821000000002,0.0,0.9,0.3,17.459672927856445,24.77467155456543
821000000002,0.0,1.0,0.3,17.260906219482422,24.38338279724121
821000000003,0.0,0.0,0.3,21.942768096923828,23.16966438293457
821000000003,0.0,0.1,0.3,21.95196533203125,23.138538360595703
821000000003,0.0,0.2,0.3,21.94107818603516,23.82154083251953
821000000003,0.0,0.3,0.3,21.906116485595703,25.22716522216797
821000000003,0.0,0.4,0.3,21.80282974243164,24.186717987060547
821000000003,0.0,0.5,0.3,21.679941177368164,23.74339866638184
821000000003,0.0,0.6,0.3,21.26437759399414,25.685352325439453
821000000003,0.0,0.7,0.3,20.96981239318848,26.16958999633789
821000000003,0.0,0.8,0.3,19.401460647583008,26.2298526763916
821000000003,0.0,0.9,0.3,16.78969955444336,26.61038017272949
821000000003,0.0,1.0,0.3,14.9515380859375,26.700410842895508
821000000004,0.0,0.0,0.3,19.53832054138184,20.626623153686523
821000000004,0.0,0.1,0.3,19.543949127197266,20.47475814819336
821000000004,0.0,0.2,0.3,19.54966354370117,21.2273006439209
821000000004,0.0,0.3,0.3,19.50623321533203,21.42879676818848
821000000004,0.0,0.4,0.3,19.357498168945312,21.720977783203125
821000000004,0.0,0.5,0.3,19.12805557250977,21.36326789855957
821000000004,0.0,0.6,0.3,18.844724655151367,21.408950805664062
821000000004,0.0,0.7,0.3,18.608522415161133,20.04951477050781
821000000004,0.0,0.8,0.3,18.16730117797852,19.709470748901367
821000000004,0.0,0.9,0.3,16.013267517089844,24.76665687561035
821000000004,0.0,1.0,0.3,14.537059783935549,25.400144577026367
821000000005,0.0,0.0,0.3,21.637826919555664,22.0058536529541
821000000005,0.0,0.1,0.3,21.60752868652344,22.59944534301757
821000000005,0.0,0.2,0.3,21.503002166748047,22.07309913635254
821000000005,0.0,0.3,0.3,21.24234962463379,21.720956802368164
821000000005,0.0,0.4,0.3,20.665998458862305,21.48965835571289
821000000005,0.0,0.5,0.3,20.42536163330078,23.797054290771484
821000000005,0.0,0.6,0.3,19.110671997070312,26.43589973449707
821000000005,0.0,0.7,0.3,17.33808708190918,28.92494773864746
821000000005,0.0,0.8,0.3,16.223724365234375,26.593334197998047
821000000005,0.0,0.9,0.3,15.386038780212402,27.021324157714844
821000000005,0.0,1.0,0.3,13.642755508422852,22.35567092895508
821000000006,0.0,0.0,0.3,23.01807975769043,19.16378593444824
821000000006,0.0,0.1,0.3,23.02462577819824,18.780542373657227
821000000006,0.0,0.2,0.3,22.95378875732422,19.68124961853028
821000000006,0.0,0.3,0.3,22.779220581054688,18.76095199584961
821000000006,0.0,0.4,0.3,22.386737823486328,18.10646247863769
821000000006,0.0,0.5,0.3,21.761138916015625,20.084407806396484
821000000006,0.0,0.6,0.3,20.71150588989257,15.05606746673584
821000000006,0.0,0.7,0.3,18.817852020263672,19.589170455932617
821000000006,0.0,0.8,0.3,17.629945755004883,16.91350555419922
821000000006,0.0,0.9,0.3,15.75556182861328,18.296762466430664
821000000006,0.0,1.0,0.3,16.54145622253418,15.774330139160156
821000000007,0.0,0.0,0.3,20.407623291015625,19.931028366088867
821000000007,0.0,0.1,0.3,20.405595779418945,20.05542755126953
821000000007,0.0,0.2,0.3,20.398149490356445,20.26484680175781
821000000007,0.0,0.3,0.3,20.259498596191406,19.81161117553711
821000000007,0.0,0.4,0.3,20.22536277770996,20.18743705749512
821000000007,0.0,0.5,0.3,20.1717529296875,19.791719436645508
821000000007,0.0,0.6,0.3,19.91685104370117,19.37519645690918
821000000007,0.0,0.7,0.3,18.87879753112793,19.566041946411133
821000000007,0.0,0.8,0.3,18.645782470703125,22.60215759277344
821000000007,0.0,0.9,0.3,16.7647705078125,19.91396141052246
821000000007,0.0,1.0,0.3,16.01344871520996,19.38114547729492
821000000008,0.0,0.0,0.3,22.59160804748535,19.83625030517578
821000000008,0.0,0.1,0.3,22.56863784790039,19.951169967651367
821000000008,0.0,0.2,0.3,22.485679626464844,19.61955070495605
821000000008,0.0,0.3,0.3,22.23780059814453,18.89903450012207
821000000008,0.0,0.4,0.3,21.617536544799805,16.89090919494629
821000000008,0.0,0.5,0.3,20.659555435180664,21.812368392944336
821000000008,0.0,0.6,0.3,20.38130569458008,23.98616600036621
821000000008,0.0,0.7,0.3,19.39122772216797,23.17483711242676
821000000008,0.0,0.8,0.3,18.336570739746094,24.062376022338867
821000000008,0.0,0.9,0.3,16.403207778930664,24.84196853637696
821000000008,0.0,1.0,0.3,14.177719116210938,28.74298667907715
821000000009,0.0,0.0,0.3,19.88051414489746,15.152507781982422
821000000009,0.0,0.1,0.3,19.88407516479492,15.48940086364746
821000000009,0.0,0.2,0.3,19.894399642944336,16.0003662109375
821000000009,0.0,0.3,0.3,19.88062858581543,16.25967788696289
821000000009,0.0,0.4,0.3,19.665008544921875,16.879587173461914
821000000009,0.0,0.5,0.3,18.38778114318848,17.222270965576172
821000000009,0.0,0.6,0.3,18.429903030395508,22.38028717041016
821000000009,0.0,0.7,0.3,17.285228729248047,19.25614356994629
821000000009,0.0,0.8,0.3,16.595232009887695,21.54446792602539
821000000009,0.0,0.9,0.3,16.740304946899414,21.56618881225586
821000000009,0.0,1.0,0.3,15.64760971069336,20.679521560668945
822000000000,0.0,0.0,0.3,25.14123916625977,18.693565368652344
822000000000,0.0,0.1,0.3,25.119176864624023,19.202980041503903
822000000000,0.0,0.2,0.3,25.06269836425781,19.75762176513672
822000000000,0.0,0.3,0.3,24.7208251953125,19.18885803222656
822000000000,0.0,0.4,0.3,24.528789520263672,18.95931053161621
822000000000,0.0,0.5,0.3,24.76237869262696,18.241355895996094
822000000000,0.0,0.6,0.3,24.466537475585938,19.207895278930664
822000000000,0.0,0.7,0.3,23.06509017944336,19.94841384887696
822000000000,0.0,0.8,0.3,22.75308609008789,21.382713317871094
822000000000,0.0,0.9,0.3,20.85099029541016,21.70347785949707
822000000000,0.0,1.0,0.3,18.139997482299805,23.25435447692871
822000000001,0.0,0.0,0.3,21.77123260498047,24.58942031860352
822000000001,0.0,0.1,0.3,21.778139114379883,24.84293365478516
822000000001,0.0,0.2,0.3,21.779170989990234,24.65328025817871
822000000001,0.0,0.3,0.3,21.65616607666016,25.03197479248047
822000000001,0.0,0.4,0.3,21.550331115722656,24.3745231628418
822000000001,0.0,0.5,0.3,21.39671516418457,25.224733352661133
822000000001,0.0,0.6,0.3,20.917335510253903,25.53693389892578
822000000001,0.0,0.7,0.3,19.35570335388184,23.376554489135746
822000000001,0.0,0.8,0.3,15.941287994384766,25.981014251708984
822000000001,0.0,0.9,0.3,15.331950187683104,26.948564529418945
822000000001,0.0,1.0,0.3,14.45418643951416,27.47577476501465
822000000002,0.0,0.0,0.3,25.705810546875,20.34213829040528
822000000002,0.0,0.1,0.3,25.713314056396484,20.59600067138672
822000000002,0.0,0.2,0.3,25.651029586791992,20.82673072814941
822000000002,0.0,0.3,0.3,25.48983383178711,20.931076049804688
822000000002,0.0,0.4,0.3,25.266563415527344,21.103195190429688
822000000002,0.0,0.5,0.3,25.04696273803711,21.02359962463379
822000000002,0.0,0.6,0.3,23.918609619140625,22.581716537475582
822000000002,0.0,0.7,0.3,22.47817611694336,23.005342483520508
822000000002,0.0,0.8,0.3,20.19834327697754,23.15474510192871
822000000002,0.0,0.9,0.3,17.88399314880371,22.20345115661621
822000000002,0.0,1.0,0.3,12.231559753417969,24.44645118713379
822000000003,0.0,0.0,0.3,20.121545791625977,18.83345031738281
822000000003,0.0,0.1,0.3,20.10895538330078,19.152278900146484
822000000003,0.0,0.2,0.3,20.04145050048828,19.17402648925781
822000000003,0.0,0.3,0.3,19.600379943847656,19.588903427124023
822000000003,0.0,0.4,0.3,17.626298904418945,27.29094314575196
822000000003,0.0,0.5,0.3,16.11133575439453,28.36483383178711
822000000003,0.0,0.6,0.3,14.700400352478027,28.16132354736328
822000000003,0.0,0.7,0.3,14.318075180053713,28.3601131439209
822000000003,0.0,0.8,0.3,14.570951461791992,30.036401748657227
822000000003,0.0,0.9,0.3,13.514083862304688,27.31737518310547
822000000003,0.0,1.0,0.3,12.647226333618164,26.67574882507324
822000000004,0.0,0.0,0.3,20.79086685180664,18.35218048095703
822000000004,0.0,0.1,0.3,20.79219627380371,18.58169174194336
822000000004,0.0,0.2,0.3,20.76742935180664,18.27505874633789
822000000004,0.0,0.3,0.3,20.509241104125977,17.888179779052734
822000000004,0.0,0.4,0.3,20.21364021301269,17.40955924987793
822000000004,0.0,0.5,0.3,19.83791160583496,16.83039093017578
822000000004,0.0,0.6,0.3,18.57744789123535,18.91476821899414
822000000004,0.0,0.7,0.3,16.9119873046875,22.332094192504883
822000000004,0.0,0.8,0.3,15.655913352966309,24.066146850585938
822000000004,0.0,0.9,0.3,15.49213695526123,24.14728736877441
822000000004,0.0,1.0,0.3,15.90932846069336,20.50691032409668
822000000005,0.0,0.0,0.3,21.674863815307617,18.28697967529297
822000000005,0.0,0.1,0.3,21.67725944519043,18.810766220092773
822000000005,0.0,0.2,0.3,21.65399169921875,18.37007141113281
822000000005,0.0,0.3,0.3,21.52863311767578,18.159284591674805
822000000005,0.0,0.4,0.3,21.399534225463867,20.30682182312012
822000000005,0.0,0.5,0.3,20.516584396362305,24.05362129211425
822000000005,0.0,0.6,0.3,18.642133712768555,24.913982391357425
822000000005,0.0,0.7,0.3,15.809630393981934,26.34921646118164
822000000005,0.0,0.8,0.3,12.602362632751465,23.246456146240234
822000000005,0.0,0.9,0.3,10.314754486083984,23.238805770874023
822000000005,0.0,1.0,0.3,9.358025550842283,22.684675216674805
822000000006,0.0,0.0,0.3,21.72365951538086,20.2554931640625
822000000006,0.0,0.1,0.3,21.731735229492188,20.42850112915039
822000000006,0.0,0.2,0.3,21.76173973083496,20.398191452026367
822000000006,0.0,0.3,0.3,21.56209182739257,20.4865779876709
822000000006,0.0,0.4,0.3,20.8488826751709,26.08982276916504
822000000006,0.0,0.5,0.3,20.048015594482425,24.89372444152832
822000000006,0.0,0.6,0.3,17.131563186645508,24.767473220825195
822000000006,0.0,0.7,0.3,15.408492088317873,30.42839241027832
822000000006,0.0,0.8,0.3,15.333481788635254,27.81977081298828
822000000006,0.0,0.9,0.3,14.667970657348633,29.1472282409668
822000000006,0.0,1.0,0.3,14.305831909179688,27.896011352539062
822000000007,0.0,0.0,0.3,27.263193130493164,21.77335548400879
822000000007,0.0,0.1,0.3,27.25580787658692,21.60033798217773
822000000007,0.0,0.2,0.3,27.203998565673828,21.805435180664062
822000000007,0.0,0.3,0.3,27.06883811950684,20.43993377685547
822000000007,0.0,0.4,0.3,26.74676513671875,19.21585273742676
822000000007,0.0,0.5,0.3,26.424171447753903,21.13890266418457
822000000007,0.0,0.6,0.3,25.834217071533203,23.74321174621582
822000000007,0.0,0.7,0.3,23.09848976135254,25.7908935546875
822000000007,0.0,0.8,0.3,19.204429626464844,28.832895278930664
822000000007,0.0,0.9,0.3,17.273006439208984,25.932249069213867
822000000007,0.0,1.0,0.3,13.261384963989258,25.810077667236328
822000000008,0.0,0.0,0.3,22.249042510986328,16.926576614379883
822000000008,0.0,0.1,0.3,22.2421989440918,17.821632385253906
822000000008,0.0,0.2,0.3,22.162023544311523,19.09598731994629
822000000008,0.0,0.3,0.3,21.71817970275879,19.796293258666992
822000000008,0.0,0.4,0.3,20.85846328735352,20.30859375
822000000008,0.0,0.5,0.3,19.001853942871094,20.88439178466797
822000000008,0.0,0.6,0.3,16.143049240112305,23.390111923217773
822000000008,0.0,0.7,0.3,14.198234558105469,24.48518943786621
822000000008,0.0,0.8,0.3,13.286870002746582,24.22580337524414
822000000008,0.0,0.9,0.3,12.902183532714844,26.30195045471192
822000000008,0.0,1.0,0.3,11.064207077026367,27.963417053222656
822000000009,0.0,0.0,0.3,18.943885803222656,25.99925994873047
822000000009,0.0,0.1,0.3,18.891098022460938,25.80519294738769
822000000009,0.0,0.2,0.3,18.729644775390625,25.4669189453125
822000000009,0.0,0.3,0.3,18.367441177368164,25.64963150024414
822000000009,0.0,0.4,0.3,18.032459259033203,27.77474594116211
822000000009,0.0,0.5,0.3,17.368013381958008,28.10892105102539
822000000009,0.0,0.6,0.3,16.016969680786133,29.889142990112305
822000000009,0.0,0.7,0.3,14.153061866760254,29.8852596282959
822000000009,0.0,0.8,0.3,12.02591037750244,29.17434501647949
822000000009,0.0,0.9,0.3,9.25180721282959,26.329998016357425
822000000009,0.0,1.0,0.3,8.403103828430176,25.98091125488281
823000000000,0.0,0.0,0.3,22.754295349121094,12.645151138305664
823000000000,0.0,0.1,0.3,22.74185371398925,12.299262046813965
823000000000,0.0,0.2,0.3,22.73894500732422,12.391419410705566
823000000000,0.0,0.3,0.3,22.66678237915039,13.506057739257812
823000000000,0.0,0.4,0.3,22.5634765625,18.617300033569336
823000000000,0.0,0.5,0.3,22.527603149414062,14.824491500854492
823000000000,0.0,0.6,0.3,22.13947105407715,18.6152400970459
823000000000,0.0,0.7,0.3,21.32529640197754,20.29426383972168
823000000000,0.0,0.8,0.3,20.36355972290039,17.07500457763672
823000000000,0.0,0.9,0.3,17.69070816040039,26.586854934692383
823000000000,0.0,1.0,0.3,14.69126796722412,26.6047420501709
823000000001,0.0,0.0,0.3,18.370792388916016,24.26531410217285
823000000001,0.0,0.1,0.3,18.372535705566406,24.102479934692383
823000000001,0.0,0.2,0.3,18.35584831237793,24.409896850585938
823000000001,0.0,0.3,0.3,18.327524185180664,25.070180892944336
823000000001,0.0,0.4,0.3,18.31609916687012,24.64996910095215
823000000001,0.0,0.5,0.3,18.197885513305664,23.78097915649414
823000000001,0.0,0.6,0.3,16.92460060119629,25.720882415771484
823000000001,0.0,0.7,0.3,15.315293312072754,22.042972564697266
823000000001,0.0,0.8,0.3,13.230817794799805,27.33161735534668
823000000001,0.0,0.9,0.3,11.587187767028809,29.359113693237305
823000000001,0.0,1.0,0.3,11.202803611755373,29.05477333068848
823000000002,0.0,0.0,0.3,25.400270462036133,16.841999053955078
823000000002,0.0,0.1,0.3,25.411678314208984,16.575271606445312
823000000002,0.0,0.2,0.3,25.40808486938477,16.637208938598633
823000000002,0.0,0.3,0.3,25.305551528930664,17.042377471923828
823000000002,0.0,0.4,0.3,25.1701889038086,17.60651397705078
823000000002,0.0,0.5,0.3,24.928068161010746,18.463680267333984
823000000002,0.0,0.6,0.3,24.7324333190918,17.490859985351562
823000000002,0.0,0.7,0.3,22.92988014221192,17.17449378967285
823000000002,0.0,0.8,0.3,18.457416534423828,19.92386245727539
823000000002,0.0,0.9,0.3,15.30833339691162,20.30685234069824
823000000002,0.0,1.0,0.3,15.294416427612305,15.02971076965332
823000000003,0.0,0.0,0.3,25.81270217895508,17.008922576904297
823000000003,0.0,0.1,0.3,25.806798934936523,16.53238296508789
823000000003,0.0,0.2,0.3,25.754955291748047,17.793004989624023
823000000003,0.0,0.3,0.3,25.463716506958008,13.316975593566896
823000000003,0.0,0.4,0.3,25.13825225830078,14.34625244140625
823000000003,0.0,0.5,0.3,22.95015525817871,20.028526306152344
823000000003,0.0,0.6,0.3,23.248554229736328,18.40563201904297
823000000003,0.0,0.7,0.3,18.501405715942383,17.294559478759766
823000000003,0.0,0.8,0.3,16.542724609375,18.023908615112305
823000000003,0.0,0.9,0.3,17.609376907348633,19.119186401367188
823000000003,0.0,1.0,0.3,15.419828414916992,20.86341857910156
823000000004,0.0,0.0,0.3,22.473955154418945,23.50541114807129
823000000004,0.0,0.1,0.3,22.481767654418945,23.72786331176757
823000000004,0.0,0.2,0.3,22.44475173950196,23.99370002746582
823000000004,0.0,0.3,0.3,22.33838653564453,23.66539764404297
823000000004,0.0,0.4,0.3,21.88960647583008,24.15624046325684
823000000004,0.0,0.5,0.3,20.88967704772949,25.05160522460937
823000000004,0.0,0.6,0.3,19.055965423583984,25.364521026611328
823000000004,0.0,0.7,0.3,16.2890567779541,22.55629539489746
823000000004,0.0,0.8,0.3,13.832873344421388,24.36792755126953
823000000004,0.0,0.9,0.3,11.49147891998291,29.36602020263672
823000000004,0.0,1.0,0.3,9.900808334350586,26.58577537536621
823000000005,0.0,0.0,0.3,16.60199737548828,18.532054901123047
823000000005,0.0,0.1,0.3,16.601924896240234,17.78338623046875
823000000005,0.0,0.2,0.3,16.606599807739258,17.567249298095703
823000000005,0.0,0.3,0.3,16.582090377807617,18.019210815429688
823000000005,0.0,0.4,0.3,16.54526138305664,19.233821868896484
823000000005,0.0,0.5,0.3,16.460094451904297,19.336679458618164
823000000005,0.0,0.6,0.3,15.545178413391112,21.20475196838379
823000000005,0.0,0.7,0.3,14.691265106201172,25.98930549621582
823000000005,0.0,0.8,0.3,13.631324768066406,21.10826301574707
823000000005,0.0,0.9,0.3,12.873053550720217,21.42560768127441
823000000005,0.0,1.0,0.3,12.13589096069336,21.97091293334961
823000000006,0.0,0.0,0.3,25.42802047729492,19.39602851867676
823000000006,0.0,0.1,0.3,25.39542961120605,19.96541786193848
823000000006,0.0,0.2,0.3,25.3383846282959,19.758420944213867
823000000006,0.0,0.3,0.3,25.03142166137696,20.46395301818848
823000000006,0.0,0.4,0.3,25.227783203125,19.41253662109375
823000000006,0.0,0.5,0.3,24.52476692199707,19.34133529663086
823000000006,0.0,0.6,0.3,18.82332801818848,22.340972900390625
823000000006,0.0,0.7,0.3,17.3676815032959,21.85579299926757
823000000006,0.0,0.8,0.3,16.980188369750977,26.59299087524414
823000000006,0.0,0.9,0.3,14.592450141906738,26.189910888671875
823000000006,0.0,1.0,0.3,12.284347534179688,27.20548439025879
823000000007,0.0,0.0,0.3,25.721546173095703,18.282054901123047
823000000007,0.0,0.1,0.3,25.71780776977539,18.561878204345703
823000000007,0.0,0.2,0.3,25.75018882751465,19.27936744689941
823000000007,0.0,0.3,0.3,25.7141170501709,19.552001953125
823000000007,0.0,0.4,0.3,25.49696922302246,19.71933364868164
823000000007,0.0,0.5,0.3,25.24918365478516,19.730194091796875
823000000007,0.0,0.6,0.3,23.34282112121582,19.26223945617676
823000000007,0.0,0.7,0.3,19.78799819946289,23.366195678710938
823000000007,0.0,0.8,0.3,16.50946044921875,20.23843574523925
823000000007,0.0,0.9,0.3,14.422009468078612,26.587135314941406
823000000007,0.0,1.0,0.3,12.802205085754396,22.398025512695312
823000000008,0.0,0.0,0.3,26.53459548950196,20.556625366210938
823000000008,0.0,0.1,0.3,26.556394577026367,20.32294273376465
823000000008,0.0,0.2,0.3,26.60553932189941,20.85710525512696
823000000008,0.0,0.3,0.3,26.719451904296875,20.51346015930176
823000000008,0.0,0.4,0.3,25.89506721496582,21.61357879638672
823000000008,0.0,0.5,0.3,24.55716323852539,20.3397274017334
823000000008,0.0,0.6,0.3,23.41939926147461,22.323545455932617
823000000008,0.0,0.7,0.3,18.326499938964844,20.900779724121094
823000000008,0.0,0.8,0.3,16.500816345214844,28.929000854492188
823000000008,0.0,0.9,0.3,14.22201156616211,27.408611297607425
823000000008,0.0,1.0,0.3,13.107754707336426,25.98821830749512
823000000009,0.0,0.0,0.3,24.83255958557129,18.06500244140625
823000000009,0.0,0.1,0.3,24.83066177368164,18.030914306640625
823000000009,0.0,0.2,0.3,24.80677795410156,19.00666046142578
823000000009,0.0,0.3,0.3,24.725976943969727,18.05227470397949
823000000009,0.0,0.4,0.3,24.644392013549805,17.49873924255371
823000000009,0.0,0.5,0.3,24.4598331451416,17.775218963623047
823000000009,0.0,0.6,0.3,23.79159927368164,21.149578094482425
823000000009,0.0,0.7,0.3,22.3089542388916,19.67913246154785
823000000009,0.0,0.8,0.3,20.36194610595703,21.252195358276367
823000000009,0.0,0.9,0.3,20.8839168548584,17.27351188659668
823000000009,0.0,1.0,0.3,18.33331871032715,21.08342933654785
824000000000,0.0,0.0,0.3,23.22867774963379,16.919145584106445
824000000000,0.0,0.1,0.3,23.18218994140625,16.938865661621094
824000000000,0.0,0.2,0.3,23.055683135986328,18.14189910888672
824000000000,0.0,0.3,0.3,22.85947227478028,18.131202697753903
824000000000,0.0,0.4,0.3,22.43745422363281,17.75602149963379
824000000000,0.0,0.5,0.3,21.89702415466309,18.017894744873047
824000000000,0.0,0.6,0.3,21.672117233276367,19.66754913330078
824000000000,0.0,0.7,0.3,21.388675689697266,20.083436965942383
824000000000,0.0,0.8,0.3,17.902767181396484,21.373645782470703
824000000000,0.0,0.9,0.3,15.871630668640137,21.170074462890625
824000000000,0.0,1.0,0.3,16.020275115966797,22.05622673034668
824000000001,0.0,0.0,0.3,24.04709243774414,14.975372314453123
824000000001,0.0,0.1,0.3,24.065019607543945,14.904800415039062
824000000001,0.0,0.2,0.3,24.10668182373047,15.386541366577148
824000000001,0.0,0.3,0.3,24.07139778137207,14.486501693725586
824000000001,0.0,0.4,0.3,23.1416244506836,15.56706714630127
824000000001,0.0,0.5,0.3,22.044282913208008,17.008901596069336
824000000001,0.0,0.6,0.3,19.31897354125977,22.1174545288086
824000000001,0.0,0.7,0.3,17.704620361328125,24.68914604187012
824000000001,0.0,0.8,0.3,15.67230224609375,26.870710372924805
824000000001,0.0,0.9,0.3,15.743563652038574,27.44093894958496
824000000001,0.0,1.0,0.3,14.59832000732422,28.683080673217773
824000000002,0.0,0.0,0.3,19.124282836914062,12.00592041015625
824000000002,0.0,0.1,0.3,19.12342643737793,12.17501735687256
824000000002,0.0,0.2,0.3,19.116788864135746,12.087425231933594
824000000002,0.0,0.3,0.3,19.05195045471192,12.484733581542969
824000000002,0.0,0.4,0.3,19.011558532714844,12.37857151031494
824000000002,0.0,0.5,0.3,18.979637145996094,13.386845588684082
824000000002,0.0,0.6,0.3,18.936559677124023,15.398512840270996
824000000002,0.0,0.7,0.3,18.80348014831543,14.574980735778809
824000000002,0.0,0.8,0.3,18.07662010192871,13.738245010375977
824000000002,0.0,0.9,0.3,16.819976806640625,12.02805519104004
824000000002,0.0,1.0,0.3,14.496277809143066,17.826274871826172
824000000003,0.0,0.0,0.3,16.581037521362305,17.689640045166016
824000000003,0.0,0.1,0.3,16.57602310180664,17.87162971496582
824000000003,0.0,0.2,0.3,16.53927993774414,19.20559310913086
824000000003,0.0,0.3,0.3,16.308412551879883,19.510950088500977
824000000003,0.0,0.4,0.3,15.855018615722656,19.106592178344727
824000000003,0.0,0.5,0.3,15.17304229736328,24.107650756835938
824000000003,0.0,0.6,0.3,14.685297012329102,24.99159812927246
824000000003,0.0,0.7,0.3,14.015480041503906,29.96382713317871
824000000003,0.0,0.8,0.3,12.56473159790039,26.570098876953125
824000000003,0.0,0.9,0.3,12.0850830078125,25.652381896972656
824000000003,0.0,1.0,0.3,11.334173202514648,28.698925018310547
824000000004,0.0,0.0,0.3,19.314876556396484,23.86731338500977
824000000004,0.0,0.1,0.3,19.31272315979004,24.0202579498291
824000000004,0.0,0.2,0.3,19.29192352294922,23.975954055786133
824000000004,0.0,0.3,0.3,19.20996856689453,23.97147560119629
824000000004,0.0,0.4,0.3,19.10667991638184,23.92190170288086
824000000004,0.0,0.5,0.3,18.947246551513672,23.50027084350586
824000000004,0.0,0.6,0.3,18.61652565002441,24.04072952270508
824000000004,0.0,0.7,0.3,17.941598892211914,24.55766868591309
824000000004,0.0,0.8,0.3,14.90476417541504,24.729785919189453
824000000004,0.0,0.9,0.3,12.879188537597656,30.740949630737305
824000000004,0.0,1.0,0.3,12.706036567687988,26.369428634643555
824000000005,0.0,0.0,0.3,25.409303665161133,20.496118545532227
824000000005,0.0,0.1,0.3,25.404165267944336,20.33340644836425
824000000005,0.0,0.2,0.3,25.405986785888672,20.60373878479004
824000000005,0.0,0.3,0.3,25.398006439208984,20.322736740112305
824000000005,0.0,0.4,0.3,25.34182357788086,20.49034309387207
824000000005,0.0,0.5,0.3,25.205421447753903,20.61202621459961
824000000005,0.0,0.6,0.3,25.10852432250977,20.664037704467773
824000000005,0.0,0.7,0.3,24.67362594604492,21.27165412902832
824000000005,0.0,0.8,0.3,22.79731559753418,22.63467597961425
824000000005,0.0,0.9,0.3,20.89116096496582,21.950027465820312
824000000005,0.0,1.0,0.3,16.429763793945312,22.81703758239746
824000000006,0.0,0.0,0.3,22.578723907470703,17.97412872314453
824000000006,0.0,0.1,0.3,22.582256317138672,17.89011573791504
824000000006,0.0,0.2,0.3,22.57625770568848,17.798799514770508
824000000006,0.0,0.3,0.3,22.560104370117188,17.7394962310791
824000000006,0.0,0.4,0.3,22.56518745422364,18.095674514770508
824000000006,0.0,0.5,0.3,22.514324188232425,17.91830062866211
824000000006,0.0,0.6,0.3,22.467119216918945,17.198810577392578
824000000006,0.0,0.7,0.3,22.24867057800293,17.52446746826172
824000000006,0.0,0.8,0.3,21.22795486450196,17.95073127746582
824000000006,0.0,0.9,0.3,18.710983276367188,18.691200256347656
824000000006,0.0,1.0,0.3,17.14063262939453,18.311012268066406
824000000007,0.0,0.0,0.3,21.60161781311035,19.94703483581543
824000000007,0.0,0.1,0.3,21.609203338623047,19.908079147338867
824000000007,0.0,0.2,0.3,21.58804702758789,21.01006507873535
824000000007,0.0,0.3,0.3,21.418800354003903,20.4116439819336
824000000007,0.0,0.4,0.3,21.110239028930664,19.88492202758789
824000000007,0.0,0.5,0.3,20.990238189697266,20.63616371154785
824000000007,0.0,0.6,0.3,20.74884796142578,20.45955467224121
824000000007,0.0,0.7,0.3,18.217021942138672,22.26470184326172
824000000007,0.0,0.8,0.3,16.513818740844727,18.363983154296875
824000000007,0.0,0.9,0.3,14.320460319519045,20.93752670288086
824000000007,0.0,1.0,0.3,14.01737117767334,19.610742568969727
824000000008,0.0,0.0,0.3,23.467918395996094,16.289350509643555
824000000008,0.0,0.1,0.3,23.47459602355957,16.231739044189453
824000000008,0.0,0.2,0.3,23.437175750732425,16.16567611694336
824000000008,0.0,0.3,0.3,23.30788993835449,17.32931900024414
824000000008,0.0,0.4,0.3,23.16255187988281,17.229982376098633
824000000008,0.0,0.5,0.3,22.93051528930664,16.1573429107666
824000000008,0.0,0.6,0.3,22.560216903686523,16.081331253051758
824000000008,0.0,0.7,0.3,18.593324661254883,18.965238571166992
824000000008,0.0,0.8,0.3,17.542827606201172,21.321224212646484
824000000008,0.0,0.9,0.3,18.345781326293945,23.30617332458496
824000000008,0.0,1.0,0.3,19.20098876953125,22.697389602661133
824000000009,0.0,0.0,0.3,23.69429016113281,20.23050308227539
824000000009,0.0,0.1,0.3,23.68575096130371,20.095876693725582
824000000009,0.0,0.2,0.3,23.6751708984375,20.251686096191406
824000000009,0.0,0.3,0.3,23.54174423217773,19.89194107055664
824000000009,0.0,0.4,0.3,23.39106178283692,19.01923370361328
824000000009,0.0,0.5,0.3,22.78997039794922,23.245344161987305
824000000009,0.0,0.6,0.3,22.43352508544922,23.53103446960449
824000000009,0.0,0.7,0.3,21.60360145568848,22.919023513793945
824000000009,0.0,0.8,0.3,19.47159004211425,21.632469177246094
824000000009,0.0,0.9,0.3,16.813390731811523,20.965476989746094
824000000009,0.0,1.0,0.3,13.904338836669922,25.40019989013672
911000000000,0.0,0.0,0.3,17.61859893798828,27.39628219604492
911000000000,0.0,0.1,0.3,17.614364624023438,27.545583724975582
911000000000,0.0,0.2,0.3,17.595863342285156,27.095043182373047
911000000000,0.0,0.3,0.3,17.51786994934082,27.62982940673828
911000000000,0.0,0.4,0.3,17.38709259033203,27.426549911499023
911000000000,0.0,0.5,0.3,16.575748443603516,30.729204177856445
911000000000,0.0,0.6,0.3,16.165740966796875,30.55847930908203
911000000000,0.0,0.7,0.3,15.382678031921388,30.17817687988281
911000000000,0.0,0.8,0.3,14.56730842590332,30.50352096557617
911000000000,0.0,0.9,0.3,14.609338760375977,29.668933868408203
911000000000,0.0,1.0,0.3,14.593573570251465,29.13974571228028
911000000001,0.0,0.0,0.3,24.800840377807617,20.69475555419922
911000000001,0.0,0.1,0.3,24.798173904418945,20.695859909057617
911000000001,0.0,0.2,0.3,24.787841796875,20.67487907409668
911000000001,0.0,0.3,0.3,24.76761054992676,20.64779090881348
911000000001,0.0,0.4,0.3,24.727542877197266,21.1398983001709
911000000001,0.0,0.5,0.3,24.69635391235352,20.97066116333008
911000000001,0.0,0.6,0.3,24.6445426940918,21.085250854492188
911000000001,0.0,0.7,0.3,24.281139373779297,20.71188163757324
911000000001,0.0,0.8,0.3,24.015884399414062,21.096864700317383
911000000001,0.0,0.9,0.3,23.457164764404297,20.9916934967041
911000000001,0.0,1.0,0.3,22.397878646850582,20.990312576293945
911000000002,0.0,0.0,0.3,17.937042236328125,23.754039764404297
911000000002,0.0,0.1,0.3,17.93457794189453,23.76181030273437
911000000002,0.0,0.2,0.3,17.917320251464844,24.043289184570312
911000000002,0.0,0.3,0.3,17.87908172607422,23.87153434753418
911000000002,0.0,0.4,0.3,17.751220703125,23.73699188232422
911000000002,0.0,0.5,0.3,17.49727439880371,24.482072830200195
911000000002,0.0,0.6,0.3,17.14875602722168,24.067541122436523
911000000002,0.0,0.7,0.3,15.970452308654783,23.45780372619629
911000000002,0.0,0.8,0.3,15.354183197021484,24.611948013305664
911000000002,0.0,0.9,0.3,15.438491821289062,23.72403144836425
911000000002,0.0,1.0,0.3,14.029996871948242,25.832874298095703
911000000003,0.0,0.0,0.3,17.73117446899414,25.03252601623535
911000000003,0.0,0.1,0.3,17.732250213623047,25.547435760498047
911000000003,0.0,0.2,0.3,17.717565536499023,25.36262893676757
911000000003,0.0,0.3,0.3,17.61367416381836,24.277379989624023
911000000003,0.0,0.4,0.3,17.387033462524414,27.041793823242188
911000000003,0.0,0.5,0.3,17.25096893310547,25.74411964416504
911000000003,0.0,0.6,0.3,16.56071662902832,26.64888000488281
911000000003,0.0,0.7,0.3,15.49970817565918,27.56494331359864
911000000003,0.0,0.8,0.3,14.639949798583984,28.24475479125977
911000000003,0.0,0.9,0.3,14.11587905883789,31.56698989868164
911000000003,0.0,1.0,0.3,13.901310920715332,31.75311088562012
911000000004,0.0,0.0,0.3,22.35210227966309,26.228015899658203
911000000004,0.0,0.1,0.3,22.343406677246094,26.172887802124023
911000000004,0.0,0.2,0.3,22.31939125061035,27.10664939880371
911000000004,0.0,0.3,0.3,22.23652076721192,27.38650703430176
911000000004,0.0,0.4,0.3,22.006959915161133,26.52524757385254
911000000004,0.0,0.5,0.3,21.714252471923828,25.63106918334961
911000000004,0.0,0.6,0.3,21.271339416503903,26.015010833740234
911000000004,0.0,0.7,0.3,20.37981033325196,27.05928421020508
911000000004,0.0,0.8,0.3,18.19157218933105,26.886892318725582
911000000004,0.0,0.9,0.3,16.3100643157959,26.021299362182617
911000000004,0.0,1.0,0.3,15.61855411529541,23.30691337585449
911000000005,0.0,0.0,0.3,17.954421997070312,27.76050567626953
911000000005,0.0,0.1,0.3,17.929655075073242,28.12814712524414
911000000005,0.0,0.2,0.3,17.86684226989746,27.896339416503903
911000000005,0.0,0.3,0.3,17.65753173828125,26.59613800048828
911000000005,0.0,0.4,0.3,17.382835388183594,25.78485679626465
911000000005,0.0,0.5,0.3,16.994144439697266,29.1231746673584
911000000005,0.0,0.6,0.3,16.567283630371094,28.71578025817871
911000000005,0.0,0.7,0.3,12.929911613464355,27.30621910095215
911000000005,0.0,0.8,0.3,14.258854866027832,25.14973831176757
911000000005,0.0,0.9,0.3,13.57700252532959,25.296789169311523
911000000005,0.0,1.0,0.3,12.967412948608398,27.409893035888672
911000000006,0.0,0.0,0.3,20.77471923828125,31.26449966430664
911000000006,0.0,0.1,0.3,20.750789642333984,31.52436637878418
911000000006,0.0,0.2,0.3,20.68909454345703,31.0493106842041
911000000006,0.0,0.3,0.3,20.517240524291992,31.002593994140625
911000000006,0.0,0.4,0.3,20.371889114379883,30.024433135986328
911000000006,0.0,0.5,0.3,20.272197723388672,30.270278930664062
911000000006,0.0,0.6,0.3,19.998188018798828,29.97126579284668
911000000006,0.0,0.7,0.3,19.641883850097656,29.91642951965332
911000000006,0.0,0.8,0.3,18.665321350097656,30.056943893432617
911000000006,0.0,0.9,0.3,16.63410758972168,28.742969512939453
911000000006,0.0,1.0,0.3,14.32944393157959,28.32402610778809
911000000007,0.0,0.0,0.3,25.58757209777832,19.928247451782227
911000000007,0.0,0.1,0.3,25.509180068969727,19.74773597717285
911000000007,0.0,0.2,0.3,25.399038314819336,20.19217872619629
911000000007,0.0,0.3,0.3,24.92840385437012,20.5006103515625
911000000007,0.0,0.4,0.3,23.31335830688477,20.5479736328125
911000000007,0.0,0.5,0.3,22.19891357421875,20.882997512817383
911000000007,0.0,0.6,0.3,21.0705795288086,22.21474266052246
911000000007,0.0,0.7,0.3,20.2710018157959,23.01918029785156
911000000007,0.0,0.8,0.3,19.37572860717773,23.700937271118164
911000000007,0.0,0.9,0.3,16.07971954345703,24.41920661926269
911000000007,0.0,1.0,0.3,16.827680587768555,25.701696395874023
911000000008,0.0,0.0,0.3,19.382673263549805,30.86771011352539
911000000008,0.0,0.1,0.3,19.389917373657227,29.92916679382324
911000000008,0.0,0.2,0.3,19.383724212646484,30.581825256347656
911000000008,0.0,0.3,0.3,19.267480850219727,30.72902488708496
911000000008,0.0,0.4,0.3,18.677568435668945,31.39980125427246
911000000008,0.0,0.5,0.3,18.508575439453125,31.100385665893555
911000000008,0.0,0.6,0.3,18.448915481567383,28.510168075561523
911000000008,0.0,0.7,0.3,17.084766387939453,28.957908630371094
911000000008,0.0,0.8,0.3,15.476031303405762,30.194833755493164
911000000008,0.0,0.9,0.3,13.102168083190918,32.51130294799805
911000000008,0.0,1.0,0.3,13.171899795532228,33.77627182006836
911000000009,0.0,0.0,0.3,21.878646850585938,27.43471908569336
911000000009,0.0,0.1,0.3,21.876937866210938,27.407032012939453
911000000009,0.0,0.2,0.3,21.86239051818848,27.39777946472168
911000000009,0.0,0.3,0.3,21.788516998291016,27.5543155670166
911000000009,0.0,0.4,0.3,21.667478561401367,28.0211124420166
911000000009,0.0,0.5,0.3,21.345684051513672,27.801040649414062
911000000009,0.0,0.6,0.3,19.98190116882324,27.40742874145508
911000000009,0.0,0.7,0.3,19.36571502685547,27.54420661926269
911000000009,0.0,0.8,0.3,17.65304183959961,25.427669525146484
911000000009,0.0,0.9,0.3,16.244144439697266,28.433258056640625
911000000009,0.0,1.0,0.3,18.1912841796875,23.337507247924805
912000000000,0.0,0.0,0.3,18.782060623168945,25.00969696044922
912000000000,0.0,0.1,0.3,18.7945499420166,24.96454811096192
912000000000,0.0,0.2,0.3,18.796430587768555,25.07561492919922
912000000000,0.0,0.3,0.3,18.69313621520996,25.149513244628903
912000000000,0.0,0.4,0.3,18.424516677856445,25.50513458251953
912000000000,0.0,0.5,0.3,17.6984806060791,26.215791702270508
912000000000,0.0,0.6,0.3,15.122008323669434,23.418212890625
912000000000,0.0,0.7,0.3,14.334949493408203,24.6613712310791
912000000000,0.0,0.8,0.3,15.298846244812012,25.29819107055664
912000000000,0.0,0.9,0.3,14.028067588806152,24.760751724243164
912000000000,0.0,1.0,0.3,12.056436538696287,29.63064384460449
912000000001,0.0,0.0,0.3,19.745136260986328,24.66578865051269
912000000001,0.0,0.1,0.3,19.71476173400879,24.630096435546875
912000000001,0.0,0.2,0.3,19.416446685791016,24.99964904785156
912000000001,0.0,0.3,0.3,18.523775100708008,27.65013313293457
912000000001,0.0,0.4,0.3,17.53605842590332,27.54532623291016
912000000001,0.0,0.5,0.3,16.577054977416992,26.011913299560547
912000000001,0.0,0.6,0.3,16.237112045288086,33.283836364746094
912000000001,0.0,0.7,0.3,14.883343696594238,33.7879524230957
912000000001,0.0,0.8,0.3,13.28225040435791,32.667423248291016
912000000001,0.0,0.9,0.3,13.693975448608398,30.811946868896484
912000000001,0.0,1.0,0.3,13.076295852661133,29.191987991333008
912000000002,0.0,0.0,0.3,21.01565361022949,19.182353973388672
912000000002,0.0,0.1,0.3,21.036733627319336,20.37922477722168
912000000002,0.0,0.2,0.3,20.918764114379883,23.20790100097656
912000000002,0.0,0.3,0.3,20.49818992614746,22.306007385253903
912000000002,0.0,0.4,0.3,19.80174827575684,27.603912353515625
912000000002,0.0,0.5,0.3,18.63401222229004,22.92856788635254
912000000002,0.0,0.6,0.3,17.47968101501465,24.34315490722656
912000000002,0.0,0.7,0.3,16.340259552001953,24.45318031311035
912000000002,0.0,0.8,0.3,15.443730354309082,26.03385734558105
912000000002,0.0,0.9,0.3,13.224845886230469,30.70926284790039
912000000002,0.0,1.0,0.3,11.283958435058594,33.80459976196289
912000000003,0.0,0.0,0.3,19.00332260131836,16.72186279296875
912000000003,0.0,0.1,0.3,19.001020431518555,16.877695083618164
912000000003,0.0,0.2,0.3,18.948001861572266,17.516279220581055
912000000003,0.0,0.3,0.3,18.788196563720703,17.44465446472168
912000000003,0.0,0.4,0.3,18.40545654296875,17.49079132080078
912000000003,0.0,0.5,0.3,17.698083877563477,18.25958824157715
912000000003,0.0,0.6,0.3,17.24205207824707,17.464134216308594
912000000003,0.0,0.7,0.3,16.737207412719727,18.824573516845703
912000000003,0.0,0.8,0.3,15.515352249145508,17.002925872802734
912000000003,0.0,0.9,0.3,15.039144515991213,19.73175430297852
912000000003,0.0,1.0,0.3,13.254258155822754,20.233715057373047
912000000004,0.0,0.0,0.3,22.291624069213867,26.07593536376953
912000000004,0.0,0.1,0.3,22.278379440307617,25.90540885925293
912000000004,0.0,0.2,0.3,22.25570106506348,26.388246536254883
912000000004,0.0,0.3,0.3,22.20039367675781,26.288450241088867
912000000004,0.0,0.4,0.3,22.25561714172364,26.899906158447266
912000000004,0.0,0.5,0.3,22.18844413757324,27.6301212310791
912000000004,0.0,0.6,0.3,21.77036094665528,26.193857192993164
912000000004,0.0,0.7,0.3,19.564001083374023,23.77624893188477
912000000004,0.0,0.8,0.3,16.91241455078125,25.54011917114257
912000000004,0.0,0.9,0.3,16.005910873413086,24.805566787719727
912000000004,0.0,1.0,0.3,16.704574584960938,26.648557662963867
912000000005,0.0,0.0,0.3,24.005481719970703,24.513084411621094
912000000005,0.0,0.1,0.3,24.00415229797364,24.34453010559082
912000000005,0.0,0.2,0.3,23.9838981628418,24.40164375305176
912000000005,0.0,0.3,0.3,23.81924819946289,25.543685913085938
912000000005,0.0,0.4,0.3,23.75552558898925,25.20597648620605
912000000005,0.0,0.5,0.3,23.620346069335938,25.42559242248535
912000000005,0.0,0.6,0.3,23.72668838500977,24.449975967407227
912000000005,0.0,0.7,0.3,23.131986618041992,25.569164276123047
912000000005,0.0,0.8,0.3,22.368831634521484,27.317523956298828
912000000005,0.0,0.9,0.3,19.12331771850586,29.290884017944336
912000000005,0.0,1.0,0.3,15.860209465026855,26.475208282470703
912000000006,0.0,0.0,0.3,18.75133514404297,24.87218475341797
912000000006,0.0,0.1,0.3,18.74868965148925,25.071006774902344
912000000006,0.0,0.2,0.3,18.726465225219727,25.0734806060791
912000000006,0.0,0.3,0.3,18.571889877319336,26.10118103027344
912000000006,0.0,0.4,0.3,17.906173706054688,26.01764297485352
912000000006,0.0,0.5,0.3,17.030607223510742,26.43693733215332
912000000006,0.0,0.6,0.3,15.843392372131348,26.504676818847656
912000000006,0.0,0.7,0.3,15.011019706726074,28.138071060180664
912000000006,0.0,0.8,0.3,13.535837173461914,26.090452194213867
912000000006,0.0,0.9,0.3,13.025858879089355,26.40824317932129
912000000006,0.0,1.0,0.3,12.1334867477417,27.740215301513672
912000000007,0.0,0.0,0.3,26.5293083190918,24.169374465942383
912000000007,0.0,0.1,0.3,26.56280899047852,23.97279167175293
912000000007,0.0,0.2,0.3,26.59650993347168,23.984848022460938
912000000007,0.0,0.3,0.3,26.11181640625,23.41702651977539
912000000007,0.0,0.4,0.3,24.398557662963867,24.837764739990234
912000000007,0.0,0.5,0.3,22.726787567138672,27.163230895996094
912000000007,0.0,0.6,0.3,21.985715866088867,23.1114559173584
912000000007,0.0,0.7,0.3,21.187049865722656,24.44883346557617
912000000007,0.0,0.8,0.3,18.83219718933105,22.557832717895508
912000000007,0.0,0.9,0.3,17.84111213684082,16.974079132080078
912000000007,0.0,1.0,0.3,16.091093063354492,19.33888816833496
912000000008,0.0,0.0,0.3,20.30580139160156,17.62445640563965
912000000008,0.0,0.1,0.3,20.31341552734375,17.50522232055664
912000000008,0.0,0.2,0.3,20.25932884216309,16.322410583496094
912000000008,0.0,0.3,0.3,19.79981231689453,17.767005920410156
912000000008,0.0,0.4,0.3,19.086843490600582,17.591115951538086
912000000008,0.0,0.5,0.3,17.990459442138672,16.8137149810791
912000000008,0.0,0.6,0.3,16.301626205444336,19.000896453857425
912000000008,0.0,0.7,0.3,13.441102027893066,26.04457092285156
912000000008,0.0,0.8,0.3,11.713566780090332,27.962440490722656
912000000008,0.0,0.9,0.3,11.536212921142578,31.48537254333496
912000000008,0.0,1.0,0.3,11.296822547912598,29.077714920043945
912000000009,0.0,0.0,0.3,18.5927848815918,23.06197929382324
912000000009,0.0,0.1,0.3,18.60154914855957,23.04770851135254
912000000009,0.0,0.2,0.3,18.59867477416992,22.85650634765625
912000000009,0.0,0.3,0.3,18.32720947265625,24.0386905670166
912000000009,0.0,0.4,0.3,17.9732723236084,25.131479263305664
912000000009,0.0,0.5,0.3,16.62776756286621,25.229549407958984
912000000009,0.0,0.6,0.3,14.998802185058594,27.318334579467773
912000000009,0.0,0.7,0.3,13.648707389831545,28.97287940979004
912000000009,0.0,0.8,0.3,13.458495140075684,24.61561584472656
912000000009,0.0,0.9,0.3,12.680689811706545,22.90981674194336
912000000009,0.0,1.0,0.3,11.80961799621582,23.358341217041016
913000000000,0.0,0.0,0.3,19.017898559570312,16.865686416625977
913000000000,0.0,0.1,0.3,19.0209903717041,16.77727699279785
913000000000,0.0,0.2,0.3,19.00046157836914,16.773056030273438
913000000000,0.0,0.3,0.3,18.89817237854004,16.977542877197266
913000000000,0.0,0.4,0.3,18.67728042602539,17.051654815673828
913000000000,0.0,0.5,0.3,18.693721771240234,17.343080520629883
913000000000,0.0,0.6,0.3,18.16610145568848,16.459495544433594
913000000000,0.0,0.7,0.3,16.459577560424805,18.97306060791016
913000000000,0.0,0.8,0.3,15.36940860748291,19.65498352050781
913000000000,0.0,0.9,0.3,14.546366691589355,19.964126586914062
913000000000,0.0,1.0,0.3,13.693918228149414,17.02327537536621
913000000001,0.0,0.0,0.3,28.84153938293457,30.867570877075195
913000000001,0.0,0.1,0.3,28.86138916015625,30.861133575439453
913000000001,0.0,0.2,0.3,28.867374420166016,30.49943733215332
913000000001,0.0,0.3,0.3,28.84651565551757,30.95296859741211
913000000001,0.0,0.4,0.3,28.6756534576416,30.949174880981445
913000000001,0.0,0.5,0.3,28.41092872619629,29.934171676635746
913000000001,0.0,0.6,0.3,28.06595993041992,29.46982765197754
913000000001,0.0,0.7,0.3,26.54851722717285,30.484926223754883
913000000001,0.0,0.8,0.3,22.12408828735352,30.891647338867188
913000000001,0.0,0.9,0.3,21.536006927490234,31.134334564208984
913000000001,0.0,1.0,0.3,20.297447204589844,31.57944679260254
913000000002,0.0,0.0,0.3,21.589624404907227,29.76339530944824
913000000002,0.0,0.1,0.3,21.60202407836914,29.95065116882324
913000000002,0.0,0.2,0.3,21.601593017578125,30.392990112304688
913000000002,0.0,0.3,0.3,21.46028709411621,30.00653076171875
913000000002,0.0,0.4,0.3,21.17016220092773,31.09054183959961
913000000002,0.0,0.5,0.3,20.257238388061523,34.05302429199219
913000000002,0.0,0.6,0.3,19.4350528717041,33.02904510498047
913000000002,0.0,0.7,0.3,16.86252212524414,33.152286529541016
913000000002,0.0,0.8,0.3,15.34203815460205,34.92403030395508
913000000002,0.0,0.9,0.3,12.343828201293944,31.50649070739746
913000000002,0.0,1.0,0.3,13.23474407196045,36.03984832763672
913000000003,0.0,0.0,0.3,20.0255184173584,22.001087188720703
913000000003,0.0,0.1,0.3,20.03817749023437,22.12737274169922
913000000003,0.0,0.2,0.3,19.9969482421875,22.73443984985352
913000000003,0.0,0.3,0.3,19.69656562805176,22.52200126647949
913000000003,0.0,0.4,0.3,18.905685424804688,21.152990341186523
913000000003,0.0,0.5,0.3,18.50326156616211,23.47298622131348
913000000003,0.0,0.6,0.3,17.691524505615234,28.18208885192871
913000000003,0.0,0.7,0.3,15.302578926086426,32.38518524169922
913000000003,0.0,0.8,0.3,14.569302558898926,29.928409576416016
913000000003,0.0,0.9,0.3,14.517829895019531,31.23641395568848
913000000003,0.0,1.0,0.3,14.36600399017334,31.413650512695312
913000000004,0.0,0.0,0.3,24.76888656616211,22.378999710083008
913000000004,0.0,0.1,0.3,24.777999877929688,23.588031768798828
913000000004,0.0,0.2,0.3,24.72407913208008,23.51320457458496
913000000004,0.0,0.3,0.3,24.59535789489746,23.78546714782715
913000000004,0.0,0.4,0.3,24.30452537536621,27.29693603515625
913000000004,0.0,0.5,0.3,23.385007858276367,27.978090286254883
913000000004,0.0,0.6,0.3,22.403684616088867,26.553016662597656
913000000004,0.0,0.7,0.3,20.702577590942383,25.36835289001465
913000000004,0.0,0.8,0.3,18.751100540161133,26.31315040588379
913000000004,0.0,0.9,0.3,17.233856201171875,24.550987243652344
913000000004,0.0,1.0,0.3,14.37306022644043,20.16068649291992
913000000005,0.0,0.0,0.3,22.93214988708496,28.235742568969727
913000000005,0.0,0.1,0.3,22.902772903442383,28.857364654541016
913000000005,0.0,0.2,0.3,22.772611618041992,29.88127517700196
913000000005,0.0,0.3,0.3,22.41015243530273,29.72511100769043
913000000005,0.0,0.4,0.3,21.846267700195312,30.436267852783203
913000000005,0.0,0.5,0.3,20.913818359375,29.45911026000977
913000000005,0.0,0.6,0.3,18.061941146850582,32.124267578125
913000000005,0.0,0.7,0.3,16.09697151184082,31.065073013305664
913000000005,0.0,0.8,0.3,14.469681739807127,26.0350284576416
913000000005,0.0,0.9,0.3,14.184016227722168,22.756736755371094
913000000005,0.0,1.0,0.3,12.484819412231444,25.11907768249512
913000000006,0.0,0.0,0.3,19.562162399291992,26.878231048583984
913000000006,0.0,0.1,0.3,19.56943702697754,27.13016891479492
913000000006,0.0,0.2,0.3,19.55701065063477,26.30290031433105
913000000006,0.0,0.3,0.3,19.417356491088867,26.77558898925781
913000000006,0.0,0.4,0.3,18.602373123168945,26.965686798095703
913000000006,0.0,0.5,0.3,16.975261688232422,26.899948120117188
913000000006,0.0,0.6,0.3,15.552619934082031,29.402463912963867
913000000006,0.0,0.7,0.3,15.06878662109375,28.72664260864257
913000000006,0.0,0.8,0.3,15.151470184326172,29.331737518310547
913000000006,0.0,0.9,0.3,13.273637771606444,28.623823165893555
913000000006,0.0,1.0,0.3,12.196980476379396,23.629255294799805
913000000007,0.0,0.0,0.3,25.51642227172852,28.443992614746094
913000000007,0.0,0.1,0.3,25.50762367248535,28.42500877380371
913000000007,0.0,0.2,0.3,25.508338928222656,28.1743221282959
913000000007,0.0,0.3,0.3,25.458478927612305,28.18372917175293
913000000007,0.0,0.4,0.3,25.51995849609375,27.77954864501953
913000000007,0.0,0.5,0.3,25.302169799804688,28.347427368164062
913000000007,0.0,0.6,0.3,25.356674194335938,28.476173400878903
913000000007,0.0,0.7,0.3,24.16458511352539,28.15180206298828
913000000007,0.0,0.8,0.3,23.151344299316406,27.764684677124023
913000000007,0.0,0.9,0.3,23.26453399658203,28.02845764160156
913000000007,0.0,1.0,0.3,21.81201934814453,27.204370498657227
913000000008,0.0,0.0,0.3,22.04345703125,29.233173370361328
913000000008,0.0,0.1,0.3,22.00261688232422,29.3179988861084
913000000008,0.0,0.2,0.3,21.86436462402344,29.7368221282959
913000000008,0.0,0.3,0.3,21.56050109863281,29.49262046813965
913000000008,0.0,0.4,0.3,21.27773666381836,30.174297332763672
913000000008,0.0,0.5,0.3,20.82317924499512,30.462520599365234
913000000008,0.0,0.6,0.3,20.00024032592773,30.004602432250977
913000000008,0.0,0.7,0.3,18.260692596435547,31.564170837402344
913000000008,0.0,0.8,0.3,17.38252830505371,31.262414932250977
913000000008,0.0,0.9,0.3,16.10471534729004,32.06471633911133
913000000008,0.0,1.0,0.3,14.731865882873535,30.50529289245605
913000000009,0.0,0.0,0.3,19.658710479736328,26.036602020263672
913000000009,0.0,0.1,0.3,19.664440155029297,26.31154441833496
913000000009,0.0,0.2,0.3,19.59991455078125,25.82268142700196
913000000009,0.0,0.3,0.3,19.53382873535156,26.072778701782227
913000000009,0.0,0.4,0.3,19.371814727783203,25.647375106811523
913000000009,0.0,0.5,0.3,19.0886173248291,25.617807388305664
913000000009,0.0,0.6,0.3,18.06158828735352,26.217151641845703
913000000009,0.0,0.7,0.3,17.5157470703125,27.68589782714844
913000000009,0.0,0.8,0.3,16.759111404418945,27.335044860839844
913000000009,0.0,0.9,0.3,15.638714790344238,25.978004455566406
913000000009,0.0,1.0,0.3,15.520174980163574,24.44461441040039
914000000000,0.0,0.0,0.3,24.586923599243164,30.088991165161133
914000000000,0.0,0.1,0.3,24.58602905273437,30.122589111328125
914000000000,0.0,0.2,0.3,24.63583374023437,30.44489288330078
914000000000,0.0,0.3,0.3,24.574926376342773,29.69059562683105
914000000000,0.0,0.4,0.3,24.20138168334961,30.29129409790039
914000000000,0.0,0.5,0.3,23.358139038085938,30.66611862182617
914000000000,0.0,0.6,0.3,23.22234535217285,31.511445999145508
914000000000,0.0,0.7,0.3,22.381736755371094,32.38899230957031
914000000000,0.0,0.8,0.3,21.24235343933105,30.66898536682129
914000000000,0.0,0.9,0.3,17.186330795288086,27.18822288513184
914000000000,0.0,1.0,0.3,15.988931655883787,28.569477081298828
914000000001,0.0,0.0,0.3,22.838912963867188,22.57598876953125
914000000001,0.0,0.1,0.3,22.81912040710449,23.050094604492188
914000000001,0.0,0.2,0.3,22.729881286621094,23.09471321105957
914000000001,0.0,0.3,0.3,22.400671005249023,23.707624435424805
914000000001,0.0,0.4,0.3,21.91912269592285,24.11289596557617
914000000001,0.0,0.5,0.3,21.469497680664062,23.535388946533203
914000000001,0.0,0.6,0.3,20.831743240356445,24.87841796875
914000000001,0.0,0.7,0.3,19.9539852142334,23.78699111938477
914000000001,0.0,0.8,0.3,19.27654457092285,25.24232482910156
914000000001,0.0,0.9,0.3,17.825157165527344,24.553363800048828
914000000001,0.0,1.0,0.3,16.154273986816406,24.19883918762207
914000000002,0.0,0.0,0.3,20.02938270568848,26.71521377563477
914000000002,0.0,0.1,0.3,20.034757614135746,26.6125717163086
914000000002,0.0,0.2,0.3,20.00482940673828,26.8327865600586
914000000002,0.0,0.3,0.3,19.971263885498047,26.673200607299805
914000000002,0.0,0.4,0.3,20.00556945800781,26.71261405944824
914000000002,0.0,0.5,0.3,19.950910568237305,26.957050323486328
914000000002,0.0,0.6,0.3,19.92333221435547,26.3949031829834
914000000002,0.0,0.7,0.3,19.800840377807617,26.59848976135254
914000000002,0.0,0.8,0.3,19.25400352478028,26.713348388671875
914000000002,0.0,0.9,0.3,18.87175750732422,27.61867332458496
914000000002,0.0,1.0,0.3,18.98488044738769,27.25953483581543
914000000003,0.0,0.0,0.3,22.366146087646484,26.77113342285156
914000000003,0.0,0.1,0.3,22.38125991821289,26.637189865112305
914000000003,0.0,0.2,0.3,22.417137145996094,26.849529266357425
914000000003,0.0,0.3,0.3,22.30775451660156,26.383075714111328
914000000003,0.0,0.4,0.3,21.986684799194336,26.914871215820312
914000000003,0.0,0.5,0.3,21.36551094055176,26.094106674194336
914000000003,0.0,0.6,0.3,20.26865196228028,25.983030319213867
914000000003,0.0,0.7,0.3,19.15218544006348,26.724403381347656
914000000003,0.0,0.8,0.3,18.399646759033203,24.06279182434082
914000000003,0.0,0.9,0.3,17.08324432373047,25.05620765686035
914000000003,0.0,1.0,0.3,17.082399368286133,24.950794219970703
914000000004,0.0,0.0,0.3,19.53010940551757,29.82211685180664
914000000004,0.0,0.1,0.3,19.48859405517578,29.4223690032959
914000000004,0.0,0.2,0.3,19.420072555541992,29.84263229370117
914000000004,0.0,0.3,0.3,19.193971633911133,30.00172615051269
914000000004,0.0,0.4,0.3,18.86969947814941,29.74280166625977
914000000004,0.0,0.5,0.3,18.085336685180664,29.34589958190918
914000000004,0.0,0.6,0.3,17.789762496948242,29.79743194580078
914000000004,0.0,0.7,0.3,17.068201065063477,29.720867156982425
914000000004,0.0,0.8,0.3,16.447879791259766,29.715320587158203
914000000004,0.0,0.9,0.3,15.919416427612305,29.58643341064453
914000000004,0.0,1.0,0.3,15.478646278381348,29.338258743286133
914000000005,0.0,0.0,0.3,20.935800552368164,17.36916160583496
914000000005,0.0,0.1,0.3,20.93253326416016,17.03120231628418
914000000005,0.0,0.2,0.3,20.865114212036133,17.265064239501953
914000000005,0.0,0.3,0.3,20.493322372436523,17.76669692993164
914000000005,0.0,0.4,0.3,19.843732833862305,17.732255935668945
914000000005,0.0,0.5,0.3,19.572872161865234,18.01323890686035
914000000005,0.0,0.6,0.3,19.32086753845215,15.763118743896484
914000000005,0.0,0.7,0.3,17.372852325439453,19.77793502807617
914000000005,0.0,0.8,0.3,17.672101974487305,21.725486755371094
914000000005,0.0,0.9,0.3,16.567487716674805,23.601795196533203
914000000005,0.0,1.0,0.3,15.504956245422363,21.12000274658203
914000000006,0.0,0.0,0.3,20.045673370361328,21.72504425048828
914000000006,0.0,0.1,0.3,20.04604148864746,21.77711677551269
914000000006,0.0,0.2,0.3,20.045494079589844,21.869197845458984
914000000006,0.0,0.3,0.3,19.93275260925293,22.143632888793945
914000000006,0.0,0.4,0.3,19.6767520904541,22.921743392944336
914000000006,0.0,0.5,0.3,19.344438552856445,22.23440170288086
914000000006,0.0,0.6,0.3,19.031354904174805,24.363460540771484
914000000006,0.0,0.7,0.3,18.22953987121582,23.097957611083984
914000000006,0.0,0.8,0.3,15.63917064666748,26.254302978515625
914000000006,0.0,0.9,0.3,14.60634422302246,25.40781211853028
914000000006,0.0,1.0,0.3,14.552041053771973,27.634498596191406
914000000007,0.0,0.0,0.3,23.33716583251953,24.499876022338867
914000000007,0.0,0.1,0.3,23.325822830200195,25.11729049682617
914000000007,0.0,0.2,0.3,23.2581787109375,25.380653381347656
914000000007,0.0,0.3,0.3,22.9647274017334,25.75691032409668
914000000007,0.0,0.4,0.3,22.48223876953125,25.63125228881836
914000000007,0.0,0.5,0.3,21.86709213256836,26.448471069335938
914000000007,0.0,0.6,0.3,20.906953811645508,27.22591209411621
914000000007,0.0,0.7,0.3,20.00618362426757,27.406736373901367
914000000007,0.0,0.8,0.3,18.665830612182617,27.19223403930664
914000000007,0.0,0.9,0.3,18.4986629486084,27.410945892333984
914000000007,0.0,1.0,0.3,16.261903762817383,29.05382537841797
914000000008,0.0,0.0,0.3,25.090303421020508,21.21106719970703
914000000008,0.0,0.1,0.3,25.113300323486328,21.65829467773437
914000000008,0.0,0.2,0.3,25.10975646972656,20.46412467956543
914000000008,0.0,0.3,0.3,25.008432388305664,20.401256561279297
914000000008,0.0,0.4,0.3,24.743968963623047,20.590295791625977
914000000008,0.0,0.5,0.3,24.60015296936035,20.364782333374023
914000000008,0.0,0.6,0.3,24.401023864746094,19.718238830566406
914000000008,0.0,0.7,0.3,24.429378509521484,20.571413040161133
914000000008,0.0,0.8,0.3,23.578611373901367,20.16747093200684
914000000008,0.0,0.9,0.3,19.900938034057617,20.67955207824707
914000000008,0.0,1.0,0.3,17.96881675720215,21.713966369628903
914000000009,0.0,0.0,0.3,24.95334243774414,30.228445053100582
914000000009,0.0,0.1,0.3,24.954700469970703,30.53863906860352
914000000009,0.0,0.2,0.3,24.96916007995605,29.86898422241211
914000000009,0.0,0.3,0.3,25.00880241394043,29.8076400756836
914000000009,0.0,0.4,0.3,24.906709671020508,30.50417900085449
914000000009,0.0,0.5,0.3,24.613805770874023,30.317142486572266
914000000009,0.0,0.6,0.3,23.17690658569336,29.521747589111328
914000000009,0.0,0.7,0.3,21.5306453704834,31.13664627075196
914000000009,0.0,0.8,0.3,20.81901741027832,29.31596565246582
914000000009,0.0,0.9,0.3,18.08780288696289,28.109451293945312
914000000009,0.0,1.0,0.3,21.03145408630371,26.29382705688477
921000000000,0.0,0.0,0.3,19.69641876220703,20.0503158569336
921000000000,0.0,0.1,0.3,19.700740814208984,20.027137756347656
921000000000,0.0,0.2,0.3,19.7078857421875,20.368391036987305
921000000000,0.0,0.3,0.3,19.68171501159668,20.77713394165039
921000000000,0.0,0.4,0.3,19.634672164916992,21.356672286987305
921000000000,0.0,0.5,0.3,19.40020751953125,20.918529510498047
921000000000,0.0,0.6,0.3,18.64829444885254,18.3110408782959
921000000000,0.0,0.7,0.3,17.5389347076416,19.492305755615234
921000000000,0.0,0.8,0.3,16.5022029876709,22.37443733215332
921000000000,0.0,0.9,0.3,15.842700004577637,23.3791732788086
921000000000,0.0,1.0,0.3,14.585265159606934,25.438426971435547
921000000001,0.0,0.0,0.3,24.01649475097656,22.62372589111328
921000000001,0.0,0.1,0.3,24.02388000488281,22.723285675048828
921000000001,0.0,0.2,0.3,24.04106712341309,23.30263328552246
921000000001,0.0,0.3,0.3,23.929344177246094,23.761642456054688
921000000001,0.0,0.4,0.3,23.87294578552246,25.00423240661621
921000000001,0.0,0.5,0.3,23.591625213623047,25.856578826904297
921000000001,0.0,0.6,0.3,23.275745391845703,26.587692260742188
921000000001,0.0,0.7,0.3,22.1994743347168,27.47672462463379
921000000001,0.0,0.8,0.3,21.12222671508789,25.60193634033203
921000000001,0.0,0.9,0.3,19.182537078857425,21.638023376464844
921000000001,0.0,1.0,0.3,18.519250869750977,21.128442764282227
921000000002,0.0,0.0,0.3,21.55179214477539,31.95509529113769
921000000002,0.0,0.1,0.3,21.56094741821289,31.694873809814453
921000000002,0.0,0.2,0.3,21.549978256225582,31.16441345214844
921000000002,0.0,0.3,0.3,21.47261428833008,31.76147079467773
921000000002,0.0,0.4,0.3,21.236791610717773,31.02599334716797
921000000002,0.0,0.5,0.3,20.609437942504883,31.78453826904297
921000000002,0.0,0.6,0.3,19.916343688964844,30.099498748779297
921000000002,0.0,0.7,0.3,18.167781829833984,32.477935791015625
921000000002,0.0,0.8,0.3,16.6071720123291,30.452800750732425
921000000002,0.0,0.9,0.3,15.691828727722168,32.782920837402344
921000000002,0.0,1.0,0.3,14.639568328857422,31.266313552856445
921000000003,0.0,0.0,0.3,23.94991874694824,26.691091537475582
921000000003,0.0,0.1,0.3,23.9665584564209,26.84852409362793
921000000003,0.0,0.2,0.3,23.99862670898437,26.681434631347656
921000000003,0.0,0.3,0.3,23.81956672668457,27.01329040527344
921000000003,0.0,0.4,0.3,23.424257278442383,27.2788314819336
921000000003,0.0,0.5,0.3,23.107301712036133,27.03614616394043
921000000003,0.0,0.6,0.3,22.67824363708496,26.609920501708984
921000000003,0.0,0.7,0.3,21.10509490966797,26.95699882507324
921000000003,0.0,0.8,0.3,18.414928436279297,26.08858108520508
921000000003,0.0,0.9,0.3,18.7874755859375,31.70131492614746
921000000003,0.0,1.0,0.3,15.617237091064451,30.544340133666992
921000000004,0.0,0.0,0.3,24.01603889465332,15.237201690673828
921000000004,0.0,0.1,0.3,24.02304649353028,15.730045318603516
921000000004,0.0,0.2,0.3,23.97452545166016,15.127809524536133
921000000004,0.0,0.3,0.3,23.84628677368164,15.494139671325684
921000000004,0.0,0.4,0.3,23.800254821777344,15.57030963897705
921000000004,0.0,0.5,0.3,23.71429252624512,15.484613418579102
921000000004,0.0,0.6,0.3,23.57575225830078,13.72175407409668
921000000004,0.0,0.7,0.3,21.56849670410156,18.263427734375
921000000004,0.0,0.8,0.3,18.108661651611328,22.63925743103028
921000000004,0.0,0.9,0.3,15.393458366394045,23.83897590637207
921000000004,0.0,1.0,0.3,13.197283744812012,24.416732788085938
921000000005,0.0,0.0,0.3,19.45995140075684,21.2746524810791
921000000005,0.0,0.1,0.3,19.47039794921875,21.5911922454834
921000000005,0.0,0.2,0.3,19.473546981811523,21.72759246826172
921000000005,0.0,0.3,0.3,19.45459175109864,21.856285095214844
921000000005,0.0,0.4,0.3,19.41288948059082,22.021190643310547
921000000005,0.0,0.5,0.3,19.26765251159668,22.006919860839844
921000000005,0.0,0.6,0.3,18.74398803710937,22.7895565032959
921000000005,0.0,0.7,0.3,17.867691040039062,23.360151290893555
921000000005,0.0,0.8,0.3,16.4879150390625,29.079965591430664
921000000005,0.0,0.9,0.3,15.98999309539795,27.93053436279297
921000000005,0.0,1.0,0.3,15.485812187194824,30.475536346435547
921000000006,0.0,0.0,0.3,21.096336364746094,24.55779838562012
921000000006,0.0,0.1,0.3,21.097511291503903,24.324169158935547
921000000006,0.0,0.2,0.3,21.0711727142334,23.9127197265625
921000000006,0.0,0.3,0.3,20.98807716369629,23.82594490051269
921000000006,0.0,0.4,0.3,20.79390335083008,24.36900520324707
921000000006,0.0,0.5,0.3,20.53388214111328,24.39110565185547
921000000006,0.0,0.6,0.3,19.65293312072754,26.812379837036133
921000000006,0.0,0.7,0.3,20.161075592041016,24.94553565979004
921000000006,0.0,0.8,0.3,20.255023956298828,27.566162109375
921000000006,0.0,0.9,0.3,18.233556747436523,25.77592658996582
921000000006,0.0,1.0,0.3,17.959989547729492,30.31942176818848
921000000007,0.0,0.0,0.3,25.593711853027344,23.040956497192383
921000000007,0.0,0.1,0.3,25.574256896972656,23.449796676635746
921000000007,0.0,0.2,0.3,25.5175895690918,23.287687301635746
921000000007,0.0,0.3,0.3,25.44428825378418,23.053958892822266
921000000007,0.0,0.4,0.3,25.07255744934082,23.64417839050293
921000000007,0.0,0.5,0.3,24.862380981445312,23.64487648010254
921000000007,0.0,0.6,0.3,24.500045776367188,22.37905502319336
921000000007,0.0,0.7,0.3,22.78349876403809,21.727373123168945
921000000007,0.0,0.8,0.3,20.82329750061035,29.11780548095703
921000000007,0.0,0.9,0.3,18.237504959106445,27.815174102783203
921000000007,0.0,1.0,0.3,15.650453567504885,28.55443954467773
921000000008,0.0,0.0,0.3,24.2890567779541,24.509571075439453
921000000008,0.0,0.1,0.3,24.2889404296875,24.370012283325195
921000000008,0.0,0.2,0.3,24.28703117370605,24.71549224853516
921000000008,0.0,0.3,0.3,24.248090744018555,24.77506828308105
921000000008,0.0,0.4,0.3,24.134662628173828,24.907695770263672
921000000008,0.0,0.5,0.3,23.796594619750977,24.393739700317383
921000000008,0.0,0.6,0.3,22.09404754638672,27.03650283813477
921000000008,0.0,0.7,0.3,21.37061309814453,25.40883445739746
921000000008,0.0,0.8,0.3,17.852834701538086,28.65084648132324
921000000008,0.0,0.9,0.3,18.212554931640625,28.047218322753903
921000000008,0.0,1.0,0.3,17.37118911743164,26.229167938232425
921000000009,0.0,0.0,0.3,21.26346206665039,27.587696075439453
921000000009,0.0,0.1,0.3,21.270708084106445,27.82620429992676
921000000009,0.0,0.2,0.3,21.27557373046875,27.90906524658203
921000000009,0.0,0.3,0.3,21.256309509277344,28.098573684692383
921000000009,0.0,0.4,0.3,21.254865646362305,28.27691650390625
921000000009,0.0,0.5,0.3,21.108407974243164,28.05466651916504
921000000009,0.0,0.6,0.3,21.26338005065918,27.59237289428711
921000000009,0.0,0.7,0.3,21.03621292114257,28.452571868896484
921000000009,0.0,0.8,0.3,20.38726234436035,28.21536636352539
921000000009,0.0,0.9,0.3,19.99125862121582,28.28279495239257
921000000009,0.0,1.0,0.3,18.469606399536133,27.340227127075195
922000000000,0.0,0.0,0.3,22.198654174804688,16.080102920532227
922000000000,0.0,0.1,0.3,22.20858383178711,16.490074157714844
922000000000,0.0,0.2,0.3,22.200475692749023,16.109949111938477
922000000000,0.0,0.3,0.3,22.04511451721192,15.435139656066896
922000000000,0.0,0.4,0.3,21.75804328918457,16.503063201904297
922000000000,0.0,0.5,0.3,21.005517959594727,18.02626037597656
922000000000,0.0,0.6,0.3,17.984546661376953,26.271224975585938
922000000000,0.0,0.7,0.3,16.084156036376953,24.33506774902344
922000000000,0.0,0.8,0.3,15.016983032226562,28.51952362060547
922000000000,0.0,0.9,0.3,14.524392127990724,28.935108184814453
922000000000,0.0,1.0,0.3,14.464736938476562,24.24251747131348
922000000001,0.0,0.0,0.3,19.144607543945312,15.12855625152588
922000000001,0.0,0.1,0.3,19.141225814819336,15.308095932006836
922000000001,0.0,0.2,0.3,19.11567687988281,14.688480377197266
922000000001,0.0,0.3,0.3,18.89152908325196,13.50371551513672
922000000001,0.0,0.4,0.3,18.72187232971192,15.421493530273438
922000000001,0.0,0.5,0.3,17.83125877380371,12.600387573242188
922000000001,0.0,0.6,0.3,15.844182014465332,24.40455436706543
922000000001,0.0,0.7,0.3,14.211095809936523,26.872840881347656
922000000001,0.0,0.8,0.3,12.23718547821045,21.53469657897949
922000000001,0.0,0.9,0.3,11.587575912475586,26.417600631713867
922000000001,0.0,1.0,0.3,11.898648262023926,34.21031188964844
922000000002,0.0,0.0,0.3,24.2504940032959,23.33980178833008
922000000002,0.0,0.1,0.3,24.22431755065918,23.397613525390625
922000000002,0.0,0.2,0.3,24.123897552490234,24.156253814697266
922000000002,0.0,0.3,0.3,24.03789710998535,24.182693481445312
922000000002,0.0,0.4,0.3,23.622934341430664,25.773822784423828
922000000002,0.0,0.5,0.3,22.908111572265625,29.63975143432617
922000000002,0.0,0.6,0.3,20.76297187805176,32.496376037597656
922000000002,0.0,0.7,0.3,17.24993133544922,32.15774154663086
922000000002,0.0,0.8,0.3,14.990017890930176,30.732044219970703
922000000002,0.0,0.9,0.3,14.324748992919922,28.335294723510746
922000000002,0.0,1.0,0.3,11.575801849365234,26.00626945495605
922000000003,0.0,0.0,0.3,23.921241760253903,20.06134605407715
922000000003,0.0,0.1,0.3,23.932411193847656,19.779754638671875
922000000003,0.0,0.2,0.3,23.918663024902344,19.233577728271484
922000000003,0.0,0.3,0.3,23.817371368408203,19.294038772583008
922000000003,0.0,0.4,0.3,23.49111557006836,19.205799102783203
922000000003,0.0,0.5,0.3,22.99930953979492,20.53515243530273
922000000003,0.0,0.6,0.3,22.22584724426269,21.305498123168945
922000000003,0.0,0.7,0.3,21.99443626403809,19.359176635742188
922000000003,0.0,0.8,0.3,17.711471557617188,17.970094680786133
922000000003,0.0,0.9,0.3,18.871213912963867,17.506441116333008
922000000003,0.0,1.0,0.3,17.453676223754883,21.295455932617188
922000000004,0.0,0.0,0.3,20.39570045471192,19.45138359069824
922000000004,0.0,0.1,0.3,20.40443420410156,19.739540100097656
922000000004,0.0,0.2,0.3,20.430049896240234,21.64497375488281
922000000004,0.0,0.3,0.3,20.274911880493164,19.78962135314941
922000000004,0.0,0.4,0.3,20.042863845825195,21.6336669921875
922000000004,0.0,0.5,0.3,19.14924430847168,24.62722587585449
922000000004,0.0,0.6,0.3,18.80815887451172,24.798770904541016
922000000004,0.0,0.7,0.3,17.509071350097656,26.93392372131348
922000000004,0.0,0.8,0.3,16.431896209716797,24.64638900756836
922000000004,0.0,0.9,0.3,15.42167854309082,27.45140838623047
922000000004,0.0,1.0,0.3,13.820120811462402,26.245582580566406
922000000005,0.0,0.0,0.3,23.33948516845703,29.307477951049805
922000000005,0.0,0.1,0.3,23.343769073486328,29.19490432739257
922000000005,0.0,0.2,0.3,23.341169357299805,28.983509063720703
922000000005,0.0,0.3,0.3,23.308385848999023,29.280122756958008
922000000005,0.0,0.4,0.3,23.06938934326172,26.93266487121582
922000000005,0.0,0.5,0.3,23.00778007507324,26.518213272094727
922000000005,0.0,0.6,0.3,22.43619728088379,23.743677139282227
922000000005,0.0,0.7,0.3,22.198143005371094,24.63518142700196
922000000005,0.0,0.8,0.3,19.37140464782715,21.59967422485352
922000000005,0.0,0.9,0.3,18.145479202270508,24.24457359313965
922000000005,0.0,1.0,0.3,17.75624656677246,26.789674758911133
922000000006,0.0,0.0,0.3,22.996335983276367,19.272668838500977
922000000006,0.0,0.1,0.3,22.984909057617188,18.86811828613281
922000000006,0.0,0.2,0.3,22.943336486816406,18.24361038208008
922000000006,0.0,0.3,0.3,22.84800720214844,18.406843185424805
922000000006,0.0,0.4,0.3,22.65140914916992,17.95661735534668
922000000006,0.0,0.5,0.3,22.28145408630371,16.888336181640625
922000000006,0.0,0.6,0.3,21.82187271118164,18.34811210632324
922000000006,0.0,0.7,0.3,21.106943130493164,20.130327224731445
922000000006,0.0,0.8,0.3,15.808385848999023,28.105205535888672
922000000006,0.0,0.9,0.3,12.35799503326416,29.59694480895996
922000000006,0.0,1.0,0.3,12.60483741760254,17.147668838500977
922000000007,0.0,0.0,0.3,22.58057403564453,22.62177467346192
922000000007,0.0,0.1,0.3,22.582706451416016,22.84634017944336
922000000007,0.0,0.2,0.3,22.590938568115234,22.902263641357425
922000000007,0.0,0.3,0.3,22.465574264526367,22.50600242614746
922000000007,0.0,0.4,0.3,21.94025993347168,22.941783905029297
922000000007,0.0,0.5,0.3,20.324079513549805,28.316255569458008
922000000007,0.0,0.6,0.3,19.467979431152344,27.506935119628903
922000000007,0.0,0.7,0.3,18.328140258789062,30.020660400390625
922000000007,0.0,0.8,0.3,17.98185157775879,30.51057815551757
922000000007,0.0,0.9,0.3,17.205678939819336,28.743457794189453
922000000007,0.0,1.0,0.3,13.38379192352295,27.640527725219727
922000000008,0.0,0.0,0.3,20.666736602783203,19.013294219970703
922000000008,0.0,0.1,0.3,20.68889617919922,19.369739532470703
922000000008,0.0,0.2,0.3,20.59170150756836,22.36582565307617
922000000008,0.0,0.3,0.3,20.28933525085449,23.639816284179688
922000000008,0.0,0.4,0.3,19.81002616882324,28.53746032714844
922000000008,0.0,0.5,0.3,18.75532913208008,31.423646926879883
922000000008,0.0,0.6,0.3,17.415624618530273,30.78741455078125
922000000008,0.0,0.7,0.3,14.463401794433594,29.896556854248047
922000000008,0.0,0.8,0.3,13.995331764221191,15.638616561889648
922000000008,0.0,0.9,0.3,16.115266799926758,29.44213104248047
922000000008,0.0,1.0,0.3,14.714314460754396,16.762096405029297
922000000009,0.0,0.0,0.3,21.7888240814209,21.50214958190918
922000000009,0.0,0.1,0.3,21.78344345092773,21.15034484863281
922000000009,0.0,0.2,0.3,21.711647033691406,21.23578453063965
922000000009,0.0,0.3,0.3,21.2761344909668,21.02079963684082
922000000009,0.0,0.4,0.3,21.08756256103516,20.391361236572266
922000000009,0.0,0.5,0.3,20.14944839477539,21.16193389892578
922000000009,0.0,0.6,0.3,19.94512939453125,19.96529006958008
922000000009,0.0,0.7,0.3,18.44002342224121,19.68942642211914
922000000009,0.0,0.8,0.3,16.926694869995117,20.61621284484864
922000000009,0.0,0.9,0.3,15.060941696166992,24.09730529785156
922000000009,0.0,1.0,0.3,13.502116203308104,21.129005432128903
923000000000,0.0,0.0,0.3,21.919469833374023,27.16765785217285
923000000000,0.0,0.1,0.3,21.905750274658203,27.45779800415039
923000000000,0.0,0.2,0.3,21.917573928833008,27.82281875610352
923000000000,0.0,0.3,0.3,21.746776580810547,28.26554107666016
923000000000,0.0,0.4,0.3,21.195215225219727,28.51485824584961
923000000000,0.0,0.5,0.3,21.15665626525879,24.810667037963867
923000000000,0.0,0.6,0.3,19.055583953857425,28.00658416748047
923000000000,0.0,0.7,0.3,15.843999862670898,28.219301223754883
923000000000,0.0,0.8,0.3,14.7805814743042,28.647560119628903
923000000000,0.0,0.9,0.3,13.979647636413574,27.48017311096192
923000000000,0.0,1.0,0.3,13.587199211120604,25.21842193603516
923000000001,0.0,0.0,0.3,24.534303665161133,14.175382614135742
923000000001,0.0,0.1,0.3,24.504697799682617,14.232627868652344
923000000001,0.0,0.2,0.3,24.45512580871582,13.901951789855955
923000000001,0.0,0.3,0.3,24.388086318969727,14.151310920715332
923000000001,0.0,0.4,0.3,23.904447555541992,15.031838417053224
923000000001,0.0,0.5,0.3,22.685434341430664,16.176298141479492
923000000001,0.0,0.6,0.3,20.70215034484864,20.056434631347656
923000000001,0.0,0.7,0.3,18.135292053222656,22.77737808227539
923000000001,0.0,0.8,0.3,15.81153392791748,28.398889541625977
923000000001,0.0,0.9,0.3,16.226072311401367,26.946882247924805
923000000001,0.0,1.0,0.3,16.359060287475586,27.528459548950195
923000000002,0.0,0.0,0.3,20.13113212585449,23.714733123779297
923000000002,0.0,0.1,0.3,20.14181137084961,23.84894561767578
923000000002,0.0,0.2,0.3,20.16775321960449,23.69883728027344
923000000002,0.0,0.3,0.3,20.06056022644043,23.381046295166016
923000000002,0.0,0.4,0.3,19.78966522216797,23.494503021240234
923000000002,0.0,0.5,0.3,19.052001953125,24.820140838623047
923000000002,0.0,0.6,0.3,18.28026008605957,24.978008270263672
923000000002,0.0,0.7,0.3,16.496496200561523,22.607786178588867
923000000002,0.0,0.8,0.3,14.787239074707031,28.78945541381836
923000000002,0.0,0.9,0.3,13.072152137756348,27.68867301940918
923000000002,0.0,1.0,0.3,13.006743431091309,28.03194808959961
923000000003,0.0,0.0,0.3,22.899320602416992,21.88351058959961
923000000003,0.0,0.1,0.3,22.89756202697754,21.49058532714844
923000000003,0.0,0.2,0.3,22.84223175048828,21.66974830627441
923000000003,0.0,0.3,0.3,22.789947509765625,21.636749267578125
923000000003,0.0,0.4,0.3,22.61854553222656,21.44933319091797
923000000003,0.0,0.5,0.3,22.60842704772949,21.495332717895508
923000000003,0.0,0.6,0.3,21.373817443847656,22.03672218322754
923000000003,0.0,0.7,0.3,18.059539794921875,23.939491271972656
923000000003,0.0,0.8,0.3,16.39848518371582,24.19622039794922
923000000003,0.0,0.9,0.3,15.118310928344728,22.68678474426269
923000000003,0.0,1.0,0.3,14.395402908325195,22.162353515625
923000000004,0.0,0.0,0.3,23.720645904541016,24.26655578613281
923000000004,0.0,0.1,0.3,23.73390388488769,24.385883331298828
923000000004,0.0,0.2,0.3,23.713111877441406,24.827186584472656
923000000004,0.0,0.3,0.3,23.505767822265625,24.08047676086425
923000000004,0.0,0.4,0.3,23.276531219482425,23.76296615600586
923000000004,0.0,0.5,0.3,22.429031372070312,22.49619674682617
923000000004,0.0,0.6,0.3,21.35379409790039,22.13583946228028
923000000004,0.0,0.7,0.3,18.512107849121094,21.64763069152832
923000000004,0.0,0.8,0.3,17.110088348388672,23.810997009277344
923000000004,0.0,0.9,0.3,17.17119026184082,26.78791618347168
923000000004,0.0,1.0,0.3,16.743404388427734,28.44327163696289
923000000005,0.0,0.0,0.3,23.417898178100582,22.20668601989746
923000000005,0.0,0.1,0.3,23.39469146728516,22.685991287231445
923000000005,0.0,0.2,0.3,23.26906013488769,23.13774871826172
923000000005,0.0,0.3,0.3,22.95478248596192,23.22103500366211
923000000005,0.0,0.4,0.3,22.69828414916992,23.074392318725582
923000000005,0.0,0.5,0.3,21.99506378173828,22.89661979675293
923000000005,0.0,0.6,0.3,20.78248405456543,22.60904693603516
923000000005,0.0,0.7,0.3,18.78862762451172,22.8650016784668
923000000005,0.0,0.8,0.3,15.044042587280272,21.10236358642578
923000000005,0.0,0.9,0.3,14.720067024230955,23.355144500732425
923000000005,0.0,1.0,0.3,14.255807876586914,25.161510467529297
923000000006,0.0,0.0,0.3,24.2182559967041,21.283466339111328
923000000006,0.0,0.1,0.3,24.22893142700196,21.361373901367188
923000000006,0.0,0.2,0.3,24.246152877807617,21.090394973754883
923000000006,0.0,0.3,0.3,24.12358283996582,21.520620346069336
923000000006,0.0,0.4,0.3,24.093605041503903,21.644487380981445
923000000006,0.0,0.5,0.3,23.829418182373047,21.20046043395996
923000000006,0.0,0.6,0.3,22.30175971984864,21.23322486877441
923000000006,0.0,0.7,0.3,18.26327514648437,18.04243850708008
923000000006,0.0,0.8,0.3,12.514937400817873,23.535490036010746
923000000006,0.0,0.9,0.3,11.405545234680176,21.287124633789062
923000000006,0.0,1.0,0.3,11.629439353942873,23.240686416625977
923000000007,0.0,0.0,0.3,24.564395904541016,15.451663970947266
923000000007,0.0,0.1,0.3,24.549787521362305,15.518342971801758
923000000007,0.0,0.2,0.3,24.499731063842773,15.555212020874023
923000000007,0.0,0.3,0.3,24.34223175048828,15.41423225402832
923000000007,0.0,0.4,0.3,24.05518341064453,16.34927749633789
923000000007,0.0,0.5,0.3,23.185775756835938,15.937134742736816
923000000007,0.0,0.6,0.3,21.71369361877441,17.054588317871094
923000000007,0.0,0.7,0.3,18.93003273010254,17.258562088012695
923000000007,0.0,0.8,0.3,15.457307815551758,20.51651763916016
923000000007,0.0,0.9,0.3,14.622239112854004,18.604766845703125
923000000007,0.0,1.0,0.3,13.958084106445312,19.62410354614257
923000000008,0.0,0.0,0.3,23.07878303527832,26.0310287475586
923000000008,0.0,0.1,0.3,23.06382751464844,25.880258560180664
923000000008,0.0,0.2,0.3,23.07527732849121,26.171619415283203
923000000008,0.0,0.3,0.3,23.07236289978028,26.467191696166992
923000000008,0.0,0.4,0.3,22.94269371032715,26.71365737915039
923000000008,0.0,0.5,0.3,22.84276962280273,26.595264434814453
923000000008,0.0,0.6,0.3,22.51869773864746,26.391780853271484
923000000008,0.0,0.7,0.3,21.28990364074707,28.16094207763672
923000000008,0.0,0.8,0.3,20.034988403320312,26.13531875610352
923000000008,0.0,0.9,0.3,17.286239624023438,24.356006622314453
923000000008,0.0,1.0,0.3,15.302626609802246,25.78032684326172
923000000009,0.0,0.0,0.3,26.29842185974121,20.56053924560547
923000000009,0.0,0.1,0.3,26.29500389099121,20.88485717773437
923000000009,0.0,0.2,0.3,26.24996757507324,21.11636734008789
923000000009,0.0,0.3,0.3,26.12258720397949,21.94685173034668
923000000009,0.0,0.4,0.3,25.975948333740234,22.39833641052246
923000000009,0.0,0.5,0.3,25.76110076904297,21.862564086914062
923000000009,0.0,0.6,0.3,23.96009635925293,23.317428588867188
923000000009,0.0,0.7,0.3,20.961626052856445,25.3159294128418
923000000009,0.0,0.8,0.3,19.142030715942383,27.18040657043457
923000000009,0.0,0.9,0.3,17.691015243530273,28.5615348815918
923000000009,0.0,1.0,0.3,15.831859588623049,21.793153762817383
924000000000,0.0,0.0,0.3,20.30927085876465,17.969547271728516
924000000000,0.0,0.1,0.3,20.32843017578125,18.315120697021484
924000000000,0.0,0.2,0.3,20.332077026367188,18.51156997680664
924000000000,0.0,0.3,0.3,20.2655086517334,18.70570945739746
924000000000,0.0,0.4,0.3,20.04076194763184,18.60373878479004
924000000000,0.0,0.5,0.3,20.00375938415528,18.90360450744629
924000000000,0.0,0.6,0.3,19.45653533935547,18.99799919128418
924000000000,0.0,0.7,0.3,18.662952423095703,19.039121627807617
924000000000,0.0,0.8,0.3,18.456241607666016,19.39580535888672
924000000000,0.0,0.9,0.3,17.71355438232422,24.61563873291016
924000000000,0.0,1.0,0.3,16.701786041259766,24.984025955200195
924000000001,0.0,0.0,0.3,20.705265045166016,20.996278762817383
924000000001,0.0,0.1,0.3,20.703819274902344,21.357568740844727
924000000001,0.0,0.2,0.3,20.68489456176757,21.48284912109375
924000000001,0.0,0.3,0.3,20.55837059020996,22.199743270874023
924000000001,0.0,0.4,0.3,20.21639442443848,26.48242378234864
924000000001,0.0,0.5,0.3,19.90735244750977,27.04362297058105
924000000001,0.0,0.6,0.3,18.26980400085449,27.361541748046875
924000000001,0.0,0.7,0.3,18.215301513671875,27.869384765625
924000000001,0.0,0.8,0.3,17.781089782714844,28.720468521118164
924000000001,0.0,0.9,0.3,16.764080047607422,29.027572631835938
924000000001,0.0,1.0,0.3,15.31721305847168,27.17815589904785
924000000002,0.0,0.0,0.3,23.76644515991211,20.909481048583984
924000000002,0.0,0.1,0.3,23.776689529418945,20.899169921875
924000000002,0.0,0.2,0.3,23.759401321411133,21.49099349975586
924000000002,0.0,0.3,0.3,23.67994499206543,22.08405494689941
924000000002,0.0,0.4,0.3,23.54513931274414,21.38908195495605
924000000002,0.0,0.5,0.3,23.46579360961914,21.308124542236328
924000000002,0.0,0.6,0.3,23.128875732421875,23.474105834960938
924000000002,0.0,0.7,0.3,21.33927726745605,27.13159370422364
924000000002,0.0,0.8,0.3,17.390737533569336,28.290218353271484
924000000002,0.0,0.9,0.3,15.715409278869627,28.9062614440918
924000000002,0.0,1.0,0.3,16.149518966674805,28.57595634460449
924000000003,0.0,0.0,0.3,28.917543411254883,21.39243125915528
924000000003,0.0,0.1,0.3,28.927549362182617,21.490880966186523
924000000003,0.0,0.2,0.3,28.94253921508789,21.375226974487305
924000000003,0.0,0.3,0.3,28.833480834960938,21.411508560180664
924000000003,0.0,0.4,0.3,28.81706619262696,21.654306411743164
924000000003,0.0,0.5,0.3,28.64537811279297,21.678939819335938
924000000003,0.0,0.6,0.3,27.814149856567383,22.02186393737793
924000000003,0.0,0.7,0.3,26.99061393737793,21.86532020568848
924000000003,0.0,0.8,0.3,25.50004196166992,21.463281631469727
924000000003,0.0,0.9,0.3,20.68547821044922,27.15066146850586
924000000003,0.0,1.0,0.3,18.89308357238769,27.36244201660156
924000000004,0.0,0.0,0.3,23.627161026000977,26.44003677368164
924000000004,0.0,0.1,0.3,23.620325088500977,26.499361038208008
924000000004,0.0,0.2,0.3,23.60820579528809,26.184341430664062
924000000004,0.0,0.3,0.3,23.49449157714844,26.223960876464844
924000000004,0.0,0.4,0.3,23.28290557861328,26.1964054107666
924000000004,0.0,0.5,0.3,22.820968627929688,25.33721351623535
924000000004,0.0,0.6,0.3,21.87519836425781,26.41788673400879
924000000004,0.0,0.7,0.3,21.288227081298828,26.00651359558105
924000000004,0.0,0.8,0.3,20.4863338470459,26.26639938354492
924000000004,0.0,0.9,0.3,19.066137313842773,22.049909591674805
924000000004,0.0,1.0,0.3,15.717010498046877,24.80558967590332
924000000005,0.0,0.0,0.3,19.62332534790039,23.881710052490234
924000000005,0.0,0.1,0.3,19.63241958618164,23.71746826171875
924000000005,0.0,0.2,0.3,19.62192344665528,23.406604766845703
924000000005,0.0,0.3,0.3,19.57888603210449,23.61725616455078
924000000005,0.0,0.4,0.3,19.47624015808105,23.99396133422852
924000000005,0.0,0.5,0.3,19.36981773376465,24.13658332824707
924000000005,0.0,0.6,0.3,19.22022819519043,24.56900405883789
924000000005,0.0,0.7,0.3,18.71240997314453,23.95871353149414
924000000005,0.0,0.8,0.3,18.04707336425781,24.87833404541016
924000000005,0.0,0.9,0.3,18.41309928894043,23.432748794555664
924000000005,0.0,1.0,0.3,17.359920501708984,28.95193099975586
924000000006,0.0,0.0,0.3,20.48057174682617,20.901865005493164
924000000006,0.0,0.1,0.3,20.47102737426757,21.0245361328125
924000000006,0.0,0.2,0.3,20.44530487060547,21.5146541595459
924000000006,0.0,0.3,0.3,20.248640060424805,22.352293014526367
924000000006,0.0,0.4,0.3,20.168750762939453,21.836933135986328
924000000006,0.0,0.5,0.3,19.786035537719727,22.114521026611328
924000000006,0.0,0.6,0.3,18.92928504943848,24.20694732666016
924000000006,0.0,0.7,0.3,17.479995727539062,28.93696975708008
924000000006,0.0,0.8,0.3,16.362300872802734,27.403207778930664
924000000006,0.0,0.9,0.3,15.414117813110352,27.072275161743164
924000000006,0.0,1.0,0.3,15.875280380249023,28.018463134765625
924000000007,0.0,0.0,0.3,20.17998504638672,23.37713432312012
924000000007,0.0,0.1,0.3,20.17793655395508,23.017616271972656
924000000007,0.0,0.2,0.3,20.192094802856445,23.66881561279297
924000000007,0.0,0.3,0.3,20.099252700805664,23.64204216003418
924000000007,0.0,0.4,0.3,20.02453994750977,23.8121337890625
924000000007,0.0,0.5,0.3,20.04884910583496,24.09784698486328
924000000007,0.0,0.6,0.3,19.956514358520508,24.65780067443848
924000000007,0.0,0.7,0.3,19.748449325561523,24.092159271240234
924000000007,0.0,0.8,0.3,19.3089656829834,24.749113082885746
924000000007,0.0,0.9,0.3,19.008825302124023,26.49485206604004
924000000007,0.0,1.0,0.3,18.377412796020508,28.75913047790528
924000000008,0.0,0.0,0.3,20.615890502929688,18.177703857421875
924000000008,0.0,0.1,0.3,20.62322425842285,18.395170211791992
924000000008,0.0,0.2,0.3,20.607709884643555,18.34688949584961
924000000008,0.0,0.3,0.3,20.55756378173828,18.323017120361328
924000000008,0.0,0.4,0.3,20.51418113708496,18.48746109008789
924000000008,0.0,0.5,0.3,20.463836669921875,18.332523345947266
924000000008,0.0,0.6,0.3,20.299680709838867,18.660444259643555
924000000008,0.0,0.7,0.3,18.16318321228028,19.851844787597656
924000000008,0.0,0.8,0.3,18.59346580505371,18.857641220092773
924000000008,0.0,0.9,0.3,17.79605484008789,21.73430061340332
924000000008,0.0,1.0,0.3,15.08226203918457,26.133464813232425
924000000009,0.0,0.0,0.3,21.24618148803711,17.686046600341797
924000000009,0.0,0.1,0.3,21.25083923339844,17.818256378173828
924000000009,0.0,0.2,0.3,21.28472137451172,18.02317237854004
924000000009,0.0,0.3,0.3,21.245534896850582,18.06997299194336
924000000009,0.0,0.4,0.3,21.14383125305176,17.758251190185547
924000000009,0.0,0.5,0.3,20.99357032775879,17.286659240722656
924000000009,0.0,0.6,0.3,19.659564971923828,18.318023681640625
924000000009,0.0,0.7,0.3,16.650434494018555,14.211471557617188
924000000009,0.0,0.8,0.3,14.25176239013672,19.778064727783203
924000000009,0.0,0.9,0.3,10.8026123046875,31.865619659423828
924000000009,0.0,1.0,0.3,10.836763381958008,33.120296478271484
